[01/17/2025 18:38:26] {pretrain_model.py:314} INFO - Initializing Data..
[01/17/2025 18:38:26] {pretrain_model.py:319} INFO - Initializing Model..
[01/17/2025 18:38:26] {pretrain_model.py:353} INFO - Number of model parameters: 1322788
[01/17/2025 18:38:26] {pretrain_model.py:359} INFO - MEGA CONFIG:  {
  "embedding_size": 256,
  "activation": "prelu",
  "weight_init": true,
  "num_node_features": 2,
  "max_bp_iter": 3,
  "inner_conv_normalize": false
}
[01/17/2025 18:38:26] {pretrain_model.py:365} INFO - Number of model parameters in big_model: 262657
[01/17/2025 18:38:26] {pretrain_model.py:370} INFO - Number of model parameters for link prediction: 132097
[01/17/2025 18:38:26] {pretrain_model.py:374} INFO - Number of model parameters for discriminator: 65536
[01/17/2025 18:38:26] {pretrain_model.py:378} INFO - Number of model parameters for minsg: 262912
[01/17/2025 18:38:26] {pretrain_model.py:381} INFO - Num params in decor: 0
[01/17/2025 18:38:26] {pretrain_model.py:386} INFO - Number of model parameters for reconstruction: 66050
[01/17/2025 18:38:26] {pretrain_model.py:397} INFO - Start training
[01/17/2025 18:38:26] {pretrain_model.py:75} INFO - Not using Pareto MTL.
[01/17/2025 18:38:28] {pretrain_model.py:214} INFO - New best loss: 0.2855353057384491 at step 1
[01/17/2025 18:38:28] {pretrain_model.py:257} INFO - 1 / 10001 |train loss: 0.000 |p_recon loss: 0.000 |lr: 0.00005
[01/17/2025 18:38:28] {pretrain_model.py:214} INFO - New best loss: 0.00011995891691185534 at step 2
[01/17/2025 18:38:28] {pretrain_model.py:257} INFO - 2 / 10001 |train loss: 0.000 |p_recon loss: 0.000 |lr: 0.00005
[01/17/2025 18:38:29] {pretrain_model.py:214} INFO - New best loss: 0.00010954619210679084 at step 8
[01/17/2025 18:38:29] {pretrain_model.py:257} INFO - 8 / 10001 |train loss: 0.000 |p_recon loss: 0.000 |lr: 0.00005
[01/17/2025 18:38:29] {pretrain_model.py:214} INFO - New best loss: 7.969411672092974e-05 at step 9
[01/17/2025 18:38:29] {pretrain_model.py:257} INFO - 9 / 10001 |train loss: 0.000 |p_recon loss: 0.000 |lr: 0.00005
[01/17/2025 18:38:30] {pretrain_model.py:214} INFO - New best loss: 6.000116991344839e-05 at step 10
[01/17/2025 18:38:30] {pretrain_model.py:257} INFO - 10 / 10001 |train loss: 0.000 |p_recon loss: 0.000 |lr: 0.00005
[01/17/2025 18:38:30] {pretrain_model.py:214} INFO - New best loss: 4.4487245759228244e-05 at step 11
[01/17/2025 18:38:30] {pretrain_model.py:257} INFO - 11 / 10001 |train loss: 0.000 |p_recon loss: 0.000 |lr: 0.00005
[01/17/2025 18:38:30] {pretrain_model.py:214} INFO - New best loss: 3.469004877842963e-05 at step 12
[01/17/2025 18:38:30] {pretrain_model.py:257} INFO - 12 / 10001 |train loss: 0.000 |p_recon loss: 0.000 |lr: 0.00005
[01/17/2025 18:38:30] {pretrain_model.py:214} INFO - New best loss: 2.640818820509594e-05 at step 13
[01/17/2025 18:38:30] {pretrain_model.py:257} INFO - 13 / 10001 |train loss: 0.000 |p_recon loss: 0.000 |lr: 0.00005
[01/17/2025 18:38:30] {pretrain_model.py:214} INFO - New best loss: 2.132921144948341e-05 at step 14
[01/17/2025 18:38:30] {pretrain_model.py:257} INFO - 14 / 10001 |train loss: 0.000 |p_recon loss: 0.000 |lr: 0.00005
[01/17/2025 18:38:30] {pretrain_model.py:214} INFO - New best loss: 1.7397225747117773e-05 at step 15
[01/17/2025 18:38:30] {pretrain_model.py:257} INFO - 15 / 10001 |train loss: 0.000 |p_recon loss: 0.000 |lr: 0.00005
[01/17/2025 18:38:30] {pretrain_model.py:214} INFO - New best loss: 1.4270838619268034e-05 at step 16
[01/17/2025 18:38:30] {pretrain_model.py:257} INFO - 16 / 10001 |train loss: 0.000 |p_recon loss: 0.000 |lr: 0.00005
[01/17/2025 18:38:31] {pretrain_model.py:214} INFO - New best loss: 1.1727828677976504e-05 at step 17
[01/17/2025 18:38:31] {pretrain_model.py:257} INFO - 17 / 10001 |train loss: 0.000 |p_recon loss: 0.000 |lr: 0.00005
[01/17/2025 18:38:31] {pretrain_model.py:214} INFO - New best loss: 9.97247207124019e-06 at step 18
[01/17/2025 18:38:31] {pretrain_model.py:257} INFO - 18 / 10001 |train loss: 0.000 |p_recon loss: 0.000 |lr: 0.00005
[01/17/2025 18:38:31] {pretrain_model.py:214} INFO - New best loss: 8.44162241264712e-06 at step 19
[01/17/2025 18:38:31] {pretrain_model.py:257} INFO - 19 / 10001 |train loss: 0.000 |p_recon loss: 0.000 |lr: 0.00005
[01/17/2025 18:38:31] {pretrain_model.py:214} INFO - New best loss: 7.292015197890578e-06 at step 20
[01/17/2025 18:38:31] {pretrain_model.py:257} INFO - 20 / 10001 |train loss: 0.000 |p_recon loss: 0.000 |lr: 0.00005
[01/17/2025 18:38:31] {pretrain_model.py:214} INFO - New best loss: 6.3973607211664785e-06 at step 21
[01/17/2025 18:38:31] {pretrain_model.py:257} INFO - 21 / 10001 |train loss: 0.000 |p_recon loss: 0.000 |lr: 0.00005
[01/17/2025 18:38:31] {pretrain_model.py:214} INFO - New best loss: 5.714769031328615e-06 at step 22
[01/17/2025 18:38:31] {pretrain_model.py:257} INFO - 22 / 10001 |train loss: 0.000 |p_recon loss: 0.000 |lr: 0.00005
[01/17/2025 18:38:31] {pretrain_model.py:214} INFO - New best loss: 4.976561285729986e-06 at step 23
[01/17/2025 18:38:31] {pretrain_model.py:257} INFO - 23 / 10001 |train loss: 0.000 |p_recon loss: 0.000 |lr: 0.00005
[01/17/2025 18:38:32] {pretrain_model.py:214} INFO - New best loss: 4.404884293762734e-06 at step 24
[01/17/2025 18:38:32] {pretrain_model.py:257} INFO - 24 / 10001 |train loss: 0.000 |p_recon loss: 0.000 |lr: 0.00005
[01/17/2025 18:38:32] {pretrain_model.py:214} INFO - New best loss: 3.969109457102604e-06 at step 25
[01/17/2025 18:38:32] {pretrain_model.py:257} INFO - 25 / 10001 |train loss: 0.000 |p_recon loss: 0.000 |lr: 0.00005
[01/17/2025 18:38:32] {pretrain_model.py:214} INFO - New best loss: 3.655807859104243e-06 at step 26
[01/17/2025 18:38:32] {pretrain_model.py:257} INFO - 26 / 10001 |train loss: 0.000 |p_recon loss: 0.000 |lr: 0.00005
[01/17/2025 18:38:32] {pretrain_model.py:214} INFO - New best loss: 3.3316166536678793e-06 at step 27
[01/17/2025 18:38:32] {pretrain_model.py:257} INFO - 27 / 10001 |train loss: 0.000 |p_recon loss: 0.000 |lr: 0.00005
[01/17/2025 18:38:32] {pretrain_model.py:214} INFO - New best loss: 3.0590481401304714e-06 at step 28
[01/17/2025 18:38:32] {pretrain_model.py:257} INFO - 28 / 10001 |train loss: 0.000 |p_recon loss: 0.000 |lr: 0.00005
[01/17/2025 18:38:32] {pretrain_model.py:214} INFO - New best loss: 2.814560957631329e-06 at step 29
[01/17/2025 18:38:32] {pretrain_model.py:257} INFO - 29 / 10001 |train loss: 0.000 |p_recon loss: 0.000 |lr: 0.00005
[01/17/2025 18:38:32] {pretrain_model.py:214} INFO - New best loss: 2.564457645348739e-06 at step 30
[01/17/2025 18:38:32] {pretrain_model.py:257} INFO - 30 / 10001 |train loss: 0.000 |p_recon loss: 0.000 |lr: 0.00005
[01/17/2025 18:38:33] {pretrain_model.py:214} INFO - New best loss: 2.4695482352399267e-06 at step 31
[01/17/2025 18:38:33] {pretrain_model.py:257} INFO - 31 / 10001 |train loss: 0.000 |p_recon loss: 0.000 |lr: 0.00005
[01/17/2025 18:38:33] {pretrain_model.py:214} INFO - New best loss: 2.2817080207460094e-06 at step 32
[01/17/2025 18:38:33] {pretrain_model.py:257} INFO - 32 / 10001 |train loss: 0.000 |p_recon loss: 0.000 |lr: 0.00005
[01/17/2025 18:38:33] {pretrain_model.py:214} INFO - New best loss: 2.1517112145374995e-06 at step 33
[01/17/2025 18:38:33] {pretrain_model.py:257} INFO - 33 / 10001 |train loss: 0.000 |p_recon loss: 0.000 |lr: 0.00005
[01/17/2025 18:38:33] {pretrain_model.py:214} INFO - New best loss: 2.015730160564999e-06 at step 34
[01/17/2025 18:38:33] {pretrain_model.py:257} INFO - 34 / 10001 |train loss: 0.000 |p_recon loss: 0.000 |lr: 0.00005
[01/17/2025 18:38:33] {pretrain_model.py:214} INFO - New best loss: 1.903840598060924e-06 at step 35
[01/17/2025 18:38:33] {pretrain_model.py:257} INFO - 35 / 10001 |train loss: 0.000 |p_recon loss: 0.000 |lr: 0.00005
[01/17/2025 18:38:33] {pretrain_model.py:214} INFO - New best loss: 1.8199220903625246e-06 at step 36
[01/17/2025 18:38:33] {pretrain_model.py:257} INFO - 36 / 10001 |train loss: 0.000 |p_recon loss: 0.000 |lr: 0.00005
[01/17/2025 18:38:33] {pretrain_model.py:214} INFO - New best loss: 1.7311348301518592e-06 at step 37
[01/17/2025 18:38:33] {pretrain_model.py:257} INFO - 37 / 10001 |train loss: 0.000 |p_recon loss: 0.000 |lr: 0.00005
[01/17/2025 18:38:34] {pretrain_model.py:214} INFO - New best loss: 1.6423814486188348e-06 at step 38
[01/17/2025 18:38:34] {pretrain_model.py:257} INFO - 38 / 10001 |train loss: 0.000 |p_recon loss: 0.000 |lr: 0.00005
[01/17/2025 18:38:34] {pretrain_model.py:214} INFO - New best loss: 1.5658125676054624e-06 at step 39
[01/17/2025 18:38:34] {pretrain_model.py:257} INFO - 39 / 10001 |train loss: 0.000 |p_recon loss: 0.000 |lr: 0.00005
[01/17/2025 18:38:34] {pretrain_model.py:214} INFO - New best loss: 1.5253043557095225e-06 at step 40
[01/17/2025 18:38:34] {pretrain_model.py:257} INFO - 40 / 10001 |train loss: 0.000 |p_recon loss: 0.000 |lr: 0.00005
[01/17/2025 18:38:34] {pretrain_model.py:214} INFO - New best loss: 1.4685995211038971e-06 at step 41
[01/17/2025 18:38:34] {pretrain_model.py:257} INFO - 41 / 10001 |train loss: 0.000 |p_recon loss: 0.000 |lr: 0.00005
[01/17/2025 18:38:34] {pretrain_model.py:214} INFO - New best loss: 1.415035058016656e-06 at step 42
[01/17/2025 18:38:34] {pretrain_model.py:257} INFO - 42 / 10001 |train loss: 0.000 |p_recon loss: 0.000 |lr: 0.00005
[01/17/2025 18:38:34] {pretrain_model.py:214} INFO - New best loss: 1.327025188402331e-06 at step 43
[01/17/2025 18:38:34] {pretrain_model.py:257} INFO - 43 / 10001 |train loss: 0.000 |p_recon loss: 0.000 |lr: 0.00005
[01/17/2025 18:38:35] {pretrain_model.py:214} INFO - New best loss: 1.2444837693692534e-06 at step 45
[01/17/2025 18:38:35] {pretrain_model.py:257} INFO - 45 / 10001 |train loss: 0.000 |p_recon loss: 0.000 |lr: 0.00005
[01/17/2025 18:38:35] {pretrain_model.py:214} INFO - New best loss: 1.2084874470019713e-06 at step 46
[01/17/2025 18:38:35] {pretrain_model.py:257} INFO - 46 / 10001 |train loss: 0.000 |p_recon loss: 0.000 |lr: 0.00005
[01/17/2025 18:38:35] {pretrain_model.py:214} INFO - New best loss: 1.1762980420826352e-06 at step 47
[01/17/2025 18:38:35] {pretrain_model.py:257} INFO - 47 / 10001 |train loss: 0.000 |p_recon loss: 0.000 |lr: 0.00005
[01/17/2025 18:38:35] {pretrain_model.py:214} INFO - New best loss: 1.1311922207823955e-06 at step 48
[01/17/2025 18:38:35] {pretrain_model.py:257} INFO - 48 / 10001 |train loss: 0.000 |p_recon loss: 0.000 |lr: 0.00005
[01/17/2025 18:38:35] {pretrain_model.py:214} INFO - New best loss: 1.0725173069658922e-06 at step 50
[01/17/2025 18:38:35] {pretrain_model.py:257} INFO - 50 / 10001 |train loss: 0.000 |p_recon loss: 0.000 |lr: 0.00005
[01/17/2025 18:38:35] {pretrain_model.py:214} INFO - New best loss: 1.0672670214262325e-06 at step 51
[01/17/2025 18:38:35] {pretrain_model.py:257} INFO - 51 / 10001 |train loss: 0.000 |p_recon loss: 0.000 |lr: 0.00005
[01/17/2025 18:38:36] {pretrain_model.py:214} INFO - New best loss: 1.0133161367775756e-06 at step 52
[01/17/2025 18:38:36] {pretrain_model.py:257} INFO - 52 / 10001 |train loss: 0.000 |p_recon loss: 0.000 |lr: 0.00005
[01/17/2025 18:38:36] {pretrain_model.py:214} INFO - New best loss: 1.004177192953648e-06 at step 53
[01/17/2025 18:38:36] {pretrain_model.py:257} INFO - 53 / 10001 |train loss: 0.000 |p_recon loss: 0.000 |lr: 0.00005
[01/17/2025 18:38:36] {pretrain_model.py:214} INFO - New best loss: 9.71365807345137e-07 at step 55
[01/17/2025 18:38:36] {pretrain_model.py:257} INFO - 55 / 10001 |train loss: 0.000 |p_recon loss: 0.000 |lr: 0.00005
[01/17/2025 18:38:36] {pretrain_model.py:214} INFO - New best loss: 9.508848961559124e-07 at step 56
[01/17/2025 18:38:36] {pretrain_model.py:257} INFO - 56 / 10001 |train loss: 0.000 |p_recon loss: 0.000 |lr: 0.00005
[01/17/2025 18:38:36] {pretrain_model.py:214} INFO - New best loss: 9.162564538200968e-07 at step 57
[01/17/2025 18:38:36] {pretrain_model.py:257} INFO - 57 / 10001 |train loss: 0.000 |p_recon loss: 0.000 |lr: 0.00005
[01/17/2025 18:38:36] {pretrain_model.py:214} INFO - New best loss: 9.130608873419988e-07 at step 58
[01/17/2025 18:38:36] {pretrain_model.py:257} INFO - 58 / 10001 |train loss: 0.000 |p_recon loss: 0.000 |lr: 0.00005
[01/17/2025 18:38:37] {pretrain_model.py:214} INFO - New best loss: 8.904500532480597e-07 at step 59
[01/17/2025 18:38:37] {pretrain_model.py:257} INFO - 59 / 10001 |train loss: 0.000 |p_recon loss: 0.000 |lr: 0.00005
[01/17/2025 18:38:37] {pretrain_model.py:214} INFO - New best loss: 8.871382419783913e-07 at step 60
[01/17/2025 18:38:37] {pretrain_model.py:257} INFO - 60 / 10001 |train loss: 0.000 |p_recon loss: 0.000 |lr: 0.00005
[01/17/2025 18:38:37] {pretrain_model.py:214} INFO - New best loss: 8.562657285438036e-07 at step 61
[01/17/2025 18:38:37] {pretrain_model.py:257} INFO - 61 / 10001 |train loss: 0.000 |p_recon loss: 0.000 |lr: 0.00005
[01/17/2025 18:38:37] {pretrain_model.py:214} INFO - New best loss: 8.45944100547058e-07 at step 62
[01/17/2025 18:38:37] {pretrain_model.py:257} INFO - 62 / 10001 |train loss: 0.000 |p_recon loss: 0.000 |lr: 0.00005
[01/17/2025 18:38:37] {pretrain_model.py:214} INFO - New best loss: 8.370865316464915e-07 at step 63
[01/17/2025 18:38:37] {pretrain_model.py:257} INFO - 63 / 10001 |train loss: 0.000 |p_recon loss: 0.000 |lr: 0.00005
[01/17/2025 18:38:37] {pretrain_model.py:214} INFO - New best loss: 8.063454401963099e-07 at step 64
[01/17/2025 18:38:37] {pretrain_model.py:257} INFO - 64 / 10001 |train loss: 0.000 |p_recon loss: 0.000 |lr: 0.00005
[01/17/2025 18:38:38] {pretrain_model.py:214} INFO - New best loss: 7.948370921440073e-07 at step 65
[01/17/2025 18:38:38] {pretrain_model.py:257} INFO - 65 / 10001 |train loss: 0.000 |p_recon loss: 0.000 |lr: 0.00005
[01/17/2025 18:38:38] {pretrain_model.py:214} INFO - New best loss: 7.796394356773817e-07 at step 66
[01/17/2025 18:38:38] {pretrain_model.py:257} INFO - 66 / 10001 |train loss: 0.000 |p_recon loss: 0.000 |lr: 0.00005
[01/17/2025 18:38:38] {pretrain_model.py:214} INFO - New best loss: 7.592491328978213e-07 at step 67
[01/17/2025 18:38:38] {pretrain_model.py:257} INFO - 67 / 10001 |train loss: 0.000 |p_recon loss: 0.000 |lr: 0.00005
[01/17/2025 18:38:38] {pretrain_model.py:214} INFO - New best loss: 7.537685746683565e-07 at step 68
[01/17/2025 18:38:38] {pretrain_model.py:257} INFO - 68 / 10001 |train loss: 0.000 |p_recon loss: 0.000 |lr: 0.00005
[01/17/2025 18:38:38] {pretrain_model.py:214} INFO - New best loss: 7.35498986159655e-07 at step 69
[01/17/2025 18:38:38] {pretrain_model.py:257} INFO - 69 / 10001 |train loss: 0.000 |p_recon loss: 0.000 |lr: 0.00005
[01/17/2025 18:38:38] {pretrain_model.py:214} INFO - New best loss: 7.23649804967863e-07 at step 71
[01/17/2025 18:38:38] {pretrain_model.py:257} INFO - 71 / 10001 |train loss: 0.000 |p_recon loss: 0.000 |lr: 0.00005
[01/17/2025 18:38:39] {pretrain_model.py:214} INFO - New best loss: 7.043097411951749e-07 at step 73
[01/17/2025 18:38:39] {pretrain_model.py:257} INFO - 73 / 10001 |train loss: 0.000 |p_recon loss: 0.000 |lr: 0.00005
[01/17/2025 18:38:39] {pretrain_model.py:214} INFO - New best loss: 6.936124350431783e-07 at step 74
[01/17/2025 18:38:39] {pretrain_model.py:257} INFO - 74 / 10001 |train loss: 0.000 |p_recon loss: 0.000 |lr: 0.00005
[01/17/2025 18:38:39] {pretrain_model.py:214} INFO - New best loss: 6.780203989364963e-07 at step 75
[01/17/2025 18:38:39] {pretrain_model.py:257} INFO - 75 / 10001 |train loss: 0.000 |p_recon loss: 0.000 |lr: 0.00005
[01/17/2025 18:38:39] {pretrain_model.py:214} INFO - New best loss: 6.653518767052446e-07 at step 76
[01/17/2025 18:38:39] {pretrain_model.py:257} INFO - 76 / 10001 |train loss: 0.000 |p_recon loss: 0.000 |lr: 0.00005
[01/17/2025 18:38:39] {pretrain_model.py:214} INFO - New best loss: 6.610043783439323e-07 at step 77
[01/17/2025 18:38:39] {pretrain_model.py:257} INFO - 77 / 10001 |train loss: 0.000 |p_recon loss: 0.000 |lr: 0.00005
[01/17/2025 18:38:39] {pretrain_model.py:214} INFO - New best loss: 6.561209033861815e-07 at step 78
[01/17/2025 18:38:39] {pretrain_model.py:257} INFO - 78 / 10001 |train loss: 0.000 |p_recon loss: 0.000 |lr: 0.00005
[01/17/2025 18:38:40] {pretrain_model.py:214} INFO - New best loss: 6.307124635895889e-07 at step 79
[01/17/2025 18:38:40] {pretrain_model.py:257} INFO - 79 / 10001 |train loss: 0.000 |p_recon loss: 0.000 |lr: 0.00005
[01/17/2025 18:38:40] {pretrain_model.py:214} INFO - New best loss: 6.177189106892911e-07 at step 81
[01/17/2025 18:38:40] {pretrain_model.py:257} INFO - 81 / 10001 |train loss: 0.000 |p_recon loss: 0.000 |lr: 0.00005
[01/17/2025 18:38:40] {pretrain_model.py:214} INFO - New best loss: 6.022443130859756e-07 at step 83
[01/17/2025 18:38:40] {pretrain_model.py:257} INFO - 83 / 10001 |train loss: 0.000 |p_recon loss: 0.000 |lr: 0.00005
[01/17/2025 18:38:40] {pretrain_model.py:214} INFO - New best loss: 5.970165375401848e-07 at step 84
[01/17/2025 18:38:40] {pretrain_model.py:257} INFO - 84 / 10001 |train loss: 0.000 |p_recon loss: 0.000 |lr: 0.00005
[01/17/2025 18:38:41] {pretrain_model.py:214} INFO - New best loss: 5.840531116518832e-07 at step 86
[01/17/2025 18:38:41] {pretrain_model.py:257} INFO - 86 / 10001 |train loss: 0.000 |p_recon loss: 0.000 |lr: 0.00005
[01/17/2025 18:38:41] {pretrain_model.py:214} INFO - New best loss: 5.726114409299043e-07 at step 87
[01/17/2025 18:38:41] {pretrain_model.py:257} INFO - 87 / 10001 |train loss: 0.000 |p_recon loss: 0.000 |lr: 0.00005
[01/17/2025 18:38:41] {pretrain_model.py:214} INFO - New best loss: 5.645447913593671e-07 at step 88
[01/17/2025 18:38:41] {pretrain_model.py:257} INFO - 88 / 10001 |train loss: 0.000 |p_recon loss: 0.000 |lr: 0.00005
[01/17/2025 18:38:41] {pretrain_model.py:214} INFO - New best loss: 5.508825324795907e-07 at step 90
[01/17/2025 18:38:41] {pretrain_model.py:257} INFO - 90 / 10001 |train loss: 0.000 |p_recon loss: 0.000 |lr: 0.00005
[01/17/2025 18:38:41] {pretrain_model.py:214} INFO - New best loss: 5.399548399509513e-07 at step 91
[01/17/2025 18:38:41] {pretrain_model.py:257} INFO - 91 / 10001 |train loss: 0.000 |p_recon loss: 0.000 |lr: 0.00005
[01/17/2025 18:38:42] {pretrain_model.py:214} INFO - New best loss: 5.337308834896248e-07 at step 93
[01/17/2025 18:38:42] {pretrain_model.py:257} INFO - 93 / 10001 |train loss: 0.000 |p_recon loss: 0.000 |lr: 0.00005
[01/17/2025 18:38:42] {pretrain_model.py:214} INFO - New best loss: 5.287968178890878e-07 at step 94
[01/17/2025 18:38:42] {pretrain_model.py:257} INFO - 94 / 10001 |train loss: 0.000 |p_recon loss: 0.000 |lr: 0.00005
[01/17/2025 18:38:42] {pretrain_model.py:214} INFO - New best loss: 5.224783308221959e-07 at step 95
[01/17/2025 18:38:42] {pretrain_model.py:257} INFO - 95 / 10001 |train loss: 0.000 |p_recon loss: 0.000 |lr: 0.00005
[01/17/2025 18:38:42] {pretrain_model.py:214} INFO - New best loss: 5.147602450961131e-07 at step 96
[01/17/2025 18:38:42] {pretrain_model.py:257} INFO - 96 / 10001 |train loss: 0.000 |p_recon loss: 0.000 |lr: 0.00005
[01/17/2025 18:38:42] {pretrain_model.py:214} INFO - New best loss: 4.983202188668656e-07 at step 97
[01/17/2025 18:38:42] {pretrain_model.py:257} INFO - 97 / 10001 |train loss: 0.000 |p_recon loss: 0.000 |lr: 0.00005
[01/17/2025 18:38:42] {pretrain_model.py:214} INFO - New best loss: 4.952022436555126e-07 at step 99
[01/17/2025 18:38:42] {pretrain_model.py:257} INFO - 99 / 10001 |train loss: 0.000 |p_recon loss: 0.000 |lr: 0.00005
[01/17/2025 18:38:43] {pretrain_model.py:207} INFO - Train loss at step 100: 4.816745331481798e-07
[01/17/2025 18:38:43] {pretrain_model.py:214} INFO - New best loss: 4.816745331481798e-07 at step 100
[01/17/2025 18:38:43] {pretrain_model.py:257} INFO - 100 / 10001 |train loss: 0.000 |p_recon loss: 0.000 |lr: 0.00005
[01/17/2025 18:38:43] {pretrain_model.py:214} INFO - New best loss: 4.7543801429128507e-07 at step 102
[01/17/2025 18:38:43] {pretrain_model.py:257} INFO - 102 / 10001 |train loss: 0.000 |p_recon loss: 0.000 |lr: 0.00005
[01/17/2025 18:38:43] {pretrain_model.py:214} INFO - New best loss: 4.626044187716616e-07 at step 103
[01/17/2025 18:38:43] {pretrain_model.py:257} INFO - 103 / 10001 |train loss: 0.000 |p_recon loss: 0.000 |lr: 0.00005
[01/17/2025 18:38:43] {pretrain_model.py:214} INFO - New best loss: 4.6065440528764157e-07 at step 104
[01/17/2025 18:38:43] {pretrain_model.py:257} INFO - 104 / 10001 |train loss: 0.000 |p_recon loss: 0.000 |lr: 0.00005
[01/17/2025 18:38:43] {pretrain_model.py:214} INFO - New best loss: 4.602636920481018e-07 at step 105
[01/17/2025 18:38:43] {pretrain_model.py:257} INFO - 105 / 10001 |train loss: 0.000 |p_recon loss: 0.000 |lr: 0.00005
[01/17/2025 18:38:44] {pretrain_model.py:214} INFO - New best loss: 4.4895131168232183e-07 at step 106
[01/17/2025 18:38:44] {pretrain_model.py:257} INFO - 106 / 10001 |train loss: 0.000 |p_recon loss: 0.000 |lr: 0.00005
[01/17/2025 18:38:44] {pretrain_model.py:214} INFO - New best loss: 4.4688522393698804e-07 at step 107
[01/17/2025 18:38:44] {pretrain_model.py:257} INFO - 107 / 10001 |train loss: 0.000 |p_recon loss: 0.000 |lr: 0.00005
[01/17/2025 18:38:44] {pretrain_model.py:214} INFO - New best loss: 4.4133585674899223e-07 at step 108
[01/17/2025 18:38:44] {pretrain_model.py:257} INFO - 108 / 10001 |train loss: 0.000 |p_recon loss: 0.000 |lr: 0.00005
[01/17/2025 18:38:44] {pretrain_model.py:214} INFO - New best loss: 4.3899774482270004e-07 at step 110
[01/17/2025 18:38:44] {pretrain_model.py:257} INFO - 110 / 10001 |train loss: 0.000 |p_recon loss: 0.000 |lr: 0.00005
[01/17/2025 18:38:44] {pretrain_model.py:214} INFO - New best loss: 4.2802943767128454e-07 at step 111
[01/17/2025 18:38:44] {pretrain_model.py:257} INFO - 111 / 10001 |train loss: 0.000 |p_recon loss: 0.000 |lr: 0.00005
[01/17/2025 18:38:44] {pretrain_model.py:214} INFO - New best loss: 4.235170081301476e-07 at step 112
[01/17/2025 18:38:44] {pretrain_model.py:257} INFO - 112 / 10001 |train loss: 0.000 |p_recon loss: 0.000 |lr: 0.00005
[01/17/2025 18:38:45] {pretrain_model.py:214} INFO - New best loss: 4.217431239794678e-07 at step 113
[01/17/2025 18:38:45] {pretrain_model.py:257} INFO - 113 / 10001 |train loss: 0.000 |p_recon loss: 0.000 |lr: 0.00005
[01/17/2025 18:38:45] {pretrain_model.py:214} INFO - New best loss: 4.151025052578916e-07 at step 114
[01/17/2025 18:38:45] {pretrain_model.py:257} INFO - 114 / 10001 |train loss: 0.000 |p_recon loss: 0.000 |lr: 0.00005
[01/17/2025 18:38:45] {pretrain_model.py:214} INFO - New best loss: 4.079533368894772e-07 at step 115
[01/17/2025 18:38:45] {pretrain_model.py:257} INFO - 115 / 10001 |train loss: 0.000 |p_recon loss: 0.000 |lr: 0.00005
[01/17/2025 18:38:45] {pretrain_model.py:214} INFO - New best loss: 4.022130895009468e-07 at step 116
[01/17/2025 18:38:45] {pretrain_model.py:257} INFO - 116 / 10001 |train loss: 0.000 |p_recon loss: 0.000 |lr: 0.00005
[01/17/2025 18:38:45] {pretrain_model.py:214} INFO - New best loss: 3.9199778711918043e-07 at step 117
[01/17/2025 18:38:45] {pretrain_model.py:257} INFO - 117 / 10001 |train loss: 0.000 |p_recon loss: 0.000 |lr: 0.00005
[01/17/2025 18:38:45] {pretrain_model.py:214} INFO - New best loss: 3.8681048408761853e-07 at step 119
[01/17/2025 18:38:45] {pretrain_model.py:257} INFO - 119 / 10001 |train loss: 0.000 |p_recon loss: 0.000 |lr: 0.00005
[01/17/2025 18:38:46] {pretrain_model.py:214} INFO - New best loss: 3.7929331142549927e-07 at step 120
[01/17/2025 18:38:46] {pretrain_model.py:257} INFO - 120 / 10001 |train loss: 0.000 |p_recon loss: 0.000 |lr: 0.00005
[01/17/2025 18:38:46] {pretrain_model.py:214} INFO - New best loss: 3.7808544561812596e-07 at step 121
[01/17/2025 18:38:46] {pretrain_model.py:257} INFO - 121 / 10001 |train loss: 0.000 |p_recon loss: 0.000 |lr: 0.00005
[01/17/2025 18:38:46] {pretrain_model.py:214} INFO - New best loss: 3.691221479584783e-07 at step 122
[01/17/2025 18:38:46] {pretrain_model.py:257} INFO - 122 / 10001 |train loss: 0.000 |p_recon loss: 0.000 |lr: 0.00005
[01/17/2025 18:38:46] {pretrain_model.py:214} INFO - New best loss: 3.688219578634744e-07 at step 123
[01/17/2025 18:38:46] {pretrain_model.py:257} INFO - 123 / 10001 |train loss: 0.000 |p_recon loss: 0.000 |lr: 0.00005
[01/17/2025 18:38:46] {pretrain_model.py:214} INFO - New best loss: 3.5936602671426954e-07 at step 124
[01/17/2025 18:38:46] {pretrain_model.py:257} INFO - 124 / 10001 |train loss: 0.000 |p_recon loss: 0.000 |lr: 0.00005
[01/17/2025 18:38:46] {pretrain_model.py:214} INFO - New best loss: 3.5681199506143457e-07 at step 126
[01/17/2025 18:38:46] {pretrain_model.py:257} INFO - 126 / 10001 |train loss: 0.000 |p_recon loss: 0.000 |lr: 0.00005
[01/17/2025 18:38:47] {pretrain_model.py:214} INFO - New best loss: 3.532819334850501e-07 at step 127
[01/17/2025 18:38:47] {pretrain_model.py:257} INFO - 127 / 10001 |train loss: 0.000 |p_recon loss: 0.000 |lr: 0.00005
[01/17/2025 18:38:47] {pretrain_model.py:214} INFO - New best loss: 3.467171154625248e-07 at step 128
[01/17/2025 18:38:47] {pretrain_model.py:257} INFO - 128 / 10001 |train loss: 0.000 |p_recon loss: 0.000 |lr: 0.00005
[01/17/2025 18:38:47] {pretrain_model.py:214} INFO - New best loss: 3.4501243817430804e-07 at step 130
[01/17/2025 18:38:47] {pretrain_model.py:257} INFO - 130 / 10001 |train loss: 0.000 |p_recon loss: 0.000 |lr: 0.00005
[01/17/2025 18:38:47] {pretrain_model.py:214} INFO - New best loss: 3.3966713886002253e-07 at step 131
[01/17/2025 18:38:47] {pretrain_model.py:257} INFO - 131 / 10001 |train loss: 0.000 |p_recon loss: 0.000 |lr: 0.00005
[01/17/2025 18:38:47] {pretrain_model.py:214} INFO - New best loss: 3.3593263992770517e-07 at step 132
[01/17/2025 18:38:47] {pretrain_model.py:257} INFO - 132 / 10001 |train loss: 0.000 |p_recon loss: 0.000 |lr: 0.00005
[01/17/2025 18:38:48] {pretrain_model.py:214} INFO - New best loss: 3.278977942500205e-07 at step 134
[01/17/2025 18:38:48] {pretrain_model.py:257} INFO - 134 / 10001 |train loss: 0.000 |p_recon loss: 0.000 |lr: 0.00005
[01/17/2025 18:38:48] {pretrain_model.py:214} INFO - New best loss: 3.225334239687072e-07 at step 137
[01/17/2025 18:38:48] {pretrain_model.py:257} INFO - 137 / 10001 |train loss: 0.000 |p_recon loss: 0.000 |lr: 0.00005
[01/17/2025 18:38:48] {pretrain_model.py:214} INFO - New best loss: 3.2078892786557844e-07 at step 138
[01/17/2025 18:38:48] {pretrain_model.py:257} INFO - 138 / 10001 |train loss: 0.000 |p_recon loss: 0.000 |lr: 0.00005
[01/17/2025 18:38:48] {pretrain_model.py:214} INFO - New best loss: 3.1705383207736304e-07 at step 139
[01/17/2025 18:38:48] {pretrain_model.py:257} INFO - 139 / 10001 |train loss: 0.000 |p_recon loss: 0.000 |lr: 0.00005
[01/17/2025 18:38:48] {pretrain_model.py:214} INFO - New best loss: 3.1002758760223514e-07 at step 140
[01/17/2025 18:38:48] {pretrain_model.py:257} INFO - 140 / 10001 |train loss: 0.000 |p_recon loss: 0.000 |lr: 0.00005
[01/17/2025 18:38:49] {pretrain_model.py:214} INFO - New best loss: 3.0325213629112113e-07 at step 142
[01/17/2025 18:38:49] {pretrain_model.py:257} INFO - 142 / 10001 |train loss: 0.000 |p_recon loss: 0.000 |lr: 0.00005
[01/17/2025 18:38:49] {pretrain_model.py:214} INFO - New best loss: 3.011624301052507e-07 at step 143
[01/17/2025 18:38:49] {pretrain_model.py:257} INFO - 143 / 10001 |train loss: 0.000 |p_recon loss: 0.000 |lr: 0.00005
[01/17/2025 18:38:49] {pretrain_model.py:214} INFO - New best loss: 2.964734733268415e-07 at step 144
[01/17/2025 18:38:49] {pretrain_model.py:257} INFO - 144 / 10001 |train loss: 0.000 |p_recon loss: 0.000 |lr: 0.00005
[01/17/2025 18:38:49] {pretrain_model.py:214} INFO - New best loss: 2.942067567346385e-07 at step 146
[01/17/2025 18:38:49] {pretrain_model.py:257} INFO - 146 / 10001 |train loss: 0.000 |p_recon loss: 0.000 |lr: 0.00005
[01/17/2025 18:38:49] {pretrain_model.py:214} INFO - New best loss: 2.864331349883287e-07 at step 147
[01/17/2025 18:38:49] {pretrain_model.py:257} INFO - 147 / 10001 |train loss: 0.000 |p_recon loss: 0.000 |lr: 0.00005
[01/17/2025 18:38:50] {pretrain_model.py:214} INFO - New best loss: 2.8590466172317974e-07 at step 150
[01/17/2025 18:38:50] {pretrain_model.py:257} INFO - 150 / 10001 |train loss: 0.000 |p_recon loss: 0.000 |lr: 0.00005
[01/17/2025 18:38:50] {pretrain_model.py:214} INFO - New best loss: 2.7905895194635377e-07 at step 151
[01/17/2025 18:38:50] {pretrain_model.py:257} INFO - 151 / 10001 |train loss: 0.000 |p_recon loss: 0.000 |lr: 0.00005
[01/17/2025 18:38:50] {pretrain_model.py:214} INFO - New best loss: 2.7366243671167467e-07 at step 152
[01/17/2025 18:38:50] {pretrain_model.py:257} INFO - 152 / 10001 |train loss: 0.000 |p_recon loss: 0.000 |lr: 0.00005
[01/17/2025 18:38:50] {pretrain_model.py:214} INFO - New best loss: 2.710302453579061e-07 at step 153
[01/17/2025 18:38:50] {pretrain_model.py:257} INFO - 153 / 10001 |train loss: 0.000 |p_recon loss: 0.000 |lr: 0.00005
[01/17/2025 18:38:51] {pretrain_model.py:214} INFO - New best loss: 2.700440120406711e-07 at step 156
[01/17/2025 18:38:51] {pretrain_model.py:257} INFO - 156 / 10001 |train loss: 0.000 |p_recon loss: 0.000 |lr: 0.00005
[01/17/2025 18:38:51] {pretrain_model.py:214} INFO - New best loss: 2.60659447803846e-07 at step 157
[01/17/2025 18:38:51] {pretrain_model.py:257} INFO - 157 / 10001 |train loss: 0.000 |p_recon loss: 0.000 |lr: 0.00005
[01/17/2025 18:38:51] {pretrain_model.py:214} INFO - New best loss: 2.540818115903676e-07 at step 159
[01/17/2025 18:38:51] {pretrain_model.py:257} INFO - 159 / 10001 |train loss: 0.000 |p_recon loss: 0.000 |lr: 0.00005
[01/17/2025 18:38:52] {pretrain_model.py:214} INFO - New best loss: 2.4864414172043325e-07 at step 163
[01/17/2025 18:38:52] {pretrain_model.py:257} INFO - 163 / 10001 |train loss: 0.000 |p_recon loss: 0.000 |lr: 0.00005
[01/17/2025 18:38:52] {pretrain_model.py:214} INFO - New best loss: 2.4860645453372854e-07 at step 165
[01/17/2025 18:38:52] {pretrain_model.py:257} INFO - 165 / 10001 |train loss: 0.000 |p_recon loss: 0.000 |lr: 0.00005
[01/17/2025 18:38:52] {pretrain_model.py:214} INFO - New best loss: 2.414144262274931e-07 at step 166
[01/17/2025 18:38:52] {pretrain_model.py:257} INFO - 166 / 10001 |train loss: 0.000 |p_recon loss: 0.000 |lr: 0.00005
[01/17/2025 18:38:52] {pretrain_model.py:214} INFO - New best loss: 2.397662797193334e-07 at step 167
[01/17/2025 18:38:52] {pretrain_model.py:257} INFO - 167 / 10001 |train loss: 0.000 |p_recon loss: 0.000 |lr: 0.00005
[01/17/2025 18:38:52] {pretrain_model.py:214} INFO - New best loss: 2.388375719419855e-07 at step 168
[01/17/2025 18:38:52] {pretrain_model.py:257} INFO - 168 / 10001 |train loss: 0.000 |p_recon loss: 0.000 |lr: 0.00005
[01/17/2025 18:38:53] {pretrain_model.py:214} INFO - New best loss: 2.3232088608438062e-07 at step 169
[01/17/2025 18:38:53] {pretrain_model.py:257} INFO - 169 / 10001 |train loss: 0.000 |p_recon loss: 0.000 |lr: 0.00005
[01/17/2025 18:38:53] {pretrain_model.py:214} INFO - New best loss: 2.322091603446097e-07 at step 171
[01/17/2025 18:38:53] {pretrain_model.py:257} INFO - 171 / 10001 |train loss: 0.000 |p_recon loss: 0.000 |lr: 0.00005
[01/17/2025 18:38:53] {pretrain_model.py:214} INFO - New best loss: 2.2981983249792393e-07 at step 172
[01/17/2025 18:38:53] {pretrain_model.py:257} INFO - 172 / 10001 |train loss: 0.000 |p_recon loss: 0.000 |lr: 0.00005
[01/17/2025 18:38:53] {pretrain_model.py:214} INFO - New best loss: 2.2686514000724856e-07 at step 173
[01/17/2025 18:38:53] {pretrain_model.py:257} INFO - 173 / 10001 |train loss: 0.000 |p_recon loss: 0.000 |lr: 0.00005
[01/17/2025 18:38:53] {pretrain_model.py:214} INFO - New best loss: 2.2546477396190312e-07 at step 174
[01/17/2025 18:38:53] {pretrain_model.py:257} INFO - 174 / 10001 |train loss: 0.000 |p_recon loss: 0.000 |lr: 0.00005
[01/17/2025 18:38:54] {pretrain_model.py:214} INFO - New best loss: 2.2186347337083134e-07 at step 175
[01/17/2025 18:38:54] {pretrain_model.py:257} INFO - 175 / 10001 |train loss: 0.000 |p_recon loss: 0.000 |lr: 0.00005
[01/17/2025 18:38:54] {pretrain_model.py:214} INFO - New best loss: 2.1850532050393667e-07 at step 176
[01/17/2025 18:38:54] {pretrain_model.py:257} INFO - 176 / 10001 |train loss: 0.000 |p_recon loss: 0.000 |lr: 0.00005
[01/17/2025 18:38:54] {pretrain_model.py:214} INFO - New best loss: 2.1827280249908654e-07 at step 178
[01/17/2025 18:38:54] {pretrain_model.py:257} INFO - 178 / 10001 |train loss: 0.000 |p_recon loss: 0.000 |lr: 0.00005
[01/17/2025 18:38:54] {pretrain_model.py:214} INFO - New best loss: 2.1425989871204365e-07 at step 179
[01/17/2025 18:38:54] {pretrain_model.py:257} INFO - 179 / 10001 |train loss: 0.000 |p_recon loss: 0.000 |lr: 0.00005
[01/17/2025 18:38:54] {pretrain_model.py:214} INFO - New best loss: 2.1039200248651468e-07 at step 180
[01/17/2025 18:38:54] {pretrain_model.py:257} INFO - 180 / 10001 |train loss: 0.000 |p_recon loss: 0.000 |lr: 0.00005
[01/17/2025 18:38:54] {pretrain_model.py:214} INFO - New best loss: 2.0571225434196094e-07 at step 182
[01/17/2025 18:38:54] {pretrain_model.py:257} INFO - 182 / 10001 |train loss: 0.000 |p_recon loss: 0.000 |lr: 0.00005
[01/17/2025 18:38:55] {pretrain_model.py:214} INFO - New best loss: 2.044516378418848e-07 at step 183
[01/17/2025 18:38:55] {pretrain_model.py:257} INFO - 183 / 10001 |train loss: 0.000 |p_recon loss: 0.000 |lr: 0.00005
[01/17/2025 18:38:55] {pretrain_model.py:214} INFO - New best loss: 2.0127120592405845e-07 at step 185
[01/17/2025 18:38:55] {pretrain_model.py:257} INFO - 185 / 10001 |train loss: 0.000 |p_recon loss: 0.000 |lr: 0.00005
[01/17/2025 18:38:55] {pretrain_model.py:214} INFO - New best loss: 2.0059297867192072e-07 at step 186
[01/17/2025 18:38:55] {pretrain_model.py:257} INFO - 186 / 10001 |train loss: 0.000 |p_recon loss: 0.000 |lr: 0.00005
[01/17/2025 18:38:55] {pretrain_model.py:214} INFO - New best loss: 1.9945103701957123e-07 at step 187
[01/17/2025 18:38:55] {pretrain_model.py:257} INFO - 187 / 10001 |train loss: 0.000 |p_recon loss: 0.000 |lr: 0.00005
[01/17/2025 18:38:55] {pretrain_model.py:214} INFO - New best loss: 1.9656718563965114e-07 at step 188
[01/17/2025 18:38:55] {pretrain_model.py:257} INFO - 188 / 10001 |train loss: 0.000 |p_recon loss: 0.000 |lr: 0.00005
[01/17/2025 18:38:56] {pretrain_model.py:214} INFO - New best loss: 1.9451766775091528e-07 at step 191
[01/17/2025 18:38:56] {pretrain_model.py:257} INFO - 191 / 10001 |train loss: 0.000 |p_recon loss: 0.000 |lr: 0.00005
[01/17/2025 18:38:56] {pretrain_model.py:214} INFO - New best loss: 1.8928041356502945e-07 at step 192
[01/17/2025 18:38:56] {pretrain_model.py:257} INFO - 192 / 10001 |train loss: 0.000 |p_recon loss: 0.000 |lr: 0.00005
[01/17/2025 18:38:56] {pretrain_model.py:214} INFO - New best loss: 1.869766350637292e-07 at step 195
[01/17/2025 18:38:56] {pretrain_model.py:257} INFO - 195 / 10001 |train loss: 0.000 |p_recon loss: 0.000 |lr: 0.00005
[01/17/2025 18:38:57] {pretrain_model.py:214} INFO - New best loss: 1.8300301007911912e-07 at step 196
[01/17/2025 18:38:57] {pretrain_model.py:257} INFO - 196 / 10001 |train loss: 0.000 |p_recon loss: 0.000 |lr: 0.00005
[01/17/2025 18:38:57] {pretrain_model.py:214} INFO - New best loss: 1.8277796698384918e-07 at step 198
[01/17/2025 18:38:57] {pretrain_model.py:257} INFO - 198 / 10001 |train loss: 0.000 |p_recon loss: 0.000 |lr: 0.00005
[01/17/2025 18:38:57] {pretrain_model.py:214} INFO - New best loss: 1.7881005476283462e-07 at step 199
[01/17/2025 18:38:57] {pretrain_model.py:257} INFO - 199 / 10001 |train loss: 0.000 |p_recon loss: 0.000 |lr: 0.00005
[01/17/2025 18:38:57] {pretrain_model.py:207} INFO - Train loss at step 200: 1.7984221756250918e-07
[01/17/2025 18:38:57] {pretrain_model.py:214} INFO - New best loss: 1.7799669649321004e-07 at step 201
[01/17/2025 18:38:57] {pretrain_model.py:257} INFO - 201 / 10001 |train loss: 0.000 |p_recon loss: 0.000 |lr: 0.00005
[01/17/2025 18:38:57] {pretrain_model.py:214} INFO - New best loss: 1.7449538347591442e-07 at step 202
[01/17/2025 18:38:57] {pretrain_model.py:257} INFO - 202 / 10001 |train loss: 0.000 |p_recon loss: 0.000 |lr: 0.00005
[01/17/2025 18:38:58] {pretrain_model.py:214} INFO - New best loss: 1.7441564637010742e-07 at step 203
[01/17/2025 18:38:58] {pretrain_model.py:257} INFO - 203 / 10001 |train loss: 0.000 |p_recon loss: 0.000 |lr: 0.00005
[01/17/2025 18:38:58] {pretrain_model.py:214} INFO - New best loss: 1.728378578036427e-07 at step 205
[01/17/2025 18:38:58] {pretrain_model.py:257} INFO - 205 / 10001 |train loss: 0.000 |p_recon loss: 0.000 |lr: 0.00005
[01/17/2025 18:38:58] {pretrain_model.py:214} INFO - New best loss: 1.6969610783235112e-07 at step 206
[01/17/2025 18:38:58] {pretrain_model.py:257} INFO - 206 / 10001 |train loss: 0.000 |p_recon loss: 0.000 |lr: 0.00005
[01/17/2025 18:38:58] {pretrain_model.py:214} INFO - New best loss: 1.6711524608581385e-07 at step 208
[01/17/2025 18:38:58] {pretrain_model.py:257} INFO - 208 / 10001 |train loss: 0.000 |p_recon loss: 0.000 |lr: 0.00005
[01/17/2025 18:38:59] {pretrain_model.py:214} INFO - New best loss: 1.6439643957255612e-07 at step 210
[01/17/2025 18:38:59] {pretrain_model.py:257} INFO - 210 / 10001 |train loss: 0.000 |p_recon loss: 0.000 |lr: 0.00005
[01/17/2025 18:38:59] {pretrain_model.py:214} INFO - New best loss: 1.6348310794001009e-07 at step 211
[01/17/2025 18:38:59] {pretrain_model.py:257} INFO - 211 / 10001 |train loss: 0.000 |p_recon loss: 0.000 |lr: 0.00005
[01/17/2025 18:38:59] {pretrain_model.py:214} INFO - New best loss: 1.600146362079613e-07 at step 213
[01/17/2025 18:38:59] {pretrain_model.py:257} INFO - 213 / 10001 |train loss: 0.000 |p_recon loss: 0.000 |lr: 0.00005
[01/17/2025 18:38:59] {pretrain_model.py:214} INFO - New best loss: 1.577379293848935e-07 at step 214
[01/17/2025 18:38:59] {pretrain_model.py:257} INFO - 214 / 10001 |train loss: 0.000 |p_recon loss: 0.000 |lr: 0.00005
[01/17/2025 18:38:59] {pretrain_model.py:214} INFO - New best loss: 1.566072711511879e-07 at step 215
[01/17/2025 18:38:59] {pretrain_model.py:257} INFO - 215 / 10001 |train loss: 0.000 |p_recon loss: 0.000 |lr: 0.00005
[01/17/2025 18:38:59] {pretrain_model.py:214} INFO - New best loss: 1.5388359031476284e-07 at step 216
[01/17/2025 18:38:59] {pretrain_model.py:257} INFO - 216 / 10001 |train loss: 0.000 |p_recon loss: 0.000 |lr: 0.00005
[01/17/2025 18:39:00] {pretrain_model.py:214} INFO - New best loss: 1.5254312302204198e-07 at step 219
[01/17/2025 18:39:00] {pretrain_model.py:257} INFO - 219 / 10001 |train loss: 0.000 |p_recon loss: 0.000 |lr: 0.00005
[01/17/2025 18:39:00] {pretrain_model.py:214} INFO - New best loss: 1.5149743148867856e-07 at step 220
[01/17/2025 18:39:00] {pretrain_model.py:257} INFO - 220 / 10001 |train loss: 0.000 |p_recon loss: 0.000 |lr: 0.00005
[01/17/2025 18:39:00] {pretrain_model.py:214} INFO - New best loss: 1.4973878137425345e-07 at step 221
[01/17/2025 18:39:00] {pretrain_model.py:257} INFO - 221 / 10001 |train loss: 0.000 |p_recon loss: 0.000 |lr: 0.00005
[01/17/2025 18:39:00] {pretrain_model.py:214} INFO - New best loss: 1.4942878578949603e-07 at step 223
[01/17/2025 18:39:00] {pretrain_model.py:257} INFO - 223 / 10001 |train loss: 0.000 |p_recon loss: 0.000 |lr: 0.00005
[01/17/2025 18:39:01] {pretrain_model.py:214} INFO - New best loss: 1.491153085453334e-07 at step 224
[01/17/2025 18:39:01] {pretrain_model.py:257} INFO - 224 / 10001 |train loss: 0.000 |p_recon loss: 0.000 |lr: 0.00005
[01/17/2025 18:39:01] {pretrain_model.py:214} INFO - New best loss: 1.4543768145358626e-07 at step 225
[01/17/2025 18:39:01] {pretrain_model.py:257} INFO - 225 / 10001 |train loss: 0.000 |p_recon loss: 0.000 |lr: 0.00005
[01/17/2025 18:39:01] {pretrain_model.py:214} INFO - New best loss: 1.4452379559770634e-07 at step 226
[01/17/2025 18:39:01] {pretrain_model.py:257} INFO - 226 / 10001 |train loss: 0.000 |p_recon loss: 0.000 |lr: 0.00005
[01/17/2025 18:39:01] {pretrain_model.py:214} INFO - New best loss: 1.4329623354569776e-07 at step 227
[01/17/2025 18:39:01] {pretrain_model.py:257} INFO - 227 / 10001 |train loss: 0.000 |p_recon loss: 0.000 |lr: 0.00005
[01/17/2025 18:39:01] {pretrain_model.py:214} INFO - New best loss: 1.4286041505329194e-07 at step 229
[01/17/2025 18:39:01] {pretrain_model.py:257} INFO - 229 / 10001 |train loss: 0.000 |p_recon loss: 0.000 |lr: 0.00005
[01/17/2025 18:39:02] {pretrain_model.py:214} INFO - New best loss: 1.4086003830016125e-07 at step 230
[01/17/2025 18:39:02] {pretrain_model.py:257} INFO - 230 / 10001 |train loss: 0.000 |p_recon loss: 0.000 |lr: 0.00005
[01/17/2025 18:39:02] {pretrain_model.py:214} INFO - New best loss: 1.3814444344006915e-07 at step 231
[01/17/2025 18:39:02] {pretrain_model.py:257} INFO - 231 / 10001 |train loss: 0.000 |p_recon loss: 0.000 |lr: 0.00005
[01/17/2025 18:39:02] {pretrain_model.py:214} INFO - New best loss: 1.3667028042618767e-07 at step 233
[01/17/2025 18:39:02] {pretrain_model.py:257} INFO - 233 / 10001 |train loss: 0.000 |p_recon loss: 0.000 |lr: 0.00005
[01/17/2025 18:39:02] {pretrain_model.py:214} INFO - New best loss: 1.343125433095338e-07 at step 235
[01/17/2025 18:39:02] {pretrain_model.py:257} INFO - 235 / 10001 |train loss: 0.000 |p_recon loss: 0.000 |lr: 0.00005
[01/17/2025 18:39:03] {pretrain_model.py:214} INFO - New best loss: 1.3386669195369905e-07 at step 237
[01/17/2025 18:39:03] {pretrain_model.py:257} INFO - 237 / 10001 |train loss: 0.000 |p_recon loss: 0.000 |lr: 0.00005
[01/17/2025 18:39:03] {pretrain_model.py:214} INFO - New best loss: 1.334702943722732e-07 at step 238
[01/17/2025 18:39:03] {pretrain_model.py:257} INFO - 238 / 10001 |train loss: 0.000 |p_recon loss: 0.000 |lr: 0.00005
[01/17/2025 18:39:03] {pretrain_model.py:214} INFO - New best loss: 1.321697027378832e-07 at step 239
[01/17/2025 18:39:03] {pretrain_model.py:257} INFO - 239 / 10001 |train loss: 0.000 |p_recon loss: 0.000 |lr: 0.00005
[01/17/2025 18:39:03] {pretrain_model.py:214} INFO - New best loss: 1.311464785658245e-07 at step 240
[01/17/2025 18:39:03] {pretrain_model.py:257} INFO - 240 / 10001 |train loss: 0.000 |p_recon loss: 0.000 |lr: 0.00005
[01/17/2025 18:39:03] {pretrain_model.py:214} INFO - New best loss: 1.3092460449115606e-07 at step 241
[01/17/2025 18:39:03] {pretrain_model.py:257} INFO - 241 / 10001 |train loss: 0.000 |p_recon loss: 0.000 |lr: 0.00005
[01/17/2025 18:39:03] {pretrain_model.py:214} INFO - New best loss: 1.291018634219654e-07 at step 243
[01/17/2025 18:39:03] {pretrain_model.py:257} INFO - 243 / 10001 |train loss: 0.000 |p_recon loss: 0.000 |lr: 0.00005
[01/17/2025 18:39:04] {pretrain_model.py:214} INFO - New best loss: 1.268089846462317e-07 at step 244
[01/17/2025 18:39:04] {pretrain_model.py:257} INFO - 244 / 10001 |train loss: 0.000 |p_recon loss: 0.000 |lr: 0.00005
[01/17/2025 18:39:04] {pretrain_model.py:214} INFO - New best loss: 1.2621434564152878e-07 at step 245
[01/17/2025 18:39:04] {pretrain_model.py:257} INFO - 245 / 10001 |train loss: 0.000 |p_recon loss: 0.000 |lr: 0.00005
[01/17/2025 18:39:04] {pretrain_model.py:214} INFO - New best loss: 1.248805006071052e-07 at step 246
[01/17/2025 18:39:04] {pretrain_model.py:257} INFO - 246 / 10001 |train loss: 0.000 |p_recon loss: 0.000 |lr: 0.00005
[01/17/2025 18:39:04] {pretrain_model.py:214} INFO - New best loss: 1.2282755790238298e-07 at step 248
[01/17/2025 18:39:04] {pretrain_model.py:257} INFO - 248 / 10001 |train loss: 0.000 |p_recon loss: 0.000 |lr: 0.00005
[01/17/2025 18:39:04] {pretrain_model.py:214} INFO - New best loss: 1.2199409127333638e-07 at step 249
[01/17/2025 18:39:04] {pretrain_model.py:257} INFO - 249 / 10001 |train loss: 0.000 |p_recon loss: 0.000 |lr: 0.00005
[01/17/2025 18:39:05] {pretrain_model.py:214} INFO - New best loss: 1.2002921323528426e-07 at step 251
[01/17/2025 18:39:05] {pretrain_model.py:257} INFO - 251 / 10001 |train loss: 0.000 |p_recon loss: 0.000 |lr: 0.00005
[01/17/2025 18:39:05] {pretrain_model.py:214} INFO - New best loss: 1.1838924507401316e-07 at step 252
[01/17/2025 18:39:05] {pretrain_model.py:257} INFO - 252 / 10001 |train loss: 0.000 |p_recon loss: 0.000 |lr: 0.00005
[01/17/2025 18:39:05] {pretrain_model.py:214} INFO - New best loss: 1.1619251694128252e-07 at step 253
[01/17/2025 18:39:05] {pretrain_model.py:257} INFO - 253 / 10001 |train loss: 0.000 |p_recon loss: 0.000 |lr: 0.00005
[01/17/2025 18:39:05] {pretrain_model.py:214} INFO - New best loss: 1.1611997052796141e-07 at step 255
[01/17/2025 18:39:05] {pretrain_model.py:257} INFO - 255 / 10001 |train loss: 0.000 |p_recon loss: 0.000 |lr: 0.00005
[01/17/2025 18:39:05] {pretrain_model.py:214} INFO - New best loss: 1.16020594020938e-07 at step 257
[01/17/2025 18:39:05] {pretrain_model.py:257} INFO - 257 / 10001 |train loss: 0.000 |p_recon loss: 0.000 |lr: 0.00005
[01/17/2025 18:39:06] {pretrain_model.py:214} INFO - New best loss: 1.1451052728261857e-07 at step 258
[01/17/2025 18:39:06] {pretrain_model.py:257} INFO - 258 / 10001 |train loss: 0.000 |p_recon loss: 0.000 |lr: 0.00005
[01/17/2025 18:39:06] {pretrain_model.py:214} INFO - New best loss: 1.1404969058048664e-07 at step 259
[01/17/2025 18:39:06] {pretrain_model.py:257} INFO - 259 / 10001 |train loss: 0.000 |p_recon loss: 0.000 |lr: 0.00005
[01/17/2025 18:39:06] {pretrain_model.py:214} INFO - New best loss: 1.1226185847590386e-07 at step 260
[01/17/2025 18:39:06] {pretrain_model.py:257} INFO - 260 / 10001 |train loss: 0.000 |p_recon loss: 0.000 |lr: 0.00005
[01/17/2025 18:39:06] {pretrain_model.py:214} INFO - New best loss: 1.1218435957971451e-07 at step 261
[01/17/2025 18:39:06] {pretrain_model.py:257} INFO - 261 / 10001 |train loss: 0.000 |p_recon loss: 0.000 |lr: 0.00005
[01/17/2025 18:39:06] {pretrain_model.py:214} INFO - New best loss: 1.1146848066800885e-07 at step 262
[01/17/2025 18:39:06] {pretrain_model.py:257} INFO - 262 / 10001 |train loss: 0.000 |p_recon loss: 0.000 |lr: 0.00005
[01/17/2025 18:39:06] {pretrain_model.py:214} INFO - New best loss: 1.0826786933648691e-07 at step 264
[01/17/2025 18:39:06] {pretrain_model.py:257} INFO - 264 / 10001 |train loss: 0.000 |p_recon loss: 0.000 |lr: 0.00005
[01/17/2025 18:39:07] {pretrain_model.py:214} INFO - New best loss: 1.0628185265204593e-07 at step 267
[01/17/2025 18:39:07] {pretrain_model.py:257} INFO - 267 / 10001 |train loss: 0.000 |p_recon loss: 0.000 |lr: 0.00005
[01/17/2025 18:39:07] {pretrain_model.py:214} INFO - New best loss: 1.0531228156196448e-07 at step 270
[01/17/2025 18:39:07] {pretrain_model.py:257} INFO - 270 / 10001 |train loss: 0.000 |p_recon loss: 0.000 |lr: 0.00005
[01/17/2025 18:39:07] {pretrain_model.py:214} INFO - New best loss: 1.0524171756287615e-07 at step 271
[01/17/2025 18:39:07] {pretrain_model.py:257} INFO - 271 / 10001 |train loss: 0.000 |p_recon loss: 0.000 |lr: 0.00005
[01/17/2025 18:39:08] {pretrain_model.py:214} INFO - New best loss: 1.0275656592284577e-07 at step 272
[01/17/2025 18:39:08] {pretrain_model.py:257} INFO - 272 / 10001 |train loss: 0.000 |p_recon loss: 0.000 |lr: 0.00005
[01/17/2025 18:39:08] {pretrain_model.py:214} INFO - New best loss: 1.0258172977728464e-07 at step 274
[01/17/2025 18:39:08] {pretrain_model.py:257} INFO - 274 / 10001 |train loss: 0.000 |p_recon loss: 0.000 |lr: 0.00005
[01/17/2025 18:39:08] {pretrain_model.py:214} INFO - New best loss: 1.0199779154618227e-07 at step 276
[01/17/2025 18:39:08] {pretrain_model.py:257} INFO - 276 / 10001 |train loss: 0.000 |p_recon loss: 0.000 |lr: 0.00005
[01/17/2025 18:39:08] {pretrain_model.py:214} INFO - New best loss: 9.828321623217562e-08 at step 277
[01/17/2025 18:39:08] {pretrain_model.py:257} INFO - 277 / 10001 |train loss: 0.000 |p_recon loss: 0.000 |lr: 0.00005
[01/17/2025 18:39:09] {pretrain_model.py:214} INFO - New best loss: 9.782436904970382e-08 at step 282
[01/17/2025 18:39:09] {pretrain_model.py:257} INFO - 282 / 10001 |train loss: 0.000 |p_recon loss: 0.000 |lr: 0.00005
[01/17/2025 18:39:09] {pretrain_model.py:214} INFO - New best loss: 9.647351362218615e-08 at step 284
[01/17/2025 18:39:09] {pretrain_model.py:257} INFO - 284 / 10001 |train loss: 0.000 |p_recon loss: 0.000 |lr: 0.00005
[01/17/2025 18:39:09] {pretrain_model.py:214} INFO - New best loss: 9.51881631294782e-08 at step 285
[01/17/2025 18:39:09] {pretrain_model.py:257} INFO - 285 / 10001 |train loss: 0.000 |p_recon loss: 0.000 |lr: 0.00005
[01/17/2025 18:39:10] {pretrain_model.py:214} INFO - New best loss: 9.257193767098215e-08 at step 287
[01/17/2025 18:39:10] {pretrain_model.py:257} INFO - 287 / 10001 |train loss: 0.000 |p_recon loss: 0.000 |lr: 0.00005
[01/17/2025 18:39:10] {pretrain_model.py:214} INFO - New best loss: 9.168451242658193e-08 at step 291
[01/17/2025 18:39:10] {pretrain_model.py:257} INFO - 291 / 10001 |train loss: 0.000 |p_recon loss: 0.000 |lr: 0.00005
[01/17/2025 18:39:11] {pretrain_model.py:214} INFO - New best loss: 9.098542363972228e-08 at step 292
[01/17/2025 18:39:11] {pretrain_model.py:257} INFO - 292 / 10001 |train loss: 0.000 |p_recon loss: 0.000 |lr: 0.00005
[01/17/2025 18:39:11] {pretrain_model.py:214} INFO - New best loss: 9.094732433823083e-08 at step 294
[01/17/2025 18:39:11] {pretrain_model.py:257} INFO - 294 / 10001 |train loss: 0.000 |p_recon loss: 0.000 |lr: 0.00005
[01/17/2025 18:39:11] {pretrain_model.py:214} INFO - New best loss: 8.854834021576607e-08 at step 295
[01/17/2025 18:39:11] {pretrain_model.py:257} INFO - 295 / 10001 |train loss: 0.000 |p_recon loss: 0.000 |lr: 0.00005
[01/17/2025 18:39:11] {pretrain_model.py:214} INFO - New best loss: 8.649087135381706e-08 at step 298
[01/17/2025 18:39:11] {pretrain_model.py:257} INFO - 298 / 10001 |train loss: 0.000 |p_recon loss: 0.000 |lr: 0.00005
[01/17/2025 18:39:12] {pretrain_model.py:207} INFO - Train loss at step 300: 8.673246298940285e-08
[01/17/2025 18:39:12] {pretrain_model.py:214} INFO - New best loss: 8.544284924028034e-08 at step 301
[01/17/2025 18:39:12] {pretrain_model.py:257} INFO - 301 / 10001 |train loss: 0.000 |p_recon loss: 0.000 |lr: 0.00005
[01/17/2025 18:39:12] {pretrain_model.py:214} INFO - New best loss: 8.524128247699991e-08 at step 304
[01/17/2025 18:39:12] {pretrain_model.py:257} INFO - 304 / 10001 |train loss: 0.000 |p_recon loss: 0.000 |lr: 0.00005
[01/17/2025 18:39:13] {pretrain_model.py:214} INFO - New best loss: 8.399027962013861e-08 at step 307
[01/17/2025 18:39:13] {pretrain_model.py:257} INFO - 307 / 10001 |train loss: 0.000 |p_recon loss: 0.000 |lr: 0.00005
[01/17/2025 18:39:13] {pretrain_model.py:214} INFO - New best loss: 8.396511930186534e-08 at step 308
[01/17/2025 18:39:13] {pretrain_model.py:257} INFO - 308 / 10001 |train loss: 0.000 |p_recon loss: 0.000 |lr: 0.00005
[01/17/2025 18:39:13] {pretrain_model.py:214} INFO - New best loss: 8.254523464756858e-08 at step 309
[01/17/2025 18:39:13] {pretrain_model.py:257} INFO - 309 / 10001 |train loss: 0.000 |p_recon loss: 0.000 |lr: 0.00005
[01/17/2025 18:39:13] {pretrain_model.py:214} INFO - New best loss: 8.248053973147762e-08 at step 311
[01/17/2025 18:39:13] {pretrain_model.py:257} INFO - 311 / 10001 |train loss: 0.000 |p_recon loss: 0.000 |lr: 0.00005
[01/17/2025 18:39:13] {pretrain_model.py:214} INFO - New best loss: 8.156424513572347e-08 at step 312
[01/17/2025 18:39:13] {pretrain_model.py:257} INFO - 312 / 10001 |train loss: 0.000 |p_recon loss: 0.000 |lr: 0.00005
[01/17/2025 18:39:14] {pretrain_model.py:214} INFO - New best loss: 8.045275734502866e-08 at step 313
[01/17/2025 18:39:14] {pretrain_model.py:257} INFO - 313 / 10001 |train loss: 0.000 |p_recon loss: 0.000 |lr: 0.00005
[01/17/2025 18:39:14] {pretrain_model.py:214} INFO - New best loss: 7.94126862047051e-08 at step 314
[01/17/2025 18:39:14] {pretrain_model.py:257} INFO - 314 / 10001 |train loss: 0.000 |p_recon loss: 0.000 |lr: 0.00005
[01/17/2025 18:39:14] {pretrain_model.py:214} INFO - New best loss: 7.870385587693818e-08 at step 319
[01/17/2025 18:39:14] {pretrain_model.py:257} INFO - 319 / 10001 |train loss: 0.000 |p_recon loss: 0.000 |lr: 0.00005
[01/17/2025 18:39:15] {pretrain_model.py:214} INFO - New best loss: 7.854980310639803e-08 at step 320
[01/17/2025 18:39:15] {pretrain_model.py:257} INFO - 320 / 10001 |train loss: 0.000 |p_recon loss: 0.000 |lr: 0.00005
[01/17/2025 18:39:15] {pretrain_model.py:214} INFO - New best loss: 7.654722367078648e-08 at step 321
[01/17/2025 18:39:15] {pretrain_model.py:257} INFO - 321 / 10001 |train loss: 0.000 |p_recon loss: 0.000 |lr: 0.00005
[01/17/2025 18:39:15] {pretrain_model.py:214} INFO - New best loss: 7.50485256162392e-08 at step 322
[01/17/2025 18:39:15] {pretrain_model.py:257} INFO - 322 / 10001 |train loss: 0.000 |p_recon loss: 0.000 |lr: 0.00005
[01/17/2025 18:39:15] {pretrain_model.py:214} INFO - New best loss: 7.469935070503197e-08 at step 325
[01/17/2025 18:39:15] {pretrain_model.py:257} INFO - 325 / 10001 |train loss: 0.000 |p_recon loss: 0.000 |lr: 0.00005
[01/17/2025 18:39:16] {pretrain_model.py:214} INFO - New best loss: 7.407438573636682e-08 at step 328
[01/17/2025 18:39:16] {pretrain_model.py:257} INFO - 328 / 10001 |train loss: 0.000 |p_recon loss: 0.000 |lr: 0.00005
[01/17/2025 18:39:16] {pretrain_model.py:214} INFO - New best loss: 7.36234682108261e-08 at step 329
[01/17/2025 18:39:16] {pretrain_model.py:257} INFO - 329 / 10001 |train loss: 0.000 |p_recon loss: 0.000 |lr: 0.00005
[01/17/2025 18:39:16] {pretrain_model.py:214} INFO - New best loss: 7.257524003989602e-08 at step 330
[01/17/2025 18:39:16] {pretrain_model.py:257} INFO - 330 / 10001 |train loss: 0.000 |p_recon loss: 0.000 |lr: 0.00005
[01/17/2025 18:39:16] {pretrain_model.py:214} INFO - New best loss: 7.170306304260521e-08 at step 331
[01/17/2025 18:39:16] {pretrain_model.py:257} INFO - 331 / 10001 |train loss: 0.000 |p_recon loss: 0.000 |lr: 0.00005
[01/17/2025 18:39:16] {pretrain_model.py:214} INFO - New best loss: 7.164395299241733e-08 at step 332
[01/17/2025 18:39:16] {pretrain_model.py:257} INFO - 332 / 10001 |train loss: 0.000 |p_recon loss: 0.000 |lr: 0.00005
[01/17/2025 18:39:17] {pretrain_model.py:214} INFO - New best loss: 7.130359591656088e-08 at step 334
[01/17/2025 18:39:17] {pretrain_model.py:257} INFO - 334 / 10001 |train loss: 0.000 |p_recon loss: 0.000 |lr: 0.00005
[01/17/2025 18:39:17] {pretrain_model.py:214} INFO - New best loss: 7.022559600500244e-08 at step 336
[01/17/2025 18:39:17] {pretrain_model.py:257} INFO - 336 / 10001 |train loss: 0.000 |p_recon loss: 0.000 |lr: 0.00005
[01/17/2025 18:39:17] {pretrain_model.py:214} INFO - New best loss: 6.991552936597145e-08 at step 337
[01/17/2025 18:39:17] {pretrain_model.py:257} INFO - 337 / 10001 |train loss: 0.000 |p_recon loss: 0.000 |lr: 0.00005
[01/17/2025 18:39:17] {pretrain_model.py:214} INFO - New best loss: 6.974823207883674e-08 at step 338
[01/17/2025 18:39:17] {pretrain_model.py:257} INFO - 338 / 10001 |train loss: 0.000 |p_recon loss: 0.000 |lr: 0.00005
[01/17/2025 18:39:17] {pretrain_model.py:214} INFO - New best loss: 6.971074384409803e-08 at step 340
[01/17/2025 18:39:17] {pretrain_model.py:257} INFO - 340 / 10001 |train loss: 0.000 |p_recon loss: 0.000 |lr: 0.00005
[01/17/2025 18:39:18] {pretrain_model.py:214} INFO - New best loss: 6.814629927021087e-08 at step 341
[01/17/2025 18:39:18] {pretrain_model.py:257} INFO - 341 / 10001 |train loss: 0.000 |p_recon loss: 0.000 |lr: 0.00005
[01/17/2025 18:39:18] {pretrain_model.py:214} INFO - New best loss: 6.700197729969659e-08 at step 342
[01/17/2025 18:39:18] {pretrain_model.py:257} INFO - 342 / 10001 |train loss: 0.000 |p_recon loss: 0.000 |lr: 0.00005
[01/17/2025 18:39:18] {pretrain_model.py:214} INFO - New best loss: 6.69837092459602e-08 at step 344
[01/17/2025 18:39:18] {pretrain_model.py:257} INFO - 344 / 10001 |train loss: 0.000 |p_recon loss: 0.000 |lr: 0.00005
[01/17/2025 18:39:18] {pretrain_model.py:214} INFO - New best loss: 6.399881158358767e-08 at step 347
[01/17/2025 18:39:18] {pretrain_model.py:257} INFO - 347 / 10001 |train loss: 0.000 |p_recon loss: 0.000 |lr: 0.00005
[01/17/2025 18:39:19] {pretrain_model.py:214} INFO - New best loss: 6.391741180777899e-08 at step 351
[01/17/2025 18:39:19] {pretrain_model.py:257} INFO - 351 / 10001 |train loss: 0.000 |p_recon loss: 0.000 |lr: 0.00005
[01/17/2025 18:39:20] {pretrain_model.py:214} INFO - New best loss: 6.371829641693694e-08 at step 355
[01/17/2025 18:39:20] {pretrain_model.py:257} INFO - 355 / 10001 |train loss: 0.000 |p_recon loss: 0.000 |lr: 0.00005
[01/17/2025 18:39:20] {pretrain_model.py:214} INFO - New best loss: 6.348288650315226e-08 at step 357
[01/17/2025 18:39:20] {pretrain_model.py:257} INFO - 357 / 10001 |train loss: 0.000 |p_recon loss: 0.000 |lr: 0.00005
[01/17/2025 18:39:20] {pretrain_model.py:214} INFO - New best loss: 6.254972362285116e-08 at step 358
[01/17/2025 18:39:20] {pretrain_model.py:257} INFO - 358 / 10001 |train loss: 0.000 |p_recon loss: 0.000 |lr: 0.00005
[01/17/2025 18:39:20] {pretrain_model.py:214} INFO - New best loss: 6.15311535057117e-08 at step 360
[01/17/2025 18:39:20] {pretrain_model.py:257} INFO - 360 / 10001 |train loss: 0.000 |p_recon loss: 0.000 |lr: 0.00005
[01/17/2025 18:39:20] {pretrain_model.py:214} INFO - New best loss: 6.13850872355215e-08 at step 361
[01/17/2025 18:39:20] {pretrain_model.py:257} INFO - 361 / 10001 |train loss: 0.000 |p_recon loss: 0.000 |lr: 0.00005
[01/17/2025 18:39:21] {pretrain_model.py:214} INFO - New best loss: 6.102030880583698e-08 at step 362
[01/17/2025 18:39:21] {pretrain_model.py:257} INFO - 362 / 10001 |train loss: 0.000 |p_recon loss: 0.000 |lr: 0.00005
[01/17/2025 18:39:21] {pretrain_model.py:214} INFO - New best loss: 5.936771074743774e-08 at step 363
[01/17/2025 18:39:21] {pretrain_model.py:257} INFO - 363 / 10001 |train loss: 0.000 |p_recon loss: 0.000 |lr: 0.00005
[01/17/2025 18:39:22] {pretrain_model.py:214} INFO - New best loss: 5.85955710619146e-08 at step 369
[01/17/2025 18:39:22] {pretrain_model.py:257} INFO - 369 / 10001 |train loss: 0.000 |p_recon loss: 0.000 |lr: 0.00005
[01/17/2025 18:39:22] {pretrain_model.py:214} INFO - New best loss: 5.766980493149276e-08 at step 371
[01/17/2025 18:39:22] {pretrain_model.py:257} INFO - 371 / 10001 |train loss: 0.000 |p_recon loss: 0.000 |lr: 0.00005
[01/17/2025 18:39:22] {pretrain_model.py:214} INFO - New best loss: 5.7641251771656243e-08 at step 373
[01/17/2025 18:39:22] {pretrain_model.py:257} INFO - 373 / 10001 |train loss: 0.000 |p_recon loss: 0.000 |lr: 0.00005
[01/17/2025 18:39:23] {pretrain_model.py:214} INFO - New best loss: 5.661714652660521e-08 at step 376
[01/17/2025 18:39:23] {pretrain_model.py:257} INFO - 376 / 10001 |train loss: 0.000 |p_recon loss: 0.000 |lr: 0.00005
[01/17/2025 18:39:23] {pretrain_model.py:214} INFO - New best loss: 5.650583645433471e-08 at step 377
[01/17/2025 18:39:23] {pretrain_model.py:257} INFO - 377 / 10001 |train loss: 0.000 |p_recon loss: 0.000 |lr: 0.00005
[01/17/2025 18:39:23] {pretrain_model.py:214} INFO - New best loss: 5.619740051088229e-08 at step 378
[01/17/2025 18:39:23] {pretrain_model.py:257} INFO - 378 / 10001 |train loss: 0.000 |p_recon loss: 0.000 |lr: 0.00005
[01/17/2025 18:39:23] {pretrain_model.py:214} INFO - New best loss: 5.5139945942528357e-08 at step 380
[01/17/2025 18:39:23] {pretrain_model.py:257} INFO - 380 / 10001 |train loss: 0.000 |p_recon loss: 0.000 |lr: 0.00005
[01/17/2025 18:39:23] {pretrain_model.py:214} INFO - New best loss: 5.455333607073953e-08 at step 381
[01/17/2025 18:39:23] {pretrain_model.py:257} INFO - 381 / 10001 |train loss: 0.000 |p_recon loss: 0.000 |lr: 0.00005
[01/17/2025 18:39:24] {pretrain_model.py:214} INFO - New best loss: 5.376167777626506e-08 at step 386
[01/17/2025 18:39:24] {pretrain_model.py:257} INFO - 386 / 10001 |train loss: 0.000 |p_recon loss: 0.000 |lr: 0.00005
[01/17/2025 18:39:24] {pretrain_model.py:214} INFO - New best loss: 5.1924615718235145e-08 at step 388
[01/17/2025 18:39:24] {pretrain_model.py:257} INFO - 388 / 10001 |train loss: 0.000 |p_recon loss: 0.000 |lr: 0.00005
[01/17/2025 18:39:25] {pretrain_model.py:214} INFO - New best loss: 5.15061806538597e-08 at step 391
[01/17/2025 18:39:25] {pretrain_model.py:257} INFO - 391 / 10001 |train loss: 0.000 |p_recon loss: 0.000 |lr: 0.00005
[01/17/2025 18:39:26] {pretrain_model.py:214} INFO - New best loss: 5.129752977950375e-08 at step 396
[01/17/2025 18:39:26] {pretrain_model.py:257} INFO - 396 / 10001 |train loss: 0.000 |p_recon loss: 0.000 |lr: 0.00005
[01/17/2025 18:39:26] {pretrain_model.py:214} INFO - New best loss: 5.099055044865963e-08 at step 397
[01/17/2025 18:39:26] {pretrain_model.py:257} INFO - 397 / 10001 |train loss: 0.000 |p_recon loss: 0.000 |lr: 0.00005
[01/17/2025 18:39:26] {pretrain_model.py:214} INFO - New best loss: 5.051175833159505e-08 at step 399
[01/17/2025 18:39:26] {pretrain_model.py:257} INFO - 399 / 10001 |train loss: 0.000 |p_recon loss: 0.000 |lr: 0.00005
[01/17/2025 18:39:26] {pretrain_model.py:207} INFO - Train loss at step 400: 5.0391246730896455e-08
[01/17/2025 18:39:26] {pretrain_model.py:214} INFO - New best loss: 5.0391246730896455e-08 at step 400
[01/17/2025 18:39:26] {pretrain_model.py:257} INFO - 400 / 10001 |train loss: 0.000 |p_recon loss: 0.000 |lr: 0.00005
[01/17/2025 18:39:26] {pretrain_model.py:214} INFO - New best loss: 4.994332059027329e-08 at step 401
[01/17/2025 18:39:26] {pretrain_model.py:257} INFO - 401 / 10001 |train loss: 0.000 |p_recon loss: 0.000 |lr: 0.00005
[01/17/2025 18:39:27] {pretrain_model.py:214} INFO - New best loss: 4.9469914387145764e-08 at step 403
[01/17/2025 18:39:27] {pretrain_model.py:257} INFO - 403 / 10001 |train loss: 0.000 |p_recon loss: 0.000 |lr: 0.00005
[01/17/2025 18:39:27] {pretrain_model.py:214} INFO - New best loss: 4.9390269651894414e-08 at step 405
[01/17/2025 18:39:27] {pretrain_model.py:257} INFO - 405 / 10001 |train loss: 0.000 |p_recon loss: 0.000 |lr: 0.00005
[01/17/2025 18:39:27] {pretrain_model.py:214} INFO - New best loss: 4.832614663996537e-08 at step 406
[01/17/2025 18:39:27] {pretrain_model.py:257} INFO - 406 / 10001 |train loss: 0.000 |p_recon loss: 0.000 |lr: 0.00005
[01/17/2025 18:39:28] {pretrain_model.py:214} INFO - New best loss: 4.776209650003693e-08 at step 410
[01/17/2025 18:39:28] {pretrain_model.py:257} INFO - 410 / 10001 |train loss: 0.000 |p_recon loss: 0.000 |lr: 0.00005
[01/17/2025 18:39:28] {pretrain_model.py:214} INFO - New best loss: 4.7271463188280904e-08 at step 414
[01/17/2025 18:39:28] {pretrain_model.py:257} INFO - 414 / 10001 |train loss: 0.000 |p_recon loss: 0.000 |lr: 0.00005
[01/17/2025 18:39:28] {pretrain_model.py:214} INFO - New best loss: 4.649722384897359e-08 at step 415
[01/17/2025 18:39:28] {pretrain_model.py:257} INFO - 415 / 10001 |train loss: 0.000 |p_recon loss: 0.000 |lr: 0.00005
[01/17/2025 18:39:29] {pretrain_model.py:214} INFO - New best loss: 4.5851734853386006e-08 at step 417
[01/17/2025 18:39:29] {pretrain_model.py:257} INFO - 417 / 10001 |train loss: 0.000 |p_recon loss: 0.000 |lr: 0.00005
[01/17/2025 18:39:29] {pretrain_model.py:214} INFO - New best loss: 4.499355910070335e-08 at step 420
[01/17/2025 18:39:29] {pretrain_model.py:257} INFO - 420 / 10001 |train loss: 0.000 |p_recon loss: 0.000 |lr: 0.00005
[01/17/2025 18:39:30] {pretrain_model.py:214} INFO - New best loss: 4.471561965146975e-08 at step 424
[01/17/2025 18:39:30] {pretrain_model.py:257} INFO - 424 / 10001 |train loss: 0.000 |p_recon loss: 0.000 |lr: 0.00005
[01/17/2025 18:39:30] {pretrain_model.py:214} INFO - New best loss: 4.4535291010561195e-08 at step 425
[01/17/2025 18:39:30] {pretrain_model.py:257} INFO - 425 / 10001 |train loss: 0.000 |p_recon loss: 0.000 |lr: 0.00005
[01/17/2025 18:39:30] {pretrain_model.py:214} INFO - New best loss: 4.4197197013318146e-08 at step 426
[01/17/2025 18:39:30] {pretrain_model.py:257} INFO - 426 / 10001 |train loss: 0.000 |p_recon loss: 0.000 |lr: 0.00005
[01/17/2025 18:39:30] {pretrain_model.py:214} INFO - New best loss: 4.383555207709833e-08 at step 427
[01/17/2025 18:39:30] {pretrain_model.py:257} INFO - 427 / 10001 |train loss: 0.000 |p_recon loss: 0.000 |lr: 0.00005
[01/17/2025 18:39:30] {pretrain_model.py:214} INFO - New best loss: 4.353815086233226e-08 at step 428
[01/17/2025 18:39:30] {pretrain_model.py:257} INFO - 428 / 10001 |train loss: 0.000 |p_recon loss: 0.000 |lr: 0.00005
[01/17/2025 18:39:31] {pretrain_model.py:214} INFO - New best loss: 4.276922638268843e-08 at step 433
[01/17/2025 18:39:31] {pretrain_model.py:257} INFO - 433 / 10001 |train loss: 0.000 |p_recon loss: 0.000 |lr: 0.00005
[01/17/2025 18:39:31] {pretrain_model.py:214} INFO - New best loss: 4.207337411799017e-08 at step 434
[01/17/2025 18:39:31] {pretrain_model.py:257} INFO - 434 / 10001 |train loss: 0.000 |p_recon loss: 0.000 |lr: 0.00005
[01/17/2025 18:39:32] {pretrain_model.py:214} INFO - New best loss: 4.188121138781753e-08 at step 438
[01/17/2025 18:39:32] {pretrain_model.py:257} INFO - 438 / 10001 |train loss: 0.000 |p_recon loss: 0.000 |lr: 0.00005
[01/17/2025 18:39:32] {pretrain_model.py:214} INFO - New best loss: 4.155119626148007e-08 at step 439
[01/17/2025 18:39:32] {pretrain_model.py:257} INFO - 439 / 10001 |train loss: 0.000 |p_recon loss: 0.000 |lr: 0.00005
[01/17/2025 18:39:32] {pretrain_model.py:214} INFO - New best loss: 4.136155595801938e-08 at step 440
[01/17/2025 18:39:32] {pretrain_model.py:257} INFO - 440 / 10001 |train loss: 0.000 |p_recon loss: 0.000 |lr: 0.00005
[01/17/2025 18:39:32] {pretrain_model.py:214} INFO - New best loss: 4.0797878853027214e-08 at step 441
[01/17/2025 18:39:32] {pretrain_model.py:257} INFO - 441 / 10001 |train loss: 0.000 |p_recon loss: 0.000 |lr: 0.00005
[01/17/2025 18:39:33] {pretrain_model.py:214} INFO - New best loss: 4.0586137117770704e-08 at step 445
[01/17/2025 18:39:33] {pretrain_model.py:257} INFO - 445 / 10001 |train loss: 0.000 |p_recon loss: 0.000 |lr: 0.00005
[01/17/2025 18:39:33] {pretrain_model.py:214} INFO - New best loss: 3.958357197575424e-08 at step 447
[01/17/2025 18:39:33] {pretrain_model.py:257} INFO - 447 / 10001 |train loss: 0.000 |p_recon loss: 0.000 |lr: 0.00005
[01/17/2025 18:39:33] {pretrain_model.py:214} INFO - New best loss: 3.940020576465031e-08 at step 449
[01/17/2025 18:39:33] {pretrain_model.py:257} INFO - 449 / 10001 |train loss: 0.000 |p_recon loss: 0.000 |lr: 0.00005
[01/17/2025 18:39:33] {pretrain_model.py:214} INFO - New best loss: 3.889248745281293e-08 at step 451
[01/17/2025 18:39:33] {pretrain_model.py:257} INFO - 451 / 10001 |train loss: 0.000 |p_recon loss: 0.000 |lr: 0.00005
[01/17/2025 18:39:34] {pretrain_model.py:214} INFO - New best loss: 3.827112848853176e-08 at step 456
[01/17/2025 18:39:34] {pretrain_model.py:257} INFO - 456 / 10001 |train loss: 0.000 |p_recon loss: 0.000 |lr: 0.00005
[01/17/2025 18:39:35] {pretrain_model.py:214} INFO - New best loss: 3.734733056148798e-08 at step 459
[01/17/2025 18:39:35] {pretrain_model.py:257} INFO - 459 / 10001 |train loss: 0.000 |p_recon loss: 0.000 |lr: 0.00005
[01/17/2025 18:39:35] {pretrain_model.py:214} INFO - New best loss: 3.672160886480924e-08 at step 461
[01/17/2025 18:39:35] {pretrain_model.py:257} INFO - 461 / 10001 |train loss: 0.000 |p_recon loss: 0.000 |lr: 0.00005
[01/17/2025 18:39:35] {pretrain_model.py:214} INFO - New best loss: 3.643244284035063e-08 at step 465
[01/17/2025 18:39:35] {pretrain_model.py:257} INFO - 465 / 10001 |train loss: 0.000 |p_recon loss: 0.000 |lr: 0.00005
[01/17/2025 18:39:36] {pretrain_model.py:214} INFO - New best loss: 3.6026513328124565e-08 at step 468
[01/17/2025 18:39:36] {pretrain_model.py:257} INFO - 468 / 10001 |train loss: 0.000 |p_recon loss: 0.000 |lr: 0.00005
[01/17/2025 18:39:37] {pretrain_model.py:214} INFO - New best loss: 3.5882802507103406e-08 at step 473
[01/17/2025 18:39:37] {pretrain_model.py:257} INFO - 473 / 10001 |train loss: 0.000 |p_recon loss: 0.000 |lr: 0.00005
[01/17/2025 18:39:37] {pretrain_model.py:214} INFO - New best loss: 3.5359565941917026e-08 at step 474
[01/17/2025 18:39:37] {pretrain_model.py:257} INFO - 474 / 10001 |train loss: 0.000 |p_recon loss: 0.000 |lr: 0.00005
[01/17/2025 18:39:37] {pretrain_model.py:214} INFO - New best loss: 3.513890334261305e-08 at step 476
[01/17/2025 18:39:37] {pretrain_model.py:257} INFO - 476 / 10001 |train loss: 0.000 |p_recon loss: 0.000 |lr: 0.00005
[01/17/2025 18:39:37] {pretrain_model.py:214} INFO - New best loss: 3.416928606725378e-08 at step 478
[01/17/2025 18:39:37] {pretrain_model.py:257} INFO - 478 / 10001 |train loss: 0.000 |p_recon loss: 0.000 |lr: 0.00005
[01/17/2025 18:39:38] {pretrain_model.py:214} INFO - New best loss: 3.412974436400873e-08 at step 483
[01/17/2025 18:39:38] {pretrain_model.py:257} INFO - 483 / 10001 |train loss: 0.000 |p_recon loss: 0.000 |lr: 0.00005
[01/17/2025 18:39:38] {pretrain_model.py:214} INFO - New best loss: 3.410175253293346e-08 at step 484
[01/17/2025 18:39:38] {pretrain_model.py:257} INFO - 484 / 10001 |train loss: 0.000 |p_recon loss: 0.000 |lr: 0.00005
[01/17/2025 18:39:39] {pretrain_model.py:214} INFO - New best loss: 3.392539937863148e-08 at step 487
[01/17/2025 18:39:39] {pretrain_model.py:257} INFO - 487 / 10001 |train loss: 0.000 |p_recon loss: 0.000 |lr: 0.00005
[01/17/2025 18:39:39] {pretrain_model.py:214} INFO - New best loss: 3.363223655128422e-08 at step 488
[01/17/2025 18:39:39] {pretrain_model.py:257} INFO - 488 / 10001 |train loss: 0.000 |p_recon loss: 0.000 |lr: 0.00005
[01/17/2025 18:39:39] {pretrain_model.py:214} INFO - New best loss: 3.272509019325298e-08 at step 489
[01/17/2025 18:39:39] {pretrain_model.py:257} INFO - 489 / 10001 |train loss: 0.000 |p_recon loss: 0.000 |lr: 0.00005
[01/17/2025 18:39:40] {pretrain_model.py:214} INFO - New best loss: 3.250383784347832e-08 at step 493
[01/17/2025 18:39:40] {pretrain_model.py:257} INFO - 493 / 10001 |train loss: 0.000 |p_recon loss: 0.000 |lr: 0.00005
[01/17/2025 18:39:40] {pretrain_model.py:214} INFO - New best loss: 3.226598366268263e-08 at step 495
[01/17/2025 18:39:40] {pretrain_model.py:257} INFO - 495 / 10001 |train loss: 0.000 |p_recon loss: 0.000 |lr: 0.00005
[01/17/2025 18:39:40] {pretrain_model.py:214} INFO - New best loss: 3.1759551433196975e-08 at step 497
[01/17/2025 18:39:40] {pretrain_model.py:257} INFO - 497 / 10001 |train loss: 0.000 |p_recon loss: 0.000 |lr: 0.00005
[01/17/2025 18:39:41] {pretrain_model.py:207} INFO - Train loss at step 500: 3.2443498554357575e-08
[01/17/2025 18:39:41] {pretrain_model.py:214} INFO - New best loss: 3.165398254623142e-08 at step 502
[01/17/2025 18:39:41] {pretrain_model.py:257} INFO - 502 / 10001 |train loss: 0.000 |p_recon loss: 0.000 |lr: 0.00005
[01/17/2025 18:39:41] {pretrain_model.py:214} INFO - New best loss: 3.143524551774135e-08 at step 503
[01/17/2025 18:39:41] {pretrain_model.py:257} INFO - 503 / 10001 |train loss: 0.000 |p_recon loss: 0.000 |lr: 0.00005
[01/17/2025 18:39:41] {pretrain_model.py:214} INFO - New best loss: 3.142030990943567e-08 at step 504
[01/17/2025 18:39:41] {pretrain_model.py:257} INFO - 504 / 10001 |train loss: 0.000 |p_recon loss: 0.000 |lr: 0.00005
[01/17/2025 18:39:41] {pretrain_model.py:214} INFO - New best loss: 3.0715185062035744e-08 at step 506
[01/17/2025 18:39:41] {pretrain_model.py:257} INFO - 506 / 10001 |train loss: 0.000 |p_recon loss: 0.000 |lr: 0.00005
[01/17/2025 18:39:42] {pretrain_model.py:214} INFO - New best loss: 3.010459082020134e-08 at step 508
[01/17/2025 18:39:42] {pretrain_model.py:257} INFO - 508 / 10001 |train loss: 0.000 |p_recon loss: 0.000 |lr: 0.00005
[01/17/2025 18:39:43] {pretrain_model.py:214} INFO - New best loss: 2.983014013580032e-08 at step 514
[01/17/2025 18:39:43] {pretrain_model.py:257} INFO - 514 / 10001 |train loss: 0.000 |p_recon loss: 0.000 |lr: 0.00005
[01/17/2025 18:39:43] {pretrain_model.py:214} INFO - New best loss: 2.966667445036819e-08 at step 516
[01/17/2025 18:39:43] {pretrain_model.py:257} INFO - 516 / 10001 |train loss: 0.000 |p_recon loss: 0.000 |lr: 0.00005
[01/17/2025 18:39:44] {pretrain_model.py:214} INFO - New best loss: 2.9144077373643995e-08 at step 521
[01/17/2025 18:39:44] {pretrain_model.py:257} INFO - 521 / 10001 |train loss: 0.000 |p_recon loss: 0.000 |lr: 0.00005
[01/17/2025 18:39:44] {pretrain_model.py:214} INFO - New best loss: 2.8422954656548427e-08 at step 524
[01/17/2025 18:39:44] {pretrain_model.py:257} INFO - 524 / 10001 |train loss: 0.000 |p_recon loss: 0.000 |lr: 0.00005
[01/17/2025 18:39:45] {pretrain_model.py:214} INFO - New best loss: 2.831042777984294e-08 at step 530
[01/17/2025 18:39:45] {pretrain_model.py:257} INFO - 530 / 10001 |train loss: 0.000 |p_recon loss: 0.000 |lr: 0.00005
[01/17/2025 18:39:45] {pretrain_model.py:214} INFO - New best loss: 2.7840579619464734e-08 at step 532
[01/17/2025 18:39:45] {pretrain_model.py:257} INFO - 532 / 10001 |train loss: 0.000 |p_recon loss: 0.000 |lr: 0.00005
[01/17/2025 18:39:46] {pretrain_model.py:214} INFO - New best loss: 2.7767086407948227e-08 at step 536
[01/17/2025 18:39:46] {pretrain_model.py:257} INFO - 536 / 10001 |train loss: 0.000 |p_recon loss: 0.000 |lr: 0.00005
[01/17/2025 18:39:46] {pretrain_model.py:214} INFO - New best loss: 2.6594175750460636e-08 at step 539
[01/17/2025 18:39:46] {pretrain_model.py:257} INFO - 539 / 10001 |train loss: 0.000 |p_recon loss: 0.000 |lr: 0.00005
[01/17/2025 18:39:46] {pretrain_model.py:214} INFO - New best loss: 2.615593430732588e-08 at step 541
[01/17/2025 18:39:46] {pretrain_model.py:257} INFO - 541 / 10001 |train loss: 0.000 |p_recon loss: 0.000 |lr: 0.00005
[01/17/2025 18:39:48] {pretrain_model.py:214} INFO - New best loss: 2.6123890606299938e-08 at step 550
[01/17/2025 18:39:48] {pretrain_model.py:257} INFO - 550 / 10001 |train loss: 0.000 |p_recon loss: 0.000 |lr: 0.00005
[01/17/2025 18:39:48] {pretrain_model.py:214} INFO - New best loss: 2.5496079913978065e-08 at step 554
[01/17/2025 18:39:48] {pretrain_model.py:257} INFO - 554 / 10001 |train loss: 0.000 |p_recon loss: 0.000 |lr: 0.00005
[01/17/2025 18:39:49] {pretrain_model.py:214} INFO - New best loss: 2.52964635905073e-08 at step 560
[01/17/2025 18:39:49] {pretrain_model.py:257} INFO - 560 / 10001 |train loss: 0.000 |p_recon loss: 0.000 |lr: 0.00005
[01/17/2025 18:39:49] {pretrain_model.py:214} INFO - New best loss: 2.4864579728500757e-08 at step 561
[01/17/2025 18:39:49] {pretrain_model.py:257} INFO - 561 / 10001 |train loss: 0.000 |p_recon loss: 0.000 |lr: 0.00005
[01/17/2025 18:39:50] {pretrain_model.py:214} INFO - New best loss: 2.4796964481765826e-08 at step 565
[01/17/2025 18:39:50] {pretrain_model.py:257} INFO - 565 / 10001 |train loss: 0.000 |p_recon loss: 0.000 |lr: 0.00005
[01/17/2025 18:39:50] {pretrain_model.py:214} INFO - New best loss: 2.4647391683174646e-08 at step 566
[01/17/2025 18:39:50] {pretrain_model.py:257} INFO - 566 / 10001 |train loss: 0.000 |p_recon loss: 0.000 |lr: 0.00005
[01/17/2025 18:39:51] {pretrain_model.py:214} INFO - New best loss: 2.4458959302364747e-08 at step 569
[01/17/2025 18:39:51] {pretrain_model.py:257} INFO - 569 / 10001 |train loss: 0.000 |p_recon loss: 0.000 |lr: 0.00005
[01/17/2025 18:39:51] {pretrain_model.py:214} INFO - New best loss: 2.4277159837993167e-08 at step 570
[01/17/2025 18:39:51] {pretrain_model.py:257} INFO - 570 / 10001 |train loss: 0.000 |p_recon loss: 0.000 |lr: 0.00005
[01/17/2025 18:39:51] {pretrain_model.py:214} INFO - New best loss: 2.4264933173867576e-08 at step 571
[01/17/2025 18:39:51] {pretrain_model.py:257} INFO - 571 / 10001 |train loss: 0.000 |p_recon loss: 0.000 |lr: 0.00005
[01/17/2025 18:39:51] {pretrain_model.py:214} INFO - New best loss: 2.383305641728839e-08 at step 572
[01/17/2025 18:39:51] {pretrain_model.py:257} INFO - 572 / 10001 |train loss: 0.000 |p_recon loss: 0.000 |lr: 0.00005
[01/17/2025 18:39:51] {pretrain_model.py:214} INFO - New best loss: 2.368392237883654e-08 at step 576
[01/17/2025 18:39:51] {pretrain_model.py:257} INFO - 576 / 10001 |train loss: 0.000 |p_recon loss: 0.000 |lr: 0.00005
[01/17/2025 18:39:52] {pretrain_model.py:214} INFO - New best loss: 2.3323451614487567e-08 at step 577
[01/17/2025 18:39:52] {pretrain_model.py:257} INFO - 577 / 10001 |train loss: 0.000 |p_recon loss: 0.000 |lr: 0.00005
[01/17/2025 18:39:52] {pretrain_model.py:214} INFO - New best loss: 2.323390191349972e-08 at step 579
[01/17/2025 18:39:52] {pretrain_model.py:257} INFO - 579 / 10001 |train loss: 0.000 |p_recon loss: 0.000 |lr: 0.00005
[01/17/2025 18:39:53] {pretrain_model.py:214} INFO - New best loss: 2.2766034390997447e-08 at step 584
[01/17/2025 18:39:53] {pretrain_model.py:257} INFO - 584 / 10001 |train loss: 0.000 |p_recon loss: 0.000 |lr: 0.00005
[01/17/2025 18:39:53] {pretrain_model.py:214} INFO - New best loss: 2.269905508001102e-08 at step 586
[01/17/2025 18:39:53] {pretrain_model.py:257} INFO - 586 / 10001 |train loss: 0.000 |p_recon loss: 0.000 |lr: 0.00005
[01/17/2025 18:39:53] {pretrain_model.py:214} INFO - New best loss: 2.2606629457300187e-08 at step 588
[01/17/2025 18:39:53] {pretrain_model.py:257} INFO - 588 / 10001 |train loss: 0.000 |p_recon loss: 0.000 |lr: 0.00005
[01/17/2025 18:39:53] {pretrain_model.py:214} INFO - New best loss: 2.240805763165099e-08 at step 589
[01/17/2025 18:39:53] {pretrain_model.py:257} INFO - 589 / 10001 |train loss: 0.000 |p_recon loss: 0.000 |lr: 0.00005
[01/17/2025 18:39:54] {pretrain_model.py:214} INFO - New best loss: 2.2217189865614273e-08 at step 592
[01/17/2025 18:39:54] {pretrain_model.py:257} INFO - 592 / 10001 |train loss: 0.000 |p_recon loss: 0.000 |lr: 0.00005
[01/17/2025 18:39:54] {pretrain_model.py:214} INFO - New best loss: 2.204603433142438e-08 at step 595
[01/17/2025 18:39:54] {pretrain_model.py:257} INFO - 595 / 10001 |train loss: 0.000 |p_recon loss: 0.000 |lr: 0.00005
[01/17/2025 18:39:55] {pretrain_model.py:214} INFO - New best loss: 2.1528858695774034e-08 at step 599
[01/17/2025 18:39:55] {pretrain_model.py:257} INFO - 599 / 10001 |train loss: 0.000 |p_recon loss: 0.000 |lr: 0.00005
[01/17/2025 18:39:55] {pretrain_model.py:207} INFO - Train loss at step 600: 2.2053161075064054e-08
[01/17/2025 18:39:55] {pretrain_model.py:214} INFO - New best loss: 2.1444622078092834e-08 at step 601
[01/17/2025 18:39:55] {pretrain_model.py:257} INFO - 601 / 10001 |train loss: 0.000 |p_recon loss: 0.000 |lr: 0.00005
[01/17/2025 18:39:56] {pretrain_model.py:214} INFO - New best loss: 2.1399362282181755e-08 at step 604
[01/17/2025 18:39:56] {pretrain_model.py:257} INFO - 604 / 10001 |train loss: 0.000 |p_recon loss: 0.000 |lr: 0.00005
[01/17/2025 18:39:56] {pretrain_model.py:214} INFO - New best loss: 2.1210407652461072e-08 at step 605
[01/17/2025 18:39:56] {pretrain_model.py:257} INFO - 605 / 10001 |train loss: 0.000 |p_recon loss: 0.000 |lr: 0.00005
[01/17/2025 18:39:56] {pretrain_model.py:214} INFO - New best loss: 2.0875916106888326e-08 at step 610
[01/17/2025 18:39:56] {pretrain_model.py:257} INFO - 610 / 10001 |train loss: 0.000 |p_recon loss: 0.000 |lr: 0.00005
[01/17/2025 18:39:57] {pretrain_model.py:214} INFO - New best loss: 2.0849045156978718e-08 at step 612
[01/17/2025 18:39:57] {pretrain_model.py:257} INFO - 612 / 10001 |train loss: 0.000 |p_recon loss: 0.000 |lr: 0.00005
[01/17/2025 18:39:57] {pretrain_model.py:214} INFO - New best loss: 2.080970595841336e-08 at step 616
[01/17/2025 18:39:57] {pretrain_model.py:257} INFO - 616 / 10001 |train loss: 0.000 |p_recon loss: 0.000 |lr: 0.00005
[01/17/2025 18:39:57] {pretrain_model.py:214} INFO - New best loss: 2.037301705115624e-08 at step 617
[01/17/2025 18:39:57] {pretrain_model.py:257} INFO - 617 / 10001 |train loss: 0.000 |p_recon loss: 0.000 |lr: 0.00005
[01/17/2025 18:39:58] {pretrain_model.py:214} INFO - New best loss: 2.0334525174803275e-08 at step 622
[01/17/2025 18:39:58] {pretrain_model.py:257} INFO - 622 / 10001 |train loss: 0.000 |p_recon loss: 0.000 |lr: 0.00005
[01/17/2025 18:39:58] {pretrain_model.py:214} INFO - New best loss: 1.984456510228938e-08 at step 623
[01/17/2025 18:39:58] {pretrain_model.py:257} INFO - 623 / 10001 |train loss: 0.000 |p_recon loss: 0.000 |lr: 0.00005
[01/17/2025 18:39:59] {pretrain_model.py:214} INFO - New best loss: 1.973459262671895e-08 at step 628
[01/17/2025 18:39:59] {pretrain_model.py:257} INFO - 628 / 10001 |train loss: 0.000 |p_recon loss: 0.000 |lr: 0.00005
[01/17/2025 18:39:59] {pretrain_model.py:214} INFO - New best loss: 1.9384700067348604e-08 at step 631
[01/17/2025 18:39:59] {pretrain_model.py:257} INFO - 631 / 10001 |train loss: 0.000 |p_recon loss: 0.000 |lr: 0.00005
[01/17/2025 18:40:00] {pretrain_model.py:214} INFO - New best loss: 1.9213409530038916e-08 at step 636
[01/17/2025 18:40:00] {pretrain_model.py:257} INFO - 636 / 10001 |train loss: 0.000 |p_recon loss: 0.000 |lr: 0.00005
[01/17/2025 18:40:00] {pretrain_model.py:214} INFO - New best loss: 1.895592660616785e-08 at step 637
[01/17/2025 18:40:00] {pretrain_model.py:257} INFO - 637 / 10001 |train loss: 0.000 |p_recon loss: 0.000 |lr: 0.00005
[01/17/2025 18:40:00] {pretrain_model.py:214} INFO - New best loss: 1.885125833211987e-08 at step 638
[01/17/2025 18:40:00] {pretrain_model.py:257} INFO - 638 / 10001 |train loss: 0.000 |p_recon loss: 0.000 |lr: 0.00005
[01/17/2025 18:40:01] {pretrain_model.py:214} INFO - New best loss: 1.8694798598062334e-08 at step 643
[01/17/2025 18:40:01] {pretrain_model.py:257} INFO - 643 / 10001 |train loss: 0.000 |p_recon loss: 0.000 |lr: 0.00005
[01/17/2025 18:40:02] {pretrain_model.py:214} INFO - New best loss: 1.829701190558808e-08 at step 647
[01/17/2025 18:40:02] {pretrain_model.py:257} INFO - 647 / 10001 |train loss: 0.000 |p_recon loss: 0.000 |lr: 0.00005
[01/17/2025 18:40:02] {pretrain_model.py:214} INFO - New best loss: 1.8086703690300965e-08 at step 649
[01/17/2025 18:40:02] {pretrain_model.py:257} INFO - 649 / 10001 |train loss: 0.000 |p_recon loss: 0.000 |lr: 0.00005
[01/17/2025 18:40:03] {pretrain_model.py:214} INFO - New best loss: 1.7787321837658965e-08 at step 657
[01/17/2025 18:40:03] {pretrain_model.py:257} INFO - 657 / 10001 |train loss: 0.000 |p_recon loss: 0.000 |lr: 0.00005
[01/17/2025 18:40:04] {pretrain_model.py:214} INFO - New best loss: 1.7419932163420526e-08 at step 660
[01/17/2025 18:40:04] {pretrain_model.py:257} INFO - 660 / 10001 |train loss: 0.000 |p_recon loss: 0.000 |lr: 0.00005
[01/17/2025 18:40:04] {pretrain_model.py:214} INFO - New best loss: 1.7369249150078758e-08 at step 661
[01/17/2025 18:40:04] {pretrain_model.py:257} INFO - 661 / 10001 |train loss: 0.000 |p_recon loss: 0.000 |lr: 0.00005
[01/17/2025 18:40:05] {pretrain_model.py:214} INFO - New best loss: 1.6803570090928588e-08 at step 671
[01/17/2025 18:40:05] {pretrain_model.py:257} INFO - 671 / 10001 |train loss: 0.000 |p_recon loss: 0.000 |lr: 0.00005
[01/17/2025 18:40:06] {pretrain_model.py:214} INFO - New best loss: 1.6778644251758124e-08 at step 675
[01/17/2025 18:40:06] {pretrain_model.py:257} INFO - 675 / 10001 |train loss: 0.000 |p_recon loss: 0.000 |lr: 0.00005
[01/17/2025 18:40:06] {pretrain_model.py:214} INFO - New best loss: 1.6720944628900725e-08 at step 677
[01/17/2025 18:40:06] {pretrain_model.py:257} INFO - 677 / 10001 |train loss: 0.000 |p_recon loss: 0.000 |lr: 0.00005
[01/17/2025 18:40:06] {pretrain_model.py:214} INFO - New best loss: 1.648107605944915e-08 at step 678
[01/17/2025 18:40:06] {pretrain_model.py:257} INFO - 678 / 10001 |train loss: 0.000 |p_recon loss: 0.000 |lr: 0.00005
[01/17/2025 18:40:07] {pretrain_model.py:214} INFO - New best loss: 1.6425174109713225e-08 at step 685
[01/17/2025 18:40:07] {pretrain_model.py:257} INFO - 685 / 10001 |train loss: 0.000 |p_recon loss: 0.000 |lr: 0.00005
[01/17/2025 18:40:08] {pretrain_model.py:214} INFO - New best loss: 1.5922690721481558e-08 at step 688
[01/17/2025 18:40:08] {pretrain_model.py:257} INFO - 688 / 10001 |train loss: 0.000 |p_recon loss: 0.000 |lr: 0.00005
[01/17/2025 18:40:08] {pretrain_model.py:214} INFO - New best loss: 1.5794451968531575e-08 at step 693
[01/17/2025 18:40:08] {pretrain_model.py:257} INFO - 693 / 10001 |train loss: 0.000 |p_recon loss: 0.000 |lr: 0.00005
[01/17/2025 18:40:09] {pretrain_model.py:214} INFO - New best loss: 1.5537128916776055e-08 at step 699
[01/17/2025 18:40:09] {pretrain_model.py:257} INFO - 699 / 10001 |train loss: 0.000 |p_recon loss: 0.000 |lr: 0.00005
[01/17/2025 18:40:09] {pretrain_model.py:207} INFO - Train loss at step 700: 1.5976519662785904e-08
[01/17/2025 18:40:10] {pretrain_model.py:214} INFO - New best loss: 1.5292954458345775e-08 at step 704
[01/17/2025 18:40:10] {pretrain_model.py:257} INFO - 704 / 10001 |train loss: 0.000 |p_recon loss: 0.000 |lr: 0.00005
[01/17/2025 18:40:11] {pretrain_model.py:214} INFO - New best loss: 1.5031732303327772e-08 at step 709
[01/17/2025 18:40:11] {pretrain_model.py:257} INFO - 709 / 10001 |train loss: 0.000 |p_recon loss: 0.000 |lr: 0.00005
[01/17/2025 18:40:11] {pretrain_model.py:214} INFO - New best loss: 1.4696422745430482e-08 at step 711
[01/17/2025 18:40:11] {pretrain_model.py:257} INFO - 711 / 10001 |train loss: 0.000 |p_recon loss: 0.000 |lr: 0.00005
[01/17/2025 18:40:12] {pretrain_model.py:214} INFO - New best loss: 1.460330789626596e-08 at step 718
[01/17/2025 18:40:12] {pretrain_model.py:257} INFO - 718 / 10001 |train loss: 0.000 |p_recon loss: 0.000 |lr: 0.00005
[01/17/2025 18:40:13] {pretrain_model.py:214} INFO - New best loss: 1.4380540314107293e-08 at step 724
[01/17/2025 18:40:13] {pretrain_model.py:257} INFO - 724 / 10001 |train loss: 0.000 |p_recon loss: 0.000 |lr: 0.00005
[01/17/2025 18:40:13] {pretrain_model.py:214} INFO - New best loss: 1.4208751508704154e-08 at step 725
[01/17/2025 18:40:13] {pretrain_model.py:257} INFO - 725 / 10001 |train loss: 0.000 |p_recon loss: 0.000 |lr: 0.00005
[01/17/2025 18:40:13] {pretrain_model.py:214} INFO - New best loss: 1.4047380147985677e-08 at step 728
[01/17/2025 18:40:13] {pretrain_model.py:257} INFO - 728 / 10001 |train loss: 0.000 |p_recon loss: 0.000 |lr: 0.00005
[01/17/2025 18:40:15] {pretrain_model.py:214} INFO - New best loss: 1.3797818887439917e-08 at step 737
[01/17/2025 18:40:15] {pretrain_model.py:257} INFO - 737 / 10001 |train loss: 0.000 |p_recon loss: 0.000 |lr: 0.00005
[01/17/2025 18:40:15] {pretrain_model.py:214} INFO - New best loss: 1.3707940560436782e-08 at step 740
[01/17/2025 18:40:15] {pretrain_model.py:257} INFO - 740 / 10001 |train loss: 0.000 |p_recon loss: 0.000 |lr: 0.00005
[01/17/2025 18:40:16] {pretrain_model.py:214} INFO - New best loss: 1.3609057880614728e-08 at step 744
[01/17/2025 18:40:16] {pretrain_model.py:257} INFO - 744 / 10001 |train loss: 0.000 |p_recon loss: 0.000 |lr: 0.00005
[01/17/2025 18:40:16] {pretrain_model.py:214} INFO - New best loss: 1.3467427173452506e-08 at step 745
[01/17/2025 18:40:16] {pretrain_model.py:257} INFO - 745 / 10001 |train loss: 0.000 |p_recon loss: 0.000 |lr: 0.00005
[01/17/2025 18:40:16] {pretrain_model.py:214} INFO - New best loss: 1.3462393866348066e-08 at step 750
[01/17/2025 18:40:16] {pretrain_model.py:257} INFO - 750 / 10001 |train loss: 0.000 |p_recon loss: 0.000 |lr: 0.00005
[01/17/2025 18:40:17] {pretrain_model.py:214} INFO - New best loss: 1.3307717594557289e-08 at step 753
[01/17/2025 18:40:17] {pretrain_model.py:257} INFO - 753 / 10001 |train loss: 0.000 |p_recon loss: 0.000 |lr: 0.00005
[01/17/2025 18:40:17] {pretrain_model.py:214} INFO - New best loss: 1.3160886602747723e-08 at step 754
[01/17/2025 18:40:17] {pretrain_model.py:257} INFO - 754 / 10001 |train loss: 0.000 |p_recon loss: 0.000 |lr: 0.00005
[01/17/2025 18:40:18] {pretrain_model.py:214} INFO - New best loss: 1.298090612777969e-08 at step 760
[01/17/2025 18:40:18] {pretrain_model.py:257} INFO - 760 / 10001 |train loss: 0.000 |p_recon loss: 0.000 |lr: 0.00005
[01/17/2025 18:40:18] {pretrain_model.py:214} INFO - New best loss: 1.2863531573259479e-08 at step 762
[01/17/2025 18:40:18] {pretrain_model.py:257} INFO - 762 / 10001 |train loss: 0.000 |p_recon loss: 0.000 |lr: 0.00005
[01/17/2025 18:40:18] {pretrain_model.py:214} INFO - New best loss: 1.2716014907709905e-08 at step 764
[01/17/2025 18:40:18] {pretrain_model.py:257} INFO - 764 / 10001 |train loss: 0.000 |p_recon loss: 0.000 |lr: 0.00005
[01/17/2025 18:40:19] {pretrain_model.py:214} INFO - New best loss: 1.2697491946767059e-08 at step 769
[01/17/2025 18:40:19] {pretrain_model.py:257} INFO - 769 / 10001 |train loss: 0.000 |p_recon loss: 0.000 |lr: 0.00005
[01/17/2025 18:40:20] {pretrain_model.py:214} INFO - New best loss: 1.2470588117707848e-08 at step 771
[01/17/2025 18:40:20] {pretrain_model.py:257} INFO - 771 / 10001 |train loss: 0.000 |p_recon loss: 0.000 |lr: 0.00005
[01/17/2025 18:40:20] {pretrain_model.py:214} INFO - New best loss: 1.2286637485203755e-08 at step 773
[01/17/2025 18:40:20] {pretrain_model.py:257} INFO - 773 / 10001 |train loss: 0.000 |p_recon loss: 0.000 |lr: 0.00005
[01/17/2025 18:40:21] {pretrain_model.py:214} INFO - New best loss: 1.2175751962217873e-08 at step 780
[01/17/2025 18:40:21] {pretrain_model.py:257} INFO - 780 / 10001 |train loss: 0.000 |p_recon loss: 0.000 |lr: 0.00005
[01/17/2025 18:40:22] {pretrain_model.py:214} INFO - New best loss: 1.2098643864533187e-08 at step 785
[01/17/2025 18:40:22] {pretrain_model.py:257} INFO - 785 / 10001 |train loss: 0.000 |p_recon loss: 0.000 |lr: 0.00005
[01/17/2025 18:40:22] {pretrain_model.py:214} INFO - New best loss: 1.1980182179627263e-08 at step 787
[01/17/2025 18:40:22] {pretrain_model.py:257} INFO - 787 / 10001 |train loss: 0.000 |p_recon loss: 0.000 |lr: 0.00005
[01/17/2025 18:40:22] {pretrain_model.py:214} INFO - New best loss: 1.1667016686089937e-08 at step 789
[01/17/2025 18:40:22] {pretrain_model.py:257} INFO - 789 / 10001 |train loss: 0.000 |p_recon loss: 0.000 |lr: 0.00005
[01/17/2025 18:40:24] {pretrain_model.py:207} INFO - Train loss at step 800: 1.1651475340102024e-08
[01/17/2025 18:40:24] {pretrain_model.py:214} INFO - New best loss: 1.1651475340102024e-08 at step 800
[01/17/2025 18:40:24] {pretrain_model.py:257} INFO - 800 / 10001 |train loss: 0.000 |p_recon loss: 0.000 |lr: 0.00005
[01/17/2025 18:40:24] {pretrain_model.py:214} INFO - New best loss: 1.1594780247037306e-08 at step 803
[01/17/2025 18:40:24] {pretrain_model.py:257} INFO - 803 / 10001 |train loss: 0.000 |p_recon loss: 0.000 |lr: 0.00005
[01/17/2025 18:40:24] {pretrain_model.py:214} INFO - New best loss: 1.1396676491415292e-08 at step 805
[01/17/2025 18:40:24] {pretrain_model.py:257} INFO - 805 / 10001 |train loss: 0.000 |p_recon loss: 0.000 |lr: 0.00005
[01/17/2025 18:40:26] {pretrain_model.py:214} INFO - New best loss: 1.131529181463975e-08 at step 812
[01/17/2025 18:40:26] {pretrain_model.py:257} INFO - 812 / 10001 |train loss: 0.000 |p_recon loss: 0.000 |lr: 0.00005
[01/17/2025 18:40:26] {pretrain_model.py:214} INFO - New best loss: 1.1269223776366744e-08 at step 813
[01/17/2025 18:40:26] {pretrain_model.py:257} INFO - 813 / 10001 |train loss: 0.000 |p_recon loss: 0.000 |lr: 0.00005
[01/17/2025 18:40:26] {pretrain_model.py:214} INFO - New best loss: 1.1057721849283553e-08 at step 815
[01/17/2025 18:40:26] {pretrain_model.py:257} INFO - 815 / 10001 |train loss: 0.000 |p_recon loss: 0.000 |lr: 0.00005
[01/17/2025 18:40:27] {pretrain_model.py:214} INFO - New best loss: 1.086115464232762e-08 at step 821
[01/17/2025 18:40:27] {pretrain_model.py:257} INFO - 821 / 10001 |train loss: 0.000 |p_recon loss: 0.000 |lr: 0.00005
[01/17/2025 18:40:28] {pretrain_model.py:214} INFO - New best loss: 1.0731556088217076e-08 at step 826
[01/17/2025 18:40:28] {pretrain_model.py:257} INFO - 826 / 10001 |train loss: 0.000 |p_recon loss: 0.000 |lr: 0.00005
[01/17/2025 18:40:28] {pretrain_model.py:214} INFO - New best loss: 1.0644663817060973e-08 at step 832
[01/17/2025 18:40:28] {pretrain_model.py:257} INFO - 832 / 10001 |train loss: 0.000 |p_recon loss: 0.000 |lr: 0.00005
[01/17/2025 18:40:29] {pretrain_model.py:214} INFO - New best loss: 1.0444251685726158e-08 at step 836
[01/17/2025 18:40:29] {pretrain_model.py:257} INFO - 836 / 10001 |train loss: 0.000 |p_recon loss: 0.000 |lr: 0.00005
[01/17/2025 18:40:29] {pretrain_model.py:214} INFO - New best loss: 1.0417957163610936e-08 at step 839
[01/17/2025 18:40:29] {pretrain_model.py:257} INFO - 839 / 10001 |train loss: 0.000 |p_recon loss: 0.000 |lr: 0.00005
[01/17/2025 18:40:30] {pretrain_model.py:214} INFO - New best loss: 1.0357589452780758e-08 at step 842
[01/17/2025 18:40:30] {pretrain_model.py:257} INFO - 842 / 10001 |train loss: 0.000 |p_recon loss: 0.000 |lr: 0.00005
[01/17/2025 18:40:30] {pretrain_model.py:214} INFO - New best loss: 1.031901852854844e-08 at step 845
[01/17/2025 18:40:30] {pretrain_model.py:257} INFO - 845 / 10001 |train loss: 0.000 |p_recon loss: 0.000 |lr: 0.00005
[01/17/2025 18:40:31] {pretrain_model.py:214} INFO - New best loss: 1.0198209388079249e-08 at step 848
[01/17/2025 18:40:31] {pretrain_model.py:257} INFO - 848 / 10001 |train loss: 0.000 |p_recon loss: 0.000 |lr: 0.00005
[01/17/2025 18:40:31] {pretrain_model.py:214} INFO - New best loss: 1.019080109188053e-08 at step 849
[01/17/2025 18:40:31] {pretrain_model.py:257} INFO - 849 / 10001 |train loss: 0.000 |p_recon loss: 0.000 |lr: 0.00005
[01/17/2025 18:40:31] {pretrain_model.py:214} INFO - New best loss: 1.0183461185420128e-08 at step 850
[01/17/2025 18:40:31] {pretrain_model.py:257} INFO - 850 / 10001 |train loss: 0.000 |p_recon loss: 0.000 |lr: 0.00005
[01/17/2025 18:40:31] {pretrain_model.py:214} INFO - New best loss: 9.992676019976443e-09 at step 852
[01/17/2025 18:40:31] {pretrain_model.py:257} INFO - 852 / 10001 |train loss: 0.000 |p_recon loss: 0.000 |lr: 0.00005
[01/17/2025 18:40:32] {pretrain_model.py:214} INFO - New best loss: 9.967749292627559e-09 at step 854
[01/17/2025 18:40:32] {pretrain_model.py:257} INFO - 854 / 10001 |train loss: 0.000 |p_recon loss: 0.000 |lr: 0.00005
[01/17/2025 18:40:33] {pretrain_model.py:214} INFO - New best loss: 9.686440982648037e-09 at step 862
[01/17/2025 18:40:33] {pretrain_model.py:257} INFO - 862 / 10001 |train loss: 0.000 |p_recon loss: 0.000 |lr: 0.00005
[01/17/2025 18:40:33] {pretrain_model.py:214} INFO - New best loss: 9.581541782210934e-09 at step 866
[01/17/2025 18:40:33] {pretrain_model.py:257} INFO - 866 / 10001 |train loss: 0.000 |p_recon loss: 0.000 |lr: 0.00005
[01/17/2025 18:40:34] {pretrain_model.py:214} INFO - New best loss: 9.508439369199095e-09 at step 872
[01/17/2025 18:40:34] {pretrain_model.py:257} INFO - 872 / 10001 |train loss: 0.000 |p_recon loss: 0.000 |lr: 0.00005
[01/17/2025 18:40:34] {pretrain_model.py:214} INFO - New best loss: 9.34182420309071e-09 at step 873
[01/17/2025 18:40:34] {pretrain_model.py:257} INFO - 873 / 10001 |train loss: 0.000 |p_recon loss: 0.000 |lr: 0.00005
[01/17/2025 18:40:36] {pretrain_model.py:214} INFO - New best loss: 9.187734129056935e-09 at step 884
[01/17/2025 18:40:36] {pretrain_model.py:257} INFO - 884 / 10001 |train loss: 0.000 |p_recon loss: 0.000 |lr: 0.00005
[01/17/2025 18:40:37] {pretrain_model.py:214} INFO - New best loss: 9.067044004495983e-09 at step 890
[01/17/2025 18:40:37] {pretrain_model.py:257} INFO - 890 / 10001 |train loss: 0.000 |p_recon loss: 0.000 |lr: 0.00005
[01/17/2025 18:40:38] {pretrain_model.py:214} INFO - New best loss: 8.856928523925944e-09 at step 897
[01/17/2025 18:40:38] {pretrain_model.py:257} INFO - 897 / 10001 |train loss: 0.000 |p_recon loss: 0.000 |lr: 0.00005
[01/17/2025 18:40:38] {pretrain_model.py:207} INFO - Train loss at step 900: 8.935996831382909e-09
[01/17/2025 18:40:39] {pretrain_model.py:214} INFO - New best loss: 8.805710827175517e-09 at step 906
[01/17/2025 18:40:39] {pretrain_model.py:257} INFO - 906 / 10001 |train loss: 0.000 |p_recon loss: 0.000 |lr: 0.00005
[01/17/2025 18:40:39] {pretrain_model.py:214} INFO - New best loss: 8.624016167857462e-09 at step 907
[01/17/2025 18:40:39] {pretrain_model.py:257} INFO - 907 / 10001 |train loss: 0.000 |p_recon loss: 0.000 |lr: 0.00005
[01/17/2025 18:40:40] {pretrain_model.py:214} INFO - New best loss: 8.543561413887346e-09 at step 911
[01/17/2025 18:40:40] {pretrain_model.py:257} INFO - 911 / 10001 |train loss: 0.000 |p_recon loss: 0.000 |lr: 0.00005
[01/17/2025 18:40:41] {pretrain_model.py:214} INFO - New best loss: 8.538348694742126e-09 at step 920
[01/17/2025 18:40:41] {pretrain_model.py:257} INFO - 920 / 10001 |train loss: 0.000 |p_recon loss: 0.000 |lr: 0.00005
[01/17/2025 18:40:41] {pretrain_model.py:214} INFO - New best loss: 8.44379588471611e-09 at step 921
[01/17/2025 18:40:41] {pretrain_model.py:257} INFO - 921 / 10001 |train loss: 0.000 |p_recon loss: 0.000 |lr: 0.00005
[01/17/2025 18:40:42] {pretrain_model.py:214} INFO - New best loss: 8.180794708323447e-09 at step 928
[01/17/2025 18:40:42] {pretrain_model.py:257} INFO - 928 / 10001 |train loss: 0.000 |p_recon loss: 0.000 |lr: 0.00005
[01/17/2025 18:40:43] {pretrain_model.py:214} INFO - New best loss: 8.148435703958512e-09 at step 934
[01/17/2025 18:40:43] {pretrain_model.py:257} INFO - 934 / 10001 |train loss: 0.000 |p_recon loss: 0.000 |lr: 0.00005
[01/17/2025 18:40:43] {pretrain_model.py:214} INFO - New best loss: 8.119463323907894e-09 at step 935
[01/17/2025 18:40:43] {pretrain_model.py:257} INFO - 935 / 10001 |train loss: 0.000 |p_recon loss: 0.000 |lr: 0.00005
[01/17/2025 18:40:44] {pretrain_model.py:214} INFO - New best loss: 8.033133269691461e-09 at step 941
[01/17/2025 18:40:44] {pretrain_model.py:257} INFO - 941 / 10001 |train loss: 0.000 |p_recon loss: 0.000 |lr: 0.00005
[01/17/2025 18:40:44] {pretrain_model.py:214} INFO - New best loss: 7.945507363160687e-09 at step 943
[01/17/2025 18:40:44] {pretrain_model.py:257} INFO - 943 / 10001 |train loss: 0.000 |p_recon loss: 0.000 |lr: 0.00005
[01/17/2025 18:40:45] {pretrain_model.py:214} INFO - New best loss: 7.795532219745382e-09 at step 947
[01/17/2025 18:40:45] {pretrain_model.py:257} INFO - 947 / 10001 |train loss: 0.000 |p_recon loss: 0.000 |lr: 0.00005
[01/17/2025 18:40:46] {pretrain_model.py:214} INFO - New best loss: 7.775360799655573e-09 at step 953
[01/17/2025 18:40:46] {pretrain_model.py:257} INFO - 953 / 10001 |train loss: 0.000 |p_recon loss: 0.000 |lr: 0.00005
[01/17/2025 18:40:47] {pretrain_model.py:214} INFO - New best loss: 7.581165029080239e-09 at step 962
[01/17/2025 18:40:47] {pretrain_model.py:257} INFO - 962 / 10001 |train loss: 0.000 |p_recon loss: 0.000 |lr: 0.00005
[01/17/2025 18:40:47] {pretrain_model.py:214} INFO - New best loss: 7.54677298431261e-09 at step 964
[01/17/2025 18:40:47] {pretrain_model.py:257} INFO - 964 / 10001 |train loss: 0.000 |p_recon loss: 0.000 |lr: 0.00005
[01/17/2025 18:40:48] {pretrain_model.py:214} INFO - New best loss: 7.431491866327633e-09 at step 970
[01/17/2025 18:40:48] {pretrain_model.py:257} INFO - 970 / 10001 |train loss: 0.000 |p_recon loss: 0.000 |lr: 0.00005
[01/17/2025 18:40:49] {pretrain_model.py:214} INFO - New best loss: 7.422030101622568e-09 at step 977
[01/17/2025 18:40:49] {pretrain_model.py:257} INFO - 977 / 10001 |train loss: 0.000 |p_recon loss: 0.000 |lr: 0.00005
[01/17/2025 18:40:49] {pretrain_model.py:214} INFO - New best loss: 7.4035515496007065e-09 at step 978
[01/17/2025 18:40:49] {pretrain_model.py:257} INFO - 978 / 10001 |train loss: 0.000 |p_recon loss: 0.000 |lr: 0.00005
[01/17/2025 18:40:50] {pretrain_model.py:214} INFO - New best loss: 7.368718080158487e-09 at step 981
[01/17/2025 18:40:50] {pretrain_model.py:257} INFO - 981 / 10001 |train loss: 0.000 |p_recon loss: 0.000 |lr: 0.00005
[01/17/2025 18:40:50] {pretrain_model.py:214} INFO - New best loss: 7.216423902889346e-09 at step 984
[01/17/2025 18:40:50] {pretrain_model.py:257} INFO - 984 / 10001 |train loss: 0.000 |p_recon loss: 0.000 |lr: 0.00005
[01/17/2025 18:40:51] {pretrain_model.py:214} INFO - New best loss: 7.1630683606827006e-09 at step 989
[01/17/2025 18:40:51] {pretrain_model.py:257} INFO - 989 / 10001 |train loss: 0.000 |p_recon loss: 0.000 |lr: 0.00005
[01/17/2025 18:40:52] {pretrain_model.py:214} INFO - New best loss: 7.135883439701729e-09 at step 995
[01/17/2025 18:40:52] {pretrain_model.py:257} INFO - 995 / 10001 |train loss: 0.000 |p_recon loss: 0.000 |lr: 0.00005
[01/17/2025 18:40:52] {pretrain_model.py:214} INFO - New best loss: 7.1221570863144734e-09 at step 996
[01/17/2025 18:40:52] {pretrain_model.py:257} INFO - 996 / 10001 |train loss: 0.000 |p_recon loss: 0.000 |lr: 0.00005
[01/17/2025 18:40:52] {pretrain_model.py:214} INFO - New best loss: 6.961128562466001e-09 at step 998
[01/17/2025 18:40:52] {pretrain_model.py:257} INFO - 998 / 10001 |train loss: 0.000 |p_recon loss: 0.000 |lr: 0.00005
[01/17/2025 18:40:53] {pretrain_model.py:207} INFO - Train loss at step 1000: 7.0278405317480974e-09
[01/17/2025 18:40:53] {pretrain_model.py:214} INFO - New best loss: 6.924106621397641e-09 at step 1003
[01/17/2025 18:40:53] {pretrain_model.py:257} INFO - 1003 / 10001 |train loss: 0.000 |p_recon loss: 0.000 |lr: 0.00005
[01/17/2025 18:40:54] {pretrain_model.py:214} INFO - New best loss: 6.878216218808575e-09 at step 1006
[01/17/2025 18:40:54] {pretrain_model.py:257} INFO - 1006 / 10001 |train loss: 0.000 |p_recon loss: 0.000 |lr: 0.00005
[01/17/2025 18:40:54] {pretrain_model.py:214} INFO - New best loss: 6.872910685018496e-09 at step 1010
[01/17/2025 18:40:54] {pretrain_model.py:257} INFO - 1010 / 10001 |train loss: 0.000 |p_recon loss: 0.000 |lr: 0.00005
[01/17/2025 18:40:55] {pretrain_model.py:214} INFO - New best loss: 6.872768576471344e-09 at step 1015
[01/17/2025 18:40:55] {pretrain_model.py:257} INFO - 1015 / 10001 |train loss: 0.000 |p_recon loss: 0.000 |lr: 0.00005
[01/17/2025 18:40:55] {pretrain_model.py:214} INFO - New best loss: 6.835074728428481e-09 at step 1017
[01/17/2025 18:40:55] {pretrain_model.py:257} INFO - 1017 / 10001 |train loss: 0.000 |p_recon loss: 0.000 |lr: 0.00005
[01/17/2025 18:40:55] {pretrain_model.py:214} INFO - New best loss: 6.785350059601569e-09 at step 1018
[01/17/2025 18:40:55] {pretrain_model.py:257} INFO - 1018 / 10001 |train loss: 0.000 |p_recon loss: 0.000 |lr: 0.00005
[01/17/2025 18:40:55] {pretrain_model.py:214} INFO - New best loss: 6.665902052560568e-09 at step 1019
[01/17/2025 18:40:55] {pretrain_model.py:257} INFO - 1019 / 10001 |train loss: 0.000 |p_recon loss: 0.000 |lr: 0.00005
[01/17/2025 18:40:56] {pretrain_model.py:214} INFO - New best loss: 6.634438332042691e-09 at step 1025
[01/17/2025 18:40:56] {pretrain_model.py:257} INFO - 1025 / 10001 |train loss: 0.000 |p_recon loss: 0.000 |lr: 0.00005
[01/17/2025 18:40:57] {pretrain_model.py:214} INFO - New best loss: 6.495703974707112e-09 at step 1027
[01/17/2025 18:40:57] {pretrain_model.py:257} INFO - 1027 / 10001 |train loss: 0.000 |p_recon loss: 0.000 |lr: 0.00005
[01/17/2025 18:40:57] {pretrain_model.py:214} INFO - New best loss: 6.394358820216439e-09 at step 1033
[01/17/2025 18:40:57] {pretrain_model.py:257} INFO - 1033 / 10001 |train loss: 0.000 |p_recon loss: 0.000 |lr: 0.00005
[01/17/2025 18:40:59] {pretrain_model.py:214} INFO - New best loss: 6.359306858882974e-09 at step 1042
[01/17/2025 18:40:59] {pretrain_model.py:257} INFO - 1042 / 10001 |train loss: 0.000 |p_recon loss: 0.000 |lr: 0.00005
[01/17/2025 18:41:00] {pretrain_model.py:214} INFO - New best loss: 6.273872088513599e-09 at step 1049
[01/17/2025 18:41:00] {pretrain_model.py:257} INFO - 1049 / 10001 |train loss: 0.000 |p_recon loss: 0.000 |lr: 0.00005
[01/17/2025 18:41:00] {pretrain_model.py:214} INFO - New best loss: 6.261823060071947e-09 at step 1052
[01/17/2025 18:41:00] {pretrain_model.py:257} INFO - 1052 / 10001 |train loss: 0.000 |p_recon loss: 0.000 |lr: 0.00005
[01/17/2025 18:41:01] {pretrain_model.py:214} INFO - New best loss: 6.158114906895662e-09 at step 1055
[01/17/2025 18:41:01] {pretrain_model.py:257} INFO - 1055 / 10001 |train loss: 0.000 |p_recon loss: 0.000 |lr: 0.00005
[01/17/2025 18:41:01] {pretrain_model.py:214} INFO - New best loss: 6.101575689143601e-09 at step 1061
[01/17/2025 18:41:01] {pretrain_model.py:257} INFO - 1061 / 10001 |train loss: 0.000 |p_recon loss: 0.000 |lr: 0.00005
[01/17/2025 18:41:02] {pretrain_model.py:214} INFO - New best loss: 6.0574438798255414e-09 at step 1064
[01/17/2025 18:41:02] {pretrain_model.py:257} INFO - 1064 / 10001 |train loss: 0.000 |p_recon loss: 0.000 |lr: 0.00005
[01/17/2025 18:41:02] {pretrain_model.py:214} INFO - New best loss: 5.960509863456309e-09 at step 1068
[01/17/2025 18:41:02] {pretrain_model.py:257} INFO - 1068 / 10001 |train loss: 0.000 |p_recon loss: 0.000 |lr: 0.00005
[01/17/2025 18:41:03] {pretrain_model.py:214} INFO - New best loss: 5.843482142608991e-09 at step 1070
[01/17/2025 18:41:03] {pretrain_model.py:257} INFO - 1070 / 10001 |train loss: 0.000 |p_recon loss: 0.000 |lr: 0.00005
[01/17/2025 18:41:04] {pretrain_model.py:214} INFO - New best loss: 5.774175360073741e-09 at step 1082
[01/17/2025 18:41:04] {pretrain_model.py:257} INFO - 1082 / 10001 |train loss: 0.000 |p_recon loss: 0.000 |lr: 0.00005
[01/17/2025 18:41:05] {pretrain_model.py:214} INFO - New best loss: 5.771634725704189e-09 at step 1084
[01/17/2025 18:41:05] {pretrain_model.py:257} INFO - 1084 / 10001 |train loss: 0.000 |p_recon loss: 0.000 |lr: 0.00005
[01/17/2025 18:41:06] {pretrain_model.py:214} INFO - New best loss: 5.674931635724079e-09 at step 1091
[01/17/2025 18:41:06] {pretrain_model.py:257} INFO - 1091 / 10001 |train loss: 0.000 |p_recon loss: 0.000 |lr: 0.00005
[01/17/2025 18:41:06] {pretrain_model.py:214} INFO - New best loss: 5.580579554020915e-09 at step 1092
[01/17/2025 18:41:06] {pretrain_model.py:257} INFO - 1092 / 10001 |train loss: 0.000 |p_recon loss: 0.000 |lr: 0.00005
[01/17/2025 18:41:07] {pretrain_model.py:207} INFO - Train loss at step 1100: 5.7372444572934e-09
[01/17/2025 18:41:08] {pretrain_model.py:214} INFO - New best loss: 5.577315498328517e-09 at step 1108
[01/17/2025 18:41:08] {pretrain_model.py:257} INFO - 1108 / 10001 |train loss: 0.000 |p_recon loss: 0.000 |lr: 0.00005
[01/17/2025 18:41:09] {pretrain_model.py:214} INFO - New best loss: 5.493977717208054e-09 at step 1113
[01/17/2025 18:41:09] {pretrain_model.py:257} INFO - 1113 / 10001 |train loss: 0.000 |p_recon loss: 0.000 |lr: 0.00005
[01/17/2025 18:41:09] {pretrain_model.py:214} INFO - New best loss: 5.415843329359404e-09 at step 1114
[01/17/2025 18:41:09] {pretrain_model.py:257} INFO - 1114 / 10001 |train loss: 0.000 |p_recon loss: 0.000 |lr: 0.00005
[01/17/2025 18:41:10] {pretrain_model.py:214} INFO - New best loss: 5.361452171115388e-09 at step 1121
[01/17/2025 18:41:10] {pretrain_model.py:257} INFO - 1121 / 10001 |train loss: 0.000 |p_recon loss: 0.000 |lr: 0.00005
[01/17/2025 18:41:11] {pretrain_model.py:214} INFO - New best loss: 5.2466426758712714e-09 at step 1127
[01/17/2025 18:41:11] {pretrain_model.py:257} INFO - 1127 / 10001 |train loss: 0.000 |p_recon loss: 0.000 |lr: 0.00005
[01/17/2025 18:41:12] {pretrain_model.py:214} INFO - New best loss: 5.217935417078934e-09 at step 1133
[01/17/2025 18:41:12] {pretrain_model.py:257} INFO - 1133 / 10001 |train loss: 0.000 |p_recon loss: 0.000 |lr: 0.00005
[01/17/2025 18:41:12] {pretrain_model.py:214} INFO - New best loss: 5.137153369361158e-09 at step 1137
[01/17/2025 18:41:12] {pretrain_model.py:257} INFO - 1137 / 10001 |train loss: 0.000 |p_recon loss: 0.000 |lr: 0.00005
[01/17/2025 18:41:14] {pretrain_model.py:214} INFO - New best loss: 5.082962051261575e-09 at step 1147
[01/17/2025 18:41:14] {pretrain_model.py:257} INFO - 1147 / 10001 |train loss: 0.000 |p_recon loss: 0.000 |lr: 0.00005
[01/17/2025 18:41:14] {pretrain_model.py:214} INFO - New best loss: 5.067463781927017e-09 at step 1149
[01/17/2025 18:41:14] {pretrain_model.py:257} INFO - 1149 / 10001 |train loss: 0.000 |p_recon loss: 0.000 |lr: 0.00005
[01/17/2025 18:41:15] {pretrain_model.py:214} INFO - New best loss: 4.979789913761579e-09 at step 1156
[01/17/2025 18:41:15] {pretrain_model.py:257} INFO - 1156 / 10001 |train loss: 0.000 |p_recon loss: 0.000 |lr: 0.00005
[01/17/2025 18:41:15] {pretrain_model.py:214} INFO - New best loss: 4.974474610008883e-09 at step 1158
[01/17/2025 18:41:15] {pretrain_model.py:257} INFO - 1158 / 10001 |train loss: 0.000 |p_recon loss: 0.000 |lr: 0.00005
[01/17/2025 18:41:16] {pretrain_model.py:214} INFO - New best loss: 4.853250246128482e-09 at step 1161
[01/17/2025 18:41:16] {pretrain_model.py:257} INFO - 1161 / 10001 |train loss: 0.000 |p_recon loss: 0.000 |lr: 0.00005
[01/17/2025 18:41:17] {pretrain_model.py:214} INFO - New best loss: 4.8248214312707205e-09 at step 1170
[01/17/2025 18:41:17] {pretrain_model.py:257} INFO - 1170 / 10001 |train loss: 0.000 |p_recon loss: 0.000 |lr: 0.00005
[01/17/2025 18:41:18] {pretrain_model.py:214} INFO - New best loss: 4.806173237170697e-09 at step 1176
[01/17/2025 18:41:18] {pretrain_model.py:257} INFO - 1176 / 10001 |train loss: 0.000 |p_recon loss: 0.000 |lr: 0.00005
[01/17/2025 18:41:18] {pretrain_model.py:214} INFO - New best loss: 4.733985647931149e-09 at step 1179
[01/17/2025 18:41:18] {pretrain_model.py:257} INFO - 1179 / 10001 |train loss: 0.000 |p_recon loss: 0.000 |lr: 0.00005
[01/17/2025 18:41:20] {pretrain_model.py:214} INFO - New best loss: 4.663807118276964e-09 at step 1190
[01/17/2025 18:41:20] {pretrain_model.py:257} INFO - 1190 / 10001 |train loss: 0.000 |p_recon loss: 0.000 |lr: 0.00005
[01/17/2025 18:41:21] {pretrain_model.py:214} INFO - New best loss: 4.599178815567484e-09 at step 1197
[01/17/2025 18:41:21] {pretrain_model.py:257} INFO - 1197 / 10001 |train loss: 0.000 |p_recon loss: 0.000 |lr: 0.00005
[01/17/2025 18:41:21] {pretrain_model.py:207} INFO - Train loss at step 1200: 4.60775106958522e-09
[01/17/2025 18:41:23] {pretrain_model.py:214} INFO - New best loss: 4.505036788060579e-09 at step 1209
[01/17/2025 18:41:23] {pretrain_model.py:257} INFO - 1209 / 10001 |train loss: 0.000 |p_recon loss: 0.000 |lr: 0.00005
[01/17/2025 18:41:23] {pretrain_model.py:214} INFO - New best loss: 4.473801773485775e-09 at step 1214
[01/17/2025 18:41:23] {pretrain_model.py:257} INFO - 1214 / 10001 |train loss: 0.000 |p_recon loss: 0.000 |lr: 0.00005
[01/17/2025 18:41:24] {pretrain_model.py:214} INFO - New best loss: 4.421025323608774e-09 at step 1218
[01/17/2025 18:41:24] {pretrain_model.py:257} INFO - 1218 / 10001 |train loss: 0.000 |p_recon loss: 0.000 |lr: 0.00005
[01/17/2025 18:41:25] {pretrain_model.py:214} INFO - New best loss: 4.400440012375384e-09 at step 1226
[01/17/2025 18:41:25] {pretrain_model.py:257} INFO - 1226 / 10001 |train loss: 0.000 |p_recon loss: 0.000 |lr: 0.00005
[01/17/2025 18:41:25] {pretrain_model.py:214} INFO - New best loss: 4.391622621113811e-09 at step 1227
[01/17/2025 18:41:25] {pretrain_model.py:257} INFO - 1227 / 10001 |train loss: 0.000 |p_recon loss: 0.000 |lr: 0.00005
[01/17/2025 18:41:26] {pretrain_model.py:214} INFO - New best loss: 4.312529888750305e-09 at step 1229
[01/17/2025 18:41:26] {pretrain_model.py:257} INFO - 1229 / 10001 |train loss: 0.000 |p_recon loss: 0.000 |lr: 0.00005
[01/17/2025 18:41:26] {pretrain_model.py:214} INFO - New best loss: 4.30404378803928e-09 at step 1230
[01/17/2025 18:41:26] {pretrain_model.py:257} INFO - 1230 / 10001 |train loss: 0.000 |p_recon loss: 0.000 |lr: 0.00005
[01/17/2025 18:41:27] {pretrain_model.py:214} INFO - New best loss: 4.251416108047579e-09 at step 1237
[01/17/2025 18:41:27] {pretrain_model.py:257} INFO - 1237 / 10001 |train loss: 0.000 |p_recon loss: 0.000 |lr: 0.00005
[01/17/2025 18:41:28] {pretrain_model.py:214} INFO - New best loss: 4.20651069532596e-09 at step 1248
[01/17/2025 18:41:28] {pretrain_model.py:257} INFO - 1248 / 10001 |train loss: 0.000 |p_recon loss: 0.000 |lr: 0.00005
[01/17/2025 18:41:29] {pretrain_model.py:214} INFO - New best loss: 4.180379598039963e-09 at step 1254
[01/17/2025 18:41:29] {pretrain_model.py:257} INFO - 1254 / 10001 |train loss: 0.000 |p_recon loss: 0.000 |lr: 0.00005
[01/17/2025 18:41:29] {pretrain_model.py:214} INFO - New best loss: 4.159820932159164e-09 at step 1256
[01/17/2025 18:41:29] {pretrain_model.py:257} INFO - 1256 / 10001 |train loss: 0.000 |p_recon loss: 0.000 |lr: 0.00005
[01/17/2025 18:41:30] {pretrain_model.py:214} INFO - New best loss: 4.095305428108986e-09 at step 1260
[01/17/2025 18:41:30] {pretrain_model.py:257} INFO - 1260 / 10001 |train loss: 0.000 |p_recon loss: 0.000 |lr: 0.00005
[01/17/2025 18:41:30] {pretrain_model.py:214} INFO - New best loss: 4.090263239220349e-09 at step 1263
[01/17/2025 18:41:30] {pretrain_model.py:257} INFO - 1263 / 10001 |train loss: 0.000 |p_recon loss: 0.000 |lr: 0.00005
[01/17/2025 18:41:31] {pretrain_model.py:214} INFO - New best loss: 4.081144755474497e-09 at step 1268
[01/17/2025 18:41:31] {pretrain_model.py:257} INFO - 1268 / 10001 |train loss: 0.000 |p_recon loss: 0.000 |lr: 0.00005
[01/17/2025 18:41:31] {pretrain_model.py:214} INFO - New best loss: 4.071596837462721e-09 at step 1269
[01/17/2025 18:41:31] {pretrain_model.py:257} INFO - 1269 / 10001 |train loss: 0.000 |p_recon loss: 0.000 |lr: 0.00005
[01/17/2025 18:41:32] {pretrain_model.py:214} INFO - New best loss: 4.058702707254724e-09 at step 1272
[01/17/2025 18:41:32] {pretrain_model.py:257} INFO - 1272 / 10001 |train loss: 0.000 |p_recon loss: 0.000 |lr: 0.00005
[01/17/2025 18:41:32] {pretrain_model.py:214} INFO - New best loss: 4.040308088093525e-09 at step 1274
[01/17/2025 18:41:32] {pretrain_model.py:257} INFO - 1274 / 10001 |train loss: 0.000 |p_recon loss: 0.000 |lr: 0.00005
[01/17/2025 18:41:32] {pretrain_model.py:214} INFO - New best loss: 4.006331710826316e-09 at step 1275
[01/17/2025 18:41:32] {pretrain_model.py:257} INFO - 1275 / 10001 |train loss: 0.000 |p_recon loss: 0.000 |lr: 0.00005
[01/17/2025 18:41:32] {pretrain_model.py:214} INFO - New best loss: 3.954593097432735e-09 at step 1277
[01/17/2025 18:41:32] {pretrain_model.py:257} INFO - 1277 / 10001 |train loss: 0.000 |p_recon loss: 0.000 |lr: 0.00005
[01/17/2025 18:41:33] {pretrain_model.py:214} INFO - New best loss: 3.913212420769696e-09 at step 1282
[01/17/2025 18:41:33] {pretrain_model.py:257} INFO - 1282 / 10001 |train loss: 0.000 |p_recon loss: 0.000 |lr: 0.00005
[01/17/2025 18:41:34] {pretrain_model.py:214} INFO - New best loss: 3.905200607334791e-09 at step 1287
[01/17/2025 18:41:34] {pretrain_model.py:257} INFO - 1287 / 10001 |train loss: 0.000 |p_recon loss: 0.000 |lr: 0.00005
[01/17/2025 18:41:34] {pretrain_model.py:214} INFO - New best loss: 3.8654786038705424e-09 at step 1288
[01/17/2025 18:41:34] {pretrain_model.py:257} INFO - 1288 / 10001 |train loss: 0.000 |p_recon loss: 0.000 |lr: 0.00005
[01/17/2025 18:41:35] {pretrain_model.py:214} INFO - New best loss: 3.82789977493303e-09 at step 1293
[01/17/2025 18:41:35] {pretrain_model.py:257} INFO - 1293 / 10001 |train loss: 0.000 |p_recon loss: 0.000 |lr: 0.00005
[01/17/2025 18:41:36] {pretrain_model.py:207} INFO - Train loss at step 1300: 3.94572152728756e-09
[01/17/2025 18:41:36] {pretrain_model.py:214} INFO - New best loss: 3.827480554718932e-09 at step 1303
[01/17/2025 18:41:36] {pretrain_model.py:257} INFO - 1303 / 10001 |train loss: 0.000 |p_recon loss: 0.000 |lr: 0.00005
[01/17/2025 18:41:37] {pretrain_model.py:214} INFO - New best loss: 3.814050408834646e-09 at step 1307
[01/17/2025 18:41:37] {pretrain_model.py:257} INFO - 1307 / 10001 |train loss: 0.000 |p_recon loss: 0.000 |lr: 0.00005
[01/17/2025 18:41:37] {pretrain_model.py:214} INFO - New best loss: 3.687719463130179e-09 at step 1309
[01/17/2025 18:41:37] {pretrain_model.py:257} INFO - 1309 / 10001 |train loss: 0.000 |p_recon loss: 0.000 |lr: 0.00005
[01/17/2025 18:41:39] {pretrain_model.py:214} INFO - New best loss: 3.5988774182982297e-09 at step 1321
[01/17/2025 18:41:39] {pretrain_model.py:257} INFO - 1321 / 10001 |train loss: 0.000 |p_recon loss: 0.000 |lr: 0.00005
[01/17/2025 18:41:40] {pretrain_model.py:214} INFO - New best loss: 3.591563491056604e-09 at step 1330
[01/17/2025 18:41:40] {pretrain_model.py:257} INFO - 1330 / 10001 |train loss: 0.000 |p_recon loss: 0.000 |lr: 0.00005
[01/17/2025 18:41:41] {pretrain_model.py:214} INFO - New best loss: 3.5840834744504946e-09 at step 1334
[01/17/2025 18:41:41] {pretrain_model.py:257} INFO - 1334 / 10001 |train loss: 0.000 |p_recon loss: 0.000 |lr: 0.00005
[01/17/2025 18:41:41] {pretrain_model.py:214} INFO - New best loss: 3.578214391453116e-09 at step 1335
[01/17/2025 18:41:41] {pretrain_model.py:257} INFO - 1335 / 10001 |train loss: 0.000 |p_recon loss: 0.000 |lr: 0.00005
[01/17/2025 18:41:41] {pretrain_model.py:214} INFO - New best loss: 3.5764362582568765e-09 at step 1339
[01/17/2025 18:41:41] {pretrain_model.py:257} INFO - 1339 / 10001 |train loss: 0.000 |p_recon loss: 0.000 |lr: 0.00005
[01/17/2025 18:41:42] {pretrain_model.py:214} INFO - New best loss: 3.5632055084278136e-09 at step 1344
[01/17/2025 18:41:42] {pretrain_model.py:257} INFO - 1344 / 10001 |train loss: 0.000 |p_recon loss: 0.000 |lr: 0.00005
[01/17/2025 18:41:42] {pretrain_model.py:214} INFO - New best loss: 3.547841798123841e-09 at step 1345
[01/17/2025 18:41:42] {pretrain_model.py:257} INFO - 1345 / 10001 |train loss: 0.000 |p_recon loss: 0.000 |lr: 0.00005
[01/17/2025 18:41:43] {pretrain_model.py:214} INFO - New best loss: 3.4546185911921157e-09 at step 1347
[01/17/2025 18:41:43] {pretrain_model.py:257} INFO - 1347 / 10001 |train loss: 0.000 |p_recon loss: 0.000 |lr: 0.00005
[01/17/2025 18:41:44] {pretrain_model.py:214} INFO - New best loss: 3.4140650306824227e-09 at step 1359
[01/17/2025 18:41:44] {pretrain_model.py:257} INFO - 1359 / 10001 |train loss: 0.000 |p_recon loss: 0.000 |lr: 0.00005
[01/17/2025 18:41:45] {pretrain_model.py:214} INFO - New best loss: 3.3434559565392874e-09 at step 1364
[01/17/2025 18:41:45] {pretrain_model.py:257} INFO - 1364 / 10001 |train loss: 0.000 |p_recon loss: 0.000 |lr: 0.00005
[01/17/2025 18:41:46] {pretrain_model.py:214} INFO - New best loss: 3.339906351484956e-09 at step 1371
[01/17/2025 18:41:46] {pretrain_model.py:257} INFO - 1371 / 10001 |train loss: 0.000 |p_recon loss: 0.000 |lr: 0.00005
[01/17/2025 18:41:46] {pretrain_model.py:214} INFO - New best loss: 3.3276208455390588e-09 at step 1372
[01/17/2025 18:41:46] {pretrain_model.py:257} INFO - 1372 / 10001 |train loss: 0.000 |p_recon loss: 0.000 |lr: 0.00005
[01/17/2025 18:41:47] {pretrain_model.py:214} INFO - New best loss: 3.291311445607903e-09 at step 1376
[01/17/2025 18:41:47] {pretrain_model.py:257} INFO - 1376 / 10001 |train loss: 0.000 |p_recon loss: 0.000 |lr: 0.00005
[01/17/2025 18:41:48] {pretrain_model.py:214} INFO - New best loss: 3.273691095984077e-09 at step 1382
[01/17/2025 18:41:48] {pretrain_model.py:257} INFO - 1382 / 10001 |train loss: 0.000 |p_recon loss: 0.000 |lr: 0.00005
[01/17/2025 18:41:48] {pretrain_model.py:214} INFO - New best loss: 3.2462659227405766e-09 at step 1386
[01/17/2025 18:41:48] {pretrain_model.py:257} INFO - 1386 / 10001 |train loss: 0.000 |p_recon loss: 0.000 |lr: 0.00005
[01/17/2025 18:41:48] {pretrain_model.py:214} INFO - New best loss: 3.2289955154141126e-09 at step 1388
[01/17/2025 18:41:48] {pretrain_model.py:257} INFO - 1388 / 10001 |train loss: 0.000 |p_recon loss: 0.000 |lr: 0.00005
[01/17/2025 18:41:49] {pretrain_model.py:214} INFO - New best loss: 3.1886444595841112e-09 at step 1391
[01/17/2025 18:41:49] {pretrain_model.py:257} INFO - 1391 / 10001 |train loss: 0.000 |p_recon loss: 0.000 |lr: 0.00005
[01/17/2025 18:41:50] {pretrain_model.py:207} INFO - Train loss at step 1400: 3.170584239597929e-09
[01/17/2025 18:41:50] {pretrain_model.py:214} INFO - New best loss: 3.170584239597929e-09 at step 1400
[01/17/2025 18:41:50] {pretrain_model.py:257} INFO - 1400 / 10001 |train loss: 0.000 |p_recon loss: 0.000 |lr: 0.00005
[01/17/2025 18:41:50] {pretrain_model.py:214} INFO - New best loss: 3.1645284170878085e-09 at step 1401
[01/17/2025 18:41:50] {pretrain_model.py:257} INFO - 1401 / 10001 |train loss: 0.000 |p_recon loss: 0.000 |lr: 0.00005
[01/17/2025 18:41:52] {pretrain_model.py:214} INFO - New best loss: 3.1264477673431657e-09 at step 1410
[01/17/2025 18:41:52] {pretrain_model.py:257} INFO - 1410 / 10001 |train loss: 0.000 |p_recon loss: 0.000 |lr: 0.00005
[01/17/2025 18:41:53] {pretrain_model.py:214} INFO - New best loss: 3.0645215254310187e-09 at step 1418
[01/17/2025 18:41:53] {pretrain_model.py:257} INFO - 1418 / 10001 |train loss: 0.000 |p_recon loss: 0.000 |lr: 0.00005
[01/17/2025 18:41:54] {pretrain_model.py:214} INFO - New best loss: 3.0444387011385743e-09 at step 1427
[01/17/2025 18:41:54] {pretrain_model.py:257} INFO - 1427 / 10001 |train loss: 0.000 |p_recon loss: 0.000 |lr: 0.00005
[01/17/2025 18:41:55] {pretrain_model.py:214} INFO - New best loss: 3.0262383710066842e-09 at step 1432
[01/17/2025 18:41:55] {pretrain_model.py:257} INFO - 1432 / 10001 |train loss: 0.000 |p_recon loss: 0.000 |lr: 0.00005
[01/17/2025 18:41:55] {pretrain_model.py:214} INFO - New best loss: 2.995960590723712e-09 at step 1436
[01/17/2025 18:41:55] {pretrain_model.py:257} INFO - 1436 / 10001 |train loss: 0.000 |p_recon loss: 0.000 |lr: 0.00005
[01/17/2025 18:41:57] {pretrain_model.py:214} INFO - New best loss: 2.958504552452723e-09 at step 1448
[01/17/2025 18:41:57] {pretrain_model.py:257} INFO - 1448 / 10001 |train loss: 0.000 |p_recon loss: 0.000 |lr: 0.00005
[01/17/2025 18:41:58] {pretrain_model.py:214} INFO - New best loss: 2.939027687887119e-09 at step 1451
[01/17/2025 18:41:58] {pretrain_model.py:257} INFO - 1451 / 10001 |train loss: 0.000 |p_recon loss: 0.000 |lr: 0.00005
[01/17/2025 18:41:58] {pretrain_model.py:214} INFO - New best loss: 2.923018715961234e-09 at step 1452
[01/17/2025 18:41:58] {pretrain_model.py:257} INFO - 1452 / 10001 |train loss: 0.000 |p_recon loss: 0.000 |lr: 0.00005
[01/17/2025 18:41:58] {pretrain_model.py:214} INFO - New best loss: 2.9177134042157604e-09 at step 1455
[01/17/2025 18:41:58] {pretrain_model.py:257} INFO - 1455 / 10001 |train loss: 0.000 |p_recon loss: 0.000 |lr: 0.00005
[01/17/2025 18:41:59] {pretrain_model.py:214} INFO - New best loss: 2.8595419365728958e-09 at step 1458
[01/17/2025 18:41:59] {pretrain_model.py:257} INFO - 1458 / 10001 |train loss: 0.000 |p_recon loss: 0.000 |lr: 0.00005
[01/17/2025 18:42:01] {pretrain_model.py:214} INFO - New best loss: 2.850368385765023e-09 at step 1474
[01/17/2025 18:42:01] {pretrain_model.py:257} INFO - 1474 / 10001 |train loss: 0.000 |p_recon loss: 0.000 |lr: 0.00005
[01/17/2025 18:42:01] {pretrain_model.py:214} INFO - New best loss: 2.7956463810596688e-09 at step 1475
[01/17/2025 18:42:01] {pretrain_model.py:257} INFO - 1475 / 10001 |train loss: 0.000 |p_recon loss: 0.000 |lr: 0.00005
[01/17/2025 18:42:02] {pretrain_model.py:214} INFO - New best loss: 2.7653619394385487e-09 at step 1482
[01/17/2025 18:42:02] {pretrain_model.py:257} INFO - 1482 / 10001 |train loss: 0.000 |p_recon loss: 0.000 |lr: 0.00005
[01/17/2025 18:42:03] {pretrain_model.py:214} INFO - New best loss: 2.744489524530991e-09 at step 1486
[01/17/2025 18:42:03] {pretrain_model.py:257} INFO - 1486 / 10001 |train loss: 0.000 |p_recon loss: 0.000 |lr: 0.00005
[01/17/2025 18:42:04] {pretrain_model.py:214} INFO - New best loss: 2.695333956026502e-09 at step 1495
[01/17/2025 18:42:04] {pretrain_model.py:257} INFO - 1495 / 10001 |train loss: 0.000 |p_recon loss: 0.000 |lr: 0.00005
[01/17/2025 18:42:05] {pretrain_model.py:207} INFO - Train loss at step 1500: 2.7304281058349034e-09
[01/17/2025 18:42:06] {pretrain_model.py:214} INFO - New best loss: 2.6524427099161585e-09 at step 1507
[01/17/2025 18:42:06] {pretrain_model.py:257} INFO - 1507 / 10001 |train loss: 0.000 |p_recon loss: 0.000 |lr: 0.00005
[01/17/2025 18:42:07] {pretrain_model.py:214} INFO - New best loss: 2.651330266445484e-09 at step 1513
[01/17/2025 18:42:07] {pretrain_model.py:257} INFO - 1513 / 10001 |train loss: 0.000 |p_recon loss: 0.000 |lr: 0.00005
[01/17/2025 18:42:08] {pretrain_model.py:214} INFO - New best loss: 2.632587925432972e-09 at step 1520
[01/17/2025 18:42:08] {pretrain_model.py:257} INFO - 1520 / 10001 |train loss: 0.000 |p_recon loss: 0.000 |lr: 0.00005
[01/17/2025 18:42:08] {pretrain_model.py:214} INFO - New best loss: 2.623068207086021e-09 at step 1526
[01/17/2025 18:42:08] {pretrain_model.py:257} INFO - 1526 / 10001 |train loss: 0.000 |p_recon loss: 0.000 |lr: 0.00005
[01/17/2025 18:42:09] {pretrain_model.py:214} INFO - New best loss: 2.606908910962602e-09 at step 1527
[01/17/2025 18:42:09] {pretrain_model.py:257} INFO - 1527 / 10001 |train loss: 0.000 |p_recon loss: 0.000 |lr: 0.00005
[01/17/2025 18:42:09] {pretrain_model.py:214} INFO - New best loss: 2.6016946375051475e-09 at step 1528
[01/17/2025 18:42:09] {pretrain_model.py:257} INFO - 1528 / 10001 |train loss: 0.000 |p_recon loss: 0.000 |lr: 0.00005
[01/17/2025 18:42:09] {pretrain_model.py:214} INFO - New best loss: 2.564324086407055e-09 at step 1529
[01/17/2025 18:42:09] {pretrain_model.py:257} INFO - 1529 / 10001 |train loss: 0.000 |p_recon loss: 0.000 |lr: 0.00005
[01/17/2025 18:42:10] {pretrain_model.py:214} INFO - New best loss: 2.5583459795086583e-09 at step 1538
[01/17/2025 18:42:10] {pretrain_model.py:257} INFO - 1538 / 10001 |train loss: 0.000 |p_recon loss: 0.000 |lr: 0.00005
[01/17/2025 18:42:11] {pretrain_model.py:214} INFO - New best loss: 2.534826570865789e-09 at step 1544
[01/17/2025 18:42:11] {pretrain_model.py:257} INFO - 1544 / 10001 |train loss: 0.000 |p_recon loss: 0.000 |lr: 0.00005
[01/17/2025 18:42:12] {pretrain_model.py:214} INFO - New best loss: 2.50282172764571e-09 at step 1548
[01/17/2025 18:42:12] {pretrain_model.py:257} INFO - 1548 / 10001 |train loss: 0.000 |p_recon loss: 0.000 |lr: 0.00005
[01/17/2025 18:42:13] {pretrain_model.py:214} INFO - New best loss: 2.474751958914112e-09 at step 1557
[01/17/2025 18:42:13] {pretrain_model.py:257} INFO - 1557 / 10001 |train loss: 0.000 |p_recon loss: 0.000 |lr: 0.00005
[01/17/2025 18:42:13] {pretrain_model.py:214} INFO - New best loss: 2.472104743134196e-09 at step 1561
[01/17/2025 18:42:13] {pretrain_model.py:257} INFO - 1561 / 10001 |train loss: 0.000 |p_recon loss: 0.000 |lr: 0.00005
[01/17/2025 18:42:14] {pretrain_model.py:214} INFO - New best loss: 2.462800630098627e-09 at step 1562
[01/17/2025 18:42:14] {pretrain_model.py:257} INFO - 1562 / 10001 |train loss: 0.000 |p_recon loss: 0.000 |lr: 0.00005
[01/17/2025 18:42:15] {pretrain_model.py:214} INFO - New best loss: 2.4576252144470345e-09 at step 1569
[01/17/2025 18:42:15] {pretrain_model.py:257} INFO - 1569 / 10001 |train loss: 0.000 |p_recon loss: 0.000 |lr: 0.00005
[01/17/2025 18:42:15] {pretrain_model.py:214} INFO - New best loss: 2.453766967391857e-09 at step 1570
[01/17/2025 18:42:15] {pretrain_model.py:257} INFO - 1570 / 10001 |train loss: 0.000 |p_recon loss: 0.000 |lr: 0.00005
[01/17/2025 18:42:15] {pretrain_model.py:214} INFO - New best loss: 2.393849118931257e-09 at step 1571
[01/17/2025 18:42:15] {pretrain_model.py:257} INFO - 1571 / 10001 |train loss: 0.000 |p_recon loss: 0.000 |lr: 0.00005
[01/17/2025 18:42:16] {pretrain_model.py:214} INFO - New best loss: 2.3913580005086033e-09 at step 1580
[01/17/2025 18:42:16] {pretrain_model.py:257} INFO - 1580 / 10001 |train loss: 0.000 |p_recon loss: 0.000 |lr: 0.00005
[01/17/2025 18:42:17] {pretrain_model.py:214} INFO - New best loss: 2.381463026779329e-09 at step 1583
[01/17/2025 18:42:17] {pretrain_model.py:257} INFO - 1583 / 10001 |train loss: 0.000 |p_recon loss: 0.000 |lr: 0.00005
[01/17/2025 18:42:18] {pretrain_model.py:214} INFO - New best loss: 2.3673754068198605e-09 at step 1590
[01/17/2025 18:42:18] {pretrain_model.py:257} INFO - 1590 / 10001 |train loss: 0.000 |p_recon loss: 0.000 |lr: 0.00005
[01/17/2025 18:42:18] {pretrain_model.py:214} INFO - New best loss: 2.3322421771609925e-09 at step 1592
[01/17/2025 18:42:18] {pretrain_model.py:257} INFO - 1592 / 10001 |train loss: 0.000 |p_recon loss: 0.000 |lr: 0.00005
[01/17/2025 18:42:18] {pretrain_model.py:214} INFO - New best loss: 2.3077983968278204e-09 at step 1594
[01/17/2025 18:42:18] {pretrain_model.py:257} INFO - 1594 / 10001 |train loss: 0.000 |p_recon loss: 0.000 |lr: 0.00005
[01/17/2025 18:42:19] {pretrain_model.py:207} INFO - Train loss at step 1600: 2.3299848717073246e-09
[01/17/2025 18:42:20] {pretrain_model.py:214} INFO - New best loss: 2.280139632659939e-09 at step 1603
[01/17/2025 18:42:20] {pretrain_model.py:257} INFO - 1603 / 10001 |train loss: 0.000 |p_recon loss: 0.000 |lr: 0.00005
[01/17/2025 18:42:21] {pretrain_model.py:214} INFO - New best loss: 2.2760591189552315e-09 at step 1613
[01/17/2025 18:42:21] {pretrain_model.py:257} INFO - 1613 / 10001 |train loss: 0.000 |p_recon loss: 0.000 |lr: 0.00005
[01/17/2025 18:42:22] {pretrain_model.py:214} INFO - New best loss: 2.2560822099393363e-09 at step 1621
[01/17/2025 18:42:22] {pretrain_model.py:257} INFO - 1621 / 10001 |train loss: 0.000 |p_recon loss: 0.000 |lr: 0.00005
[01/17/2025 18:42:22] {pretrain_model.py:214} INFO - New best loss: 2.2534654142702948e-09 at step 1622
[01/17/2025 18:42:22] {pretrain_model.py:257} INFO - 1622 / 10001 |train loss: 0.000 |p_recon loss: 0.000 |lr: 0.00005
[01/17/2025 18:42:23] {pretrain_model.py:214} INFO - New best loss: 2.2398995991324e-09 at step 1624
[01/17/2025 18:42:23] {pretrain_model.py:257} INFO - 1624 / 10001 |train loss: 0.000 |p_recon loss: 0.000 |lr: 0.00005
[01/17/2025 18:42:23] {pretrain_model.py:214} INFO - New best loss: 2.1787873727419083e-09 at step 1630
[01/17/2025 18:42:23] {pretrain_model.py:257} INFO - 1630 / 10001 |train loss: 0.000 |p_recon loss: 0.000 |lr: 0.00005
[01/17/2025 18:42:24] {pretrain_model.py:214} INFO - New best loss: 2.169446622346527e-09 at step 1634
[01/17/2025 18:42:24] {pretrain_model.py:257} INFO - 1634 / 10001 |train loss: 0.000 |p_recon loss: 0.000 |lr: 0.00005
[01/17/2025 18:42:25] {pretrain_model.py:214} INFO - New best loss: 2.1457298160498794e-09 at step 1643
[01/17/2025 18:42:25] {pretrain_model.py:257} INFO - 1643 / 10001 |train loss: 0.000 |p_recon loss: 0.000 |lr: 0.00005
[01/17/2025 18:42:26] {pretrain_model.py:214} INFO - New best loss: 2.1358401713911235e-09 at step 1647
[01/17/2025 18:42:26] {pretrain_model.py:257} INFO - 1647 / 10001 |train loss: 0.000 |p_recon loss: 0.000 |lr: 0.00005
[01/17/2025 18:42:26] {pretrain_model.py:214} INFO - New best loss: 2.1015775786281665e-09 at step 1650
[01/17/2025 18:42:26] {pretrain_model.py:257} INFO - 1650 / 10001 |train loss: 0.000 |p_recon loss: 0.000 |lr: 0.00005
[01/17/2025 18:42:28] {pretrain_model.py:214} INFO - New best loss: 2.097254592214881e-09 at step 1664
[01/17/2025 18:42:28] {pretrain_model.py:257} INFO - 1664 / 10001 |train loss: 0.000 |p_recon loss: 0.000 |lr: 0.00005
[01/17/2025 18:42:29] {pretrain_model.py:214} INFO - New best loss: 2.065020821007124e-09 at step 1667
[01/17/2025 18:42:29] {pretrain_model.py:257} INFO - 1667 / 10001 |train loss: 0.000 |p_recon loss: 0.000 |lr: 0.00005
[01/17/2025 18:42:30] {pretrain_model.py:214} INFO - New best loss: 2.0420380941743588e-09 at step 1675
[01/17/2025 18:42:30] {pretrain_model.py:257} INFO - 1675 / 10001 |train loss: 0.000 |p_recon loss: 0.000 |lr: 0.00005
[01/17/2025 18:42:31] {pretrain_model.py:214} INFO - New best loss: 2.0399533173787177e-09 at step 1682
[01/17/2025 18:42:31] {pretrain_model.py:257} INFO - 1682 / 10001 |train loss: 0.000 |p_recon loss: 0.000 |lr: 0.00005
[01/17/2025 18:42:32] {pretrain_model.py:214} INFO - New best loss: 2.038249125035918e-09 at step 1687
[01/17/2025 18:42:32] {pretrain_model.py:257} INFO - 1687 / 10001 |train loss: 0.000 |p_recon loss: 0.000 |lr: 0.00005
[01/17/2025 18:42:32] {pretrain_model.py:214} INFO - New best loss: 2.0351524909756336e-09 at step 1690
[01/17/2025 18:42:32] {pretrain_model.py:257} INFO - 1690 / 10001 |train loss: 0.000 |p_recon loss: 0.000 |lr: 0.00005
[01/17/2025 18:42:32] {pretrain_model.py:214} INFO - New best loss: 2.0253259069846763e-09 at step 1692
[01/17/2025 18:42:32] {pretrain_model.py:257} INFO - 1692 / 10001 |train loss: 0.000 |p_recon loss: 0.000 |lr: 0.00005
[01/17/2025 18:42:32] {pretrain_model.py:214} INFO - New best loss: 2.0068502415426792e-09 at step 1693
[01/17/2025 18:42:32] {pretrain_model.py:257} INFO - 1693 / 10001 |train loss: 0.000 |p_recon loss: 0.000 |lr: 0.00005
[01/17/2025 18:42:33] {pretrain_model.py:214} INFO - New best loss: 1.9831869479958186e-09 at step 1694
[01/17/2025 18:42:33] {pretrain_model.py:257} INFO - 1694 / 10001 |train loss: 0.000 |p_recon loss: 0.000 |lr: 0.00005
[01/17/2025 18:42:34] {pretrain_model.py:207} INFO - Train loss at step 1700: 1.998326615293422e-09
[01/17/2025 18:42:35] {pretrain_model.py:214} INFO - New best loss: 1.9768191528157786e-09 at step 1713
[01/17/2025 18:42:35] {pretrain_model.py:257} INFO - 1713 / 10001 |train loss: 0.000 |p_recon loss: 0.000 |lr: 0.00005
[01/17/2025 18:42:36] {pretrain_model.py:214} INFO - New best loss: 1.9747168344963484e-09 at step 1715
[01/17/2025 18:42:36] {pretrain_model.py:257} INFO - 1715 / 10001 |train loss: 0.000 |p_recon loss: 0.000 |lr: 0.00005
[01/17/2025 18:42:36] {pretrain_model.py:214} INFO - New best loss: 1.973891494699842e-09 at step 1717
[01/17/2025 18:42:36] {pretrain_model.py:257} INFO - 1717 / 10001 |train loss: 0.000 |p_recon loss: 0.000 |lr: 0.00005
[01/17/2025 18:42:36] {pretrain_model.py:214} INFO - New best loss: 1.936412363789941e-09 at step 1720
[01/17/2025 18:42:36] {pretrain_model.py:257} INFO - 1720 / 10001 |train loss: 0.000 |p_recon loss: 0.000 |lr: 0.00005
[01/17/2025 18:42:37] {pretrain_model.py:214} INFO - New best loss: 1.9308186161026697e-09 at step 1722
[01/17/2025 18:42:37] {pretrain_model.py:257} INFO - 1722 / 10001 |train loss: 0.000 |p_recon loss: 0.000 |lr: 0.00005
[01/17/2025 18:42:37] {pretrain_model.py:214} INFO - New best loss: 1.914382208312304e-09 at step 1726
[01/17/2025 18:42:37] {pretrain_model.py:257} INFO - 1726 / 10001 |train loss: 0.000 |p_recon loss: 0.000 |lr: 0.00005
[01/17/2025 18:42:38] {pretrain_model.py:214} INFO - New best loss: 1.9018118191382882e-09 at step 1728
[01/17/2025 18:42:38] {pretrain_model.py:257} INFO - 1728 / 10001 |train loss: 0.000 |p_recon loss: 0.000 |lr: 0.00005
[01/17/2025 18:42:39] {pretrain_model.py:214} INFO - New best loss: 1.8987007521786836e-09 at step 1738
[01/17/2025 18:42:39] {pretrain_model.py:257} INFO - 1738 / 10001 |train loss: 0.000 |p_recon loss: 0.000 |lr: 0.00005
[01/17/2025 18:42:40] {pretrain_model.py:214} INFO - New best loss: 1.8904735554770014e-09 at step 1742
[01/17/2025 18:42:40] {pretrain_model.py:257} INFO - 1742 / 10001 |train loss: 0.000 |p_recon loss: 0.000 |lr: 0.00005
[01/17/2025 18:42:40] {pretrain_model.py:214} INFO - New best loss: 1.8705068605129327e-09 at step 1746
[01/17/2025 18:42:40] {pretrain_model.py:257} INFO - 1746 / 10001 |train loss: 0.000 |p_recon loss: 0.000 |lr: 0.00005
[01/17/2025 18:42:41] {pretrain_model.py:214} INFO - New best loss: 1.8155761338789489e-09 at step 1750
[01/17/2025 18:42:41] {pretrain_model.py:257} INFO - 1750 / 10001 |train loss: 0.000 |p_recon loss: 0.000 |lr: 0.00005
[01/17/2025 18:42:44] {pretrain_model.py:214} INFO - New best loss: 1.7653090100822055e-09 at step 1773
[01/17/2025 18:42:44] {pretrain_model.py:257} INFO - 1773 / 10001 |train loss: 0.000 |p_recon loss: 0.000 |lr: 0.00005
[01/17/2025 18:42:47] {pretrain_model.py:214} INFO - New best loss: 1.752906708674118e-09 at step 1793
[01/17/2025 18:42:47] {pretrain_model.py:257} INFO - 1793 / 10001 |train loss: 0.000 |p_recon loss: 0.000 |lr: 0.00005
[01/17/2025 18:42:48] {pretrain_model.py:214} INFO - New best loss: 1.7454894196688997e-09 at step 1797
[01/17/2025 18:42:48] {pretrain_model.py:257} INFO - 1797 / 10001 |train loss: 0.000 |p_recon loss: 0.000 |lr: 0.00005
[01/17/2025 18:42:48] {pretrain_model.py:207} INFO - Train loss at step 1800: 1.7550454423087558e-09
[01/17/2025 18:42:48] {pretrain_model.py:214} INFO - New best loss: 1.7275084696066756e-09 at step 1801
[01/17/2025 18:42:48] {pretrain_model.py:257} INFO - 1801 / 10001 |train loss: 0.000 |p_recon loss: 0.000 |lr: 0.00005
[01/17/2025 18:42:49] {pretrain_model.py:214} INFO - New best loss: 1.720336650912202e-09 at step 1806
[01/17/2025 18:42:49] {pretrain_model.py:257} INFO - 1806 / 10001 |train loss: 0.000 |p_recon loss: 0.000 |lr: 0.00005
[01/17/2025 18:42:49] {pretrain_model.py:214} INFO - New best loss: 1.7094461401967465e-09 at step 1807
[01/17/2025 18:42:49] {pretrain_model.py:257} INFO - 1807 / 10001 |train loss: 0.000 |p_recon loss: 0.000 |lr: 0.00005
[01/17/2025 18:42:50] {pretrain_model.py:214} INFO - New best loss: 1.6888446197071971e-09 at step 1814
[01/17/2025 18:42:50] {pretrain_model.py:257} INFO - 1814 / 10001 |train loss: 0.000 |p_recon loss: 0.000 |lr: 0.00005
[01/17/2025 18:42:50] {pretrain_model.py:214} INFO - New best loss: 1.6777964573222448e-09 at step 1817
[01/17/2025 18:42:50] {pretrain_model.py:257} INFO - 1817 / 10001 |train loss: 0.000 |p_recon loss: 0.000 |lr: 0.00005
[01/17/2025 18:42:52] {pretrain_model.py:214} INFO - New best loss: 1.653717607297267e-09 at step 1827
[01/17/2025 18:42:52] {pretrain_model.py:257} INFO - 1827 / 10001 |train loss: 0.000 |p_recon loss: 0.000 |lr: 0.00005
[01/17/2025 18:42:53] {pretrain_model.py:214} INFO - New best loss: 1.633929436195558e-09 at step 1832
[01/17/2025 18:42:53] {pretrain_model.py:257} INFO - 1832 / 10001 |train loss: 0.000 |p_recon loss: 0.000 |lr: 0.00005
[01/17/2025 18:42:53] {pretrain_model.py:214} INFO - New best loss: 1.6258714374828287e-09 at step 1838
[01/17/2025 18:42:53] {pretrain_model.py:257} INFO - 1838 / 10001 |train loss: 0.000 |p_recon loss: 0.000 |lr: 0.00005
[01/17/2025 18:42:55] {pretrain_model.py:214} INFO - New best loss: 1.6041030725943983e-09 at step 1850
[01/17/2025 18:42:55] {pretrain_model.py:257} INFO - 1850 / 10001 |train loss: 0.000 |p_recon loss: 0.000 |lr: 0.00005
[01/17/2025 18:42:57] {pretrain_model.py:214} INFO - New best loss: 1.581542563577898e-09 at step 1860
[01/17/2025 18:42:57] {pretrain_model.py:257} INFO - 1860 / 10001 |train loss: 0.000 |p_recon loss: 0.000 |lr: 0.00005
[01/17/2025 18:42:58] {pretrain_model.py:214} INFO - New best loss: 1.570887198099058e-09 at step 1872
[01/17/2025 18:42:58] {pretrain_model.py:257} INFO - 1872 / 10001 |train loss: 0.000 |p_recon loss: 0.000 |lr: 0.00005
[01/17/2025 18:42:59] {pretrain_model.py:214} INFO - New best loss: 1.5602263925273974e-09 at step 1875
[01/17/2025 18:42:59] {pretrain_model.py:257} INFO - 1875 / 10001 |train loss: 0.000 |p_recon loss: 0.000 |lr: 0.00005
[01/17/2025 18:42:59] {pretrain_model.py:214} INFO - New best loss: 1.546479944103396e-09 at step 1876
[01/17/2025 18:42:59] {pretrain_model.py:257} INFO - 1876 / 10001 |train loss: 0.000 |p_recon loss: 0.000 |lr: 0.00005
[01/17/2025 18:43:01] {pretrain_model.py:214} INFO - New best loss: 1.5267123121276427e-09 at step 1890
[01/17/2025 18:43:01] {pretrain_model.py:257} INFO - 1890 / 10001 |train loss: 0.000 |p_recon loss: 0.000 |lr: 0.00005
[01/17/2025 18:43:01] {pretrain_model.py:214} INFO - New best loss: 1.5221804927634253e-09 at step 1892
[01/17/2025 18:43:01] {pretrain_model.py:257} INFO - 1892 / 10001 |train loss: 0.000 |p_recon loss: 0.000 |lr: 0.00005
[01/17/2025 18:43:02] {pretrain_model.py:214} INFO - New best loss: 1.4973527973083378e-09 at step 1899
[01/17/2025 18:43:02] {pretrain_model.py:257} INFO - 1899 / 10001 |train loss: 0.000 |p_recon loss: 0.000 |lr: 0.00005
[01/17/2025 18:43:02] {pretrain_model.py:207} INFO - Train loss at step 1900: 1.527586612759535e-09
[01/17/2025 18:43:03] {pretrain_model.py:214} INFO - New best loss: 1.493824508536079e-09 at step 1901
[01/17/2025 18:43:03] {pretrain_model.py:257} INFO - 1901 / 10001 |train loss: 0.000 |p_recon loss: 0.000 |lr: 0.00005
[01/17/2025 18:43:04] {pretrain_model.py:214} INFO - New best loss: 1.4930630065634887e-09 at step 1913
[01/17/2025 18:43:04] {pretrain_model.py:257} INFO - 1913 / 10001 |train loss: 0.000 |p_recon loss: 0.000 |lr: 0.00005
[01/17/2025 18:43:05] {pretrain_model.py:214} INFO - New best loss: 1.4887744370639666e-09 at step 1915
[01/17/2025 18:43:05] {pretrain_model.py:257} INFO - 1915 / 10001 |train loss: 0.000 |p_recon loss: 0.000 |lr: 0.00005
[01/17/2025 18:43:05] {pretrain_model.py:214} INFO - New best loss: 1.4694058192432635e-09 at step 1917
[01/17/2025 18:43:05] {pretrain_model.py:257} INFO - 1917 / 10001 |train loss: 0.000 |p_recon loss: 0.000 |lr: 0.00005
[01/17/2025 18:43:06] {pretrain_model.py:214} INFO - New best loss: 1.4392194103152178e-09 at step 1927
[01/17/2025 18:43:06] {pretrain_model.py:257} INFO - 1927 / 10001 |train loss: 0.000 |p_recon loss: 0.000 |lr: 0.00005
[01/17/2025 18:43:08] {pretrain_model.py:214} INFO - New best loss: 1.4343456422594159e-09 at step 1940
[01/17/2025 18:43:08] {pretrain_model.py:257} INFO - 1940 / 10001 |train loss: 0.000 |p_recon loss: 0.000 |lr: 0.00005
[01/17/2025 18:43:09] {pretrain_model.py:214} INFO - New best loss: 1.4313635832152727e-09 at step 1949
[01/17/2025 18:43:09] {pretrain_model.py:257} INFO - 1949 / 10001 |train loss: 0.000 |p_recon loss: 0.000 |lr: 0.00005
[01/17/2025 18:43:10] {pretrain_model.py:214} INFO - New best loss: 1.4132032211122691e-09 at step 1952
[01/17/2025 18:43:10] {pretrain_model.py:257} INFO - 1952 / 10001 |train loss: 0.000 |p_recon loss: 0.000 |lr: 0.00005
[01/17/2025 18:43:10] {pretrain_model.py:214} INFO - New best loss: 1.3822706312893729e-09 at step 1953
[01/17/2025 18:43:10] {pretrain_model.py:257} INFO - 1953 / 10001 |train loss: 0.000 |p_recon loss: 0.000 |lr: 0.00005
[01/17/2025 18:43:13] {pretrain_model.py:214} INFO - New best loss: 1.3791300323973132e-09 at step 1973
[01/17/2025 18:43:13] {pretrain_model.py:257} INFO - 1973 / 10001 |train loss: 0.000 |p_recon loss: 0.000 |lr: 0.00005
[01/17/2025 18:43:13] {pretrain_model.py:214} INFO - New best loss: 1.3269705334550963e-09 at step 1974
[01/17/2025 18:43:13] {pretrain_model.py:257} INFO - 1974 / 10001 |train loss: 0.000 |p_recon loss: 0.000 |lr: 0.00005
[01/17/2025 18:43:15] {pretrain_model.py:214} INFO - New best loss: 1.3176834068318044e-09 at step 1991
[01/17/2025 18:43:15] {pretrain_model.py:257} INFO - 1991 / 10001 |train loss: 0.000 |p_recon loss: 0.000 |lr: 0.00005
[01/17/2025 18:43:17] {pretrain_model.py:207} INFO - Train loss at step 2000: 1.340716093700678e-09
[01/17/2025 18:43:19] {pretrain_model.py:214} INFO - New best loss: 1.300519469893402e-09 at step 2013
[01/17/2025 18:43:19] {pretrain_model.py:257} INFO - 2013 / 10001 |train loss: 0.000 |p_recon loss: 0.000 |lr: 0.00005
[01/17/2025 18:43:19] {pretrain_model.py:214} INFO - New best loss: 1.2754528544434152e-09 at step 2015
[01/17/2025 18:43:19] {pretrain_model.py:257} INFO - 2015 / 10001 |train loss: 0.000 |p_recon loss: 0.000 |lr: 0.00005
[01/17/2025 18:43:23] {pretrain_model.py:214} INFO - New best loss: 1.2430851903388884e-09 at step 2042
[01/17/2025 18:43:23] {pretrain_model.py:257} INFO - 2042 / 10001 |train loss: 0.000 |p_recon loss: 0.000 |lr: 0.00005
[01/17/2025 18:43:25] {pretrain_model.py:214} INFO - New best loss: 1.236829416662033e-09 at step 2055
[01/17/2025 18:43:25] {pretrain_model.py:257} INFO - 2055 / 10001 |train loss: 0.000 |p_recon loss: 0.000 |lr: 0.00005
[01/17/2025 18:43:25] {pretrain_model.py:214} INFO - New best loss: 1.2276060168403546e-09 at step 2058
[01/17/2025 18:43:25] {pretrain_model.py:257} INFO - 2058 / 10001 |train loss: 0.000 |p_recon loss: 0.000 |lr: 0.00005
[01/17/2025 18:43:26] {pretrain_model.py:214} INFO - New best loss: 1.2136315286070953e-09 at step 2065
[01/17/2025 18:43:26] {pretrain_model.py:257} INFO - 2065 / 10001 |train loss: 0.000 |p_recon loss: 0.000 |lr: 0.00005
[01/17/2025 18:43:28] {pretrain_model.py:214} INFO - New best loss: 1.212638878200778e-09 at step 2078
[01/17/2025 18:43:28] {pretrain_model.py:257} INFO - 2078 / 10001 |train loss: 0.000 |p_recon loss: 0.000 |lr: 0.00005
[01/17/2025 18:43:29] {pretrain_model.py:214} INFO - New best loss: 1.1927185905591386e-09 at step 2084
[01/17/2025 18:43:29] {pretrain_model.py:257} INFO - 2084 / 10001 |train loss: 0.000 |p_recon loss: 0.000 |lr: 0.00005
[01/17/2025 18:43:29] {pretrain_model.py:214} INFO - New best loss: 1.171823416079576e-09 at step 2086
[01/17/2025 18:43:29] {pretrain_model.py:257} INFO - 2086 / 10001 |train loss: 0.000 |p_recon loss: 0.000 |lr: 0.00005
[01/17/2025 18:43:31] {pretrain_model.py:214} INFO - New best loss: 1.1694234469672438e-09 at step 2099
[01/17/2025 18:43:31] {pretrain_model.py:257} INFO - 2099 / 10001 |train loss: 0.000 |p_recon loss: 0.000 |lr: 0.00005
[01/17/2025 18:43:31] {pretrain_model.py:207} INFO - Train loss at step 2100: 1.1988342540902863e-09
[01/17/2025 18:43:32] {pretrain_model.py:214} INFO - New best loss: 1.1674616828827311e-09 at step 2105
[01/17/2025 18:43:32] {pretrain_model.py:257} INFO - 2105 / 10001 |train loss: 0.000 |p_recon loss: 0.000 |lr: 0.00005
[01/17/2025 18:43:32] {pretrain_model.py:214} INFO - New best loss: 1.1633075613914912e-09 at step 2106
[01/17/2025 18:43:32] {pretrain_model.py:257} INFO - 2106 / 10001 |train loss: 0.000 |p_recon loss: 0.000 |lr: 0.00005
[01/17/2025 18:43:33] {pretrain_model.py:214} INFO - New best loss: 1.1496351648432324e-09 at step 2112
[01/17/2025 18:43:33] {pretrain_model.py:257} INFO - 2112 / 10001 |train loss: 0.000 |p_recon loss: 0.000 |lr: 0.00005
[01/17/2025 18:43:33] {pretrain_model.py:214} INFO - New best loss: 1.1441768643649652e-09 at step 2115
[01/17/2025 18:43:33] {pretrain_model.py:257} INFO - 2115 / 10001 |train loss: 0.000 |p_recon loss: 0.000 |lr: 0.00005
[01/17/2025 18:43:34] {pretrain_model.py:214} INFO - New best loss: 1.1425689283584006e-09 at step 2120
[01/17/2025 18:43:34] {pretrain_model.py:257} INFO - 2120 / 10001 |train loss: 0.000 |p_recon loss: 0.000 |lr: 0.00005
[01/17/2025 18:43:35] {pretrain_model.py:214} INFO - New best loss: 1.1373574304585077e-09 at step 2125
[01/17/2025 18:43:35] {pretrain_model.py:257} INFO - 2125 / 10001 |train loss: 0.000 |p_recon loss: 0.000 |lr: 0.00005
[01/17/2025 18:43:35] {pretrain_model.py:214} INFO - New best loss: 1.1292805579543597e-09 at step 2129
[01/17/2025 18:43:35] {pretrain_model.py:257} INFO - 2129 / 10001 |train loss: 0.000 |p_recon loss: 0.000 |lr: 0.00005
[01/17/2025 18:43:36] {pretrain_model.py:214} INFO - New best loss: 1.1226397589325643e-09 at step 2136
[01/17/2025 18:43:36] {pretrain_model.py:257} INFO - 2136 / 10001 |train loss: 0.000 |p_recon loss: 0.000 |lr: 0.00005
[01/17/2025 18:43:37] {pretrain_model.py:214} INFO - New best loss: 1.1188834303510475e-09 at step 2137
[01/17/2025 18:43:37] {pretrain_model.py:257} INFO - 2137 / 10001 |train loss: 0.000 |p_recon loss: 0.000 |lr: 0.00005
[01/17/2025 18:43:37] {pretrain_model.py:214} INFO - New best loss: 1.0902937441770177e-09 at step 2143
[01/17/2025 18:43:37] {pretrain_model.py:257} INFO - 2143 / 10001 |train loss: 0.000 |p_recon loss: 0.000 |lr: 0.00005
[01/17/2025 18:43:38] {pretrain_model.py:214} INFO - New best loss: 1.0857355015048142e-09 at step 2145
[01/17/2025 18:43:38] {pretrain_model.py:257} INFO - 2145 / 10001 |train loss: 0.000 |p_recon loss: 0.000 |lr: 0.00005
[01/17/2025 18:43:43] {pretrain_model.py:214} INFO - New best loss: 1.0826981533540447e-09 at step 2181
[01/17/2025 18:43:43] {pretrain_model.py:257} INFO - 2181 / 10001 |train loss: 0.000 |p_recon loss: 0.000 |lr: 0.00005
[01/17/2025 18:43:43] {pretrain_model.py:214} INFO - New best loss: 1.058915288787432e-09 at step 2182
[01/17/2025 18:43:43] {pretrain_model.py:257} INFO - 2182 / 10001 |train loss: 0.000 |p_recon loss: 0.000 |lr: 0.00005
[01/17/2025 18:43:43] {pretrain_model.py:214} INFO - New best loss: 1.055555198803404e-09 at step 2184
[01/17/2025 18:43:43] {pretrain_model.py:257} INFO - 2184 / 10001 |train loss: 0.000 |p_recon loss: 0.000 |lr: 0.00005
[01/17/2025 18:43:45] {pretrain_model.py:214} INFO - New best loss: 1.0548241169416883e-09 at step 2194
[01/17/2025 18:43:45] {pretrain_model.py:257} INFO - 2194 / 10001 |train loss: 0.000 |p_recon loss: 0.000 |lr: 0.00005
[01/17/2025 18:43:46] {pretrain_model.py:207} INFO - Train loss at step 2200: 1.0675395012427202e-09
[01/17/2025 18:43:46] {pretrain_model.py:214} INFO - New best loss: 1.0387048998694581e-09 at step 2202
[01/17/2025 18:43:46] {pretrain_model.py:257} INFO - 2202 / 10001 |train loss: 0.000 |p_recon loss: 0.000 |lr: 0.00005
[01/17/2025 18:43:46] {pretrain_model.py:214} INFO - New best loss: 1.0290335250573435e-09 at step 2203
[01/17/2025 18:43:46] {pretrain_model.py:257} INFO - 2203 / 10001 |train loss: 0.000 |p_recon loss: 0.000 |lr: 0.00005
[01/17/2025 18:43:47] {pretrain_model.py:214} INFO - New best loss: 1.0097710445577945e-09 at step 2206
[01/17/2025 18:43:47] {pretrain_model.py:257} INFO - 2206 / 10001 |train loss: 0.000 |p_recon loss: 0.000 |lr: 0.00005
[01/17/2025 18:43:47] {pretrain_model.py:214} INFO - New best loss: 1.00709640626917e-09 at step 2207
[01/17/2025 18:43:47] {pretrain_model.py:257} INFO - 2207 / 10001 |train loss: 0.000 |p_recon loss: 0.000 |lr: 0.00005
[01/17/2025 18:43:49] {pretrain_model.py:214} INFO - New best loss: 1.0061464994493008e-09 at step 2224
[01/17/2025 18:43:49] {pretrain_model.py:257} INFO - 2224 / 10001 |train loss: 0.000 |p_recon loss: 0.000 |lr: 0.00005
[01/17/2025 18:43:51] {pretrain_model.py:214} INFO - New best loss: 1.0048218923586205e-09 at step 2234
[01/17/2025 18:43:51] {pretrain_model.py:257} INFO - 2234 / 10001 |train loss: 0.000 |p_recon loss: 0.000 |lr: 0.00005
[01/17/2025 18:43:51] {pretrain_model.py:214} INFO - New best loss: 1.001260074851018e-09 at step 2235
[01/17/2025 18:43:51] {pretrain_model.py:257} INFO - 2235 / 10001 |train loss: 0.000 |p_recon loss: 0.000 |lr: 0.00005
[01/17/2025 18:43:51] {pretrain_model.py:214} INFO - New best loss: 1.0002536576791954e-09 at step 2240
[01/17/2025 18:43:51] {pretrain_model.py:257} INFO - 2240 / 10001 |train loss: 0.000 |p_recon loss: 0.000 |lr: 0.00005
[01/17/2025 18:43:52] {pretrain_model.py:214} INFO - New best loss: 9.788716504033346e-10 at step 2243
[01/17/2025 18:43:52] {pretrain_model.py:257} INFO - 2243 / 10001 |train loss: 0.000 |p_recon loss: 0.000 |lr: 0.00005
[01/17/2025 18:43:52] {pretrain_model.py:214} INFO - New best loss: 9.676149881343576e-10 at step 2246
[01/17/2025 18:43:52] {pretrain_model.py:257} INFO - 2246 / 10001 |train loss: 0.000 |p_recon loss: 0.000 |lr: 0.00005
[01/17/2025 18:43:57] {pretrain_model.py:214} INFO - New best loss: 9.430830560930303e-10 at step 2277
[01/17/2025 18:43:57] {pretrain_model.py:257} INFO - 2277 / 10001 |train loss: 0.000 |p_recon loss: 0.000 |lr: 0.00005
[01/17/2025 18:43:57] {pretrain_model.py:214} INFO - New best loss: 9.330236583338092e-10 at step 2279
[01/17/2025 18:43:57] {pretrain_model.py:257} INFO - 2279 / 10001 |train loss: 0.000 |p_recon loss: 0.000 |lr: 0.00005
[01/17/2025 18:43:58] {pretrain_model.py:214} INFO - New best loss: 9.307009607439909e-10 at step 2285
[01/17/2025 18:43:58] {pretrain_model.py:257} INFO - 2285 / 10001 |train loss: 0.000 |p_recon loss: 0.000 |lr: 0.00005
[01/17/2025 18:44:00] {pretrain_model.py:207} INFO - Train loss at step 2300: 9.664541389398096e-10
[01/17/2025 18:44:00] {pretrain_model.py:214} INFO - New best loss: 9.272488332712214e-10 at step 2302
[01/17/2025 18:44:00] {pretrain_model.py:257} INFO - 2302 / 10001 |train loss: 0.000 |p_recon loss: 0.000 |lr: 0.00005
[01/17/2025 18:44:01] {pretrain_model.py:214} INFO - New best loss: 9.122896882374221e-10 at step 2304
[01/17/2025 18:44:01] {pretrain_model.py:257} INFO - 2304 / 10001 |train loss: 0.000 |p_recon loss: 0.000 |lr: 0.00005
[01/17/2025 18:44:03] {pretrain_model.py:214} INFO - New best loss: 9.102980036423958e-10 at step 2317
[01/17/2025 18:44:03] {pretrain_model.py:257} INFO - 2317 / 10001 |train loss: 0.000 |p_recon loss: 0.000 |lr: 0.00005
[01/17/2025 18:44:03] {pretrain_model.py:214} INFO - New best loss: 9.083992447145306e-10 at step 2320
[01/17/2025 18:44:03] {pretrain_model.py:257} INFO - 2320 / 10001 |train loss: 0.000 |p_recon loss: 0.000 |lr: 0.00005
[01/17/2025 18:44:05] {pretrain_model.py:214} INFO - New best loss: 9.051274174609603e-10 at step 2331
[01/17/2025 18:44:05] {pretrain_model.py:257} INFO - 2331 / 10001 |train loss: 0.000 |p_recon loss: 0.000 |lr: 0.00005
[01/17/2025 18:44:05] {pretrain_model.py:214} INFO - New best loss: 8.921650640481005e-10 at step 2336
[01/17/2025 18:44:05] {pretrain_model.py:257} INFO - 2336 / 10001 |train loss: 0.000 |p_recon loss: 0.000 |lr: 0.00005
[01/17/2025 18:44:05] {pretrain_model.py:214} INFO - New best loss: 8.917940275132707e-10 at step 2337
[01/17/2025 18:44:05] {pretrain_model.py:257} INFO - 2337 / 10001 |train loss: 0.000 |p_recon loss: 0.000 |lr: 0.00005
[01/17/2025 18:44:06] {pretrain_model.py:214} INFO - New best loss: 8.913492166584547e-10 at step 2339
[01/17/2025 18:44:06] {pretrain_model.py:257} INFO - 2339 / 10001 |train loss: 0.000 |p_recon loss: 0.000 |lr: 0.00005
[01/17/2025 18:44:06] {pretrain_model.py:214} INFO - New best loss: 8.823425323711831e-10 at step 2340
[01/17/2025 18:44:06] {pretrain_model.py:257} INFO - 2340 / 10001 |train loss: 0.000 |p_recon loss: 0.000 |lr: 0.00005
[01/17/2025 18:44:06] {pretrain_model.py:214} INFO - New best loss: 8.660294148477021e-10 at step 2342
[01/17/2025 18:44:06] {pretrain_model.py:257} INFO - 2342 / 10001 |train loss: 0.000 |p_recon loss: 0.000 |lr: 0.00005
[01/17/2025 18:44:10] {pretrain_model.py:214} INFO - New best loss: 8.471795487352551e-10 at step 2369
[01/17/2025 18:44:10] {pretrain_model.py:257} INFO - 2369 / 10001 |train loss: 0.000 |p_recon loss: 0.000 |lr: 0.00005
[01/17/2025 18:44:13] {pretrain_model.py:214} INFO - New best loss: 8.364257064741309e-10 at step 2391
[01/17/2025 18:44:13] {pretrain_model.py:257} INFO - 2391 / 10001 |train loss: 0.000 |p_recon loss: 0.000 |lr: 0.00005
[01/17/2025 18:44:13] {pretrain_model.py:214} INFO - New best loss: 8.362717185406154e-10 at step 2393
[01/17/2025 18:44:13] {pretrain_model.py:257} INFO - 2393 / 10001 |train loss: 0.000 |p_recon loss: 0.000 |lr: 0.00005
[01/17/2025 18:44:14] {pretrain_model.py:214} INFO - New best loss: 8.31763657949125e-10 at step 2395
[01/17/2025 18:44:14] {pretrain_model.py:257} INFO - 2395 / 10001 |train loss: 0.000 |p_recon loss: 0.000 |lr: 0.00005
[01/17/2025 18:44:14] {pretrain_model.py:207} INFO - Train loss at step 2400: 8.516742866504501e-10
[01/17/2025 18:44:15] {pretrain_model.py:214} INFO - New best loss: 8.291878850208434e-10 at step 2403
[01/17/2025 18:44:15] {pretrain_model.py:257} INFO - 2403 / 10001 |train loss: 0.000 |p_recon loss: 0.000 |lr: 0.00005
[01/17/2025 18:44:15] {pretrain_model.py:214} INFO - New best loss: 8.198416945326414e-10 at step 2405
[01/17/2025 18:44:15] {pretrain_model.py:257} INFO - 2405 / 10001 |train loss: 0.000 |p_recon loss: 0.000 |lr: 0.00005
[01/17/2025 18:44:17] {pretrain_model.py:214} INFO - New best loss: 8.057928768678835e-10 at step 2417
[01/17/2025 18:44:17] {pretrain_model.py:257} INFO - 2417 / 10001 |train loss: 0.000 |p_recon loss: 0.000 |lr: 0.00005
[01/17/2025 18:44:19] {pretrain_model.py:214} INFO - New best loss: 7.916538535823747e-10 at step 2428
[01/17/2025 18:44:19] {pretrain_model.py:257} INFO - 2428 / 10001 |train loss: 0.000 |p_recon loss: 0.000 |lr: 0.00005
[01/17/2025 18:44:21] {pretrain_model.py:214} INFO - New best loss: 7.863850126632599e-10 at step 2443
[01/17/2025 18:44:21] {pretrain_model.py:257} INFO - 2443 / 10001 |train loss: 0.000 |p_recon loss: 0.000 |lr: 0.00005
[01/17/2025 18:44:21] {pretrain_model.py:214} INFO - New best loss: 7.812624991387906e-10 at step 2444
[01/17/2025 18:44:21] {pretrain_model.py:257} INFO - 2444 / 10001 |train loss: 0.000 |p_recon loss: 0.000 |lr: 0.00005
[01/17/2025 18:44:22] {pretrain_model.py:214} INFO - New best loss: 7.743953256422742e-10 at step 2452
[01/17/2025 18:44:22] {pretrain_model.py:257} INFO - 2452 / 10001 |train loss: 0.000 |p_recon loss: 0.000 |lr: 0.00005
[01/17/2025 18:44:24] {pretrain_model.py:214} INFO - New best loss: 7.698847670489783e-10 at step 2464
[01/17/2025 18:44:24] {pretrain_model.py:257} INFO - 2464 / 10001 |train loss: 0.000 |p_recon loss: 0.000 |lr: 0.00005
[01/17/2025 18:44:26] {pretrain_model.py:214} INFO - New best loss: 7.63640761736184e-10 at step 2477
[01/17/2025 18:44:26] {pretrain_model.py:257} INFO - 2477 / 10001 |train loss: 0.000 |p_recon loss: 0.000 |lr: 0.00005
[01/17/2025 18:44:26] {pretrain_model.py:214} INFO - New best loss: 7.61837815055344e-10 at step 2483
[01/17/2025 18:44:26] {pretrain_model.py:257} INFO - 2483 / 10001 |train loss: 0.000 |p_recon loss: 0.000 |lr: 0.00005
[01/17/2025 18:44:27] {pretrain_model.py:214} INFO - New best loss: 7.560676529294597e-10 at step 2485
[01/17/2025 18:44:27] {pretrain_model.py:257} INFO - 2485 / 10001 |train loss: 0.000 |p_recon loss: 0.000 |lr: 0.00005
[01/17/2025 18:44:28] {pretrain_model.py:214} INFO - New best loss: 7.427752302113788e-10 at step 2495
[01/17/2025 18:44:28] {pretrain_model.py:257} INFO - 2495 / 10001 |train loss: 0.000 |p_recon loss: 0.000 |lr: 0.00005
[01/17/2025 18:44:29] {pretrain_model.py:214} INFO - New best loss: 7.31004423659698e-10 at step 2498
[01/17/2025 18:44:29] {pretrain_model.py:257} INFO - 2498 / 10001 |train loss: 0.000 |p_recon loss: 0.000 |lr: 0.00005
[01/17/2025 18:44:29] {pretrain_model.py:207} INFO - Train loss at step 2500: 7.72669872528553e-10
[01/17/2025 18:44:31] {pretrain_model.py:214} INFO - New best loss: 7.280864244840757e-10 at step 2513
[01/17/2025 18:44:31] {pretrain_model.py:257} INFO - 2513 / 10001 |train loss: 0.000 |p_recon loss: 0.000 |lr: 0.00005
[01/17/2025 18:44:32] {pretrain_model.py:214} INFO - New best loss: 7.262255241613502e-10 at step 2519
[01/17/2025 18:44:32] {pretrain_model.py:257} INFO - 2519 / 10001 |train loss: 0.000 |p_recon loss: 0.000 |lr: 0.00005
[01/17/2025 18:44:33] {pretrain_model.py:214} INFO - New best loss: 7.144186353613691e-10 at step 2526
[01/17/2025 18:44:33] {pretrain_model.py:257} INFO - 2526 / 10001 |train loss: 0.000 |p_recon loss: 0.000 |lr: 0.00005
[01/17/2025 18:44:34] {pretrain_model.py:214} INFO - New best loss: 7.069595464592737e-10 at step 2534
[01/17/2025 18:44:34] {pretrain_model.py:257} INFO - 2534 / 10001 |train loss: 0.000 |p_recon loss: 0.000 |lr: 0.00005
[01/17/2025 18:44:34] {pretrain_model.py:214} INFO - New best loss: 6.951182407455292e-10 at step 2539
[01/17/2025 18:44:34] {pretrain_model.py:257} INFO - 2539 / 10001 |train loss: 0.000 |p_recon loss: 0.000 |lr: 0.00005
[01/17/2025 18:44:37] {pretrain_model.py:214} INFO - New best loss: 6.944740338354904e-10 at step 2560
[01/17/2025 18:44:37] {pretrain_model.py:257} INFO - 2560 / 10001 |train loss: 0.000 |p_recon loss: 0.000 |lr: 0.00005
[01/17/2025 18:44:38] {pretrain_model.py:214} INFO - New best loss: 6.793270390659245e-10 at step 2564
[01/17/2025 18:44:38] {pretrain_model.py:257} INFO - 2564 / 10001 |train loss: 0.000 |p_recon loss: 0.000 |lr: 0.00005
[01/17/2025 18:44:43] {pretrain_model.py:214} INFO - New best loss: 6.695566878711645e-10 at step 2596
[01/17/2025 18:44:43] {pretrain_model.py:257} INFO - 2596 / 10001 |train loss: 0.000 |p_recon loss: 0.000 |lr: 0.00005
[01/17/2025 18:44:43] {pretrain_model.py:214} INFO - New best loss: 6.691850407136712e-10 at step 2599
[01/17/2025 18:44:43] {pretrain_model.py:257} INFO - 2599 / 10001 |train loss: 0.000 |p_recon loss: 0.000 |lr: 0.00005
[01/17/2025 18:44:43] {pretrain_model.py:207} INFO - Train loss at step 2600: 6.887941883526594e-10
[01/17/2025 18:44:44] {pretrain_model.py:214} INFO - New best loss: 6.618356973575601e-10 at step 2605
[01/17/2025 18:44:44] {pretrain_model.py:257} INFO - 2605 / 10001 |train loss: 0.000 |p_recon loss: 0.000 |lr: 0.00005
[01/17/2025 18:44:45] {pretrain_model.py:214} INFO - New best loss: 6.50752784991937e-10 at step 2609
[01/17/2025 18:44:45] {pretrain_model.py:257} INFO - 2609 / 10001 |train loss: 0.000 |p_recon loss: 0.000 |lr: 0.00005
[01/17/2025 18:44:46] {pretrain_model.py:214} INFO - New best loss: 6.503768079646477e-10 at step 2621
[01/17/2025 18:44:46] {pretrain_model.py:257} INFO - 2621 / 10001 |train loss: 0.000 |p_recon loss: 0.000 |lr: 0.00005
[01/17/2025 18:44:48] {pretrain_model.py:214} INFO - New best loss: 6.377662842282916e-10 at step 2632
[01/17/2025 18:44:48] {pretrain_model.py:257} INFO - 2632 / 10001 |train loss: 0.000 |p_recon loss: 0.000 |lr: 0.00005
[01/17/2025 18:44:48] {pretrain_model.py:214} INFO - New best loss: 6.34915897634869e-10 at step 2635
[01/17/2025 18:44:48] {pretrain_model.py:257} INFO - 2635 / 10001 |train loss: 0.000 |p_recon loss: 0.000 |lr: 0.00005
[01/17/2025 18:44:50] {pretrain_model.py:214} INFO - New best loss: 6.313442546534986e-10 at step 2645
[01/17/2025 18:44:50] {pretrain_model.py:257} INFO - 2645 / 10001 |train loss: 0.000 |p_recon loss: 0.000 |lr: 0.00005
[01/17/2025 18:44:51] {pretrain_model.py:214} INFO - New best loss: 6.279900488515011e-10 at step 2655
[01/17/2025 18:44:51] {pretrain_model.py:257} INFO - 2655 / 10001 |train loss: 0.000 |p_recon loss: 0.000 |lr: 0.00005
[01/17/2025 18:44:52] {pretrain_model.py:214} INFO - New best loss: 6.255546081135321e-10 at step 2659
[01/17/2025 18:44:52] {pretrain_model.py:257} INFO - 2659 / 10001 |train loss: 0.000 |p_recon loss: 0.000 |lr: 0.00005
[01/17/2025 18:44:53] {pretrain_model.py:214} INFO - New best loss: 6.231291593827848e-10 at step 2666
[01/17/2025 18:44:53] {pretrain_model.py:257} INFO - 2666 / 10001 |train loss: 0.000 |p_recon loss: 0.000 |lr: 0.00005
[01/17/2025 18:44:53] {pretrain_model.py:214} INFO - New best loss: 6.222072856942873e-10 at step 2668
[01/17/2025 18:44:53] {pretrain_model.py:257} INFO - 2668 / 10001 |train loss: 0.000 |p_recon loss: 0.000 |lr: 0.00005
[01/17/2025 18:44:54] {pretrain_model.py:214} INFO - New best loss: 6.196048119022635e-10 at step 2671
[01/17/2025 18:44:54] {pretrain_model.py:257} INFO - 2671 / 10001 |train loss: 0.000 |p_recon loss: 0.000 |lr: 0.00005
[01/17/2025 18:44:54] {pretrain_model.py:214} INFO - New best loss: 6.134047714212443e-10 at step 2677
[01/17/2025 18:44:54] {pretrain_model.py:257} INFO - 2677 / 10001 |train loss: 0.000 |p_recon loss: 0.000 |lr: 0.00005
[01/17/2025 18:44:56] {pretrain_model.py:214} INFO - New best loss: 6.119506013035902e-10 at step 2686
[01/17/2025 18:44:56] {pretrain_model.py:257} INFO - 2686 / 10001 |train loss: 0.000 |p_recon loss: 0.000 |lr: 0.00005
[01/17/2025 18:44:56] {pretrain_model.py:214} INFO - New best loss: 6.071638192217677e-10 at step 2689
[01/17/2025 18:44:56] {pretrain_model.py:257} INFO - 2689 / 10001 |train loss: 0.000 |p_recon loss: 0.000 |lr: 0.00005
[01/17/2025 18:44:57] {pretrain_model.py:214} INFO - New best loss: 6.068000546477492e-10 at step 2693
[01/17/2025 18:44:57] {pretrain_model.py:257} INFO - 2693 / 10001 |train loss: 0.000 |p_recon loss: 0.000 |lr: 0.00005
[01/17/2025 18:44:58] {pretrain_model.py:207} INFO - Train loss at step 2700: 5.944875702823538e-10
[01/17/2025 18:44:58] {pretrain_model.py:214} INFO - New best loss: 5.944875702823538e-10 at step 2700
[01/17/2025 18:44:58] {pretrain_model.py:257} INFO - 2700 / 10001 |train loss: 0.000 |p_recon loss: 0.000 |lr: 0.00005
[01/17/2025 18:45:00] {pretrain_model.py:214} INFO - New best loss: 5.891144794212266e-10 at step 2716
[01/17/2025 18:45:00] {pretrain_model.py:257} INFO - 2716 / 10001 |train loss: 0.000 |p_recon loss: 0.000 |lr: 0.00005
[01/17/2025 18:45:01] {pretrain_model.py:214} INFO - New best loss: 5.857075380255594e-10 at step 2719
[01/17/2025 18:45:01] {pretrain_model.py:257} INFO - 2719 / 10001 |train loss: 0.000 |p_recon loss: 0.000 |lr: 0.00005
[01/17/2025 18:45:02] {pretrain_model.py:214} INFO - New best loss: 5.828632576587722e-10 at step 2729
[01/17/2025 18:45:02] {pretrain_model.py:257} INFO - 2729 / 10001 |train loss: 0.000 |p_recon loss: 0.000 |lr: 0.00005
[01/17/2025 18:45:03] {pretrain_model.py:214} INFO - New best loss: 5.787857415562314e-10 at step 2737
[01/17/2025 18:45:03] {pretrain_model.py:257} INFO - 2737 / 10001 |train loss: 0.000 |p_recon loss: 0.000 |lr: 0.00005
[01/17/2025 18:45:03] {pretrain_model.py:214} INFO - New best loss: 5.75725855878062e-10 at step 2738
[01/17/2025 18:45:03] {pretrain_model.py:257} INFO - 2738 / 10001 |train loss: 0.000 |p_recon loss: 0.000 |lr: 0.00005
[01/17/2025 18:45:03] {pretrain_model.py:214} INFO - New best loss: 5.703675309831624e-10 at step 2739
[01/17/2025 18:45:03] {pretrain_model.py:257} INFO - 2739 / 10001 |train loss: 0.000 |p_recon loss: 0.000 |lr: 0.00005
[01/17/2025 18:45:04] {pretrain_model.py:214} INFO - New best loss: 5.630604871242895e-10 at step 2742
[01/17/2025 18:45:04] {pretrain_model.py:257} INFO - 2742 / 10001 |train loss: 0.000 |p_recon loss: 0.000 |lr: 0.00005
[01/17/2025 18:45:06] {pretrain_model.py:214} INFO - New best loss: 5.612328934923028e-10 at step 2757
[01/17/2025 18:45:06] {pretrain_model.py:257} INFO - 2757 / 10001 |train loss: 0.000 |p_recon loss: 0.000 |lr: 0.00005
[01/17/2025 18:45:08] {pretrain_model.py:214} INFO - New best loss: 5.591438423380168e-10 at step 2768
[01/17/2025 18:45:08] {pretrain_model.py:257} INFO - 2768 / 10001 |train loss: 0.000 |p_recon loss: 0.000 |lr: 0.00005
[01/17/2025 18:45:10] {pretrain_model.py:214} INFO - New best loss: 5.556112792071133e-10 at step 2782
[01/17/2025 18:45:10] {pretrain_model.py:257} INFO - 2782 / 10001 |train loss: 0.000 |p_recon loss: 0.000 |lr: 0.00005
[01/17/2025 18:45:10] {pretrain_model.py:214} INFO - New best loss: 5.488193788316664e-10 at step 2783
[01/17/2025 18:45:10] {pretrain_model.py:257} INFO - 2783 / 10001 |train loss: 0.000 |p_recon loss: 0.000 |lr: 0.00005
[01/17/2025 18:45:12] {pretrain_model.py:214} INFO - New best loss: 5.468835384547788e-10 at step 2795
[01/17/2025 18:45:12] {pretrain_model.py:257} INFO - 2795 / 10001 |train loss: 0.000 |p_recon loss: 0.000 |lr: 0.00005
[01/17/2025 18:45:12] {pretrain_model.py:214} INFO - New best loss: 5.369470423843836e-10 at step 2797
[01/17/2025 18:45:12] {pretrain_model.py:257} INFO - 2797 / 10001 |train loss: 0.000 |p_recon loss: 0.000 |lr: 0.00005
[01/17/2025 18:45:12] {pretrain_model.py:207} INFO - Train loss at step 2800: 5.524274926393957e-10
[01/17/2025 18:45:14] {pretrain_model.py:214} INFO - New best loss: 5.364352295700314e-10 at step 2813
[01/17/2025 18:45:14] {pretrain_model.py:257} INFO - 2813 / 10001 |train loss: 0.000 |p_recon loss: 0.000 |lr: 0.00005
[01/17/2025 18:45:16] {pretrain_model.py:214} INFO - New best loss: 5.340769493322739e-10 at step 2823
[01/17/2025 18:45:16] {pretrain_model.py:257} INFO - 2823 / 10001 |train loss: 0.000 |p_recon loss: 0.000 |lr: 0.00005
[01/17/2025 18:45:16] {pretrain_model.py:214} INFO - New best loss: 5.304238714920473e-10 at step 2824
[01/17/2025 18:45:16] {pretrain_model.py:257} INFO - 2824 / 10001 |train loss: 0.000 |p_recon loss: 0.000 |lr: 0.00005
[01/17/2025 18:45:18] {pretrain_model.py:214} INFO - New best loss: 5.295352489831373e-10 at step 2841
[01/17/2025 18:45:18] {pretrain_model.py:257} INFO - 2841 / 10001 |train loss: 0.000 |p_recon loss: 0.000 |lr: 0.00005
[01/17/2025 18:45:18] {pretrain_model.py:214} INFO - New best loss: 5.25851751032036e-10 at step 2843
[01/17/2025 18:45:18] {pretrain_model.py:257} INFO - 2843 / 10001 |train loss: 0.000 |p_recon loss: 0.000 |lr: 0.00005
[01/17/2025 18:45:19] {pretrain_model.py:214} INFO - New best loss: 5.219145116086565e-10 at step 2845
[01/17/2025 18:45:19] {pretrain_model.py:257} INFO - 2845 / 10001 |train loss: 0.000 |p_recon loss: 0.000 |lr: 0.00005
[01/17/2025 18:45:20] {pretrain_model.py:214} INFO - New best loss: 5.180542106408836e-10 at step 2854
[01/17/2025 18:45:20] {pretrain_model.py:257} INFO - 2854 / 10001 |train loss: 0.000 |p_recon loss: 0.000 |lr: 0.00005
[01/17/2025 18:45:22] {pretrain_model.py:214} INFO - New best loss: 5.147930970395009e-10 at step 2865
[01/17/2025 18:45:22] {pretrain_model.py:257} INFO - 2865 / 10001 |train loss: 0.000 |p_recon loss: 0.000 |lr: 0.00005
[01/17/2025 18:45:22] {pretrain_model.py:214} INFO - New best loss: 5.126938318333885e-10 at step 2866
[01/17/2025 18:45:22] {pretrain_model.py:257} INFO - 2866 / 10001 |train loss: 0.000 |p_recon loss: 0.000 |lr: 0.00005
[01/17/2025 18:45:22] {pretrain_model.py:214} INFO - New best loss: 5.095603938798376e-10 at step 2869
[01/17/2025 18:45:22] {pretrain_model.py:257} INFO - 2869 / 10001 |train loss: 0.000 |p_recon loss: 0.000 |lr: 0.00005
[01/17/2025 18:45:23] {pretrain_model.py:214} INFO - New best loss: 5.075292408562859e-10 at step 2873
[01/17/2025 18:45:23] {pretrain_model.py:257} INFO - 2873 / 10001 |train loss: 0.000 |p_recon loss: 0.000 |lr: 0.00005
[01/17/2025 18:45:23] {pretrain_model.py:214} INFO - New best loss: 5.066303487843982e-10 at step 2874
[01/17/2025 18:45:23] {pretrain_model.py:257} INFO - 2874 / 10001 |train loss: 0.000 |p_recon loss: 0.000 |lr: 0.00005
[01/17/2025 18:45:23] {pretrain_model.py:214} INFO - New best loss: 5.012554260552804e-10 at step 2876
[01/17/2025 18:45:23] {pretrain_model.py:257} INFO - 2876 / 10001 |train loss: 0.000 |p_recon loss: 0.000 |lr: 0.00005
[01/17/2025 18:45:24] {pretrain_model.py:214} INFO - New best loss: 4.962804611707838e-10 at step 2881
[01/17/2025 18:45:24] {pretrain_model.py:257} INFO - 2881 / 10001 |train loss: 0.000 |p_recon loss: 0.000 |lr: 0.00005
[01/17/2025 18:45:26] {pretrain_model.py:214} INFO - New best loss: 4.933142228047416e-10 at step 2897
[01/17/2025 18:45:26] {pretrain_model.py:257} INFO - 2897 / 10001 |train loss: 0.000 |p_recon loss: 0.000 |lr: 0.00005
[01/17/2025 18:45:27] {pretrain_model.py:207} INFO - Train loss at step 2900: 5.147227088997397e-10
[01/17/2025 18:45:27] {pretrain_model.py:214} INFO - New best loss: 4.890137184077048e-10 at step 2902
[01/17/2025 18:45:27] {pretrain_model.py:257} INFO - 2902 / 10001 |train loss: 0.000 |p_recon loss: 0.000 |lr: 0.00005
[01/17/2025 18:45:28] {pretrain_model.py:214} INFO - New best loss: 4.876369863460184e-10 at step 2908
[01/17/2025 18:45:28] {pretrain_model.py:257} INFO - 2908 / 10001 |train loss: 0.000 |p_recon loss: 0.000 |lr: 0.00005
[01/17/2025 18:45:29] {pretrain_model.py:214} INFO - New best loss: 4.786468998929649e-10 at step 2917
[01/17/2025 18:45:29] {pretrain_model.py:257} INFO - 2917 / 10001 |train loss: 0.000 |p_recon loss: 0.000 |lr: 0.00005
[01/17/2025 18:45:32] {pretrain_model.py:214} INFO - New best loss: 4.77490158523608e-10 at step 2935
[01/17/2025 18:45:32] {pretrain_model.py:257} INFO - 2935 / 10001 |train loss: 0.000 |p_recon loss: 0.000 |lr: 0.00005
[01/17/2025 18:45:32] {pretrain_model.py:214} INFO - New best loss: 4.641244888414775e-10 at step 2939
[01/17/2025 18:45:32] {pretrain_model.py:257} INFO - 2939 / 10001 |train loss: 0.000 |p_recon loss: 0.000 |lr: 0.00005
[01/17/2025 18:45:34] {pretrain_model.py:214} INFO - New best loss: 4.616231286114214e-10 at step 2948
[01/17/2025 18:45:34] {pretrain_model.py:257} INFO - 2948 / 10001 |train loss: 0.000 |p_recon loss: 0.000 |lr: 0.00005
[01/17/2025 18:45:34] {pretrain_model.py:214} INFO - New best loss: 4.577181966780586e-10 at step 2949
[01/17/2025 18:45:34] {pretrain_model.py:257} INFO - 2949 / 10001 |train loss: 0.000 |p_recon loss: 0.000 |lr: 0.00005
[01/17/2025 18:45:39] {pretrain_model.py:214} INFO - New best loss: 4.4768833085129245e-10 at step 2986
[01/17/2025 18:45:39] {pretrain_model.py:257} INFO - 2986 / 10001 |train loss: 0.000 |p_recon loss: 0.000 |lr: 0.00005
[01/17/2025 18:45:41] {pretrain_model.py:207} INFO - Train loss at step 3000: 4.618472548845176e-10
[01/17/2025 18:45:42] {pretrain_model.py:214} INFO - New best loss: 4.4622733286203697e-10 at step 3006
[01/17/2025 18:45:42] {pretrain_model.py:257} INFO - 3006 / 10001 |train loss: 0.000 |p_recon loss: 0.000 |lr: 0.00005
[01/17/2025 18:45:43] {pretrain_model.py:214} INFO - New best loss: 4.4562042944562563e-10 at step 3016
[01/17/2025 18:45:43] {pretrain_model.py:257} INFO - 3016 / 10001 |train loss: 0.000 |p_recon loss: 0.000 |lr: 0.00005
[01/17/2025 18:45:45] {pretrain_model.py:214} INFO - New best loss: 4.3716816278127624e-10 at step 3026
[01/17/2025 18:45:45] {pretrain_model.py:257} INFO - 3026 / 10001 |train loss: 0.000 |p_recon loss: 0.000 |lr: 0.00005
[01/17/2025 18:45:47] {pretrain_model.py:214} INFO - New best loss: 4.3646442016154197e-10 at step 3042
[01/17/2025 18:45:47] {pretrain_model.py:257} INFO - 3042 / 10001 |train loss: 0.000 |p_recon loss: 0.000 |lr: 0.00005
[01/17/2025 18:45:47] {pretrain_model.py:214} INFO - New best loss: 4.330032721266974e-10 at step 3044
[01/17/2025 18:45:47] {pretrain_model.py:257} INFO - 3044 / 10001 |train loss: 0.000 |p_recon loss: 0.000 |lr: 0.00005
[01/17/2025 18:45:48] {pretrain_model.py:214} INFO - New best loss: 4.3122505566373093e-10 at step 3048
[01/17/2025 18:45:48] {pretrain_model.py:257} INFO - 3048 / 10001 |train loss: 0.000 |p_recon loss: 0.000 |lr: 0.00005
[01/17/2025 18:45:48] {pretrain_model.py:214} INFO - New best loss: 4.250114704618113e-10 at step 3050
[01/17/2025 18:45:48] {pretrain_model.py:257} INFO - 3050 / 10001 |train loss: 0.000 |p_recon loss: 0.000 |lr: 0.00005
[01/17/2025 18:45:50] {pretrain_model.py:214} INFO - New best loss: 4.194447011940383e-10 at step 3064
[01/17/2025 18:45:50] {pretrain_model.py:257} INFO - 3064 / 10001 |train loss: 0.000 |p_recon loss: 0.000 |lr: 0.00005
[01/17/2025 18:45:52] {pretrain_model.py:214} INFO - New best loss: 4.1123260352549096e-10 at step 3078
[01/17/2025 18:45:52] {pretrain_model.py:257} INFO - 3078 / 10001 |train loss: 0.000 |p_recon loss: 0.000 |lr: 0.00005
[01/17/2025 18:45:53] {pretrain_model.py:214} INFO - New best loss: 4.1066638978293213e-10 at step 3080
[01/17/2025 18:45:53] {pretrain_model.py:257} INFO - 3080 / 10001 |train loss: 0.000 |p_recon loss: 0.000 |lr: 0.00005
[01/17/2025 18:45:55] {pretrain_model.py:214} INFO - New best loss: 4.0988168414912707e-10 at step 3098
[01/17/2025 18:45:55] {pretrain_model.py:257} INFO - 3098 / 10001 |train loss: 0.000 |p_recon loss: 0.000 |lr: 0.00005
[01/17/2025 18:45:56] {pretrain_model.py:207} INFO - Train loss at step 3100: 4.176232970554139e-10
[01/17/2025 18:45:56] {pretrain_model.py:214} INFO - New best loss: 4.0963016312289824e-10 at step 3105
[01/17/2025 18:45:56] {pretrain_model.py:257} INFO - 3105 / 10001 |train loss: 0.000 |p_recon loss: 0.000 |lr: 0.00005
[01/17/2025 18:45:56] {pretrain_model.py:214} INFO - New best loss: 4.0577061155566696e-10 at step 3106
[01/17/2025 18:45:56] {pretrain_model.py:257} INFO - 3106 / 10001 |train loss: 0.000 |p_recon loss: 0.000 |lr: 0.00005
[01/17/2025 18:45:57] {pretrain_model.py:214} INFO - New best loss: 4.047955581842899e-10 at step 3113
[01/17/2025 18:45:57] {pretrain_model.py:257} INFO - 3113 / 10001 |train loss: 0.000 |p_recon loss: 0.000 |lr: 0.00005
[01/17/2025 18:45:58] {pretrain_model.py:214} INFO - New best loss: 4.0277306490033027e-10 at step 3119
[01/17/2025 18:45:58] {pretrain_model.py:257} INFO - 3119 / 10001 |train loss: 0.000 |p_recon loss: 0.000 |lr: 0.00005
[01/17/2025 18:46:00] {pretrain_model.py:214} INFO - New best loss: 4.0228842479450577e-10 at step 3130
[01/17/2025 18:46:00] {pretrain_model.py:257} INFO - 3130 / 10001 |train loss: 0.000 |p_recon loss: 0.000 |lr: 0.00005
[01/17/2025 18:46:00] {pretrain_model.py:214} INFO - New best loss: 4.0059128236791253e-10 at step 3132
[01/17/2025 18:46:00] {pretrain_model.py:257} INFO - 3132 / 10001 |train loss: 0.000 |p_recon loss: 0.000 |lr: 0.00005
[01/17/2025 18:46:01] {pretrain_model.py:214} INFO - New best loss: 3.9932368522954675e-10 at step 3135
[01/17/2025 18:46:01] {pretrain_model.py:257} INFO - 3135 / 10001 |train loss: 0.000 |p_recon loss: 0.000 |lr: 0.00005
[01/17/2025 18:46:01] {pretrain_model.py:214} INFO - New best loss: 3.959046146473355e-10 at step 3138
[01/17/2025 18:46:01] {pretrain_model.py:257} INFO - 3138 / 10001 |train loss: 0.000 |p_recon loss: 0.000 |lr: 0.00005
[01/17/2025 18:46:01] {pretrain_model.py:214} INFO - New best loss: 3.9375316895906565e-10 at step 3139
[01/17/2025 18:46:01] {pretrain_model.py:257} INFO - 3139 / 10001 |train loss: 0.000 |p_recon loss: 0.000 |lr: 0.00005
[01/17/2025 18:46:02] {pretrain_model.py:214} INFO - New best loss: 3.929334912999849e-10 at step 3143
[01/17/2025 18:46:02] {pretrain_model.py:257} INFO - 3143 / 10001 |train loss: 0.000 |p_recon loss: 0.000 |lr: 0.00005
[01/17/2025 18:46:02] {pretrain_model.py:214} INFO - New best loss: 3.8782554945271386e-10 at step 3146
[01/17/2025 18:46:02] {pretrain_model.py:257} INFO - 3146 / 10001 |train loss: 0.000 |p_recon loss: 0.000 |lr: 0.00005
[01/17/2025 18:46:05] {pretrain_model.py:214} INFO - New best loss: 3.822533400921202e-10 at step 3165
[01/17/2025 18:46:05] {pretrain_model.py:257} INFO - 3165 / 10001 |train loss: 0.000 |p_recon loss: 0.000 |lr: 0.00005
[01/17/2025 18:46:06] {pretrain_model.py:214} INFO - New best loss: 3.7048925038973834e-10 at step 3171
[01/17/2025 18:46:06] {pretrain_model.py:257} INFO - 3171 / 10001 |train loss: 0.000 |p_recon loss: 0.000 |lr: 0.00005
[01/17/2025 18:46:10] {pretrain_model.py:207} INFO - Train loss at step 3200: 3.626439148973759e-10
[01/17/2025 18:46:10] {pretrain_model.py:214} INFO - New best loss: 3.626439148973759e-10 at step 3200
[01/17/2025 18:46:10] {pretrain_model.py:257} INFO - 3200 / 10001 |train loss: 0.000 |p_recon loss: 0.000 |lr: 0.00005
[01/17/2025 18:46:13] {pretrain_model.py:214} INFO - New best loss: 3.5780928220319197e-10 at step 3223
[01/17/2025 18:46:13] {pretrain_model.py:257} INFO - 3223 / 10001 |train loss: 0.000 |p_recon loss: 0.000 |lr: 0.00005
[01/17/2025 18:46:16] {pretrain_model.py:214} INFO - New best loss: 3.552065586109876e-10 at step 3243
[01/17/2025 18:46:16] {pretrain_model.py:257} INFO - 3243 / 10001 |train loss: 0.000 |p_recon loss: 0.000 |lr: 0.00005
[01/17/2025 18:46:19] {pretrain_model.py:214} INFO - New best loss: 3.4753949718080435e-10 at step 3262
[01/17/2025 18:46:19] {pretrain_model.py:257} INFO - 3262 / 10001 |train loss: 0.000 |p_recon loss: 0.000 |lr: 0.00005
[01/17/2025 18:46:19] {pretrain_model.py:214} INFO - New best loss: 3.4583855224035176e-10 at step 3265
[01/17/2025 18:46:19] {pretrain_model.py:257} INFO - 3265 / 10001 |train loss: 0.000 |p_recon loss: 0.000 |lr: 0.00005
[01/17/2025 18:46:21] {pretrain_model.py:214} INFO - New best loss: 3.4109723379138757e-10 at step 3276
[01/17/2025 18:46:21] {pretrain_model.py:257} INFO - 3276 / 10001 |train loss: 0.000 |p_recon loss: 0.000 |lr: 0.00005
[01/17/2025 18:46:24] {pretrain_model.py:214} INFO - New best loss: 3.362586598054662e-10 at step 3298
[01/17/2025 18:46:24] {pretrain_model.py:257} INFO - 3298 / 10001 |train loss: 0.000 |p_recon loss: 0.000 |lr: 0.00005
[01/17/2025 18:46:24] {pretrain_model.py:207} INFO - Train loss at step 3300: 3.3976671476310116e-10
[01/17/2025 18:46:27] {pretrain_model.py:214} INFO - New best loss: 3.3258509835043526e-10 at step 3319
[01/17/2025 18:46:27] {pretrain_model.py:257} INFO - 3319 / 10001 |train loss: 0.000 |p_recon loss: 0.000 |lr: 0.00005
[01/17/2025 18:46:28] {pretrain_model.py:214} INFO - New best loss: 3.285699767818784e-10 at step 3324
[01/17/2025 18:46:28] {pretrain_model.py:257} INFO - 3324 / 10001 |train loss: 0.000 |p_recon loss: 0.000 |lr: 0.00005
[01/17/2025 18:46:30] {pretrain_model.py:214} INFO - New best loss: 3.2542549210923255e-10 at step 3342
[01/17/2025 18:46:30] {pretrain_model.py:257} INFO - 3342 / 10001 |train loss: 0.000 |p_recon loss: 0.000 |lr: 0.00005
[01/17/2025 18:46:31] {pretrain_model.py:214} INFO - New best loss: 3.2297667318381684e-10 at step 3349
[01/17/2025 18:46:31] {pretrain_model.py:257} INFO - 3349 / 10001 |train loss: 0.000 |p_recon loss: 0.000 |lr: 0.00005
[01/17/2025 18:46:35] {pretrain_model.py:214} INFO - New best loss: 3.2190244914076516e-10 at step 3371
[01/17/2025 18:46:35] {pretrain_model.py:257} INFO - 3371 / 10001 |train loss: 0.000 |p_recon loss: 0.000 |lr: 0.00005
[01/17/2025 18:46:36] {pretrain_model.py:214} INFO - New best loss: 3.1143268519606693e-10 at step 3377
[01/17/2025 18:46:36] {pretrain_model.py:257} INFO - 3377 / 10001 |train loss: 0.000 |p_recon loss: 0.000 |lr: 0.00005
[01/17/2025 18:46:37] {pretrain_model.py:214} INFO - New best loss: 3.0874219847376594e-10 at step 3386
[01/17/2025 18:46:37] {pretrain_model.py:257} INFO - 3386 / 10001 |train loss: 0.000 |p_recon loss: 0.000 |lr: 0.00005
[01/17/2025 18:46:39] {pretrain_model.py:207} INFO - Train loss at step 3400: 3.2204242050859477e-10
[01/17/2025 18:46:39] {pretrain_model.py:214} INFO - New best loss: 3.076738863683204e-10 at step 3401
[01/17/2025 18:46:39] {pretrain_model.py:257} INFO - 3401 / 10001 |train loss: 0.000 |p_recon loss: 0.000 |lr: 0.00005
[01/17/2025 18:46:41] {pretrain_model.py:214} INFO - New best loss: 3.0425853503324163e-10 at step 3412
[01/17/2025 18:46:41] {pretrain_model.py:257} INFO - 3412 / 10001 |train loss: 0.000 |p_recon loss: 0.000 |lr: 0.00005
[01/17/2025 18:46:42] {pretrain_model.py:214} INFO - New best loss: 3.025056594108122e-10 at step 3424
[01/17/2025 18:46:42] {pretrain_model.py:257} INFO - 3424 / 10001 |train loss: 0.000 |p_recon loss: 0.000 |lr: 0.00005
[01/17/2025 18:46:42] {pretrain_model.py:214} INFO - New best loss: 2.963239098541237e-10 at step 3425
[01/17/2025 18:46:42] {pretrain_model.py:257} INFO - 3425 / 10001 |train loss: 0.000 |p_recon loss: 0.000 |lr: 0.00005
[01/17/2025 18:46:44] {pretrain_model.py:214} INFO - New best loss: 2.9300442627722134e-10 at step 3439
[01/17/2025 18:46:44] {pretrain_model.py:257} INFO - 3439 / 10001 |train loss: 0.000 |p_recon loss: 0.000 |lr: 0.00005
[01/17/2025 18:46:48] {pretrain_model.py:214} INFO - New best loss: 2.9096622333746325e-10 at step 3467
[01/17/2025 18:46:48] {pretrain_model.py:257} INFO - 3467 / 10001 |train loss: 0.000 |p_recon loss: 0.000 |lr: 0.00005
[01/17/2025 18:46:49] {pretrain_model.py:214} INFO - New best loss: 2.890057360094289e-10 at step 3469
[01/17/2025 18:46:49] {pretrain_model.py:257} INFO - 3469 / 10001 |train loss: 0.000 |p_recon loss: 0.000 |lr: 0.00005
[01/17/2025 18:46:49] {pretrain_model.py:214} INFO - New best loss: 2.8759183923199316e-10 at step 3474
[01/17/2025 18:46:49] {pretrain_model.py:257} INFO - 3474 / 10001 |train loss: 0.000 |p_recon loss: 0.000 |lr: 0.00005
[01/17/2025 18:46:51] {pretrain_model.py:214} INFO - New best loss: 2.8704197352347194e-10 at step 3482
[01/17/2025 18:46:51] {pretrain_model.py:257} INFO - 3482 / 10001 |train loss: 0.000 |p_recon loss: 0.000 |lr: 0.00005
[01/17/2025 18:46:53] {pretrain_model.py:214} INFO - New best loss: 2.8564936527253337e-10 at step 3499
[01/17/2025 18:46:53] {pretrain_model.py:257} INFO - 3499 / 10001 |train loss: 0.000 |p_recon loss: 0.000 |lr: 0.00005
[01/17/2025 18:46:53] {pretrain_model.py:207} INFO - Train loss at step 3500: 2.946101695933123e-10
[01/17/2025 18:46:53] {pretrain_model.py:214} INFO - New best loss: 2.844957880387966e-10 at step 3501
[01/17/2025 18:46:53] {pretrain_model.py:257} INFO - 3501 / 10001 |train loss: 0.000 |p_recon loss: 0.000 |lr: 0.00005
[01/17/2025 18:46:54] {pretrain_model.py:214} INFO - New best loss: 2.820134126224616e-10 at step 3506
[01/17/2025 18:46:54] {pretrain_model.py:257} INFO - 3506 / 10001 |train loss: 0.000 |p_recon loss: 0.000 |lr: 0.00005
[01/17/2025 18:46:56] {pretrain_model.py:214} INFO - New best loss: 2.799194487312917e-10 at step 3518
[01/17/2025 18:46:56] {pretrain_model.py:257} INFO - 3518 / 10001 |train loss: 0.000 |p_recon loss: 0.000 |lr: 0.00005
[01/17/2025 18:46:57] {pretrain_model.py:214} INFO - New best loss: 2.7884208830819546e-10 at step 3526
[01/17/2025 18:46:57] {pretrain_model.py:257} INFO - 3526 / 10001 |train loss: 0.000 |p_recon loss: 0.000 |lr: 0.00005
[01/17/2025 18:46:58] {pretrain_model.py:214} INFO - New best loss: 2.735426607447522e-10 at step 3532
[01/17/2025 18:46:58] {pretrain_model.py:257} INFO - 3532 / 10001 |train loss: 0.000 |p_recon loss: 0.000 |lr: 0.00005
[01/17/2025 18:46:59] {pretrain_model.py:214} INFO - New best loss: 2.705846657846678e-10 at step 3543
[01/17/2025 18:46:59] {pretrain_model.py:257} INFO - 3543 / 10001 |train loss: 0.000 |p_recon loss: 0.000 |lr: 0.00005
[01/17/2025 18:47:02] {pretrain_model.py:214} INFO - New best loss: 2.630136386461146e-10 at step 3558
[01/17/2025 18:47:02] {pretrain_model.py:257} INFO - 3558 / 10001 |train loss: 0.000 |p_recon loss: 0.000 |lr: 0.00005
[01/17/2025 18:47:06] {pretrain_model.py:214} INFO - New best loss: 2.6298777044964083e-10 at step 3590
[01/17/2025 18:47:06] {pretrain_model.py:257} INFO - 3590 / 10001 |train loss: 0.000 |p_recon loss: 0.000 |lr: 0.00005
[01/17/2025 18:47:07] {pretrain_model.py:214} INFO - New best loss: 2.625369921460674e-10 at step 3595
[01/17/2025 18:47:07] {pretrain_model.py:257} INFO - 3595 / 10001 |train loss: 0.000 |p_recon loss: 0.000 |lr: 0.00005
[01/17/2025 18:47:08] {pretrain_model.py:207} INFO - Train loss at step 3600: 2.710981439335569e-10
[01/17/2025 18:47:08] {pretrain_model.py:214} INFO - New best loss: 2.612144667235583e-10 at step 3603
[01/17/2025 18:47:08] {pretrain_model.py:257} INFO - 3603 / 10001 |train loss: 0.000 |p_recon loss: 0.000 |lr: 0.00005
[01/17/2025 18:47:09] {pretrain_model.py:214} INFO - New best loss: 2.546237387601735e-10 at step 3610
[01/17/2025 18:47:09] {pretrain_model.py:257} INFO - 3610 / 10001 |train loss: 0.000 |p_recon loss: 0.000 |lr: 0.00005
[01/17/2025 18:47:10] {pretrain_model.py:214} INFO - New best loss: 2.5398017022837394e-10 at step 3619
[01/17/2025 18:47:10] {pretrain_model.py:257} INFO - 3619 / 10001 |train loss: 0.000 |p_recon loss: 0.000 |lr: 0.00005
[01/17/2025 18:47:12] {pretrain_model.py:214} INFO - New best loss: 2.5307841933219777e-10 at step 3628
[01/17/2025 18:47:12] {pretrain_model.py:257} INFO - 3628 / 10001 |train loss: 0.000 |p_recon loss: 0.000 |lr: 0.00005
[01/17/2025 18:47:13] {pretrain_model.py:214} INFO - New best loss: 2.5292568039958496e-10 at step 3636
[01/17/2025 18:47:13] {pretrain_model.py:257} INFO - 3636 / 10001 |train loss: 0.000 |p_recon loss: 0.000 |lr: 0.00005
[01/17/2025 18:47:14] {pretrain_model.py:214} INFO - New best loss: 2.524052356012163e-10 at step 3644
[01/17/2025 18:47:14] {pretrain_model.py:257} INFO - 3644 / 10001 |train loss: 0.000 |p_recon loss: 0.000 |lr: 0.00005
[01/17/2025 18:47:15] {pretrain_model.py:214} INFO - New best loss: 2.5001281600545155e-10 at step 3650
[01/17/2025 18:47:15] {pretrain_model.py:257} INFO - 3650 / 10001 |train loss: 0.000 |p_recon loss: 0.000 |lr: 0.00005
[01/17/2025 18:47:15] {pretrain_model.py:214} INFO - New best loss: 2.4447624480394836e-10 at step 3653
[01/17/2025 18:47:15] {pretrain_model.py:257} INFO - 3653 / 10001 |train loss: 0.000 |p_recon loss: 0.000 |lr: 0.00005
[01/17/2025 18:47:17] {pretrain_model.py:214} INFO - New best loss: 2.414472788370148e-10 at step 3663
[01/17/2025 18:47:17] {pretrain_model.py:257} INFO - 3663 / 10001 |train loss: 0.000 |p_recon loss: 0.000 |lr: 0.00005
[01/17/2025 18:47:22] {pretrain_model.py:207} INFO - Train loss at step 3700: 2.406831678403165e-10
[01/17/2025 18:47:22] {pretrain_model.py:214} INFO - New best loss: 2.406831678403165e-10 at step 3700
[01/17/2025 18:47:22] {pretrain_model.py:257} INFO - 3700 / 10001 |train loss: 0.000 |p_recon loss: 0.000 |lr: 0.00005
[01/17/2025 18:47:23] {pretrain_model.py:214} INFO - New best loss: 2.369782148292643e-10 at step 3707
[01/17/2025 18:47:23] {pretrain_model.py:257} INFO - 3707 / 10001 |train loss: 0.000 |p_recon loss: 0.000 |lr: 0.00005
[01/17/2025 18:47:24] {pretrain_model.py:214} INFO - New best loss: 2.359073492108621e-10 at step 3711
[01/17/2025 18:47:24] {pretrain_model.py:257} INFO - 3711 / 10001 |train loss: 0.000 |p_recon loss: 0.000 |lr: 0.00005
[01/17/2025 18:47:26] {pretrain_model.py:214} INFO - New best loss: 2.3581367414315935e-10 at step 3727
[01/17/2025 18:47:26] {pretrain_model.py:257} INFO - 3727 / 10001 |train loss: 0.000 |p_recon loss: 0.000 |lr: 0.00005
[01/17/2025 18:47:26] {pretrain_model.py:214} INFO - New best loss: 2.3429189144330564e-10 at step 3728
[01/17/2025 18:47:26] {pretrain_model.py:257} INFO - 3728 / 10001 |train loss: 0.000 |p_recon loss: 0.000 |lr: 0.00005
[01/17/2025 18:47:26] {pretrain_model.py:214} INFO - New best loss: 2.334546167492846e-10 at step 3729
[01/17/2025 18:47:26] {pretrain_model.py:257} INFO - 3729 / 10001 |train loss: 0.000 |p_recon loss: 0.000 |lr: 0.00005
[01/17/2025 18:47:27] {pretrain_model.py:214} INFO - New best loss: 2.3212007316253391e-10 at step 3734
[01/17/2025 18:47:27] {pretrain_model.py:257} INFO - 3734 / 10001 |train loss: 0.000 |p_recon loss: 0.000 |lr: 0.00005
[01/17/2025 18:47:27] {pretrain_model.py:214} INFO - New best loss: 2.3187192443874238e-10 at step 3736
[01/17/2025 18:47:27] {pretrain_model.py:257} INFO - 3736 / 10001 |train loss: 0.000 |p_recon loss: 0.000 |lr: 0.00005
[01/17/2025 18:47:29] {pretrain_model.py:214} INFO - New best loss: 2.3091799306040883e-10 at step 3746
[01/17/2025 18:47:29] {pretrain_model.py:257} INFO - 3746 / 10001 |train loss: 0.000 |p_recon loss: 0.000 |lr: 0.00005
[01/17/2025 18:47:30] {pretrain_model.py:214} INFO - New best loss: 2.29172944510303e-10 at step 3754
[01/17/2025 18:47:30] {pretrain_model.py:257} INFO - 3754 / 10001 |train loss: 0.000 |p_recon loss: 0.000 |lr: 0.00005
[01/17/2025 18:47:31] {pretrain_model.py:214} INFO - New best loss: 2.2455202974835942e-10 at step 3759
[01/17/2025 18:47:31] {pretrain_model.py:257} INFO - 3759 / 10001 |train loss: 0.000 |p_recon loss: 0.000 |lr: 0.00005
[01/17/2025 18:47:32] {pretrain_model.py:214} INFO - New best loss: 2.2163906820971135e-10 at step 3770
[01/17/2025 18:47:32] {pretrain_model.py:257} INFO - 3770 / 10001 |train loss: 0.000 |p_recon loss: 0.000 |lr: 0.00005
[01/17/2025 18:47:36] {pretrain_model.py:207} INFO - Train loss at step 3800: 2.3398555315523595e-10
[01/17/2025 18:47:37] {pretrain_model.py:214} INFO - New best loss: 2.2076351857691634e-10 at step 3803
[01/17/2025 18:47:37] {pretrain_model.py:257} INFO - 3803 / 10001 |train loss: 0.000 |p_recon loss: 0.000 |lr: 0.00005
[01/17/2025 18:47:39] {pretrain_model.py:214} INFO - New best loss: 2.1501475599983166e-10 at step 3815
[01/17/2025 18:47:39] {pretrain_model.py:257} INFO - 3815 / 10001 |train loss: 0.000 |p_recon loss: 0.000 |lr: 0.00005
[01/17/2025 18:47:40] {pretrain_model.py:214} INFO - New best loss: 2.1207272049572623e-10 at step 3825
[01/17/2025 18:47:40] {pretrain_model.py:257} INFO - 3825 / 10001 |train loss: 0.000 |p_recon loss: 0.000 |lr: 0.00005
[01/17/2025 18:47:42] {pretrain_model.py:214} INFO - New best loss: 2.1202428701627696e-10 at step 3840
[01/17/2025 18:47:42] {pretrain_model.py:257} INFO - 3840 / 10001 |train loss: 0.000 |p_recon loss: 0.000 |lr: 0.00005
[01/17/2025 18:47:44] {pretrain_model.py:214} INFO - New best loss: 2.0966980929237877e-10 at step 3851
[01/17/2025 18:47:44] {pretrain_model.py:257} INFO - 3851 / 10001 |train loss: 0.000 |p_recon loss: 0.000 |lr: 0.00005
[01/17/2025 18:47:45] {pretrain_model.py:214} INFO - New best loss: 2.0921658849815117e-10 at step 3861
[01/17/2025 18:47:45] {pretrain_model.py:257} INFO - 3861 / 10001 |train loss: 0.000 |p_recon loss: 0.000 |lr: 0.00005
[01/17/2025 18:47:47] {pretrain_model.py:214} INFO - New best loss: 2.0847830406456325e-10 at step 3871
[01/17/2025 18:47:47] {pretrain_model.py:257} INFO - 3871 / 10001 |train loss: 0.000 |p_recon loss: 0.000 |lr: 0.00005
[01/17/2025 18:47:47] {pretrain_model.py:214} INFO - New best loss: 2.0592826055487734e-10 at step 3874
[01/17/2025 18:47:47] {pretrain_model.py:257} INFO - 3874 / 10001 |train loss: 0.000 |p_recon loss: 0.000 |lr: 0.00005
[01/17/2025 18:47:50] {pretrain_model.py:214} INFO - New best loss: 2.0551746415797822e-10 at step 3892
[01/17/2025 18:47:50] {pretrain_model.py:257} INFO - 3892 / 10001 |train loss: 0.000 |p_recon loss: 0.000 |lr: 0.00005
[01/17/2025 18:47:50] {pretrain_model.py:214} INFO - New best loss: 2.006212140859276e-10 at step 3894
[01/17/2025 18:47:50] {pretrain_model.py:257} INFO - 3894 / 10001 |train loss: 0.000 |p_recon loss: 0.000 |lr: 0.00005
[01/17/2025 18:47:51] {pretrain_model.py:207} INFO - Train loss at step 3900: 2.096886830837974e-10
[01/17/2025 18:47:54] {pretrain_model.py:214} INFO - New best loss: 1.9662856065583156e-10 at step 3920
[01/17/2025 18:47:54] {pretrain_model.py:257} INFO - 3920 / 10001 |train loss: 0.000 |p_recon loss: 0.000 |lr: 0.00005
[01/17/2025 18:47:55] {pretrain_model.py:214} INFO - New best loss: 1.9582473143042733e-10 at step 3927
[01/17/2025 18:47:55] {pretrain_model.py:257} INFO - 3927 / 10001 |train loss: 0.000 |p_recon loss: 0.000 |lr: 0.00005
[01/17/2025 18:47:55] {pretrain_model.py:214} INFO - New best loss: 1.9341588053389813e-10 at step 3929
[01/17/2025 18:47:55] {pretrain_model.py:257} INFO - 3929 / 10001 |train loss: 0.000 |p_recon loss: 0.000 |lr: 0.00005
[01/17/2025 18:47:57] {pretrain_model.py:214} INFO - New best loss: 1.9212663404655217e-10 at step 3939
[01/17/2025 18:47:57] {pretrain_model.py:257} INFO - 3939 / 10001 |train loss: 0.000 |p_recon loss: 0.000 |lr: 0.00005
[01/17/2025 18:47:59] {pretrain_model.py:214} INFO - New best loss: 1.9184985544651312e-10 at step 3955
[01/17/2025 18:47:59] {pretrain_model.py:257} INFO - 3955 / 10001 |train loss: 0.000 |p_recon loss: 0.000 |lr: 0.00005
[01/17/2025 18:47:59] {pretrain_model.py:214} INFO - New best loss: 1.908056074251263e-10 at step 3957
[01/17/2025 18:47:59] {pretrain_model.py:257} INFO - 3957 / 10001 |train loss: 0.000 |p_recon loss: 0.000 |lr: 0.00005
[01/17/2025 18:48:02] {pretrain_model.py:214} INFO - New best loss: 1.906972496579229e-10 at step 3980
[01/17/2025 18:48:02] {pretrain_model.py:257} INFO - 3980 / 10001 |train loss: 0.000 |p_recon loss: 0.000 |lr: 0.00005
[01/17/2025 18:48:03] {pretrain_model.py:214} INFO - New best loss: 1.880689215472131e-10 at step 3983
[01/17/2025 18:48:03] {pretrain_model.py:257} INFO - 3983 / 10001 |train loss: 0.000 |p_recon loss: 0.000 |lr: 0.00005
[01/17/2025 18:48:04] {pretrain_model.py:214} INFO - New best loss: 1.878249084041883e-10 at step 3994
[01/17/2025 18:48:04] {pretrain_model.py:257} INFO - 3994 / 10001 |train loss: 0.000 |p_recon loss: 0.000 |lr: 0.00005
[01/17/2025 18:48:05] {pretrain_model.py:214} INFO - New best loss: 1.8573503846042172e-10 at step 3996
[01/17/2025 18:48:05] {pretrain_model.py:257} INFO - 3996 / 10001 |train loss: 0.000 |p_recon loss: 0.000 |lr: 0.00005
[01/17/2025 18:48:05] {pretrain_model.py:207} INFO - Train loss at step 4000: 1.8695477110863834e-10
[01/17/2025 18:48:09] {pretrain_model.py:214} INFO - New best loss: 1.806370747425845e-10 at step 4026
[01/17/2025 18:48:09] {pretrain_model.py:257} INFO - 4026 / 10001 |train loss: 0.000 |p_recon loss: 0.000 |lr: 0.00005
[01/17/2025 18:48:11] {pretrain_model.py:214} INFO - New best loss: 1.7906652549637414e-10 at step 4042
[01/17/2025 18:48:11] {pretrain_model.py:257} INFO - 4042 / 10001 |train loss: 0.000 |p_recon loss: 0.000 |lr: 0.00005
[01/17/2025 18:48:12] {pretrain_model.py:214} INFO - New best loss: 1.769689256247986e-10 at step 4049
[01/17/2025 18:48:12] {pretrain_model.py:257} INFO - 4049 / 10001 |train loss: 0.000 |p_recon loss: 0.000 |lr: 0.00005
[01/17/2025 18:48:13] {pretrain_model.py:214} INFO - New best loss: 1.7513294980897598e-10 at step 4055
[01/17/2025 18:48:13] {pretrain_model.py:257} INFO - 4055 / 10001 |train loss: 0.000 |p_recon loss: 0.000 |lr: 0.00005
[01/17/2025 18:48:16] {pretrain_model.py:214} INFO - New best loss: 1.7202342328381803e-10 at step 4072
[01/17/2025 18:48:16] {pretrain_model.py:257} INFO - 4072 / 10001 |train loss: 0.000 |p_recon loss: 0.000 |lr: 0.00005
[01/17/2025 18:48:20] {pretrain_model.py:207} INFO - Train loss at step 4100: 1.7283252606858923e-10
[01/17/2025 18:48:20] {pretrain_model.py:214} INFO - New best loss: 1.7055412637745349e-10 at step 4101
[01/17/2025 18:48:20] {pretrain_model.py:257} INFO - 4101 / 10001 |train loss: 0.000 |p_recon loss: 0.000 |lr: 0.00005
[01/17/2025 18:48:23] {pretrain_model.py:214} INFO - New best loss: 1.6874085462248445e-10 at step 4119
[01/17/2025 18:48:23] {pretrain_model.py:257} INFO - 4119 / 10001 |train loss: 0.000 |p_recon loss: 0.000 |lr: 0.00005
[01/17/2025 18:48:24] {pretrain_model.py:214} INFO - New best loss: 1.6807438774080197e-10 at step 4130
[01/17/2025 18:48:24] {pretrain_model.py:257} INFO - 4130 / 10001 |train loss: 0.000 |p_recon loss: 0.000 |lr: 0.00005
[01/17/2025 18:48:26] {pretrain_model.py:214} INFO - New best loss: 1.666277671397154e-10 at step 4143
[01/17/2025 18:48:26] {pretrain_model.py:257} INFO - 4143 / 10001 |train loss: 0.000 |p_recon loss: 0.000 |lr: 0.00005
[01/17/2025 18:48:26] {pretrain_model.py:214} INFO - New best loss: 1.6303186578525697e-10 at step 4146
[01/17/2025 18:48:26] {pretrain_model.py:257} INFO - 4146 / 10001 |train loss: 0.000 |p_recon loss: 0.000 |lr: 0.00005
[01/17/2025 18:48:30] {pretrain_model.py:214} INFO - New best loss: 1.6157022941776233e-10 at step 4170
[01/17/2025 18:48:30] {pretrain_model.py:257} INFO - 4170 / 10001 |train loss: 0.000 |p_recon loss: 0.000 |lr: 0.00005
[01/17/2025 18:48:32] {pretrain_model.py:214} INFO - New best loss: 1.6105280997713578e-10 at step 4182
[01/17/2025 18:48:32] {pretrain_model.py:257} INFO - 4182 / 10001 |train loss: 0.000 |p_recon loss: 0.000 |lr: 0.00005
[01/17/2025 18:48:32] {pretrain_model.py:214} INFO - New best loss: 1.607493443911423e-10 at step 4184
[01/17/2025 18:48:32] {pretrain_model.py:257} INFO - 4184 / 10001 |train loss: 0.000 |p_recon loss: 0.000 |lr: 0.00005
[01/17/2025 18:48:32] {pretrain_model.py:214} INFO - New best loss: 1.5786180695975816e-10 at step 4188
[01/17/2025 18:48:32] {pretrain_model.py:257} INFO - 4188 / 10001 |train loss: 0.000 |p_recon loss: 0.000 |lr: 0.00005
[01/17/2025 18:48:34] {pretrain_model.py:207} INFO - Train loss at step 4200: 1.598216142761899e-10
[01/17/2025 18:48:34] {pretrain_model.py:214} INFO - New best loss: 1.5590548296806617e-10 at step 4201
[01/17/2025 18:48:34] {pretrain_model.py:257} INFO - 4201 / 10001 |train loss: 0.000 |p_recon loss: 0.000 |lr: 0.00005
[01/17/2025 18:48:37] {pretrain_model.py:214} INFO - New best loss: 1.5538882680576904e-10 at step 4218
[01/17/2025 18:48:37] {pretrain_model.py:257} INFO - 4218 / 10001 |train loss: 0.000 |p_recon loss: 0.000 |lr: 0.00005
[01/17/2025 18:48:37] {pretrain_model.py:214} INFO - New best loss: 1.503849267336932e-10 at step 4221
[01/17/2025 18:48:37] {pretrain_model.py:257} INFO - 4221 / 10001 |train loss: 0.000 |p_recon loss: 0.000 |lr: 0.00005
[01/17/2025 18:48:38] {pretrain_model.py:214} INFO - New best loss: 1.5034237743627443e-10 at step 4223
[01/17/2025 18:48:38] {pretrain_model.py:257} INFO - 4223 / 10001 |train loss: 0.000 |p_recon loss: 0.000 |lr: 0.00005
[01/17/2025 18:48:40] {pretrain_model.py:214} INFO - New best loss: 1.4918304092059742e-10 at step 4242
[01/17/2025 18:48:40] {pretrain_model.py:257} INFO - 4242 / 10001 |train loss: 0.000 |p_recon loss: 0.000 |lr: 0.00005
[01/17/2025 18:48:46] {pretrain_model.py:214} INFO - New best loss: 1.4868169195825232e-10 at step 4285
[01/17/2025 18:48:46] {pretrain_model.py:257} INFO - 4285 / 10001 |train loss: 0.000 |p_recon loss: 0.000 |lr: 0.00005
[01/17/2025 18:48:47] {pretrain_model.py:214} INFO - New best loss: 1.4651692359368695e-10 at step 4290
[01/17/2025 18:48:47] {pretrain_model.py:257} INFO - 4290 / 10001 |train loss: 0.000 |p_recon loss: 0.000 |lr: 0.00005
[01/17/2025 18:48:47] {pretrain_model.py:214} INFO - New best loss: 1.4483569898970927e-10 at step 4291
[01/17/2025 18:48:47] {pretrain_model.py:257} INFO - 4291 / 10001 |train loss: 0.000 |p_recon loss: 0.000 |lr: 0.00005
[01/17/2025 18:48:49] {pretrain_model.py:207} INFO - Train loss at step 4300: 1.479556754890865e-10
[01/17/2025 18:48:51] {pretrain_model.py:214} INFO - New best loss: 1.4418245763980764e-10 at step 4313
[01/17/2025 18:48:51] {pretrain_model.py:257} INFO - 4313 / 10001 |train loss: 0.000 |p_recon loss: 0.000 |lr: 0.00005
[01/17/2025 18:48:53] {pretrain_model.py:214} INFO - New best loss: 1.4028581074576607e-10 at step 4330
[01/17/2025 18:48:53] {pretrain_model.py:257} INFO - 4330 / 10001 |train loss: 0.000 |p_recon loss: 0.000 |lr: 0.00005
[01/17/2025 18:48:54] {pretrain_model.py:214} INFO - New best loss: 1.3721647429409956e-10 at step 4339
[01/17/2025 18:48:54] {pretrain_model.py:257} INFO - 4339 / 10001 |train loss: 0.000 |p_recon loss: 0.000 |lr: 0.00005
[01/17/2025 18:49:01] {pretrain_model.py:214} INFO - New best loss: 1.3485650096622948e-10 at step 4384
[01/17/2025 18:49:01] {pretrain_model.py:257} INFO - 4384 / 10001 |train loss: 0.000 |p_recon loss: 0.000 |lr: 0.00005
[01/17/2025 18:49:03] {pretrain_model.py:207} INFO - Train loss at step 4400: 1.4019195526682182e-10
[01/17/2025 18:49:04] {pretrain_model.py:214} INFO - New best loss: 1.341781546981835e-10 at step 4403
[01/17/2025 18:49:04] {pretrain_model.py:257} INFO - 4403 / 10001 |train loss: 0.000 |p_recon loss: 0.000 |lr: 0.00005
[01/17/2025 18:49:05] {pretrain_model.py:214} INFO - New best loss: 1.3256015729545823e-10 at step 4410
[01/17/2025 18:49:05] {pretrain_model.py:257} INFO - 4410 / 10001 |train loss: 0.000 |p_recon loss: 0.000 |lr: 0.00005
[01/17/2025 18:49:07] {pretrain_model.py:214} INFO - New best loss: 1.314146569342256e-10 at step 4430
[01/17/2025 18:49:07] {pretrain_model.py:257} INFO - 4430 / 10001 |train loss: 0.000 |p_recon loss: 0.000 |lr: 0.00005
[01/17/2025 18:49:08] {pretrain_model.py:214} INFO - New best loss: 1.311805802872712e-10 at step 4437
[01/17/2025 18:49:08] {pretrain_model.py:257} INFO - 4437 / 10001 |train loss: 0.000 |p_recon loss: 0.000 |lr: 0.00005
[01/17/2025 18:49:10] {pretrain_model.py:214} INFO - New best loss: 1.3115734887048092e-10 at step 4444
[01/17/2025 18:49:10] {pretrain_model.py:257} INFO - 4444 / 10001 |train loss: 0.000 |p_recon loss: 0.000 |lr: 0.00005
[01/17/2025 18:49:11] {pretrain_model.py:214} INFO - New best loss: 1.3102489926364314e-10 at step 4451
[01/17/2025 18:49:11] {pretrain_model.py:257} INFO - 4451 / 10001 |train loss: 0.000 |p_recon loss: 0.000 |lr: 0.00005
[01/17/2025 18:49:11] {pretrain_model.py:214} INFO - New best loss: 1.3011579313992883e-10 at step 4455
[01/17/2025 18:49:11] {pretrain_model.py:257} INFO - 4455 / 10001 |train loss: 0.000 |p_recon loss: 0.000 |lr: 0.00005
[01/17/2025 18:49:11] {pretrain_model.py:214} INFO - New best loss: 1.2852978403810056e-10 at step 4457
[01/17/2025 18:49:11] {pretrain_model.py:257} INFO - 4457 / 10001 |train loss: 0.000 |p_recon loss: 0.000 |lr: 0.00005
[01/17/2025 18:49:12] {pretrain_model.py:214} INFO - New best loss: 1.2806071481019643e-10 at step 4462
[01/17/2025 18:49:12] {pretrain_model.py:257} INFO - 4462 / 10001 |train loss: 0.000 |p_recon loss: 0.000 |lr: 0.00005
[01/17/2025 18:49:14] {pretrain_model.py:214} INFO - New best loss: 1.273678662538913e-10 at step 4474
[01/17/2025 18:49:14] {pretrain_model.py:257} INFO - 4474 / 10001 |train loss: 0.000 |p_recon loss: 0.000 |lr: 0.00005
[01/17/2025 18:49:16] {pretrain_model.py:214} INFO - New best loss: 1.264688909152767e-10 at step 4486
[01/17/2025 18:49:16] {pretrain_model.py:257} INFO - 4486 / 10001 |train loss: 0.000 |p_recon loss: 0.000 |lr: 0.00005
[01/17/2025 18:49:17] {pretrain_model.py:214} INFO - New best loss: 1.2516104819226825e-10 at step 4497
[01/17/2025 18:49:17] {pretrain_model.py:257} INFO - 4497 / 10001 |train loss: 0.000 |p_recon loss: 0.000 |lr: 0.00005
[01/17/2025 18:49:18] {pretrain_model.py:207} INFO - Train loss at step 4500: 1.2772133350935633e-10
[01/17/2025 18:49:18] {pretrain_model.py:214} INFO - New best loss: 1.241824282294246e-10 at step 4503
[01/17/2025 18:49:18] {pretrain_model.py:257} INFO - 4503 / 10001 |train loss: 0.000 |p_recon loss: 0.000 |lr: 0.00005
[01/17/2025 18:49:19] {pretrain_model.py:214} INFO - New best loss: 1.220618189856637e-10 at step 4510
[01/17/2025 18:49:19] {pretrain_model.py:257} INFO - 4510 / 10001 |train loss: 0.000 |p_recon loss: 0.000 |lr: 0.00005
[01/17/2025 18:49:19] {pretrain_model.py:214} INFO - New best loss: 1.213645850484113e-10 at step 4512
[01/17/2025 18:49:19] {pretrain_model.py:257} INFO - 4512 / 10001 |train loss: 0.000 |p_recon loss: 0.000 |lr: 0.00005
[01/17/2025 18:49:24] {pretrain_model.py:214} INFO - New best loss: 1.2105641489235097e-10 at step 4544
[01/17/2025 18:49:24] {pretrain_model.py:257} INFO - 4544 / 10001 |train loss: 0.000 |p_recon loss: 0.000 |lr: 0.00005
[01/17/2025 18:49:25] {pretrain_model.py:214} INFO - New best loss: 1.1892690998660527e-10 at step 4549
[01/17/2025 18:49:25] {pretrain_model.py:257} INFO - 4549 / 10001 |train loss: 0.000 |p_recon loss: 0.000 |lr: 0.00005
[01/17/2025 18:49:26] {pretrain_model.py:214} INFO - New best loss: 1.184401743348218e-10 at step 4559
[01/17/2025 18:49:26] {pretrain_model.py:257} INFO - 4559 / 10001 |train loss: 0.000 |p_recon loss: 0.000 |lr: 0.00005
[01/17/2025 18:49:28] {pretrain_model.py:214} INFO - New best loss: 1.1803319432956982e-10 at step 4575
[01/17/2025 18:49:28] {pretrain_model.py:257} INFO - 4575 / 10001 |train loss: 0.000 |p_recon loss: 0.000 |lr: 0.00005
[01/17/2025 18:49:29] {pretrain_model.py:214} INFO - New best loss: 1.1763739982129096e-10 at step 4578
[01/17/2025 18:49:29] {pretrain_model.py:257} INFO - 4578 / 10001 |train loss: 0.000 |p_recon loss: 0.000 |lr: 0.00005
[01/17/2025 18:49:30] {pretrain_model.py:214} INFO - New best loss: 1.1761194795845142e-10 at step 4585
[01/17/2025 18:49:30] {pretrain_model.py:257} INFO - 4585 / 10001 |train loss: 0.000 |p_recon loss: 0.000 |lr: 0.00005
[01/17/2025 18:49:31] {pretrain_model.py:214} INFO - New best loss: 1.1593321441738524e-10 at step 4594
[01/17/2025 18:49:31] {pretrain_model.py:257} INFO - 4594 / 10001 |train loss: 0.000 |p_recon loss: 0.000 |lr: 0.00005
[01/17/2025 18:49:32] {pretrain_model.py:214} INFO - New best loss: 1.1564122576190883e-10 at step 4597
[01/17/2025 18:49:32] {pretrain_model.py:257} INFO - 4597 / 10001 |train loss: 0.000 |p_recon loss: 0.000 |lr: 0.00005
[01/17/2025 18:49:32] {pretrain_model.py:207} INFO - Train loss at step 4600: 1.2261952564429635e-10
[01/17/2025 18:49:34] {pretrain_model.py:214} INFO - New best loss: 1.1401042609993084e-10 at step 4613
[01/17/2025 18:49:34] {pretrain_model.py:257} INFO - 4613 / 10001 |train loss: 0.000 |p_recon loss: 0.000 |lr: 0.00005
[01/17/2025 18:49:37] {pretrain_model.py:214} INFO - New best loss: 1.1148706263730546e-10 at step 4635
[01/17/2025 18:49:37] {pretrain_model.py:257} INFO - 4635 / 10001 |train loss: 0.000 |p_recon loss: 0.000 |lr: 0.00005
[01/17/2025 18:49:38] {pretrain_model.py:214} INFO - New best loss: 1.1020784979054454e-10 at step 4644
[01/17/2025 18:49:38] {pretrain_model.py:257} INFO - 4644 / 10001 |train loss: 0.000 |p_recon loss: 0.000 |lr: 0.00005
[01/17/2025 18:49:39] {pretrain_model.py:214} INFO - New best loss: 1.079319411623203e-10 at step 4651
[01/17/2025 18:49:39] {pretrain_model.py:257} INFO - 4651 / 10001 |train loss: 0.000 |p_recon loss: 0.000 |lr: 0.00005
[01/17/2025 18:49:41] {pretrain_model.py:214} INFO - New best loss: 1.0634902680717317e-10 at step 4663
[01/17/2025 18:49:41] {pretrain_model.py:257} INFO - 4663 / 10001 |train loss: 0.000 |p_recon loss: 0.000 |lr: 0.00005
[01/17/2025 18:49:44] {pretrain_model.py:214} INFO - New best loss: 1.0599755101425856e-10 at step 4685
[01/17/2025 18:49:44] {pretrain_model.py:257} INFO - 4685 / 10001 |train loss: 0.000 |p_recon loss: 0.000 |lr: 0.00005
[01/17/2025 18:49:45] {pretrain_model.py:214} INFO - New best loss: 1.0493649005294259e-10 at step 4690
[01/17/2025 18:49:45] {pretrain_model.py:257} INFO - 4690 / 10001 |train loss: 0.000 |p_recon loss: 0.000 |lr: 0.00005
[01/17/2025 18:49:46] {pretrain_model.py:214} INFO - New best loss: 1.0334513106391441e-10 at step 4695
[01/17/2025 18:49:46] {pretrain_model.py:257} INFO - 4695 / 10001 |train loss: 0.000 |p_recon loss: 0.000 |lr: 0.00005
[01/17/2025 18:49:46] {pretrain_model.py:207} INFO - Train loss at step 4700: 1.0765735525275488e-10
[01/17/2025 18:49:48] {pretrain_model.py:214} INFO - New best loss: 1.0269339545398992e-10 at step 4714
[01/17/2025 18:49:48] {pretrain_model.py:257} INFO - 4714 / 10001 |train loss: 0.000 |p_recon loss: 0.000 |lr: 0.00005
[01/17/2025 18:49:55] {pretrain_model.py:214} INFO - New best loss: 1.0177543530165423e-10 at step 4760
[01/17/2025 18:49:55] {pretrain_model.py:257} INFO - 4760 / 10001 |train loss: 0.000 |p_recon loss: 0.000 |lr: 0.00005
[01/17/2025 18:49:56] {pretrain_model.py:214} INFO - New best loss: 1.0162148206260824e-10 at step 4769
[01/17/2025 18:49:56] {pretrain_model.py:257} INFO - 4769 / 10001 |train loss: 0.000 |p_recon loss: 0.000 |lr: 0.00005
[01/17/2025 18:49:57] {pretrain_model.py:214} INFO - New best loss: 1.0153100582499519e-10 at step 4774
[01/17/2025 18:49:57] {pretrain_model.py:257} INFO - 4774 / 10001 |train loss: 0.000 |p_recon loss: 0.000 |lr: 0.00005
[01/17/2025 18:49:59] {pretrain_model.py:214} INFO - New best loss: 1.0122781085586396e-10 at step 4785
[01/17/2025 18:49:59] {pretrain_model.py:257} INFO - 4785 / 10001 |train loss: 0.000 |p_recon loss: 0.000 |lr: 0.00005
[01/17/2025 18:49:59] {pretrain_model.py:214} INFO - New best loss: 1.0070512479476434e-10 at step 4789
[01/17/2025 18:49:59] {pretrain_model.py:257} INFO - 4789 / 10001 |train loss: 0.000 |p_recon loss: 0.000 |lr: 0.00005
[01/17/2025 18:50:00] {pretrain_model.py:214} INFO - New best loss: 9.966316660836583e-11 at step 4795
[01/17/2025 18:50:00] {pretrain_model.py:257} INFO - 4795 / 10001 |train loss: 0.000 |p_recon loss: 0.000 |lr: 0.00005
[01/17/2025 18:50:00] {pretrain_model.py:214} INFO - New best loss: 9.808508172337582e-11 at step 4797
[01/17/2025 18:50:00] {pretrain_model.py:257} INFO - 4797 / 10001 |train loss: 0.000 |p_recon loss: 0.000 |lr: 0.00005
[01/17/2025 18:50:01] {pretrain_model.py:207} INFO - Train loss at step 4800: 1.0007787654142675e-10
[01/17/2025 18:50:02] {pretrain_model.py:214} INFO - New best loss: 9.670735739986114e-11 at step 4806
[01/17/2025 18:50:02] {pretrain_model.py:257} INFO - 4806 / 10001 |train loss: 0.000 |p_recon loss: 0.000 |lr: 0.00005
[01/17/2025 18:50:05] {pretrain_model.py:214} INFO - New best loss: 9.666042966038901e-11 at step 4827
[01/17/2025 18:50:05] {pretrain_model.py:257} INFO - 4827 / 10001 |train loss: 0.000 |p_recon loss: 0.000 |lr: 0.00005
[01/17/2025 18:50:07] {pretrain_model.py:214} INFO - New best loss: 9.644673948372429e-11 at step 4840
[01/17/2025 18:50:07] {pretrain_model.py:257} INFO - 4840 / 10001 |train loss: 0.000 |p_recon loss: 0.000 |lr: 0.00005
[01/17/2025 18:50:07] {pretrain_model.py:214} INFO - New best loss: 9.601980321960468e-11 at step 4841
[01/17/2025 18:50:07] {pretrain_model.py:257} INFO - 4841 / 10001 |train loss: 0.000 |p_recon loss: 0.000 |lr: 0.00005
[01/17/2025 18:50:07] {pretrain_model.py:214} INFO - New best loss: 9.475194240327056e-11 at step 4845
[01/17/2025 18:50:07] {pretrain_model.py:257} INFO - 4845 / 10001 |train loss: 0.000 |p_recon loss: 0.000 |lr: 0.00005
[01/17/2025 18:50:08] {pretrain_model.py:214} INFO - New best loss: 9.320851729333057e-11 at step 4853
[01/17/2025 18:50:08] {pretrain_model.py:257} INFO - 4853 / 10001 |train loss: 0.000 |p_recon loss: 0.000 |lr: 0.00005
[01/17/2025 18:50:11] {pretrain_model.py:214} INFO - New best loss: 9.283229046586072e-11 at step 4868
[01/17/2025 18:50:11] {pretrain_model.py:257} INFO - 4868 / 10001 |train loss: 0.000 |p_recon loss: 0.000 |lr: 0.00005
[01/17/2025 18:50:12] {pretrain_model.py:214} INFO - New best loss: 9.256081318076426e-11 at step 4877
[01/17/2025 18:50:12] {pretrain_model.py:257} INFO - 4877 / 10001 |train loss: 0.000 |p_recon loss: 0.000 |lr: 0.00005
[01/17/2025 18:50:13] {pretrain_model.py:214} INFO - New best loss: 9.235615744396242e-11 at step 4883
[01/17/2025 18:50:13] {pretrain_model.py:257} INFO - 4883 / 10001 |train loss: 0.000 |p_recon loss: 0.000 |lr: 0.00005
[01/17/2025 18:50:14] {pretrain_model.py:214} INFO - New best loss: 9.145241508523583e-11 at step 4892
[01/17/2025 18:50:14] {pretrain_model.py:257} INFO - 4892 / 10001 |train loss: 0.000 |p_recon loss: 0.000 |lr: 0.00005
[01/17/2025 18:50:15] {pretrain_model.py:214} INFO - New best loss: 9.13530986967892e-11 at step 4897
[01/17/2025 18:50:15] {pretrain_model.py:257} INFO - 4897 / 10001 |train loss: 0.000 |p_recon loss: 0.000 |lr: 0.00005
[01/17/2025 18:50:15] {pretrain_model.py:207} INFO - Train loss at step 4900: 9.231287262378984e-11
[01/17/2025 18:50:16] {pretrain_model.py:214} INFO - New best loss: 9.056878857993667e-11 at step 4905
[01/17/2025 18:50:16] {pretrain_model.py:257} INFO - 4905 / 10001 |train loss: 0.000 |p_recon loss: 0.000 |lr: 0.00005
[01/17/2025 18:50:17] {pretrain_model.py:214} INFO - New best loss: 9.055504957000693e-11 at step 4915
[01/17/2025 18:50:17] {pretrain_model.py:257} INFO - 4915 / 10001 |train loss: 0.000 |p_recon loss: 0.000 |lr: 0.00005
[01/17/2025 18:50:21] {pretrain_model.py:214} INFO - New best loss: 8.96903176728081e-11 at step 4939
[01/17/2025 18:50:21] {pretrain_model.py:257} INFO - 4939 / 10001 |train loss: 0.000 |p_recon loss: 0.000 |lr: 0.00005
[01/17/2025 18:50:21] {pretrain_model.py:214} INFO - New best loss: 8.888607905266355e-11 at step 4940
[01/17/2025 18:50:21] {pretrain_model.py:257} INFO - 4940 / 10001 |train loss: 0.000 |p_recon loss: 0.000 |lr: 0.00005
[01/17/2025 18:50:21] {pretrain_model.py:214} INFO - New best loss: 8.833535292129824e-11 at step 4942
[01/17/2025 18:50:21] {pretrain_model.py:257} INFO - 4942 / 10001 |train loss: 0.000 |p_recon loss: 0.000 |lr: 0.00005
[01/17/2025 18:50:21] {pretrain_model.py:214} INFO - New best loss: 8.826284148000241e-11 at step 4943
[01/17/2025 18:50:21] {pretrain_model.py:257} INFO - 4943 / 10001 |train loss: 0.000 |p_recon loss: 0.000 |lr: 0.00005
[01/17/2025 18:50:22] {pretrain_model.py:214} INFO - New best loss: 8.75650801868133e-11 at step 4944
[01/17/2025 18:50:22] {pretrain_model.py:257} INFO - 4944 / 10001 |train loss: 0.000 |p_recon loss: 0.000 |lr: 0.00005
[01/17/2025 18:50:25] {pretrain_model.py:214} INFO - New best loss: 8.714801102982506e-11 at step 4971
[01/17/2025 18:50:25] {pretrain_model.py:257} INFO - 4971 / 10001 |train loss: 0.000 |p_recon loss: 0.000 |lr: 0.00005
[01/17/2025 18:50:26] {pretrain_model.py:214} INFO - New best loss: 8.650906380136547e-11 at step 4972
[01/17/2025 18:50:26] {pretrain_model.py:257} INFO - 4972 / 10001 |train loss: 0.000 |p_recon loss: 0.000 |lr: 0.00005
[01/17/2025 18:50:26] {pretrain_model.py:214} INFO - New best loss: 8.381041693983349e-11 at step 4976
[01/17/2025 18:50:26] {pretrain_model.py:257} INFO - 4976 / 10001 |train loss: 0.000 |p_recon loss: 0.000 |lr: 0.00005
[01/17/2025 18:50:30] {pretrain_model.py:207} INFO - Train loss at step 5000: 8.695690001392364e-11
[01/17/2025 18:50:30] {pretrain_model.py:214} INFO - New best loss: 8.695690001392364e-11 at step 5000
[01/17/2025 18:50:30] {pretrain_model.py:257} INFO - 5000 / 10001 |train loss: 0.000 |p_recon loss: 0.000 |lr: 0.00005
[01/17/2025 18:50:30] {pretrain_model.py:214} INFO - New best loss: 8.592432321208321e-11 at step 5002
[01/17/2025 18:50:30] {pretrain_model.py:257} INFO - 5002 / 10001 |train loss: 0.000 |p_recon loss: 0.000 |lr: 0.00005
[01/17/2025 18:50:31] {pretrain_model.py:214} INFO - New best loss: 8.567722920016507e-11 at step 5007
[01/17/2025 18:50:31] {pretrain_model.py:257} INFO - 5007 / 10001 |train loss: 0.000 |p_recon loss: 0.000 |lr: 0.00005
[01/17/2025 18:50:31] {pretrain_model.py:214} INFO - New best loss: 8.43510331027808e-11 at step 5008
[01/17/2025 18:50:31] {pretrain_model.py:257} INFO - 5008 / 10001 |train loss: 0.000 |p_recon loss: 0.000 |lr: 0.00005
[01/17/2025 18:50:32] {pretrain_model.py:214} INFO - New best loss: 8.431157161314928e-11 at step 5019
[01/17/2025 18:50:32] {pretrain_model.py:257} INFO - 5019 / 10001 |train loss: 0.000 |p_recon loss: 0.000 |lr: 0.00005
[01/17/2025 18:50:33] {pretrain_model.py:214} INFO - New best loss: 8.388886807431106e-11 at step 5025
[01/17/2025 18:50:33] {pretrain_model.py:257} INFO - 5025 / 10001 |train loss: 0.000 |p_recon loss: 0.000 |lr: 0.00005
[01/17/2025 18:50:34] {pretrain_model.py:214} INFO - New best loss: 8.314240962370434e-11 at step 5032
[01/17/2025 18:50:34] {pretrain_model.py:257} INFO - 5032 / 10001 |train loss: 0.000 |p_recon loss: 0.000 |lr: 0.00005
[01/17/2025 18:50:35] {pretrain_model.py:214} INFO - New best loss: 8.237006215994214e-11 at step 5035
[01/17/2025 18:50:35] {pretrain_model.py:257} INFO - 5035 / 10001 |train loss: 0.000 |p_recon loss: 0.000 |lr: 0.00005
[01/17/2025 18:50:36] {pretrain_model.py:214} INFO - New best loss: 8.192454353794787e-11 at step 5044
[01/17/2025 18:50:36] {pretrain_model.py:257} INFO - 5044 / 10001 |train loss: 0.000 |p_recon loss: 0.000 |lr: 0.00005
[01/17/2025 18:50:38] {pretrain_model.py:214} INFO - New best loss: 8.113954647059884e-11 at step 5060
[01/17/2025 18:50:38] {pretrain_model.py:257} INFO - 5060 / 10001 |train loss: 0.000 |p_recon loss: 0.000 |lr: 0.00005
[01/17/2025 18:50:39] {pretrain_model.py:214} INFO - New best loss: 8.011936947216469e-11 at step 5066
[01/17/2025 18:50:39] {pretrain_model.py:257} INFO - 5066 / 10001 |train loss: 0.000 |p_recon loss: 0.000 |lr: 0.00005
[01/17/2025 18:50:43] {pretrain_model.py:214} INFO - New best loss: 7.990034328608786e-11 at step 5090
[01/17/2025 18:50:43] {pretrain_model.py:257} INFO - 5090 / 10001 |train loss: 0.000 |p_recon loss: 0.000 |lr: 0.00005
[01/17/2025 18:50:44] {pretrain_model.py:214} INFO - New best loss: 7.809528718150105e-11 at step 5097
[01/17/2025 18:50:44] {pretrain_model.py:257} INFO - 5097 / 10001 |train loss: 0.000 |p_recon loss: 0.000 |lr: 0.00005
[01/17/2025 18:50:44] {pretrain_model.py:207} INFO - Train loss at step 5100: 8.143784258063391e-11
[01/17/2025 18:50:46] {pretrain_model.py:214} INFO - New best loss: 7.758697850857033e-11 at step 5113
[01/17/2025 18:50:46] {pretrain_model.py:257} INFO - 5113 / 10001 |train loss: 0.000 |p_recon loss: 0.000 |lr: 0.00005
[01/17/2025 18:50:47] {pretrain_model.py:214} INFO - New best loss: 7.696392828604459e-11 at step 5118
[01/17/2025 18:50:47] {pretrain_model.py:257} INFO - 5118 / 10001 |train loss: 0.000 |p_recon loss: 0.000 |lr: 0.00005
[01/17/2025 18:50:50] {pretrain_model.py:214} INFO - New best loss: 7.548937169810088e-11 at step 5138
[01/17/2025 18:50:50] {pretrain_model.py:257} INFO - 5138 / 10001 |train loss: 0.000 |p_recon loss: 0.000 |lr: 0.00005
[01/17/2025 18:50:53] {pretrain_model.py:214} INFO - New best loss: 7.470259827391246e-11 at step 5163
[01/17/2025 18:50:53] {pretrain_model.py:257} INFO - 5163 / 10001 |train loss: 0.000 |p_recon loss: 0.000 |lr: 0.00005
[01/17/2025 18:50:53] {pretrain_model.py:214} INFO - New best loss: 7.375457189429113e-11 at step 5165
[01/17/2025 18:50:53] {pretrain_model.py:257} INFO - 5165 / 10001 |train loss: 0.000 |p_recon loss: 0.000 |lr: 0.00005
[01/17/2025 18:50:58] {pretrain_model.py:214} INFO - New best loss: 7.336925511580716e-11 at step 5195
[01/17/2025 18:50:58] {pretrain_model.py:257} INFO - 5195 / 10001 |train loss: 0.000 |p_recon loss: 0.000 |lr: 0.00005
[01/17/2025 18:50:59] {pretrain_model.py:207} INFO - Train loss at step 5200: 7.460147777305082e-11
[01/17/2025 18:51:00] {pretrain_model.py:214} INFO - New best loss: 7.239991245411304e-11 at step 5207
[01/17/2025 18:51:00] {pretrain_model.py:257} INFO - 5207 / 10001 |train loss: 0.000 |p_recon loss: 0.000 |lr: 0.00005
[01/17/2025 18:51:00] {pretrain_model.py:214} INFO - New best loss: 7.107919114401895e-11 at step 5209
[01/17/2025 18:51:00] {pretrain_model.py:257} INFO - 5209 / 10001 |train loss: 0.000 |p_recon loss: 0.000 |lr: 0.00005
[01/17/2025 18:51:06] {pretrain_model.py:214} INFO - New best loss: 7.10501518730311e-11 at step 5255
[01/17/2025 18:51:06] {pretrain_model.py:257} INFO - 5255 / 10001 |train loss: 0.000 |p_recon loss: 0.000 |lr: 0.00005
[01/17/2025 18:51:07] {pretrain_model.py:214} INFO - New best loss: 7.045235228542168e-11 at step 5258
[01/17/2025 18:51:07] {pretrain_model.py:257} INFO - 5258 / 10001 |train loss: 0.000 |p_recon loss: 0.000 |lr: 0.00005
[01/17/2025 18:51:09] {pretrain_model.py:214} INFO - New best loss: 6.883667941215421e-11 at step 5269
[01/17/2025 18:51:09] {pretrain_model.py:257} INFO - 5269 / 10001 |train loss: 0.000 |p_recon loss: 0.000 |lr: 0.00005
[01/17/2025 18:51:11] {pretrain_model.py:214} INFO - New best loss: 6.880909730888618e-11 at step 5285
[01/17/2025 18:51:11] {pretrain_model.py:257} INFO - 5285 / 10001 |train loss: 0.000 |p_recon loss: 0.000 |lr: 0.00005
[01/17/2025 18:51:11] {pretrain_model.py:214} INFO - New best loss: 6.851231387772216e-11 at step 5288
[01/17/2025 18:51:11] {pretrain_model.py:257} INFO - 5288 / 10001 |train loss: 0.000 |p_recon loss: 0.000 |lr: 0.00005
[01/17/2025 18:51:13] {pretrain_model.py:214} INFO - New best loss: 6.763443971546934e-11 at step 5297
[01/17/2025 18:51:13] {pretrain_model.py:257} INFO - 5297 / 10001 |train loss: 0.000 |p_recon loss: 0.000 |lr: 0.00005
[01/17/2025 18:51:13] {pretrain_model.py:207} INFO - Train loss at step 5300: 7.12582978734666e-11
[01/17/2025 18:51:13] {pretrain_model.py:214} INFO - New best loss: 6.704238553201236e-11 at step 5301
[01/17/2025 18:51:13] {pretrain_model.py:257} INFO - 5301 / 10001 |train loss: 0.000 |p_recon loss: 0.000 |lr: 0.00005
[01/17/2025 18:51:16] {pretrain_model.py:214} INFO - New best loss: 6.674973768161507e-11 at step 5319
[01/17/2025 18:51:16] {pretrain_model.py:257} INFO - 5319 / 10001 |train loss: 0.000 |p_recon loss: 0.000 |lr: 0.00005
[01/17/2025 18:51:19] {pretrain_model.py:214} INFO - New best loss: 6.519510625802027e-11 at step 5341
[01/17/2025 18:51:19] {pretrain_model.py:257} INFO - 5341 / 10001 |train loss: 0.000 |p_recon loss: 0.000 |lr: 0.00005
[01/17/2025 18:51:21] {pretrain_model.py:214} INFO - New best loss: 6.512218542198411e-11 at step 5353
[01/17/2025 18:51:21] {pretrain_model.py:257} INFO - 5353 / 10001 |train loss: 0.000 |p_recon loss: 0.000 |lr: 0.00005
[01/17/2025 18:51:21] {pretrain_model.py:214} INFO - New best loss: 6.474163566361213e-11 at step 5359
[01/17/2025 18:51:21] {pretrain_model.py:257} INFO - 5359 / 10001 |train loss: 0.000 |p_recon loss: 0.000 |lr: 0.00005
[01/17/2025 18:51:24] {pretrain_model.py:214} INFO - New best loss: 6.376986438905163e-11 at step 5376
[01/17/2025 18:51:24] {pretrain_model.py:257} INFO - 5376 / 10001 |train loss: 0.000 |p_recon loss: 0.000 |lr: 0.00005
[01/17/2025 18:51:26] {pretrain_model.py:214} INFO - New best loss: 6.25904328366289e-11 at step 5392
[01/17/2025 18:51:26] {pretrain_model.py:257} INFO - 5392 / 10001 |train loss: 0.000 |p_recon loss: 0.000 |lr: 0.00005
[01/17/2025 18:51:27] {pretrain_model.py:207} INFO - Train loss at step 5400: 6.52805656753408e-11
[01/17/2025 18:51:29] {pretrain_model.py:214} INFO - New best loss: 6.165481319930777e-11 at step 5408
[01/17/2025 18:51:29] {pretrain_model.py:257} INFO - 5408 / 10001 |train loss: 0.000 |p_recon loss: 0.000 |lr: 0.00005
[01/17/2025 18:51:32] {pretrain_model.py:214} INFO - New best loss: 6.161816890060123e-11 at step 5430
[01/17/2025 18:51:32] {pretrain_model.py:257} INFO - 5430 / 10001 |train loss: 0.000 |p_recon loss: 0.000 |lr: 0.00005
[01/17/2025 18:51:32] {pretrain_model.py:214} INFO - New best loss: 6.109311667668038e-11 at step 5434
[01/17/2025 18:51:32] {pretrain_model.py:257} INFO - 5434 / 10001 |train loss: 0.000 |p_recon loss: 0.000 |lr: 0.00005
[01/17/2025 18:51:34] {pretrain_model.py:214} INFO - New best loss: 6.0878968533018e-11 at step 5449
[01/17/2025 18:51:35] {pretrain_model.py:257} INFO - 5449 / 10001 |train loss: 0.000 |p_recon loss: 0.000 |lr: 0.00005
[01/17/2025 18:51:35] {pretrain_model.py:214} INFO - New best loss: 6.082204184743034e-11 at step 5451
[01/17/2025 18:51:35] {pretrain_model.py:257} INFO - 5451 / 10001 |train loss: 0.000 |p_recon loss: 0.000 |lr: 0.00005
[01/17/2025 18:51:36] {pretrain_model.py:214} INFO - New best loss: 5.97479010711055e-11 at step 5459
[01/17/2025 18:51:36] {pretrain_model.py:257} INFO - 5459 / 10001 |train loss: 0.000 |p_recon loss: 0.000 |lr: 0.00005
[01/17/2025 18:51:37] {pretrain_model.py:214} INFO - New best loss: 5.916232781455477e-11 at step 5467
[01/17/2025 18:51:37] {pretrain_model.py:257} INFO - 5467 / 10001 |train loss: 0.000 |p_recon loss: 0.000 |lr: 0.00005
[01/17/2025 18:51:41] {pretrain_model.py:214} INFO - New best loss: 5.852403284212215e-11 at step 5494
[01/17/2025 18:51:41] {pretrain_model.py:257} INFO - 5494 / 10001 |train loss: 0.000 |p_recon loss: 0.000 |lr: 0.00005
[01/17/2025 18:51:42] {pretrain_model.py:207} INFO - Train loss at step 5500: 6.0346921904042e-11
[01/17/2025 18:51:45] {pretrain_model.py:214} INFO - New best loss: 5.686945012128852e-11 at step 5523
[01/17/2025 18:51:45] {pretrain_model.py:257} INFO - 5523 / 10001 |train loss: 0.000 |p_recon loss: 0.000 |lr: 0.00005
[01/17/2025 18:51:47] {pretrain_model.py:214} INFO - New best loss: 5.676478731508894e-11 at step 5535
[01/17/2025 18:51:47] {pretrain_model.py:257} INFO - 5535 / 10001 |train loss: 0.000 |p_recon loss: 0.000 |lr: 0.00005
[01/17/2025 18:51:50] {pretrain_model.py:214} INFO - New best loss: 5.654018572776032e-11 at step 5560
[01/17/2025 18:51:50] {pretrain_model.py:257} INFO - 5560 / 10001 |train loss: 0.000 |p_recon loss: 0.000 |lr: 0.00005
[01/17/2025 18:51:51] {pretrain_model.py:214} INFO - New best loss: 5.628189927997518e-11 at step 5561
[01/17/2025 18:51:51] {pretrain_model.py:257} INFO - 5561 / 10001 |train loss: 0.000 |p_recon loss: 0.000 |lr: 0.00005
[01/17/2025 18:51:52] {pretrain_model.py:214} INFO - New best loss: 5.556663115746652e-11 at step 5568
[01/17/2025 18:51:52] {pretrain_model.py:257} INFO - 5568 / 10001 |train loss: 0.000 |p_recon loss: 0.000 |lr: 0.00005
[01/17/2025 18:51:53] {pretrain_model.py:214} INFO - New best loss: 5.5166853724086806e-11 at step 5576
[01/17/2025 18:51:53] {pretrain_model.py:257} INFO - 5576 / 10001 |train loss: 0.000 |p_recon loss: 0.000 |lr: 0.00005
[01/17/2025 18:51:55] {pretrain_model.py:214} INFO - New best loss: 5.423629947931552e-11 at step 5593
[01/17/2025 18:51:55] {pretrain_model.py:257} INFO - 5593 / 10001 |train loss: 0.000 |p_recon loss: 0.000 |lr: 0.00005
[01/17/2025 18:51:56] {pretrain_model.py:207} INFO - Train loss at step 5600: 5.593281046656351e-11
[01/17/2025 18:51:58] {pretrain_model.py:214} INFO - New best loss: 5.324508889348323e-11 at step 5612
[01/17/2025 18:51:58] {pretrain_model.py:257} INFO - 5612 / 10001 |train loss: 0.000 |p_recon loss: 0.000 |lr: 0.00005
[01/17/2025 18:52:01] {pretrain_model.py:214} INFO - New best loss: 5.267410119191851e-11 at step 5634
[01/17/2025 18:52:01] {pretrain_model.py:257} INFO - 5634 / 10001 |train loss: 0.000 |p_recon loss: 0.000 |lr: 0.00005
[01/17/2025 18:52:02] {pretrain_model.py:214} INFO - New best loss: 5.2421771784549875e-11 at step 5638
[01/17/2025 18:52:02] {pretrain_model.py:257} INFO - 5638 / 10001 |train loss: 0.000 |p_recon loss: 0.000 |lr: 0.00005
[01/17/2025 18:52:05] {pretrain_model.py:214} INFO - New best loss: 5.2171243020149305e-11 at step 5658
[01/17/2025 18:52:05] {pretrain_model.py:257} INFO - 5658 / 10001 |train loss: 0.000 |p_recon loss: 0.000 |lr: 0.00005
[01/17/2025 18:52:05] {pretrain_model.py:214} INFO - New best loss: 5.155625926178686e-11 at step 5659
[01/17/2025 18:52:05] {pretrain_model.py:257} INFO - 5659 / 10001 |train loss: 0.000 |p_recon loss: 0.000 |lr: 0.00005
[01/17/2025 18:52:06] {pretrain_model.py:214} INFO - New best loss: 5.0694608233481375e-11 at step 5670
[01/17/2025 18:52:06] {pretrain_model.py:257} INFO - 5670 / 10001 |train loss: 0.000 |p_recon loss: 0.000 |lr: 0.00005
[01/17/2025 18:52:10] {pretrain_model.py:214} INFO - New best loss: 4.889147420250595e-11 at step 5695
[01/17/2025 18:52:10] {pretrain_model.py:257} INFO - 5695 / 10001 |train loss: 0.000 |p_recon loss: 0.000 |lr: 0.00005
[01/17/2025 18:52:11] {pretrain_model.py:207} INFO - Train loss at step 5700: 5.223784599328596e-11
[01/17/2025 18:52:15] {pretrain_model.py:214} INFO - New best loss: 4.8746128661347754e-11 at step 5727
[01/17/2025 18:52:15] {pretrain_model.py:257} INFO - 5727 / 10001 |train loss: 0.000 |p_recon loss: 0.000 |lr: 0.00005
[01/17/2025 18:52:17] {pretrain_model.py:214} INFO - New best loss: 4.8407781255699334e-11 at step 5744
[01/17/2025 18:52:17] {pretrain_model.py:257} INFO - 5744 / 10001 |train loss: 0.000 |p_recon loss: 0.000 |lr: 0.00005
[01/17/2025 18:52:18] {pretrain_model.py:214} INFO - New best loss: 4.793099250832711e-11 at step 5751
[01/17/2025 18:52:18] {pretrain_model.py:257} INFO - 5751 / 10001 |train loss: 0.000 |p_recon loss: 0.000 |lr: 0.00005
[01/17/2025 18:52:18] {pretrain_model.py:214} INFO - New best loss: 4.7754494802987324e-11 at step 5753
[01/17/2025 18:52:18] {pretrain_model.py:257} INFO - 5753 / 10001 |train loss: 0.000 |p_recon loss: 0.000 |lr: 0.00005
[01/17/2025 18:52:22] {pretrain_model.py:214} INFO - New best loss: 4.7416699039404264e-11 at step 5779
[01/17/2025 18:52:22] {pretrain_model.py:257} INFO - 5779 / 10001 |train loss: 0.000 |p_recon loss: 0.000 |lr: 0.00005
[01/17/2025 18:52:25] {pretrain_model.py:214} INFO - New best loss: 4.736115666315044e-11 at step 5799
[01/17/2025 18:52:25] {pretrain_model.py:257} INFO - 5799 / 10001 |train loss: 0.000 |p_recon loss: 0.000 |lr: 0.00005
[01/17/2025 18:52:25] {pretrain_model.py:207} INFO - Train loss at step 5800: 4.856751806281423e-11
[01/17/2025 18:52:26] {pretrain_model.py:214} INFO - New best loss: 4.7328578556271594e-11 at step 5803
[01/17/2025 18:52:26] {pretrain_model.py:257} INFO - 5803 / 10001 |train loss: 0.000 |p_recon loss: 0.000 |lr: 0.00005
[01/17/2025 18:52:26] {pretrain_model.py:214} INFO - New best loss: 4.582503126959736e-11 at step 5804
[01/17/2025 18:52:26] {pretrain_model.py:257} INFO - 5804 / 10001 |train loss: 0.000 |p_recon loss: 0.000 |lr: 0.00005
[01/17/2025 18:52:29] {pretrain_model.py:214} INFO - New best loss: 4.496204450421537e-11 at step 5829
[01/17/2025 18:52:29] {pretrain_model.py:257} INFO - 5829 / 10001 |train loss: 0.000 |p_recon loss: 0.000 |lr: 0.00005
[01/17/2025 18:52:33] {pretrain_model.py:214} INFO - New best loss: 4.408486423135294e-11 at step 5858
[01/17/2025 18:52:33] {pretrain_model.py:257} INFO - 5858 / 10001 |train loss: 0.000 |p_recon loss: 0.000 |lr: 0.00005
[01/17/2025 18:52:38] {pretrain_model.py:214} INFO - New best loss: 4.381390042440536e-11 at step 5892
[01/17/2025 18:52:38] {pretrain_model.py:257} INFO - 5892 / 10001 |train loss: 0.000 |p_recon loss: 0.000 |lr: 0.00005
[01/17/2025 18:52:40] {pretrain_model.py:207} INFO - Train loss at step 5900: 4.665237293699498e-11
[01/17/2025 18:52:40] {pretrain_model.py:214} INFO - New best loss: 4.3527900034368017e-11 at step 5901
[01/17/2025 18:52:40] {pretrain_model.py:257} INFO - 5901 / 10001 |train loss: 0.000 |p_recon loss: 0.000 |lr: 0.00005
[01/17/2025 18:52:42] {pretrain_model.py:214} INFO - New best loss: 4.26246364593208e-11 at step 5914
[01/17/2025 18:52:42] {pretrain_model.py:257} INFO - 5914 / 10001 |train loss: 0.000 |p_recon loss: 0.000 |lr: 0.00005
[01/17/2025 18:52:46] {pretrain_model.py:214} INFO - New best loss: 4.202353048876617e-11 at step 5944
[01/17/2025 18:52:46] {pretrain_model.py:257} INFO - 5944 / 10001 |train loss: 0.000 |p_recon loss: 0.000 |lr: 0.00005
[01/17/2025 18:52:48] {pretrain_model.py:214} INFO - New best loss: 4.090076194396275e-11 at step 5958
[01/17/2025 18:52:48] {pretrain_model.py:257} INFO - 5958 / 10001 |train loss: 0.000 |p_recon loss: 0.000 |lr: 0.00005
[01/17/2025 18:52:52] {pretrain_model.py:214} INFO - New best loss: 4.0190087369218475e-11 at step 5984
[01/17/2025 18:52:52] {pretrain_model.py:257} INFO - 5984 / 10001 |train loss: 0.000 |p_recon loss: 0.000 |lr: 0.00005
[01/17/2025 18:52:54] {pretrain_model.py:207} INFO - Train loss at step 6000: 4.1389593141705205e-11
[01/17/2025 18:52:57] {pretrain_model.py:214} INFO - New best loss: 3.950504159910828e-11 at step 6022
[01/17/2025 18:52:57] {pretrain_model.py:257} INFO - 6022 / 10001 |train loss: 0.000 |p_recon loss: 0.000 |lr: 0.00005
[01/17/2025 18:53:01] {pretrain_model.py:214} INFO - New best loss: 3.7593969604010624e-11 at step 6049
[01/17/2025 18:53:01] {pretrain_model.py:257} INFO - 6049 / 10001 |train loss: 0.000 |p_recon loss: 0.000 |lr: 0.00005
[01/17/2025 18:53:08] {pretrain_model.py:207} INFO - Train loss at step 6100: 3.795740458056862e-11
[01/17/2025 18:53:11] {pretrain_model.py:214} INFO - New best loss: 3.7349887072046783e-11 at step 6117
[01/17/2025 18:53:11] {pretrain_model.py:257} INFO - 6117 / 10001 |train loss: 0.000 |p_recon loss: 0.000 |lr: 0.00005
[01/17/2025 18:53:12] {pretrain_model.py:214} INFO - New best loss: 3.711160545538661e-11 at step 6124
[01/17/2025 18:53:12] {pretrain_model.py:257} INFO - 6124 / 10001 |train loss: 0.000 |p_recon loss: 0.000 |lr: 0.00005
[01/17/2025 18:53:14] {pretrain_model.py:214} INFO - New best loss: 3.711073115475472e-11 at step 6141
[01/17/2025 18:53:14] {pretrain_model.py:257} INFO - 6141 / 10001 |train loss: 0.000 |p_recon loss: 0.000 |lr: 0.00005
[01/17/2025 18:53:15] {pretrain_model.py:214} INFO - New best loss: 3.683023330758317e-11 at step 6148
[01/17/2025 18:53:15] {pretrain_model.py:257} INFO - 6148 / 10001 |train loss: 0.000 |p_recon loss: 0.000 |lr: 0.00005
[01/17/2025 18:53:16] {pretrain_model.py:214} INFO - New best loss: 3.636535170215005e-11 at step 6156
[01/17/2025 18:53:16] {pretrain_model.py:257} INFO - 6156 / 10001 |train loss: 0.000 |p_recon loss: 0.000 |lr: 0.00005
[01/17/2025 18:53:17] {pretrain_model.py:214} INFO - New best loss: 3.5394999431392904e-11 at step 6160
[01/17/2025 18:53:17] {pretrain_model.py:257} INFO - 6160 / 10001 |train loss: 0.000 |p_recon loss: 0.000 |lr: 0.00005
[01/17/2025 18:53:20] {pretrain_model.py:214} INFO - New best loss: 3.456868125084611e-11 at step 6179
[01/17/2025 18:53:20] {pretrain_model.py:257} INFO - 6179 / 10001 |train loss: 0.000 |p_recon loss: 0.000 |lr: 0.00005
[01/17/2025 18:53:23] {pretrain_model.py:207} INFO - Train loss at step 6200: 3.601459061530754e-11
[01/17/2025 18:53:25] {pretrain_model.py:214} INFO - New best loss: 3.448267366090718e-11 at step 6212
[01/17/2025 18:53:25] {pretrain_model.py:257} INFO - 6212 / 10001 |train loss: 0.000 |p_recon loss: 0.000 |lr: 0.00005
[01/17/2025 18:53:29] {pretrain_model.py:214} INFO - New best loss: 3.369782577977709e-11 at step 6246
[01/17/2025 18:53:29] {pretrain_model.py:257} INFO - 6246 / 10001 |train loss: 0.000 |p_recon loss: 0.000 |lr: 0.00005
[01/17/2025 18:53:33] {pretrain_model.py:214} INFO - New best loss: 3.3621664480287805e-11 at step 6270
[01/17/2025 18:53:33] {pretrain_model.py:257} INFO - 6270 / 10001 |train loss: 0.000 |p_recon loss: 0.000 |lr: 0.00005
[01/17/2025 18:53:33] {pretrain_model.py:214} INFO - New best loss: 3.3590321496523856e-11 at step 6274
[01/17/2025 18:53:33] {pretrain_model.py:257} INFO - 6274 / 10001 |train loss: 0.000 |p_recon loss: 0.000 |lr: 0.00005
[01/17/2025 18:53:35] {pretrain_model.py:214} INFO - New best loss: 3.3330876253456765e-11 at step 6282
[01/17/2025 18:53:35] {pretrain_model.py:257} INFO - 6282 / 10001 |train loss: 0.000 |p_recon loss: 0.000 |lr: 0.00005
[01/17/2025 18:53:37] {pretrain_model.py:214} INFO - New best loss: 3.2854559350870005e-11 at step 6297
[01/17/2025 18:53:37] {pretrain_model.py:257} INFO - 6297 / 10001 |train loss: 0.000 |p_recon loss: 0.000 |lr: 0.00005
[01/17/2025 18:53:37] {pretrain_model.py:207} INFO - Train loss at step 6300: 3.364508324721349e-11
[01/17/2025 18:53:38] {pretrain_model.py:214} INFO - New best loss: 3.248389751631109e-11 at step 6305
[01/17/2025 18:53:38] {pretrain_model.py:257} INFO - 6305 / 10001 |train loss: 0.000 |p_recon loss: 0.000 |lr: 0.00005
[01/17/2025 18:53:40] {pretrain_model.py:214} INFO - New best loss: 3.242367485611908e-11 at step 6320
[01/17/2025 18:53:40] {pretrain_model.py:257} INFO - 6320 / 10001 |train loss: 0.000 |p_recon loss: 0.000 |lr: 0.00005
[01/17/2025 18:53:40] {pretrain_model.py:214} INFO - New best loss: 3.2230326046933655e-11 at step 6321
[01/17/2025 18:53:40] {pretrain_model.py:257} INFO - 6321 / 10001 |train loss: 0.000 |p_recon loss: 0.000 |lr: 0.00005
[01/17/2025 18:53:41] {pretrain_model.py:214} INFO - New best loss: 3.205522999816246e-11 at step 6325
[01/17/2025 18:53:41] {pretrain_model.py:257} INFO - 6325 / 10001 |train loss: 0.000 |p_recon loss: 0.000 |lr: 0.00005
[01/17/2025 18:53:41] {pretrain_model.py:214} INFO - New best loss: 3.19189084885263e-11 at step 6329
[01/17/2025 18:53:41] {pretrain_model.py:257} INFO - 6329 / 10001 |train loss: 0.000 |p_recon loss: 0.000 |lr: 0.00005
[01/17/2025 18:53:44] {pretrain_model.py:214} INFO - New best loss: 3.1901301045245134e-11 at step 6346
[01/17/2025 18:53:44] {pretrain_model.py:257} INFO - 6346 / 10001 |train loss: 0.000 |p_recon loss: 0.000 |lr: 0.00005
[01/17/2025 18:53:44] {pretrain_model.py:214} INFO - New best loss: 3.1214773821286457e-11 at step 6347
[01/17/2025 18:53:44] {pretrain_model.py:257} INFO - 6347 / 10001 |train loss: 0.000 |p_recon loss: 0.000 |lr: 0.00005
[01/17/2025 18:53:47] {pretrain_model.py:214} INFO - New best loss: 3.0739161216430944e-11 at step 6370
[01/17/2025 18:53:47] {pretrain_model.py:257} INFO - 6370 / 10001 |train loss: 0.000 |p_recon loss: 0.000 |lr: 0.00005
[01/17/2025 18:53:49] {pretrain_model.py:214} INFO - New best loss: 3.052024258320962e-11 at step 6384
[01/17/2025 18:53:49] {pretrain_model.py:257} INFO - 6384 / 10001 |train loss: 0.000 |p_recon loss: 0.000 |lr: 0.00005
[01/17/2025 18:53:50] {pretrain_model.py:214} INFO - New best loss: 2.9976372079021374e-11 at step 6388
[01/17/2025 18:53:50] {pretrain_model.py:257} INFO - 6388 / 10001 |train loss: 0.000 |p_recon loss: 0.000 |lr: 0.00005
[01/17/2025 18:53:51] {pretrain_model.py:214} INFO - New best loss: 2.9320459254966735e-11 at step 6394
[01/17/2025 18:53:51] {pretrain_model.py:257} INFO - 6394 / 10001 |train loss: 0.000 |p_recon loss: 0.000 |lr: 0.00005
[01/17/2025 18:53:52] {pretrain_model.py:207} INFO - Train loss at step 6400: 3.1047765053360266e-11
[01/17/2025 18:53:59] {pretrain_model.py:214} INFO - New best loss: 2.896596157375697e-11 at step 6447
[01/17/2025 18:53:59] {pretrain_model.py:257} INFO - 6447 / 10001 |train loss: 0.000 |p_recon loss: 0.000 |lr: 0.00005
[01/17/2025 18:54:04] {pretrain_model.py:214} INFO - New best loss: 2.872724280678085e-11 at step 6483
[01/17/2025 18:54:04] {pretrain_model.py:257} INFO - 6483 / 10001 |train loss: 0.000 |p_recon loss: 0.000 |lr: 0.00005
[01/17/2025 18:54:06] {pretrain_model.py:214} INFO - New best loss: 2.8448663563773735e-11 at step 6498
[01/17/2025 18:54:06] {pretrain_model.py:257} INFO - 6498 / 10001 |train loss: 0.000 |p_recon loss: 0.000 |lr: 0.00005
[01/17/2025 18:54:06] {pretrain_model.py:207} INFO - Train loss at step 6500: 2.938454687906322e-11
[01/17/2025 18:54:07] {pretrain_model.py:214} INFO - New best loss: 2.8389684700314e-11 at step 6505
[01/17/2025 18:54:07] {pretrain_model.py:257} INFO - 6505 / 10001 |train loss: 0.000 |p_recon loss: 0.000 |lr: 0.00005
[01/17/2025 18:54:07] {pretrain_model.py:214} INFO - New best loss: 2.7872518529314938e-11 at step 6508
[01/17/2025 18:54:07] {pretrain_model.py:257} INFO - 6508 / 10001 |train loss: 0.000 |p_recon loss: 0.000 |lr: 0.00005
[01/17/2025 18:54:10] {pretrain_model.py:214} INFO - New best loss: 2.7855584158742452e-11 at step 6523
[01/17/2025 18:54:10] {pretrain_model.py:257} INFO - 6523 / 10001 |train loss: 0.000 |p_recon loss: 0.000 |lr: 0.00005
[01/17/2025 18:54:11] {pretrain_model.py:214} INFO - New best loss: 2.7802990812397788e-11 at step 6534
[01/17/2025 18:54:11] {pretrain_model.py:257} INFO - 6534 / 10001 |train loss: 0.000 |p_recon loss: 0.000 |lr: 0.00005
[01/17/2025 18:54:12] {pretrain_model.py:214} INFO - New best loss: 2.7784732847813132e-11 at step 6539
[01/17/2025 18:54:12] {pretrain_model.py:257} INFO - 6539 / 10001 |train loss: 0.000 |p_recon loss: 0.000 |lr: 0.00005
[01/17/2025 18:54:13] {pretrain_model.py:214} INFO - New best loss: 2.7471500768649904e-11 at step 6550
[01/17/2025 18:54:13] {pretrain_model.py:257} INFO - 6550 / 10001 |train loss: 0.000 |p_recon loss: 0.000 |lr: 0.00005
[01/17/2025 18:54:15] {pretrain_model.py:214} INFO - New best loss: 2.735704544842843e-11 at step 6559
[01/17/2025 18:54:15] {pretrain_model.py:257} INFO - 6559 / 10001 |train loss: 0.000 |p_recon loss: 0.000 |lr: 0.00005
[01/17/2025 18:54:15] {pretrain_model.py:214} INFO - New best loss: 2.6873602301802357e-11 at step 6560
[01/17/2025 18:54:15] {pretrain_model.py:257} INFO - 6560 / 10001 |train loss: 0.000 |p_recon loss: 0.000 |lr: 0.00005
[01/17/2025 18:54:18] {pretrain_model.py:214} INFO - New best loss: 2.6759729848668812e-11 at step 6580
[01/17/2025 18:54:18] {pretrain_model.py:257} INFO - 6580 / 10001 |train loss: 0.000 |p_recon loss: 0.000 |lr: 0.00005
[01/17/2025 18:54:19] {pretrain_model.py:214} INFO - New best loss: 2.6612639175693786e-11 at step 6590
[01/17/2025 18:54:19] {pretrain_model.py:257} INFO - 6590 / 10001 |train loss: 0.000 |p_recon loss: 0.000 |lr: 0.00005
[01/17/2025 18:54:20] {pretrain_model.py:214} INFO - New best loss: 2.6593888549641953e-11 at step 6596
[01/17/2025 18:54:20] {pretrain_model.py:257} INFO - 6596 / 10001 |train loss: 0.000 |p_recon loss: 0.000 |lr: 0.00005
[01/17/2025 18:54:20] {pretrain_model.py:214} INFO - New best loss: 2.63365561997686e-11 at step 6597
[01/17/2025 18:54:20] {pretrain_model.py:257} INFO - 6597 / 10001 |train loss: 0.000 |p_recon loss: 0.000 |lr: 0.00005
[01/17/2025 18:54:21] {pretrain_model.py:207} INFO - Train loss at step 6600: 2.7121265303020614e-11
[01/17/2025 18:54:24] {pretrain_model.py:214} INFO - New best loss: 2.6259872748513047e-11 at step 6622
[01/17/2025 18:54:24] {pretrain_model.py:257} INFO - 6622 / 10001 |train loss: 0.000 |p_recon loss: 0.000 |lr: 0.00005
[01/17/2025 18:54:25] {pretrain_model.py:214} INFO - New best loss: 2.6253952137289538e-11 at step 6627
[01/17/2025 18:54:25] {pretrain_model.py:257} INFO - 6627 / 10001 |train loss: 0.000 |p_recon loss: 0.000 |lr: 0.00005
[01/17/2025 18:54:27] {pretrain_model.py:214} INFO - New best loss: 2.5481821513961833e-11 at step 6645
[01/17/2025 18:54:27] {pretrain_model.py:257} INFO - 6645 / 10001 |train loss: 0.000 |p_recon loss: 0.000 |lr: 0.00005
[01/17/2025 18:54:31] {pretrain_model.py:214} INFO - New best loss: 2.543686788980537e-11 at step 6672
[01/17/2025 18:54:31] {pretrain_model.py:257} INFO - 6672 / 10001 |train loss: 0.000 |p_recon loss: 0.000 |lr: 0.00005
[01/17/2025 18:54:33] {pretrain_model.py:214} INFO - New best loss: 2.4984226493218742e-11 at step 6685
[01/17/2025 18:54:33] {pretrain_model.py:257} INFO - 6685 / 10001 |train loss: 0.000 |p_recon loss: 0.000 |lr: 0.00005
[01/17/2025 18:54:33] {pretrain_model.py:214} INFO - New best loss: 2.449516978142441e-11 at step 6688
[01/17/2025 18:54:33] {pretrain_model.py:257} INFO - 6688 / 10001 |train loss: 0.000 |p_recon loss: 0.000 |lr: 0.00005
[01/17/2025 18:54:35] {pretrain_model.py:207} INFO - Train loss at step 6700: 2.650863209496812e-11
[01/17/2025 18:54:39] {pretrain_model.py:214} INFO - New best loss: 2.4243910698440452e-11 at step 6727
[01/17/2025 18:54:39] {pretrain_model.py:257} INFO - 6727 / 10001 |train loss: 0.000 |p_recon loss: 0.000 |lr: 0.00005
[01/17/2025 18:54:41] {pretrain_model.py:214} INFO - New best loss: 2.4165685078014754e-11 at step 6738
[01/17/2025 18:54:41] {pretrain_model.py:257} INFO - 6738 / 10001 |train loss: 0.000 |p_recon loss: 0.000 |lr: 0.00005
[01/17/2025 18:54:41] {pretrain_model.py:214} INFO - New best loss: 2.4031894529930042e-11 at step 6743
[01/17/2025 18:54:41] {pretrain_model.py:257} INFO - 6743 / 10001 |train loss: 0.000 |p_recon loss: 0.000 |lr: 0.00005
[01/17/2025 18:54:43] {pretrain_model.py:214} INFO - New best loss: 2.394234810410012e-11 at step 6754
[01/17/2025 18:54:43] {pretrain_model.py:257} INFO - 6754 / 10001 |train loss: 0.000 |p_recon loss: 0.000 |lr: 0.00005
[01/17/2025 18:54:43] {pretrain_model.py:214} INFO - New best loss: 2.392037089238297e-11 at step 6755
[01/17/2025 18:54:43] {pretrain_model.py:257} INFO - 6755 / 10001 |train loss: 0.000 |p_recon loss: 0.000 |lr: 0.00005
[01/17/2025 18:54:44] {pretrain_model.py:214} INFO - New best loss: 2.3896985085203326e-11 at step 6758
[01/17/2025 18:54:44] {pretrain_model.py:257} INFO - 6758 / 10001 |train loss: 0.000 |p_recon loss: 0.000 |lr: 0.00005
[01/17/2025 18:54:44] {pretrain_model.py:214} INFO - New best loss: 2.3833711046417072e-11 at step 6760
[01/17/2025 18:54:44] {pretrain_model.py:257} INFO - 6760 / 10001 |train loss: 0.000 |p_recon loss: 0.000 |lr: 0.00005
[01/17/2025 18:54:45] {pretrain_model.py:214} INFO - New best loss: 2.2741870886466842e-11 at step 6764
[01/17/2025 18:54:45] {pretrain_model.py:257} INFO - 6764 / 10001 |train loss: 0.000 |p_recon loss: 0.000 |lr: 0.00005
[01/17/2025 18:54:50] {pretrain_model.py:207} INFO - Train loss at step 6800: 2.4066845738524023e-11
[01/17/2025 18:54:55] {pretrain_model.py:214} INFO - New best loss: 2.260111715834956e-11 at step 6835
[01/17/2025 18:54:55] {pretrain_model.py:257} INFO - 6835 / 10001 |train loss: 0.000 |p_recon loss: 0.000 |lr: 0.00005
[01/17/2025 18:54:57] {pretrain_model.py:214} INFO - New best loss: 2.2327487081419406e-11 at step 6851
[01/17/2025 18:54:57] {pretrain_model.py:257} INFO - 6851 / 10001 |train loss: 0.000 |p_recon loss: 0.000 |lr: 0.00005
[01/17/2025 18:54:57] {pretrain_model.py:214} INFO - New best loss: 2.2083140871487217e-11 at step 6852
[01/17/2025 18:54:57] {pretrain_model.py:257} INFO - 6852 / 10001 |train loss: 0.000 |p_recon loss: 0.000 |lr: 0.00005
[01/17/2025 18:54:58] {pretrain_model.py:214} INFO - New best loss: 2.154142142440918e-11 at step 6857
[01/17/2025 18:54:58] {pretrain_model.py:257} INFO - 6857 / 10001 |train loss: 0.000 |p_recon loss: 0.000 |lr: 0.00005
[01/17/2025 18:55:04] {pretrain_model.py:214} INFO - New best loss: 2.140948876516724e-11 at step 6899
[01/17/2025 18:55:04] {pretrain_model.py:257} INFO - 6899 / 10001 |train loss: 0.000 |p_recon loss: 0.000 |lr: 0.00005
[01/17/2025 18:55:04] {pretrain_model.py:207} INFO - Train loss at step 6900: 2.1530397256719347e-11
[01/17/2025 18:55:06] {pretrain_model.py:214} INFO - New best loss: 2.1348379661279004e-11 at step 6911
[01/17/2025 18:55:06] {pretrain_model.py:257} INFO - 6911 / 10001 |train loss: 0.000 |p_recon loss: 0.000 |lr: 0.00005
[01/17/2025 18:55:09] {pretrain_model.py:214} INFO - New best loss: 2.1334555649898945e-11 at step 6934
[01/17/2025 18:55:09] {pretrain_model.py:257} INFO - 6934 / 10001 |train loss: 0.000 |p_recon loss: 0.000 |lr: 0.00005
[01/17/2025 18:55:10] {pretrain_model.py:214} INFO - New best loss: 2.1210436185192805e-11 at step 6937
[01/17/2025 18:55:10] {pretrain_model.py:257} INFO - 6937 / 10001 |train loss: 0.000 |p_recon loss: 0.000 |lr: 0.00005
[01/17/2025 18:55:10] {pretrain_model.py:214} INFO - New best loss: 2.095036297222741e-11 at step 6938
[01/17/2025 18:55:10] {pretrain_model.py:257} INFO - 6938 / 10001 |train loss: 0.000 |p_recon loss: 0.000 |lr: 0.00005
[01/17/2025 18:55:10] {pretrain_model.py:214} INFO - New best loss: 2.0893972316193832e-11 at step 6941
[01/17/2025 18:55:10] {pretrain_model.py:257} INFO - 6941 / 10001 |train loss: 0.000 |p_recon loss: 0.000 |lr: 0.00005
[01/17/2025 18:55:11] {pretrain_model.py:214} INFO - New best loss: 2.0795760946601405e-11 at step 6945
[01/17/2025 18:55:11] {pretrain_model.py:257} INFO - 6945 / 10001 |train loss: 0.000 |p_recon loss: 0.000 |lr: 0.00005
[01/17/2025 18:55:12] {pretrain_model.py:214} INFO - New best loss: 2.0622500235267793e-11 at step 6954
[01/17/2025 18:55:12] {pretrain_model.py:257} INFO - 6954 / 10001 |train loss: 0.000 |p_recon loss: 0.000 |lr: 0.00005
[01/17/2025 18:55:15] {pretrain_model.py:214} INFO - New best loss: 2.0566579689296205e-11 at step 6976
[01/17/2025 18:55:15] {pretrain_model.py:257} INFO - 6976 / 10001 |train loss: 0.000 |p_recon loss: 0.000 |lr: 0.00005
[01/17/2025 18:55:16] {pretrain_model.py:214} INFO - New best loss: 2.0349449555978616e-11 at step 6980
[01/17/2025 18:55:16] {pretrain_model.py:257} INFO - 6980 / 10001 |train loss: 0.000 |p_recon loss: 0.000 |lr: 0.00005
[01/17/2025 18:55:18] {pretrain_model.py:214} INFO - New best loss: 2.02162731000044e-11 at step 6998
[01/17/2025 18:55:18] {pretrain_model.py:257} INFO - 6998 / 10001 |train loss: 0.000 |p_recon loss: 0.000 |lr: 0.00005
[01/17/2025 18:55:19] {pretrain_model.py:207} INFO - Train loss at step 7000: 2.1069944400320395e-11
[01/17/2025 18:55:19] {pretrain_model.py:214} INFO - New best loss: 2.0206152723245552e-11 at step 7004
[01/17/2025 18:55:19] {pretrain_model.py:257} INFO - 7004 / 10001 |train loss: 0.000 |p_recon loss: 0.000 |lr: 0.00005
[01/17/2025 18:55:20] {pretrain_model.py:214} INFO - New best loss: 1.9807013668105e-11 at step 7006
[01/17/2025 18:55:20] {pretrain_model.py:257} INFO - 7006 / 10001 |train loss: 0.000 |p_recon loss: 0.000 |lr: 0.00005
[01/17/2025 18:55:23] {pretrain_model.py:214} INFO - New best loss: 1.9647500640318505e-11 at step 7031
[01/17/2025 18:55:23] {pretrain_model.py:257} INFO - 7031 / 10001 |train loss: 0.000 |p_recon loss: 0.000 |lr: 0.00005
[01/17/2025 18:55:24] {pretrain_model.py:214} INFO - New best loss: 1.9228139913618492e-11 at step 7037
[01/17/2025 18:55:24] {pretrain_model.py:257} INFO - 7037 / 10001 |train loss: 0.000 |p_recon loss: 0.000 |lr: 0.00005
[01/17/2025 18:55:30] {pretrain_model.py:214} INFO - New best loss: 1.89574588665975e-11 at step 7082
[01/17/2025 18:55:30] {pretrain_model.py:257} INFO - 7082 / 10001 |train loss: 0.000 |p_recon loss: 0.000 |lr: 0.00005
[01/17/2025 18:55:33] {pretrain_model.py:214} INFO - New best loss: 1.883659027368534e-11 at step 7099
[01/17/2025 18:55:33] {pretrain_model.py:257} INFO - 7099 / 10001 |train loss: 0.000 |p_recon loss: 0.000 |lr: 0.00005
[01/17/2025 18:55:33] {pretrain_model.py:207} INFO - Train loss at step 7100: 2.0386862337185008e-11
[01/17/2025 18:55:33] {pretrain_model.py:214} INFO - New best loss: 1.8746958846405093e-11 at step 7101
[01/17/2025 18:55:33] {pretrain_model.py:257} INFO - 7101 / 10001 |train loss: 0.000 |p_recon loss: 0.000 |lr: 0.00005
[01/17/2025 18:55:34] {pretrain_model.py:214} INFO - New best loss: 1.8377660504498294e-11 at step 7105
[01/17/2025 18:55:34] {pretrain_model.py:257} INFO - 7105 / 10001 |train loss: 0.000 |p_recon loss: 0.000 |lr: 0.00005
[01/17/2025 18:55:35] {pretrain_model.py:214} INFO - New best loss: 1.8102809182241053e-11 at step 7114
[01/17/2025 18:55:35] {pretrain_model.py:257} INFO - 7114 / 10001 |train loss: 0.000 |p_recon loss: 0.000 |lr: 0.00005
[01/17/2025 18:55:38] {pretrain_model.py:214} INFO - New best loss: 1.807925510688424e-11 at step 7133
[01/17/2025 18:55:38] {pretrain_model.py:257} INFO - 7133 / 10001 |train loss: 0.000 |p_recon loss: 0.000 |lr: 0.00005
[01/17/2025 18:55:41] {pretrain_model.py:214} INFO - New best loss: 1.7633229945634987e-11 at step 7158
[01/17/2025 18:55:41] {pretrain_model.py:257} INFO - 7158 / 10001 |train loss: 0.000 |p_recon loss: 0.000 |lr: 0.00005
[01/17/2025 18:55:44] {pretrain_model.py:214} INFO - New best loss: 1.744685125537604e-11 at step 7176
[01/17/2025 18:55:44] {pretrain_model.py:257} INFO - 7176 / 10001 |train loss: 0.000 |p_recon loss: 0.000 |lr: 0.00005
[01/17/2025 18:55:48] {pretrain_model.py:207} INFO - Train loss at step 7200: 1.8487694014579503e-11
[01/17/2025 18:55:48] {pretrain_model.py:214} INFO - New best loss: 1.6992974735674515e-11 at step 7204
[01/17/2025 18:55:48] {pretrain_model.py:257} INFO - 7204 / 10001 |train loss: 0.000 |p_recon loss: 0.000 |lr: 0.00005
[01/17/2025 18:55:51] {pretrain_model.py:214} INFO - New best loss: 1.6959105994529544e-11 at step 7222
[01/17/2025 18:55:51] {pretrain_model.py:257} INFO - 7222 / 10001 |train loss: 0.000 |p_recon loss: 0.000 |lr: 0.00005
[01/17/2025 18:55:53] {pretrain_model.py:214} INFO - New best loss: 1.6719623949223994e-11 at step 7235
[01/17/2025 18:55:53] {pretrain_model.py:257} INFO - 7235 / 10001 |train loss: 0.000 |p_recon loss: 0.000 |lr: 0.00005
[01/17/2025 18:55:53] {pretrain_model.py:214} INFO - New best loss: 1.6693443502524552e-11 at step 7237
[01/17/2025 18:55:53] {pretrain_model.py:257} INFO - 7237 / 10001 |train loss: 0.000 |p_recon loss: 0.000 |lr: 0.00005
[01/17/2025 18:55:57] {pretrain_model.py:214} INFO - New best loss: 1.642964410353276e-11 at step 7268
[01/17/2025 18:55:57] {pretrain_model.py:257} INFO - 7268 / 10001 |train loss: 0.000 |p_recon loss: 0.000 |lr: 0.00005
[01/17/2025 18:56:01] {pretrain_model.py:214} INFO - New best loss: 1.629893615906486e-11 at step 7296
[01/17/2025 18:56:01] {pretrain_model.py:257} INFO - 7296 / 10001 |train loss: 0.000 |p_recon loss: 0.000 |lr: 0.00005
[01/17/2025 18:56:02] {pretrain_model.py:207} INFO - Train loss at step 7300: 1.7340703525881018e-11
[01/17/2025 18:56:02] {pretrain_model.py:214} INFO - New best loss: 1.580344882734508e-11 at step 7303
[01/17/2025 18:56:02] {pretrain_model.py:257} INFO - 7303 / 10001 |train loss: 0.000 |p_recon loss: 0.000 |lr: 0.00005
[01/17/2025 18:56:07] {pretrain_model.py:214} INFO - New best loss: 1.564652921115517e-11 at step 7335
[01/17/2025 18:56:07] {pretrain_model.py:257} INFO - 7335 / 10001 |train loss: 0.000 |p_recon loss: 0.000 |lr: 0.00005
[01/17/2025 18:56:11] {pretrain_model.py:214} INFO - New best loss: 1.5599604941129996e-11 at step 7363
[01/17/2025 18:56:11] {pretrain_model.py:257} INFO - 7363 / 10001 |train loss: 0.000 |p_recon loss: 0.000 |lr: 0.00005
[01/17/2025 18:56:13] {pretrain_model.py:214} INFO - New best loss: 1.4977637186053272e-11 at step 7374
[01/17/2025 18:56:13] {pretrain_model.py:257} INFO - 7374 / 10001 |train loss: 0.000 |p_recon loss: 0.000 |lr: 0.00005
[01/17/2025 18:56:16] {pretrain_model.py:207} INFO - Train loss at step 7400: 1.5904264016874947e-11
[01/17/2025 18:56:21] {pretrain_model.py:214} INFO - New best loss: 1.4828620970019912e-11 at step 7433
[01/17/2025 18:56:21] {pretrain_model.py:257} INFO - 7433 / 10001 |train loss: 0.000 |p_recon loss: 0.000 |lr: 0.00005
[01/17/2025 18:56:24] {pretrain_model.py:214} INFO - New best loss: 1.4394779639104183e-11 at step 7456
[01/17/2025 18:56:24] {pretrain_model.py:257} INFO - 7456 / 10001 |train loss: 0.000 |p_recon loss: 0.000 |lr: 0.00005
[01/17/2025 18:56:30] {pretrain_model.py:214} INFO - New best loss: 1.4181782484468108e-11 at step 7497
[01/17/2025 18:56:30] {pretrain_model.py:257} INFO - 7497 / 10001 |train loss: 0.000 |p_recon loss: 0.000 |lr: 0.00005
[01/17/2025 18:56:31] {pretrain_model.py:207} INFO - Train loss at step 7500: 1.4226087322044556e-11
[01/17/2025 18:56:31] {pretrain_model.py:214} INFO - New best loss: 1.396570879774739e-11 at step 7502
[01/17/2025 18:56:31] {pretrain_model.py:257} INFO - 7502 / 10001 |train loss: 0.000 |p_recon loss: 0.000 |lr: 0.00005
[01/17/2025 18:56:34] {pretrain_model.py:214} INFO - New best loss: 1.3657118838605875e-11 at step 7519
[01/17/2025 18:56:34] {pretrain_model.py:257} INFO - 7519 / 10001 |train loss: 0.000 |p_recon loss: 0.000 |lr: 0.00005
[01/17/2025 18:56:35] {pretrain_model.py:214} INFO - New best loss: 1.3618633130929592e-11 at step 7527
[01/17/2025 18:56:35] {pretrain_model.py:257} INFO - 7527 / 10001 |train loss: 0.000 |p_recon loss: 0.000 |lr: 0.00005
[01/17/2025 18:56:38] {pretrain_model.py:214} INFO - New best loss: 1.3576807213200315e-11 at step 7553
[01/17/2025 18:56:38] {pretrain_model.py:257} INFO - 7553 / 10001 |train loss: 0.000 |p_recon loss: 0.000 |lr: 0.00005
[01/17/2025 18:56:39] {pretrain_model.py:214} INFO - New best loss: 1.328884918772033e-11 at step 7556
[01/17/2025 18:56:39] {pretrain_model.py:257} INFO - 7556 / 10001 |train loss: 0.000 |p_recon loss: 0.000 |lr: 0.00005
[01/17/2025 18:56:42] {pretrain_model.py:214} INFO - New best loss: 1.3237654895859041e-11 at step 7578
[01/17/2025 18:56:42] {pretrain_model.py:257} INFO - 7578 / 10001 |train loss: 0.000 |p_recon loss: 0.000 |lr: 0.00005
[01/17/2025 18:56:42] {pretrain_model.py:214} INFO - New best loss: 1.3233370128873378e-11 at step 7581
[01/17/2025 18:56:42] {pretrain_model.py:257} INFO - 7581 / 10001 |train loss: 0.000 |p_recon loss: 0.000 |lr: 0.00005
[01/17/2025 18:56:45] {pretrain_model.py:207} INFO - Train loss at step 7600: 1.427337761872316e-11
[01/17/2025 18:56:47] {pretrain_model.py:214} INFO - New best loss: 1.3072739071806616e-11 at step 7616
[01/17/2025 18:56:47] {pretrain_model.py:257} INFO - 7616 / 10001 |train loss: 0.000 |p_recon loss: 0.000 |lr: 0.00005
[01/17/2025 18:56:50] {pretrain_model.py:214} INFO - New best loss: 1.2767813716008103e-11 at step 7634
[01/17/2025 18:56:50] {pretrain_model.py:257} INFO - 7634 / 10001 |train loss: 0.000 |p_recon loss: 0.000 |lr: 0.00005
[01/17/2025 18:56:52] {pretrain_model.py:214} INFO - New best loss: 1.2552202333093732e-11 at step 7649
[01/17/2025 18:56:52] {pretrain_model.py:257} INFO - 7649 / 10001 |train loss: 0.000 |p_recon loss: 0.000 |lr: 0.00005
[01/17/2025 18:56:56] {pretrain_model.py:214} INFO - New best loss: 1.2548899419595472e-11 at step 7676
[01/17/2025 18:56:56] {pretrain_model.py:257} INFO - 7676 / 10001 |train loss: 0.000 |p_recon loss: 0.000 |lr: 0.00005
[01/17/2025 18:56:57] {pretrain_model.py:214} INFO - New best loss: 1.2434744206535342e-11 at step 7680
[01/17/2025 18:56:57] {pretrain_model.py:257} INFO - 7680 / 10001 |train loss: 0.000 |p_recon loss: 0.000 |lr: 0.00005
[01/17/2025 18:56:58] {pretrain_model.py:214} INFO - New best loss: 1.2372336662125338e-11 at step 7689
[01/17/2025 18:56:58] {pretrain_model.py:257} INFO - 7689 / 10001 |train loss: 0.000 |p_recon loss: 0.000 |lr: 0.00005
[01/17/2025 18:56:59] {pretrain_model.py:214} INFO - New best loss: 1.2368456953071316e-11 at step 7698
[01/17/2025 18:56:59] {pretrain_model.py:257} INFO - 7698 / 10001 |train loss: 0.000 |p_recon loss: 0.000 |lr: 0.00005
[01/17/2025 18:57:00] {pretrain_model.py:207} INFO - Train loss at step 7700: 1.2194161479184285e-11
[01/17/2025 18:57:00] {pretrain_model.py:214} INFO - New best loss: 1.2194161479184285e-11 at step 7700
[01/17/2025 18:57:00] {pretrain_model.py:257} INFO - 7700 / 10001 |train loss: 0.000 |p_recon loss: 0.000 |lr: 0.00005
[01/17/2025 18:57:01] {pretrain_model.py:214} INFO - New best loss: 1.2174631962291738e-11 at step 7710
[01/17/2025 18:57:01] {pretrain_model.py:257} INFO - 7710 / 10001 |train loss: 0.000 |p_recon loss: 0.000 |lr: 0.00005
[01/17/2025 18:57:03] {pretrain_model.py:214} INFO - New best loss: 1.2115099722043166e-11 at step 7725
[01/17/2025 18:57:03] {pretrain_model.py:257} INFO - 7725 / 10001 |train loss: 0.000 |p_recon loss: 0.000 |lr: 0.00005
[01/17/2025 18:57:04] {pretrain_model.py:214} INFO - New best loss: 1.2052854374278166e-11 at step 7733
[01/17/2025 18:57:04] {pretrain_model.py:257} INFO - 7733 / 10001 |train loss: 0.000 |p_recon loss: 0.000 |lr: 0.00005
[01/17/2025 18:57:05] {pretrain_model.py:214} INFO - New best loss: 1.1878316906466235e-11 at step 7737
[01/17/2025 18:57:05] {pretrain_model.py:257} INFO - 7737 / 10001 |train loss: 0.000 |p_recon loss: 0.000 |lr: 0.00005
[01/17/2025 18:57:07] {pretrain_model.py:214} INFO - New best loss: 1.1773075569987412e-11 at step 7748
[01/17/2025 18:57:07] {pretrain_model.py:257} INFO - 7748 / 10001 |train loss: 0.000 |p_recon loss: 0.000 |lr: 0.00005
[01/17/2025 18:57:07] {pretrain_model.py:214} INFO - New best loss: 1.1769723216870087e-11 at step 7753
[01/17/2025 18:57:07] {pretrain_model.py:257} INFO - 7753 / 10001 |train loss: 0.000 |p_recon loss: 0.000 |lr: 0.00005
[01/17/2025 18:57:11] {pretrain_model.py:214} INFO - New best loss: 1.1600690026647431e-11 at step 7778
[01/17/2025 18:57:11] {pretrain_model.py:257} INFO - 7778 / 10001 |train loss: 0.000 |p_recon loss: 0.000 |lr: 0.00005
[01/17/2025 18:57:12] {pretrain_model.py:214} INFO - New best loss: 1.1214937832570993e-11 at step 7785
[01/17/2025 18:57:12] {pretrain_model.py:257} INFO - 7785 / 10001 |train loss: 0.000 |p_recon loss: 0.000 |lr: 0.00005
[01/17/2025 18:57:14] {pretrain_model.py:207} INFO - Train loss at step 7800: 1.2444617385198864e-11
[01/17/2025 18:57:18] {pretrain_model.py:214} INFO - New best loss: 1.0916291308393777e-11 at step 7829
[01/17/2025 18:57:18] {pretrain_model.py:257} INFO - 7829 / 10001 |train loss: 0.000 |p_recon loss: 0.000 |lr: 0.00005
[01/17/2025 18:57:24] {pretrain_model.py:214} INFO - New best loss: 1.0722270293861413e-11 at step 7868
[01/17/2025 18:57:24] {pretrain_model.py:257} INFO - 7868 / 10001 |train loss: 0.000 |p_recon loss: 0.000 |lr: 0.00005
[01/17/2025 18:57:28] {pretrain_model.py:214} INFO - New best loss: 1.0632181766945248e-11 at step 7897
[01/17/2025 18:57:28] {pretrain_model.py:257} INFO - 7897 / 10001 |train loss: 0.000 |p_recon loss: 0.000 |lr: 0.00005
[01/17/2025 18:57:28] {pretrain_model.py:207} INFO - Train loss at step 7900: 1.1132400556945754e-11
[01/17/2025 18:57:29] {pretrain_model.py:214} INFO - New best loss: 1.0583949515419189e-11 at step 7902
[01/17/2025 18:57:29] {pretrain_model.py:257} INFO - 7902 / 10001 |train loss: 0.000 |p_recon loss: 0.000 |lr: 0.00005
[01/17/2025 18:57:30] {pretrain_model.py:214} INFO - New best loss: 1.0581972798018313e-11 at step 7912
[01/17/2025 18:57:30] {pretrain_model.py:257} INFO - 7912 / 10001 |train loss: 0.000 |p_recon loss: 0.000 |lr: 0.00005
[01/17/2025 18:57:33] {pretrain_model.py:214} INFO - New best loss: 1.058134049131132e-11 at step 7928
[01/17/2025 18:57:33] {pretrain_model.py:257} INFO - 7928 / 10001 |train loss: 0.000 |p_recon loss: 0.000 |lr: 0.00005
[01/17/2025 18:57:33] {pretrain_model.py:214} INFO - New best loss: 1.0102559414026935e-11 at step 7935
[01/17/2025 18:57:33] {pretrain_model.py:257} INFO - 7935 / 10001 |train loss: 0.000 |p_recon loss: 0.000 |lr: 0.00005
[01/17/2025 18:57:40] {pretrain_model.py:214} INFO - New best loss: 1.0080788634403426e-11 at step 7983
[01/17/2025 18:57:40] {pretrain_model.py:257} INFO - 7983 / 10001 |train loss: 0.000 |p_recon loss: 0.000 |lr: 0.00005
[01/17/2025 18:57:41] {pretrain_model.py:214} INFO - New best loss: 1.0074436944396137e-11 at step 7987
[01/17/2025 18:57:41] {pretrain_model.py:257} INFO - 7987 / 10001 |train loss: 0.000 |p_recon loss: 0.000 |lr: 0.00005
[01/17/2025 18:57:42] {pretrain_model.py:214} INFO - New best loss: 1.007380637241262e-11 at step 7994
[01/17/2025 18:57:42] {pretrain_model.py:257} INFO - 7994 / 10001 |train loss: 0.000 |p_recon loss: 0.000 |lr: 0.00005
[01/17/2025 18:57:43] {pretrain_model.py:207} INFO - Train loss at step 8000: 1.026998017877867e-11
[01/17/2025 18:57:43] {pretrain_model.py:214} INFO - New best loss: 1.0028376566662e-11 at step 8002
[01/17/2025 18:57:43] {pretrain_model.py:257} INFO - 8002 / 10001 |train loss: 0.000 |p_recon loss: 0.000 |lr: 0.00005
[01/17/2025 18:57:43] {pretrain_model.py:214} INFO - New best loss: 9.947402276888617e-12 at step 8003
[01/17/2025 18:57:43] {pretrain_model.py:257} INFO - 8003 / 10001 |train loss: 0.000 |p_recon loss: 0.000 |lr: 0.00005
[01/17/2025 18:57:44] {pretrain_model.py:214} INFO - New best loss: 9.86114748885436e-12 at step 8006
[01/17/2025 18:57:44] {pretrain_model.py:257} INFO - 8006 / 10001 |train loss: 0.000 |p_recon loss: 0.000 |lr: 0.00005
[01/17/2025 18:57:45] {pretrain_model.py:214} INFO - New best loss: 9.615637279469791e-12 at step 8012
[01/17/2025 18:57:45] {pretrain_model.py:257} INFO - 8012 / 10001 |train loss: 0.000 |p_recon loss: 0.000 |lr: 0.00005
[01/17/2025 18:57:53] {pretrain_model.py:214} INFO - New best loss: 9.562892144820978e-12 at step 8071
[01/17/2025 18:57:53] {pretrain_model.py:257} INFO - 8071 / 10001 |train loss: 0.000 |p_recon loss: 0.000 |lr: 0.00005
[01/17/2025 18:57:54] {pretrain_model.py:214} INFO - New best loss: 9.49274686634638e-12 at step 8079
[01/17/2025 18:57:54] {pretrain_model.py:257} INFO - 8079 / 10001 |train loss: 0.000 |p_recon loss: 0.000 |lr: 0.00005
[01/17/2025 18:57:56] {pretrain_model.py:214} INFO - New best loss: 9.45025394744059e-12 at step 8091
[01/17/2025 18:57:56] {pretrain_model.py:257} INFO - 8091 / 10001 |train loss: 0.000 |p_recon loss: 0.000 |lr: 0.00005
[01/17/2025 18:57:57] {pretrain_model.py:207} INFO - Train loss at step 8100: 9.270811549000335e-12
[01/17/2025 18:57:57] {pretrain_model.py:214} INFO - New best loss: 9.270811549000335e-12 at step 8100
[01/17/2025 18:57:57] {pretrain_model.py:257} INFO - 8100 / 10001 |train loss: 0.000 |p_recon loss: 0.000 |lr: 0.00005
[01/17/2025 18:57:58] {pretrain_model.py:214} INFO - New best loss: 9.171024183129983e-12 at step 8103
[01/17/2025 18:57:58] {pretrain_model.py:257} INFO - 8103 / 10001 |train loss: 0.000 |p_recon loss: 0.000 |lr: 0.00005
[01/17/2025 18:58:03] {pretrain_model.py:214} INFO - New best loss: 9.04910521515312e-12 at step 8138
[01/17/2025 18:58:03] {pretrain_model.py:257} INFO - 8138 / 10001 |train loss: 0.000 |p_recon loss: 0.000 |lr: 0.00005
[01/17/2025 18:58:04] {pretrain_model.py:214} INFO - New best loss: 9.015070807916192e-12 at step 8145
[01/17/2025 18:58:04] {pretrain_model.py:257} INFO - 8145 / 10001 |train loss: 0.000 |p_recon loss: 0.000 |lr: 0.00005
[01/17/2025 18:58:07] {pretrain_model.py:214} INFO - New best loss: 8.99446142565985e-12 at step 8168
[01/17/2025 18:58:07] {pretrain_model.py:257} INFO - 8168 / 10001 |train loss: 0.000 |p_recon loss: 0.000 |lr: 0.00005
[01/17/2025 18:58:08] {pretrain_model.py:214} INFO - New best loss: 8.969726870977635e-12 at step 8177
[01/17/2025 18:58:08] {pretrain_model.py:257} INFO - 8177 / 10001 |train loss: 0.000 |p_recon loss: 0.000 |lr: 0.00005
[01/17/2025 18:58:09] {pretrain_model.py:214} INFO - New best loss: 8.937896429916936e-12 at step 8181
[01/17/2025 18:58:09] {pretrain_model.py:257} INFO - 8181 / 10001 |train loss: 0.000 |p_recon loss: 0.000 |lr: 0.00005
[01/17/2025 18:58:09] {pretrain_model.py:214} INFO - New best loss: 8.814407537194313e-12 at step 8183
[01/17/2025 18:58:09] {pretrain_model.py:257} INFO - 8183 / 10001 |train loss: 0.000 |p_recon loss: 0.000 |lr: 0.00005
[01/17/2025 18:58:11] {pretrain_model.py:214} INFO - New best loss: 8.795216291379582e-12 at step 8194
[01/17/2025 18:58:11] {pretrain_model.py:257} INFO - 8194 / 10001 |train loss: 0.000 |p_recon loss: 0.000 |lr: 0.00005
[01/17/2025 18:58:11] {pretrain_model.py:214} INFO - New best loss: 8.725724136293689e-12 at step 8199
[01/17/2025 18:58:11] {pretrain_model.py:257} INFO - 8199 / 10001 |train loss: 0.000 |p_recon loss: 0.000 |lr: 0.00005
[01/17/2025 18:58:12] {pretrain_model.py:207} INFO - Train loss at step 8200: 9.07911506392578e-12
[01/17/2025 18:58:13] {pretrain_model.py:214} INFO - New best loss: 8.621135055841833e-12 at step 8206
[01/17/2025 18:58:13] {pretrain_model.py:257} INFO - 8206 / 10001 |train loss: 0.000 |p_recon loss: 0.000 |lr: 0.00005
[01/17/2025 18:58:16] {pretrain_model.py:214} INFO - New best loss: 8.410562177263436e-12 at step 8229
[01/17/2025 18:58:16] {pretrain_model.py:257} INFO - 8229 / 10001 |train loss: 0.000 |p_recon loss: 0.000 |lr: 0.00005
[01/17/2025 18:58:18] {pretrain_model.py:214} INFO - New best loss: 8.301923384856913e-12 at step 8246
[01/17/2025 18:58:18] {pretrain_model.py:257} INFO - 8246 / 10001 |train loss: 0.000 |p_recon loss: 0.000 |lr: 0.00005
[01/17/2025 18:58:22] {pretrain_model.py:214} INFO - New best loss: 8.262428935479349e-12 at step 8275
[01/17/2025 18:58:22] {pretrain_model.py:257} INFO - 8275 / 10001 |train loss: 0.000 |p_recon loss: 0.000 |lr: 0.00005
[01/17/2025 18:58:23] {pretrain_model.py:214} INFO - New best loss: 8.207996782250149e-12 at step 8277
[01/17/2025 18:58:23] {pretrain_model.py:257} INFO - 8277 / 10001 |train loss: 0.000 |p_recon loss: 0.000 |lr: 0.00005
[01/17/2025 18:58:26] {pretrain_model.py:207} INFO - Train loss at step 8300: 8.348596987339807e-12
[01/17/2025 18:58:27] {pretrain_model.py:214} INFO - New best loss: 8.169597810747664e-12 at step 8304
[01/17/2025 18:58:27] {pretrain_model.py:257} INFO - 8304 / 10001 |train loss: 0.000 |p_recon loss: 0.000 |lr: 0.00005
[01/17/2025 18:58:28] {pretrain_model.py:214} INFO - New best loss: 8.161456753474905e-12 at step 8316
[01/17/2025 18:58:28] {pretrain_model.py:257} INFO - 8316 / 10001 |train loss: 0.000 |p_recon loss: 0.000 |lr: 0.00005
[01/17/2025 18:58:30] {pretrain_model.py:214} INFO - New best loss: 7.979818195114063e-12 at step 8326
[01/17/2025 18:58:30] {pretrain_model.py:257} INFO - 8326 / 10001 |train loss: 0.000 |p_recon loss: 0.000 |lr: 0.00005
[01/17/2025 18:58:32] {pretrain_model.py:214} INFO - New best loss: 7.965194476211579e-12 at step 8341
[01/17/2025 18:58:32] {pretrain_model.py:257} INFO - 8341 / 10001 |train loss: 0.000 |p_recon loss: 0.000 |lr: 0.00005
[01/17/2025 18:58:32] {pretrain_model.py:214} INFO - New best loss: 7.935008553006107e-12 at step 8342
[01/17/2025 18:58:32] {pretrain_model.py:257} INFO - 8342 / 10001 |train loss: 0.000 |p_recon loss: 0.000 |lr: 0.00005
[01/17/2025 18:58:34] {pretrain_model.py:214} INFO - New best loss: 7.889184965026441e-12 at step 8352
[01/17/2025 18:58:34] {pretrain_model.py:257} INFO - 8352 / 10001 |train loss: 0.000 |p_recon loss: 0.000 |lr: 0.00005
[01/17/2025 18:58:34] {pretrain_model.py:214} INFO - New best loss: 7.853796606116514e-12 at step 8354
[01/17/2025 18:58:34] {pretrain_model.py:257} INFO - 8354 / 10001 |train loss: 0.000 |p_recon loss: 0.000 |lr: 0.00005
[01/17/2025 18:58:34] {pretrain_model.py:214} INFO - New best loss: 7.804763779706292e-12 at step 8355
[01/17/2025 18:58:34] {pretrain_model.py:257} INFO - 8355 / 10001 |train loss: 0.000 |p_recon loss: 0.000 |lr: 0.00005
[01/17/2025 18:58:35] {pretrain_model.py:214} INFO - New best loss: 7.667943537070787e-12 at step 8359
[01/17/2025 18:58:35] {pretrain_model.py:257} INFO - 8359 / 10001 |train loss: 0.000 |p_recon loss: 0.000 |lr: 0.00005
[01/17/2025 18:58:37] {pretrain_model.py:214} INFO - New best loss: 7.651132331865096e-12 at step 8375
[01/17/2025 18:58:37] {pretrain_model.py:257} INFO - 8375 / 10001 |train loss: 0.000 |p_recon loss: 0.000 |lr: 0.00005
[01/17/2025 18:58:39] {pretrain_model.py:214} INFO - New best loss: 7.52082771060536e-12 at step 8388
[01/17/2025 18:58:39] {pretrain_model.py:257} INFO - 8388 / 10001 |train loss: 0.000 |p_recon loss: 0.000 |lr: 0.00005
[01/17/2025 18:58:40] {pretrain_model.py:214} INFO - New best loss: 7.512012713262184e-12 at step 8394
[01/17/2025 18:58:40] {pretrain_model.py:257} INFO - 8394 / 10001 |train loss: 0.000 |p_recon loss: 0.000 |lr: 0.00005
[01/17/2025 18:58:40] {pretrain_model.py:207} INFO - Train loss at step 8400: 7.861986235646601e-12
[01/17/2025 18:58:41] {pretrain_model.py:214} INFO - New best loss: 7.443850223720627e-12 at step 8403
[01/17/2025 18:58:41] {pretrain_model.py:257} INFO - 8403 / 10001 |train loss: 0.000 |p_recon loss: 0.000 |lr: 0.00005
[01/17/2025 18:58:44] {pretrain_model.py:214} INFO - New best loss: 7.355891937232961e-12 at step 8421
[01/17/2025 18:58:44] {pretrain_model.py:257} INFO - 8421 / 10001 |train loss: 0.000 |p_recon loss: 0.000 |lr: 0.00005
[01/17/2025 18:58:45] {pretrain_model.py:214} INFO - New best loss: 7.349768363362763e-12 at step 8434
[01/17/2025 18:58:45] {pretrain_model.py:257} INFO - 8434 / 10001 |train loss: 0.000 |p_recon loss: 0.000 |lr: 0.00005
[01/17/2025 18:58:49] {pretrain_model.py:214} INFO - New best loss: 7.255211188772481e-12 at step 8457
[01/17/2025 18:58:49] {pretrain_model.py:257} INFO - 8457 / 10001 |train loss: 0.000 |p_recon loss: 0.000 |lr: 0.00005
[01/17/2025 18:58:53] {pretrain_model.py:214} INFO - New best loss: 7.157008492797434e-12 at step 8483
[01/17/2025 18:58:53] {pretrain_model.py:257} INFO - 8483 / 10001 |train loss: 0.000 |p_recon loss: 0.000 |lr: 0.00005
[01/17/2025 18:58:53] {pretrain_model.py:214} INFO - New best loss: 7.074177181543018e-12 at step 8489
[01/17/2025 18:58:53] {pretrain_model.py:257} INFO - 8489 / 10001 |train loss: 0.000 |p_recon loss: 0.000 |lr: 0.00005
[01/17/2025 18:58:55] {pretrain_model.py:207} INFO - Train loss at step 8500: 7.2160736587500995e-12
[01/17/2025 18:58:57] {pretrain_model.py:214} INFO - New best loss: 6.992505099251423e-12 at step 8514
[01/17/2025 18:58:57] {pretrain_model.py:257} INFO - 8514 / 10001 |train loss: 0.000 |p_recon loss: 0.000 |lr: 0.00005
[01/17/2025 18:58:58] {pretrain_model.py:214} INFO - New best loss: 6.9808399512372166e-12 at step 8521
[01/17/2025 18:58:58] {pretrain_model.py:257} INFO - 8521 / 10001 |train loss: 0.000 |p_recon loss: 0.000 |lr: 0.00005
[01/17/2025 18:59:00] {pretrain_model.py:214} INFO - New best loss: 6.932087282668364e-12 at step 8534
[01/17/2025 18:59:00] {pretrain_model.py:257} INFO - 8534 / 10001 |train loss: 0.000 |p_recon loss: 0.000 |lr: 0.00005
[01/17/2025 18:59:01] {pretrain_model.py:214} INFO - New best loss: 6.781122104809745e-12 at step 8545
[01/17/2025 18:59:01] {pretrain_model.py:257} INFO - 8545 / 10001 |train loss: 0.000 |p_recon loss: 0.000 |lr: 0.00005
[01/17/2025 18:59:06] {pretrain_model.py:214} INFO - New best loss: 6.707652228793437e-12 at step 8574
[01/17/2025 18:59:06] {pretrain_model.py:257} INFO - 8574 / 10001 |train loss: 0.000 |p_recon loss: 0.000 |lr: 0.00005
[01/17/2025 18:59:09] {pretrain_model.py:207} INFO - Train loss at step 8600: 6.8518172906262276e-12
[01/17/2025 18:59:10] {pretrain_model.py:214} INFO - New best loss: 6.626569085121936e-12 at step 8601
[01/17/2025 18:59:10] {pretrain_model.py:257} INFO - 8601 / 10001 |train loss: 0.000 |p_recon loss: 0.000 |lr: 0.00005
[01/17/2025 18:59:10] {pretrain_model.py:214} INFO - New best loss: 6.488254378211877e-12 at step 8603
[01/17/2025 18:59:10] {pretrain_model.py:257} INFO - 8603 / 10001 |train loss: 0.000 |p_recon loss: 0.000 |lr: 0.00005
[01/17/2025 18:59:12] {pretrain_model.py:214} INFO - New best loss: 6.417325872087876e-12 at step 8617
[01/17/2025 18:59:12] {pretrain_model.py:257} INFO - 8617 / 10001 |train loss: 0.000 |p_recon loss: 0.000 |lr: 0.00005
[01/17/2025 18:59:14] {pretrain_model.py:214} INFO - New best loss: 6.365749507381002e-12 at step 8630
[01/17/2025 18:59:14] {pretrain_model.py:257} INFO - 8630 / 10001 |train loss: 0.000 |p_recon loss: 0.000 |lr: 0.00005
[01/17/2025 18:59:21] {pretrain_model.py:214} INFO - New best loss: 6.311984355328315e-12 at step 8680
[01/17/2025 18:59:21] {pretrain_model.py:257} INFO - 8680 / 10001 |train loss: 0.000 |p_recon loss: 0.000 |lr: 0.00005
[01/17/2025 18:59:22] {pretrain_model.py:214} INFO - New best loss: 6.309596508463633e-12 at step 8686
[01/17/2025 18:59:22] {pretrain_model.py:257} INFO - 8686 / 10001 |train loss: 0.000 |p_recon loss: 0.000 |lr: 0.00005
[01/17/2025 18:59:23] {pretrain_model.py:214} INFO - New best loss: 6.308222607470659e-12 at step 8696
[01/17/2025 18:59:23] {pretrain_model.py:257} INFO - 8696 / 10001 |train loss: 0.000 |p_recon loss: 0.000 |lr: 0.00005
[01/17/2025 18:59:23] {pretrain_model.py:214} INFO - New best loss: 6.1689403585418745e-12 at step 8697
[01/17/2025 18:59:23] {pretrain_model.py:257} INFO - 8697 / 10001 |train loss: 0.000 |p_recon loss: 0.000 |lr: 0.00005
[01/17/2025 18:59:24] {pretrain_model.py:207} INFO - Train loss at step 8700: 6.5678309145444924e-12
[01/17/2025 18:59:28] {pretrain_model.py:214} INFO - New best loss: 6.1186789142297915e-12 at step 8728
[01/17/2025 18:59:28] {pretrain_model.py:257} INFO - 8728 / 10001 |train loss: 0.000 |p_recon loss: 0.000 |lr: 0.00005
[01/17/2025 18:59:29] {pretrain_model.py:214} INFO - New best loss: 6.10063041750486e-12 at step 8738
[01/17/2025 18:59:29] {pretrain_model.py:257} INFO - 8738 / 10001 |train loss: 0.000 |p_recon loss: 0.000 |lr: 0.00005
[01/17/2025 18:59:30] {pretrain_model.py:214} INFO - New best loss: 6.016350178467134e-12 at step 8745
[01/17/2025 18:59:30] {pretrain_model.py:257} INFO - 8745 / 10001 |train loss: 0.000 |p_recon loss: 0.000 |lr: 0.00005
[01/17/2025 18:59:32] {pretrain_model.py:214} INFO - New best loss: 5.7345248341555966e-12 at step 8759
[01/17/2025 18:59:32] {pretrain_model.py:257} INFO - 8759 / 10001 |train loss: 0.000 |p_recon loss: 0.000 |lr: 0.00005
[01/17/2025 18:59:38] {pretrain_model.py:207} INFO - Train loss at step 8800: 5.945503204346503e-12
[01/17/2025 18:59:40] {pretrain_model.py:214} INFO - New best loss: 5.529151355515571e-12 at step 8812
[01/17/2025 18:59:40] {pretrain_model.py:257} INFO - 8812 / 10001 |train loss: 0.000 |p_recon loss: 0.000 |lr: 0.00005
[01/17/2025 18:59:43] {pretrain_model.py:214} INFO - New best loss: 5.519688438954118e-12 at step 8834
[01/17/2025 18:59:43] {pretrain_model.py:257} INFO - 8834 / 10001 |train loss: 0.000 |p_recon loss: 0.000 |lr: 0.00005
[01/17/2025 18:59:47] {pretrain_model.py:214} INFO - New best loss: 5.45501057519493e-12 at step 8863
[01/17/2025 18:59:47] {pretrain_model.py:257} INFO - 8863 / 10001 |train loss: 0.000 |p_recon loss: 0.000 |lr: 0.00005
[01/17/2025 18:59:53] {pretrain_model.py:207} INFO - Train loss at step 8900: 5.532642486510975e-12
[01/17/2025 18:59:54] {pretrain_model.py:214} INFO - New best loss: 5.369016429362938e-12 at step 8910
[01/17/2025 18:59:54] {pretrain_model.py:257} INFO - 8910 / 10001 |train loss: 0.000 |p_recon loss: 0.000 |lr: 0.00005
[01/17/2025 18:59:55] {pretrain_model.py:214} INFO - New best loss: 5.34280866076875e-12 at step 8918
[01/17/2025 18:59:55] {pretrain_model.py:257} INFO - 8918 / 10001 |train loss: 0.000 |p_recon loss: 0.000 |lr: 0.00005
[01/17/2025 18:59:59] {pretrain_model.py:214} INFO - New best loss: 5.33837167179807e-12 at step 8946
[01/17/2025 18:59:59] {pretrain_model.py:257} INFO - 8946 / 10001 |train loss: 0.000 |p_recon loss: 0.000 |lr: 0.00005
[01/17/2025 19:00:00] {pretrain_model.py:214} INFO - New best loss: 5.309442122070074e-12 at step 8951
[01/17/2025 19:00:00] {pretrain_model.py:257} INFO - 8951 / 10001 |train loss: 0.000 |p_recon loss: 0.000 |lr: 0.00005
[01/17/2025 19:00:01] {pretrain_model.py:214} INFO - New best loss: 5.25365341508266e-12 at step 8958
[01/17/2025 19:00:01] {pretrain_model.py:257} INFO - 8958 / 10001 |train loss: 0.000 |p_recon loss: 0.000 |lr: 0.00005
[01/17/2025 19:00:01] {pretrain_model.py:214} INFO - New best loss: 5.20631411246586e-12 at step 8961
[01/17/2025 19:00:01] {pretrain_model.py:257} INFO - 8961 / 10001 |train loss: 0.000 |p_recon loss: 0.000 |lr: 0.00005
[01/17/2025 19:00:02] {pretrain_model.py:214} INFO - New best loss: 5.102676094159708e-12 at step 8966
[01/17/2025 19:00:02] {pretrain_model.py:257} INFO - 8966 / 10001 |train loss: 0.000 |p_recon loss: 0.000 |lr: 0.00005
[01/17/2025 19:00:02] {pretrain_model.py:214} INFO - New best loss: 5.076365109518699e-12 at step 8967
[01/17/2025 19:00:02] {pretrain_model.py:257} INFO - 8967 / 10001 |train loss: 0.000 |p_recon loss: 0.000 |lr: 0.00005
[01/17/2025 19:00:07] {pretrain_model.py:207} INFO - Train loss at step 9000: 5.237049509332348e-12
[01/17/2025 19:00:09] {pretrain_model.py:214} INFO - New best loss: 5.047213515185778e-12 at step 9014
[01/17/2025 19:00:09] {pretrain_model.py:257} INFO - 9014 / 10001 |train loss: 0.000 |p_recon loss: 0.000 |lr: 0.00005
[01/17/2025 19:00:10] {pretrain_model.py:214} INFO - New best loss: 4.975664845419114e-12 at step 9017
[01/17/2025 19:00:10] {pretrain_model.py:257} INFO - 9017 / 10001 |train loss: 0.000 |p_recon loss: 0.000 |lr: 0.00005
[01/17/2025 19:00:12] {pretrain_model.py:214} INFO - New best loss: 4.899487066056807e-12 at step 9037
[01/17/2025 19:00:12] {pretrain_model.py:257} INFO - 9037 / 10001 |train loss: 0.000 |p_recon loss: 0.000 |lr: 0.00005
[01/17/2025 19:00:13] {pretrain_model.py:214} INFO - New best loss: 4.832459953030277e-12 at step 9038
[01/17/2025 19:00:13] {pretrain_model.py:257} INFO - 9038 / 10001 |train loss: 0.000 |p_recon loss: 0.000 |lr: 0.00005
[01/17/2025 19:00:17] {pretrain_model.py:214} INFO - New best loss: 4.65870137605906e-12 at step 9066
[01/17/2025 19:00:17] {pretrain_model.py:257} INFO - 9066 / 10001 |train loss: 0.000 |p_recon loss: 0.000 |lr: 0.00005
[01/17/2025 19:00:21] {pretrain_model.py:207} INFO - Train loss at step 9100: 4.935914958009713e-12
[01/17/2025 19:00:26] {pretrain_model.py:214} INFO - New best loss: 4.654965215372675e-12 at step 9135
[01/17/2025 19:00:26] {pretrain_model.py:257} INFO - 9135 / 10001 |train loss: 0.000 |p_recon loss: 0.000 |lr: 0.00005
[01/17/2025 19:00:28] {pretrain_model.py:214} INFO - New best loss: 4.592038988643354e-12 at step 9145
[01/17/2025 19:00:28] {pretrain_model.py:257} INFO - 9145 / 10001 |train loss: 0.000 |p_recon loss: 0.000 |lr: 0.00005
[01/17/2025 19:00:29] {pretrain_model.py:214} INFO - New best loss: 4.466954150322833e-12 at step 9151
[01/17/2025 19:00:29] {pretrain_model.py:257} INFO - 9151 / 10001 |train loss: 0.000 |p_recon loss: 0.000 |lr: 0.00005
[01/17/2025 19:00:32] {pretrain_model.py:214} INFO - New best loss: 4.4617681944914e-12 at step 9172
[01/17/2025 19:00:32] {pretrain_model.py:257} INFO - 9172 / 10001 |train loss: 0.000 |p_recon loss: 0.000 |lr: 0.00005
[01/17/2025 19:00:35] {pretrain_model.py:214} INFO - New best loss: 4.335917475756235e-12 at step 9193
[01/17/2025 19:00:35] {pretrain_model.py:257} INFO - 9193 / 10001 |train loss: 0.000 |p_recon loss: 0.000 |lr: 0.00005
[01/17/2025 19:00:36] {pretrain_model.py:207} INFO - Train loss at step 9200: 4.484290976741745e-12
[01/17/2025 19:00:43] {pretrain_model.py:214} INFO - New best loss: 4.268660945550007e-12 at step 9247
[01/17/2025 19:00:43] {pretrain_model.py:257} INFO - 9247 / 10001 |train loss: 0.000 |p_recon loss: 0.000 |lr: 0.00005
[01/17/2025 19:00:43] {pretrain_model.py:214} INFO - New best loss: 4.250752961426629e-12 at step 9250
[01/17/2025 19:00:43] {pretrain_model.py:257} INFO - 9250 / 10001 |train loss: 0.000 |p_recon loss: 0.000 |lr: 0.00005
[01/17/2025 19:00:44] {pretrain_model.py:214} INFO - New best loss: 4.232812884918946e-12 at step 9256
[01/17/2025 19:00:44] {pretrain_model.py:257} INFO - 9256 / 10001 |train loss: 0.000 |p_recon loss: 0.000 |lr: 0.00005
[01/17/2025 19:00:47] {pretrain_model.py:214} INFO - New best loss: 4.1574695075485835e-12 at step 9278
[01/17/2025 19:00:47] {pretrain_model.py:257} INFO - 9278 / 10001 |train loss: 0.000 |p_recon loss: 0.000 |lr: 0.00005
[01/17/2025 19:00:50] {pretrain_model.py:207} INFO - Train loss at step 9300: 4.260733692945662e-12
[01/17/2025 19:00:53] {pretrain_model.py:214} INFO - New best loss: 4.1048852685021675e-12 at step 9315
[01/17/2025 19:00:53] {pretrain_model.py:257} INFO - 9315 / 10001 |train loss: 0.000 |p_recon loss: 0.000 |lr: 0.00005
[01/17/2025 19:00:53] {pretrain_model.py:214} INFO - New best loss: 3.982038657146525e-12 at step 9317
[01/17/2025 19:00:53] {pretrain_model.py:257} INFO - 9317 / 10001 |train loss: 0.000 |p_recon loss: 0.000 |lr: 0.00005
[01/17/2025 19:00:56] {pretrain_model.py:214} INFO - New best loss: 3.97408538369004e-12 at step 9340
[01/17/2025 19:00:56] {pretrain_model.py:257} INFO - 9340 / 10001 |train loss: 0.000 |p_recon loss: 0.000 |lr: 0.00005
[01/17/2025 19:00:59] {pretrain_model.py:214} INFO - New best loss: 3.966984293141129e-12 at step 9359
[01/17/2025 19:00:59] {pretrain_model.py:257} INFO - 9359 / 10001 |train loss: 0.000 |p_recon loss: 0.000 |lr: 0.00005
[01/17/2025 19:01:00] {pretrain_model.py:214} INFO - New best loss: 3.9349560936041694e-12 at step 9364
[01/17/2025 19:01:00] {pretrain_model.py:257} INFO - 9364 / 10001 |train loss: 0.000 |p_recon loss: 0.000 |lr: 0.00005
[01/17/2025 19:01:01] {pretrain_model.py:214} INFO - New best loss: 3.864955664539815e-12 at step 9373
[01/17/2025 19:01:01] {pretrain_model.py:257} INFO - 9373 / 10001 |train loss: 0.000 |p_recon loss: 0.000 |lr: 0.00005
[01/17/2025 19:01:04] {pretrain_model.py:214} INFO - New best loss: 3.864544968756878e-12 at step 9393
[01/17/2025 19:01:04] {pretrain_model.py:257} INFO - 9393 / 10001 |train loss: 0.000 |p_recon loss: 0.000 |lr: 0.00005
[01/17/2025 19:01:04] {pretrain_model.py:214} INFO - New best loss: 3.85025908725134e-12 at step 9397
[01/17/2025 19:01:04] {pretrain_model.py:257} INFO - 9397 / 10001 |train loss: 0.000 |p_recon loss: 0.000 |lr: 0.00005
[01/17/2025 19:01:05] {pretrain_model.py:207} INFO - Train loss at step 9400: 3.96400880869896e-12
[01/17/2025 19:01:06] {pretrain_model.py:214} INFO - New best loss: 3.8418370047754724e-12 at step 9405
[01/17/2025 19:01:06] {pretrain_model.py:257} INFO - 9405 / 10001 |train loss: 0.000 |p_recon loss: 0.000 |lr: 0.00005
[01/17/2025 19:01:06] {pretrain_model.py:214} INFO - New best loss: 3.792506239608251e-12 at step 9408
[01/17/2025 19:01:06] {pretrain_model.py:257} INFO - 9408 / 10001 |train loss: 0.000 |p_recon loss: 0.000 |lr: 0.00005
[01/17/2025 19:01:09] {pretrain_model.py:214} INFO - New best loss: 3.693118293818243e-12 at step 9426
[01/17/2025 19:01:09] {pretrain_model.py:257} INFO - 9426 / 10001 |train loss: 0.000 |p_recon loss: 0.000 |lr: 0.00005
[01/17/2025 19:01:17] {pretrain_model.py:214} INFO - New best loss: 3.6353741197925338e-12 at step 9483
[01/17/2025 19:01:17] {pretrain_model.py:257} INFO - 9483 / 10001 |train loss: 0.000 |p_recon loss: 0.000 |lr: 0.00005
[01/17/2025 19:01:18] {pretrain_model.py:214} INFO - New best loss: 3.632770083014658e-12 at step 9490
[01/17/2025 19:01:18] {pretrain_model.py:257} INFO - 9490 / 10001 |train loss: 0.000 |p_recon loss: 0.000 |lr: 0.00005
[01/17/2025 19:01:19] {pretrain_model.py:214} INFO - New best loss: 3.6097125722528434e-12 at step 9498
[01/17/2025 19:01:19] {pretrain_model.py:257} INFO - 9498 / 10001 |train loss: 0.000 |p_recon loss: 0.000 |lr: 0.00005
[01/17/2025 19:01:19] {pretrain_model.py:207} INFO - Train loss at step 9500: 3.725402798748778e-12
[01/17/2025 19:01:20] {pretrain_model.py:214} INFO - New best loss: 3.5686930840994613e-12 at step 9503
[01/17/2025 19:01:20] {pretrain_model.py:257} INFO - 9503 / 10001 |train loss: 0.000 |p_recon loss: 0.000 |lr: 0.00005
[01/17/2025 19:01:25] {pretrain_model.py:214} INFO - New best loss: 3.4802874557954278e-12 at step 9537
[01/17/2025 19:01:25] {pretrain_model.py:257} INFO - 9537 / 10001 |train loss: 0.000 |p_recon loss: 0.000 |lr: 0.00005
[01/17/2025 19:01:25] {pretrain_model.py:214} INFO - New best loss: 3.4765415372894903e-12 at step 9538
[01/17/2025 19:01:25] {pretrain_model.py:257} INFO - 9538 / 10001 |train loss: 0.000 |p_recon loss: 0.000 |lr: 0.00005
[01/17/2025 19:01:31] {pretrain_model.py:214} INFO - New best loss: 3.4702173860173824e-12 at step 9583
[01/17/2025 19:01:31] {pretrain_model.py:257} INFO - 9583 / 10001 |train loss: 0.000 |p_recon loss: 0.000 |lr: 0.00005
[01/17/2025 19:01:32] {pretrain_model.py:214} INFO - New best loss: 3.35775352834633e-12 at step 9589
[01/17/2025 19:01:32] {pretrain_model.py:257} INFO - 9589 / 10001 |train loss: 0.000 |p_recon loss: 0.000 |lr: 0.00005
[01/17/2025 19:01:34] {pretrain_model.py:207} INFO - Train loss at step 9600: 3.5360106769716237e-12
[01/17/2025 19:01:35] {pretrain_model.py:214} INFO - New best loss: 3.273605561973647e-12 at step 9609
[01/17/2025 19:01:35] {pretrain_model.py:257} INFO - 9609 / 10001 |train loss: 0.000 |p_recon loss: 0.000 |lr: 0.00005
[01/17/2025 19:01:44] {pretrain_model.py:214} INFO - New best loss: 3.220513482629639e-12 at step 9674
[01/17/2025 19:01:44] {pretrain_model.py:257} INFO - 9674 / 10001 |train loss: 0.000 |p_recon loss: 0.000 |lr: 0.00005
[01/17/2025 19:01:47] {pretrain_model.py:214} INFO - New best loss: 3.1581881207443097e-12 at step 9694
[01/17/2025 19:01:47] {pretrain_model.py:257} INFO - 9694 / 10001 |train loss: 0.000 |p_recon loss: 0.000 |lr: 0.00005
[01/17/2025 19:01:48] {pretrain_model.py:207} INFO - Train loss at step 9700: 3.17274895592079e-12
[01/17/2025 19:01:50] {pretrain_model.py:214} INFO - New best loss: 3.151592268407777e-12 at step 9711
[01/17/2025 19:01:50] {pretrain_model.py:257} INFO - 9711 / 10001 |train loss: 0.000 |p_recon loss: 0.000 |lr: 0.00005
[01/17/2025 19:01:53] {pretrain_model.py:214} INFO - New best loss: 3.0970464907909e-12 at step 9735
[01/17/2025 19:01:53] {pretrain_model.py:257} INFO - 9735 / 10001 |train loss: 0.000 |p_recon loss: 0.000 |lr: 0.00005
[01/17/2025 19:01:55] {pretrain_model.py:214} INFO - New best loss: 3.0253310707301084e-12 at step 9748
[01/17/2025 19:01:55] {pretrain_model.py:257} INFO - 9748 / 10001 |train loss: 0.000 |p_recon loss: 0.000 |lr: 0.00005
[01/17/2025 19:01:59] {pretrain_model.py:214} INFO - New best loss: 3.023067473434393e-12 at step 9775
[01/17/2025 19:01:59] {pretrain_model.py:257} INFO - 9775 / 10001 |train loss: 0.000 |p_recon loss: 0.000 |lr: 0.00005
[01/17/2025 19:02:02] {pretrain_model.py:214} INFO - New best loss: 2.994320720192678e-12 at step 9792
[01/17/2025 19:02:02] {pretrain_model.py:257} INFO - 9792 / 10001 |train loss: 0.000 |p_recon loss: 0.000 |lr: 0.00005
[01/17/2025 19:02:03] {pretrain_model.py:207} INFO - Train loss at step 9800: 3.0003785914112235e-12
[01/17/2025 19:02:03] {pretrain_model.py:214} INFO - New best loss: 2.922942270167095e-12 at step 9804
[01/17/2025 19:02:03] {pretrain_model.py:257} INFO - 9804 / 10001 |train loss: 0.000 |p_recon loss: 0.000 |lr: 0.00005
[01/17/2025 19:02:07] {pretrain_model.py:214} INFO - New best loss: 2.8942534133213904e-12 at step 9827
[01/17/2025 19:02:07] {pretrain_model.py:257} INFO - 9827 / 10001 |train loss: 0.000 |p_recon loss: 0.000 |lr: 0.00005
[01/17/2025 19:02:09] {pretrain_model.py:214} INFO - New best loss: 2.891514718633692e-12 at step 9847
[01/17/2025 19:02:09] {pretrain_model.py:257} INFO - 9847 / 10001 |train loss: 0.000 |p_recon loss: 0.000 |lr: 0.00005
[01/17/2025 19:02:11] {pretrain_model.py:214} INFO - New best loss: 2.8705573074799817e-12 at step 9855
[01/17/2025 19:02:11] {pretrain_model.py:257} INFO - 9855 / 10001 |train loss: 0.000 |p_recon loss: 0.000 |lr: 0.00005
[01/17/2025 19:02:14] {pretrain_model.py:214} INFO - New best loss: 2.86773165977805e-12 at step 9880
[01/17/2025 19:02:14] {pretrain_model.py:257} INFO - 9880 / 10001 |train loss: 0.000 |p_recon loss: 0.000 |lr: 0.00005
[01/17/2025 19:02:15] {pretrain_model.py:214} INFO - New best loss: 2.849921253850196e-12 at step 9888
[01/17/2025 19:02:15] {pretrain_model.py:257} INFO - 9888 / 10001 |train loss: 0.000 |p_recon loss: 0.000 |lr: 0.00005
[01/17/2025 19:02:16] {pretrain_model.py:214} INFO - New best loss: 2.8412051357451507e-12 at step 9890
[01/17/2025 19:02:16] {pretrain_model.py:257} INFO - 9890 / 10001 |train loss: 0.000 |p_recon loss: 0.000 |lr: 0.00005
[01/17/2025 19:02:16] {pretrain_model.py:214} INFO - New best loss: 2.822846990879757e-12 at step 9894
[01/17/2025 19:02:16] {pretrain_model.py:257} INFO - 9894 / 10001 |train loss: 0.000 |p_recon loss: 0.000 |lr: 0.00005
[01/17/2025 19:02:16] {pretrain_model.py:214} INFO - New best loss: 2.8132138545772234e-12 at step 9895
[01/17/2025 19:02:16] {pretrain_model.py:257} INFO - 9895 / 10001 |train loss: 0.000 |p_recon loss: 0.000 |lr: 0.00005
[01/17/2025 19:02:17] {pretrain_model.py:207} INFO - Train loss at step 9900: 2.9425218772000106e-12
[01/17/2025 19:02:18] {pretrain_model.py:214} INFO - New best loss: 2.7670624038605984e-12 at step 9905
[01/17/2025 19:02:18] {pretrain_model.py:257} INFO - 9905 / 10001 |train loss: 0.000 |p_recon loss: 0.000 |lr: 0.00005
[01/17/2025 19:02:18] {pretrain_model.py:214} INFO - New best loss: 2.763606184175149e-12 at step 9907
[01/17/2025 19:02:18] {pretrain_model.py:257} INFO - 9907 / 10001 |train loss: 0.000 |p_recon loss: 0.000 |lr: 0.00005
[01/17/2025 19:02:19] {pretrain_model.py:214} INFO - New best loss: 2.7215233105309933e-12 at step 9914
[01/17/2025 19:02:19] {pretrain_model.py:257} INFO - 9914 / 10001 |train loss: 0.000 |p_recon loss: 0.000 |lr: 0.00005
[01/17/2025 19:02:21] {pretrain_model.py:214} INFO - New best loss: 2.6996814072449693e-12 at step 9926
[01/17/2025 19:02:21] {pretrain_model.py:257} INFO - 9926 / 10001 |train loss: 0.000 |p_recon loss: 0.000 |lr: 0.00005
[01/17/2025 19:02:22] {pretrain_model.py:214} INFO - New best loss: 2.6004641148769103e-12 at step 9933
[01/17/2025 19:02:22] {pretrain_model.py:257} INFO - 9933 / 10001 |train loss: 0.000 |p_recon loss: 0.000 |lr: 0.00005
[01/17/2025 19:02:32] {pretrain_model.py:207} INFO - Train loss at step 10000: 2.712747127625592e-12
[01/17/2025 19:02:32] {pretrain_model.py:408} INFO - Successfully finished training
