381
40
31
2141
374
2606
25123
3162
60491
46
458
6765
2398
7396
24833
358
392
28065
19551
2399
3
322
57
539
25790
315
353
3242
325
409
20843
410
303
408
20194
170
2932
20687
13744
39
28366
95
43
354
3877
29323
50
3161
404
28353
19535
5109
406
342
73
28150
49457
27260
19584
19537
3392
27231
16993
66
488
49634
357
19475
19559
380
24829
370
20838
368
595
91530
25925
52
70
21
17792
19510
27254
91495
23655
505
5797
3493
19736
52120
61657
123758
27877
20626
67
27644
42888
60541
9213
26372
20096
97591
402
3408
64201
398
63
334
228
557
2883
7395
300
26745
2886
1097
26820
28157
813
49334
54812
24830
3938
349
69
19509
19751
3889
779
3393
25064
92255
29830
6760
112963
729
17715
607
415
27689
346
45
350
52395
21517
12035
416
7246
7594
17651
43285
19833
26787
68836
339
27670
75
29265
6761
71708
20839
2362
71706
237
58369
55373
693
31861
7393
20417
75725
50901
49520
27672
2527
579
19555
394
19692
387
72
2973
29517
27745
3164
29686
355
7561
19757
223
7441
13889
6787
11106
30734
29716
29293
19836
7337
42
580
432
16921
11115
53
188455
2297
3935
6855
25703
64
550
3511
60535
329
366
5805
19492
7376
7519
143470
177920
19468
22
3885
19528
419
19569
42874
48
250
26631
3240
487
21258
2889
86
6299
19686
76
17613
3876
48709
376
6770
19370
530
19566
31802
27850
92982
7814
3243
29321
399
3410
26329
37
3915
56446
480
7180
19511
19777
27673
3250
3273
25145
91485
6332
7391
19704
296
64698
7102
7806
54757
1030
29895
7592
20208
20155
19372
7434
734
318
29785
22435
6813
26783
26797
43078
26869
92073
19486
471
26777
30687
7712
9726
61
75892
54810
2224
51
533
7821
523
7351
453
582
19401
36769
20237
27373
27723
5812
20712
42906
60534
2989
19792
20862
27640
5790
364
31843
19942
430
23118
27936
23122
32395
96
37538
52291
62
19950
78
477
29685
64194
7819
2921
19926
6777
3584
363
42939
20758
7501
301
58
22374
3947
92708
395
20875
459
27669
61192
26776
1544
19738
6782
7675
14135
43280
27249
7356
4373
314
26632
3420
7368
65326
19580
27641
55409
3602
20760
20781
25926
7389
20214
19665
6803
30691
16994
19680
72026
20623
19500
1776
1599
565
499
57860
3510
323
14007
69017
5801
192
42992
223673
19837
19698
92311
20902
3562
7286
253
662
659
19518
1748
517
359
6810
55266
6784
3946
26941
54761
71041
7954
20790
20634
19712
29842
20826
3271
7179
16913
22085
24939
3270
19541
1042
188454
174026
10316
226
3258
49770
420
19449
7818
52285
49408
19658
306
28138
71136
28393
17619
117
71185
19957
372
13003
20347
8134
7183
19781
428
91
27274
70530
705
356
23
24545
26384
749
21344
64166
20583
6509
49418
7358
25074
629
70020
20120
26595
31593
20170
6811
25180
70745
25069
28345
79
29692
20649
19397
49451
27876
3421
740
20272
42878
64494
17832
407
19744
3314
7458
3283
6789
19772
7858
16938
20833
460
28055
68709
19883
784
9943
150977
70819
7382
20500
4125
20858
39852
1990
2583
396
58166
3176
295
92244
10718
19433
92046
369
65327
213251
49411
27072
203
236
3052
20782
64129
11894
7390
767
3434
26513
1361
16705
336
75863
57929
161651
44291
509
19765
6347
455
39936
26935
417
3083
6774
149997
19419
1688
313
19672
28252
20814
95352
7346
42875
880
130960
20797
58699
29320
174158
11305
19643
7476
95832
42901
26365
21727
83
7900
3276
20692
28476
20742
47796
2363
26487
150654
29421
3180
84325
20735
117390
43118
3415
48756
4196
71985
53316
27678
91436
1538
1227
3425
19708
3936
1013
16917
92984
27643
25232
25075
54762
61653
19418
20395
19678
20653
75213
750
29612
140445
448
3278
7567
822
27255
54760
21857
20446
20494
26793
20635
24725
30491
49430
1777
97425
49739
28143
37831
47809
32011
19520
55101
139549
19453
16998
20713
20847
20728
132954
20577
22714
109061
2931
53118
696
24778
29837
26493
71975
546
96244
96968
49497
821
93877
401
3297
20508
760
43152
92230
92958
7962
55102
179384
19621
20730
7643
20331
57884
7470
150974
65647
3272
25227
26800
19568
20765
972
19516
43077
65
43832
54775
49758
12187
27410
65324
17
71751
25188
54622
154
439
97326
121167
39736
145293
19571
49419
64111
42856
7609
2894
174233
24693
3412
23910
48645
658
64109
42841
92968
16708
96180
71092
19483
60991
627
27321
94035
7540
20769
256
5778
27658
19564
20705
20659
70909
26747
8612
20717
27637
49437
17805
5788
609
7997
37883
221531
6818
91501
159491
19857
19625
7618
42923
743
3933
9034
26867
20750
8805
19437
26858
534
27300
29878
60977
210584
347
7473
19467
49583
28295
332
16614
26633
7975
25224
18948
217
27390
60987
68
29258
57851
3087
7638
2743
91143
8022
3277
92976
91879
19408
20640
14097
43005
27322
20681
3903
31277
571
92227
53090
1604
22255
49512
16915
20624
92075
507
84
26383
528
29788
3287
184
71341
55562
49496
42943
27403
152640
3298
71755
3241
10222
7663
32067
20805
20740
57926
20818
16672
19939
31393
7381
7542
42897
213249
29816
20637
64718
3565
64501
121101
1496
92188
7392
3195
27235
38
108776
20700
149310
310
19874
2513
7104
2622
49463
3921
26414
150010
494
44
6339
49504
30448
20856
17598
109844
18453
20504
400
49655
1938
19434
27652
20498
60940
20643
20707
27312
91215
1849
85
3970
26866
37835
71095
52282
71750
1169
24880
49515
3514
8896
20503
2018
2945
20596
7490
2349
204
19540
29804
8227
20708
151
4260
49461
542
1073
70917
27099
33603
3223
29662
16717
28056
383
13641
19968
64454
152230
58108
19440
3599
3949
95159
91898
28024
30186
46283
65541
25220
40544
11984
20650
69004
38067
27066
91224
255
320
33368
91087
21730
64696
3214
27394
19750
49628
175
27921
3449
145389
20679
20825
19943
27930
92971
55
2780
7439
7371
20379
188602
23513
16916
57863
54986
61189
27932
41555
2596
27995
20657
20789
1072
43842
7545
63951
41641
19684
20851
77
27691
69483
83238
95360
304
47623
29839
19386
91909
7668
29225
677
20719
27692
27904
64120
606
7730
149081
475
23895
17836
20501
27698
68796
27639
21097
49333
1295
286837
338
72016
31285
7751
3248
68782
20664
42910
37597
27406
29921
3116
19801
25157
11665
19756
59733
2351
74301
20082
71737
27065
35533
495
71377
16627
46291
1976
55269
195207
7986
24933
6759
49505
55260
91013
21047
19814
28058
31839
91338
7823
57706
118459
17533
20699
6758
979
27063
3232
20809
27062
3987
79709
26127
19410
20630
26452
150678
25216
3552
20530
72190
35
92975
795
10711
219051
3300
20857
348
64462
953
7442
64102
49608
71426
49630
7839
41072
71166
59752
16654
26448
11888
7835
2884
7345
326
92213
92404
64843
26518
4138
4113
54887
64504
108594
42881
71576
42864
173981
50935
49421
147435
157064
145393
43001
64487
71653
131059
71780
123147
30242
221693
54763
71805
112528
97
75100
58123
52944
241761
68886
6762
50897
54944
13092
158667
70732
42844
121169
151704
42907
58114
75273
151216
54758
136645
64468
151068
30443
1773
141541
151870
185777
57861
71665
70927
140779
71621
42903
42862
47628
3173
68860
64502
64446
43243
351
59077
64110
70897
845
68833
121092
49410
152010
71740
2148
3209
64687
572
155800
19438
71033
53317
70889
42859
151728
134663
139327
64448
51631
2508
64505
2892
570
258976
150063
1774
65646
54898
27418
9127
49673
58104
68998
258985
64695
2118
64897
63786
65032
54608
49460
29737
121112
45606
20644
64167
248613
121121
25917
6350
160392
70888
65548
27416
149312
64476
60536
20796
7416
68893
17028
31412
57859
9812
47338
151080
268371
144845
31413
19469
120642
1781
7817
249938
55367
59121
2968
96852
148183
49584
3503
210550
49022
4171
66685
12919
43282
54771
41288
266998
40263
20528
2887
224
675
71253
605
75153
19951
59732
64488
64526
3299
2935
62635
33957
174023
150681
64658
27399
143800
64491
17285
117451
31562
59584
64152
71497
1002
42890
2434
71610
154438
481
144612
50900
27401
49495
72059
43275
58110
202509
388
42597
4256
42911
123142
71359
160
153745
64466
71501
42919
263085
58379
224618
71668
260407
147426
91880
132993
47354
151871
20807
71667
39849
20282
121494
212385
71595
11620
29687
1737
63952
223650
36765
147424
42860
17076
1717
123667
2775
64711
132870
161390
185823
71786
93127
131122
43081
24030
91345
140467
19393
761
49675
70914
58669
21260
68887
184937
92297
64801
130970
207
188462
68852
185930
57855
52987
42909
42884
1948
42854
2942
71516
184679
1930
22048
42842
76503
154450
71255
96022
4321
19941
33049
70581
118502
71022
20670
206151
62638
131048
68799
132939
54258
64481
18474
129674
426
20267
92400
19769
64822
91146
71465
31330
75139
42883
71233
20841
42834
145379
1744
70984
20675
62633
2483
24947
84219
36401
237237
117362
27172
763
138926
70895
246108
70844
268807
1786
64739
28023
69227
64830
71167
20669
64550
163209
79474
31260
153952
64126
65666
26690
185793
173986
24922
149
121011
55104
71620
92410
8800
145229
206489
95356
17318
71360
42914
70959
68849
133031
228479
89687
25030
16973
11398
223678
121582
71791
6812
23946
54877
124213
92247
3231
121089
11996
71267
64115
58106
71266
20688
59173
43868
97334
26591
121116
64824
92194
11495
3130
49676
47671
49452
248401
37536
1568
177772
157153
6815
43062
92627
55142
70904
49872
421
56467
97140
57874
64145
91266
31187
71222
20773
25183
50898
11647
71678
1771
26868
27699
52219
149913
19944
68997
97178
70832
37648
19436
68784
130917
64483
24964
71210
135848
59
148627
71660
75286
5796
70997
71003
92980
95680
29841
95302
1996
42937
240048
28302
20706
30572
121822
71104
91151
68894
34714
112957
30722
49424
258
331935
65642
92219
70903
1
70808
58101
20792
42847
97174
20714
212438
95070
148927
49623
42879
114317
10172
20824
64725
20652
20801
91098
59122
64182
159752
20844
97333
64155
29115
74780
94167
7386
139968
43822
3547
69011
49443
19298
318821
21701
57854
94818
91492
31703
269229
103521
25068
71322
42876
164465
20695
219447
71707
52301
20849
123724
42995
55268
2342
7635
60540
19679
20778
65325
26512
70842
74911
71226
26060
139201
91206
918
64112
377
71840
66674
27793
71517
121120
303801
335852
42895
117442
41551
150021
1852
1487
52351
25223
68868
27602
19946
64536
3037
59580
205
26687
75275
64509
150675
2839
92405
26530
64216
26537
64664
3416
41090
736
3750
71594
227996
54883
10563
42918
29907
3964
139177
8375
71310
142600
71303
102643
95350
49731
20646
117552
64186
20693
91988
512
25071
58364
27638
30675
64724
19530
4633
6834
17078
93557
346572
45666
19787
31596
91085
133052
65645
64471
119970
70816
281393
418
92364
26564
20722
93815
61031
19630
71234
91201
134679
64143
19670
121772
259435
2400
68995
20737
64456
134607
223724
20861
1810
92845
58111
54750
92592
2778
52988
20721
71963
43323
52220
91462
27334
150571
64498
7582
20680
55144
71956
60492
20345
20788
19514
40824
42949
32009
17793
20531
71753
60992
6768
91066
20757
50847
19768
118709
29831
93119
20641
173989
3884
64117
92603
31268
14629
134807
134623
20080
57980
6963
12108
19886
1310
134763
59664
27934
125974
269910
75738
156771
71238
20819
70810
151755
157117
219
42904
70835
21535
1929
70851
29652
60951
97560
147425
42887
64445
13996
27958
3080
108905
71460
7278
43126
27801
7410
20867
64699
3115
186048
27253
64552
19701
31692
120184
33480
47813
101585
60950
1133
64730
260126
71630
20678
99156
119969
46992
9642
2243
162306
55145
163176
92049
19778
9596
3419
91444
6814
42913
97210
17178
52244
72008
2402
121043
92195
64572
24861
42894
75780
70954
42872
31655
49730
22774
68831
75123
373
20827
32065
24940
10253
61187
75509
41
71283
70862
6309
64496
64174
121201
113638
157405
6330
119462
54881
27071
139182
24944
950
51762
42922
49582
63953
17590
64463
91499
147388
425
7991
42951
7874
5833
50812
43041
70843
17835
26510
10014
24942
49726
129550
97158
29093
97568
66326
151876
16928
212876
20741
70978
74975
65654
96720
673
139099
5831
64459
71577
131110
11619
3519
92628
71079
97342
148727
136624
7822
57930
612
64729
71693
27696
89682
28319
52815
27302
20114
174422
70872
20834
24652
26855
60544
144853
24960
103467
2304
92798
91250
42941
52209
35442
19628
47687
61514
202039
95359
178518
94255
155661
20391
185814
11925
121040
152227
47685
49519
20655
64147
2412
42868
2458
121018
48113
27761
64833
44456
141490
308
504
71048
4261
20846
23303
140778
20734
22602
19041
20509
19824
7924
55257
59542
1866
65559
203082
2056
16996
6351
162839
23242
99443
7520
136627
71237
118104
152229
37891
133011
71398
151709
150037
25129
149071
42924
56215
25196
71534
96951
136985
8550
301442
3505
7388
1675
196
139218
28020
71239
64525
64716
7177
64226
212873
97123
64692
92819
147494
136908
42873
16942
20252
47716
121010
20820
241730
64527
27953
3075
42858
62628
45472
60969
6771
19652
71553
147419
213226
129773
270222
2054
20783
26684
74903
97271
64116
103
3168
92409
70833
1879
2516
113471
22869
71482
19958
206211
71137
20724
11524
55106
24032
318702
91112
12509
19961
131031
210310
345866
92084
43065
25127
815
264433
155879
20830
235372
74899
91231
20689
54984
31385
1387
8093
71644
3448
70590
121591
55497
136641
68289
54889
735
2303
552
28899
19761
164520
64286
129068
14117
25072
71274
49725
340916
54770
64553
41238
274742
174441
241728
68999
20798
98091
68900
56663
123085
7551
302194
43286
65651
30802
54774
134722
71496
121028
92581
19638
117348
139199
64138
152926
75746
30235
54879
121552
20642
157962
44000
1614
241732
24941
25789
281390
49601
71520
19416
71712
434
228721
146001
31783
20696
70815
2944
268378
53266
70869
93749
21976
143796
60946
215368
113318
155660
91038
57978
218923
20238
561
852
185821
6779
43149
262727
33636
64225
3453
100578
9181
58107
10485
64175
3227
257112
157023
95516
92636
150186
60990
7385
714
64457
19954
19545
44441
17602
3424
62678
7890
49398
3247
29712
16697
698
16800
142107
3321
149969
97213
19464
7426
19715
133030
96962
7199
189535
106
7670
150568
91063
14051
299368
2296
93116
17820
7350
7301
20141
42848
76025
16696
361
112920
19766
27697
281394
23188
49521
31728
7198
52210
135006
19760
16718
2498
19463
103275
99441
92619
140
39927
384
151205
20113
94567
19747
117360
98
16940
631
228728
3267
6920
8061
19303
49426
24632
49414
48109
40411
46325
6162
24317
31406
134634
3370
93810
92639
17826
5808
49513
299430
27929
20612
130885
131482
441
66488
7224
26790
868
28004
299415
7347
141577
7645
47686
19702
60943
91148
10579
3942
454
6266
27367
68994
19966
132944
19344
12112
98010
134635
28250
27671
152631
91100
133073
49436
69562
153071
117352
7406
160802
22783
114889
53461
94058
19398
317
27350
58100
206208
269896
721
19448
49734
23896
14077
7864
7709
100483
7475
31276
66650
445
120024
160686
2394
44950
112571
91218
7744
53471
96961
241742
769
20581
555
281391
8904
25113
255010
49741
3647
365
101888
614
60303
27959
7433
8902
26857
49740
8417
2417
28287
1708
8094
92235
27027
536
257
7440
7696
96089
596
702
7764
3922
66491
13973
184380
91031
102522
213354
28663
258962
302031
134656
19563
64828
4163
152245
95600
26757
94153
53450
10818
665
55386
19570
99451
49529
132938
91141
102747
17931
22470
27206
19572
50050
49415
27276
17160
589
40353
94658
82
94572
16629
318847
134691
124928
49409
134674
57982
60931
2039
50932
20995
97228
97181
134329
96976
91075
3917
17875
65543
49316
104620
71113
9877
7456
27329
134642
151412
470803
237004
344414
271
141542
304988
49445
318736
13870
230893
19546
59648
68861
311
27408
29018
49671
212409
125992
2344
20274
100473
152022
7837
227
526
19653
19695
134628
240975
4290
206129
24766
7624
26827
1345
31808
96935
243
1869
7552
51722
27097
24453
74
68962
248607
2144
545
17963
27661
21649
26844
21197
135236
92508
17743
241739
7344
318804
3976
198302
16621
144834
93997
58003
49508
62605
268609
75377
218970
58147
248759
3676
19659
3386
75832
2916
21662
14604
17604
6847
227346
7664
27311
58131
27646
248628
5786
59544
19969
39855
52483
266363
68996
210150
55452
2241
31545
69001
217185
55388
576
119975
118573
92117
157761
18987
26492
26686
179001
25414
206207
160883
27381
2747
26833
27176
119997
19604
20808
302202
27693
25178
92961
2355
5845
264188
91204
58163
10202
70818
209731
48522
92150
3977
13390
19359
17592
47453
264786
91365
7565
237011
91463
3895
22426
147600
37813
61631
31400
99312
30335
120529
27049
3955
47805
58266
49456
20168
143808
25164
121
134647
6778
4040
3275
134757
559
140767
94424
103328
48547
92969
64217
145399
40530
99175
20277
13425
120180
20720
69086
21336
3430
31407
93158
157125
58149
53642
29492
24956
47328
7550
298617
91962
436
19456
96600
27272
112550
17822
26410
91908
116
97162
49526
346576
96792
49737
346569
5795
49742
21364
64224
92061
27227
47561
3957
22694
76511
92411
1872
259465
7421
3274
7570
4587
119494
48664
91199
75879
319
28321
7380
74534
27642
26798
59150
281416
41539
3989
135299
84458
27873
53629
263
273093
7313
2347
240422
19710
132940
3520
96007
134651
2734
26567
49422
19748
91118
132979
56685
777
92145
119567
18858
129755
70513
92254
118500
65162
151217
1296
220199
75798
134606
228714
42889
97057
212227
739
53567
155028
119560
20709
133104
64714
23733
131434
27887
22843
145476
50892
8000
238272
405167
71
3614
26927
122055
103520
173984
148
16951
24897
307452
7825
49423
267019
5815
97221
7972
145395
51273
485
16839
163075
8021
222126
47610
16628
2067
91435
69012
47625
55750
161848
271639
2904
269920
6757
123139
3216
14256
816
17796
21542
300165
135281
68863
19362
19334
61026
173992
22650
157957
2964
240028
7328
49618
74615
6877
99447
346584
85643
2306
20683
29399
93121
27945
318803
7831
2073
149051
520
136733
5809
150692
140811
3667
67585
23427
90931
30419
64191
318832
347357
24180
92778
101865
134844
1406
77115
139809
143704
3169
71748
215335
29727
143336
71077
2984
120578
451
125914
50893
135295
6766
57995
3165
65542
135887
1873
19682
135286
67201
97769
30535
7642
28079
49407
133700
202506
22744
109352
28475
91200
19263
145143
53457
30727
340
101201
19502
19526
7454
19329
49901
91095
45185
249761
19732
12987
52877
697
135325
730
274439
95589
60978
27055
30638
92758
136677
134728
27375
600
19725
7369
20462
173
136620
53152
178487
43047
209683
10603
26788
52245
103372
518
68286
1443
134653
7291
50182
277497
249
139220
7187
20536
19429
28292
20764
134774
7379
75907
7998
59184
731
72293
156966
7506
7627
264432
281039
21048
239800
29418
301445
17696
29691
304813
8234
184032
97176
258204
76190
255230
3166
97134
7265
527
238172
20020
8254
154446
24838
92313
30230
8024
8136
74596
69034
8008
71153
188904
20754
104165
56634
91205
348412
318719
6822
208575
76496
188323
212380
24927
28285
49404
154447
141551
60
27808
43054
95641
8060
241731
753
58122
20529
12670
134743
26924
91077
188355
225576
78959
26381
20579
134637
134730
49511
140773
50884
2298
227355
55109
48736
91395
121399
28790
26710
144848
7112
26628
1824
6508
49473
593
69000
1770
2352
43305
21349
52989
27109
65545
72014
24959
217976
38278
12893
7543
69082
47630
2938
4062
17984
7873
29522
8019
144698
7665
129783
160305
178226
92593
29352
162672
270012
318766
96862
134672
133264
156948
164527
25040
51768
20677
132937
38897
21834
318708
212582
135421
4091
48792
90912
40266
221539
74303
216005
67058
95059
72167
96876
89
20603
101873
27035
71082
7107
351775
50966
151200
188379
524
96992
20698
173983
27744
7679
2071
210147
1037
5785
99457
297
125816
74818
346574
145550
287089
56563
60030
49796
19667
104006
23564
53804
26629
160483
70589
154293
94591
27981
121600
4069
37616
32540
75226
14030
20631
76130
20945
6799
301788
43374
27690
39968
26494
51496
259189
207640
259543
24385
3413
423
57881
29840
25208
21710
95535
92796
248757
8012
152031
119513
68780
43267
49853
6868
7914
259501
64458
67316
1769
71769
62761
20672
49506
53473
151411
299733
116183
145897
83588
71752
128102
8029
27226
28508
120465
101831
71676
128198
64158
222630
59551
510
170203
70852
2353
65650
3485
34690
49653
7593
12842
99146
186968
57984
95332
43008
135424
53589
346586
136138
27978
43205
117363
23778
71351
145279
53493
3958
20763
210138
49494
30216
84320
92099
95478
30209
27252
20024
121626
121500
238203
91910
17181
91974
17910
134703
934
235899
117461
19706
93114
3526
301967
96980
128143
120089
19677
301789
24560
348435
286210
7517
123662
7516
30695
99336
19330
161874
91431
2463
145754
56787
94579
109220
362
119482
258960
19506
1430
29212
21774
7633
503
95412
3446
19487
71134
68272
621
246585
99
120626
27129
101525
139189
7605
49895
131098
116376
64140
39951
3612
48733
97407
2920
20752
148820
123089
405
19610
19830
25171
123665
225549
24628
104024
49748
222314
146810
24167
9764
49875
965
13385
20499
990
47
49736
1903
136654
135018
125767
30560
24569
29829
53596
47826
71038
91959
71474
26785
47673
57879
20639
27195
13093
121031
41204
65059
20736
91503
25236
14020
70972
24985
64503
54880
139101
42900
32063
33350
173991
567
50963
9813
49449
71652
64465
25222
71066
24920
71633
97283
44442
71102
20733
71709
71582
47618
71434
160507
71147
75491
20732
288236
6820
64198
102063
22346
36863
19471
130945
139216
58410
1212
32014
71085
28453
44417
270217
71086
92025
40727
75009
47617
34433
227704
143831
42946
256488
71321
1559
71064
123157
1174
71343
71778
71819
26711
37591
47719
156616
71603
260013
29311
65033
10115
58226
261
141221
64125
27242
37539
210300
119067
34436
144865
62640
70988
257064
95470
222350
42912
92755
4698
64567
141495
59682
19384
97001
4
39983
150851
13001
674
3761
47639
144945
26385
131449
20525
71451
1289
74910
71138
64134
110551
124350
41550
275220
131065
3666
71152
20749
141159
74933
171
64210
71689
149129
6819
70999
766
61247
96940
71829
140764
81908
174252
55271
218562
71135
42908
43163
155389
74993
20779
71374
24563
24943
68811
71717
156295
6370
20786
24921
236897
276905
334055
252682
179
95920
143799
281078
229506
31415
164666
7502
22715
29609
29409
27298
449
933
222332
56564
123101
16995
7479
95510
153420
43838
153547
140431
43316
75030
112531
148175
294271
64690
154323
71685
221020
64806
130914
267659
148548
121489
47169
47615
136801
54268
4274
54878
71626
131011
57496
118621
3233
149205
64705
244644
30735
95925
71643
23222
71790
276333
31597
7113
65652
20718
49417
263123
136655
72055
30702
89685
7984
64188
189539
64193
64105
130968
68696
137376
98287
71554
42870
71229
128764
10520
71158
153103
42885
140439
156811
95468
140647
20638
71449
139143
52227
155824
47651
26623
20673
239282
401743
121803
147395
2903
1778
222434
254196
27177
157068
274655
144765
123111
47806
20748
121129
330952
95348
71385
61223
117378
203080
65175
92981
70813
72046
26536
92206
55112
50896
71767
120752
121761
342944
139810
64153
25916
70985
64581
63679
70290
70804
24934
65796
129676
58640
20850
216502
71544
71350
11889
188878
3179
208573
121468
71248
8681
203076
1191
20663
136386
178522
48788
11194
34676
92328
149054
49502
70944
85425
218433
74974
42743
95819
121497
113229
174427
11550
120525
150738
240434
118551
1969
174250
604
135866
96504
14656
156529
340607
71027
52297
95572
42930
5850
71236
54803
75784
7505
17095
28064
268993
65372
75839
91154
101122
48011
148132
95421
9064
25014
91419
178524
13004
155027
143897
259425
142111
25228
80
56237
92764
17433
6931
158246
71367
139223
19431
204842
64133
200126
65171
229864
89720
54985
40292
19480
70894
157146
403
211280
91881
7507
62636
26504
31699
71500
92229
817
16925
147387
148109
58145
20774
51226
71573
61515
64588
49609
19651
6792
265566
4363
22044
85353
71730
98407
149042
99486
1444
70911
152580
20794
75929
156774
32648
36403
20976
70811
327978
27214
70932
121033
26735
94802
64563
117471
7513
4295
17340
264609
68862
71271
147274
11456
26519
308443
121507
27268
145322
71729
20802
139089
71175
144756
25066
137384
92534
40612
121498
20816
299731
8799
27091
71384
28580
91084
12729
71419
20647
96389
7612
71216
71421
92621
52433
155878
70962
61025
75429
54874
125941
59745
70845
60997
26216
151226
568
364645
65556
3564
158706
23246
64717
71125
145396
6148
14002
20853
65643
259248
75742
113466
21463
1837
25179
248683
93012
19412
273
135302
68829
32016
1870
134186
303718
4149
8245
79400
289561
27374
71691
37527
71813
49462
121926
75658
25960
20684
66384
135679
75826
121303
74895
131080
51518
92607
188495
20770
96894
48662
49743
40549
35631
97581
71087
1195
26020
28936
64513
11927
20832
50781
134595
161280
807
1894
14253
60936
136626
69067
187254
117766
71326
152233
148215
50603
69036
64180
34317
178981
77398
93783
70884
188465
13546
92757
71080
25142
71006
284
422
145383
91841
97928
31469
20064
57856
49754
92734
117526
121737
64132
59705
258958
27772
2005
58113
27392
364307
71011
155063
133570
92629
238224
1827
91817
5799
79847
1579
25057
157101
69238
24896
21689
64205
90
42892
5834
27126
54780
121598
263122
71320
96606
128864
19675
150831
66574
287123
137372
96746
4099
25913
70912
55114
71273
27247
97071
20939
101580
69002
71150
71688
71084
71431
7504
152235
95330
281082
7293
13359
95315
13213
141220
19432
70939
71538
20225
16607
71654
57907
136109
71599
158703
52221
31428
134640
84101
6764
29555
20784
23789
64519
246130
267621
7384
158109
27933
20226
95351
47658
4237
64511
121620
123083
31573
71306
141818
75216
121042
246959
7707
92792
239909
139137
285414
57983
188309
96777
351485
69899
91149
64142
20958
70822
64600
141245
29794
27292
71723
145985
185950
27340
179590
785
151309
108673
92740
31011
220192
153065
19622
36208
71987
70841
71425
159443
8639
725
340558
270224
27204
30432
73604
96068
61520
57857
69088
136063
19902
219654
91247
37892
148336
132959
231126
318709
231159
95738
29520
143314
26780
134802
128113
98009
239599
147510
143818
129716
241735
190769
71725
33318
41760
171043
129646
43269
49862
71634
71318
49517
64825
148099
268391
259131
3090
22367
136325
49420
239416
136965
21620
55381
50788
70902
16972
212223
20840
145518
29945
71624
7724
3082
60965
97489
134591
246
318754
159758
242021
508
206139
31705
64517
75878
61289
119537
155220
30279
3937
65238
248610
75228
297994
257944
64173
19723
42779
92097
95280
154422
117032
71035
237588
61017
94517
20854
86424
132934
75937
275537
318701
210469
143334
71202
97288
3433
64758
118497
123679
120177
628
27194
145907
1803
551
1772
50906
2042
121491
50197
160304
210311
20055
139221
92561
9778
23968
155659
141538
246384
197415
120357
96928
56468
30570
47608
155017
185925
134687
144623
39935
34014
66633
145326
27358
139225
3218
60999
144928
70838
24946
64742
27865
140799
391
95062
666
49755
402603
64240
43140
121165
188328
738
7770
299773
10483
64114
229652
959
96285
91911
72054
141209
26528
257063
23603
86950
64722
141015
48732
3963
52386
265564
42866
18083
285054
1937
476
21334
91310
228933
20771
213378
20864
71039
27412
69071
3385
147414
7629
26460
13075
49610
145353
57876
237233
134665
70110
49837
66696
2721
20715
71105
25858
6763
8709
28894
95671
71655
121017
71075
319667
64723
344417
20828
19430
64666
92307
19953
269969
2902
95325
25132
16848
97491
51935
92580
42893
149623
2088
145292
54882
71934
23732
818
97041
370013
95364
71502
353820
139174
99320
6348
41104
58148
207754
63684
100694
489
121176
24764
44265
120536
124238
25139
68818
98073
29523
32702
42920
162958
120206
248773
69433
91361
289582
121102
96153
174352
121037
130959
219040
120549
64923
92711
28601
71452
91515
20835
19369
3016
96871
71076
26697
71581
75104
59539
5818
140752
135795
21144
77784
93013
136603
41242
150660
134335
71227
4116
239598
73836
26810
22735
148224
27075
411
114233
58102
241725
65243
27005
3282
128612
68846
70891
71179
351514
20658
92363
121621
22027
96498
83216
18423
20022
7306
49535
150034
129724
89684
48961
43146
60985
71160
302985
54772
92635
121809
20799
157021
115311
91738
20829
26848
19697
20273
353461
71293
25162
145522
326819
93111
59735
71656
9817
17453
20970
37250
11926
7968
137375
269902
20191
96699
26408
70836
64447
92208
28716
136700
43030
42896
121587
242004
31145
345863
228918
2956
103532
134601
3394
38005
30224
31950
318837
49765
97204
8502
794
20933
3606
99179
24732
345858
16927
26998
354452
40258
16852
21405
94138
7477
134922
62623
299787
38886
351344
7509
134682
56
134797
16698
231160
266368
134658
198517
34007
21608
134655
246654
241724
492
119542
311858
94154
92088
3429
18762
40465
25011
117353
151225
59411
61118
59434
96931
29667
19633
99171
16701
135378
3260
7532
134680
2027
206152
58103
2391
29957
17617
28490
99446
134676
104019
183800
241962
53460
93113
70179
101845
221541
178038
7861
18989
129754
92539
163250
134800
298
204837
19687
129548
8026
24633
1767
238290
49666
139405
217199
124491
49571
93074
19478
17618
58112
134645
16706
29835
12343
451432
31693
92814
37226
31080
261302
254697
241744
345855
21968
97165
160615
3284
3189
41713
90918
49525
122726
667
350192
29057
2389
152971
7987
146862
96981
26330
143276
120003
95301
94373
132953
560
134345
260317
80655
49738
123725
27067
19435
13328
99976
7826
241723
31859
156055
352773
123110
143315
20917
9644
30380
134624
207327
139638
13
129762
249343
217524
151235
1720
79711
145589
95035
3477
60976
5429
95258
97309
302030
28768
395840
217220
134904
20049
134442
16860
140788
134700
345897
29211
8463
95069
69769
21329
63664
286836
347331
79721
97197
160220
119562
97187
58702
69093
97423
8065
22786
3494
69450
19527
244594
16843
5821
227115
543
63662
2965
346571
6798
466
242387
91109
345883
506
135640
240419
100041
45757
59535
60995
43197
240426
147635
17788
19512
257060
92825
3358
7893
25004
241727
95972
99177
346578
104058
22225
159219
55356
7099
615
257062
797
97152
28714
125933
134747
269999
224117
21158
31585
69978
425108
16710
79743
138774
573
90995
154419
17040
3265
53470
302070
19773
1871
395783
70051
65172
3533
3257
103537
259428
14
207737
462
353034
19413
355350
58939
19331
25247
97525
7529
99331
64834
102861
26521
6873
26635
12221
58136
31280
141804
96557
31579
47794
7990
61925
289540
7649
258055
3167
228790
207460
29668
69435
48753
27202
7804
92816
19574
143153
10357
230581
48518
102249
51771
218973
60993
12950
811
61032
8066
35630
345820
20996
132950
141489
104020
3286
316
134768
97932
91115
529664
54823
134799
116232
49848
49579
299494
67701
49399
239593
6354
16736
113228
20057
7564
99196
282469
58116
94556
145421
31348
95060
90463
91263
97112
23159
71695
355548
134667
31698
135014
100787
386258
31706
41504
55258
260
27977
54259
91117
73842
7256
2907
3968
60968
36389
8048
60953
19009
7498
24391
259255
28329
49844
553
75386
19813
3316
145392
63479
92418
220737
119998
29014
61406
27395
23780
65352
134636
7589
134600
97495
227438
93788
97335
97272
96950
20570
119985
49797
96725
101019
17593
134599
201243
30677
153067
189344
52870
43925
353460
130618
76609
270221
49416
26541
19912
59547
137339
93485
134649
318699
160512
19956
134715
204841
23911
267646
60963
21380
268817
95355
130962
66937
154319
123666
238301
46498
17408
3285
132942
39204
76346
70823
19785
210679
309
120374
127214
53451
147317
303806
40394
90951
58105
564
20280
94155
53472
2416
37687
49
49438
3953
39684
37524
49082
60989
8478
351359
52975
101824
27795
97120
21238
141833
69018
31419
58127
29047
163611
23297
141486
47832
218974
250406
173022
126212
60290
27423
239
19582
94
238050
24765
13131
13360
67634
160573
74742
27056
27702
178990
125846
61016
3918
382445
239886
413
65649
30603
49614
145227
91040
5781
30584
346590
282487
120391
101889
3171
19816
13681
26364
759
69085
145030
210370
144773
49767
21849
7658
58404
109212
24206
351337
154452
123365
138923
28446
63922
22197
17894
160964
233356
68867
69013
130967
60952
157406
20527
259429
121065
96973
20772
134894
7319
134767
347314
16811
19636
92109
53174
20445
117620
24842
26717
5792
3539
16868
69724
248763
21715
229077
49332
97287
49808
30628
24516
78933
217548
120105
50663
5794
91360
168
58117
17918
125995
17104
27233
25915
7879
790
390865
43300
18873
27043
94636
70061
302049
191154
11502
103329
55204
2888
34424
49615
185932
10334
61013
78232
7961
216848
134724
7963
345860
69068
92606
267167
59191
30562
70592
185928
71178
100004
160695
233219
224543
135010
69130
8306
34
52583
349362
117734
218687
59550
29255
78009
25377
351363
70234
1883
26638
7697
164539
60988
3916
134597
16619
103509
12090
91014
13064
48537
128835
40350
104110
90989
95855
185737
190632
267101
19409
120625
134668
96574
1785
57000
49813
122714
20591
215315
27611
21736
13129
152272
142108
209970
91221
117971
805
100201
8283
94378
10423
74950
150302
97225
208581
63834
1033
70410
91990
36325
154490
143142
40242
135193
30416
27994
86944
354060
223756
126108
217992
97254
355550
40365
25686
299684
271124
340917
27319
417283
20127
53794
99182
27352
46905
7979
120325
351779
1038
440153
3268
20611
492101
151927
19681
177712
136977
347365
3383
134714
728
50737
30606
134934
346611
21165
72202
119971
136445
91371
64268
95199
147463
7343
7397
31274
27736
142889
31548
49900
6828
4141
60333
95397
55850
43375
42561
21067
143433
134822
49635
164285
92497
162005
49672
117464
29906
4122
30950
134782
8181
71661
27357
94161
210312
239765
3711
142757
21174
92412
163177
143220
2810
24962
20289
241485
299721
2016
228734
65165
19238
69745
540
21628
50488
4105
19911
96258
39864
678
7634
122785
20759
68624
346455
220749
20283
103382
92563
137572
219895
70744
134659
99230
3622
135118
143435
20275
96964
59548
119350
7370
135140
21860
142206
241764
93209
2009
191575
65373
28987
141728
43845
7372
339502
43201
30751
28581
240420
3360
26444
20950
476872
503783
49530
318796
104
346577
16890
2350
1205
340914
155019
91305
14035
71773
160258
215347
19352
91073
418042
7912
28290
7640
223703
26796
28221
22328
27315
41500
20084
70011
96946
155046
147413
2408
277835
191783
218777
120201
49747
347105
27359
86865
252
233244
91329
13579
184150
212426
141823
30942
185731
137373
77173
155111
26561
346456
71732
51683
143738
209587
1448
139373
147420
20598
286838
203274
161269
24739
745
240376
121652
55263
121286
96082
29917
9147
3945
3482
7432
99346
120360
63058
48512
93928
287083
92613
69005
113844
19415
140748
139187
161455
121209
83605
28372
27118
19759
20291
10794
188008
93
134959
299728
149211
19026
274658
149128
326818
130615
18869
42973
143863
207428
145533
256965
70906
21094
35398
48778
121295
101820
49626
3204
75042
351351
32436
40371
70302
7812
258535
27159
345873
27927
54827
148930
2585
289511
120568
92610
203073
8167
264763
19396
363111
687
223687
656
19591
91367
1101
20171
121426
248609
92299
12613
5763
382135
269800
51743
346567
30436
150659
299521
17018
16631
393054
4004
60979
1918
70271
19379
42916
263374
13165
183900
273285
28921
248686
92063
21005
299574
65001
221538
158506
146819
134675
54945
42057
71128
217205
26789
212304
58138
861
25213
64732
1048
24327
91375
269557
96420
143745
134731
47828
59541
225974
30319
159332
237304
301787
229368
84222
121594
136337
21882
60533
64124
71692
2087
7666
52816
513809
71014
99954
49903
59197
71783
54
149047
205038
60930
151223
6172
102523
218924
7070
394397
7888
16841
129066
97291
63511
97170
60162
42846
100778
19770
270
55395
7591
241947
1763
53599
73884
4139
139798
64148
642
25161
87653
12581
66503
57873
47678
120614
43227
74915
71590
140808
32595
68801
19714
147415
135861
71719
30633
96097
43210
37522
57866
95454
80416
230143
131074
145133
96503
23497
71758
17114
64464
98335
150510
190693
61191
27296
50918
61352
136382
178515
36585
13000
148436
144932
219041
157074
71455
144625
42891
121344
121367
173990
25077
71458
1920
28703
24924
95508
130951
261676
388797
74479
346100
20872
97004
71716
27112
71866
20507
27193
1494
219539
103390
64473
73820
8953
26516
95426
150032
381856
136402
4429
109251
42865
11612
151708
69016
158697
118025
92622
147390
63680
9584
21392
186952
210648
121200
69626
71761
121104
302237
65060
285538
71491
91443
764
20660
149998
140541
529
117386
147857
95817
92214
152921
189796
221460
49548
398417
7899
91488
91847
2873
31386
74953
6176
95328
27705
75415
91328
219335
131010
75600
109105
228538
27020
109131
40159
47616
50903
135882
83696
64590
16894
118853
71459
71029
140800
20738
92616
26526
47643
121068
238191
74875
64604
59534
99745
28647
95670
230779
95947
121292
68819
510491
49453
141406
96798
131119
64104
3568
154026
385
227473
71749
89683
162733
277049
189323
128173
143833
203095
147517
36560
64721
121547
159728
42843
96954
329616
23741
64520
127413
397
121521
143924
144803
156358
395070
136327
70837
71413
221901
43254
41094
53636
70931
28717
71669
191372
121350
25935
3208
202372
45549
6883
95582
75061
141208
447
91337
92476
8611
70812
70821
71131
229863
91520
25067
130207
43260
3403
135886
121475
71298
45611
121370
20775
148129
103471
139295
144936
150060
74045
286408
91111
26490
140651
121357
22176
264115
70318
68794
95308
98060
121285
121025
94544
95994
42948
71625
121233
131379
151872
12899
121045
121496
126148
304942
206164
257061
121495
19387
70496
74549
314842
178279
145980
71205
9298
159223
64113
7843
42915
148767
139070
96957
429369
160331
120663
95991
1941
25918
201242
71772
71464
121190
218949
27618
1911
160224
134249
170942
64707
37046
31729
20914
301444
92615
57463
151447
64573
92782
27356
64281
95357
21257
75135
50958
27704
195431
49073
207642
96145
120509
152231
121420
131024
20852
75737
121015
227258
161303
140771
91155
27386
64177
148133
339271
24935
141192
6327
68853
20822
152182
71682
240379
43206
96631
139178
1780
27338
268365
65648
187370
229859
148056
4000
71065
30253
139214
189326
82251
72188
144954
68856
28357
150563
13015
199529
99763
92568
29344
53319
87157
74901
153418
210467
99333
71107
131070
91323
71396
70120
145541
112982
143804
25140
42982
183
92179
121157
71584
47717
11657
9231
71680
442
208547
86520
207274
26534
96590
71106
277005
148381
114673
1432
212216
288215
69434
120528
74940
3349
19974
10153
59382
57899
45508
27054
71025
55116
71269
394350
57897
120522
243497
91209
222347
64449
71686
81863
336584
136345
4430
71057
13374
92922
27222
47807
27033
1901
37534
381387
41108
31403
91877
6364
9954
23332
54808
148948
173985
92729
139198
71005
10526
75281
45706
98011
121581
7045
173150
121222
177704
152161
94632
28444
153104
68823
2922
66644
142187
71214
94570
75041
227597
96562
12923
188082
21639
7780
136328
56238
476875
126137
64562
151352
41646
64712
16636
4776
70971
26507
139059
31329
20795
216837
25212
59744
26495
75277
79371
71722
238918
235
94834
122709
202448
114179
18737
135828
69217
136755
395679
71448
145
121179
71609
188494
20666
3222
70854
472608
75026
97003
64252
149986
21572
71710
153529
158184
47327
114273
29185
64558
71833
189319
25815
28257
13769
135259
95952
131068
64146
171394
221544
27944
148833
141891
30949
443671
71696
1796
45199
23671
160214
1658
91429
4101
71713
11615
62634
64564
241322
117367
71559
239591
224499
1909
40257
75748
122016
2003
26715
180292
139927
83895
240386
221549
65176
136707
36593
272730
388335
7330
272152
60297
210140
54802
70583
313753
26691
70953
57461
120158
30814
159031
251817
216445
75783
43102
92857
20676
178961
124473
71864
78593
239424
96614
71272
95476
261906
19888
64646
139194
708
64162
65615
97603
61009
142480
101802
96591
155200
55244
71439
254177
158177
31602
220948
134806
160580
74768
30
1535
59570
64656
96938
152763
28532
121234
259365
84475
47632
92477
64720
76983
61197
90916
33113
101165
32454
160696
91399
71019
2618
27993
120718
92116
7694
61220
72015
93000
91316
268804
26782
30724
23147
40370
268805
66507
402612
64154
92960
303152
27237
92167
26357
64277
252865
103600
160393
151700
26973
2929
92970
240449
217595
131100
4267
748
69926
163369
231166
256229
49804
29205
132171
111514
68820
74893
26734
61245
121038
134729
347747
9965
153873
30800
154023
27162
123118
147562
136462
81015
207731
261371
28649
694
30336
19895
24401
49907
95934
71675
19775
144357
212901
89693
148113
49831
823
803
75029
16754
143718
681
240192
64236
473828
108670
71074
174114
174793
116462
174890
75007
187594
139171
48719
286364
97285
129729
104084
71575
91511
92293
121759
145298
83700
257924
95864
157211
281120
50793
123223
364558
121016
145400
92240
64130
48527
64214
259166
153894
71728
148332
143803
71401
131264
43202
1880
157345
237238
145394
49454
172472
214060
48652
92601
451385
11473
120532
13332
7387
239596
95993
75730
18790
135846
64749
64842
144777
1892
1176
20564
58622
184838
71877
64230
8848
39865
141545
121499
31326
174183
18946
231127
7468
28330
17267
326813
159580
3028
423556
161679
770
71171
248608
274752
6356
7536
71736
482
150007
277081
281077
2769
28054
247766
144925
139397
3352
25803
126818
143726
220367
210308
55336
120567
49819
302034
381712
91966
1791
315806
68872
97258
121628
139329
7181
1390
41074
419959
75233
10
26728
1306
2170
91508
92204
16632
253006
7563
27256
152953
72039
91195
19513
143224
190467
26778
121555
7939
7672
94625
30259
72021
110210
416692
60996
257996
11281
1952
91878
71953
3923
7302
185733
7257
27232
242
27306
32068
65823
59591
135870
38848
155085
29118
52997
95339
91500
20235
135813
71457
64168
149967
231177
121188
71890
94142
147873
116341
147843
57852
103769
255852
91473
6817
7051
92990
141553
83444
50146
64731
188944
74421
61661
7683
217983
2476
190697
179938
266025
71264
93989
97482
148852
261304
115360
75036
174220
20685
22769
31001
2986
108930
24963
50914
17119
64697
393
71485
21870
64823
70825
71257
152768
381878
276786
1857
22070
149026
275236
71340
152846
20002
283628
220784
42869
156615
100779
66678
47715
136632
225068
91493
53478
17614
24683
359972
3543
91980
147433
20223
95901
161322
304817
42955
68855
140617
19557
55105
25133
130634
150735
26535
153771
17864
26361
281403
27650
83197
43211
139234
238230
92602
199599
71651
210294
19794
160708
91373
70989
95207
69033
62642
211272
104018
10827
68290
123205
156967
121034
20848
32012
33922
133708
35504
19952
31570
70893
118944
71802
120566
121470
129657
55123
70915
240427
319597
77400
41495
71827
7794
97028
148857
74578
21564
782
45518
281079
6794
221284
91009
76419
27287
27409
157404
37232
1993
20654
71254
18550
120521
120535
136049
121689
62602
71826
121384
12540
190514
4011
153860
155015
186965
1370
19948
1513
47683
190696
80010
119474
261299
676
92125
27044
27905
22056
205919
257252
31849
75872
20648
246134
6362
27397
70803
70993
120591
20625
148181
23272
47620
28289
65804
116370
155012
101832
5906
324724
151915
108586
120778
130907
340900
274504
218512
119983
42886
49534
141816
30303
117356
279250
122971
225
13430
21545
69080
172359
16625
348348
20455
61024
215330
118501
117490
58934
147908
309775
146802
101192
223518
69919
214192
93921
78054
119456
444452
198527
299554
196661
52843
118394
140378
187249
127132
50504
268345
19755
134648
28018
134913
120401
92747
17019
58940
134793
49674
241514
193
228724
94592
2625
134673
257992
8007
53806
164503
27034
341879
29704
209198
135242
270227
118069
361783
101863
347104
101432
108611
65526
50838
351455
134999
45646
314308
30571
40532
30232
24961
101370
242452
318826
231130
118781
136394
241729
175139
65525
46993
135285
1405
2114
28154
116281
134885
49522
33079
137369
3545
289398
3486
197909
96879
30318
70375
246656
274482
39388
585325
69023
289404
120000
125028
17893
91400
151234
240201
146801
261832
265504
91065
95176
139332
94146
52475
20149
43680
102228
592
174801
98435
119493
49432
20268
6255
92414
246222
299562
116323
80442
7462
31846
63533
266367
119981
318841
351817
49603
133624
24950
151409
58004
4718
232545
203048
66823
389861
31509
30428
138925
226550
27353
360603
50248
11649
639
7803
119995
241747
347265
61033
217189
289324
359926
104034
299789
378
49729
179839
502
91889
17801
97927
7886
2017
47505
314830
92832
101
99450
474153
5112
92069
98443
92812
118553
342815
1477
309226
269892
3534
97598
120008
21462
133271
20087
118496
255134
91220
91144
117468
71820
117664
117440
235631
351449
172403
12719
431332
28283
101158
25012
99305
30405
382701
252772
74273
3704
159982
31844
23525
26024
26343
1950
143472
4106
1896
177650
31418
91202
16622
16840
222445
68837
244907
63512
24005
7918
130275
92110
22731
97031
97476
92809
13325
30306
313805
300180
37211
259146
68965
150195
129743
52218
147389
220847
97092
361932
6795
120406
94141
134685
13884
146826
217186
52734
91079
1861
100796
24919
133376
208584
158420
117731
129732
125850
22410
1314
130961
22413
317540
20200
292134
202186
532889
101207
144544
134708
109813
58141
96810
174408
1811
131474
134330
19656
7797
299746
3504
212229
299361
257234
35460
3473
3984
163023
382936
36552
5858
299737
60945
346644
198094
217188
3203
318704
62714
97195
258806
69804
127275
91778
141504
207577
145612
8291
474
149959
224984
109
41631
311145
94553
178782
13537
123291
46302
359328
419957
215831
24753
177792
40565
71469
155662
120315
65157
207622
84363
123669
161215
27175
94135
240236
40356
188286
17587
117995
19240
21527
174112
3281
95942
134719
362245
28450
66938
541507
7352
49664
46292
203208
49918
44801
94423
261222
351170
241972
18870
102684
40249
164280
3995
143141
68993
145286
67064
102428
117910
101904
97144
35421
7720
62659
209069
69530
53592
132960
134902
31811
31577
660
154011
130307
63182
96272
274694
142537
17536
134
61104
73987
69640
134481
336678
49735
16721
91196
28552
246223
7842
10689
99955
184290
347318
242006
75759
142250
79728
104103
160487
173046
94136
259434
20118
241908
282496
64424
44975
22668
133992
133072
342943
134689
113854
6115
116320
231125
30719
123664
3589
9720
141608
104090
91237
91005
129074
129740
123675
101855
49622
134605
273749
96833
519
147927
19990
99467
52985
3992
143283
117371
120576
26491
70925
53775
699
91289
49428
52821
143226
235896
49595
1884
154594
218292
239774
91057
135283
20437
69058
30686
154463
60960
27695
3954
121027
20067
120542
346582
329195
12242
21421
61649
49899
52863
26958
221761
299589
201702
227117
55314
157932
49891
30206
261221
94568
273543
93040
210597
525
241738
141905
21332
280332
19395
646
8287
55880
231162
49812
42928
52436
704
102413
14115
239725
40601
299727
276808
2105
134877
139391
118800
218021
84393
123672
155026
59195
4135
70286
8190
91853
100934
246396
144539
299449
41906
9337
490778
611883
50586
77602
141558
516
351370
100005
134365
69532
128116
121920
66647
171328
128262
30265
232178
64603
18407
147805
151408
146799
21052
39867
274657
96162
92810
100037
1452
43169
3340
59834
55107
117604
31557
174790
25335
30035
131118
154424
299496
95408
133705
151873
808
49425
29767
23577
79365
2041
119276
66585
140423
30329
3369
134641
141218
68329
69422
174993
158655
210298
289539
314891
51687
237184
94238
61010
237252
28381
49480
3256
77036
222683
98426
21574
100381
65004
9612
262110
261597
7639
157422
241518
3542
1189
61910
92055
69025
120393
7976
353413
22161
151237
351794
101878
31675
64246
141815
3094
20058
82504
207570
92517
314861
171067
80613
109905
286409
30698
13563
153569
54249
281085
298640
61018
123282
289401
79392
7375
207769
23897
69662
82739
258597
7969
82588
124456
241980
321678
74923
101535
2081
101838
71735
10684
10661
71356
123674
7267
4297
65532
100024
94160
285435
24278
271999
19544
1904
242453
27446
2539
6796
188285
101862
25794
25810
153872
26488
19465
202525
20034
419960
267079
7740
71552
99152
139053
130974
134780
57998
59167
277786
8059
7482
274680
21228
28174
97141
136607
100440
227895
130948
295526
105229
134341
61069
6044
91197
53476
46833
252778
299470
151741
49890
212085
4154
5804
54630
28189
69442
55830
94195
2710
155061
4109
5912
110229
259144
7647
188404
20485
241726
241741
686
18292
30680
49809
1229
151896
52923
171501
101886
109817
60970
20369
65644
64691
20618
190749
190509
22442
85057
69605
3335
6800
58325
162309
19734
241937
281080
3264
94609
19489
51688
71812
141534
39809
69829
142808
75209
7584
135410
92799
47350
272528
54265
27388
127998
17804
105
101614
90971
299537
295517
3163
41599
70137
64565
102788
7894
7211
134618
19691
19703
25286
117583
31105
51748
29843
134984
368357
71432
240421
303552
258644
144213
91050
16826
314951
329150
28495
326814
135240
30657
44552
354059
71586
60098
289490
160313
149818
7283
43063
187250
201837
97274
310531
302069
48526
9997
216839
226152
21376
141508
30731
47763
241755
27700
25005
301386
149834
184159
18223
43049
20231
244914
91145
364305
3762
184835
157918
127308
28187
30237
1927
191931
124961
27110
298618
98346
27079
41169
3411
95241
134328
152246
132935
27094
70191
12737
27972
155317
128846
159892
134759
158647
299705
96684
7857
354857
12864
20116
31300
10104
134707
113022
75242
345885
117385
11656
151419
30226
95506
135209
92648
99160
153432
416781
96483
39658
148407
238192
492940
132878
123105
139085
259529
92817
96952
148795
123112
28655
188600
135199
207696
139348
53792
69720
96293
3764
228924
20899
72009
24878
220585
158426
345880
13596
97145
78833
91083
49561
71089
136358
92522
455456
96602
134764
9300
102231
23442
130529
96826
4086
95108
24531
212210
22228
1807
780
119446
157223
21311
6997
4409
95034
14424
260883
37626
207804
218322
84535
7741
251284
13333
58073
104097
41723
4179
786
364317
70516
196711
161798
216378
91056
24577
96294
137089
1831
96135
29541
346568
100407
16882
97247
27289
34990
24506
287657
91876
32054
242018
2302
50997
161266
76028
99740
125718
103518
92835
131512
188591
92315
71787
28253
361260
45652
155025
8027
618
42181
61185
121604
448004
12419
152579
7357
318705
36728
94460
141533
24874
154297
612655
351346
231998
6849
414205
20859
134982
17077
2548
151297
215510
158664
25491
120228
163562
264191
3439
66702
248528
21295
96907
91169
71461
19414
97056
148507
257713
150575
620
142279
235982
3523
49602
290260
345865
195423
71244
3645
351354
1427
27344
69915
65030
237236
95579
318706
119486
229913
423488
64232
78507
11510
269503
92966
48663
31659
92189
47662
140448
68821
126141
53320
147849
173116
52440
348025
92994
71483
139353
136826
136329
145747
70866
308032
18690
114232
43226
70974
156
228931
9565
224560
185736
131079
125764
71857
149209
206387
64602
303618
148944
43812
123155
92751
51345
188694
40545
153867
206
144636
510332
4343
1202
205907
147520
140984
131064
29041
96913
42898
148340
162339
75882
52287
268111
110064
71842
95578
18700
92771
110192
96517
101638
576308
148911
23996
20768
57862
55111
218955
262101
414670
2709
186616
78032
95336
270563
149243
110560
64518
71679
220908
146481
94624
123102
52300
136454
149653
227257
334525
45683
92317
95363
190746
71212
141288
64507
71792
49921
92051
64453
24914
96312
1732
36409
68875
180865
131548
155047
230182
190761
152207
73585
121527
70890
76738
25785
123718
68812
158507
1635
119451
24912
17664
147447
59743
41088
3140
151874
71438
125068
147432
2969
134698
135843
144778
121422
159614
155040
18698
184244
197462
48326
50882
150479
423566
71848
114086
158253
144425
147276
140967
161197
10464
70952
26532
99696
4180
160225
96419
6776
92709
92324
72005
139202
151512
135871
68371
92617
157022
274248
252919
157897
33497
136622
91327
20803
190517
130911
9097
153142
186929
227920
21154
26310
55118
9148
206150
96700
348021
43900
303512
319579
203253
4273
121107
71721
24121
11295
86971
156302
25757
64229
7218
94396
89705
139385
20865
262215
144929
383418
71480
229745
50902
229304
151731
251953
240514
31883
3652
150022
70874
121125
75235
64470
143454
10321
147841
1724
71314
48759
281117
7769
189909
64497
2786
65333
71311
233215
22588
70949
261642
139239
151629
21371
327423
144904
97088
139100
147273
145284
16707
140772
3674
28887
327904
3496
68824
299240
190730
9419
211998
39928
239594
147444
98062
73881
66248
319662
154221
20220
178932
51568
252864
16746
1943
37723
25147
95976
218829
71718
54811
853
31574
144618
66668
150677
191306
92644
91021
228951
3952
102036
177779
190515
143307
67776
151977
64755
22525
135834
48544
191057
6333
236400
61207
200167
268379
71694
25229
160621
222111
149604
28188
101618
139192
50964
121346
72035
26878
49762
3423
161302
70938
139820
274646
96523
75454
327925
143837
2569
65653
318885
281417
93079
17336
64159
239415
28762
1799
54789
94603
130919
155020
70987
42990
263894
97324
140758
120560
3212
184652
63611
3074
10328
281418
121732
152635
136461
71734
156990
286972
75084
75116
244833
129647
121170
55127
122779
220223
114075
141582
831
21479
157968
20967
436484
71441
71045
6369
58229
121211
203084
71724
146055
174340
275
344890
97340
95422
238394
69440
75249
29436
394440
64524
261300
139195
43847
209986
92173
24821
75055
219332
84189
75301
159988
160569
212491
96376
437
27059
92977
45682
67147
261218
71463
75827
60903
20780
28900
95406
601
26860
70882
71325
64235
345
206467
61208
210302
1820
120524
152694
95988
3311
127102
155070
191865
42935
154034
27120
162746
71414
128136
58314
413231
121058
274267
20126
198173
246119
276971
157149
90911
576303
20327
95863
139276
341
19647
65655
74607
287124
19834
71684
155076
37125
65360
61654
23306
64543
405906
70806
121095
276303
143741
120537
1854
68786
281273
75824
151410
21651
22107
157967
141217
187297
95334
198860
135934
12047
152166
93060
113484
121519
20440
554
8655
163472
6403
27908
113032
64850
95519
136338
64144
2990
146649
96742
148766
20505
93859
130916
26692
24973
141546
258805
123106
24607
30716
32069
281086
84691
190627
139370
61188
140780
68870
121217
222449
161329
92823
70497
146679
156583
27240
41785
43884
1790
222330
126264
97753
11900
64179
222467
64700
215354
152007
141554
13787
156836
39832
64485
95798
242799
71549
57867
139203
188502
293333
23489
64674
145355
126053
71221
96729
71880
153020
62627
61244
33171
39731
153847
21115
101518
137513
20823
13376
29690
91516
148086
94558
126129
139631
153285
95318
120585
547
25237
30681
12436
289317
16626
1982
66887
2909
71782
97965
287483
133669
33788
132251
27208
277629
147851
8240
64549
91138
71211
156167
120023
229852
97096
261685
4140
127429
398385
126182
202463
102022
295546
89706
64613
136341
61098
47654
219341
117456
117376
75011
469647
252673
258585
7811
319668
150841
154322
9763
208144
206490
239524
203081
292259
144382
190698
318742
7404
27060
186903
71958
274668
190516
10045
136944
301446
130947
395025
147245
218826
245141
95640
191378
128100
27717
238843
21139
183909
95773
145831
113395
25193
238188
3095
20964
36407
144852
248764
263923
27076
95790
159883
28914
156896
1814
4094
92521
71943
195372
11165
152506
28291
71677
24109
42065
188316
156980
101665
17094
21470
28938
160255
130912
64898
20812
20941
203094
17601
75787
49401
20815
222448
446279
451416
153870
40390
68826
2912
164549
26231
93472
6804
20165
117911
3988
71781
139330
195369
27343
202015
87561
28720
149733
81448
40274
153508
50912
90803
33513
57880
59684
23880
242108
161953
287141
71515
260623
14069
135896
184734
414
13048
27200
139230
127129
121334
61246
267703
155432
209772
78698
74755
25235
635
1934
43105
17410
18969
91311
20926
395620
49745
223674
71013
30444
131030
50292
64685
136950
117361
145463
188311
64418
104026
123723
108906
144301
17824
1766
58129
19645
174382
92480
239604
26733
12629
19934
493
74976
37618
406990
2930
67078
54962
1821
64586
7576
71285
141509
6859
229303
645
357316
59872
94807
3615
299689
226518
51783
49092
173219
145023
267452
230609
9202
157143
146833
50058
139140
94638
99788
19865
121301
1234
91513
65045
20181
102209
96474
150674
92306
29237
19427
174196
147516
71453
139077
140994
237376
310490
1840
93490
157142
115292
95818
136709
71648
97967
126013
31613
25761
255291
61540
134660
72163
54915
641
149360
148101
148479
127424
81932
72024
389
121411
222356
151556
19573
46994
79269
262757
92308
96381
49434
781
112542
134893
27346
74867
70849
201202
144696
64101
26533
47511
27201
131071
141212
140964
773
61002
281395
4690
298086
26741
172224
130935
439108
27372
84692
31551
238266
20940
139388
64568
121699
210141
498
724
71181
7667
95298
145676
131015
165
121826
239062
36008
64839
153421
204516
95117
71054
28905
123188
94393
71622
37551
47642
96866
65341
13227
96280
140441
18783
53329
92113
79708
1951
153888
237590
141214
222400
24512
28156
93682
52432
147853
14287
71674
64734
92737
22716
236242
24202
117696
17616
125954
344196
95900
265455
318417
26043
56178
131104
12
82247
123833
135877
64492
162241
136400
5860
74339
152700
75091
10633
284996
91331
148439
247629
64556
83613
59741
95340
191212
149600
120533
89499
229928
49775
476874
49591
4078
57932
95260
139145
147546
3313
71703
139184
96292
20836
96465
24913
101452
69059
2037
17605
1713
92566
117512
183958
4259
23495
131058
21386
3333
153546
140760
41983
27913
43245
18848
96939
129644
89703
19863
260229
55066
266522
64574
27031
20656
50296
101588
3291
24898
74892
147220
136417
20791
150749
53633
147359
22142
92933
240155
20842
120658
88257
54993
28945
74791
121261
139328
12455
229082
148565
752
58604
287522
289466
240484
91521
71062
70503
156600
82402
97208
152249
285036
68797
171116
47781
53634
100449
74873
30199
120497
94753
114191
130930
22323
389229
145741
65551
149647
140555
49871
275140
74894
247799
19823
200770
71754
70601
95620
139273
28773
130989
10048
241495
71348
128154
43175
43151
269551
175172
26786
77343
92527
386825
160572
61516
1830
62632
121531
64245
61912
22162
178500
3893
292267
240956
3471
650
135301
241521
135542
51752
616
258578
309799
104738
104010
10631
258205
129730
224230
277967
74826
91055
31571
7949
104171
22612
345861
19365
17599
93404
419975
134849
134688
118793
742
28758
355295
50151
203574
28542
154451
36574
259332
19441
102254
556
161127
128011
185924
242115
75530
127006
299551
242047
145432
65851
91110
61918
58099
59212
37543
72233
52900
53437
289518
158427
26207
117499
443937
93285
70003
58128
79748
1843
20190
45093
50189
146379
67353
312227
120007
346600
151213
99437
246501
4143
146943
16930
471360
134683
19018
30472
134737
92034
27979
278295
200776
546034
53023
171045
3625
94758
103701
456147
38896
92112
351107
207933
9654
36725
21185
6791
238438
103310
261813
17270
97240
143151
265506
135027
140797
49605
150789
117527
190602
130
237374
19688
135086
153266
273298
223694
7844
85467
93129
119443
184902
12811
110428
58242
94557
92103
357635
61063
292139
27003
146147
346570
353886
134596
208570
5822
74008
49971
33428
21429
10066
599694
20124
147845
178543
20255
158746
96917
91039
79739
183839
96185
23387
17819
285742
238054
26377
239726
68720
49669
3478
147840
22796
345903
19705
25240
45775
329127
91060
128171
147
138482
239557
20123
219876
94366
71720
282471
175234
240423
49835
94545
326843
6107
286733
29749
146827
12682
448157
24141
101313
135056
800
7355
63959
51714
134644
139850
253147
4504
26750
27278
286436
28604
73698
67062
148452
2337
7186
242165
23933
50268
302027
563
69063
351780
220844
91090
20078
275372
6397
58115
71794
141817
48517
2885
42867
7206
154467
146091
97138
146989
19779
65069
27087
49829
102100
127144
132210
213
134777
49752
99197
21283
88
299757
19634
116306
223593
105646
25948
28993
134690
8009
140734
105202
29817
1735
69310
1609
361684
274145
134669
54613
221167
101609
8032
134746
345918
47439
314952
45483
178
68328
2975
41510
134612
95653
40323
7216
30678
104447
70017
47619
120689
30425
234154
156033
29768
94023
50960
140453
265497
117598
246260
7625
31346
64063
231164
19661
246261
310729
1249
69022
141684
120262
18324
128110
242054
247952
71157
241377
31735
115277
27333
355227
228595
23339
358473
190459
27211
298623
58497
19609
58238
187595
39838
53465
180294
25973
94399
22968
158805
218023
103913
65026
127339
633006
118340
26378
128562
29718
152147
1804
15066
179947
111
161198
93322
141896
177667
86677
20324
11235
25954
40432
100994
216836
46286
49319
47647
19940
161438
6979
48747
7568
53518
147311
101009
222501
406951
145470
30705
135811
10320
19674
61143
149038
141814
24420
49668
64811
20211
40116
21325
257113
65562
127336
13351
259628
1899
190804
6865
171327
255288
239778
229240
510246
341154
134511
22999
28485
272285
706
120501
14183
246358
136374
2532
132952
141557
178077
792
185010
309167
94559
18340
128204
135296
300185
24685
58386
7671
121648
345912
318805
71738
440154
249496
17745
369514
249382
102884
451384
233177
27674
240460
7637
36809
94561
141566
134654
220845
7897
16920
431777
53597
91427
91173
28493
13372
101185
99977
217523
155365
94489
94164
31836
393185
5783
134923
207357
134717
252877
26709
134621
6345
618150
174362
31910
69598
263263
7913
43905
230982
3616
18151
229625
575
134616
13920
94773
120597
134725
132004
70969
97154
3183
128866
91281
97168
31634
75053
7951
24212
295898
253649
265512
1919
1886
1061
75799
95431
134662
23012
18947
215066
130527
261220
370190
191091
148148
131936
337208
75802
70502
364421
71637
151202
69056
273371
152963
300341
134931
207624
121763
20377
20393
275726
4128
25230
313819
239222
209737
90898
19806
217417
65005
91428
47668
242007
114163
125943
28824
2901
95058
28053
8044
170120
16969
95349
64065
153470
58119
264542
19829
297234
75170
13505
350188
70148
142482
7185
150566
492720
159523
97105
11365
52742
74727
74120
20973
286720
23575
16981
25635
207757
20234
228873
95414
247828
216804
95765
58709
64847
348414
134810
143806
24812
158119
224061
188399
299393
136651
21255
221070
240015
118234
141819
49296
14245
204688
16744
19707
24824
29020
157537
134590
97830
307222
271662
43963
47635
340918
24514
59078
63681
49805
28059
49589
49884
27656
96923
69196
92761
157546
83623
189703
21510
241490
13053
961
264579
186059
146279
19390
61194
149320
160217
474470
93241
141570
218076
26418
162938
281076
56218
256201
262192
134598
238
97245
69633
143707
210107
178699
482938
30997
27903
183861
274120
30212
7656
256795
110694
143432
134784
1616
218421
254137
218343
60034
450
82544
367952
445665
112112
231084
345841
63515
310779
100577
23736
162257
27230
30564
138906
21272
27133
37544
117839
314244
39660
141907
30690
65079
31283
362276
104064
1818
52211
548
227141
401455
12358
276
71249
71593
50800
17381
265017
2395
246464
21223
238296
626
19350
30423
98078
69048
71042
105864
691362
7171
59000
94538
76063
261225
66657
118707
632564
30301
29483
24300
263487
238268
227138
91101
17831
58164
62963
16704
97006
329187
82624
46186
165046
146839
26784
233604
215067
91147
91160
213184
120178
173980
16827
461364
447125
22548
1550
70578
22337
338110
25016
17833
145759
221519
287259
546490
120410
53791
299744
21105
153066
146322
48776
23500
163123
117940
134745
347320
6075
218077
54809
129789
302062
91855
4677
43037
7602
44325
74781
4092
287394
56284
7674
229995
553585
127427
60934
402234
364321
145220
96259
28125
118522
27128
19593
26657
1935
149987
153467
7970
1138
6802
159884
30421
134342
40603
246332
179599
71874
97969
123150
94750
20931
128408
328
79727
27362
149577
334039
71328
239549
1291
97227
50410
22148
27620
52138
468761
96437
74872
22636
858
22651
52430
8517
69101
577
71379
299736
74819
226851
52582
328185
121202
115345
248994
92611
299445
488992
69252
351358
149608
396116
96105
5989
7778
49631
334056
252197
227503
12863
208449
30713
31258
3483
19788
88048
267057
92795
28500
117829
151814
162083
40074
101175
135897
101203
197714
219686
123421
53281
113316
362253
50890
151922
299519
269509
207667
27336
148100
91004
34460
7005
135272
162356
261108
7657
446810
95599
64904
95874
97529
17222
200787
136615
256542
122068
99966
267064
3509
120066
17868
54903
19964
274437
140768
71338
177705
31312
301774
64469
252156
43071
118495
3460
52224
242467
3759
31595
251580
78035
37746
396022
26823
246943
108570
208583
3610
470782
81868
119444
255917
2502
21248
18263
47842
91061
61149
16815
218858
37562
70293
96360
27414
134615
97520
114264
396033
18043
91210
347330
161801
144617
7646
18906
549
136448
345904
64532
4280
3979
1865
71601
158266
286820
395846
19364
94123
23410
98437
219331
364312
151239
140098
120090
134754
90965
142700
120005
74909
1847
146855
26754
13047
491501
26315
98355
3495
290342
605388
4891
50267
97931
497
146831
77063
178844
91969
2404
350095
127032
51156
31331
134694
49574
97954
121577
18918
28545
8116
393085
92252
134773
145003
149413
20954
219545
27366
154423
3914
13287
35013
598
271118
97040
4875
344129
64508
406719
11153
152299
53750
239602
3481
64515
22447
100415
208553
142477
148477
255935
118713
100516
92510
71911
132951
54519
97327
27305
146311
64472
108616
120557
104253
206326
195747
27792
318798
97035
17093
137374
395062
289243
100437
49886
241954
213185
178342
209217
91507
318849
94705
14042
71743
93279
34342
119483
285676
65489
155013
21719
129852
174812
281083
46897
29547
246226
130966
319660
26096
355988
115449
302711
10106
558349
91710
191323
29106
65085
881
58653
217151
75193
91307
269393
25141
144788
27309
91903
70738
218243
2864
150330
91517
51134
154300
147489
64546
164150
191417
97297
47078
97493
52292
84517
162783
18605
64510
121579
64741
120572
101792
143794
7321
135580
117857
261514
160971
294280
95764
249699
146767
16819
131046
395508
40162
155041
227411
327695
121035
148334
23921
140749
273028
11293
144291
130928
28400
27052
154030
49550
75751
71632
20985
52381
27316
445941
148821
229749
154037
83437
161381
9151
17204
141293
251768
95163
64486
102210
121795
148212
492522
187476
303327
122033
20968
91134
131023
100741
27251
216637
130941
35481
121871
21191
444223
71514
216017
54906
96719
144956
30717
64529
24679
37535
216627
24479
146673
39933
70848
61217
136393
148774
150192
101975
71835
57871
108915
189306
96783
151979
23290
71539
92217
148946
70834
150001
173052
149991
22058
117990
17172
5885
121076
145177
149817
179854
89690
143889
145975
209792
248899
262531
66564
40181
261298
68838
177965
405463
344166
146646
152626
61735
208364
37814
58181
27982
118866
21281
96319
142249
125090
384762
123687
300389
6928
90924
406120
418330
117976
280599
71380
157965
431412
410695
287511
121444
23453
145777
25189
293961
237299
156289
47695
174375
121758
91324
120649
458798
28882
244566
291422
91284
205826
70973
124464
387545
184648
503573
11272
20855
219813
135862
135340
191393
157229
71847
172341
30285
331931
162080
97990
18943
64835
71291
220906
118671
25046
18601
26522
297890
92870
189631
27983
139967
97770
275252
25219
331937
59264
13908
75294
70272
151752
188281
41548
177918
158399
25168
71081
120623
44588
41144
150044
92614
92923
303608
246345
24026
92637
21274
246895
385890
97339
2993
240185
19947
201683
258307
319359
259024
7988
120580
96060
265982
27191
71982
579848
301434
294530
71797
159446
275742
74877
26544
27012
124087
263832
136005
86702
65528
189312
91254
154059
94515
96096
156285
121836
135822
265970
219247
277810
91332
161867
274945
332635
576305
54119
120684
21209
70923
76286
308448
27293
95910
152019
71154
293120
229893
49350
123068
135845
65168
303692
136506
92248
151693
263329
6331
227506
156968
98271
144549
89759
26509
95398
65035
151074
25302
216765
26511
121773
143270
59751
70328
395045
299422
98281
289469
71407
218437
95373
61348
184990
217485
587
157145
339258
88080
70314
100854
19842
256225
151075
30451
64921
71796
20729
20029
8292
139357
266270
52820
93372
345928
30788
131462
6775
4375
76125
218851
47810
92853
178855
237606
267940
7455
121554
98069
159449
406716
20222
33460
147496
26596
3201
136331
92177
150331
21826
162744
143762
128756
172888
236189
23590
54776
363993
144763
38434
106689
95050
78929
64221
143
145752
27261
47614
281407
73885
281405
64709
92323
36971
131060
38734
130956
37903
1388
31541
161367
174170
338774
414605
69614
299499
75219
24701
163117
600035
123092
11292
197681
54764
154325
47655
201400
44454
48741
91998
158
6965
71664
91979
311349
64530
24146
136349
217191
13421
30967
147427
121550
301335
31581
121226
104215
205000
28818
164497
43250
170209
296640
89781
71698
445767
71243
231904
55133
29122
154070
75771
139620
830
16989
70886
151036
709
73825
68298
349650
101941
4426
30684
28498
68857
48003
272753
145835
71240
218825
5793
180212
126011
145377
27275
42725
293552
7684
75217
147130
26939
94040
120744
92309
158394
157071
148844
120006
151199
101933
277036
72127
458300
19811
395033
130985
9086
16745
31816
40147
5097
131106
58457
23775
42754
96996
2738
17328
149198
84220
59540
21167
139811
92292
96050
151720
58478
40042
17774
3381
147416
149508
10046
308116
222337
255831
2024
258361
50078
16715
215900
278546
131009
30236
474495
150567
37785
23936
136355
90976
36317
70814
523472
29127
220425
54635
153863
248650
136390
452
216447
61222
296262
92420
150005
303163
67017
131075
141777
12997
200171
97551
91325
70315
326815
92038
388404
571262
43283
349825
52289
93244
68297
45809
259111
12495
103303
276809
69809
157823
8176
266975
30317
78927
150138
20776
7055
141295
24130
99282
71744
11692
245123
17714
64547
349642
24856
43209
61469
303839
25802
5758
210592
13020
121096
231081
91858
219808
29825
93163
158688
187324
136397
40392
28873
1775
151489
244574
287366
4061
131076
63441
70828
259110
217459
149408
155380
145401
71800
121762
162179
59748
220426
96668
158272
162593
222007
233335
7287
64589
71049
277860
27134
245132
24841
223607
72040
27419
17162
30762
97480
1267
222636
37138
97189
337083
296864
42917
144769
63799
537
2898
450013
276332
49881
58151
52484
96121
240445
28265
64579
270924
49320
449976
13652
1129
92304
246411
145344
297694
102760
150776
1768
136241
40590
451418
271142
12971
97292
140480
71199
153219
29950
47636
298644
97235
7632
1825
97989
144615
273607
102353
394037
255308
16729
59555
79768
388882
131027
92978
238061
99980
227666
544
146675
64538
92300
99778
70666
134704
135139
64661
91159
140997
19504
135849
58558
190483
24728
139623
20703
19576
2934
139209
58974
148792
206032
300410
146683
333126
30424
31868
18778
685
27295
159735
91290
108539
96905
365754
145376
240385
139255
319967
281421
58623
335762
95837
7510
12920
27694
22962
149311
23510
70924
51776
127261
134234
145291
147658
6376
70289
263935
67523
451390
121741
49122
68938
231368
265880
103573
102038
136614
18923
120446
23991
58650
85431
55357
71804
242052
242151
3691
150751
121813
61251
161282
27234
31266
252292
29143
103255
435120
170205
71495
96144
28480
503791
134359
222554
208272
269109
2007
118244
135854
195388
157092
281114
140795
20492
277032
71235
91219
55115
135307
135876
298483
22784
7952
160663
62631
197610
150939
27710
27212
55126
40359
387479
157029
156006
101959
223541
7833
195514
19764
268493
147456
89080
50610
84224
64200
55355
143757
120555
274505
147511
152924
139012
191328
606793
97518
121563
136369
9786
9322
89095
121023
248615
20326
220
268504
610
61219
173018
222268
478996
258490
144909
149084
19139
99476
71803
191339
103392
42780
68687
35531
88558
121627
52921
91491
17960
70908
71784
100101
42852
108535
239607
23370
81960
43971
149995
150683
3887
4382
255420
95672
148498
340741
71445
4021
97161
7853
251914
20014
74925
263553
218982
7260
8071
160699
92768
141924
213467
152006
37650
6110
226573
151734
327361
74992
41624
24827
96223
114166
92482
11814
40128
8313
148936
219557
187231
158460
290325
139138
231077
62192
163118
178532
55389
40273
91440
25343
108682
121767
158016
319661
109404
353024
19722
98076
17699
72279
259135
108609
27651
253005
66743
8266
16911
118447
61193
95975
74276
64703
267851
138773
148285
325904
192484
200769
49607
276329
115554
30282
162178
2282
389115
61443
371
69474
94165
212214
153163
408235
156832
120556
26794
248614
444372
149627
27197
74854
3698
64544
29217
49852
37490
146030
590
28120
59194
26355
252473
151762
80100
10433
52281
120150
144947
150626
125993
257454
124941
242464
36396
99287
61750
20449
31142
152428
161281
47633
118208
150004
712233
7408
37861
148185
61276
54505
58234
121634
148860
222502
28935
65036
238507
42462
1063
21750
51725
332277
246123
33913
31818
71313
159824
7995
27606
45479
239600
19392
56684
17806
230619
49309
145349
71971
97934
45607
159727
261741
147650
47030
96000
136496
20785
33826
94501
271529
280198
1782
12240
78571
7926
121117
11790
249495
123539
48134
26501
141794
146979
71702
74006
59573
70807
208498
19488
394944
101727
92057
353351
75187
205712
3950
47773
60980
9241
19671
21485
93289
300897
134681
31409
21330
146809
191226
60967
78934
23644
189715
259161
10275
88307
242152
277549
239433
173027
12756
52994
30323
1384
40534
58573
154431
218653
69778
120592
39853
43000
91069
226960
142169
30875
36242
22950
92731
67733
289554
95156
299523
134692
132560
120418
101556
269483
146105
47681
493095
150579
146329
26986
19791
327079
179906
162300
180261
100429
112432
524149
108782
258823
134993
19405
160799
5791
262197
189540
102244
242806
145429
142371
364266
242424
80325
178662
260880
24312
319956
25743
27417
239215
69790
134803
264721
276280
98391
42500
262432
119029
50644
221739
74306
135262
385937
13006
115098
303406
120013
219529
49841
2528
75223
347319
47714
221389
49523
66855
7606
20415
192646
131113
8013
223979
101259
88063
398060
6825
156884
134604
357407
28175
221169
196410
227265
159328
95459
95737
274791
97958
64160
3417
310741
310732
34315
95814
141487
58638
91272
18846
130924
143184
151019
17448
58068
22151
134610
357088
96520
174910
124994
116233
191211
150577
53120
26474
68757
130345
19718
347349
23171
102548
75631
475063
43370
355369
259716
289559
10503
302844
53998
41849
47814
74858
38780
95057
258203
218987
30553
145282
2338
17978
151885
722140
145978
141591
35410
170206
254022
31067
99795
329157
190541
91011
264759
151673
59189
121483
19601
26988
254270
40597
17812
143769
17871
1749
347316
135047
139032
76114
7985
95865
50334
160966
299583
289590
5544
52999
90969
396276
1254
98398
92775
17874
3631
382
27184
12091
57970
498732
69078
220846
30197
128148
524252
211325
67844
416775
40615
24174
300162
248776
254078
95849
401162
59991
256492
121586
7110
568197
178285
3948
149133
92357
7631
23463
102442
28954
21825
134477
281119
351813
20627
31010
16919
261244
28414
265496
74830
229166
145693
61205
26367
242088
116611
210227
60894
71521
229324
160895
19955
51096
22671
149103
275805
208590
49567
1422
75507
318717
128560
23640
21176
347031
103239
69010
101715
117289
262844
17898
208868
83785
40600
625
160672
205933
66984
355372
146825
288269
141032
160205
91078
623042
95878
510256
209084
192024
118155
101676
97620
3656
37525
31429
123254
65420
294308
32991
521511
65558
346647
58982
22188
136340
8244
70400
30420
154460
212466
231128
663836
26902
147599
242041
16912
31599
396247
31349
101900
301928
128418
142661
265031
97149
1917
216092
9588
66783
64537
65156
184799
97586
58055
188278
27002
33411
227454
271823
254094
489077
102240
256573
61554
2899
94578
5780
272288
96767
190695
55256
24923
227251
260128
120508
67060
256985
99789
41945
169577
217454
8175
287345
120577
135857
270636
120202
30573
4431
243899
91497
33416
62719
100067
22003
60935
91194
190603
472205
190466
238300
141528
95221
70934
298660
60962
91163
159472
208782
146828
29752
140468
1806
74956
71279
27458
260690
34330
129813
163131
163018
145327
6475
242064
40430
74847
20261
134738
206395
26360
92713
104063
134146
51603
348411
134711
21285
20056
7999
114279
327171
299797
210303
71742
67003
241476
152411
259202
255754
127402
4582
173927
178530
274757
4926
137360
248660
93929
92413
104004
187273
177675
53268
10765
99786
49093
25051
238080
443
3245
49830
300183
13710
31538
293112
545592
70875
135037
235396
50555
4185
136668
104025
119620
103875
70349
3892
289408
139269
239985
141576
101703
135303
151672
134588
298648
33601
82162
104005
36240
64719
135277
196401
26992
97280
139912
291427
131353
20099
70365
247183
70170
576201
53312
96666
62752
71286
201274
92012
101012
387965
40566
20694
285443
82567
121576
262198
13918
26486
186904
261716
64213
60986
362275
156044
417022
299511
140621
28399
292380
116285
29271
228521
268215
299755
369403
52365
5841
29551
28524
296021
102914
274331
265986
135406
3512
381396
61027
709905
78682
299577
140055
97137
101853
17606
99444
131953
486741
150599
48730
21095
139821
29886
247955
27984
68727
260440
12868
3717
125697
7353
25809
130922
43866
95353
240415
96567
96501
319609
210292
97064
230684
259936
120263
290740
43007
268388
220521
190914
92417
191362
71052
7231
99329
125854
20942
34976
20003
1232
97051
69194
380769
121608
96183
318725
159882
119077
26154
273541
89719
21043
64746
191210
119976
318734
207598
262504
355384
189892
142292
133099
511
18982
91464
71450
128808
149319
60974
92305
178227
3925
75794
214201
247195
630594
275189
133115
58941
92264
27586
210499
233352
61030
327256
170212
308131
492237
8215
265500
223693
3418
228717
27973
20411
71894
141743
21157
134770
100324
7414
20691
97184
25752
152419
135305
28911
158361
24836
6895
19497
57883
329749
260918
768
40276
115248
477675
30229
134720
2062
367703
268367
282494
30348
85789
65051
25727
151926
461365
28416
2512
22638
346601
20039
163051
355443
1480
129788
48727
151220
446250
257513
32830
290039
92826
109421
279462
71733
359630
20399
215506
100367
5880
92190
255732
84026
101116
247278
364340
19915
7980
21394
39857
282654
150569
101887
215094
29763
26539
22505
24303
54897
287668
362172
267844
63513
164794
21199
419978
69573
99271
146574
75513
240457
346180
289538
222652
39831
143729
156963
30217
203087
43164
647
26639
151209
152390
96012
96922
69779
319188
139212
43241
97013
20285
207555
49491
160800
9517
3120
142103
113460
311831
267986
401686
293664
227771
251592
134821
279129
28792
102048
149259
44993
162102
349354
21328
24559
229977
271196
28614
131069
141488
10071
105673
99751
255849
267378
20762
148521
7236
97876
64284
231131
71580
189307
311106
43869
72185
9311
128638
235913
9809
151218
44448
69045
74849
126940
11114
351490
71760
274952
319672
61005
220614
597153
2240
100447
121039
395751
390427
273395
91129
384313
161560
345856
27954
521
124872
349028
95472
71759
116258
222011
322077
299677
14095
155034
2409
128354
152517
261308
274552
346449
20745
145981
89545
47646
50787
41580
125901
7854
239263
10804
150024
148822
280260
98216
320633
42853
268904
153890
40407
61007
304952
255289
475871
134760
18139
445758
135191
23223
102528
113399
7692
6816
20403
245092
7109
149212
153303
451514
20018
4013
98363
92333
271129
28445
96647
186249
65173
69939
143296
49927
22664
94087
47109
190559
83092
21468
281328
160041
108908
61084
34984
16753
160894
30442
296602
97207
123281
329114
64528
13386
20526
2490
392416
206258
151914
267288
494015
9038
9657
208566
71948
70571
98430
19524
463647
20253
105195
97166
64121
419967
64821
452260
7608
208470
121811
21235
237264
2756
64255
764616
104169
390707
424455
96083
97614
471335
532948
134622
174139
353446
72049
139323
19560
12734
163474
14264
212236
579447
104740
149633
141397
118402
146664
302032
81983
10919
64745
6358
16956
120571
142376
208467
210367
266390
2405
134684
71909
135448
54752
121098
25477
25039
7459
141206
91072
121391
25031
292116
270718
71854
4360
95754
187998
192399
241757
104138
76509
7016
141617
42880
1819
46366
19592
157128
84138
219820
237243
13924
98190
146576
340912
117349
53442
28908
269337
270849
121205
8023
255704
70947
185931
138079
14257
20079
362281
22096
161649
37227
65067
84227
6989
320365
136350
8426
1608
95756
120586
136356
136701
177966
173982
238298
141568
484393
120121
100676
61015
71390
18477
220252
414083
49753
496960
138890
69436
149032
132871
318806
454717
27400
68919
33230
503364
75237
121305
132603
65582
153815
147271
17791
171273
143271
155643
21457
96681
313771
28382
96616
188453
70129
305657
49017
152682
483433
52116
28629
171367
144143
242900
354838
58980
148058
295298
308035
9807
252023
70873
386322
156770
112962
6272
194942
195967
71523
246530
103894
156631
71959
48250
274451
98064
66976
148847
158658
64302
154003
159677
388003
13128
101646
64233
258646
50424
258968
20863
39180
26362
139147
27846
227107
96343
199598
102148
4361
121625
12850
49794
110430
210048
65530
95674
121180
21080
270626
369374
236002
218428
51677
1829
418637
32977
26645
92596
118508
93683
154314
71319
131077
4296
24894
141329
96566
27297
63211
19960
23762
13541
221069
57921
75345
144553
291461
478392
244085
92676
93333
20977
277846
251096
283262
144635
239540
50955
163344
93124
31834
203260
17273
71917
117681
25185
348272
150893
257089
146285
244990
23133
206204
139098
218834
100687
191387
195185
6030
71149
222331
103201
468775
65006
32199
160438
220569
97991
221630
24994
99290
10914
304850
89397
99894
95509
32966
22325
219544
74592
238214
356735
191431
161112
1043
27070
260294
22131
119357
20686
69928
124234
195949
216057
96120
347478
141238
91208
96687
358956
150411
68795
21111
112978
286823
82860
28934
183633
8057
96394
661294
127034
236257
85961
55121
96441
47621
276101
43274
75772
217618
156051
1802
150736
149041
160215
261277
30221
149223
121630
219655
144278
22486
58298
7499
150486
331602
221401
94024
26723
96486
136546
103274
347173
13453
75333
25144
25218
29896
96065
456344
274193
101621
8971
66350
1303
70967
19994
463
75807
22066
33451
253890
47631
91842
92105
262057
57933
36774
95982
160502
51241
133660
329521
121280
128852
262
159496
120108
96249
144297
217006
137539
146655
157217
20111
152275
238062
336159
127628
273444
95362
19720
151711
190908
117927
153699
18267
158686
17828
157050
301423
145742
24828
130100
69535
155390
203055
43244
298821
68869
263724
109176
319614
161330
76027
149111
161336
178000
22755
227255
93100
74932
96262
91359
360779
75230
21582
101697
47058
149124
29168
158382
84405
275337
546150
151559
70182
223947
94163
113147
140876
289545
191669
94694
170308
154989
147931
290738
270417
135802
148114
29152
161875
95499
7896
216657
279150
153482
155514
71875
37765
108784
330567
334504
294527
249012
319585
91928
68027
472370
158701
235370
33429
92370
209688
327071
254233
8058
160151
261260
90937
70280
164529
391373
37060
205753
100747
150507
222338
218349
145923
91446
23491
96218
103950
151560
96692
448357
7973
149833
70054
145931
163132
334875
86697
353840
162108
475082
364466
121802
343366
326563
143340
26671
20702
98002
52293
63836
71294
25013
61050
33404
401163
263722
295321
101973
61081
27219
122053
274448
319054
185786
92889
208589
120697
254360
74076
138620
81
128590
130204
21316
31554
329497
50961
153881
71276
216630
150141
204522
156311
121516
163140
155014
4421
69155
179620
13581
12925
275595
201003
340964
509883
303337
327891
242109
96453
97613
75306
10666
230660
224004
383400
339437
1126
62250
92246
95683
157961
20187
148189
96496
136352
235991
298638
10037
94618
73288
190762
2494
136666
270844
174917
161674
274176
51213
364343
13094
89721
54607
240194
150743
94644
7630
99300
178536
331804
96669
277262
267762
93637
285063
58228
96969
150741
274758
50345
54952
158665
154350
120679
143862
29209
113254
2202
64812
1334
120582
11424
120364
195320
344
101439
1346
6767
41606
156883
12360
298628
4304
21239
189860
215079
2421
17043
65054
8647
412446
131091
177806
75039
16926
143740
4041
146602
160213
274350
148447
141416
70600
89549
121156
21683
139191
156342
110848
159729
1797
255014
3695
262058
95827
207227
92054
122035
396820
260809
238855
49328
154007
219286
248790
62613
121398
149877
227869
155058
162829
61359
240238
268492
79737
37169
67999
430097
92242
10174
161380
123138
303615
156290
125946
16985
1846
27662
64788
197251
30196
438173
92544
121130
216944
222371
102102
390708
29065
19539
69230
218543
152178
54257
152407
330
20993
53797
355619
210482
92329
218828
4355
8018
236959
78022
63797
259457
140992
71618
30264
148940
64841
11627
71097
196215
563796
402916
213536
144322
321155
281404
3288
145464
70826
74053
257251
52976
41075
142604
263854
139621
94475
118558
48761
30410
37418
263600
66934
136009
382938
92546
75810
242836
276319
22552
75913
249745
170484
73655
261536
29579
393166
54666
39856
149536
388055
208509
96953
19455
148245
65052
219880
185916
216954
21304
4148
28239
71946
281406
402116
390413
32055
243327
57979
61269
85458
261749
301412
69299
224598
45685
174745
174316
264450
274497
82618
389623
192337
139278
148902
90917
1838
147134
128765
96737
135885
125356
196962
7374
297171
267661
160832
232049
28193
120775
61029
101028
28320
19642
71486
135311
131052
174345
53497
359083
84300
149030
81371
86455
130577
295354
22196
55780
34721
148858
135917
239611
31317
221403
103365
447727
1753
17678
156310
318822
144943
6808
92218
322083
160474
229357
64998
26417
153424
159486
96308
276338
102009
118493
91342
144752
1173
233082
71261
163412
209
338171
143820
56209
121502
52699
6260
60163
190513
242106
298746
5826
247764
71747
71443
251863
405469
53438
97733
120498
109100
219486
58972
89692
98071
55331
121430
91012
274754
207748
313838
26850
49727
155030
192629
498793
144861
210254
73827
58985
178541
3387
92050
95198
340452
52147
130999
287080
95389
178003
69438
127397
30522
153469
340149
151459
151034
304584
102748
427
92181
207608
2028
237172
73372
59686
359907
75190
117450
67340
390136
53645
9983
150611
668
316562
125268
217610
145830
146653
319302
91249
148221
37839
22628
208563
95384
19525
175314
236862
65419
139272
30281
3395
37610
7848
101712
152761
91882
244
274755
29149
43142
93298
191771
91950
349030
95809
258921
229321
252999
2653
64727
114193
251035
153813
21025
160961
355180
66870
144760
64728
34029
27842
145448
65003
51494
91306
458293
163711
95710
55241
50808
271581
160492
345871
344070
70945
91960
22764
1307
64287
22620
43484
340608
65058
141535
278445
39194
360969
250614
144805
173114
215334
210304
95977
81945
76770
221979
4897
1546
65160
278448
101762
28780
30340
47641
95666
273012
101894
7993
219318
73986
218936
24955
68008
9864
141526
27391
153985
28044
25963
220929
65792
179978
118047
27199
20102
48710
40408
122778
278394
153588
95881
91296
96873
264581
64548
1099
55371
19479
29935
26898
157122
30373
186953
369183
75221
95987
162249
39957
451386
49904
268601
285038
264666
128789
23361
136334
54654
338985
17800
135868
71395
121360
75823
52039
58120
40401
241983
27130
656335
206324
390
156382
150027
41806
152021
97059
126227
212222
19713
143452
92478
247806
121457
343457
68633
340605
275786
134732
6842
50844
92421
281116
389066
151897
691
27196
101742
148796
248524
355089
147283
94604
130943
210678
329475
220970
241009
93933
134467
27767
75027
91522
131028
264785
22392
162088
160465
91326
101189
8200
143235
247008
339301
7626
40744
364554
151083
254092
31635
263453
52992
256144
71349
95936
121556
95434
238860
84146
33879
346164
402611
141211
95571
95627
318852
285725
347308
92725
121093
19389
251968
246176
50775
218325
116353
143653
121791
133260
140740
71114
152737
64263
154038
94416
75232
395984
241963
169
10643
20520
153100
3924
64106
309573
134678
79361
95410
34047
74968
100
26824
347131
7907
25108
257181
50924
139186
71466
71666
303677
147796
27335
146669
121619
55136
159284
6806
152754
128805
21186
145751
130975
90997
21262
52743
59460
141301
72017
1339
100576
73567
207501
257995
82531
149630
419963
28744
208765
7934
97588
1324
38561
643570
40283
95720
255848
7419
673170
94813
160306
125957
148448
248765
289316
161213
41095
9921
93207
510702
42257
241852
9408
355348
13330
458504
128640
70538
270712
131413
416158
64909
222637
387507
155734
246278
31940
91302
240978
362699
246218
139176
278573
146852
274553
27404
260775
7409
69932
91995
355332
30725
135794
51949
144383
49843
216
274139
21122
71726
23454
102184
134811
9240
174054
20017
622470
74063
349637
237025
28794
260633
21252
47779
58976
227368
16997
19909
217293
144770
519720
16909
135692
207525
55094
44502
258346
216717
95138
412117
151981
25191
293849
129120
237869
74958
258072
87379
7202
230750
348863
280345
291542
144721
487086
160616
19660
16986
52745
20956
9758
257207
149715
596433
221316
97929
581566
113409
8246
69424
160504
4440
4097
91334
27131
79726
107231
25778
20304
3920
19246
551856
150806
135859
135149
1813
246652
25965
722137
154407
50888
91559
7964
113851
77197
478988
164491
298688
195780
279113
232467
99351
141586
68945
135713
190699
120362
5981
446049
361845
292356
84359
268002
249733
219740
148156
265576
574
135146
58398
101943
472599
242009
63517
217421
145307
105064
13728
273609
292152
201757
292499
163022
287195
70393
29741
150868
93112
69015
20870
92000
264788
102687
19790
496961
148825
16752
92209
71910
146835
53271
30600
71745
464055
190524
41553
10031
55124
263229
93407
270856
301056
4268
49503
136691
235938
23320
230886
145408
18521
252983
147190
298709
143219
187247
232324
98361
59553
123741
270572
243330
3269
331910
110263
139219
91542
94595
318058
217638
70311
92249
13442
72205
263418
30536
126081
261735
18583
55507
7677
287704
342269
135102
124329
278835
19784
95603
8132
429664
5777
462484
75379
240437
91465
48513
49869
183644
17360
144279
586804
454760
9100
65241
60718
195249
195151
34720
153152
136342
586350
252287
346579
75492
185748
200960
112333
303782
1433
162116
162594
30937
417096
25689
6334
20427
66989
4631
141536
160495
150157
150682
17473
131451
71771
3883
92131
513
25799
96865
141530
227339
336371
94744
145450
121807
19901
286778
155667
25167
89681
9118
159330
57977
387064
95953
188451
120415
108625
493343
348034
10849
64787
143763
148092
3440
7827
259648
505287
62644
261345
183891
31892
43308
243691
331968
94453
238450
395782
19623
249499
24925
8053
319450
97206
50791
114679
668308
50430
64272
174854
157265
152669
27267
131619
23650
103457
70279
203254
114111
129779
21291
334953
24288
289353
40051
30276
76527
109125
88149
63892
26053
22150
246695
246304
57872
37143
301385
266060
50957
512190
91246
49746
267243
71556
171432
26531
52326
17863
226281
2220
263634
320099
32886
26025
126167
7178
200764
147505
208472
89069
16776
263813
26240
126292
304846
162969
105653
1801
49524
95269
18379
143947
32892
19922
161090
134340
149262
32312
92811
390216
348236
103595
263881
220573
54795
70935
329207
255643
59370
146282
450810
394929
140763
268023
95795
114539
570412
19363
23373
217170
91062
12184
247768
20242
269105
61123
100754
105765
471309
61004
337138
71098
150562
33155
240977
102256
135708
255924
109688
75121
98336
143509
153064
135316
102241
362258
151764
13369
121268
12722
20645
91108
140940
94790
139981
292187
242148
3940
102915
11887
100361
27124
236471
64582
30195
120224
235598
49877
240373
58155
187395
28149
75133
189694
94162
99775
10581
65329
290822
28726
113
91203
22041
85299
447483
63678
17339
291923
37545
42850
204961
92513
92202
145462
1394
69040
354109
470536
20495
90954
49897
289407
93259
242001
38022
532870
92041
19378
283411
40251
41779
92092
178531
596016
43328
52305
295008
114099
70402
163261
131032
118186
4519
148810
219360
216381
22983
96906
49849
56456
195409
24851
145333
471798
121612
145231
30369
20401
114257
323378
160327
114073
251598
618240
21909
92256
39177
331332
419961
18973
12205
151526
218993
6850
436164
9338
66378
117572
8045
152845
48523
242100
59004
92626
102026
134765
89712
37779
268393
140430
218231
143949
83513
28254
627745
24511
49527
84246
3018
280355
41521
345908
153822
226410
49888
91932
124255
20115
31894
27660
41089
259040
128382
128208
10121
8590
419986
299735
242928
273904
208753
96165
31316
139224
71871
133094
94827
28173
99409
8833
22977
207455
134909
7106
160480
576317
133625
104770
7992
131276
275139
41634
90927
102086
32677
16836
92339
102108
140777
11278
130524
417515
24710
128057
106705
9889
4796
318407
40518
361614
117530
25215
42235
455770
221918
309187
121603
274511
153960
290011
243366
320993
22401
575888
96216
79229
1652
305225
172343
59404
96031
30966
54907
244778
31430
289592
13137
41733
11832
436130
135300
99062
153000
24814
59123
156152
190754
319610
191572
95119
283452
170279
13286
218307
363422
171225
302243
27928
27086
20697
121372
151666
10027
96601
104013
30302
156558
146276
96024
198
114049
61360
21151
270646
333998
490451
28632
75109
50936
266199
91920
391800
152547
310696
77279
95461
135856
71067
3535
349810
274406
299474
146415
70996
4896
2897
26930
157983
25875
190707
207738
110593
25233
7895
6874
204615
145459
47829
826437
367698
277024
96546
101962
14261
93960
35368
319675
133084
292015
241678
20043
348321
147216
26758
269890
20496
263551
216750
348413
298845
20484
50756
227790
92956
100066
246537
78603
102044
247266
20094
64782
301772
7118
323011
54641
97055
69612
69108
121108
91042
108777
682
19496
58001
94360
99433
31401
60984
26202
91953
131037
135928
156601
163020
29091
13905
266346
219349
259191
381713
91378
148882
95113
78845
252862
94924
186876
1517
355487
334106
189687
68895
23685
9856
330043
25146
71828
91150
244539
154195
155278
27379
446004
153998
43492
126159
264748
25017
74239
100500
216518
259185
121364
129662
473627
345857
336400
381651
18197
64137
260418
347368
8223
177942
179811
147162
190635
44492
64736
299601
153764
7566
28115
299390
208473
26731
164598
258383
178345
303616
61003
262038
119484
668318
261069
7943
390149
45481
42877
144379
344197
259705
134586
11205
40397
239081
261226
91997
245102
18090
231358
18352
121493
30901
228531
275263
20337
13010
17929
61911
325882
23396
154272
7066
381732
88245
405418
23236
272899
86985
204639
99321
134627
84159
160308
390144
64516
71569
143859
240016
227642
70850
340899
256070
11960
203256
152234
26332
71252
287092
347687
238225
228938
43237
331108
3598
13429
71551
347334
334526
46835
436505
220144
13189
295969
157215
299471
40511
470424
136392
191972
389148
27153
276976
103524
100700
136569
36540
117428
71906
216667
20535
12424
3447
381500
114069
254121
148444
215075
353865
44085
159447
75017
44436
1755
386325
102265
6324
123135
92623
2340
25742
260099
6329
506001
289773
95896
161324
302
24486
71901
92808
28597
61150
267063
325064
130205
242055
362178
71596
491351
267423
64514
385585
121765
262527
340911
153859
97278
91498
262134
498201
163859
140869
121013
30664
25128
396345
44055
160897
7942
102124
31411
127537
8682
229574
64199
37649
114804
121012
4465
92595
402632
344437
207313
104170
348038
451476
128183
71302
484294
329070
275034
136581
92721
240387
120225
252867
268810
471205
148835
1493
223672
78840
21268
217299
287667
20301
102451
463519
43830
1087
49924
208559
349371
92127
292378
271668
628846
128115
17399
220971
347570
102159
27318
151641
28397
148859
121529
90903
44507
27025
260779
61766
440192
236490
299638
27331
25870
451410
200176
203078
143272
159444
32660
255907
71433
131930
178445
389912
333616
71598
218573
207367
149692
151916
391624
118123
755
69072
436487
127755
359922
145868
69253
240314
21188
7336
70559
315274
32717
98068
147492
249957
3990
13193
298433
487516
162581
150292
34706
134950
2983
131144
441238
7162
252642
54759
50846
175200
133720
71920
3246
231132
36184
96066
264313
265614
156964
64066
150461
144542
122489
7311
29203
144385
154436
241828
147345
7534
102740
42947
154994
231073
270419
145221
217031
221173
261822
8928
75936
97982
149114
247631
102959
17827
302061
94607
173979
74740
39354
64541
277016
8015
102936
201489
36390
789
146005
92200
266573
158535
382650
635704
203103
20166
253286
76491
99785
163142
201760
90922
4771
259319
101763
6908
20932
71511
96056
26722
71662
260399
175031
3390
4172
58717
51058
131178
37841
268874
159712
593479
26550
143828
21713
158472
139720
64577
148593
144810
92081
91350
1600
199591
88341
95430
260135
120359
252246
101506
71282
71641
1956
148451
351506
7079
163480
129712
463524
24052
101563
198326
220200
35428
129115
226470
52298
64791
124460
2478
35197
154305
3177
179698
190582
277544
215321
139211
123086
148827
244508
139193
101793
17821
75945
198669
428466
31646
177565
139268
208545
27711
110675
190586
121654
102263
639908
151474
83934
587039
7159
401528
161326
61574
323086
71139
30411
96620
13969
82449
134686
261523
53337
8258
478
54751
529769
27935
64421
368689
37140
61131
26183
547624
96174
74920
303685
229286
16914
155811
362705
662957
137480
60005
92877
323269
91975
552347
110785
211514
70922
64910
95072
30392
13087
301784
160390
215325
145040
140539
308290
135210
9705
118571
71339
178450
9478
71505
20573
416548
21173
28078
129738
58005
13460
121366
456869
147490
118507
265994
4293
37902
175233
287088
195509
389147
8250
65097
158434
21279
370189
27132
20065
191190
238055
4065
139602
175140
62742
12661
44554
123156
7855
26721
144011
19371
71223
199534
23694
345907
6788
29023
156139
101533
95757
190913
188297
130913
86305
25964
79159
79421
25206
227532
151875
52283
100654
146004
154427
264024
341946
259247
196983
240396
116021
139387
76009
120575
60958
163161
179782
47689
611889
66429
526126
144280
119662
22776
73007
6837
122791
133300
347582
7342
145337
36281
125242
51529
251582
269223
31657
12942
160978
71329
121618
299561
152224
20423
78158
569105
114008
24888
395061
212932
97768
271505
258843
413360
381877
268918
512373
351480
152242
71487
59158
425081
139120
71972
138990
187221
162014
71831
3359
301433
136222
663
623
41688
96332
148913
30401
217628
122084
1907
69967
145753
150387
151240
102212
510225
86989
277381
221375
62705
103477
17482
105424
13916
153742
85970
137377
71189
100206
188599
58657
510342
259934
147308
43251
449220
160223
276285
141224
149222
97232
82239
495387
585718
94831
612646
60311
7047
160349
75408
30671
149666
352469
370425
2446
101698
71058
40555
251490
162338
129187
133815
148545
216018
3029
27228
423909
112959
96305
153591
27605
9637
63234
221891
5835
226943
55276
37131
11729
141809
145372
270366
105339
1942
272867
95992
174234
229668
92044
22396
101956
233099
66619
8089
184841
149601
45694
52817
344870
7847
281408
130915
69886
237715
49799
628473
309453
219251
138891
368754
163139
801
127660
278075
49336
16825
24091
154025
127274
139196
75935
71123
159245
22647
136391
69549
145382
117430
255933
29963
255968
2515
147823
246162
120782
123790
56260
380912
199195
42300
101195
270959
498936
127073
75944
151881
198868
27010
149595
274253
162155
112595
20330
206241
133098
7090
4898
355946
146659
66589
104803
331375
157966
139394
29315
3249
140891
185742
110480
17004
121597
76072
111494
59372
128579
331927
7304
32325
75169
246146
471122
70950
220745
527600
145380
95725
131054
104060
71196
96421
157811
27069
160633
210491
95789
156144
160222
204521
104221
162745
75469
54647
363690
208279
381761
20671
13472
454740
175231
93445
110764
286642
240879
49500
240463
313105
121106
32685
95542
278541
17307
253382
76950
68883
118770
473026
40253
47634
96279
26913
679209
59261
254965
136248
188588
7195
6863
27601
163145
128532
25060
321649
92282
64135
151511
174897
62091
63961
44964
329363
146002
101613
157344
96984
64763
114322
30367
13812
32251
192206
156816
120675
20157
64570
251
44530
153918
13172
69946
70960
146491
80265
47873
195511
136401
40354
54941
19466
65038
112622
474685
112557
237195
146173
20372
106047
754
503781
104046
50904
260410
49470
101830
91523
69896
222315
160165
50992
253001
150762
19377
26190
20447
133694
188597
131026
244073
95921
268893
274808
154271
70269
490629
18364
147839
223612
64927
91906
443808
90427
102646
134761
156944
124129
257059
558347
296636
127273
17611
693603
28333
240398
124479
533731
329291
32
23347
36510
58260
10170
118938
30346
246583
149207
275491
1488
299050
189515
232030
449217
251618
71949
263207
93648
312248
22490
63665
347746
351339
230641
273023
224234
32046
82521
38133
96282
16846
19730
347875
95210
60975
92026
17716
162944
23679
490
40822
4754
93723
31569
91390
344234
70739
46282
339140
299800
237008
251186
25725
21215
71823
163122
50956
21243
56278
526027
154183
122237
360602
148446
310742
74820
75186
50954
59323
391468
71010
136236
809
260140
6878
97151
43167
35502
31157
394945
191288
23823
299637
58391
99820
19795
299602
143785
99901
1424
187604
352335
109254
393682
188372
103324
117680
156899
22508
92967
130533
283166
99468
340128
10064
162238
149819
404780
229626
178005
729155
629080
19472
158526
534037
20250
61639
155512
83537
193339
228719
136316
13190
101979
71206
99936
476630
101997
235897
96983
144377
121501
274473
222640
300729
74618
155315
71417
303334
60955
129883
40495
438
108912
1540
1931
71392
102227
38408
285609
43006
86044
7248
12808
483968
21763
430188
112547
25516
369099
159
157203
99994
287549
451478
408053
154523
192231
247174
273948
64419
403215
95345
32843
49537
206159
380856
258922
60089
143948
61450
49435
257232
135851
1910
32370
136542
124
135891
116356
38144
299
186874
384917
81016
73368
261595
2714
275097
108979
477708
287670
16726
263163
220907
22385
285485
244055
24745
7013
95367
92572
116810
3397
71387
136225
104518
59001
127369
221007
121675
358365
13616
154488
130522
117873
114127
145303
2529
139215
41116
386003
147659
95904
99323
27007
81997
149605
240417
43894
26724
123107
269810
149182
29636
16936
252780
256234
151950
19388
92773
84323
312249
92647
63587
2274
123070
238878
364000
17965
28582
100736
332542
453573
68905
4234
42498
91438
45147
179831
152739
145584
178848
352055
76507
207805
92529
143320
20817
64571
164630
141563
154429
134813
41253
61199
258808
239615
62626
49715
71386
195981
174868
240193
198328
99448
89487
71700
261943
121851
241323
28371
153577
231980
453595
164806
44051
49839
134751
153578
7906
5103
1006006
244191
240234
72292
35455
26411
58948
30422
147515
51933
98337
96561
144145
141210
232104
300847
237729
174426
269952
229732
22190
201278
263856
101942
43042
299508
8601
227490
44461
52013
266246
276909
289474
1723
242207
145951
717
20972
103057
130971
7067
123097
221253
161071
29442
97078
28436
137622
290833
7875
229766
121429
144680
458673
1154
151022
58938
70858
124958
70986
104096
22662
28359
195070
381857
381070
127200
13074
212384
240039
262724
418848
27598
420077
162357
18574
27347
257087
139258
92733
125852
491649
131017
71423
277015
7754
36408
24889
121602
532915
148306
237007
47622
102391
212423
71807
69032
118567
27360
174086
31690
238113
70062
503575
60941
512452
231163
189700
342402
4473
94627
210011
180143
70649
149759
235894
92052
90914
26837
91045
37119
186932
155031
466321
42201
159334
630566
200030
94819
503574
4257
126068
29288
13392
1750
164146
251970
189764
71537
50944
184274
64621
128892
113849
30565
1264
461371
103495
22669
108746
184251
139851
256362
31003
127596
273170
183834
503780
91385
770017
418176
85534
58315
14039
47156
239288
53496
256775
325011
232644
242170
204630
241394
26294
68951
55364
246097
635837
95338
201794
222395
177676
237855
285501
115637
277269
94444
78832
191239
245394
26388
100312
176578
35743
19605
259197
134762
230877
23077
135276
21210
10824
132791
99465
242048
254303
63024
160707
40461
200162
2153
31837
326576
23861
452275
590568
268490
1126352
237263
523779
68707
147933
1946
127271
189643
134670
92151
161832
96385
70089
68718
258167
45900
43497
119485
30669
24246
529508
52876
12270
121616
352627
54942
166290
357973
134828
184910
32073
69244
101204
156287
48784
20636
153854
356529
25187
96166
75129
47649
69948
139904
99749
479933
23908
303803
203074
141163
29784
901
144699
69003
141665
78523
76049
842510
17362
134602
42217
2428
148842
93120
189736
207595
61421
26775
131089
64049
459667
4299
210321
59543
121059
17830
575865
402940
263097
342303
330935
83234
7318
326462
65717
18978
393122
227363
290768
343238
148220
49938
97224
96880
49823
140153
159278
66861
28520
150825
64479
26342
127632
134726
20869
100848
8082
18642
265568
157216
61014
163029
254049
361132
151236
94102
297367
50849
75150
27924
257961
27398
451633
498823
30587
370115
207365
344411
195957
21030
64846
391472
121236
91929
94605
156212
48786
313751
218008
281277
170434
92193
134910
263629
20300
149203
189352
19762
136398
578475
222590
28442
97005
329525
96114
161284
95609
131012
33397
45175
197458
78500
406784
103259
47761
24466
265976
474751
52142
379
147213
458797
149050
94593
92855
146662
96289
60972
96193
465983
292221
220161
245095
92567
79177
66936
75262
265190
506587
28765
92326
61492
130631
226852
128411
124057
58651
348430
161323
197674
30579
19521
95763
23877
160585
95576
220903
331656
28785
71477
91668
23342
289990
101186
226740
304953
48644
271757
326560
93122
70225
2893
13018
146674
141162
151883
92302
61162
22327
150676
120721
73745
120012
96086
101864
143723
131453
58139
417000
27090
95235
92712
135264
248988
35414
267379
18864
151193
32606
23271
298993
331597
10545
100479
68473
7830
92251
46948
119921
386331
147161
103462
123148
139181
260625
97548
109186
145364
460060
235371
289986
4159
66846
315177
145479
158466
152713
208555
443636
71444
121873
147289
121218
101767
333663
362587
61224
653506
159102
138030
13086
83253
75051
54777
302241
53650
299378
502533
116231
215313
141808
8144
28123
156524
152417
531
100283
164012
53796
146652
10249
241960
222475
18372
333672
318792
52918
97723
48539
132889
47332
261924
489828
402582
408900
245418
17857
128592
600291
17476
148943
19532
101779
5844
121624
238429
239690
327008
89082
294774
170221
66982
692705
157079
143750
45470
136863
99998
133008
69241
149632
144704
92098
16918
21673
134611
103405
12388
88082
464972
12321
238448
16983
92883
61892
191916
54933
108909
32803
28551
263965
74418
17312
276336
28080
390135
153518
25199
76029
310552
151232
215511
99372
146266
787900
13459
96448
391686
142275
192244
72023
70853
201770
347106
23328
389116
49818
160212
230109
7983
58326
239627
436494
319587
645599
31296
137600
24395
35049
143437
78839
430488
71231
24665
148389
26517
241957
134796
279666
210314
20597
151284
54625
120046
259856
260449
304793
19906
101946
9483
641901
3881
385735
631446
69622
600264
141707
116192
250815
145289
239935
139076
65072
238971
93221
267083
49932
92074
99695
47637
87064
49970
143152
274843
26441
121061
109316
43143
37768
34470
70990
155036
280653
472
381929
23429
20108
192192
17662
404868
30429
285468
160310
164817
68896
50534
140958
180117
355383
12032
313754
244268
141216
576322
96395
147366
99106
65540
92221
191762
85893
102780
2967
121505
331082
37550
315171
76525
147824
52663
347294
101957
260136
141237
346457
262418
101202
7048
49484
22398
135214
122313
52479
102088
26940
134740
51797
229746
96819
16820
33463
57910
84294
319665
296375
26523
263719
343181
121163
1893
162171
191162
26500
100018
33376
154074
119996
215114
316865
99158
260425
122989
28711
74036
160322
92071
143508
143822
69141
40355
222538
33248
139845
154400
416183
120025
134817
145300
292848
397082
172266
31040
187356
82916
30783
163485
331925
27284
190816
73935
102211
94919
5861
92598
266309
92710
135920
16817
264026
97014
128185
290264
31467
66998
313770
68989
97712
36442
139609
215941
448172
208420
246545
303620
59005
77095
136648
156523
134886
391623
529650
68942
20969
61487
20085
96541
146043
64599
139243
73609
134603
261349
229004
30718
136387
177922
31676
195791
585582
69407
64415
23072
22168
61235
141810
21118
153543
210307
118955
29559
158747
424727
277861
255860
269349
37322
94863
339247
11710
772
391477
271963
31524
207680
273907
23106
46155
74308
135913
4112
94613
147871
402093
123160
446146
30854
27797
220969
149048
134393
302359
285495
9043
551702
127277
68729
624614
1113
146857
543485
101193
159989
190694
92985
609541
161428
139855
7710
128112
143717
121850
124205
221567
208207
420374
131029
62149
89060
163021
240092
55077
102481
57943
261933
240970
101627
241
242465
274499
242024
69871
244894
74990
74274
221858
68902
29582
91567
161264
113199
121771
381336
101442
129110
75495
28182
121118
124463
12410
424405
128874
54623
89770
70597
211290
255305
64425
64171
91052
273108
244493
148522
69446
120474
261609
98199
229325
152251
222017
228745
30700
26957
8548
37777
75763
102922
243509
141580
258911
30188
419736
23758
151201
149318
96423
537707
244538
73918
24932
71536
205488
140962
96080
136413
355420
7571
394946
191534
76519
70310
265016
60096
325052
133287
57901
19853
144781
20221
270865
122192
3252
138889
60942
120694
204517
49103
8516
190753
101555
161088
232379
219932
269900
448163
40299
143143
360639
110155
310730
34719
92032
146581
103617
30239
468814
227557
157424
54856
101915
469393
64864
220973
472597
127280
96415
348049
8150
436488
220399
25775
72284
92643
319680
50483
71944
209204
269912
201787
31017
65245
228723
117432
94129
92108
95307
300673
180185
70396
272902
65531
482899
23984
521522
177477
24809
386329
144941
95327
258308
290725
30766
196925
408972
22687
607263
50169
9998
69937
297045
71213
42570
128119
46912
30205
1826
36153
16934
27648
451411
256572
195394
155318
143333
69540
162810
395995
31408
451655
123065
150810
97202
479143
148137
137365
692
121636
131112
189708
152567
299612
147603
386737
31869
3266
154454
195380
163054
381863
3373
454790
104271
40427
136094
161834
64852
186924
145466
285500
559277
121074
121515
1539
201720
359672
177710
478428
123078
4060
56038
30289
131375
94510
17272
187611
117798
96320
450874
40861
347181
11349
261522
265256
121874
382292
160226
38139
257459
334030
113236
141589
123854
473250
299729
26149
94835
115676
121590
285831
203083
303671
24365
132374
190
113006
271336
271739
105761
75065
49894
28019
175223
148438
91581
359621
125772
215355
3722
25136
96399
43186
75203
134608
395064
17048
235882
156053
294549
286234
71530
390702
91411
576383
81294
233225
570388
109459
12014
341920
277065
6934
303628
121870
275146
177652
19498
149993
163212
136502
285440
19567
261186
84619
48691
91989
153025
97314
120144
227504
396146
26755
285768
263880
289544
395800
35031
2550
147934
604019
135129
238218
309577
59288
112921
331432
102125
27270
163303
31549
158049
151767
353449
131053
609935
198786
39919
29557
269794
152391
64156
239908
65813
532806
129854
51751
336829
28383
29187
135702
29341
49777
144492
289988
92959
274010
435403
178778
55996
71410
367656
26196
263879
76041
954698
242815
583073
158542
147466
7394
260383
160706
7946
4238
343597
52284
185744
31037
9132
66520
123668
96728
348369
95252
735106
4849
286797
715662
64576
229340
140897
24881
11881
3601
66977
143680
361111
256574
172352
119642
20070
226163
146073
164046
1939
144538
655156
128610
355947
70977
143742
233284
26178
1351
266472
92979
12878
92995
440
28722
103926
271572
200122
49810
471036
37568
61712
75782
52278
600563
370175
140207
96991
79073
21104
102309
249347
440161
141277
121203
272898
95388
63851
134766
18890
151453
32165
332302
70374
151793
101480
102476
19654
158520
389328
6337
298915
108619
215881
9834
131467
113611
65838
143768
136519
2948
159479
65842
326703
92385
208588
145692
151743
628762
140551
101266
136364
730199
10193
276937
55518
150
123704
159298
12506
216321
521097
394443
334238
70093
264641
10986
69069
331459
627477
64831
149988
95205
216819
321460
96521
191941
45654
98499
27535
27189
235441
255859
90962
954697
209721
90945
281392
339482
20919
158505
34312
87
37230
409621
159448
277014
5807
274818
144774
216941
92630
14025
91286
12267
91123
47611
96038
64209
19975
96372
26338
63091
135187
226358
498778
445454
160219
3966
220424
400994
227586
598423
54256
251229
32061
21090
145846
23621
147811
97243
265606
465993
87110
64395
12402
110350
114361
17697
24820
148950
201350
124209
95963
161684
137396
6340
30943
45670
23832
9305
4215
21218
162082
41537
221799
148917
94765
498777
625788
19644
96049
186550
20955
7687
402033
99365
2310
96910
247935
93598
151740
471239
486
71562
43834
462601
30640
246614
298779
92597
121740
103909
394406
98067
75896
899693
100886
247315
558
385364
142068
23318
62682
7773
25177
247574
158408
37559
170311
220167
100300
102490
157552
348528
69750
212441
101206
153425
178442
161959
146928
70846
63857
125875
27068
1947
149665
65070
71478
160786
1945
199528
418763
120668
99193
120847
199532
6781
27645
32040
218576
74605
162017
95941
424453
195370
64694
17686
262503
281419
24822
136071
58933
144676
28494
20144
12917
140466
30467
59562
96390
139386
240078
542910
24080
49447
838436
94950
58425
25124
172522
85787
136851
278554
33140
176216
160076
7908
158545
222718
1108430
238440
13942
49828
27036
240404
120543
135796
26813
122115
57885
1035
172969
73576
147830
132456
10788
148938
91352
554492
238924
11704
320367
93691
131416
74914
163497
434588
219334
257799
356651
349659
91058
145779
29584
291293
75432
125702
62675
189712
114089
102146
463241
147914
174794
386428
203291
237605
133661
7537
246253
94169
528544
268793
230241
261137
90932
65016
3959
457442
141505
236401
90996
23149
20946
44526
383139
291078
299659
136871
695
136633
26773
276890
66795
642816
309754
27082
174052
143774
95617
419125
242150
633736
92136
39735
95733
95399
2794
498560
11336
24855
163576
71192
274369
333789
718965
29401
312455
261679
123196
554485
102689
96949
131406
160509
159316
27236
116440
110627
66349
55712
260133
94549
148509
247285
64827
206471
61035
125934
233190
6493
123655
52756
173017
619180
163019
215349
21717
78127
128106
3455
300678
24617
162586
511923
74963
75320
193344
247615
129159
121415
730195
13026
144739
3114
247610
128414
402773
453348
112964
136844
858326
170065
153274
61136
28544
357206
274519
191490
121382
130926
273977
64855
21212
257102
270902
222399
39926
83566
155165
122946
1214
549978
398396
101090
117382
1828
283469
104207
118506
215616
30468
22654
475059
143760
566778
191692
312580
108612
61100
27860
230783
74508
134242
180851
446140
31220
370077
91850
219258
227645
145484
343836
758913
361664
99386
208851
41194
102743
292707
156773
92091
523572
59149
623059
193103
22615
95787
287671
74970
75079
149606
161349
126132
78349
20620
611882
110479
196379
135865
123979
122013
1902
91504
189028
195328
3234
273113
327320
129766
152734
217198
253255
146690
266372
49827
140552
230168
127548
4147
267511
228481
8011
158364
102889
269524
9225
178235
242392
269913
74397
465195
29308
12592
368593
146660
134819
269071
91349
75959
148745
49478
121900
219847
394429
465180
259619
322086
259642
148876
120719
103369
73618
54261
97878
31215
3929
154075
152687
189330
268231
41715
91213
152288
103488
152238
91297
145953
40092
21695
204981
510257
17927
18417
19493
31696
16716
264446
231099
389052
242490
140513
21811
75908
98065
55103
24398
139354
96621
148513
299749
242588
33962
29573
252170
101799
21960
94338
58631
27787
104737
395066
149053
26520
50287
136389
19992
123681
5806
299571
152581
387547
360972
106023
187303
18729
406717
101011
309572
207641
300949
303330
451717
436787
134820
459161
131005
348374
70283
124761
227450
346082
36625
241416
26960
133206
7701
551799
289551
8780
368725
159423
259463
180760
174194
35215
505930
209994
162340
386696
49751
387966
503330
135153
43139
144644
17122
38684
206485
45588
248984
3760
3443
434261
17757
264577
461774
216928
152164
242129
339479
459126
152672
206109
160389
71187
634409
304950
89694
823497
58694
334266
145002
49533
53325
54821
135719
149153
191121
230319
43208
26505
272539
201577
266649
153789
125879
221562
64688
851792
22244
239082
146275
352790
264094
360583
103052
208651
162262
151317
190480
162272
271119
104272
116137
153524
139188
498789
8286
153876
230106
126080
347374
91252
51342
419979
125958
75257
119385
17035
362294
156141
221370
135860
93369
118540
119408
624982
177725
12978
200110
21081
24890
385916
7059
1111
248101
152938
93397
101664
96806
647658
6035
954700
21996
386420
49413
152196
141507
97270
405420
154198
17282
55980
222285
121642
32898
70605
257401
7877
324562
223608
347310
52359
612662
105301
418094
345919
261913
303092
54815
531038
641314
258367
58978
7548
82342
283383
172338
29509
10313
352736
66798
4222
75105
259158
19529
314840
101319
160710
71427
100579
253777
164816
117878
150896
2078
111584
143930
204633
17534
183661
259727
52249
134781
244952
152574
299790
143475
349633
236056
37924
192236
244900
4037
22370
103540
118533
510651
146494
139854
78702
187300
18483
94519
325908
381913
151204
180129
18920
408721
347380
292709
275163
33648
554440
25125
30940
193916
118097
136302
13457
160998
105304
59068
25041
140487
102957
53678
1978
6881
149191
103444
11538
257455
4249
41582
215863
291984
261513
118999
240292
31559
24376
108652
122578
221179
71926
91397
30400
215275
6833
430494
33268
192378
144614
3024
75324
86836
246956
22524
216325
60957
239757
228746
305039
136698
888879
688907
221540
174957
96489
218591
339858
95974
69485
163765
474081
68519
285675
435287
91028
120365
332096
145976
60154
463202
123075
59572
70090
257419
100695
339051
223955
153138
140464
299750
21966
66700
29663
151877
275440
624515
253609
40424
10151
235819
124974
302716
134483
136226
13444
679
174861
263522
25214
27269
241538
19403
3071
19583
174232
152804
280352
218556
89746
59491
54817
387650
153042
335220
24819
58630
155369
237221
159888
195562
130622
476881
364342
55866
146575
18193
1751
306108
503769
140452
445464
337028
161682
158429
498856
230656
293958
272298
145419
109371
19666
242565
134736
326809
263721
49854
92416
25849
21759
205812
10894
71697
299317
274110
121492
174770
116029
341809
608
25695
153541
17882
318840
627328
160315
189045
130116
141230
417024
202094
11542
151736
443224
96944
269947
6111
230863
236240
313818
229755
64545
91386
186983
645357
155102
312
87809
125942
354467
155700
266026
268284
11360
94668
48684
303340
7966
128212
105968
217038
61039
517741
327485
152745
74959
205050
277914
266198
115993
21723
141302
217042
40417
329067
155641
158801
1916
133222
101404
104222
19649
23312
22239
212321
219487
174075
23153
61628
257955
53417
68909
873718
4530
171420
174923
153123
285587
23731
269089
368825
105224
323216
61675
431984
236742
238931
12211
24286
41563
35385
157724
148108
64068
43951
63856
252153
71746
147563
145973
148443
220611
208174
24294
260950
298740
27244
191373
25001
50746
6474
71512
95132
42572
97448
70322
140241
341497
451763
163125
91298
91188
36322
31410
21087
216720
277400
152920
71083
161664
251537
220741
456056
393999
93980
30446
424193
79209
309192
329059
665907
253049
3944
56029
20264
27178
65253
271610
239624
21211
885279
207276
260118
445895
95180
246679
20298
6410
287104
505964
69845
351349
54858
93267
2454
156528
339957
152393
302197
96655
1258
153549
153016
152619
459702
160667
706121
816305
98061
146800
265499
94168
29572
396340
113722
184252
209622
21086
92391
228525
148464
91890
21931
309931
414065
25369
4351
30218
383630
37642
447844
78018
350182
137521
30238
27411
626441
65583
11117
385554
272025
64542
275737
156890
54785
301399
188362
563176
29658
95376
144987
128103
40378
98077
295653
289320
151471
71428
61419
121792
330954
61254
17155
243891
293810
91106
222450
148218
225975
148344
64475
28566
273731
634372
6380
30227
65188
261091
79047
43841
21127
434703
60973
71347
222451
95840
97935
260788
138487
201200
313829
29944
215546
391466
290653
3414
13723
545621
134594
80469
13473
25914
112674
173100
191516
904098
134639
118939
70956
99243
157549
380935
155547
40352
36799
145761
162669
210332
45582
92993
16879
242000
151522
157885
261219
31766
201292
148018
585
72225
221668
56576
103772
10209
149999
71832
315375
97980
139286
35272
1276
59174
147279
91442
389951
175126
49648
200154
112582
60066
1064
92479
146195
233192
44471
134004
328152
103676
78976
252711
336775
186587
587108
150980
24747
58730
189811
160489
147861
139974
91434
43881
222736
71073
129677
236009
559018
16896
252221
131062
148818
348201
44045
28511
75657
51750
1625
50982
92160
255137
201059
149063
280654
92599
19835
71028
247253
219720
71172
101541
218079
39191
16858
20161
353722
71364
75814
3639
102512
245091
390234
183905
385887
49756
256537
179861
135203
102789
298788
64264
26529
351774
35619
64701
242096
93335
42536
40102
86021
281023
622248
394990
20138
450976
228851
274962
228328
87042
16975
242015
624
103199
121210
64744
269082
93144
28759
394395
257221
292585
239181
72004
451382
104012
155082
30460
315295
94602
239214
150333
206351
172622
240996
496962
184253
100030
101791
146598
238979
13156
154217
326811
49549
61317
89642
274449
259133
267643
265955
261821
238554
450910
72296
32450
49677
139558
433
17962
4181
293860
71336
157150
31777
195417
91243
4581
97099
100371
140759
67649
420429
336382
27032
70992
58725
92101
154458
26059
338189
135229
18998
136629
416718
18997
4212
102065
21668
261355
71967
236541
23649
979456
617
75409
104583
670116
391956
154821
64753
24608
134713
546499
53130
112
355291
599521
57878
279261
35008
119200
329053
260710
136609
151750
228747
395121
7905
102506
93959
92760
475821
145600
97343
423589
58387
241519
10650
271699
156894
260067
60161
103340
95473
56839
50895
250680
161086
238829
156634
15971
285536
60565
109130
31678
142478
187333
94829
135890
40947
190626
7251
241430
92178
39670
327927
96264
102800
163556
392423
121601
242135
192215
121283
5931
239877
93361
13806
257777
91158
205815
370232
155259
114234
144749
3640
439143
5776
52371
149116
25708
53384
239536
98317
63619
198161
148925
247177
274807
202050
269781
192503
584314
49619
4906
395742
227316
120001
146834
51793
101575
242164
103952
71673
209995
634596
136685
1848
16880
120829
151543
140254
121892
456314
96004
25515
85412
158146
418220
26419
137183
241872
244989
38873
553348
310484
25977
97061
68793
16797
84242
152801
101769
190764
99861
433451
217623
76183
100399
153885
20109
262344
128793
662348
345926
4724
438643
272561
195368
70339
275787
128020
364362
21198
133701
390549
135819
571356
431216
217591
319752
395981
71475
51821
156314
22441
446068
154310
180557
37405
263603
136535
119108
45743
269907
325998
289411
30185
92353
186807
104125
334876
363918
9288
75608
40264
443543
162279
97466
265254
267065
309597
94628
288331
262911
92753
128604
207468
207260
3476
55470
121090
267849
104217
71508
28909
298624
393947
153041
125305
50841
842270
121103
241919
230603
509938
144302
135293
22462
64270
134699
190631
351824
318733
71442
74275
488156
26393
4792
128901
13637
255930
350348
58724
8091
335478
49606
290692
4074
33085
95853
274637
20512
215345
186914
109120
22121
356175
139290
74408
54804
324604
23098
19965
160650
20751
722139
152757
101623
739097
277812
347309
67738
135297
398151
237239
278439
54807
41558
35671
139075
147417
310536
208458
3517
161964
275708
92130
93633
64499
286650
369078
218318
58472
71899
348408
275822
270103
78458
21100
37743
405464
145999
103686
97606
42840
60179
154043
145288
260952
1543
64452
156126
117359
25696
419985
222557
64003
7588
74304
62939
59256
201561
49773
70941
191433
637
475870
59151
183955
26104
146898
151404
132337
242067
239892
406768
269258
136642
7659
160992
738607
227861
145302
339427
262785
131035
228870
100319
121162
86090
8062
70326
147110
363955
141189
150342
8186
367945
257722
117192
3470
259356
158789
135090
117806
59645
152136
246660
97058
283192
286637
46037
24936
184658
436458
37553
446937
381340
97759
94590
8157
286437
28605
244718
446341
68834
96789
1925
430835
194184
144837
190661
97011
20800
118048
121922
260656
326222
3934
318799
141909
267283
235536
159338
391421
69477
156889
93588
420983
419333
277398
319666
19565
113682
221342
47918
25952
69447
116126
224622
153113
438327
146929
70588
483460
456680
3228
180058
26771
51745
4810
50848
174223
20306
346414
368254
261415
71645
25246
136439
188340
96515
531822
40013
20710
275789
270875
364560
134791
103109
105643
70077
331349
44517
99739
23931
108792
467688
16650
360039
19935
141765
50784
150877
121766
16805
235902
345804
468953
71921
74880
145675
27243
68792
311671
218601
500171
43310
191376
264722
583923
236004
240822
41708
186573
225708
673338
158053
6848
16939
40635
143323
118246
51326
30563
237860
242855
76554
85605
292569
307969
1900
70910
125948
155095
101947
108958
710879
258782
102541
64920
72332
298372
121082
109244
97964
29728
256151
64248
302035
240537
395803
294273
4369
261785
149639
311220
65561
351604
266465
106037
220791
148841
6392
246107
220572
31270
74799
362119
160625
154184
95748
6894
92115
39960
4372
184193
149376
31707
25471
146643
10739
5882
347560
390450
435315
122783
130954
19868
266133
89700
24069
84269
96569
335855
184006
120835
92394
121760
113856
208554
125184
258997
270838
93991
135121
226590
50668
159305
71047
151544
240412
109177
50952
405466
71659
346596
233199
197946
92280
229694
238396
697897
57944
628861
91420
257389
259160
667747
64493
188489
317910
141328
143827
132457
352057
134936
75073
314039
163561
273922
157104
16838
292138
204741
647690
731501
116176
10112
12264
286281
216267
49439
68807
68717
464072
236247
631422
101542
492838
12355
19967
528993
176568
161450
636521
242037
50412
65552
162120
189778
73517
134783
7616
94547
293041
276770
72112
134643
515553
69994
147285
539032
121717
195830
94323
13635
156215
49728
649106
51065
150685
104053
24132
324414
390012
96334
319577
294574
319584
402577
1027132
188646
138907
9053
147237
336071
205797
148923
66963
135170
75194
517739
473592
101532
100029
20177
130923
65259
103232
44757
180037
166
257310
276326
102251
136419
152792
177335
151671
497178
145465
162013
252668
154002
29013
148815
48036
161068
162342
274335
127204
201790
144392
28522
162311
661
132792
105226
49721
257994
160077
123729
159400
267992
290579
298835
133592
270118
147815
100650
159612
218565
104267
152844
170193
562407
608968
92523
217298
54632
479240
156060
307895
43394
93220
583832
96676
50786
3608
160329
190773
154409
252179
3199
136584
148283
94789
18800
210071
31704
28939
132432
300820
253828
159581
136368
179685
219530
96444
188584
727195
533142
91330
250409
285513
275322
54894
498997
92645
565958
69452
5879
170952
237385
30201
154136
58436
95112
154296
172891
52993
45658
101587
578909
216818
256141
603926
153098
21227
274629
95445
63802
55255
143696
506533
123459
207271
25170
156517
23499
139679
190954
6916
90913
8882
626741
99113
339538
264997
218484
91509
340923
61336
16809
249006
152256
61125
33234
147436
223993
64837
235584
228718
609740
114426
471240
30685
485097
163904
6366
91322
261869
206862
20366
40351
66439
27190
33846
28401
209143
17997
274683
1905
131033
117377
348247
99985
164664
126192
270267
89073
114149
177670
30928
161608
146286
12828
381272
340640
94520
59322
89810
24187
69519
263388
162180
99455
246536
262337
361368
475055
255932
118232
152163
120783
312516
94717
118132
249461
183880
148125
391501
157075
274011
543082
37243
59200
142109
424421
161285
251671
193444
228774
22138
156981
117343
370342
101479
20716
252148
150826
50371
99371
221569
500149
188471
152996
328251
79953
22573
521761
42851
283489
191508
382687
277197
96902
571831
94149
120579
242599
326716
21181
185976
274116
369641
19286
151730
164574
178225
83167
220507
246932
148919
40416
22817
162085
286128
95597
80200
61218
308451
227327
31694
684423
273456
232618
19443
424397
636023
69634
119445
237408
395710
40538
88342
75769
265348
158435
385440
126063
140973
251839
24449
118914
200777
4173
170191
69935
157446
253968
269989
11546
248204
344410
267575
149389
200566
46115
242430
13441
272706
292725
94689
157469
399831
255090
90985
75236
92401
260448
21686
207753
65431
45756
212887
44329
659901
216711
75035
189662
21130
17877
136643
3490
430019
5991
7461
139399
309292
389249
1727
209051
102761
401859
265930
129623
104309
447644
268788
402568
4829
212259
141575
237379
159868
189554
96993
103469
774954
40418
216547
292713
590267
159329
503607
149269
222583
2371
468781
141512
258703
161114
152376
272073
99483
104467
162089
95413
52123
101650
20572
92322
534058
14800
5829
13562
51234
123685
39121
265540
14228
29782
196853
327681
353672
139822
764125
1355
482870
263735
245168
229023
49621
229204
21914
3098
148308
141524
439100
35616
33196
135872
12223
64218
170982
90897
296876
92714
92765
121528
148819
394948
256731
190599
513505
24660
313798
162312
219359
21716
92704
319021
627484
51845
149996
163551
97017
28417
52296
81963
6310
595607
554441
352267
340551
32301
351201
95073
239973
258466
64322
122233
134880
102364
437458
54886
76563
216319
270659
490774
305
381792
97545
618116
66671
392263
274268
103569
212050
266030
118729
261684
277543
205729
160472
258877
71111
487738
157963
63171
76497
146490
25390
61117
282557
191380
102683
21119
184347
59318
630075
221581
158304
10907
7981
190474
226756
220204
71563
127279
204616
133921
24816
293624
147429
144621
76118
256227
50428
146265
21261
471317
91905
395702
542896
389313
61135
121365
148182
60681
75490
552137
160627
216266
493582
96226
96198
176606
251022
127999
101945
75325
290000
484102
135875
266643
94346
320008
111566
58126
155503
359924
95796
91967
70537
75599
187267
126304
4176
31584
23017
57865
92868
77091
362104
141515
7603
145528
179457
239632
29037
178514
139606
446900
134805
121216
135009
102093
230192
154449
184092
91388
144787
57868
28621
571131
259257
7661
25000
139115
102281
50886
30326
395100
275939
24979
21202
54939
235562
710258
71418
96757
29598
239944
141037
73964
161800
23486
570172
121580
184284
75321
64848
259
60001
37529
13988
277715
96257
142479
6860
96653
219111
229345
6857
82526
16812
17406
99170
206112
143766
150019
208820
98290
269713
352271
476014
201102
267032
149416
92415
296922
99984
140449
299772
71561
264241
333886
27053
153360
121352
69677
70204
10043
212268
464563
3961
135204
207743
28643
65547
242881
62009
185959
140567
185751
157132
7695
23426
28424
22474
448769
160705
179713
119572
19376
361102
100008
123122
94655
178540
41501
68293
17811
364170
394008
239867
118511
21591
144543
384877
17321
255065
26306
23157
244062
262532
216953
592621
47815
57965
71774
159083
386448
86229
91353
100012
190634
62723
38836
455858
6941
7828
95316
44555
5800
207675
188433
191471
27486
83435
76475
163224
1664
189518
150241
19721
136490
92917
212218
58225
103552
457832
332019
151725
33705
157213
221332
101410
381925
142211
4102
363217
33319
99309
24844
16842
91412
260417
62760
43236
207186
274427
30745
148112
540115
64580
262153
155472
563770
152758
447266
96736
590533
269940
40127
351175
66512
18845
127113
69569
68841
174873
474057
61633
65569
24957
227435
72200
938282
188308
161002
64521
69490
387953
228907
684
76961
20328
95602
341806
27290
93576
47804
8005
62641
237713
41668
36760
416537
99790
94573
61267
32354
16713
529734
264640
105680
91113
445567
64899
402555
235589
447540
243465
198310
95124
36085
60086
361739
26934
70824
179863
150175
458566
229907
609537
135807
74350
280705
576398
860659
594071
69719
531887
117825
149365
511875
27220
147615
37045
153997
40589
4137
75462
63519
31100
282493
152750
526129
27179
160787
136381
139279
339257
252684
139086
144924
32320
45674
232833
144300
63833
42246
255854
285537
30592
3930
151644
71204
95575
287086
347906
22405
140443
61416
31397
54682
530823
126101
144934
553443
988
253167
91819
588097
20569
14016
274410
473328
11009
23026
8412
477923
152013
46518
436490
145407
385593
45146
121684
331421
49787
32311
97186
76889
110099
159403
78070
576290
59499
89707
95585
108548
70022
263545
92551
27304
161314
117364
119968
360341
144926
178365
48821
89372
498156
73993
51252
188459
24474
529494
343038
71663
20074
497660
538850
141574
79507
290391
100307
148826
8102
140154
121244
471305
68400
22760
247203
92287
187271
97994
315291
456950
163548
359599
134613
157400
187326
69239
29289
6824
96164
393200
91187
51266
91344
52754
130347
263331
25821
58649
16881
499868
581715
253010
28451
95380
120598
744
56196
158702
31391
49627
585331
124762
207691
91956
136682
157086
227894
253317
360937
105928
631616
101405
92800
477944
290270
99281
155143
174877
144923
51719
368246
147795
5108
33523
689
209513
24958
33887
121713
209440
18926
155270
22250
313166
361740
162899
435159
331340
72210
185739
435405
24937
26099
13014
266059
59536
103832
3121
218333
25249
349775
71292
210146
4294
135910
155054
160168
54900
83966
71094
123141
230156
27714
129073
112529
4190
24929
2030
3595
258002
314892
207547
258998
149656
162310
164307
104159
3685
87645
93730
98382
23460
135590
104017
74031
258849
7003
218654
341466
41497
117724
523666
218905
257022
4126
213237
96109
208587
13954
349783
7703
47700
91275
178215
833904
336313
831426
440191
10759
236043
24754
96113
260586
324261
273316
20107
158515
488300
246648
242032
139204
6127
361937
245
298826
161487
146541
341393
137695
92631
17858
141222
184919
134812
237152
299698
149283
67310
184157
47362
49510
2152
20472
369463
11210
254115
120544
218472
533674
152043
49616
100485
247171
148689
258821
603572
29189
344602
18950
21116
269516
13375
19729
257868
310527
179568
587693
336446
63761
20479
129734
327402
133004
225999
258828
66996
97209
309600
513522
140549
47760
133169
58408
119535
143911
261461
55249
580758
352721
155842
31600
17064
4305
260692
722141
101417
348786
545062
396216
342678
175196
139799
200121
71263
32607
220222
315301
99843
504925
447607
162245
160979
50173
188336
145141
114085
80947
287784
275625
600471
128493
121660
74696
63706
103391
95486
129
418207
483816
160496
691761
145854
355170
12245
238577
236399
390029
446509
140436
1213
46317
66346
242013
254997
146931
52435
531123
28015
408116
403107
7226
130210
44510
142854
239619
137514
422051
7604
290009
156839
91824
75847
43910
156694
121799
11427
121588
258206
20217
732014
232029
27875
20089
277071
121020
186582
382787
33915
124538
192039
396004
51335
20928
262126
120633
328285
141898
381588
71358
209105
161472
155438
35510
141700
120369
299580
28710
118642
339989
9488
531044
26182
86777
191476
26816
255293
73595
237406
96850
162225
7911
468774
103161
101935
335541
26328
259431
262737
174936
154008
152981
269573
64585
27058
788378
187304
156177
237029
5827
258362
261920
29836
134587
100359
7791
134478
383092
40435
18396
93123
368799
48779
1589
1482
19929
3072
27851
179933
189343
299741
183987
277981
4370
271791
42310
389865
9885
42994
250098
393558
793
96467
130958
7412
141583
121445
81993
96858
492532
263479
275093
451658
295084
42759
630734
330973
265341
191959
46895
135271
66361
69954
285415
26406
17000
69284
160716
487239
77207
293736
60966
443223
156769
145332
185989
151760
237877
195863
69534
110330
345924
249583
257028
47819
34423
177657
8459
339278
500883
91291
464909
13396
11556
78386
206143
58741
39171
140268
20041
203205
47827
704984
148466
95916
237232
90906
290793
434764
414064
116976
140509
25211
50948
329457
235901
266404
100259
120531
105037
174474
69427
267991
125929
74517
430140
387488
463592
573814
159665
195392
208451
264117
190606
452704
76861
64108
61011
355960
46626
93938
6783
188053
145384
913507
261207
273495
57891
227340
109057
152641
102120
185922
520844
145532
139250
380774
393107
513100
136514
75548
606602
162127
63699
589164
96769
144303
468949
163426
121369
207703
139291
252430
131197
287079
206867
11177
17679
10002
8318
95075
95231
405962
96529
685536
143832
246521
468777
326858
252912
3322
92820
42849
266161
285066
99940
404593
391395
19606
658491
40191
68878
144150
11496
92547
49885
95381
39178
95651
632795
738339
149225
479960
248703
70058
296676
145357
177858
71834
265589
489075
79942
11457
111960
44425
56562
42993
459068
20755
52617
219242
71811
331179
5405
251900
54964
457732
221935
219561
22052
46441
388060
293360
299690
117610
144552
128653
475431
73977
264041
222956
195439
313837
736861
28386
762
21589
104612
265353
36995
223931
175984
421047
418517
19962
162906
156669
292591
89359
227763
185732
242802
252026
4716
158232
218036
448183
95984
297989
335859
212305
352249
149380
154156
95945
616487
283382
136616
290806
101850
92661
71207
269469
139823
50919
75068
93403
22139
20069
63521
136515
56253
95614
123551
339986
164657
295227
364427
99735
83628
148568
164842
207315
136673
215513
71381
141182
43857
68816
363467
122456
247636
233
139382
396408
57918
7053
31682
97290
263736
140655
102301
230596
201179
251596
336358
128611
328016
48689
7220
120176
263304
244896
25943
71044
148884
127430
449527
368113
196384
259183
512336
229338
179882
268293
26781
265038
262298
9003
133208
122317
547373
628228
62886
140462
151982
251166
604709
652839
41506
294738
142855
55359
416688
10090
127206
220911
341347
101681
199476
22230
133675
47340
498903
146803
177333
51562
136301
31556
96885
539358
230164
327019
71284
75060
659930
143839
97517
113853
370299
3174
58526
178783
161451
19578
137672
262121
257082
528616
18241
96795
135853
210164
21850
154420
139217
121571
201569
104525
103494
123277
472613
141118
178314
92
57936
95619
117968
41091
105375
241959
279075
346108
251776
272519
242179
38613
152277
292145
303678
220984
264042
406701
147080
9816
74616
640335
61677
91930
30308
291809
18971
86617
95518
75267
153468
74034
67005
157975
216061
347338
522629
140282
191370
266021
52786
319339
472403
150162
269566
136560
6876
41263
206128
654448
263612
75743
121668
149204
221862
265432
219177
359827
74934
334901
92354
220434
101003
189542
84331
134620
337085
4741
239099
98455
1095
325909
398815
76037
809987
54014
6846
34421
150035
326654
141271
242616
529003
205757
183612
97090
264375
124807
220703
331001
382521
246587
178076
275629
254405
101699
341485
67373
499090
28721
295149
254699
118263
92377
393500
226554
145385
128242
262206
159826
238555
110605
102003
419982
24769
161110
211120
160338
244670
71607
134779
102543
352264
4888
45478
32008
242132
36475
32931
134752
283634
510343
26458
276134
101899
156895
147905
75541
276785
263521
251423
477467
287082
207540
56565
122021
146139
261448
37235
146672
6359
137593
338118
97199
85900
141679
511776
499825
152582
156632
188314
195587
447541
208047
53924
261784
145134
20404
227705
242075
149268
92010
103705
68676
7157
345923
55636
60308
274277
368635
121127
239425
153108
129668
313783
293761
17479
157155
22349
221518
327608
253442
30418
30706
494539
146678
418841
84453
1378
174226
608890
120471
71765
233247
19491
49481
21964
184276
449977
137461
25921
491647
131547
188382
38807
2031
281091
69044
134867
348421
40166
159005
2357
100703
95341
192805
568566
298879
22146
418436
81892
16887
205987
248688
75050
54499
20761
139289
101881
241956
153267
75218
19326
55141
447624
21208
162587
116230
293829
33839
175192
75455
402928
26481
101765
130936
136384
537950
6112
18471
317120
71524
394355
143874
223473
334130
102153
330964
389998
27635
27205
121183
217587
16821
23321
246495
339455
301764
140746
109146
477372
17202
202969
31882
346234
123770
109743
238292
50701
134697
4107
297051
20874
576156
231206
220571
26756
610969
347116
1556
576301
129652
259062
155093
153007
472443
437541
776740
143725
154185
137389
236864
96358
267157
27402
92910
202483
272156
325655
267752
514377
493097
346612
71687
56556
536744
53302
264769
55110
30327
68845
160163
96296
445443
125306
153099
245074
347941
275921
52996
199
71705
82940
2924
28505
239413
26193
102421
92316
12175
585755
170489
448108
370062
29207
156609
20361
80919
109069
396347
76349
602546
345913
219809
268139
570581
90899
343011
434666
29632
61488
207871
247941
388415
138900
144622
156496
303579
195459
101095
72208
188322
185758
29338
121094
357448
264610
334410
19891
492733
3956
156291
20344
331356
96930
455889
185730
267898
319611
261526
140995
274500
177970
26228
23988
96111
179467
41686
10093
4124
67674
70975
35292
65255
135706
154402
560776
189845
278095
20027
59157
206325
92036
287789
92891
235378
456015
6206
102006
256546
52223
262699
663890
404742
532920
20651
301472
63555
8798
299990
141836
28314
97356
180002
19848
186570
248766
4183
323318
462480
43094
150745
7867
105075
71446
70926
70829
430815
75399
497354
174810
318788
152379
87387
146258
605888
43644
134208
72236
503649
207801
286728
97553
93107
700890
79722
2540
59371
74641
34458
149062
334592
64083
241969
59913
68791
12417
156746
326335
52367
190755
102871
224190
152274
531430
216475
78017
54710
260231
30723
112596
103345
281459
50987
278324
27218
129634
100771
266362
256842
179724
21256
23001
444469
17692
9237
97875
730194
24831
45107
21033
340324
39340
148960
238112
94642
195184
157202
402240
129793
4491
692740
30635
328146
382356
43927
246673
253000
25769
121506
206157
259433
145347
351474
17096
27653
368948
456118
52118
3492
108671
9090
179825
150973
335589
174329
71882
241968
8085
353141
354828
97508
571904
34397
359332
221803
141431
445234
104068
218688
91466
25197
3368
445936
141930
995511
112746
568235
261285
20578
57320
206457
186913
20521
294679
9137
770102
295476
294539
68028
290578
180933
31166
27376
268881
13509
8802
242544
69794
120453
221873
81950
69703
162660
97160
479625
290838
15820
889257
135361
207735
293590
262189
44444
40403
109909
136630
683
50692
274
32893
155146
20400
229996
71070
384300
363824
22324
57954
254254
192090
147452
94619
299022
437312
523689
43401
125950
2299
243695
275834
43270
348020
387391
230247
247218
386286
236481
73638
221034
47358
40049
31885
78010
58987
43304
541292
217009
139396
31845
8224
325541
18374
143590
158280
35403
69754
437171
147629
34048
264318
6958
294793
100454
222658
416135
37847
151846
75268
25813
133583
120361
147842
150607
161278
661332
219319
360030
95169
450212
491
95866
433269
261506
336156
130946
75002
401978
1017832
106731
136565
1512
64829
19717
53637
117202
218766
323703
285261
100474
53914
62736
263484
43287
95214
492533
227400
241754
61255
75114
1397
98402
389330
17852
12960
492345
31540
188853
634806
129625
201408
121617
66705
54624
54921
32912
162266
219914
62821
7628
633323
79712
82307
70817
715645
40540
429601
208422
73280
104524
347379
79494
264025
611565
102532
12916
99352
402043
177980
227967
84309
445456
456723
103243
53336
426896
89520
253262
278822
281335
136748
159736
42574
8994
139298
245292
150879
171064
44138
219747
21883
584813
238972
205684
340463
451398
291433
317541
41738
71109
303045
195101
104132
150391
274257
209588
101162
71050
144922
83100
12151
471506
70083
179664
1891
184178
91168
260426
71007
94812
78824
28832
217091
241950
301830
145436
148932
7491
49578
236890
483123
136305
71701
92882
131993
330032
328970
286915
188497
218297
21439
260349
61286
245233
74042
49400
430098
266134
27610
25899
286111
400726
554083
70037
4168
75192
120095
200430
91524
93297
262908
29812
71334
264469
201244
74591
206851
334651
247367
127064
43019
150925
21219
352452
441542
537014
200151
150194
268994
163929
13055
267722
94410
59523
92094
92545
518684
29116
61028
71935
261624
498848
3557
180326
172426
322128
121075
150000
71162
298571
66661
9313
22366
108689
59588
34455
30541
74751
326944
252776
97926
277613
130933
646986
74643
287703
233170
356448
207335
222877
117584
351797
93439
146198
20506
613
242192
324574
200653
41268
3985
296627
102110
160413
134666
70218
94463
158416
135821
139293
148540
67449
25804
21816
153880
872697
4789
269918
124293
257250
41675
66561
217012
315924
524015
264206
121264
53464
99325
212275
24714
130632
209637
121014
140543
102579
28022
218244
121931
352569
159617
25010
369390
222862
84404
71558
236021
300862
150420
23216
72018
616805
382262
122722
257649
4005
97484
150570
143298
159279
83614
120910
218837
71699
49442
894528
278263
580861
99098
26508
117854
120045
76516
243698
98312
51742
101183
7222
104027
146886
273114
90947
466895
159314
184026
974
36193
74198
69169
68700
349632
65189
254317
51425
73695
296629
246498
141805
253690
630931
453769
136378
468121
41096
255359
532807
523297
8210
105059
96142
20592
210253
236369
436589
211069
43982
121246
66965
71265
68809
46322
201915
141353
93943
151436
74831
294532
217479
272468
4852
135128
255806
330929
11096
339526
25885
4415
449881
101562
314737
118670
435117
195314
117918
71525
221837
513246
26443
240428
220373
350123
221170
3624
93330
473987
1426
95405
29701
290346
93109
148879
242010
189723
25972
243215
238178
347539
143326
99908
25668
82246
180205
99903
285346
200958
310805
35418
113841
150444
247162
237123
335866
643699
32212
354883
221789
313816
222147
102790
277789
331009
75271
150820
68716
23166
118622
317116
82355
49750
252962
776754
317676
1115
492247
40368
19439
93064
7495
136590
150815
58935
46914
68851
109799
204681
7937
256374
152020
385581
22896
25130
562770
7732
100421
148776
156591
176166
354475
309250
92335
599526
261284
133711
500088
19012
444533
266381
157440
370226
25231
179597
699687
21396
248302
144660
94250
254232
43452
26220
7944
40279
143941
177642
79936
17735
271111
97033
449179
89070
231245
163432
191296
190605
339556
210594
102783
642836
97294
267081
241977
177722
50590
294213
4451
46761
645104
70313
294366
237251
179006
285056
33360
75848
16703
175024
64856
94185
49641
92170
281396
158133
369159
191559
285636
637523
70827
624280
53483
467210
157032
586258
362165
123350
4591
22951
290594
21836
21203
317496
2159
76248
329073
222739
506178
94571
364234
32831
41848
144724
153884
352197
130212
140194
42362
151331
18401
217201
33475
108567
68832
286884
39173
270237
12549
96027
623741
95699
227471
153452
37874
263878
648391
248783
92022
121806
151329
343645
13497
170224
27526
68936
2706
220205
631931
255967
151242
157562
238508
216476
328223
394021
30665
238825
19338
59688
20296
33899
43843
395649
30213
49006
94822
19043
56629
349378
278421
218605
579513
171372
226854
170214
289981
382788
145740
86344
65576
18927
333713
504374
340786
39182
585329
191820
257065
147483
541
218799
147723
287004
145605
352343
16749
217020
239780
148817
396392
1260
145946
123146
331599
23576
204707
522076
52851
319166
136440
216496
477767
39937
70082
324560
271793
209594
360
37112
75184
87526
237962
20240
91048
185711
20497
109048
93043
207425
184262
95767
280998
448020
2242
277782
145849
149721
155474
347256
178322
198586
129699
278488
274273
17794
16735
84230
103972
161434
227261
146300
241993
836153
9069
74494
108562
398574
110467
87844
474305
355736
66782
69986
195838
38640
6381
346138
10129
131044
59412
517079
275949
163800
70809
396520
24588
249043
401509
195361
261282
283359
133508
485313
285832
152011
102449
134631
20837
145411
60982
121746
120110
266022
271913
255702
29039
75674
146713
13501
147083
805512
393974
49768
92378
50052
184234
103479
125996
21241
1816
95753
153072
472525
150340
96220
119152
129774
148441
320731
256047
19470
32214
47389
4376
155045
28063
281113
184256
218881
207466
51148
43279
145145
2464
139326
216363
240374
146267
240383
97587
10538
451789
101713
207519
131096
16686
260424
229576
919
190703
364326
34906
184858
21010
259853
185941
351179
130738
21711
541689
337196
92801
23526
144573
466417
123528
259439
265197
21815
63506
354368
49682
394413
457036
496489
29601
280385
152409
190423
146302
264531
417663
626443
611785
9428
325502
395990
13941
189661
270866
157130
102383
91251
130092
43487
114156
135389
398613
479477
327457
34389
381569
171268
102923
133100
298249
93028
476469
263059
155053
91384
252901
348022
136803
367763
174885
19501
143825
208450
322075
17671
95731
144673
71627
64197
117449
667950
16977
635619
153950
170541
267249
92532
466942
450573
568438
40557
119825
299488
182081
232215
127621
68655
327688
382519
6772
251917
221061
356481
117754
112835
153871
122061
120456
89733
30417
144811
19884
29186
5143
260957
8184
152205
717051
121631
188373
41839
121819
188052
483200
606591
275653
55265
324726
615976
1548
265239
137650
39108
669
731478
275979
139594
610047
240506
27447
607772
31691
543985
44094
96034
256570
68366
94931
381788
352996
139074
381581
122769
21145
265572
245162
488227
406703
117460
135312
145709
84267
153697
220719
326590
613864
327534
71984
185880
59435
339359
256680
207562
95361
190911
25781
384499
94626
613533
30277
11514
118094
93463
650506
143744
267033
2761
529605
92124
8640
58942
229858
250649
207816
48780
280331
31591
185927
280507
160448
242050
259941
125327
387505
20580
71241
19304
17825
31135
644193
100419
22264
253118
100691
264532
10865
96525
10494
20227
45802
294099
298527
53338
83718
300417
92538
139173
3188
806294
144905
160953
301779
226741
121748
170463
381567
256230
155029
96937
908228
792863
285425
264260
241437
31878
110328
96300
209726
131038
119022
66935
150105
29215
24100
318637
163035
159363
47212
211578
247748
363649
1071176
270350
71305
158563
39870
96206
450974
12281
222284
71841
99399
275620
529206
96139
4162
46212
512019
237386
148138
180971
291979
392335
188628
123114
140145
75243
37925
122762
217391
580482
398092
352711
872074
122745
777600
99195
860001
25186
156339
7196
178058
93758
212351
121335
262100
319133
92191
74981
387554
687671
58054
128281
96785
46309
40134
260697
344502
248246
265270
1106508
744135
355199
12775
149400
154327
145681
364241
178355
86659
226956
74110
152228
239852
202948
95562
156731
36211
273180
906458
251919
47652
647876
27956
151660
30412
67057
53635
199172
433496
116296
249530
246553
885410
20628
1017191
397399
99758
235607
46920
43297
109124
539473
64630
209356
192119
222853
95296
161821
264733
267701
17952
275755
353394
278322
59320
27100
222892
115095
366024
488250
582425
27192
262491
559839
20711
439892
294293
157072
954701
6125
136339
344175
155101
239747
359053
64169
75251
27265
151555
539418
1788
775015
152143
92955
121865
201354
89067
62984
510370
645633
17123
90940
318748
265369
96851
120280
94877
242255
451409
286827
136518
9114
289113
313582
237885
67947
22129
211019
265349
150057
251162
45097
450301
47748
351355
328494
506992
188034
423784
678285
396109
132982
498007
156831
347295
492892
32980
97032
321307
508763
251870
96750
150365
258580
23391
85333
66763
348418
40901
285263
75550
24847
150658
281762
341023
155112
44008
70907
395068
75151
190643
18
160995
91074
30630
11270
25714
92743
185885
150235
417236
1456
103464
298849
510502
146484
305006
92554
65351
18979
201560
74536
2908
64896
92187
145940
20051
242579
447703
96543
61740
479290
232317
38324
253293
314914
13471
139337
22114
92294
60164
273315
175148
12998
160702
10029
230140
141680
103321
147001
321896
36837
187286
154539
70491
262380
354366
163953
341185
18018
74029
159484
336424
102235
141560
73233
1858
84625
236714
283845
331983
363262
490228
135403
270637
361936
218953
893952
58332
510468
2151
73994
141207
173988
28122
155128
135400
229317
99188
664863
100325
87936
249093
368812
189765
135355
51319
150538
503551
23372
1845
175033
753364
8204
157258
253766
255881
64136
631013
35538
135288
315404
27380
76888
137592
147773
43133
162925
45619
19618
202644
175322
153406
139374
351595
96741
468049
144776
19477
97048
349737
69386
494786
402902
294421
40296
158147
147418
200145
458491
96380
17250
170111
72089
158383
219204
272607
396322
352263
154328
155443
92290
309917
8945
91053
437277
184171
216394
878869
128748
162010
521003
89561
473245
94299
68935
275549
88106
283453
439101
145710
46952
157438
24992
278041
150604
157723
221393
142602
390401
117441
266178
159987
23215
486781
895704
71484
4780
532476
30028
201454
191566
1050759
621201
227826
474603
431630
156483
104088
359610
356339
260198
184055
145776
47801
382554
104128
238451
92847
259076
52124
148262
699491
64786
91437
22375
12804
346594
368245
3334
194129
10918
184250
244502
91947
103951
20723
1992
34947
251841
3391
237301
19657
128767
422781
735105
275149
128785
122023
435156
153278
299678
30219
96197
388685
155896
22991
322156
22940
632319
66773
41954
155817
338134
22833
236553
280652
132451
336505
477884
184792
127461
51118
155563
157020
857760
123787
370248
248630
280115
240455
210006
38558
208846
646658
346171
96507
13205
67664
91490
24759
119900
266055
419964
162079
4857
153430
857547
17549
239458
76216
93344
331946
177971
397605
335872
302238
322123
393063
209545
148130
156892
293234
222075
132975
651497
117810
299061
341797
160697
439919
71810
144758
131373
32006
12725
239605
293916
146066
147281
193993
321014
124490
93543
28635
60919
351778
490647
289489
327928
273752
420013
64726
61358
293030
97037
23656
419556
252294
217080
72209
102394
13361
157991
170239
152003
189069
4223
49807
92777
353157
6969
220257
63536
4411
556307
118634
96947
76957
6377
259022
121924
532979
85216
44241
144292
123163
148165
153056
680231
86838
235462
3129
362608
22766
1211
698927
974277
25201
2358
523578
252158
336428
470808
140179
37596
156049
189701
207812
230302
110288
227710
102079
890
96061
446724
261347
13133
578434
91315
154024
16980
69103
160701
40248
298468
134750
58158
92496
644493
74254
899712
155431
170217
94610
278318
5842
3254
381385
102411
272255
2491
58735
7735
516922
28940
252689
162378
140560
259427
96074
101086
28705
270941
8541
270274
112809
544798
21242
672673
62715
408778
99085
339560
562063
341710
122015
247387
185
109063
45555
281292
29249
241331
268784
493167
96749
195458
208815
341016
198362
875391
31689
2605
1402
422151
462405
75074
69789
294241
246567
146152
26106
406992
191300
452510
134712
667318
240406
135799
334849
281100
102171
52878
153513
351219
140563
84223
112006
3559
75519
325953
333845
348407
361836
97008
91335
271615
74452
238269
299668
74836
50940
1077
69008
570568
511995
51037
246985
319639
463309
259658
4082
78932
680119
39195
95066
582432
975916
451785
286777
345827
569623
30869
253301
363712
140451
200975
96776
35020
131559
265721
121909
275823
419958
507301
159716
532897
138476
319118
146545
124189
157836
221710
242003
27241
232762
88286
319628
101176
263126
347721
202975
170472
289891
942515
151698
146671
150573
357439
64764
136799
503787
3927
17627
270768
386657
10910
105352
19617
91068
64219
39823
292265
75174
612643
116272
80061
96397
92310
130939
31684
121306
51581
192640
134809
13590
300610
503614
60937
325679
228920
141325
64269
559976
3673
201559
26145
179775
120507
161270
327
91268
207745
17870
1924
200170
983013
345862
362288
33894
252771
12583
490330
303342
290254
396497
277061
249394
245461
148613
121657
683585
92448
528393
153116
21569
359365
17869
651448
4205
127233
58424
64107
141855
58736
26905
6067
512292
224973
3031
240425
153527
79223
96414
12292
148942
38628
263520
130963
139190
64844
34430
279879
92143
280164
395000
273415
488283
641078
125009
265560
274452
230681
292920
135452
129672
322364
297675
604266
229194
386011
372808
51297
160981
121878
31870
259187
360289
271484
25733
124554
18865
141335
12795
82610
246605
39774
159004
160709
396126
127436
272531
320734
630593
285784
602425
239883
399757
241997
207534
88265
506933
171466
125049
546497
319676
326093
137613
655
3550
4002
92072
258563
118026
13028
3738
191884
1083932
64184
239752
259119
10118
210166
147713
79385
354256
567980
472679
104454
139271
648614
118746
121309
249568
96966
140887
230892
7411
237375
94127
141585
347429
235946
97185
454277
71036
534782
49636
279115
18170
39229
50002
102177
827
653216
223320
655313
95880
127989
150211
200744
19287
212142
111487
253150
17083
157974
6251
206422
478140
131358
292351
142502
123711
221408
353558
241763
33244
128144
24073
229826
299739
227998
91885
121100
479684
275539
92964
156606
296945
33728
239783
256816
6271
176212
2012
174838
68859
96238
144862
177636
30334
275365
349698
175209
341977
262746
10602
195321
194981
287676
254136
95409
101635
152141
381413
218261
3036
195588
102206
295266
314789
236443
406957
94564
123656
49498
1037202
391500
96335
52125
6174
351440
4508
163127
245072
28231
523575
24245
45105
238824
26946
458503
251386
105724
117463
149197
230614
270900
10605
510869
361768
404759
53098
668499
41765
249762
605236
43406
9841
244978
52887
23251
384868
71989
20682
97540
310229
208462
617214
120610
21142
273866
267451
254944
104120
237041
14015
4635
47638
68440
148176
246879
518511
25822
543264
37537
105242
43157
202820
297172
102488
530611
40436
852309
617717
532467
225209
10247
252149
360792
247231
7094
30293
154831
863780
511892
30861
324625
13279
217206
419765
419250
569111
4046
328450
13240
4333
4150
37116
139980
69637
28152
202818
59211
156180
49590
141881
73904
20629
135718
40425
188288
29641
223844
99296
8866
52447
465052
38858
84165
4882
246651
3184
276458
3030
395711
272871
508586
216904
19803
61314
61041
256524
217644
195455
274974
640030
260451
120811
279944
69437
273143
198297
26876
19693
146822
228583
47711
222556
139689
71412
359331
440203
487253
130029
606555
95719
329217
37862
52587
49913
100099
185755
446296
636976
45516
309195
621355
121532
59073
163565
115062
346441
75098
163050
71858
340577
300334
22590
65348
99180
1114462
570345
76960
37166
272748
39206
141205
18164
163592
149193
28602
123243
164810
24068
103276
290078
246508
262104
82848
44521
100034
28050
569107
63977
520843
37581
494246
149384
100025
573085
148431
251599
328136
232960
130918
121307
148089
19986
570645
26882
31873
28622
386278
135818
458553
44033
21721
274353
63636
147954
590757
626950
156153
11062
227643
274558
298742
196952
26879
417388
49643
286181
249675
447698
192344
128797
318596
2139
147422
114619
153532
227331
60205
62769
280564
22468
75106
177924
70606
42790
447444
317442
150009
102517
200755
64660
394937
270423
3675
151530
204970
47629
191334
163154
8274
19709
50165
188356
312514
340790
135349
419758
259798
134294
52146
74261
39877
50930
327518
1091068
419865
207789
144210
28439
118835
199377
24361
245205
48401
23459
532351
99176
25760
7800
140463
62164
401968
58485
21333
143787
3532
126184
546033
528964
20936
64190
149381
38530
562946
43040
29717
68817
507846
91346
537522
247958
38202
74991
100541
744158
48469
66676
27121
353814
24042
57853
650122
219542
115341
121649
47808
657
58599
70900
148831
91189
8165
901784
136979
18400
195873
30838
93974
329411
207187
92706
28487
125888
27150
159497
105906
448474
121374
193911
43929
160374
120608
45610
150849
61137
41016
146174
191776
58389
4880
118556
104615
108822
151680
296889
106687
270602
135919
1111560
59210
406774
395777
71843
265012
4326
274351
508235
9092
247193
446187
96239
189356
75222
219045
40422
6168
331608
30445
308839
61261
362632
8183
92973
650909
71429
364518
569773
2246
239439
131061
251445
102870
61012
636389
22877
27387
86656
117697
240941
343538
443540
148232
155279
13072
27083
64607
570694
205816
249393
117342
71731
24587
269397
240378
346226
172350
267084
94116
162128
28593
512016
341901
155698
391538
502644
344136
261932
105885
249205
258948
188298
177791
54767
24314
114105
455509
68715
2132
100743
121304
118236
331057
6835
88418
65574
30296
158386
113987
94432
129591
8641
505437
274374
69842
500468
345948
287343
26620
451168
493214
445818
101990
135194
3683
227136
147297
69504
445453
31586
831130
60938
1034652
302036
162006
225359
133361
150016
264705
26135
253964
9009
420080
41674
8056
482941
121279
55014
513672
396308
43553
47194
301443
241911
726074
248926
408122
23032
469458
19847
38603
74524
516251
162787
174022
339331
41622
240958
30210
140582
296035
533014
135256
230642
4031
219218
132497
468269
263189
264084
30117
728427
154476
92605
22300
31320
163685
660098
570765
148486
16761
249789
95097
233067
271506
69030
49919
86322
259123
75398
513054
134626
93662
25143
42861
8126
223566
309129
155050
23238
686681
121166
207561
286848
218302
24289
268510
21563
39430
27687
91049
62703
10948
71821
137312
101689
74323
457985
457460
497021
96899
330999
160535
100730
227756
141649
260208
332098
91080
122220
140618
101761
74896
361841
177432
396254
424395
623322
918144
406228
144359
356031
16837
352606
51191
7360
85764
244588
128772
141561
240443
156158
26588
281903
8108
261623
270634
158518
97192
462726
520523
50064
7373
368618
18535
355409
262111
102750
246120
12761
21214
139256
361123
216515
351521
88441
1376
196551
216505
329361
43867
209348
125667
522458
21956
64482
276473
48853
113850
357315
158657
257094
67150
489267
69973
27407
16779
499082
49440
9111
319853
209365
464220
244088
30858
4312
66144
91816
248198
150519
118365
663230
274104
326308
210364
27575
335827
475858
70485
19845
310615
262917
49577
487566
6047
123965
14081
274788
183952
218692
242125
241868
356622
194952
263739
255356
307633
96505
136343
271480
188319
633631
69911
326522
386364
93812
96229
466610
623037
71788
475319
60355
247135
863703
241943
71629
336405
162243
147901
79741
197417
66532
94158
353032
148489
318969
71801
24244
232664
151986
355958
4083
65867
257210
99301
651634
510656
94967
306630
545679
160684
48489
457155
233206
158536
3064
644192
597640
148519
91958
248959
153448
3061
204624
351173
221505
80895
60961
66786
121371
22359
206469
96988
198837
64522
734601
210145
136108
386320
92245
434124
12138
230743
356377
747146
137252
58971
84544
336419
471349
224799
26554
156535
155324
198937
348350
100786
13042
202016
24815
277008
20674
271213
22829
472678
193597
198582
457333
281336
98388
474211
42732
268205
537628
77000
175147
290213
237185
3684
179614
143795
114145
263295
252232
264215
120424
97724
770767
163673
294791
50953
64512
242522
612096
571161
5079
91185
2100
190636
37197
159902
19870
518547
212279
146191
15444
273084
251579
401789
232905
258919
247191
125939
113534
348261
86422
128251
71391
5832
242268
110699
229017
141128
92586
13576
478449
227119
200747
11993
161442
47352
963
17873
263228
43413
43053
30682
162396
137550
207259
11056
47385
310480
96589
75238
158308
268978
239904
97320
131021
69262
351224
75033
819
175144
160334
91380
334006
134976
110024
289756
98373
104251
109092
362415
108907
319895
273259
566193
75775
19011
384389
311326
39011
91940
336796
951010
156034
38786
342701
18710
191515
588873
65102
51144
142144
523836
281397
239682
158525
89711
112688
123049
537947
93360
30244
121416
205835
71806
58947
85167
878
145866
151821
242577
47784
1122183
83622
170460
49821
74961
123082
123025
218030
227439
74499
341914
510371
506979
48820
96350
143815
295054
198156
142124
319651
414124
477616
132957
92664
287393
130920
210755
26389
188046
482791
1054
76795
150773
458279
478066
27039
76207
85956
69857
108994
335848
303807
334599
449424
120496
92231
483
327290
91257
16722
236447
150064
91364
215031
18061
506534
1923
738923
147091
469432
89688
139846
97790
96872
193726
255937
30812
96087
479612
39963
197008
713950
101438
28144
142110
120010
266107
20430
245000
3771
103644
96363
26807
329915
237244
503667
156157
262954
91351
28795
150255
66437
287120
101634
5779
33409
289749
472055
1301
70294
1065648
29233
121633
20667
238441
239612
303670
152657
408112
278335
644965
381374
242607
123091
245113
301418
20295
259168
66590
257099
742852
38230
160987
81909
306622
229328
43278
236101
147383
13304
35607
59908
103455
7673
72217
515
196955
148926
221646
274143
92887
386044
744881
501072
257641
154316
632694
246116
319424
61065
293600
30939
435163
44550
370246
238190
132005
263404
62662
16644
398505
89458
529674
594
256613
125092
325563
260263
96596
20338
100735
189273
275058
715458
64103
555087
154077
635509
161805
26763
646990
18047
2452
466004
157103
13943
682316
139071
64238
240180
125753
636483
621273
52288
174891
250646
89836
94824
229508
193591
276261
72120
436485
191866
404764
191213
269156
275791
119289
189743
1672
124214
606795
119109
146271
30561
352994
694146
11586
1021652
46938
272712
665157
103760
331704
269506
352105
278577
162598
64578
58570
19740
546773
211949
13974
325781
155141
102089
157255
136372
289761
104287
260318
229332
45968
118451
223954
275494
55460
242038
44741
354933
123177
488851
352103
249352
118569
971047
519741
512001
863709
82779
1272
185901
789800
352942
264665
217457
483786
1081818
196763
579117
118302
435463
27633
483972
145671
511299
78438
251313
22438
31949
348746
125961
242604
179834
103910
561902
236210
263311
41577
124375
47010
106221
763376
71672
253300
94576
34440
272254
262941
448502
141537
59524
20539
267757
241378
409058
626445
27625
518100
50682
521957
254255
95598
419768
221550
319684
794661
755078
257458
386642
96046
349026
416712
268216
39972
155043
532804
1668
648138
382915
91951
198108
200244
260847
70994
202
218422
64215
472181
76180
153275
184226
24033
271756
91114
218786
198322
160988
343359
238826
29377
204457
26716
69917
218693
140533
99161
62951
477250
946686
289514
2396
343388
135884
321679
350476
387967
328145
253275
19890
45766
179836
96115
445765
191401
101564
269222
2890
532590
184170
20978
115383
147876
467591
29084
23191
99223
16818
270751
339305
184117
159362
162910
26213
22915
155274
336325
593360
869840
482033
21163
210315
95691
149589
31066
113238
207799
150527
251563
397259
629829
94546
495121
156338
319185
13079
71129
221964
209271
92749
1549
20183
222578
588585
95479
21539
154076
2534
27266
93709
431515
65163
285480
44508
82749
95310
38537
32624
152714
4643
464841
354354
23356
105358
546130
788285
634365
546825
17164
370326
79770
419595
219765
64359
189268
257474
143780
802659
178807
92261
4410
369344
71132
58363
103264
207183
208650
288418
235733
25234
2121
275719
27011
26566
318465
78837
354088
49587
452226
85100
351522
77136
67019
78151
406815
256843
28332
141879
32890
282472
269961
237726
872441
7087
326618
314490
228324
392336
95366
227431
30899
61253
22666
299647
441525
4748
228637
75841
7033
118583
55125
229363
225023
242049
123272
96433
581489
201260
334096
97552
92303
151416
249756
277940
121978
153273
578500
160963
142281
259438
240143
352494
494162
252903
320627
262676
4356
490460
188313
20228
954699
14332
312757
471243
561876
92514
242156
4709
27282
264468
237240
239523
405974
271007
241207
78732
34042
74244
257073
281271
361659
42394
78084
75083
73629
238181
228512
79319
467519
276944
97175
120646
689155
120516
65169
541477
332094
299910
95079
273824
24036
52977
530766
280225
23986
416547
246875
144628
28229
316384
18984
356270
388895
341793
274140
65254
163187
27213
98397
155434
55362
576320
296447
458276
118725
451347
172287
705963
29496
446030
944509
468776
608853
85409
101552
635314
71939
75793
92668
69734
519974
49441
220374
149075
92515
341475
463500
219361
136860
369051
150975
148433
24640
46896
301741
22100
191105
28392
144686
321132
635642
156822
821245
537937
136451
458875
184643
64863
344588
256175
97722
523549
133665
529749
31620
9194
276318
101737
70297
148529
917774
122455
94898
32840
445748
156187
556643
72302
218249
228438
252016
119577
177790
215346
17600
149642
398416
7054
204730
297701
256754
417002
204466
150042
70955
160015
159251
575435
148434
270340
142278
298785
206996
27330
121824
144282
127306
201801
940350
396311
387575
47008
197852
195878
268737
772211
257803
265403
192188
49489
361583
69251
262885
319677
26559
153276
92281
101166
555859
344130
229232
503349
666335
140798
274433
267805
201568
195289
457386
128880
49847
2949
405441
263348
26170
246127
87895
351554
397661
218150
435467
142157
132695
61928
43870
51030
7583
309463
35741
289402
118788
97276
75473
130214
506230
43095
131378
330148
6706
632338
300774
996572
102634
62073
17131
644099
189686
184890
113909
242178
53462
684096
492583
456932
30693
58355
50275
55143
131992
245822
69648
151682
287551
97442
287673
95639
1521
35097
124507
54940
71393
49493
153752
1102592
217275
661513
139213
462767
228443
97504
87230
524250
72197
71658
337001
139235
151978
49662
21009
134962
27073
570418
187117
51338
101591
263916
20175
236332
279763
162234
124465
158271
41561
191155
131132
216027
277011
202009
135577
258631
11909
39542
417174
417397
229284
118879
119677
149317
355558
334640
419976
65277
136663
109090
242236
593341
20066
47766
250745
160526
10965
239525
24801
941092
139139
92334
30519
477511
82511
108704
121009
71715
713653
370304
178896
667914
58215
61423
204424
208871
569412
446522
31930
340817
158524
178088
632998
716262
553576
303323
343
161129
105596
103998
7407
585810
154146
400813
33736
227897
29171
382660
331444
37627
49629
69555
91238
293729
229640
151301
50506
684209
285805
177637
445873
96738
112872
95758
134971
106732
316243
319663
96463
64165
498967
115951
201276
285934
259885
289377
382758
349136
269101
606800
20100
72048
380913
273875
27624
66972
158733
61275
435471
78780
96327
25871
361125
7035
486026
151863
259385
558164
79198
383143
106014
242133
229348
16584
299196
46936
98204
149057
186918
71323
68681
71119
532447
318011
34021
30294
706232
227582
103077
369265
68723
265452
209061
157191
26194
622605
821532
86961
191899
296645
361406
13008
145306
115410
120134
142190
133621
71816
263167
75290
136224
91366
40550
95474
3537
188018
110789
381412
508727
390606
349029
273534
474227
464
150246
97352
59218
384305
178970
21407
393720
128037
96691
416604
460908
355987
40445
41132
451743
542892
43444
78641
222659
135723
203059
94351
39190
149244
31884
319586
59129
205825
94830
35415
157286
71430
287469
153371
71088
302753
148135
134863
271549
160986
467515
148875
39847
105359
7192
601043
498671
456224
643554
666453
61023
229741
24261
120538
64332
115719
420032
22173
125997
84225
174840
64478
576304
28763
519445
184225
20929
97200
188302
62460
84769
523561
519833
3022
212342
452960
103592
278572
185729
446553
79782
150886
191077
125865
146238
209689
20321
286873
85594
154405
155049
61182
618112
143765
47798
29102
214217
149545
556274
151924
356736
212251
91843
27840
65533
331392
251518
18312
197392
32647
1963
159397
271893
216446
51325
22340
311824
161304
402587
102099
348493
446288
130624
189310
110488
887143
251583
74038
131047
44213
884
16970
26314
599674
242036
55601
32933
258001
351860
831616
96386
331223
145954
255890
170125
252697
507074
382523
31052
261918
913
408905
252775
227864
424473
729339
277995
256163
236430
673097
91214
85352
240064
545915
208257
102564
102229
96651
117366
381510
406770
127373
270755
273061
238627
716258
105394
442846
101781
77159
275656
558766
274750
236435
12733
121260
450900
71650
650897
326702
272077
795175
134652
157261
465391
64310
361395
51624
261274
288570
492790
273434
86002
251318
269768
62953
20088
229176
206260
86778
8033
474576
134617
29450
118539
141496
82250
295106
131678
61830
273636
311701
21137
113200
345895
103529
13211
7931
64163
154225
117483
64467
61114
204971
124814
87767
296481
211324
119225
809988
648997
255254
122020
184899
911906
59989
114066
235440
455765
624740
79075
52459
149281
386019
153582
622753
383719
334273
216006
101704
92583
143221
131446
77081
161350
505252
125701
141539
75846
270256
77215
504134
207639
159473
492357
247518
483751
280194
408266
331055
4302
121328
860
77119
51049
210234
318833
315196
352079
29076
518403
78262
951598
20381
520147
17398
143819
151867
102968
297584
52114
147939
22207
227845
241546
99326
584057
270943
103056
51732
6853
189595
4241
30747
2021
66624
494220
272816
96618
95964
667634
431140
381425
23517
35431
64450
239414
151657
160974
473439
246423
360909
171395
759207
145539
668842
344303
10857
283529
244360
272808
464157
132971
136617
77872
364311
363739
27145
71366
46939
219885
640046
630307
242408
470139
93049
203187
52588
267486
272989
123109
183643
197474
332499
31642
163121
143721
3107
227362
254377
508268
342301
121820
579007
418426
201665
751379
201432
45608
447754
152525
258423
121788
70244
206107
545521
335858
334016
241448
326398
13254
50343
322303
105052
70970
264426
104054
218836
128591
763861
265115
270334
13033
1096536
639959
256404
16829
28474
595769
259265
44453
330981
311812
44059
179665
4494
230661
161680
195446
207361
57908
588288
4469
610750
1046287
345874
121730
21131
539554
300811
479770
101991
24702
1108301
153365
7547
151488
354834
37740
207194
187323
318686
233287
624978
93315
155607
186523
144307
464773
258852
66704
19052
121793
222009
137487
146065
94290
23781
339261
101757
148430
230643
117410
355198
12856
94419
118379
260279
190871
190611
389607
281401
30692
174136
13611
7885
459120
423935
448738
208506
241017
7690
20522
336340
135000
229452
218978
275235
8496
16689
351171
146836
3529
91044
155222
127112
160158
46303
289952
152639
115944
23961
7011
457524
95337
219804
159932
101960
220781
141492
382004
91934
29264
96411
148931
20516
98399
528472
201820
270929
124948
11323
1054528
294571
141513
268346
602093
3296
405992
242854
20753
312250
252853
128239
124511
91913
70096
157425
22958
273094
190489
128867
64809
739905
96617
384362
148412
317669
259165
209371
513093
7191
558038
114447
2006
493408
159778
93913
215323
319327
158582
16748
102866
210606
299550
524294
888597
81716
556634
244059
103874
218838
335306
551995
170215
381283
25898
99765
74951
201069
50917
251783
150017
444547
75874
631387
344276
106267
431350
102691
1124791
115337
22936
79066
345965
61570
26707
109731
91319
606388
363293
466000
153831
70292
219321
7721
30305
92332
102913
437261
76016
523782
267655
54908
244924
326163
68854
262226
142036
257864
2343
230087
26706
842753
1034683
362269
52325
148562
221411
331525
572659
384875
439133
174921
697506
820806
222087
709431
635251
386123
311137
331623
17101
96028
19893
236485
189314
208565
65868
513103
163848
71638
48280
280036
466181
260772
141527
76719
187357
120011
162607
140882
92680
95354
73824
151360
264725
239784
463020
401308
135274
74706
408115
205475
91752
68480
31833
200231
266394
451043
349854
252146
247108
155473
193012
117943
61020
569991
62749
208039
367818
124931
402581
647783
265977
148712
717476
502799
24729
97275
151215
144551
28057
13634
117742
136395
236291
89650
187238
235490
474515
79259
142634
534612
464910
419440
475775
333891
151759
74876
439255
233184
219733
131111
121804
410770
132299
186989
89842
638869
40084
666386
190944
118341
38863
208396
398102
330962
263613
319132
20963
179042
253924
239659
120250
245751
707053
226835
96509
408901
150687
121381
184265
283552
103590
82188
205795
319025
6005
160249
451682
493410
97205
249779
351806
183988
39737
17113
351553
222888
446503
153865
36817
362386
24755
51063
236670
401979
209840
92285
141592
327246
75155
87038
145305
78649
91135
50928
148850
96275
164399
692886
170583
393265
179714
44989
9162
54871
591491
163270
238564
27612
206658
346148
13599
242857
287706
122351
24285
86593
101920
247186
619571
160712
258238
156766
69531
15573
160805
49429
11105
38867
110359
119236
27339
384500
195784
10846
319833
68884
150206
596400
101758
149265
71916
64100
71868
401067
50413
53646
249744
434129
6780
252175
100272
71225
210343
390523
186955
131372
50710
502864
2906
241953
325590
51773
75103
180090
52290
260955
260728
256990
70627
188468
6906
222243
593339
354099
123132
570036
563762
162103
7284
435213
360611
101567
269132
361534
431617
76062
141305
590998
263568
64207
121747
295604
772224
76727
446494
380994
278130
7799
28060
244680
368913
297648
368685
206126
601352
97511
141540
163969
39743
294792
691476
70831
14134
29129
61096
23720
293481
81921
319568
262490
148331
20957
102681
161295
1055602
72282
500459
71640
96689
95566
123219
401989
185724
105306
96635
331495
7834
171514
362460
72044
364419
102137
606291
2487
95311
838683
589487
121666
101685
662381
246460
94354
162023
614854
222172
68703
414317
96803
7117
1779
242723
439783
925457
179758
331348
190674
150739
21254
17173
19042
240878
86258
149296
236863
174945
319736
117936
231333
222639
224632
59081
245151
23735
198298
153896
76109
73614
240803
71793
79603
19689
640690
74356
152736
105763
16822
649104
218787
120897
56627
33283
221302
72182
123919
25370
267252
1082302
255530
51533
357004
127227
59474
250172
75178
197933
58431
26701
258610
438130
92005
44907
476420
382775
739837
161008
349762
115946
26459
237655
419766
150439
490443
120562
269236
179770
659328
402962
144919
319859
92096
89647
189742
316247
66424
237952
8219
95335
259012
23274
331036
209420
232083
126118
145996
28554
97171
20690
635576
24676
71499
550495
129718
447575
136408
200042
4151
48785
472391
369623
163052
139826
473249
98309
592762
268999
510331
130965
418435
1101662
240935
41196
92291
23604
523312
139616
545569
248737
25107
10190
464217
221439
357205
39759
581281
75762
493508
490573
92491
162313
384419
163614
21297
744334
360392
671258
127061
298703
147428
121696
3658
419109
134337
49596
97251
283201
141415
30488
247901
436587
450555
47660
135401
49293
252678
39330
634514
160486
121551
331895
95209
538365
263826
263754
602091
559379
132000
447638
280047
31830
121337
357001
78954
96458
247892
386050
546639
13618
48653
53513
271043
7686
8860
4129
546812
112592
113764
263709
140614
18614
797908
148843
441401
188315
95469
446818
139682
32913
699505
144216
1003510
23341
334168
738610
552766
82131
361249
778779
134270
217268
26380
25862
83589
352617
238310
92237
299548
489124
145324
576758
438774
54644
271653
201286
147282
137658
135914
96266
215426
342526
187312
135850
288627
30673
300736
303621
637551
510686
177934
700673
586466
821001
136438
64611
55108
9358
223609
235431
352496
574431
114422
71371
97957
69087
193922
237618
116758
143474
188351
551251
89709
84494
48676
569291
68843
144285
109336
178007
25198
178286
498798
180430
21271
27839
49987
147930
319589
26819
897641
141215
479505
97972
523439
201297
238925
21927
320727
241242
34773
44114
101794
238916
273273
417427
498847
69157
281869
193031
71280
275241
89375
113120
126060
731422
124758
274861
135939
104065
298650
204470
146677
69698
57594
325985
616821
124406
5813
69853
292165
14018
308438
385845
273139
451625
504375
6400
219043
598425
247209
343025
31452
65027
381056
144937
27739
2008
359756
26736
443231
165682
389703
162185
667208
77181
69757
27664
205973
71631
59554
274447
290773
301018
146554
206866
75274
571126
104256
251589
80968
251224
179924
66404
20513
80738
11363
146688
528040
162271
250801
244052
191237
320822
68623
76058
180332
49791
141678
146910
121282
334271
134343
28084
292140
435324
623640
296623
258934
23504
135449
162078
7172
96552
117373
73381
21135
67830
454798
510235
34335
222245
288556
179988
201417
146811
285462
257233
110770
759381
20355
148609
259190
119580
559265
41257
70632
220992
120064
102236
157750
74841
163631
368790
135694
54924
27604
102396
329515
464888
654813
161
246392
69665
314208
95440
20195
240881
133683
53630
406121
225977
578170
538788
319750
159640
96934
506981
11997
229406
215121
185883
201781
98111
40728
270675
262247
119897
627203
104229
153120
22737
482839
489689
73929
26884
63188
92158
315935
32861
258103
272994
153080
11585
7655
78768
419073
67926
162301
136759
30324
34985
143807
59689
317566
74839
216004
33818
174032
121789
2216
290671
590574
286995
239603
100001
953163
44698
274357
12819
252046
74050
120381
204942
50293
250831
393592
352411
283273
152954
61073
458805
273606
240429
100680
262185
23595
24905
578350
20299
271220
794438
219722
119047
329490
606455
23007
341391
125700
211026
60560
469438
96157
19859
170189
135488
26086
510285
318553
37755
586803
178779
251548
265312
69945
939867
2052
147485
270883
600756
50301
21074
99943
17209
401613
84905
536846
96119
23354
519650
154071
418524
157824
64294
139913
260548
891428
726866
136436
153126
83222
18625
109866
433315
893275
96461
450883
271571
45473
45629
339962
262083
28167
105667
20727
93673
127777
228818
92915
275920
954691
218414
794790
191684
37607
258071
650753
342725
187257
24903
145378
465953
318790
75156
397503
114011
106065
26887
388290
94902
565818
229281
884482
328454
645167
460862
188592
45917
226144
80160
386630
532830
764356
227414
17785
405920
32875
155105
493636
31113
17148
157775
13856
318562
242235
189646
34946
221071
396299
101749
436413
303461
23716
128882
75022
606813
58179
147846
430926
140486
43945
62679
103265
123697
311876
191603
74771
215007
271190
224131
299395
69956
9793
395723
191888
1792
30622
180026
9196
49640
950406
134883
88089
670340
152797
52178
347777
284425
29637
26677
362518
142522
112800
77101
349970
414604
448043
102759
88952
33444
157170
11277
531490
152935
910925
1099517
243974
188370
356324
775012
453772
334468
503147
222477
60703
141264
4425
446189
95326
126142
135258
229197
346410
454102
770349
139943
242410
470132
192207
263481
171339
402298
281081
229483
13998
26769
95297
422085
21205
114101
319706
496383
499870
115628
63605
50751
197671
92336
184158
491919
241669
329425
184800
547489
608012
574482
72135
436101
131365
347522
28608
28633
140561
247957
128184
241051
579525
275367
158820
268803
240472
328458
822363
339358
100652
31851
74107
727807
4380
106714
64489
840432
21346
347364
83093
74422
71904
97027
382791
262416
258656
117269
146097
349673
143286
699421
666563
568781
276486
148342
227707
51813
161735
146187
191067
668055
147163
146327
357041
184833
241768
187982
155449
368900
667871
572643
191467
274279
247625
8373
30822
331112
941210
694093
347473
27324
101530
271034
20806
265169
30407
91417
58524
190561
626779
218253
27279
96406
78923
70285
73681
2939
256818
299452
103956
13383
25238
263729
136373
739721
659814
473066
114188
7254
114650
242281
275753
55240
11481
337945
75253
934434
739716
86731
300805
91894
240468
47824
160236
202823
11906
52492
6404
138530
137759
238385
607041
160209
173320
279141
148310
25054
110066
493198
392418
565363
12401
325910
22069
189697
30599
388806
828257
363916
171435
134568
291058
484700
455205
452448
21014
263780
295606
145509
469239
87327
177689
296632
96047
26999
503173
551297
73864
17737
27897
154010
143938
261668
21616
265351
289684
275818
33965
25924
138199
276090
160954
278550
576280
230751
157539
154277
179790
19839
102527
599396
121032
619582
362291
700
4886
261232
554141
94961
277164
157509
76287
84337
115882
4493
274638
203075
259935
109976
253447
117959
532898
320487
727
902025
50913
1014
275071
47852
66617
64127
96367
136634
391607
18675
212317
94932
350104
131641
303711
41625
28561
13566
71704
184280
39931
287640
95574
158942
662618
121923
123740
130888
114256
679235
532793
43935
398523
716610
502672
164011
210226
236223
339296
274362
4441
385583
26023
110784
336463
244071
20358
95797
18235
174141
276469
174961
134336
277041
101989
27283
121705
159213
191247
288599
33156
156929
1002621
780742
83439
4255
195413
270581
188470
395060
109842
163869
65046
546782
173021
264371
327367
351056
28223
346604
50660
4961
351191
37911
310797
147833
59398
552538
326503
121099
293831
73014
27016
70251
344879
454284
1019837
99192
145375
560786
256980
86184
32807
218951
35577
143771
221629
244331
246539
22691
149213
150969
444781
20918
359115
94441
72291
293792
246115
74966
178931
264690
3515
631829
8451
236688
268375
219972
1019194
679568
275590
95895
103007
104311
75956
190807
242072
61354
650282
122185
30764
60920
478458
476136
23389
92525
301799
383632
96273
392799
91002
152934
444460
238216
395512
134463
28062
74837
151642
608278
113847
50373
255851
400238
26938
419798
592468
289765
355949
436337
62692
273809
99442
416595
280418
58488
26730
565385
253944
65178
92928
41628
566133
63865
13992
530964
20428
258642
219558
626365
177653
152330
154264
277385
95847
854839
265142
144313
155506
96052
75727
31414
32041
504947
318478
301796
946877
352714
191464
6871
439665
347389
84075
131414
4604
4202
488352
223471
303658
164601
482451
128914
493025
308028
341897
145915
274361
144825
22683
231666
612623
45850
151763
144712
382334
108758
72134
227055
39493
502974
249075
623453
130209
489100
11300
195410
96558
351815
238467
121599
323748
32315
76653
175178
93384
274285
254368
491596
159734
136551
304786
93525
76931
92997
910926
45540
245857
218004
529305
141702
174960
179663
87257
295206
102859
174955
435249
352630
245005
37901
9398
242089
28523
147950
36
10495
281247
229367
20894
59369
452410
16982
31319
228896
247013
62994
147030
263725
149079
130639
62718
339409
13612
163137
175373
94137
354429
91421
326069
386877
783496
121472
414676
152764
368239
225412
253685
111520
147322
455499
260178
59131
64593
302701
134320
151941
20013
393994
18966
265068
42083
322263
341795
94370
655518
603889
255119
89482
1118741
129572
973808
40272
240211
59192
507397
368826
275857
447418
16794
172496
267058
23766
103380
357102
52246
276323
45128
18103
439959
201246
38130
49556
221908
59054
174974
275814
267450
488553
191231
268756
51260
26482
71789
49472
344806
140226
99178
242282
70405
294276
209511
657077
70805
187345
92192
246147
367
563055
7338
66948
41612
258152
535
310016
83063
191512
18186
103088
221692
203122
9991
250358
71849
133816
381197
619376
89716
12835
334459
458458
1566
436812
1099516
43315
5904
100406
198109
261341
95777
446934
92624
52973
20005
146268
251850
509943
526127
43161
133062
36751
257853
22635
94946
101626
66529
678231
636223
252868
149106
474498
135096
143511
101772
160899
783629
92153
100424
360343
351758
31264
263386
318676
115626
20378
498746
170211
139426
356551
29433
152618
65049
742823
279667
76689
22252
26438
496710
269
283774
232533
44995
258436
471116
640625
18716
385689
140804
19676
18965
148626
634458
299549
140895
779865
736170
229479
49940
209819
117355
30770
353455
436493
97111
241620
37590
79760
281272
636970
187627
553020
731401
595626
125891
23291
212075
126131
569435
238081
27437
155433
299597
251473
975616
139355
46300
50466
222018
32486
97580
96662
679490
95286
92374
630710
157581
96268
322623
466036
70042
636442
119419
119982
115335
345911
776225
528661
635057
61034
195919
28686
21688
139986
298614
59384
31609
93118
349478
458740
29121
111799
147031
995700
174977
528487
290661
95192
121083
469400
158573
110807
269394
212215
317881
40105
110160
37822
91043
198306
142550
4390
99190
221599
188555
647871
71878
44151
222013
298691
529737
283183
4449
56572
289542
186073
71739
332054
18643
336864
533295
221551
451777
259569
386519
20212
140517
295917
277788
452591
54636
926794
1995
151198
170048
91256
25726
176930
29661
100347
83871
227240
633002
918179
264201
61582
102400
242026
94144
252761
87669
99430
157387
17630
342480
862452
58703
117622
520270
89844
165211
239204
218769
157719
31497
159621
231995
476809
237640
59041
114520
207634
137620
197783
199895
157293
255229
242412
145904
333634
531847
979291
12370
255543
71308
940348
285001
11608
639145
530474
763736
255938
53050
445562
210301
598154
95983
940346
95968
104246
516988
51546
528635
128005
632372
940347
58635
940343
141559
50797
503717
59581
23096
91707
95233
143251
33587
198285
7910
914816
144844
32155
17607
268746
147277
282990
190756
331919
361800
43373
104098
367745
500155
816412
102695
218840
102101
45969
65039
101706
449988
100889
201325
221632
532810
123209
48251
288616
19876
242441
23279
272761
207531
19503
94284
64654
97029
612937
96217
513032
19552
69518
35498
252013
24604
4244
646344
395849
467302
72013
58000
388213
228628
13030
359533
137610
273097
344911
104470
44789
120398
223641
151628
97114
157084
258603
21180
381317
463443
65573
155023
289813
86018
239202
439942
1108099
259461
4270
178376
552306
188407
579950
241936
773519
17140
74240
300274
335504
243235
591550
156154
282916
42299
267569
431257
62673
28623
152998
1348
54955
359617
13834
533048
121419
871
19076
263153
299813
161865
254304
2473
267161
121609
586306
65012
251865
113184
627288
256848
129160
156607
651336
170276
432467
19937
170951
579552
455279
348597
20610
155428
402906
8618
572064
10480
23876
285493
344065
730202
476926
329419
278424
145410
408996
523679
92042
629495
218341
237589
155097
446495
32015
473776
27281
503619
337095
606458
47426
236491
552139
178280
159785
240036
565274
86016
120618
139246
606484
136324
253258
91514
433438
127014
472054
120179
343001
418227
187358
206912
26155
34158
104540
221153
34386
1030028
336016
1070203
87699
80180
334682
101695
253963
63122
537810
259363
207651
446195
265181
231185
354151
329504
72277
69449
24906
286852
153917
636293
186669
463471
395063
152503
248953
13607
123164
307987
709849
94620
230787
140388
22514
146331
843293
287460
474273
119977
186911
600822
242860
554451
581551
319592
10700
77227
311520
278833
705004
18555
302230
63691
246211
132176
262909
641269
268584
571641
218301
97710
285055
146668
46301
316870
95331
44474
11129
293479
259181
362654
27089
690118
19451
330976
281090
92314
386837
121161
218790
327525
131129
114123
482946
202839
120394
666579
223939
128613
135028
191116
205788
125095
174914
408110
27828
154042
275888
67965
155499
6344
50077
381453
131019
10406
477827
765086
34015
21455
440211
70713
319319
61271
974617
208561
299204
79790
69608
58576
1020183
152373
463321
221800
29270
391493
152693
144144
390032
435283
871408
71016
617848
791794
220883
227627
891395
260716
119376
23776
12070
115342
143772
193368
12822
229323
254989
909954
335005
347296
50249
143643
984586
491286
135879
585717
267792
237090
30187
1045061
144714
773856
398869
333973
244260
99774
117561
605177
157307
93389
1095103
96146
131067
285789
208783
255039
1997
470895
329159
351792
189383
478341
195271
4793
447730
50972
153155
64781
71198
69423
136469
268192
35468
523856
286721
258954
127332
27665
820678
2002
51388
160211
103508
248260
51100
71657
2576
102262
241853
216153
679775
269917
578354
703404
83162
524163
195136
122577
49998
479369
91946
331344
456342
139270
298771
830943
510646
90462
163762
775
52226
53456
131504
890368
25455
189556
266391
844353
482029
455232
270982
87766
257126
766183
381895
215009
206558
351174
430319
445777
125952
553577
225177
143227
95726
10517
93595
124509
325995
262836
655739
194054
97325
395867
191736
95290
215987
100290
776743
54839
10079
124187
263760
2811
242895
1986
457986
184849
2175
37253
618499
144672
162130
12943
61810
68931
382742
116445
69203
131078
616786
221543
627195
110669
1034098
7562
530530
207239
409464
7742
71681
163807
340738
283365
341525
491964
121461
291032
7521
53607
4389
104751
236869
247272
91240
23796
138235
430997
223853
195428
139838
283391
474868
71161
219536
7514
221563
137486
116678
15459
29069
1130252
263248
84490
227579
757
236421
147643
267394
403284
189629
1053353
220761
99475
327939
180366
776739
504136
104826
58470
459130
36727
664802
123707
825319
86945
879024
36196
84917
8643
492416
402074
7866
4225
10135
171229
937381
20137
523783
218061
471529
348402
173097
218063
48844
665149
95682
280592
13275
2055
18904
879706
226176
218844
700997
356569
245522
219884
95520
770125
451269
386812
42782
884337
203197
680537
124239
474002
327918
251765
349855
72194
44992
185778
243690
47884
53351
524222
127985
390074
163659
74092
403022
277010
625841
253273
571349
94587
26461
63919
64149
449004
255953
26272
71612
249935
489861
671
228332
466990
30350
179791
137833
290715
27174
63053
434893
884338
71245
86933
218690
592454
348827
287498
491247
104051
201415
92813
83681
952811
448595
204935
265377
344547
469421
413463
346717
95752
237617
104268
186905
131394
75163
121872
95570
854182
95807
499896
73656
254142
106534
568196
149407
174841
299528
455202
307997
91097
609758
254156
215116
101377
272818
250374
4178
128639
258482
971557
71490
482430
504932
178233
184039
383098
500939
95292
6785
344897
263445
70359
26076
26048
43114
96933
101589
120363
137965
219954
440233
114051
671039
58750
215160
236681
299167
464713
344123
880685
262396
256020
331692
148209
121136
235624
435
984584
1127148
158532
398663
96307
1115550
279119
336609
151521
139156
221534
5816
238581
222878
116977
742946
191952
249555
48649
16733
222195
258140
657575
140171
14149
99350
353138
1013411
149226
706368
160821
1082386
31131
295673
243116
252004
81955
134989
99893
131620
261249
52127
145280
118034
252391
20891
341593
141167
562953
283380
184227
144690
66791
70820
208766
521713
274195
150018
7927
113746
380770
209483
469876
91849
543986
20845
346290
74313
48777
283174
28339
80170
0
31881
37471
52373
419984
393990
1839
207749
31149
6349
105207
159613
460056
221923
44791
145207
198300
27765
254479
326056
49946
203057
107495
83828
362528
298809
72490
612605
69844
145323
152541
207546
156313
66382
347471
74023
172683
30363
190413
6807
98297
385568
327034
75921
20156
83504
106416
763656
103134
499026
349227
44269
8209
222340
23104
141326
21497
340241
43848
240444
93891
7068
26585
29915
153657
102248
330996
143439
84719
354262
252356
823671
386852
43712
206908
71184
473886
46096
327442
160704
623386
405417
97273
208837
762577
655275
127133
157813
212232
37150
1106652
21296
70386
83497
223677
20810
18894
680269
74597
978180
53921
99782
354187
130759
118860
240416
529735
403034
141309
17228
78761
150993
45693
163182
156050
268979
628045
419251
585713
155037
70856
578426
145948
848259
43176
267850
51626
20409
225721
37158
20048
22330
87139
21153
488430
74259
134804
472677
1015711
135075
6843
101930
102034
237322
200773
21410
75609
188558
468144
259008
674201
290095
118295
7064
641272
368847
172678
33191
48997
566825
334679
158672
486837
267448
238273
103396
140076
17834
218843
510190
144921
491497
329116
265268
21665
26980
35211
140460
95967
75240
594930
46903
388589
221703
102008
41266
150274
222964
439250
26308
137465
255140
588088
252163
22397
45603
237352
696479
1029007
150938
218920
576327
322079
532470
797222
299424
518548
329266
104236
539113
236764
575868
333446
448793
7577
92156
297412
134355
263492
568633
353954
187529
293087
583496
940
139970
53267
21206
154834
6829
569493
58509
12717
20352
13080
37141
129671
94648
144335
136453
108774
145517
24111
160145
241407
355092
149276
153827
23550
349196
235385
221327
508625
64258
339376
246646
364129
504768
274009
99926
95184
68016
124858
30837
298627
531347
532900
293586
236292
414636
125856
19382
39977
275302
189300
296008
144753
96588
43130
27370
336306
191734
21472
150006
101961
95484
25195
130215
6948
482745
140239
189739
4130
948314
43564
161407
352424
190909
212654
336600
68813
39944
173106
120445
1200
26809
154046
64535
75369
71093
292136
126096
319957
123103
123108
223963
580761
807129
153531
350105
2066
19461
97281
71535
428245
7950
146561
911051
20346
159524
71776
583519
71542
389932
209201
294217
216015
469599
645368
485235
119088
8115
368954
245096
397249
22875
239224
762080
506238
143809
464257
117035
238258
117154
95573
150847
75245
53125
13235
130986
71228
9200
45482
494898
361025
151812
35409
246629
81271
332124
286634
158748
86015
28546
28652
274027
106553
58983
40524
69429
858880
178784
483461
20132
155814
64061
235594
423724
196497
215536
58708
155347
243002
6809
242166
452364
71924
688549
157114
109198
279485
346179
92142
417564
157783
13533
190417
184249
19599
128838
91973
163445
628069
258961
117482
309471
11793
457937
860371
150995
476217
425083
76515
387108
446786
38821
91179
77278
344796
476216
125047
290815
31090
456293
251609
648668
829025
58698
30495
222342
270835
142455
123553
270328
578348
114056
289430
4214
844342
330991
170401
390681
329613
97474
44853
102203
158537
100136
92957
209991
488287
24507
621620
703523
218595
66646
733691
890465
3975
230248
160506
70337
91178
251250
120518
336833
31681
30545
130688
262840
117632
701573
219029
630666
343099
228928
92952
8035
242159
94074
590480
146319
47336
506222
41538
174792
492890
747
161689
14088
30374
279172
730387
13469
139507
353707
117472
19963
294329
159025
320966
75904
254108
768446
320802
652533
47137
228017
398241
54727
675824
488259
102302
330927
291186
342032
447382
210965
32254
9797
237278
22000
279155
159754
135880
472350
408045
341166
27332
102536
186684
251553
189699
95460
102487
593261
240602
190981
885278
809542
246557
111829
24965
334047
863707
229351
190481
212141
401063
95181
1460
189716
72216
179883
381457
195293
264538
157078
449979
22826
245120
824003
256698
133731
446298
92498
369056
19690
36808
156042
568967
465190
269141
157030
496447
293776
13320
543991
20258
725830
160063
609437
151326
144196
84327
838933
229213
335697
26282
54663
18360
636399
192547
300328
140161
351761
134721
99885
84553
661295
235614
306014
242389
33949
64838
141478
100185
287030
30787
464359
299686
348678
453489
96673
145178
286640
40256
66594
22126
89356
673224
293764
402934
218358
205701
246472
141002
828385
561517
275090
211030
51295
44438
62162
237947
221937
685571
160437
1037199
1037203
24949
11910
319865
439107
299761
516191
397204
791787
238422
170926
331487
621099
175208
319671
295611
346140
8073
195276
96108
633582
70303
619
26881
582815
55229
103218
32532
242220
160395
184850
79191
260760
51281
208619
252018
147177
86638
49965
77180
582635
917552
518145
103556
707224
630051
76647
64540
238236
269826
199079
424429
109162
246316
51939
141839
4768
368950
170518
120261
177418
90967
191531
159452
512324
3593
979983
979981
525883
267419
141517
43101
240395
209537
123151
95482
154823
109485
151637
268351
66032
257125
284927
357006
971989
267510
532766
9975
18839
28992
241026
29223
7883
430255
267564
449978
96497
609936
600016
529573
342950
58261
137904
28915
155307
64946
105494
139843
284545
325965
256413
419367
71183
192203
127410
774043
347722
61054
16937
219552
3096
260059
61153
71578
20407
92331
418097
128194
317658
90908
30569
140052
667342
824438
268217
8151
361256
17132
229620
121561
279277
13830
481275
8148
360219
163358
364523
143730
19817
121213
104336
112965
191160
30709
403220
455882
11560
261780
299702
34339
121424
981918
252817
100582
334877
7522
640999
529480
89278
341845
43647
193957
21096
232377
844338
649094
255510
2952
544726
848197
95312
140945
229511
64614
65814
241825
158482
456011
142851
531784
255861
236450
87849
95665
135801
451490
292369
356301
145309
196422
37530
116246
92312
503632
363335
614728
200964
353862
92650
39965
101764
264564
164841
180879
404812
269565
1039605
306699
70788
267027
286997
191444
64506
518067
110660
1100
383136
51278
51502
317661
300141
135905
344300
491580
52434
64212
241648
160330
654971
385968
610349
110652
193987
610727
147238
274965
419076
792301
17471
146103
91846
451917
342243
24767
134748
1115130
93176
457298
64241
205934
132475
238410
91760
255977
190896
160906
456290
1060602
83000
210476
64747
150472
582584
23067
445586
505419
75845
296229
190750
439756
70341
622396
36081
7007
678065
102005
369722
126117
219559
26363
292442
82772
510896
135873
446150
303596
498970
19826
1101661
449084
1142
11948
92295
493848
386909
220638
148878
191265
270689
209934
317436
517419
285608
13088
92634
81915
117699
118045
96502
159518
72003
61374
71468
71299
110447
74919
139313
42839
532802
85620
329185
157542
874091
303805
244514
383042
219879
75773
235891
395005
464743
83132
841696
49563
91130
163560
327990
83709
203342
162595
150249
21305
49318
219964
289983
252760
906934
198625
16923
20245
476233
98395
381575
91217
146853
419407
158787
455227
544749
29082
541217
145952
4200
587916
174088
29159
346619
47073
21844
37541
215032
147497
259127
368327
381078
127330
137310
17803
396491
81957
272002
537572
523302
152550
244413
469358
362295
40447
400801
52984
108735
389105
439121
2792
346985
151071
331385
450157
129626
531025
63047
264720
471944
69882
4119
97312
701053
16944
1028
334150
119606
347371
431222
156891
106000
401048
336632
246420
16768
418465
99402
587519
636025
294511
173077
16725
1949
361384
147125
10273
136989
61307
145928
454934
6831
19716
253425
335856
2829
30194
572432
228777
361382
600296
231117
21259
65209
150074
468283
648158
142089
42756
298776
210148
788164
86646
621726
229224
274332
347385
97018
353809
96322
3186
23952
639949
98464
1090884
739706
256916
44538
216598
34622
222269
546761
59022
277132
949056
459885
163353
40314
779924
641813
131162
16623
221798
147826
76283
258590
98222
589316
128570
487855
1808
66582
110778
247113
303360
98013
3315
82365
843159
70270
65041
364646
603034
360634
289557
446349
195390
348191
50454
120009
622302
200083
7354
323317
621693
273042
47613
837493
234295
99948
383584
334895
403037
143939
154199
92298
122072
92759
21168
483131
94715
21187
145334
125037
94991
157089
463811
53339
153270
898844
226520
641850
267639
534547
522171
230651
260444
325580
661830
257495
103515
237974
254124
215808
144508
381861
121022
510891
352500
22689
247389
57914
62249
140442
101783
348367
121146
210101
341578
265295
122637
501075
566476
118559
69445
63592
70385
79274
192509
434693
65560
842503
546770
97310
44270
102037
456158
318974
264667
22404
103281
72283
145181
66720
333640
792768
188574
341959
293244
284019
148450
303561
74654
717503
314027
75526
99306
7148
446261
245976
223966
447519
163633
102501
39840
295556
585910
100738
352
21217
119923
370554
342380
151441
39858
8495
470745
513810
608542
100975
122093
32653
351185
187301
381791
191424
286651
64206
161873
198321
26558
866664
93548
120862
646290
548336
16789
257907
31381
381573
21247
369058
63192
236954
162250
299696
51415
284409
48368
19230
110769
16616
498181
261057
625852
9868
260947
538493
727193
264200
125930
95555
381862
271626
308118
507786
13248
97260
31605
148234
386368
154280
160484
259585
512326
10393
17750
319718
152047
256629
271726
37114
809973
299600
124555
178221
49324
254275
1035147
328794
398838
30588
64293
3279
50449
126136
102950
33863
238311
275915
120833
357378
1117655
221239
263243
359611
341049
274149
136850
272690
149059
311988
868213
40175
71373
66858
109384
20731
274689
26767
36828
472577
27970
20185
386856
359809
637894
92772
583839
21193
441326
725971
891904
55091
151467
151018
287814
650119
161437
608240
489841
121152
13023
247873
157116
128713
236602
62693
37922
978000
43121
118284
263761
189760
355306
773844
187474
18033
52998
73826
30475
252887
100379
194937
146824
154016
34989
335789
395096
266208
257348
229591
261641
452411
44149
21082
174296
210510
37662
240075
31645
47249
335965
450218
52953
312356
237401
468294
18821
91157
50974
66853
260033
189630
221649
28737
91099
386049
678591
510895
264457
30830
285748
146280
114050
453258
394027
64262
758552
68724
329235
210313
693342
91300
39243
317907
434122
149553
639509
26836
116020
28394
540108
337091
353906
436886
196746
153129
42330
96884
163180
979980
341575
11170
631420
808452
164041
520956
153055
242113
239150
652835
1073899
131014
630045
462352
148939
95109
396615
477011
266296
97537
7682
29228
189659
38300
151534
59263
394414
612609
192367
18981
128822
317145
347490
361760
1126153
2728
301698
190494
244124
435088
103482
136003
294349
582396
317123
119555
92301
454704
671998
351788
55361
263457
28850
24211
84384
483221
314849
76531
278342
35541
100762
914583
331550
69791
330960
26192
412439
114820
511288
28567
532781
542740
319332
243363
157367
293127
80812
714106
39197
199047
20010
132762
442839
523781
121606
917332
61116
29109
157162
329026
268896
93515
92694
147254
733933
42595
319682
258951
20241
100662
494144
174073
236128
155838
194059
126026
114076
242395
509947
109360
61290
8146
61794
488272
52126
543097
449176
236035
318666
435313
1017991
520143
124730
144986
206108
201696
458144
102741
222030
153777
24723
246359
251516
974418
32216
11602
103893
232515
203167
632775
227434
238227
154289
26252
632198
43559
68865
42899
61630
178061
313825
485039
218015
272645
533621
95544
267479
103318
275400
98296
205861
98304
8109
343105
99164
773514
318480
386447
909277
135246
472100
72000
26627
84364
136360
254204
102948
23047
456765
162582
385980
82102
152530
555833
472068
261788
582692
685168
110623
114235
3379
70500
339120
430885
263255
488829
108793
979323
82263
10444
153908
46935
96488
406704
102869
92021
398919
246698
331666
625880
368640
343133
349326
770781
242131
195378
227441
238186
329482
336725
240992
102294
351438
309076
273701
30220
658123
164020
57316
137563
259432
128849
11081
101106
147451
42552
64592
387963
381047
100584
481712
265985
530397
978829
153
352194
304976
345704
547600
218087
334748
463566
166007
78952
496699
241162
440260
894527
13036
292156
70937
370092
160314
483365
68798
309962
22861
212245
543477
116525
258903
16751
118966
35438
229726
66673
134629
171055
238211
364013
266335
74380
398306
512478
256203
75803
117447
701104
391925
772167
230650
347929
588508
491994
141917
448160
41368
9562
135054
240857
91239
161115
232604
297409
497170
344445
352257
91309
64141
103866
145047
459995
10373
164726
136450
21438
326734
563166
446537
603151
339432
341131
120198
242892
274154
153565
3982
143798
140435
979944
475496
188321
20739
247775
389271
23723
247912
157622
280796
91848
532589
40362
235447
109118
319612
251202
1053677
435866
265978
96297
191749
294965
267666
717028
97241
145970
96633
203206
209603
229214
68318
958086
190915
45925
6826
272300
299688
420614
227303
562676
26098
219931
446183
30913
204628
418780
534501
180323
39172
102105
550494
147818
650414
280756
209969
59687
361889
271308
88676
78936
121650
145739
1965
293035
144980
58422
287660
151337
239399
32215
264757
20286
146719
141391
39470
151128
449364
717936
85011
215926
178763
250805
134818
45100
492586
114032
7378
311910
368040
367936
26008
919909
51351
231052
412
269543
73597
407173
193262
180625
16849
66651
43194
13428
10501
76418
246098
135844
89469
174115
258950
278593
59241
94747
104779
498795
255419
59187
326181
581886
505493
354082
630885
331038
104016
186641
132949
139260
889391
352619
449341
526248
147918
464437
523711
85556
716506
61203
229285
449643
11907
49465
163436
92128
92925
59152
128620
97596
155640
710237
96495
16976
344275
4087
289791
901292
228959
40409
446775
573558
257657
879179
104193
92803
98331
647837
52766
96215
50813
257272
680416
190356
143223
320371
330967
406817
964
70839
102242
23009
103653
285047
50990
163978
155162
191745
64253
96409
569
528910
355423
47680
185966
4904
26366
221866
202141
318214
285787
274498
919382
346775
646037
686152
28105
160993
108931
114158
435407
10105
545885
168461
505846
528802
87413
90563
130805
164199
296020
127202
101803
4463
52689
134499
38174
329198
72187
7275
203219
76775
575339
290790
251872
76356
796829
164236
429568
142116
109143
26290
31031
97617
472695
216219
861864
251293
191146
587514
91295
69983
22284
274985
20097
58133
933302
200177
7749
307976
60033
218099
145934
159714
352771
147673
445460
368731
254119
146193
149227
141701
91931
290844
265922
241035
277265
416545
471136
175216
22564
510572
336320
97765
663538
71108
207251
634127
148603
533831
127509
402836
199281
92100
67971
418412
220986
476328
551996
346321
252165
325013
97530
33443
24387
582058
21140
239044
706282
210443
119646
99061
47396
190905
268956
570187
152291
252917
454942
89468
208582
711391
448822
54995
211911
240440
274835
101693
652635
160985
205627
29275
303698
149435
10410
139206
128452
331438
29500
185875
180388
1088491
167517
45148
274530
121263
82716
26514
259949
26320
119450
252641
776385
43840
218152
474668
258095
7010
175395
218637
529703
153359
150982
95250
417579
257036
435862
325881
2413
281443
336255
121238
505920
261495
283464
4118
2284
291793
374577
546738
236168
81864
103322
452877
666197
96295
895799
45492
331493
82520
208916
245444
36925
39932
292708
538858
275930
662098
45365
252128
148614
446182
320798
326632
416710
195798
35085
1011505
329211
343040
34981
382705
78935
92878
136242
43652
136688
264718
152181
30474
225153
17500
259372
485572
128495
95208
258999
264537
143797
142265
21395
68438
101014
335
110798
4020
243151
228733
449786
1018197
840503
1730
12246
83729
593649
68848
443303
276367
170445
388779
93972
471584
58258
31674
146483
144687
513051
170204
103409
126588
191876
600021
136927
635788
363404
105644
104255
11254
602052
610724
267943
612649
153289
30458
108964
265900
59579
151670
344252
859438
2777
631112
247352
588499
469065
100039
580899
22533
95596
308064
145700
3294
229012
148828
443226
353025
280762
300669
25840
3073
211160
460810
95811
474776
145193
260485
530840
24843
21626
329491
257930
229828
1007795
7722
584137
843862
41576
1127989
1082190
63456
240845
95898
289567
207236
657207
263264
178304
638115
319935
27737
43003
193102
120447
155022
537424
251597
77578
109138
19402
147844
49976
149891
276362
277012
971883
264560
93197
270903
148961
157917
66765
27348
306634
43948
398126
125452
287675
262794
538668
4115
334151
242611
1034018
217002
518071
258134
649166
82319
459771
281414
326656
71333
175277
556827
60088
590647
270127
18408
147012
588507
57941
370227
141892
101073
229397
102639
123879
784236
382853
429665
40525
261278
61894
248791
73870
143273
106704
134744
6095
121247
27957
251585
157720
424530
43220
136941
319371
252205
75327
269941
20575
409055
619273
52240
351632
733586
103297
700903
526105
70281
743377
599707
92797
198742
1098166
270622
128757
148217
277779
17845
342534
77350
153102
295972
312556
246292
1050327
146766
139831
861929
4197
40605
72096
57850
197970
359530
535972
95051
313701
44437
109556
66055
516102
317064
324590
613582
175089
74190
996241
293048
274533
139797
460650
68424
839418
69589
292280
118457
207553
71317
220363
645630
259172
21216
337063
178819
103564
353649
12799
271965
268052
173301
189296
92111
40261
456202
238502
91518
188430
68740
199402
598986
296321
241380
275298
148487
393259
45137
17177
144574
124879
23929
273764
128160
220442
195412
141045
125097
317909
71763
185785
573193
173181
95374
360220
28517
110642
95766
390222
19399
10214
390492
294504
22049
50988
533428
114282
357404
70265
252894
197788
22734
109083
570909
49943
160584
38116
337027
220207
114192
101936
100742
810847
4400
71120
401774
41598
50818
243285
273326
498994
452947
331457
140146
487918
259652
614673
246555
224616
157486
32211
24811
229359
41616
283515
1043317
156908
490226
30263
262127
145176
396733
347375
319154
27764
299507
186598
21323
117514
661923
11967
268957
944124
284377
239917
115634
489105
769197
186735
155202
276015
71931
219989
192238
570009
255798
188886
174611
96436
162011
273320
276065
36210
162359
25176
60004
351376
239676
4527
37958
543325
250411
71727
146650
47411
192677
101983
96491
101916
91003
28754
314037
203099
62801
139253
102724
447139
178544
277115
309190
339364
212220
217259
195510
286229
499535
842259
121265
667305
53075
272752
95705
596050
823944
226458
4381
638620
1106842
133304
8653
188950
238930
239827
38849
435271
198913
69697
592041
4055
159456
163441
216777
66712
352688
774005
811551
352895
4218
160451
304845
239763
118165
479212
132648
143170
355823
335560
369081
164731
7922
346753
136675
268272
990070
7611
1075075
475614
694607
624811
154437
959073
71470
266546
533260
25688
328019
417395
326717
494273
381042
589092
448668
155656
185813
94151
444115
575881
225983
14226
164010
21008
23219
269313
58499
115838
30714
252840
742954
139149
436597
228524
434426
809813
321359
44733
24440
64657
755773
326101
141144
764949
412290
401089
289351
49792
641970
621877
50260
230731
356323
283488
319798
121797
851780
91570
62712
139688
95396
131376
241209
381875
71649
164880
344517
546871
125236
184972
360862
476706
241405
102051
569499
191366
229705
446242
83471
403103
405930
498647
418802
223438
69079
598149
47303
633257
545477
28648
24012
41078
22800
221643
125098
353014
146840
158943
84198
69631
270372
483371
151756
49876
192216
96260
651233
363609
232041
268797
41450
356344
162770
607140
998220
450362
42857
866771
579978
476061
369019
47106
77138
145679
95457
439945
218236
286423
25165
187475
22943
30262
264503
616404
319183
163148
203168
181141
20134
180763
602200
151065
473257
875
402088
258213
19425
44073
435202
416680
92419
130969
264659
21442
321231
102059
269106
174944
418820
7623
272814
272901
1026661
51452
95913
592933
11668
513098
288681
207611
180114
20203
143698
44252
434895
467948
287773
576228
532822
588046
150931
575399
646612
93611
276093
92983
596292
154040
91269
26942
101199
296265
356094
160011
160724
511283
287519
457487
369149
984016
503254
19648
156140
51370
120723
97122
121077
44049
921960
656840
49402
496490
32810
294234
125002
208227
208556
268110
164717
488284
21861
275325
92028
348633
286801
671287
537948
138304
119288
759318
50397
202278
646137
267104
338932
94407
10544
201271
1853
4830
64651
151852
345068
99466
635805
156332
32051
250807
258918
336799
99162
216216
675260
394493
540113
38461
510583
70586
356733
248929
319749
3144
155404
738945
216947
246577
154559
309850
627095
392429
973233
476129
157726
272907
976640
60693
532969
441288
293948
77153
7108
583075
70150
268934
30688
587715
267082
91957
877904
149990
251616
254946
533724
9878
455295
254993
33485
76019
17839
27215
39169
75740
240054
733552
318687
74480
640589
49321
467954
125246
139935
640991
640283
262802
93025
275362
156645
222558
859054
416123
217597
261010
3621
108924
190600
30413
113974
120169
27777
1021524
440159
524161
243242
25210
1085431
697780
978782
264381
112552
188569
215348
254843
239684
427585
512408
588286
84312
18844
76498
132203
102261
124340
91512
634707
326718
20063
396357
50508
41560
128618
532051
192580
262382
29157
396618
108574
143245
201821
20042
3089
85977
464911
645405
321895
95985
346142
262205
179701
409006
460115
3426
228033
314038
69083
26975
20767
529571
114991
430493
260012
520770
172973
563774
260184
146697
420667
180063
179786
158358
91277
154534
27156
637209
458915
764257
100921
74785
6476
298536
209109
401986
221671
101434
1878
501137
163508
398814
722398
339934
414176
265393
155142
424792
144983
255853
122222
210043
21155
893867
97132
153895
245245
266369
68891
150764
334235
75726
571354
392109
733795
631259
240381
94677
54662
3697
135144
159455
162135
58271
195178
118516
245130
97082
156656
255470
47802
46018
700955
127042
180259
89085
281216
297985
74378
260280
188481
148716
105230
3665
317081
266544
186956
526045
367778
583440
175867
312196
295284
419860
333617
334636
102326
60570
199226
270610
146269
31568
162385
509945
102610
114157
246934
275777
822581
207493
28462
242142
139111
531063
75884
407156
287666
513055
164580
841940
336326
464097
329152
53627
39790
40614
259320
49516
18504
142954
729556
827636
612597
287591
19411
512374
314042
262792
25226
119312
153030
291966
539937
278193
95054
251948
157175
219947
921736
11652
240021
573815
88795
592698
612325
334653
164767
30743
19595
272281
867995
131088
29131
477529
189037
194048
78632
123788
66649
175029
531015
879415
437912
96656
562491
400903
355996
537608
246484
600053
85058
163692
295278
146934
189766
80321
349613
19907
119481
1020718
580790
43445
304947
149286
3484
1058118
222000
768563
357318
648825
143365
275270
264572
143973
37409
318408
335705
340325
175215
29090
734802
433642
22174
97020
71529
852317
771473
143943
205750
281593
239663
224516
680939
217532
26285
203110
121798
67838
192190
157140
149636
270216
104982
633738
61288
13443
102172
222010
51129
87162
233349
260959
110462
39959
13650
179808
356264
25891
18929
281433
160293
32674
402156
272097
61294
83971
33685
144406
590194
250059
19385
275128
248365
504445
102739
160571
246336
64271
163741
632768
209499
66517
95703
239449
299142
55238
160958
529572
28973
7678
52881
436099
139078
921741
44182
482346
126224
644547
221001
443936
447427
41960
226219
289498
160240
59602
31328
242211
95456
2828
264647
217767
308912
25373
263565
156965
105332
440686
131886
30645
314955
218443
297662
130098
92894
349782
99461
153413
20342
20921
344525
588029
178853
636359
8261
356530
431417
160969
231898
448498
118183
359560
634117
7880
468295
69593
139162
132735
210385
258271
49552
36228
41255
381195
131157
268257
120761
236083
157073
162358
11379
143773
17849
193085
319763
94935
136637
55863
151675
591967
1120
170188
257947
30189
191817
142805
1046256
269535
489862
623222
284285
102491
273951
43975
443502
218033
64220
737190
157982
617156
267126
393162
62807
258634
631056
171359
279413
344320
153427
36207
651333
952970
21292
135197
299451
21430
52294
403093
532524
733204
215080
33369
48188
248396
304442
92582
20881
72100
878666
313758
493548
49593
55033
85851
83495
667918
23976
737642
73958
58429
479421
361759
222709
74739
174791
236560
94633
451250
343497
83961
211669
625767
825962
81316
869956
630092
449484
184305
150046
156544
100726
334243
16807
27770
209078
136416
1052516
76804
95943
236017
188326
271141
136776
135239
76298
228741
14324
267001
69441
645363
10428
414125
273869
6303
606842
61364
32295
600319
308704
70928
308799
27325
491854
155149
385045
216451
22540
31383
149284
159715
95538
973573
362370
91770
95346
160827
86977
251481
81952
574908
103857
199350
145784
145674
467727
149027
400987
157964
81546
76395
545238
180254
571435
73890
461161
191905
783144
148794
445894
312452
361742
91270
28918
239001
243381
523471
148891
20726
221385
264437
444722
153135
92388
143532
252189
149859
4800
255075
133713
155398
541244
319644
126105
152386
32778
117654
177967
237215
385597
146572
235825
633963
471356
222883
133207
112811
531108
255835
185818
219772
163638
124809
21161
787793
163816
244525
151552
144117
28515
497961
23662
744893
76682
222868
75019
222619
7829
271046
329431
287258
650542
393081
287085
363691
125853
178705
464716
97616
61263
95845
242305
29024
947265
267043
229627
556917
190367
75215
200
562780
368599
161321
117669
259785
438925
18397
100413
223466
257821
249009
272282
148442
351322
1124262
699041
450977
328343
95041
9035
387492
24382
287774
99773
103291
92864
253762
355907
298907
135402
7711
31633
72847
31648
218848
84250
218984
157024
634366
262580
21558
230719
27015
261455
266406
139245
96310
243207
398334
437488
242012
38255
576345
154266
92253
20009
149321
241339
755135
393055
191729
628929
636485
272683
103993
62756
224500
179785
584630
298359
157430
149617
320880
14196
420004
610063
319754
100595
547394
222083
32923
195846
655319
660576
401187
146656
398250
268824
474497
27271
476704
1109619
260087
267277
27435
156633
237950
6353
345854
1800
71824
267286
9896
594106
178456
23013
50941
523846
104774
102908
243466
242417
632713
789745
434947
94257
220743
216037
29381
216642
514345
146053
159702
296097
69979
127689
162343
402560
664
160419
233289
71100
273372
117368
65821
325015
500151
517597
662574
275633
276033
39087
625561
650405
532460
2086
857698
344866
270491
179678
836
241967
159733
101759
43367
163737
119361
10158
71929
696921
12475
256155
510102
31542
263190
1486
115681
52584
265493
260414
1052796
17718
46293
237294
508355
61180
354100
260923
435483
278619
47776
223658
464059
1812
41974
296036
158365
12985
386683
473
33916
202833
211283
389092
689170
357408
273648
257267
229596
4953
41503
55517
308047
105648
94038
245165
293848
97074
61899
207533
91348
242029
269275
120480
123830
156902
463720
101684
135404
514717
264571
105913
136757
63595
193918
141278
44545
330054
825525
463234
579318
23239
463621
839283
70674
293701
204998
498259
207826
83494
87087
273533
364653
19846
4009
22719
296092
25126
125758
190709
236318
244421
448994
197834
24464
343404
272602
299769
95559
12037
143727
265451
76163
450205
334228
98492
20609
268370
135409
44500
371312
462519
117351
236317
267675
255843
147838
382037
135298
605259
351618
777861
189060
120034
208594
532334
18636
231135
269833
75227
67387
233181
716162
22309
195121
1292
75201
1793
576212
58993
61510
76918
69752
577359
36404
58481
26027
31697
31639
334157
69969
93253
491668
716154
102518
95404
26350
239837
216616
494918
171511
419706
987391
170303
94599
86825
191282
612376
13282
42962
95762
208795
417549
89513
355969
483187
382972
27229
344802
125931
240051
22057
193944
887933
246475
206476
191318
94837
66427
472580
396298
458705
96674
137123
619288
7262
505577
506231
397263
21150
24233
321309
131367
839284
384782
317412
21735
22406
390467
274993
140580
13700
23095
145871
252183
581443
198917
409389
17291
556336
542020
31521
141226
582505
255609
573261
236020
253769
539903
25333
28304
241175
446124
69536
3880
180113
334610
263797
479200
341244
268557
140824
78822
11786
140790
120097
126230
551682
644834
147491
126138
433393
126124
20314
255857
5836
80875
292182
179602
209336
349522
85524
3362
1090184
300688
640248
216332
280362
121341
147877
860405
265999
19484
25532
115562
262766
318789
30941
100444
344430
130216
781039
158779
618471
99185
257805
23540
264603
296086
121974
127297
301296
174995
196425
96078
271532
146192
212938
187976
187493
778499
118563
96958
31126
154072
154334
17739
95565
807109
103381
148816
156370
394110
219737
21994
120490
102307
92023
101923
229347
639861
1833
770729
294595
61313
161454
273941
434254
186538
96580
96911
145504
573785
170155
630020
142890
310483
115522
261687
282004
146104
563218
285258
554880
344169
187463
141244
75516
63044
147648
995699
73598
41986
51462
102856
77002
639953
630440
331916
121810
67629
132955
448592
37793
192259
130994
470733
95667
190612
155164
414107
260142
419663
96794
17396
100023
23667
189012
252786
7989
606633
347098
271630
703682
96908
31387
1108025
506916
449337
422146
469420
319303
58648
465155
867935
339565
253535
274432
53353
588
150076
368636
541509
151733
95245
91474
259958
271440
456370
326853
4656
244186
606389
47120
294513
92451
96694
273753
544039
94855
246487
191270
140985
160090
147666
172976
191737
143720
822520
69776
24626
206680
265383
286126
288235
27976
161552
297064
105286
265556
295983
76082
287577
23284
7762
22145
27659
160983
877276
303940
53432
774310
829891
74105
288874
715573
288495
115402
207736
506115
569408
24157
219816
139469
125886
410707
65268
120793
153506
69121
246490
433722
127625
259207
257690
259274
563895
528889
797359
23231
177577
92655
105351
63852
306306
406149
613777
842038
188456
47777
160490
190879
317675
275796
636986
104422
184118
906486
21875
440144
353574
102141
138908
140245
191779
632773
246262
355502
430587
196724
152770
241992
245482
3019
136371
758
128114
67739
62650
810
163772
510851
58625
199075
321530
773016
381320
300782
27217
27009
556325
152340
532198
120021
69579
75406
19612
352628
426838
242572
146722
153146
470457
396758
242042
1971
335836
705796
722616
25792
684796
237353
320877
155820
147601
75953
209303
142115
224532
250661
92184
256830
6442
93167
30689
242146
125067
44274
243665
249142
719834
236920
105223
137797
10995
119664
17866
264658
312518
386410
270245
180029
10481
207752
342642
742819
401565
7359
18558
259317
254432
298572
611
95629
299460
160990
40332
262234
396446
59992
1011262
64290
285000
240308
809682
161254
336753
593856
271794
150269
292595
47644
177711
211658
186917
587637
24232
206131
358937
185969
272770
144161
280370
154018
170161
498784
465989
287408
148920
807279
71570
44649
160460
209379
868658
803971
143275
22452
319309
141770
728158
227053
569793
344904
147298
151518
276085
170158
321140
227307
3457
808192
486965
103005
35245
337286
733685
59766
131155
219665
143218
1006313
43582
19596
1972
28651
396454
100745
269237
34497
448586
713
326915
247897
712163
65435
257863
623238
31911
631736
26896
381432
464163
286459
67274
46043
790913
1102726
388486
206885
680443
516614
233334
722265
71220
1116836
368623
950771
68628
605430
91265
476876
348849
27720
150065
999779
19494
26000
919922
153955
944597
61134
64139
520142
742050
25115
326626
497892
473726
246966
341142
204819
77128
648377
156151
434264
390177
506336
230933
47697
363562
463935
180174
97198
230739
10119
10304
348153
439115
65550
227605
216352
92936
790014
254036
191130
157797
101524
321166
269043
697968
532792
58426
198920
368415
988582
100982
95842
10416
131000
274070
351624
361092
75601
46216
216322
114552
75130
639809
191897
364304
831066
260968
222754
191719
162388
241991
783544
333918
263442
60159
436170
102628
396264
240388
511920
38927
468284
264252
177648
62888
433502
34688
271604
511117
23879
283691
872153
96446
141587
474534
253983
418410
19459
418601
303734
3060
66740
618274
96048
59862
238857
626112
316999
96469
101674
41129
465041
348042
6198
506668
217016
80528
235470
128888
148346
601439
76384
451888
88326
641357
21124
327601
92856
65190
954841
478993
143885
105042
382647
470594
128752
639567
397210
207503
61051
145287
565672
673758
76042
393388
326118
128693
472024
474259
78393
609320
41718
332176
422161
92962
721474
443890
454749
180013
28326
493341
94458
446203
214899
255902
344833
419987
79268
350184
209935
227798
14032
142491
80233
136118
423519
570756
162961
438776
524046
245554
362426
105271
113976
396815
287677
9304
491494
342714
134551
156185
388309
680532
124693
219541
299584
242814
53083
157131
531160
430030
431329
222081
7052
398311
150846
230646
319598
393123
48552
321164
386471
287081
518653
30853
87876
4337
265907
666336
64383
124543
975822
515357
226371
1000317
341620
267984
109121
109089
281122
73980
120379
90215
856692
532136
396127
464370
294521
630439
8284
630634
547625
260276
913390
240392
303318
532125
200152
96107
646454
662943
118160
83235
112855
44520
561223
833353
476763
88774
265334
203112
118959
872644
222549
787467
550681
146578
147051
791
46271
28590
219694
127208
43389
580717
286205
160324
40979
144796
136346
244433
97822
419873
340868
389163
309535
395180
100306
31814
272986
121676
329526
10751
102844
91024
79563
105748
35022
190640
181126
51860
17352
451918
162750
100167
600199
243750
572405
435041
11193
611034
84299
455272
71851
177641
5922
146542
263938
40282
229456
141882
562334
346786
218019
27224
469330
523581
584721
196473
61006
623223
4925
114047
389572
7297
298626
46315
458578
39744
837825
119543
39654
554589
76536
192680
160335
474152
463585
280432
504154
178093
179858
339895
92806
22885
445755
13705
297691
698992
196058
186926
148880
4014
286779
700937
691443
40367
200086
461375
661894
18876
115092
629235
588083
736406
730718
66414
301805
187995
433603
626809
365967
518657
36486
55365
64609
322164
529297
341617
1490
769807
569031
720695
20511
956248
341532
268384
145968
614584
222719
96445
572665
8051
24501
319594
88661
147951
390776
13538
87207
279276
279473
147943
726076
571807
288533
7004
242350
251879
334213
135425
790211
159638
435118
261877
646343
811054
164418
77330
185749
590878
157555
742610
474162
201479
279500
47823
66228
257502
584578
102471
551370
751242
61629
61581
147979
4051
28564
149878
106558
355310
363278
177348
321923
136511
299575
183634
461775
118453
228937
844510
47431
184868
22024
512297
75836
256233
60712
206884
601512
473216
94612
210934
1092871
515994
419837
137630
164590
651183
446225
227664
195407
2032
449658
157558
334094
14040
220051
277023
92722
256296
95892
364309
1067881
175039
37850
7497
123663
100106
126281
131456
130253
317485
100777
39105
43002
867374
92873
359321
520213
523790
654946
498894
885107
202261
985835
515560
257204
95879
224525
113675
135803
293196
37283
153507
259171
273413
147706
26875
40588
83569
138249
277027
115700
109247
66770
14003
269520
578312
224912
179734
292295
10250
226795
689445
82302
549362
36623
51035
518527
562401
26166
121214
310736
505923
50909
103227
665513
58118
188009
384579
95846
449892
150087
447136
650630
59227
565178
475351
473624
431137
283271
238305
784113
804044
290355
488299
852083
599311
551289
76593
491673
95551
30832
161212
119306
341108
528952
866460
99341
191742
227018
20477
247263
904680
922189
452484
2123
39357
4540
19776
591485
233165
506242
722831
456464
387660
261541
211132
129785
141129
194954
785348
392266
331970
450040
395167
50937
100930
449098
409398
996624
1084786
100729
221278
140375
362141
615402
263573
336087
263407
571202
31273
68885
74439
47742
191101
580555
114591
251967
362085
289509
139316
67028
294420
584299
521242
30278
313088
78829
141705
96168
343529
295318
560385
235999
29095
543644
879684
95415
344733
30477
641271
303963
428140
610926
253169
443945
219796
345829
503342
227665
941651
128928
1116127
131396
54835
735178
11257
46704
447004
7037
161892
241329
238885
217007
227727
98438
19417
151197
482297
147699
1023455
101222
104343
324578
762960
6208
715281
8835
246355
414231
4439
99995
512475
7253
302248
193007
517470
590701
450351
154064
67039
792989
12379
29611
33046
246503
827062
104594
842905
139208
139301
274659
816024
66732
29754
232530
94804
285436
27216
274829
436095
1037201
160303
242547
124933
100021
32519
511281
10999
470972
273889
7539
344140
331106
204951
556392
241942
35358
593669
124031
863063
123690
27830
156911
269505
346042
128663
471876
58219
3518
153542
384334
610545
80269
9123
116030
260938
157993
187486
387347
73391
207693
106080
451246
144783
671366
142750
132257
99737
455010
451066
250776
75559
507489
171484
269522
261269
12027
66986
681165
22480
34975
334059
235732
302054
187242
449032
127278
477284
537159
101682
103408
46911
31287
36006
241338
5838
106533
185895
662294
1108440
842178
580067
3187
19932
499824
163030
161568
351862
220443
532808
303559
174396
155024
58207
198894
231103
27363
241779
254960
26219
6869
164676
313518
114
40050
368648
475663
582737
728406
27154
511791
26681
180125
278657
294282
24917
623687
40046
353932
116255
689743
278600
38622
218713
220852
31416
93001
533319
588092
228569
69500
238279
291940
491453
689086
4001
1114464
370231
437322
156759
246254
996187
242303
237250
119467
164535
22986
577845
233179
567997
128134
22997
264470
65584
155397
89756
609065
4708
107202
146742
179871
448780
319567
258512
209639
894376
530638
659900
830784
29538
239290
23816
196781
134987
531022
36729
1184
227167
163574
94095
145508
9046
23051
267362
344408
254035
502543
240019
763609
149934
74779
580807
646848
156621
292024
4510
105219
4028
84024
19534
102226
702101
163502
124510
214202
528438
103393
419968
447367
542855
36976
154555
289962
912204
266287
364420
62489
219141
115202
352477
224554
92723
629209
590815
139456
158656
528950
164364
120609
577285
459260
77327
908981
240424
905736
1060397
278426
459707
811648
11772
832620
3086
97641
97065
329517
138902
4300
20662
1026421
195433
7296
202860
159633
103027
610561
153731
65437
1574
147423
450325
286738
288475
1638
160259
387970
295881
53477
279407
475959
542739
159353
494510
25099
957272
142014
773056
162939
1439
553097
253958
751558
71140
165009
145938
117459
232499
45563
570193
766687
43441
487555
146647
764098
120452
230955
528700
498728
43122
302529
91528
84633
254936
453468
688459
280018
470773
188292
286887
28404
41526
258801
65040
314189
237616
260629
643484
974619
218304
470802
271573
931790
36734
18983
93219
144598
564553
543226
163503
96237
517722
1019848
261504
563341
197648
246593
368082
914573
195561
7549
133598
50030
351818
222720
70035
283351
348799
609760
230754
609558
30295
395206
152268
633393
17109
626822
199145
299371
101502
101726
163427
354394
1092095
160473
1097889
174805
47084
303802
12915
242123
699252
146313
359671
159887
120428
664726
209648
78411
61184
628744
120601
179741
569140
276434
640654
499878
264724
781820
545324
128001
4418
50117
222173
319844
71330
20866
152035
164728
30030
92375
228690
19482
220684
13704
851798
394998
216976
272929
93184
477523
113537
456716
101197
370053
103558
101422
49531
76776
352229
395047
157785
351424
121227
663747
354314
443846
521257
487433
40079
25563
396180
283633
420071
51314
91321
184232
239422
163675
144813
623040
155769
27294
562843
552138
476779
289174
575448
471736
156916
76618
424
122863
5819
113966
247767
152040
308447
641769
347524
243711
177987
224219
230652
581666
243092
985834
183889
322021
409052
105072
178084
245065
622359
451033
71435
17763
37858
195516
143932
244150
30637
105089
177998
420057
700892
887003
17235
51418
464730
297430
205667
263768
294737
44549
82362
470387
159277
545968
522682
145447
91844
269467
187557
468460
1037200
475304
250784
25522
478051
3225
470613
275566
92283
577439
1037198
240883
76477
130824
160549
97050
272626
6261
121124
112814
265010
653913
279956
156995
235744
914157
424386
23296
22372
70876
121526
463463
131409
82499
261273
151497
170110
346778
108677
9934
195881
635060
959199
164122
135889
160901
132958
135816
135815
135809
52231
334703
52232
10493
237226
114488
270640
269914
96519
417130
793906
128821
71060
240260
44944
145147
562923
215720
539768
410767
642008
200132
246898
35571
161016
24951
143214
524160
95483
29973
201941
357442
531785
92824
136531
148179
273400
94810
606884
96936
651407
110243
148525
272576
533648
269061
152430
61231
419952
17062
123178
25009
103979
190493
466385
1092313
530619
678437
11138
241350
348320
860370
624199
32066
132288
117788
191285
100692
162240
38462
69098
268511
252024
160086
43532
334642
158363
31757
27116
236892
58135
186174
963064
125470
268095
263727
218996
26571
139351
91896
12491
102722
634753
746753
893297
578083
2833
331147
32681
348829
518361
304973
42902
283352
108563
658777
269526
186819
54988
600254
19577
262788
190772
179673
234207
189798
118159
617592
158641
157795
261521
609124
449069
231715
191399
38048
76589
1133867
239136
361049
97877
468316
49778
280122
97776
686183
179845
334095
331714
248548
446397
22222
896070
51449
536858
136591
440171
700889
47770
209200
450159
267259
9825
156605
500885
310740
417444
7072
353447
20325
102511
31356
98439
364647
609127
135032
266256
269073
10723
89572
180073
364049
464075
252203
843908
189057
189852
45435
205725
111709
126140
247391
346020
281291
155486
541836
204836
287000
195145
218832
12929
60954
530575
832405
245587
108760
642571
335753
64256
153353
328414
526084
625615
157185
364409
1032021
646080
210849
450363
67871
174288
53352
751232
354479
21906
24813
219110
887144
125902
520811
122126
477959
945359
563697
19849
356959
21893
152933
383652
191672
607826
458338
130929
268768
308445
310822
70039
51263
58175
153748
259184
30905
102164
179903
96476
722178
109033
240273
134271
593144
340968
296264
339600
257548
61435
1098977
331838
431351
624983
153217
289597
157230
398370
435155
611642
163642
123093
25974
438065
551838
403108
382837
978228
386426
243406
828418
430167
31745
753157
192253
213448
747959
274075
12710
98114
166267
474513
186928
618648
360578
109262
26926
356516
4809
272534
623286
23727
648140
79457
222881
290685
141888
498796
60944
139742
447197
105203
95433
132801
1224
242609
772166
338978
120603
1125215
299742
690
229838
398283
318204
435401
156813
101637
329538
282228
194041
31502
188290
490611
604675
130223
344412
368458
899779
1105810
15691
346720
146816
242184
416679
236468
1019182
20997
674799
227927
814287
155445
94122
26963
22302
332680
164331
465991
489977
246142
136554
119994
191472
227356
239828
673836
396523
472248
125603
59440
419966
215880
85019
287679
385687
267420
255913
343056
61248
46021
75136
792850
20297
219604
236253
534876
56374
453710
44287
395706
453420
1123584
63668
330477
218140
188460
66689
446606
821940
604562
563706
196257
4522
820313
278830
55962
30801
39174
272768
274238
184013
356167
92437
140931
499513
639581
139407
139247
418345
21282
21057
468130
470640
18892
704424
98305
17698
384936
388106
390723
395776
396613
92065
148050
616379
1050829
179595
12173
436383
520841
435188
1055942
570175
157201
156913
83108
23691
154062
327070
625223
328151
330915
45612
537497
23833
45750
331056
318800
888449
64944
459466
238922
559244
587490
452223
253087
267508
250583
510618
445778
1064417
106726
50843
348692
438644
207292
255883
503572
247182
495000
103958
83973
145875
220409
20380
532803
356340
200985
448593
84421
327817
59043
156901
352662
210250
278644
633908
63607
382528
69481
34632
703558
109832
247229
418379
179497
100914
6867
28516
443661
563420
661172
291808
93647
825438
639367
92161
454472
600776
267133
593671
464426
46613
303574
454714
507107
349631
135329
259977
72201
431549
3432
286041
40649
76296
20831
68901
570328
570965
387506
82782
212278
156217
656866
21166
263594
398913
287678
473761
286654
179617
300436
634294
96232
326736
219403
435742
156361
81794
797316
623976
222762
59722
109555
31876
739133
861547
180337
263096
161493
284107
198224
780229
471000
508811
1059209
150002
615747
478635
37017
289047
151669
217278
451522
274196
352924
147304
50012
69136
577733
433671
90829
276158
117991
44069
201470
417617
351953
227562
556085
72012
651118
120459
252866
245098
100035
361850
381046
101267
191229
23353
262544
189726
264448
348432
3289
262493
446327
92180
226739
185735
149433
3302
9164
142629
395992
971506
25751
648392
68704
329226
31499
614598
492520
40620
251513
162748
59186
554428
84205
174215
118426
725427
648421
64227
394439
207596
320370
201302
392373
23371
149659
751410
103341
263504
894477
105068
496769
179696
147386
47691
586175
435217
125748
331194
21389
93833
27085
246613
223930
39299
191758
37640
209239
103776
267572
845073
486754
1006275
86870
96002
179872
27064
17367
191209
727681
3986
179776
242552
447666
23917
129731
261246
36835
135690
16747
67282
151754
58427
262976
149772
262940
553875
151714
118844
842838
651290
161067
1123570
159424
142481
163606
877339
22637
870181
764060
143858
191588
164835
485910
103425
347430
824461
81962
310526
970809
318997
25245
157106
13526
171329
25754
154485
81389
13056
82166
3221
173120
24991
23385
58450
600922
658007
904662
96970
653586
39929
39954
1125148
201284
175833
48177
287078
287216
862017
352832
242556
210173
611141
99354
589449
65834
216385
51716
100326
17036
388807
388613
387582
220397
68643
385807
666364
385556
666188
1115654
200987
22698
584928
843855
180030
982284
22619
349788
93829
92352
140599
184618
568007
1113247
350004
474642
272260
1013736
144304
229342
797056
6082
144706
515515
133681
264735
270176
396350
555393
83086
191382
210275
47744
229628
533843
144604
45698
63196
736625
968259
650436
19234
140608
298893
103203
92821
242095
625542
59278
24234
144007
236716
91389
863706
155118
124193
352706
45564
21938
7790
330913
233183
87317
357369
551348
1288
229683
122083
140993
24049
498992
17704
92548
86431
222182
770226
286913
476888
265440
215336
195365
289471
795690
170563
490440
69265
513033
221409
30894
521266
136406
445595
317095
569783
149827
11453
95432
647640
150073
606825
270803
352708
95174
151631
838602
518405
156657
351980
483086
194027
351892
598332
101978
108675
147074
437920
91895
585005
418052
63145
606804
93547
64783
102945
844878
348366
303837
190534
146699
67141
510569
163609
92732
51693
585164
189875
983532
184018
94495
14028
351126
507559
590115
86051
121983
359646
203115
512458
153466
577567
767617
367990
368630
117972
117736
704962
381034
242553
58575
383411
121982
121535
148178
575265
103559
621409
513156
447417
52112
996542
1002036
267706
63158
20000
64266
96316
293857
611555
174274
140483
207523
216095
180576
512255
367769
475407
206991
137553
160012
43959
163352
764804
571473
433199
153951
870243
331334
240473
717343
8238
144482
195662
629694
180119
257354
127161
237980
164266
751539
73718
41615
900425
215126
1102522
512464
130218
104617
488440
286387
95708
251871
164468
285738
163783
533333
230257
136244
64916
100138
131496
191995
188928
128118
136644
291425
190708
94550
73490
753077
650482
199504
200232
207637
579006
446526
114608
18126
325896
69291
275769
155767
275267
98434
876974
433316
30926
404781
105776
210723
101397
370125
623176
159717
506687
251489
456626
317757
757969
317822
445860
279578
277063
212274
120411
363546
897854
277386
368350
206442
528553
89315
256084
174969
296230
498615
46289
145005
88297
179726
469412
75328
53905
456016
341934
832656
41949
541396
297317
46701
36123
23228
28213
628662
334265
41617
499622
675267
474875
494909
75980
174212
584622
767622
539421
4697
317449
314857
691762
487229
149080
593055
316216
384791
445486
512237
478404
453770
265116
402879
148414
100032
262847
61221
63672
301126
428067
99742
132207
120766
200970
1080
341703
121787
209664
146178
1065403
612708
230821
191367
348505
294267
94860
7058
164827
420379
957587
77156
512254
115348
64172
24433
249040
16941
250651
448468
570046
54865
625244
624877
503772
830505
331167
853224
102090
65101
446297
97217
142219
47421
246839
384421
658375
351555
553810
218972
306689
660513
41241
853273
18339
218166
83522
115438
26815
703419
326194
203222
70143
652713
546842
502853
636
29163
283204
74778
144950
95635
579204
296286
416157
17640
290842
152716
220140
546769
133036
255735
92594
852042
554720
290850
292490
398602
126014
46030
64243
158125
33607
32988
356007
216843
6861
641876
178520
47473
77201
138046
221712
349565
488176
42392
301749
420081
99334
115864
156211
201993
635702
132566
126030
591529
127074
150649
76880
163621
59205
179757
476076
636443
267886
16680
242197
351482
87535
522359
102868
247293
447633
277562
440232
643577
4574
258355
221533
491587
134491
103064
451526
28852
356269
269462
188376
216621
629731
336179
840
204946
21749
94562
226198
136548
40851
67024
264327
19892
116005
468891
72790
70278
172653
4641
110697
1102537
327870
86956
139561
445681
51641
857036
214291
563371
102806
271688
290751
88223
553630
938301
482582
637145
346680
41578
238160
420237
451211
313583
419818
28587
83691
131117
29620
267683
40391
27084
30749
408910
119887
910438
96302
452876
152922
40055
468394
455823
230198
246522
272693
758251
314474
228463
24945
159595
275535
67995
664345
634391
1074175
1238
446291
671668
617259
65061
9956
94530
403368
235368
148216
543141
49507
357157
148173
849060
274219
356431
195661
131480
728634
294411
125119
344534
235438
792449
340650
393551
1104808
175266
147717
381327
341912
4287
298669
590338
39833
275303
19918
44499
123733
382418
274904
22203
914191
70085
33616
319216
349687
123236
174802
821976
778595
473123
529594
1722
271736
271776
21062
254435
460039
340158
416528
439667
127199
28807
537621
100928
71936
776108
103946
636095
252869
4963
100048
996240
28092
67059
283229
195593
66854
147215
942863
1058745
69074
23777
264605
33712
256052
47438
34739
332177
737550
218839
345884
260487
643063
110851
546491
23008
32093
15016
449666
1050182
382717
259459
222085
359767
130890
3629
93031
208078
16793
295189
275554
492192
276966
13112
150177
71817
473277
547336
367730
8378
27890
139952
101544
227079
511317
156165
179569
31336
662603
355459
443940
10856
498574
174907
218950
393975
309835
42988
21200
32045
431183
590493
3981
85460
227236
201455
102633
326350
1587
21974
93347
74952
530541
117776
138911
250480
19959
145683
128124
84372
308216
170938
110060
45152
1064004
622439
969620
368433
102500
667236
97475
291548
431343
23836
351810
770445
12416
19991
62504
932802
730237
352190
250728
151805
201135
114966
1068
25982
162325
887194
221369
559095
245115
28391
270171
339281
39688
416729
239404
340096
342319
156926
7852
708571
5929
409231
449985
121403
222776
26309
271116
778874
893245
612312
484607
140499
74093
326310
729425
119740
158941
65417
96392
17103
667474
47650
201257
71440
103158
145982
285257
248591
546055
344527
354970
43378
305647
131612
268521
529895
470736
264444
136650
596607
147913
100274
160736
242767
286351
822335
236319
253778
443387
219252
207603
258195
154455
207208
919587
43188
804196
510987
438346
361201
343608
265347
910915
487252
119671
326879
109414
203069
137371
67029
775450
489635
19864
31107
31399
320489
106556
807320
34882
776744
853013
541974
1794
53115
1985
54956
46730
544640
498787
276929
27221
631306
276804
666359
252431
271180
470605
21444
201573
491932
35433
240876
218989
136008
87210
485138
162966
91852
326328
272760
119227
1013178
1054122
299349
70596
452856
348465
190535
175857
261200
95224
963712
17674
479408
263385
63798
401906
750603
544639
397253
292157
75739
514079
103607
121647
51734
258717
26126
393997
861225
5803
135189
401615
66504
520084
483362
314228
751662
124495
71522
173174
76683
184224
4523
437535
579059
141732
511189
146382
174797
613377
625623
538905
3544
464515
606563
30574
69257
13182
257514
349387
20163
276459
503553
590346
314188
58600
6422
114009
1913
207212
615895
684271
93505
542895
52990
94139
84305
125254
75909
503794
34905
828432
21692
1121
523805
458131
434156
464638
341089
92790
148887
229382
662019
1048093
173127
91299
149657
818179
117476
136568
233350
263900
595144
36241
120600
134657
287095
249174
158298
81205
538584
39671
271847
574139
268892
239625
408046
222737
4788
141639
86925
180210
298620
127408
144766
89021
115263
190629
589849
61493
68864
186629
21015
205913
96609
330965
151233
627988
670580
3583
70174
468114
467723
763319
156991
870926
68937
232420
681913
83502
384546
27273
309434
126056
353689
69164
338858
112162
289780
63677
612472
145905
78058
624201
78110
70105
134632
102316
465421
732297
55642
12512
142885
242296
841981
243064
190938
143739
171376
163530
24777
430251
443681
205946
461724
6058
666448
31663
327407
3376
661501
286840
127026
322348
321084
646770
9516
154457
43168
272795
96838
531079
435968
868724
1120846
142939
178281
1041422
484138
26253
627987
650174
13737
271931
217678
416134
1047778
814284
8004
353748
101821
5114
424526
150306
156635
396140
162091
334032
635216
19782
438308
657033
256079
38862
64845
105415
17516
142643
208818
345902
364650
121990
207765
75037
207796
17765
34967
388001
35173
530444
762937
125190
135434
160703
574631
331565
450130
36503
36529
453741
131582
180075
349260
178328
125752
388303
24750
679258
3611
219484
344871
834821
610558
170059
622348
61306
262473
1133152
98048
458270
419567
91137
219483
443662
295280
295041
47399
444459
283536
566032
21141
295042
278530
149229
218552
70877
154584
89738
159603
145932
339469
58438
73329
575301
223968
989729
3594
20129
127667
159821
267624
384427
95833
615262
64095
42180
114182
537010
260969
137537
384589
102469
133622
13281
232489
479875
237270
159776
147539
76856
265954
639166
141779
51560
457749
25680
634559
463369
153886
71579
624065
11339
142369
483419
465386
458871
806650
1051185
164415
601665
99347
569100
29408
488868
36435
318827
237138
207815
631875
31942
419874
161411
782516
131469
121890
368297
395123
276111
368556
523473
510565
27377
581806
121308
118515
156925
215344
89625
141377
338267
91505
153732
538659
532814
71795
79718
64298
69073
319638
151517
128614
368634
274600
427640
1944
539838
359584
319717
656478
151554
289877
304809
58096
418917
417031
284317
236639
637349
437689
386893
29908
510316
657677
255104
576289
102503
119986
687881
101814
195572
141077
267733
1050753
321148
82500
236951
98653
303405
431989
70332
623139
101163
44795
492842
103266
232698
70242
765
624232
643783
336798
551932
322372
257242
660132
21156
847347
276124
435203
507811
361731
317797
536700
155018
279777
717540
267813
92199
448683
119979
133394
373005
726567
32132
86291
347670
121812
566163
369575
951781
28811
93440
273654
117521
441319
807982
23654
728030
42516
780023
229408
470805
593077
520739
10254
155458
66643
483165
636262
936620
915672
120085
463792
70348
632567
250359
293794
341738
32589
133782
29427
81687
28489
103665
469556
1010
131370
130229
25194
391494
39859
339251
537184
137582
222145
353880
1686
226770
25715
321580
247722
497300
528419
336638
529334
1851
768710
238436
123259
322074
92632
67685
125150
116330
232318
96735
579268
69565
265983
476066
434779
273160
6374
260180
524062
300809
94474
31619
448226
578127
63588
866504
275756
493623
206473
201399
61434
229266
135435
101067
398548
471499
36815
221942
174131
31114
334522
817042
244365
238001
534231
338670
5926
244750
530405
445959
269163
43397
92272
91924
151064
112581
499937
257492
348543
587746
277457
570288
143355
570049
318633
549980
197827
65802
597145
628226
206865
193189
299552
96103
260228
669642
180549
770250
138931
70306
499066
16762
625399
257949
246789
136638
23715
309854
23127
95401
219284
476107
101798
286821
273429
220632
143306
155096
149727
134239
131186
214176
335720
111145
215674
1086741
653721
188307
352501
808760
38086
189076
1809
782777
162058
148515
162334
226856
170105
362225
268118
24908
24726
174434
137352
88947
170937
39237
697916
273004
222107
417603
136703
508208
354376
332140
196438
33927
90410
105193
73635
72161
136796
673970
139502
114875
7708
475834
37583
424782
71355
139358
44195
49468
816231
738895
998962
10649
75423
1053223
531154
22603
449049
440222
354827
271317
588070
78081
498280
819208
94560
26165
567115
60639
968264
26341
148437
273715
153999
151974
483906
159318
537690
66297
784353
170273
671114
774061
450203
297664
220447
184960
727276
201389
351805
515647
570240
914248
621745
450201
865920
889044
506109
829571
117247
569413
149150
94911
658759
99921
360196
281136
140846
217416
132384
533042
120375
498252
247808
588143
496377
301387
774090
27203
245255
130265
742589
364461
270790
149820
286628
857913
117462
70679
278817
95877
273924
104206
31122
324743
280084
510630
269645
300741
28096
46156
77240
513092
442934
144951
134247
176338
164828
100409
396859
207218
4367
67042
471468
19473
239446
277077
254940
820194
1077137
10953
69763
76787
784847
146952
414665
201755
750116
122961
326427
481282
6161
162062
465597
613308
242030
59066
346101
84061
256022
570416
319407
162884
448735
60466
83289
258021
144624
249781
312613
101921
396442
512448
435895
849782
103865
55067
133664
217242
49906
929518
650596
275056
388044
191117
142223
159704
439826
687439
343344
482444
123352
635268
402571
12396
402076
370124
381716
34718
153878
20359
368410
102934
184035
161499
402812
355926
558821
49692
95424
93382
446193
428926
131013
246289
231360
827610
141241
107334
9518
260137
361518
1013830
784059
122976
121302
1023325
135840
319640
47427
808009
874214
1053486
298458
37594
468048
148544
360638
700945
134785
544841
172887
268779
1529
150542
85495
686345
272749
145624
24426
455527
74385
246312
277614
195405
334719
528587
339971
99198
243610
221477
76998
146794
314363
364381
644322
443774
43150
394949
369171
101748
109230
623651
9104
242019
112580
624771
71845
23699
514694
651164
464956
123692
43255
144822
102096
514081
220398
115054
530600
14913
397488
68268
999704
44470
37135
464285
100416
216255
310262
184653
184778
235709
312532
336474
99324
161459
522781
701740
618118
456971
147112
353908
207509
251218
206478
258829
561210
3035
93765
100355
876849
145863
244796
427634
99422
31667
141424
499591
3040
446055
307995
224060
26275
16886
576126
294010
192614
220808
117047
221461
575622
67035
150038
676692
805768
270867
523090
155090
191352
70541
240439
75786
255939
877989
59018
633946
231165
29666
77216
514092
128327
640345
128689
921055
36784
298899
356570
4595
626215
524195
940646
146797
368858
287121
79414
256311
260084
6880
253673
66366
352887
719254
465033
436339
623653
497712
110719
598348
97234
159445
740291
230583
338198
59258
383314
55456
168467
229183
237652
148187
360598
249533
702739
103302
247831
580655
44279
309614
433512
31809
44535
561209
37170
381330
140656
55582
243415
356338
148341
242171
241865
92744
489014
347095
453042
251964
74327
99327
128210
143561
28255
30292
174031
326267
362278
222547
574450
322309
221628
181551
244572
73924
52137
634247
1305
383541
414606
723518
133655
592026
33885
26877
184132
1083856
3343
297063
446882
651162
556397
221150
414607
34319
218281
414235
4152
119070
291036
118130
1047148
103235
135701
149822
75331
76808
890174
27106
101967
248710
405473
121970
18776
148465
180182
363419
4479
530796
418764
67979
437910
558470
536651
64566
424509
269096
834292
526090
22412
125329
629723
602383
1085019
13848
9715
229642
138628
409061
66847
163817
489186
30290
71862
174110
239543
239673
280051
545657
37634
858429
587857
123095
297569
809993
701948
72329
520200
389317
64999
260303
96599
236255
292091
146741
621991
24658
58652
600012
156833
73633
344629
1118078
417533
386954
76090
975953
521203
140761
1817
207727
388450
43200
636249
208789
159668
349452
95428
125735
151732
351188
18178
127101
75820
230793
127375
509925
177680
335283
621675
277463
448591
496599
98454
257245
275214
11104
529048
146983
632108
976366
703884
218841
428748
574687
104031
311813
579849
199016
236608
696885
139045
658568
51442
509697
34474
331235
567963
62017
64078
27104
114130
156505
22444
8409
716636
25886
92017
317147
515579
566911
635187
197640
177439
155287
205082
242285
10300
581611
95745
383644
297336
140159
630
64554
609021
207583
20199
205706
96246
583133
137656
96434
468105
618076
273241
582510
275916
146988
487544
335352
408273
245166
446086
719121
446543
464642
180001
321641
21148
173184
476220
872442
283491
530993
11055
483805
41947
247654
445735
267899
838501
161729
6995
102901
132209
528998
339306
597661
187601
97882
263738
218235
188976
545792
409274
644212
331
493409
461529
74600
243976
357135
463756
809359
259568
553358
380790
267434
262024
91728
267633
508820
177968
30956
123206
326115
221740
773812
886322
219287
321011
185900
66655
61795
1075381
174208
584632
640966
209727
738177
196253
197892
104297
427513
81859
44518
100814
947272
506679
571057
353732
623670
133762
230640
240438
135711
10147
348753
9806
170249
41256
4080
227527
659297
38252
225698
474278
91893
288496
382593
3367
158277
227120
341510
218966
151643
1024720
122641
232488
3627
54971
1122805
23571
339865
507799
162970
238593
626446
720991
715233
453993
171265
662134
563853
563855
21634
772763
49458
456786
276522
464694
383765
896804
351796
265962
246960
499397
136841
239969
540264
243287
501080
95481
134210
389054
475117
22195
179847
122352
45727
293740
441277
218374
218908
208757
24009
1070502
7965
20502
432488
201405
779645
101683
61047
8010
80850
64866
222493
283435
309855
314779
448109
227404
65916
586036
448429
121542
512909
71981
360645
360642
367639
259368
360647
87937
360646
87747
360649
360641
91472
360651
51485
23140
42979
863888
59201
98158
411848
651250
119238
255989
242163
134792
118389
142809
190869
75411
368934
191503
635331
474087
52768
573547
390693
1061374
574329
69471
156640
521200
196548
340838
127560
162456
587274
389915
69558
170257
69728
360265
505699
96447
772206
331480
236574
761542
161566
455486
722724
336300
475487
700674
240897
588082
1078166
29235
18410
469590
32787
122210
253659
87458
245097
1041547
139615
825762
204954
92776
139939
249010
20254
75910
828233
989324
822760
17657
20246
104224
267185
153015
357319
219003
716905
92896
352615
211440
22278
253734
149992
215680
19981
51858
477316
955563
250790
81700
286615
28555
101800
582443
264243
264777
438478
16763
295874
433593
465681
4497
394424
273021
64242
391375
254392
642693
328439
966794
199848
510136
26394
293675
237308
840908
51943
253285
83872
742041
282470
30566
369231
431454
886584
100111
12884
68330
435147
629626
206094
24220
402832
231169
74737
295549
939323
87396
159993
161690
249505
663451
462727
49642
340987
93366
609613
868968
10859
76508
25606
1077924
91949
22185
60115
5919
69457
109126
156186
63361
6452
104145
242016
417528
266010
19771
538034
384874
224243
244473
299766
71714
370214
177769
220390
431485
341501
13310
416580
743166
586801
44724
298266
49769
632629
121314
104755
10251
341009
185665
189890
257532
154045
297268
190618
299466
340797
357482
7383
177923
842059
59006
427654
262123
172495
78074
2068
147916
3014
984170
141521
12507
752095
92318
893137
217347
271569
92277
21804
110213
136608
40341
40562
802412
506849
196552
141146
163647
79426
236678
9789
309653
54650
769791
37576
398675
287461
161033
861326
505596
355424
161431
528397
590703
621233
555552
444610
519728
96516
4646
75508
492359
769940
446803
193569
421046
190487
257239
51455
266282
519876
602564
72281
848737
936726
594936
450963
178850
103999
655160
175206
160256
178548
406721
439815
33910
816343
7932
164441
79064
7465
236671
763525
267756
1079210
4226
222029
178505
249330
286595
705788
634376
296587
6385
930497
9176
200758
384650
247966
440164
103245
143743
529335
103294
64667
434908
93080
199542
252167
381044
434945
254216
1955
139848
575003
101914
575780
639776
99979
229433
274422
95668
132533
843535
119632
460346
317072
585155
479845
888777
533670
305037
277022
268943
117488
626017
42307
569985
319622
65121
273760
769799
100069
128101
420039
42502
148244
325133
359068
99119
497805
530241
153929
407469
276930
401175
452287
103683
353033
478177
267759
442845
92163
32467
386012
336708
289495
109139
625579
117379
997077
579839
831114
592736
512450
127404
290623
218935
17546
10127
382668
872159
173124
453765
435993
269305
255353
75857
357010
152925
3653
402113
222148
302242
385877
27141
661339
285869
157465
100545
464823
106640
571564
66445
279082
20154
475745
131933
42802
67224
141735
153133
121610
39685
220001
6939
116721
179593
402713
179814
402862
140475
158055
24544
152425
502978
25037
63891
490459
9470
1039604
1094676
140457
719267
185726
344823
59188
144620
86583
242076
4894
96559
552977
248518
101624
1046283
244921
222061
458608
136862
751364
186881
18140
26074
72162
895882
265323
71814
264782
388409
75951
28779
500965
95002
666687
245755
34323
92473
770061
29218
724222
488170
854572
661215
278303
94832
69644
269514
264250
49815
129908
161973
266089
7578
555763
275245
482998
141723
230896
186966
469078
141721
278018
6507
148299
231205
123460
37167
58979
381040
17728
727406
489593
512393
150012
393499
747557
41157
449889
356685
119274
334963
247141
137523
249557
492727
143770
206452
278552
227359
434377
904035
446743
89120
101463
578653
297351
104668
83518
208214
341198
81947
146369
20443
1011756
63026
529627
220240
303347
294885
218855
140438
95999
100501
65756
558091
6341
583446
218516
736525
259198
382818
147376
21224
317777
462223
13013
34012
24014
139657
233141
332721
259449
479029
75001
259418
2090
632750
136281
100143
334153
118285
156110
13319
611159
268785
271466
635577
115350
897573
91317
270254
229350
855593
702686
299830
712126
531848
45638
33906
363576
1125868
559604
292270
97169
402075
7761
339519
96817
401570
59148
329250
451765
234700
344378
624191
780071
369513
69681
643687
233200
451697
461522
30726
35859
439684
95843
185984
346510
103534
640914
135287
595261
582375
29319
237607
405462
163730
20037
389098
1021665
236946
694144
412349
61239
30345
944373
73580
523701
440079
269266
217030
624466
102300
124461
2128
192665
140622
48269
711918
334970
126213
132037
78647
470978
51240
103011
659532
122186
636041
392088
14249
471781
59636
103528
262047
486969
510255
76137
75418
170192
77243
73919
66336
646296
471432
334060
715000
91870
939767
109272
120792
482756
434960
42989
100423
290343
703402
285968
464587
52781
586195
598218
155510
356064
471454
14150
209712
148376
136858
75947
324328
361562
153141
162307
57931
246509
468244
392693
27349
144998
148583
334604
354850
393153
3708
456136
60048
137047
4443
185791
455152
117831
99322
848220
51947
723660
26144
235492
239246
113506
160150
528752
242002
63613
51567
72131
159063
742057
257399
595732
109179
652634
1386
598710
208469
450367
554408
136388
71636
343616
472624
58173
128168
256508
94858
320996
1029162
23755
161370
7544
541286
262109
635668
477870
70291
351552
51597
191653
158150
114446
183615
282475
32208
1082810
102027
134832
352519
476115
362546
908869
917258
573749
417449
71867
29966
191661
69330
114917
484778
50624
59589
68844
64150
325302
92119
617216
465594
530434
518676
41285
360891
38775
24090
346043
474686
113420
146190
155060
1279
22311
227017
21013
551774
82515
331261
448406
339552
588142
163108
238014
272007
17144
270696
617169
33189
48295
283266
484420
627102
562726
974514
121207
336085
435490
144701
659316
639819
1081766
233611
85610
245232
31164
32005
190742
73905
140990
103315
98404
160547
364374
813916
442813
75199
588180
385688
221548
532639
18862
7974
54830
49329
845569
22526
120789
449562
289581
927005
664812
81453
344215
664809
142266
293395
276512
1262
398609
21192
222724
730297
361566
791207
201939
84733
763702
474541
458676
590056
332123
1081393
158090
611588
185939
326207
602094
117516
95285
218979
1007497
391574
275689
145025
45099
390578
283607
772710
1027502
257129
201552
351557
722138
174497
393685
42003
210484
745284
157313
184233
605540
64455
211286
435149
276335
345160
102814
136002
510282
99337
208011
348364
86170
30975
46307
242143
580971
171416
152569
444520
86117
239260
173942
262562
416817
191441
589105
145857
263576
19035
292137
231736
325116
471599
4405
248506
688480
322149
178773
496929
453601
162477
612280
451146
242601
127730
152587
20279
143854
533453
68708
618223
361217
97605
582665
711964
640290
285259
21029
1054700
180086
121115
95463
25225
97871
196502
610886
1124841
161593
482755
175098
521858
920760
908237
119733
139381
263271
105078
338966
796543
5004
382890
341699
67868
75634
104983
240724
261366
69007
152862
402004
447818
385695
63589
368109
386891
95586
90921
97000
1000235
593024
197936
582577
249755
3919
266120
34992
142105
150619
414228
179679
586192
390421
339266
455706
852307
442804
346107
21290
218194
274588
31061
70948
1036482
391427
434114
594181
447801
49405
738925
95067
563011
222730
236299
265601
49291
436904
118351
178440
299403
739975
285741
347744
140503
921516
266242
266222
101026
345983
192949
6711
399044
100338
264758
75154
255830
179731
75546
575616
352970
254488
434192
157462
68866
148393
2036
23764
730298
62314
103848
125851
103588
106702
490445
304852
483081
158677
115740
210014
28739
524018
630261
123071
317887
246100
368394
341246
4395
317535
59704
317104
31470
260743
316293
671996
447574
478949
178735
198039
424692
137577
102404
252891
245145
290650
129099
2407
993402
92429
216895
118534
201326
220610
289031
1009399
300216
216375
265279
39884
477737
53651
628379
44433
279970
543751
477711
83072
302748
983588
1130821
1095725
277897
466396
360893
51889
329228
888874
260576
593079
201864
157204
52471
292587
264554
381894
110416
30431
624596
256179
295053
104452
517750
325671
1132767
69491
12065
157926
280335
104009
126612
297435
132402
156133
141830
298647
303699
74277
320616
207822
488956
500455
257152
586848
553154
327847
237287
482448
226166
395125
143233
498234
69271
68022
300719
983040
253265
852488
242059
348372
21147
257248
160788
336404
78785
260559
716836
210239
568774
42799
644435
209690
689964
338852
626333
27259
188948
104037
786024
275931
148309
636436
262690
288069
391498
255189
195922
297069
297046
239561
77508
122706
575207
327542
164766
71995
257667
19987
268254
1103343
532904
53350
101797
16630
568778
102018
52650
69770
824437
179594
191254
127305
552028
179609
77225
96927
469555
199600
35594
1044391
195375
3348
394965
361821
699654
292635
873462
457493
91018
143778
258714
5057
242318
450371
772521
7508
157778
722055
778100
231101
346962
54669
20206
463492
21136
1062809
49317
37129
352616
319983
286902
390237
269273
164931
175291
476782
101111
72204
814712
217483
200965
216826
104786
48774
725595
265350
540246
475947
1029215
436201
271682
243315
24987
272716
278982
503636
629409
260886
124332
309733
40433
658512
20387
741502
26814
100065
229825
477242
294236
3045
2919
542786
433879
20433
174216
331436
60148
121087
203223
9238
204532
627490
75716
615073
17597
1097859
100006
800988
584503
608082
589785
1091972
24690
844839
381934
50473
287102
219532
287122
483411
89713
19852
667977
661991
24019
224503
289152
273756
184998
581452
301822
654746
36867
227456
191252
949208
91387
370308
804744
145427
103493
13626
588560
538837
246110
591684
357346
317904
602966
361204
334555
295072
270859
819400
896100
566899
240210
666061
82598
123837
137115
121638
230677
307956
584039
290
359209
200982
96432
331460
141025
238545
804456
503018
269253
580594
30988
47560
788323
92537
78229
690597
604697
470284
103423
985322
702183
121464
996588
91739
359170
119024
126102
440189
101309
390062
31654
222339
7524
75891
151878
257104
36051
67192
222897
104555
44320
49644
95162
85359
152570
505873
793571
461731
86780
729067
665496
448883
469456
341441
92604
12048
942012
316945
776509
45939
2905
350206
505707
407014
28093
79533
634484
361749
34973
242266
527891
102002
619287
151413
222100
353753
141300
1085214
238920
841947
147486
270892
773778
251421
102905
149575
543546
321072
125916
86848
199564
565640
141741
84479
147039
348375
580679
216424
414444
221234
545101
103519
334217
97554
464601
902366
349379
221466
12776
2130
96288
420405
84762
627127
104585
40428
147106
837739
113903
546449
327316
139241
99752
2023
123769
8303
29643
159601
94779
494938
40001
390143
40594
87047
492432
23805
384484
64954
213177
652488
326918
160318
109101
64189
68978
95669
28477
254428
727368
250360
516210
331345
146731
127770
598390
800785
225069
258461
47521
65527
705332
70087
416601
657884
99478
59156
717184
59169
440482
49909
576036
195968
139054
319908
533782
23950
842218
1084137
178236
1110635
857532
10449
708749
674240
139109
95317
511066
255769
450828
75261
893174
723387
41083
498107
926684
66656
82822
613683
251532
344610
253953
452369
336454
163973
157520
178729
36420
573064
905869
132347
307994
250421
229201
145219
496745
394991
43180
310912
8034
145374
503219
26859
103030
157134
199754
457598
26597
348406
28600
418562
157193
295506
100426
1082622
852258
1067443
829306
326502
962083
2209
893682
101553
31864
436190
1042074
21823
744120
980535
95521
29294
292220
419962
137645
4291
469012
622791
157569
57887
287674
93957
27493
231091
614384
73889
342856
339449
388412
201774
87461
339269
730386
353842
627908
95435
907325
38189
636350
274036
215665
404622
153005
28988
519524
297197
246294
673443
207814
259426
274144
285126
391649
52961
1704
329147
916186
547304
887794
200036
576273
981728
295294
295275
893110
434626
219971
156083
149399
153160
31842
2717
42964
220255
207408
4674
1065278
634287
39615
162973
925425
3091
777460
144284
605900
101912
736604
75629
104537
296090
263140
124379
88020
294782
192235
191593
255840
419704
139144
50851
392189
918482
149187
27773
23421
435269
930675
419455
64067
92805
27040
403067
336985
446188
392155
27061
906696
506536
253954
8972
640718
227135
841727
1007747
757923
981757
68542
148093
629447
103075
140170
331346
78965
267749
60939
128722
179966
157443
369316
883668
492679
661192
539378
102836
331929
331860
561428
591134
204609
238840
230595
67022
201709
364474
354833
554087
451128
668799
75979
37920
223519
842740
497828
189785
273553
184259
74462
121067
122289
121389
268347
473434
241971
998452
473174
331134
1070233
919515
195797
341178
731453
47369
236293
47384
826424
397265
353438
275975
21362
555562
66345
115408
965021
454747
147252
539325
29339
61320
1020193
150785
112588
297007
976367
96701
178219
99480
33536
597656
476268
572894
243293
521702
1035105
629308
86808
244335
812791
384758
101351
192450
298522
88521
637892
261674
702661
19597
177943
933134
587929
568681
551128
27538
1047125
632315
827598
845707
369621
360236
78924
223631
724653
292192
25100
112577
359721
220494
53452
118554
725501
232003
260461
327779
180088
32130
72189
456850
106643
367862
129064
455940
99344
226530
367967
31825
291553
634918
221924
363401
327210
223843
778396
151184
871941
120002
146657
1108775
10137
48088
146000
261066
59260
350134
797942
122435
50633
255791
28412
73879
73625
121901
853886
252216
852507
28286
15330
471507
263526
29397
31134
731371
265417
118656
118664
60707
238366
975618
532192
239004
97997
848648
331508
242210
1058502
353955
77076
630642
629913
629682
100892
449378
23085
299587
156178
567932
257999
83905
7607
915878
85933
478079
914384
546260
7838
172654
206249
71301
143967
673794
317594
609200
988357
96805
641359
466145
338175
1073245
417654
92662
478760
277323
191135
336832
538366
957274
70192
318059
418083
396467
418214
86924
1097718
1097714
783381
1041640
205698
37764
16743
106060
158179
497824
26621
109200
475230
698364
8544
619283
82643
443229
21070
180141
66342
477796
83615
17622
934860
97212
904280
577808
2020
65625
263649
103703
46059
105331
860578
258787
23125
437684
352074
277680
361527
292605
254691
155505
42944
88052
303625
801215
156610
244049
311459
819967
139343
297656
539130
189267
96167
235630
450033
848082
27291
79543
247659
599530
260446
136428
278131
506014
94674
172926
267095
832718
58321
151024
28325
488844
342923
91459
106252
606609
254425
476093
273013
305010
210057
141016
291889
59393
680544
104195
569275
341059
261503
483115
340782
752063
11616
329249
486904
65345
278588
906
838453
332186
108759
286092
283430
294636
780654
368852
269072
345619
94859
88497
88746
37599
90430
36417
137446
457874
417558
163473
528490
122332
648339
40024
102590
101986
162092
423506
96604
641848
152753
533314
33091
20244
32141
543735
162360
105642
246374
232199
492450
77242
731353
361809
353841
240269
124140
227877
456443
493925
364568
556677
388367
249291
894395
207465
105871
588815
209110
210063
447289
447634
223960
972081
265565
96348
870821
222106
476826
341881
27812
157758
253284
307550
883893
960989
104023
516235
69816
492875
43921
159378
572976
735388
158840
59207
21287
263868
664235
220759
545532
206236
191235
38773
680638
135935
47405
199672
184180
59405
387368
121715
176234
54616
100245
260054
503547
54864
22587
196691
792022
102786
13438
334744
19323
253951
342467
71646
119097
842607
511880
28723
102011
30375
19173
151449
20176
2183
102143
349309
31866
860595
75067
120239
148874
608562
75873
158094
74683
477860
199062
325955
816898
218819
82228
136507
398138
396773
921256
771913
222552
640355
387041
206461
117465
208177
39031
384486
8471
524060
180609
171443
327240
640651
354168
47175
836646
452638
139299
128007
95329
170213
24763
310525
195461
311739
229205
398175
505872
93312
463928
164626
497246
160907
136380
127366
180124
52911
621428
632683
351199
506835
286889
414122
69777
10301
75099
651340
84324
171475
239191
103068
510986
448942
147109
264303
641637
206487
440276
443500
564503
1002800
44539
474929
419669
156159
135600
586624
636544
256420
651411
20418
243261
245854
641897
47729
33123
157445
29852
68344
96181
450435
154513
583302
27183
240482
139417
871513
361772
299708
422030
230243
34444
309791
97478
155488
521283
658401
1118489
50308
447432
262140
112153
2821
467864
212255
541215
856199
1121257
28419
298801
195401
455362
199769
195748
3998
1097759
109715
158937
340573
1017449
301907
101770
270123
173151
632306
253303
218575
436077
262590
137530
26665
174132
100933
973060
49926
351119
123113
153576
261276
452179
99438
288580
290743
239901
346609
582401
290218
252736
243127
60309
430003
68408
50201
865768
353433
488455
242889
100105
355316
318455
159624
36793
216940
446167
55270
195819
770873
180322
91447
497798
87184
83663
28507
258614
279044
321650
314887
87339
1024777
356638
308410
95743
160670
29111
13025
24823
79590
231893
53278
142601
475492
255046
18313
64635
101735
104806
466858
217480
112116
295152
26515
468380
553259
503631
857921
163442
515887
236307
222447
69890
712731
104392
267334
269248
22344
99210
221397
101488
890951
14173
872243
137216
418366
626560
43508
227270
114219
313786
592053
212241
93090
30215
288462
490305
268822
824344
517735
398656
696878
79335
398443
191990
474560
276203
119148
389324
7846
87410
437359
446656
87277
52065
296430
402926
188335
265319
627333
209614
63978
264754
1020912
336733
488641
400966
241015
321043
981580
51757
150455
494169
659158
104472
409288
4529
23025
4307
360888
265120
188428
164003
557103
286861
11854
145507
341671
236975
222308
200389
20218
64648
6823
572999
29615
64387
273582
938797
807802
1070926
381027
12122
265621
99187
221333
433493
246329
665204
408108
136660
663703
191087
464354
295926
429474
464374
271171
99318
325060
1093331
370208
31721
424413
79152
163034
651338
634291
597058
625153
253984
139359
738254
140947
522366
91067
36528
36964
263138
513080
42926
971882
666625
293075
218332
139421
347905
19783
218730
849268
218921
78098
243598
60155
128146
606994
1018352
232705
292382
152692
367910
28931
62876
92395
93205
326482
269480
444470
326285
359947
35458
1428
335694
44589
329118
148585
622921
222545
456
228427
141259
363939
419816
121508
68956
607192
260316
849206
24995
295059
226455
153040
360227
519766
312671
30918
389293
617449
244915
500546
606072
70274
70257
105255
742875
353912
339440
387672
352180
28428
474607
452274
206238
135157
120385
143789
606029
868715
275421
32937
65724
258832
28294
394405
133792
522039
500183
149419
396464
824870
65262
499403
458136
97884
534455
11703
319971
65330
194986
390278
4777
50628
622185
774
823443
109205
4053
33184
28484
136013
211951
435194
27584
76073
642663
105915
642759
64311
190827
900666
238470
20145
556310
406146
430146
248400
216151
281130
281599
556028
281699
236790
675730
30880
16898
159451
200133
141769
78907
268926
348963
34422
370278
554423
149215
216849
179719
816954
98369
17850
37109
457859
222178
74955
28562
16801
249365
109037
231071
33280
59317
319755
102379
286725
500117
261491
344524
298734
21221
94490
95012
446481
251263
602606
191139
207715
288120
27872
53005
254373
456382
218457
139617
52356
348645
220202
570678
70437
96196
24117
26379
24072
216024
229608
342313
526116
319966
329781
887370
4075
363330
65332
184901
778792
287490
8101
158385
101974
181026
801002
670650
359558
199113
307081
545599
144775
31929
634769
87476
252809
210521
443497
1065242
164141
924524
106444
401566
722
873851
30193
914164
45699
445960
20076
20028
207809
63616
325150
978873
334665
26180
639802
274367
4044
237514
71156
269829
262834
204943
624657
300196
357036
821268
655292
502651
796345
1029
455888
259064
291914
80740
154175
1032022
77196
36844
289699
658423
180178
287558
188380
163936
156532
100784
381671
188436
313806
93203
69019
66857
402556
452833
94878
95657
278599
543443
233426
382139
101238
9941
560803
646288
326197
109940
740225
135249
270102
191880
23697
578714
121231
58655
127389
718674
258827
196735
45174
257946
710743
199123
1019853
60609
624592
23944
77282
37001
673870
168148
503849
990789
576106
583553
555208
180317
160587
77129
272038
287108
232507
1002735
529248
265329
537667
255206
1030300
121769
47875
435753
610695
68574
398620
984136
78015
449927
7935
133673
640336
83854
33639
227475
319271
204762
537645
740565
469128
381930
61742
157144
749316
17815
444184
354323
275445
775260
508378
239672
342560
190887
192304
59402
25292
488369
143247
51317
101493
235895
274434
949968
351551
972810
299161
92963
115606
437208
300680
116850
478344
255783
239531
18026
669366
95801
258574
683330
113500
95523
24134
20384
273737
104967
157427
104366
103353
117402
236879
279629
120617
158367
243132
120826
742951
101381
754004
240041
109810
658721
263750
263309
155694
726099
289698
261406
723906
259337
29055
29070
153913
23820
201293
361725
85462
220762
195753
623622
466761
83185
43899
339451
539859
64362
45178
537581
468410
58701
870131
381367
188330
46313
59312
528631
53899
335979
221650
304585
947061
449879
736276
4269
22120
181513
244717
123081
38741
563079
498683
216994
46776
32025
252228
392313
144798
550448
391917
299500
58498
28226
457463
148669
153106
611764
159598
561632
253652
732994
216156
331489
70883
69968
154012
120511
25221
112499
119904
273405
300603
153798
591707
210561
768707
256093
150191
274368
43483
39734
482671
188422
771238
26119
237708
240384
151899
188068
275597
664271
331568
113985
880995
611206
940323
199106
297560
792722
949753
7247
117628
2681
291288
137612
147803
48566
162380
218154
616620
198859
888156
947756
132619
55820
360776
83621
42763
175374
147568
222932
889937
199411
135247
145800
654423
136672
561021
93649
384923
940460
254981
77580
78269
7878
254134
94429
951694
48025
60998
80034
1960
478809
128365
935062
121915
362461
4787
343308
1072597
96090
123742
1007121
123044
36926
303691
489118
257911
469354
151921
114167
227029
21780
384666
128261
289633
454933
129714
130950
466716
141934
271047
285624
244969
565965
528363
327507
64871
72232
148149
518580
242353
496643
252674
602342
333701
150858
716510
58385
345802
147829
21190
16641
44122
54113
192650
53807
349856
51782
684049
635127
16978
128642
50923
445557
341458
58624
21879
124448
484168
251514
447998
252925
591642
121814
121428
59203
23322
23393
194026
51430
1101665
783463
152504
314239
4368
326692
382793
74252
9040
286974
783460
73968
221517
72019
83327
30595
100575
939654
104338
614597
219938
29622
96456
81238
29201
80899
7865
231199
229609
539481
97589
97865
175279
84414
30732
853164
667767
504419
300232
65827
272926
336861
222815
211144
1066368
1133362
68915
821125
530321
333908
333807
210952
666550
93140
767905
12159
497943
117700
156552
91901
221635
331691
188017
187524
26670
197451
901764
155666
157236
150454
151030
242198
50984
151525
625347
207195
240951
193129
1052253
600258
443669
96021
214264
144709
187287
171377
3100
229623
229643
222273
247801
200124
639688
201587
644933
159308
246591
648466
18747
246331
199473
183629
208046
473589
453766
1084496
91318
477224
705531
103612
497131
840307
386853
395607
71304
96341
273232
92122
869583
826426
570137
392114
503363
70340
294348
402576
858283
29671
25589
101537
69461
39814
100980
322861
93232
323061
94798
75853
75642
392384
29740
24850
138995
365878
423548
355303
270014
496508
881610
263267
269260
423690
118355
59161
998222
855030
580557
122942
1002933
61719
733761
496994
723266
528046
344834
24366
261477
319922
20198
44934
97549
260871
348044
1056650
820017
574768
235592
625401
286613
1095009
655098
252207
30730
362867
595413
633362
103373
180914
252188
291398
251813
151917
144219
501050
100591
596983
871299
28284
78905
237205
104411
180983
326054
222671
300527
242899
147697
260347
260624
101836
212543
246496
164693
122208
386765
219851
999049
127311
327403
27543
203173
21904
22315
37563
264631
402558
780093
197627
1004645
472210
65779
299933
1007228
386114
639862
481938
349222
121359
259206
194005
262817
148352
222925
158581
27822
20468
99747
294517
576294
570653
523556
3997
28898
605183
675284
153306
574524
240390
254272
254213
686338
95256
467184
1396
43928
823976
112583
389136
25410
190372
237857
218655
163857
218489
368275
7676
465124
252177
255376
918147
370220
270337
151772
387483
270261
29640
19984
35004
204683
463215
248164
42730
104554
39947
185713
241964
242200
175073
160875
267007
156269
10085
158052
180497
77177
163831
980210
4364
449164
842940
572711
430023
981276
653866
205035
882568
349357
462787
776327
270627
524269
179766
323578
1057852
45123
475505
529531
221522
104460
243883
991873
114012
113405
150780
749578
275575
152548
112585
59381
294839
319840
191059
443118
434243
715410
290843
438228
168244
350183
443792
259789
646681
1094502
250695
42927
616635
141531
454548
329168
49698
437174
645042
131793
60699
443241
1115236
350180
390132
1133112
352192
702453
439939
444592
161111
224542
91886
6352
19533
302024
99400
215445
13644
146239
136926
215783
965614
211033
943639
136693
316242
353877
50626
472369
20873
699054
271130
336468
401995
105834
350113
309599
179997
19515
144930
571536
877089
344507
331598
200189
188434
768972
312337
189311
61713
348333
736785
252687
25319
346771
384283
153550
759466
195527
310015
979599
398314
336867
664389
271555
915809
154270
645503
105100
253065
354097
447753
453917
744159
954911
52598
13890
471534
507050
158152
104228
969368
63956
585079
23005
357243
299419
129936
93075
149196
134241
191955
163704
95491
33298
418312
194085
22746
66516
72548
63101
102947
102567
33448
81836
733620
273156
1041851
185809
522384
71528
680940
22030
470836
484357
209593
70002
254409
195364
354294
666241
22488
389612
6888
146761
147340
443935
136903
147409
300671
422047
356794
133174
260635
146815
553382
30608
132274
50929
38061
507032
241327
747019
4023
52937
13291
121962
18764
414053
17702
398172
157121
773429
28902
289912
512127
86818
655421
99339
543955
545002
966846
277021
342724
28048
386858
9580
624624
623974
646571
336350
103674
102533
858141
103296
34070
103196
971884
290081
236518
76051
61298
109370
293351
61042
616295
174827
109362
321571
323100
2641
581510
471029
512258
245108
195609
737936
448506
752096
475956
914182
530653
36918
635481
449382
149214
622270
637114
37209
105609
277051
1084102
334226
573396
268622
408981
237028
531697
742981
838412
345876
243745
409255
274823
211139
22703
410739
80771
573518
483580
238364
102415
38975
311189
294514
146807
550345
139334
701113
880065
61196
593627
208578
28853
71188
294512
254363
7654
162643
818110
593096
229575
443878
97073
85870
143096
252290
18662
546218
258288
638610
447044
148339
493058
131388
545858
319155
235579
101937
598185
132504
133032
92172
563335
528724
586792
163594
72817
1077957
933297
253440
50389
788562
249802
270880
178444
706236
532890
278329
991382
52737
504719
498561
252190
472317
685167
163843
295341
557903
1091692
76033
144200
625921
76348
1484
7786
769419
590459
426876
84124
237097
120115
1787
209433
103505
72082
464630
94117
172598
646609
22496
147055
600058
299107
565340
392430
447928
127128
101470
40457
149641
340172
228953
94202
618110
56245
794605
277006
61226
418487
965168
54932
7681
103157
96425
667330
949340
548316
738047
302218
353571
488444
436732
461041
87336
147385
87799
341835
62681
189305
7941
89135
17495
93863
248934
14234
59455
159203
528614
431729
457762
487937
196234
270225
11285
680252
948153
49870
545241
138319
19314
297711
100336
120750
50880
333630
74248
529014
571541
735925
91610
153405
357437
309158
144657
144547
332179
537594
227116
610693
555861
268945
2014
647693
26403
157493
353539
479493
298049
94130
172651
331967
103889
637242
598934
244944
99840
65271
161109
260167
101437
621101
84831
46781
261055
127322
106628
246576
37190
154197
334894
106294
28715
201287
41788
940344
154348
293031
153510
118505
88708
684506
4170
14352
458316
121053
16600
573013
180581
348572
517585
242102
469071
405940
510839
577362
208036
498677
478878
96730
589852
54913
141372
589853
70920
583786
328463
180250
339004
207828
285730
276593
275792
21249
170098
463046
94107
355748
99807
75800
1097921
913670
16738
723902
6960
283441
103236
175084
51382
580433
50493
208869
13196
25838
384306
458867
159225
947259
389277
496770
746609
126077
344171
44244
206790
193578
766184
581609
290970
159212
998698
975260
1133745
785437
1031235
155785
83229
160617
462855
242111
245111
236913
1017800
243362
519653
223953
65709
363552
70528
355327
586136
27355
236303
150574
583211
71352
690570
70636
124439
1056422
79362
320498
6933
227245
109895
478248
66565
598303
252628
77234
963334
334680
7650
352037
79690
62730
361736
472435
163655
115298
352719
158306
340104
71471
579847
150308
321906
256402
323089
860366
354438
249732
71402
1055319
72833
256244
568619
16774
386726
21263
799928
53805
920799
140825
907671
11808
141334
95902
280074
55092
209980
209997
95507
1016561
987223
42938
277599
277126
13892
299097
445596
143318
800540
119275
101408
101724
101752
136403
1123711
686785
51005
331227
807946
389916
99970
682745
914592
678336
401627
98370
694689
402302
761586
387946
22060
74802
172612
217771
430425
891985
486846
42464
127764
39964
492854
270942
262763
221467
194022
166463
786026
264662
638036
16289
265366
31111
145452
982218
433444
195397
43651
181080
10392
23142
105413
146188
1109241
648736
645154
842843
336691
222481
332066
721004
192667
22246
555760
702437
646007
3567
273532
646201
388607
246276
140568
234022
277310
329989
122059
195548
562900
506735
238354
499233
41673
10732
164295
155788
173133
136930
57934
568655
61216
579274
158523
654292
276217
537208
84238
31580
232441
155088
28578
171384
353453
37473
218991
103280
570445
370257
897527
144689
32432
12627
390266
120517
333696
344442
267491
663346
203123
570567
823329
148455
103320
151481
912610
26752
664447
10875
210003
61165
105110
156602
770383
139172
10895
475832
188673
969934
645064
224895
115160
217704
200989
241023
251969
28010
26404
157540
186643
360584
634960
270411
49301
245626
78428
1126836
130910
269321
282129
1042816
873254
573594
788946
221751
245116
314870
90957
246558
325016
27470
61210
160967
134727
568815
271799
161196
493843
836495
567319
112861
298504
402178
353320
331427
648359
95873
670581
153453
275099
327809
97263
71217
94454
471094
162346
122434
96137
753413
76427
522707
609377
381587
816947
104201
58178
816950
453515
93861
210102
578541
71798
588640
336250
435946
1042838
1103070
120914
352591
99165
71589
633999
658176
351841
280659
286262
35534
766311
97318
244103
266413
633209
236285
510239
368478
88079
160546
438341
220396
220381
157035
21288
531894
96782
880203
105879
102340
4203
71069
327795
44226
10179
836682
74423
30807
47417
499374
267282
384502
434971
95495
382553
145346
94514
131980
196940
195538
403105
6926
639547
492579
597907
534431
94120
145043
25836
639294
954156
346739
985334
718496
58137
92588
353628
73858
534094
866065
556144
589506
272908
94666
177330
95489
95110
1015793
210305
906056
589155
289987
55375
467157
635838
559878
142319
347028
419764
655562
91525
56542
552814
71914
277068
497044
904049
7210
170949
598356
496912
188949
903770
388402
98425
206113
160908
848955
221494
256833
507116
187283
148678
148641
109158
291701
261576
150737
394992
296946
624126
604953
26587
603369
13195
262542
575182
613471
124545
136446
752704
572412
291807
443926
75003
1113228
83480
258365
477199
770879
446688
617155
617022
684340
319726
61933
448724
82809
364297
861531
51589
70329
476760
108780
187487
150059
444669
260774
79367
732576
960762
605668
79067
470422
194098
601261
325349
19447
573530
31405
317659
74846
40451
153179
185787
612647
2135
357887
190910
453360
190551
939193
220976
120552
109919
839795
85194
286774
362277
180706
40607
198165
52730
336259
238306
103357
161788
93458
127393
47305
98284
231488
4309
270964
11635
449547
217400
131986
42019
189632
750829
695282
105788
949464
191166
281043
319912
147367
353093
4131
277141
658453
458445
93115
190451
6971
156531
329563
277009
39886
191214
249502
457776
304644
878879
235549
403363
131045
539436
612126
582663
64313
281094
744010
256461
122892
293308
334652
190641
277932
331778
852061
458277
587353
464219
591798
249635
172357
287683
100874
20821
355570
237961
1823
1075871
262968
228588
267782
445870
499667
352186
318721
537393
4648
568382
635104
134723
237298
345624
487562
773403
22596
146838
264146
9945
4408
461038
487744
597672
246133
634966
364557
570623
91140
215318
134841
121186
259162
824664
318869
36082
1017024
7329
242119
151349
89779
435139
133313
332150
789141
41716
512714
202017
77247
2127
633228
228939
226778
12970
766680
146551
583425
320393
680176
349817
246386
525212
345881
302976
17268
100733
140058
129085
529277
94606
109951
971592
290172
104734
152023
162175
418466
543027
278473
916850
67639
918529
738120
317919
863819
543028
655767
773641
21760
392207
1047732
1498
118794
191330
401653
126090
606556
534938
71762
74954
773323
4948
498159
32664
93459
458271
298728
443889
183897
697951
290726
247803
41092
62910
503797
537933
17915
321938
433968
464234
590350
264114
919591
243710
637039
104209
108904
31847
70499
550790
907756
402714
504109
851474
22990
460120
784238
121815
195839
816272
554431
239319
450200
891815
582164
123218
44996
191627
523438
522059
49776
73515
590414
290074
547441
517743
8369
152637
547662
822889
407139
43085
120588
282445
228030
587210
663768
549377
975467
27051
240405
140548
280658
414503
26688
606794
50677
468726
94512
16756
624555
692923
585347
459956
504717
288885
260653
881664
40044
145482
155123
1007397
364139
66625
588182
101987
112690
186919
20475
532560
227235
805504
563292
87298
1099581
266082
106314
263150
880084
980880
626092
318410
345875
219190
105346
617591
268771
155269
180511
348652
593464
357305
71988
536918
744162
121960
256189
503346
806807
62738
253651
210481
573622
255949
119232
348659
382388
236441
66195
105764
219658
222750
355323
121232
262893
61929
446184
259220
820383
560959
259174
266210
959755
316391
565260
222623
260170
164363
127320
960276
1027067
623291
368081
74855
123901
7527
368083
217902
10318
146031
595096
654770
275541
794601
274753
18631
42871
66781
581769
594416
381825
172342
95825
590958
184167
58265
49649
1130739
1089251
114187
282492
669231
270290
197623
636480
159588
636227
192281
271961
578883
297561
546640
543039
680291
188067
291441
207407
101447
671810
157810
586469
70299
286203
396148
101968
919615
395471
188014
238228
545061
507190
206145
1067099
1016017
351741
53131
508726
199046
505481
949167
62666
203196
38088
323662
184331
163636
150233
75728
256157
163124
254923
229353
151290
344603
726836
24654
573450
78955
452957
605672
610631
252243
251842
323041
77219
1023114
478738
118552
489880
908116
29822
186636
171363
37587
22316
10983
865467
642113
11345
463912
42724
27301
596700
877390
573221
739757
35552
1099999
125769
301898
447808
239241
922995
120539
269239
167467
331577
775351
635058
64790
42594
252953
82817
606819
31442
64869
322171
491688
743525
18823
122978
590657
365745
982010
97541
153298
764344
207802
368272
170490
454498
159879
606453
435282
25968
771428
6904
666334
29128
88981
232303
568771
649115
304482
276612
26689
163643
122999
450436
281283
146737
237723
613283
102052
327359
191499
222012
250410
1074350
335755
453680
309616
336161
146496
349157
257560
28003
354325
337114
592702
344949
592699
185952
49825
157502
886515
332159
913428
606694
131102
97131
298639
256204
139605
588631
299530
128630
192004
827354
417145
86527
681750
435517
71354
574711
242116
54651
67712
256199
335129
12905
22805
336599
19923
943161
262486
295485
457012
34653
31741
301416
103348
218294
331835
214231
202824
617767
623404
357507
30337
477524
134265
549407
222710
62716
483753
356475
980793
266024
389131
327102
504870
111158
146008
78485
446113
21194
474598
115096
361193
362519
593408
136613
226963
362624
7153
326055
1129492
388398
819131
209134
702509
61592
540387
47982
662897
386593
18246
147530
663830
176029
1048531
862395
441266
592707
361597
112902
592705
21318
27727
342011
133702
464892
201741
398533
209020
129471
98258
6068
124770
197624
25053
151062
278268
168684
118525
333838
27566
1090896
323769
40290
99990
599132
209507
484325
97069
123061
521529
455367
174275
626378
356571
17823
348456
340422
1020203
41573
4292
319191
74455
257108
61230
74823
242168
99439
45286
232253
678343
610526
140198
1131999
853192
907793
43322
132224
69443
692730
1034141
63256
268859
591250
218593
208564
603890
27616
615776
163539
1018282
46304
131425
1075308
1133189
1037815
69748
532970
162819
859663
188612
300199
4056
94792
500318
689157
67339
456264
52758
198141
314781
43026
274787
238856
95831
386887
236776
240403
301766
462966
516414
237279
393264
42474
235495
272892
622349
99149
96637
101810
670755
101901
106248
230741
249372
1677
10224
262184
39378
64249
289502
554467
816813
255209
352647
283235
561736
247833
22432
19933
855184
63912
609920
161271
381103
267270
445844
353971
682367
496925
329784
257077
225989
193900
496763
172501
146923
215289
170418
298684
735420
118054
117687
913677
251874
926741
219027
504394
487498
473875
172339
464908
331734
219965
64123
642640
258888
861317
7750
445876
654311
94105
462686
836589
808076
643540
600307
40148
356628
20747
96098
562031
449241
121258
27026
615212
381037
98705
588738
230186
41216
319146
131479
125820
532932
83914
140446
381038
382595
190942
591212
17069
1045913
254778
61212
437793
353267
333624
236336
94981
465006
779230
226953
143737
251777
90335
8133
210471
79532
361924
100287
418428
25548
584323
154126
152137
2191
87219
225036
588719
51571
1114353
145829
463671
84500
171502
327225
327801
100103
447288
33008
32204
579107
19699
191594
349214
437323
450939
1064059
505648
64748
161422
626005
31622
346237
351215
240447
244209
512105
537563
628088
4175
505909
546627
205619
1060121
290775
700187
948848
291250
30907
67392
885301
173119
105696
695197
299198
4573
451754
155469
353823
117856
636869
821881
292492
250676
622266
599581
524151
195987
937363
24527
1041600
1089235
23857
295927
186940
268880
416986
534225
159336
499606
684861
235883
9791
437740
437563
295047
625006
72748
19989
351890
840237
517629
58201
143225
498086
670420
518533
276069
960568
696981
58977
667588
323602
792692
195447
353168
104218
323006
44130
239608
70616
317531
828652
122956
535995
46182
909235
275277
188303
40729
138455
100294
159019
240993
197711
346849
100820
298672
98462
255822
160713
102156
385071
270308
150830
151622
102023
128021
626214
33347
383405
17733
192610
346813
190498
241717
691668
680342
65430
625791
44418
242073
229819
498389
10036
150152
42158
633581
232468
160826
789805
244521
674237
492939
211289
840252
102657
1109384
96568
476942
155482
3736
145561
714426
309923
359912
329609
117905
236826
69691
146310
48859
147434
700894
43249
290595
148020
883070
716611
62942
974607
237361
208418
77561
581835
110347
364550
171461
362166
621987
30531
251645
26484
94823
48224
312244
402613
711385
312074
146012
237262
154487
401491
265575
445972
1126627
551776
341127
339959
551798
389527
360435
52647
250590
52710
207516
845114
156063
287599
283459
78904
274456
136662
581476
331635
247276
18274
201710
440682
316707
220328
253504
584958
163143
59394
121221
664364
304602
162457
271945
605947
489087
164013
263790
267847
448826
46907
267622
134798
120032
109552
96298
762423
603624
250855
260182
92350
78754
179596
424451
258989
97464
890809
719264
208568
67982
836564
338114
201032
136499
258431
239087
138043
274594
305009
246478
263371
587914
763850
369195
39952
439765
13615
73639
174946
6395
757334
103606
483397
657363
144683
13389
492381
203046
1090486
645180
10604
127743
326862
629737
1014581
23020
395347
654458
191326
510631
144541
493578
255300
908331
247372
484660
146754
895069
253664
152628
1025216
723410
45771
533310
63869
865354
84366
18836
188400
331122
1039288
27345
236815
108772
89175
855928
327098
658875
33809
216977
1009422
360205
1207
573804
193251
733796
96900
82528
47733
287501
827576
131447
28395
304573
32289
397559
711302
587384
682128
552050
245769
322975
259481
435959
47822
610936
52144
348629
695420
666215
773058
1109482
973646
999415
913625
609041
236248
53279
339270
326291
742821
153114
125185
820519
356633
536405
164334
248099
368172
665458
121808
148735
331665
96533
449615
570958
301781
40364
24137
355735
260666
562740
578542
142016
124088
31272
816812
108649
356450
13651
263920
203249
29083
299730
72078
84821
320360
347307
52763
610534
521243
21160
1055877
456042
733787
651253
463426
530334
261525
347866
94702
25342
174244
222800
94329
87870
242145
4774
812889
730532
150236
147663
504118
69439
262295
364188
177562
238202
243880
576312
159000
816811
92822
256873
370202
245784
296301
104083
71262
268632
322477
131205
190368
675256
353337
82537
470708
153112
260987
190973
631850
589027
336092
231171
87855
688513
987048
994374
562331
198105
159485
102697
20787
242507
1022281
798425
124197
269063
465962
346181
131894
123869
452132
235672
68390
385934
897212
102944
590518
123731
261715
23344
123706
123514
55369
4593
103654
213202
334767
528636
89701
31853
458831
91866
389562
153782
265274
329540
208071
201693
156798
7062
148055
174968
555498
70547
343261
27799
43519
222086
403172
144306
177639
155253
463005
74747
155507
330897
594593
459675
108654
92345
134198
135320
118441
147633
644294
447019
148502
206118
124637
543786
180599
464532
250949
559862
109192
511333
459400
332044
624128
75224
11860
331136
121790
134346
806415
448868
424026
28035
698310
430190
600339
463370
255789
70287
51128
243279
931858
5977
140367
641473
963115
36986
13993
240477
262112
18609
573780
19523
609049
148240
149386
4186
989995
344317
536616
4850
41703
29506
239775
773241
61669
294311
54837
94041
666180
159787
27762
522576
438708
30328
218960
71583
36739
874007
667537
255668
121427
322261
401305
252173
289920
489106
372936
257700
131566
259042
18086
736862
163464
850161
287308
1125370
896851
985337
1125357
989229
274523
255245
268742
255237
20438
134258
831193
144554
161379
275311
132496
390726
604954
585340
13762
43117
136488
381879
161288
593376
150981
141285
118366
145159
815428
19348
980564
581948
572447
139175
644060
278064
123088
158559
128025
422048
286112
164301
124455
260543
128155
143686
13736
575614
272557
259947
978726
419973
402938
273034
48233
645712
8185
14323
8272
257066
261612
611903
419799
428898
257260
12451
172898
272532
853228
635953
606423
156959
569583
161555
121714
157349
13204
610490
145370
432096
630975
616813
56202
131436
136962
484937
75598
299540
548489
83182
389956
942978
204996
544781
27342
103478
110053
360209
913301
641064
544612
779398
104076
735519
204645
102630
104099
79065
153905
203272
321161
556385
364435
1051677
65029
506982
302401
458145
229901
218085
186610
203210
195551
183863
297009
186670
1096830
3932
449639
218971
718643
135084
51941
75813
1102203
246978
878860
269471
1022051
661887
223961
658551
309271
334122
347398
37916
1069821
59713
175924
671207
215967
528685
192202
2038
285428
796592
981898
1120984
458773
1021910
180386
78816
1012346
180265
180217
396132
96466
448515
160823
653444
104234
338844
697721
106408
776997
242081
221290
1035369
58125
205375
293284
24731
92934
84720
118237
313820
726886
913597
230670
7898
73965
473646
143289
510359
95247
268169
28178
24254
974283
95407
680664
852423
3172
488921
295154
355506
73623
175300
162597
31725
498367
622042
603701
160346
386359
340455
499447
383614
408026
704838
945619
560204
369140
330932
771901
661374
537959
27950
670370
174987
78064
507819
670870
112593
82270
532485
64119
874096
106142
44608
23506
145139
416581
719853
114139
245676
286453
71863
164412
542388
174457
227589
324600
24097
17161
88886
26972
67071
33557
23992
624386
221096
340343
187539
153006
267501
546702
311136
269564
146798
390440
505662
759592
266067
636301
110822
351330
340993
119161
55822
625897
28575
137936
71965
319989
221564
274276
340476
106073
71568
645755
470684
274345
275858
59368
28045
28678
587351
63516
191984
212879
94398
430538
807615
654763
612109
7933
265972
390024
140243
331347
383482
108970
73776
29331
237638
58394
351235
1123062
458057
31891
213189
725796
504845
652455
652456
138575
217482
40558
26278
277037
43010
920483
369404
322208
177688
368266
157416
1085043
417360
451447
142617
476221
295618
528966
138940
196999
6202
538780
151797
112591
124539
842018
211295
133262
121224
514091
146318
879910
64594
225210
78618
356445
163926
286781
271122
243900
188209
736514
327375
287196
462534
125889
148823
120687
398747
242201
227056
583216
836662
612028
621891
275765
86497
643688
161315
28577
238325
521496
838578
334073
84663
83467
1001130
286703
176044
981647
876874
74674
12527
609053
349772
1989
648730
307
448473
257912
476600
10468
214229
593876
103268
600729
11060
36468
225738
850122
119106
279059
1019628
255309
179656
552525
152610
764850
237407
444498
52739
1066488
251517
195244
240313
99987
115105
446505
180988
78446
269364
13245
434814
28192
775562
262211
562108
570507
112001
240006
188397
343257
391762
160295
465
636181
267997
180831
684043
680740
793579
451045
491996
25980
92518
591027
785562
146341
224908
408054
964741
716561
348885
146739
19374
93608
103113
634745
346602
17727
569096
161005
149564
10763
257572
120181
268419
448408
260672
146820
498220
122265
64752
40255
482302
334606
382651
453461
777670
237124
249811
297407
852686
123214
32404
96315
96909
633815
319321
818448
491837
160239
86452
766332
679449
698984
424731
9206
127296
275496
302231
231697
63283
221571
646613
178425
477570
520711
648586
277491
261233
539151
420142
37181
348226
254408
113192
519633
263247
240389
170281
347846
319883
242172
406123
444768
92608
58070
255680
98319
398616
375
388401
6320
135522
268724
260935
222576
504940
22241
187502
386828
622369
7805
1030791
231142
259723
174747
46568
356335
343528
45764
738890
294598
28297
402873
20965
686103
624474
226446
281118
450021
19368
583835
118195
40429
935037
250764
246804
8031
27980
96748
103587
329184
319354
861189
468764
121182
800313
120565
398599
268856
53166
236405
800559
439280
338868
97226
1077114
3634
214233
121643
725654
271628
968045
225146
817060
598167
252730
598160
204643
23383
1051791
933576
185071
172655
523327
150055
771936
75464
142457
685925
156122
1022795
1126613
220750
1040156
180274
373658
149115
646647
559237
874408
35676
92159
863708
614401
636177
76091
63377
382858
279733
184881
605010
150446
242104
108807
677700
334681
602345
129843
554130
624919
29025
229396
121776
258139
337102
560284
858720
652457
71860
613489
34717
530802
1031943
372552
229721
393998
108631
97143
100286
454516
189331
305604
971075
1100576
1100577
972893
92387
104319
383572
691714
511997
1107832
260622
561869
46316
106220
579867
271203
43888
75101
105307
500031
148853
903010
54797
1001817
162268
153416
498665
584435
499000
581596
50790
602887
251256
131835
259938
1006343
153922
704691
218204
624455
533794
816191
507034
352526
237641
129742
418045
319831
384515
1041626
268723
483929
30338
96660
136547
96070
159080
92716
781841
143262
618074
473543
237608
69105
878521
159802
76741
281032
1107231
351361
529675
268637
50905
249041
28736
17713
628377
301176
33
771023
806301
231619
1075110
104313
125
523154
611820
104576
569361
349495
143281
75957
382741
431226
241481
1021016
608180
351157
487773
351622
154202
215956
671191
460010
611961
453041
301454
121463
263814
71893
75640
384648
368208
132591
632475
65281
468123
906553
188019
267566
17872
270632
347568
74487
200406
325805
154275
149233
275833
127991
153062
363976
524877
261897
389943
30699
456165
645089
634821
117532
146274
63844
251065
537554
401157
253555
31301
79364
40357
655534
561596
994190
229817
289947
262470
91656
58467
1061278
730242
160555
30517
254998
382276
245989
152964
905078
233010
754041
849028
113881
328518
493547
13169
534047
140018
783442
12606
25873
341179
551992
859170
270852
463660
516912
70864
240394
842005
767125
145310
43973
276550
208457
855509
71775
180435
803728
4605
268830
636353
255999
809653
560397
109912
591807
153434
147771
121113
348781
100242
531543
335258
66699
1037168
342652
96898
28920
1030924
132661
758867
16960
290755
4455
219339
1198
160342
857799
31160
162263
607670
340694
135772
109788
190702
46185
104115
96762
868187
394022
197456
396246
33917
175094
49325
319582
384727
162368
58301
220559
94918
33707
123782
393201
1100770
20207
573690
189711
134929
129750
135347
624803
408914
118445
95139
209697
131484
103748
4841
381079
498515
13420
256315
477822
239679
227440
252944
215109
318714
94486
93452
754873
143487
368817
503064
7243
570020
103939
134589
329560
424559
533905
153904
644623
97010
88998
935439
268097
529154
96998
188504
793529
1012180
481284
829128
273722
329435
741782
106200
51763
76052
503748
96075
174850
268548
13222
61302
462260
242238
162662
21314
41086
21416
606830
435680
117495
686887
161032
575257
22972
178441
207258
7725
61350
4424
257298
97941
128751
186057
289491
614516
367743
463976
381105
455719
565379
319882
212529
1122504
67488
943756
513257
935083
1074403
188596
291151
478924
668855
89730
180342
131821
8358
153349
260768
46894
21562
60281
573793
141552
16979
885065
439156
33821
432710
908241
157712
91982
162914
251515
144493
429453
274114
267162
439300
503279
256279
152843
92284
657873
448156
5306
285442
142134
1056757
944459
243032
392986
280668
432490
270583
143709
550587
252890
279993
530167
484938
586021
541479
64704
359439
1087534
219237
608558
68889
27378
184733
343581
30715
344141
403222
158249
170237
24051
259101
115701
482828
361352
140694
570590
117715
599682
1128669
272157
52986
121720
273530
25441
71061
471500
605182
239707
189730
583432
46717
263349
18354
71046
101453
645308
418049
103451
143246
681210
602497
92754
52190
65361
40483
369521
104792
79626
20062
347325
763846
1069820
466137
89148
1033607
779292
523147
159260
456919
148229
174121
229495
220157
40081
262898
217593
164815
95644
342891
244530
401508
360742
130981
307972
926783
275465
539200
142840
288710
249211
98316
491466
857893
629567
531077
195209
74197
50855
238937
219977
519740
350097
196738
291054
92779
571128
699036
131507
84592
623661
101948
541347
543140
445602
562340
201996
475723
479161
100238
102925
101611
568819
257806
154475
26311
521607
816928
235794
10768
340969
732386
135575
39186
99738
433304
100095
327016
1035414
250072
466734
402311
933961
252115
252801
788350
602279
681395
464102
172618
311581
463582
463577
256215
520085
854171
677442
121518
96659
406967
78652
156660
599908
120392
31753
77193
475433
75212
241032
75630
319703
22440
158678
395248
956393
689088
956249
23042
158048
23299
472417
102158
120220
157545
50802
401053
283316
595972
248209
95370
456972
1030660
1054133
149980
292947
658318
444490
150718
37753
424539
178488
1047077
273733
153422
274194
275740
635038
43957
831899
39793
39986
276468
276790
84668
434917
3637
270668
270460
148139
1071517
456884
48387
32222
298832
259430
850244
532456
297857
666230
451230
449776
263050
263403
418068
662964
418574
662456
35405
809256
266098
420411
267770
269162
238926
430290
220832
109078
12120
217217
337067
6672
137589
70859
339614
496729
331099
498254
767766
381485
329302
14577
331818
218254
61814
336471
58348
196213
492620
238369
13130
222237
362175
892199
222474
576351
222744
361786
511882
897566
770883
962438
479011
206775
986366
236958
349732
201267
750438
4258
203189
235995
115686
921961
586533
736241
235588
344139
568020
879295
354199
208219
340593
210810
163526
355964
19002
355492
342961
640182
221814
7050
257271
609542
179659
4620
651261
517616
129112
45089
140858
361014
66584
512459
251544
119230
222384
102219
236372
253843
97583
232463
192128
740492
54773
814404
688895
45051
326318
82538
771766
658916
397616
318508
658993
154021
50981
771724
45432
154200
50922
385571
161410
344222
49071
814592
83152
53647
346159
153046
524873
179827
743564
74718
392110
750545
351863
320879
84158
320726
287556
352046
750546
287682
750549
170936
76821
159347
50811
949867
771187
310782
669217
721530
670544
672798
369282
312513
673173
765204
978
174806
80062
368919
69760
156613
80014
510717
48654
533329
309622
678954
70171
173115
298778
788127
414303
787809
45768
419451
4864
733142
401307
683519
1054810
972966
402216
295899
331452
155224
46929
157310
297144
297698
68505
155475
720349
160343
667668
50702
446899
281420
590465
474440
103966
104192
104529
529616
588969
1029900
20130
477558
585562
880158
233279
230965
479332
18015
529307
227770
191538
103079
253178
242509
28344
253007
1037316
466054
100337
467953
597085
247817
24997
24470
101208
246357
6227
1033474
242620
145358
191217
226870
582159
136837
16685
554836
10557
908463
1019181
9063
115385
547695
204626
202974
7765
7586
201984
201759
510281
201229
6921
7057
906624
113315
511035
220469
988248
578910
109246
222861
221892
141796
118300
12982
11247
220417
215907
558811
498018
112505
557853
498825
146736
594857
254659
261516
149941
149931
149856
267407
843843
447987
35416
448348
938751
622549
264629
186227
34723
621383
254684
34522
451671
261776
618678
446585
123050
1046282
538041
827212
642660
279011
830561
276925
438758
635663
635371
531526
271704
439840
38831
38295
123189
631617
37791
446053
446128
93413
262472
259467
609244
31850
95006
95358
95553
95658
459127
96011
456746
147602
147275
462273
462570
255759
97424
456871
346334
94583
613343
613555
319262
241545
446632
589082
170053
1006401
1018754
13502
1056153
591083
110304
805247
430289
454335
231460
315565
283476
78804
264520
851009
190614
120448
88685
120547
99767
250518
325789
4617
197889
953829
4347
225729
781821
91273
195586
72428
174999
1067116
871939
877102
217120
82253
270791
166407
244656
319621
340141
903620
174356
75131
746446
42811
26239
368997
27622
396440
458602
457994
612125
449205
38534
40137
377195
160228
384573
145899
429598
386544
427636
132265
389333
666120
671492
676876
49386
1087407
695046
157262
145901
606324
130472
18912
498133
525208
524435
490496
354343
487510
496462
585294
351858
17847
506171
546799
361513
22001
139048
1115736
496982
1007805
664375
206110
551915
309184
117631
290839
200191
654796
289465
215577
286143
401054
145136
152979
257214
524223
24015
101768
25021
144876
252213
21110
188378
580474
648770
31848
828565
152226
896208
1379
135715
431134
137317
824095
984559
54828
533664
68533
718537
75688
465956
774390
530572
27931
153949
394004
6090
462879
100677
47461
102799
236598
879388
597647
121644
30938
528027
615885
283497
56231
281783
264670
623088
152446
270796
38129
526028
275045
486851
47023
634616
528673
141184
207402
159084
204864
743493
511027
692087
781274
503836
454803
1079845
95089
992056
95386
273784
510363
96014
609230
261559
352559
147431
96712
113434
164330
97244
1695
116359
270273
261865
269895
1102663
624200
447631
448229
506595
71493
66163
330928
449467
91919
1103809
28983
528751
148713
261802
221860
573171
463186
593585
593356
162119
242233
144839
237512
237151
476242
20229
752110
144209
19006
221141
229199
887431
227801
541441
142799
482958
533363
163191
245306
99511
603971
353734
464414
353846
164286
559894
160485
251594
751485
101568
120545
466764
99951
146383
141246
942424
218959
471673
215575
986198
405923
325418
382488
313607
74711
299044
155779
819804
175274
298770
385693
78453
300147
328354
173163
824110
173280
174243
639531
777048
396460
420994
286845
692358
635070
45753
393149
82804
156776
537171
673755
537762
673756
673612
803854
131417
161019
119924
21412
338226
731608
22342
104768
275815
590387
469441
295327
154312
155104
127027
4483
468386
81479
764348
103331
806969
53908
368273
513109
23003
145242
103272
192683
156622
6390
783958
750725
215366
170231
11144
907428
63629
209549
199022
549668
197002
528756
158073
317100
317553
972127
546502
992420
921215
157107
678966
541225
224536
737362
232656
477855
18009
1027235
226896
348809
195245
109934
110755
574483
195451
118636
221967
570655
391941
740326
221580
27257
566696
295160
70555
370203
96550
455470
262843
96101
818462
271612
84891
257826
285048
257855
121941
286743
263728
719619
650683
705651
260717
84382
159615
258695
87953
3382
276045
94584
32670
270462
446588
3741
122767
121241
185759
291942
28813
855936
91368
82629
424811
624977
254203
146991
433644
282491
29310
528119
1128435
435563
215158
345805
278402
329507
547402
402907
531389
914221
438237
36419
314047
684163
516606
446842
510942
446583
50803
8843
277038
446238
392374
554928
446784
767090
64317
128328
7581
161224
154004
121589
128145
148028
141297
148177
188289
195442
180680
141550
38823
161334
165430
151079
1011214
122581
180546
186988
150220
847
183873
1000066
154069
128176
38850
99464
309792
956215
177591
171238
682138
185638
128254
972857
119828
948058
122092
527523
935452
144166
944476
966987
146974
312562
346169
623733
355239
20951
368549
390699
20205
463790
468290
1056415
45103
20169
659683
465719
669371
465899
300191
295040
300625
258156
47235
44970
4939
298890
216483
606862
815909
364130
47648
29180
652514
326120
61897
331817
608961
104235
290234
531907
76043
21162
585327
106331
583272
573759
407403
456110
78910
894535
1103872
381752
92791
449474
221694
221619
328269
274947
493606
91381
496318
344174
218850
321322
404600
709922
49856
262008
336781
1024906
1057854
802834
228949
342983
227728
455385
226199
62820
578123
890365
451863
577778
484034
33505
398422
104315
675511
677714
82934
536295
387695
298378
105077
291988
291336
706088
239391
385739
689153
873146
297220
259132
1031036
239857
4804
674207
36814
77075
180331
628692
2880
108546
357440
180216
79069
246273
151776
359798
40448
129660
44910
260650
93587
122267
852022
1058431
237084
289768
155227
416809
46867
298937
105898
58002
46012
536847
193334
95392
37061
624545
423754
293748
30779
43893
145939
118230
257169
77266
26873
146389
26565
123542
26113
25842
468737
596087
343603
99393
110708
472893
145579
163678
591971
145367
145281
77217
22768
22757
275910
754242
315298
464421
147102
826128
455396
35489
133763
529146
864018
449399
34694
827893
449919
148699
352499
454614
454990
455774
221422
222430
186631
162568
100027
349434
148104
788379
118446
262793
99812
30020
29208
4957
142092
19626
639894
361912
17271
1116747
21548
96586
248
858269
914380
41508
253184
189658
333987
580678
764346
96925
563772
479846
334197
148172
361892
492284
368313
500909
7084
74416
9365
326478
102016
206225
76061
139371
266286
534509
325849
727397
19927
139079
199897
1132055
552932
903703
201225
207416
361465
71130
557089
115055
924426
245177
244787
92174
643606
18939
965065
583751
58634
164391
853674
70230
331574
853937
740637
261834
157777
293542
266356
653218
319164
857530
184805
118849
50706
46770
26838
633994
59973
784227
454059
104468
76755
31382
126266
868747
873749
143747
28214
75567
820647
238317
587655
62311
468115
587636
402245
235246
433594
236684
45842
76597
572940
214248
290699
884730
62478
83186
291906
247829
1122302
367651
226307
623052
370374
188369
1014347
261250
236341
13192
839078
767120
162012
636172
396508
100309
450748
574709
781592
969755
423891
103726
777364
120506
22206
192136
586273
207235
333632
25888
202004
574373
149279
220004
797528
349460
221723
608960
8269
190376
346805
585593
814427
6004
58571
773625
140454
678515
435121
463246
733879
206443
73612
590470
428923
96679
28805
272643
232534
807623
178719
98121
199568
36801
272654
274151
258121
319685
522578
29676
147002
30559
209528
289546
702156
241383
343662
274429
465177
564118
148435
115710
50839
30753
67422
66993
151082
475948
622220
575442
131492
253920
849207
28907
153297
453476
1011
157925
694476
3102
128782
445432
201826
212925
116383
58421
623358
950920
250734
851838
43098
285452
743171
648524
28299
388129
643701
398534
669679
487039
482282
586123
336653
295902
508332
35967
134259
109902
906759
79555
346815
504138
216767
498578
890897
83723
348253
274953
110258
4749
164511
21483
807830
110142
205652
291008
99294
173061
128500
842471
1070832
104592
500980
86552
207930
712961
491493
144548
247264
49487
106130
3295
638360
1112429
224623
150165
785592
161580
293165
286993
93570
490439
65794
1048781
48324
48136
84076
69298
96895
83698
99956
253521
752062
199423
180873
426470
192038
843687
426854
57942
1009
93103
64583
9953
103761
610205
257463
71256
628449
647833
1071268
940813
136246
97282
86824
489849
58588
24480
1071265
24522
105948
22481
948805
129829
51105
319251
1003863
390434
27551
482905
624552
1022595
96152
651092
846
588085
528740
682102
28398
194035
95153
257740
856632
296378
991764
892317
95907
991762
98852
361519
327458
7916
587870
581959
621100
704633
430496
120475
442861
701122
737839
544054
294211
273421
218032
139236
733902
279255
61195
273412
147533
1061358
46306
594561
7909
103191
59661
804101
7851
110783
529699
201534
401486
90703
180284
130208
848320
171400
872309
101835
334585
352885
511914
332188
3582
449192
353543
192668
153437
315915
112594
215969
7784
54801
758204
108556
555693
200431
865554
287702
227501
157346
643968
498717
1062863
187276
7500
555694
1119501
343089
670485
771586
386251
272798
659871
636434
219540
1119386
938861
505401
121338
209815
335408
355116
230265
626762
1027942
40259
148546
238363
195874
40160
91301
402942
455817
841772
251662
386964
637969
37241
20230
140625
492743
964653
241542
30455
346807
24025
600368
473259
95015
499848
913650
96373
198421
360859
430362
123172
582614
502627
254122
26679
259149
273389
195422
257792
287523
119012
837595
188723
439834
155381
148432
186124
339868
267062
188595
255574
455350
69991
700907
961036
590090
91313
56528
348562
101120
579200
355150
229980
184348
419893
101051
13353
222288
86504
476404
91379
60947
222366
577258
70065
482337
39189
1080010
363543
7921
18962
1039103
140590
401052
339518
90915
22585
317913
32782
274355
693366
255228
299176
248445
26996
580094
392407
61817
1109685
639907
494143
158571
94751
94729
241902
150996
26235
1088159
242134
586348
148457
147698
274693
201830
455956
109963
103506
124518
170980
158153
905054
191163
193973
534631
95741
772177
788360
344464
311598
17465
830182
103150
53973
533056
141682
522019
456947
269339
437203
157498
73860
841551
640746
76605
889613
89093
251644
121687
199730
473444
223933
188327
313862
236294
191072
2896
96918
261201
725308
161202
104002
140946
100070
188347
536608
371638
341884
465423
627783
288484
47752
661352
346346
251986
187036
82605
178891
820088
268786
170462
10370
291562
159863
479076
119563
36507
352228
79831
265517
512469
160361
242770
674239
689061
103267
121827
87968
586682
874061
1103976
227568
220493
1073246
474320
685576
968365
278623
382581
575183
867307
101917
299372
355413
130315
103749
178506
462362
103869
348376
409065
45151
628963
397346
45182
251887
257666
943052
200225
641348
352504
921649
75954
641199
566895
157231
260595
157411
194109
193997
297205
171528
655444
218638
250054
6368
586800
158570
905269
315784
8960
389960
49945
362177
109926
138123
566585
328060
919764
98253
43698
733599
153642
923907
239512
340845
369052
125399
264404
589420
852431
589417
69533
402353
115683
69035
1021222
297395
152418
125959
73559
336482
275417
58491
297318
59114
10761
190658
98445
747832
123791
91037
885839
2720
221238
537685
584613
57882
264657
388015
144192
293789
244642
823351
268952
339398
140750
38866
259413
91461
544995
97394
583644
648143
252774
465396
43055
2397
357074
160586
259003
646958
25065
1003846
93341
65784
291412
391519
578207
435591
42950
622742
297312
174251
269044
43312
25
268869
709559
808899
669250
293777
625644
861598
334650
16884
90948
541194
892453
668784
135798
395826
352819
61198
569245
495124
334514
48111
254449
8600
814378
13529
103397
915488
814766
49896
315934
67032
276914
150891
191639
299913
684123
190774
575170
229448
100772
64961
423932
65047
180008
253185
139119
253264
718881
139294
104239
156939
265425
471183
8385
393278
26851
141931
4903
162677
131042
264162
947150
1006564
268578
115597
118557
32817
87209
294997
83912
136296
474694
961427
650452
192678
695230
73613
885332
725179
159515
505995
242246
205762
497362
160824
333759
570034
1874
62609
24427
451657
646076
353747
258472
172512
848898
161497
877507
100155
61465
24450
5105
319992
381392
979313
71467
271647
102303
493004
85508
207199
242845
157437
356808
248606
263160
123774
75715
1051529
950419
983050
387501
928315
23515
728991
882539
998622
165301
289734
116316
493331
448203
334741
1569
152005
471969
36146
285042
551993
887400
266417
25846
163738
692224
20871
792705
358921
455694
19254
42609
638081
569573
189891
529225
332471
175016
175057
464644
226899
275292
145790
357266
205942
287687
438201
110506
26708
27092
254316
887482
76030
685514
305053
681888
110235
194057
645831
264455
904181
134137
141801
444577
417033
122441
921247
451480
758634
201766
478763
218902
277031
123354
533304
58992
119110
493799
532438
416161
253225
2708
539362
33194
277902
402569
983172
164413
145138
10058
476141
221112
56288
273797
1029557
681253
270644
118398
106785
186121
767590
114005
185754
637573
199569
517090
342847
622748
653569
19340
340971
590307
97558
165698
205012
292806
84295
592785
275036
936030
251062
482220
288501
592978
320375
216833
969519
364302
275518
19613
247735
150040
594997
105753
38429
258216
588901
618610
1051
209577
65494
776496
180563
347585
279183
661481
474954
88343
2276
778506
255850
58442
770578
540166
344831
273393
95728
46310
43615
119082
195269
139604
105401
368629
112572
473846
112579
100938
164722
462587
730230
247196
222476
297574
98406
641421
85027
85018
554228
504150
670860
195035
837816
477797
746
922011
633995
996242
27816
457348
11265
462644
208988
101126
39242
194166
382873
398848
2479
31421
54667
500091
531017
494920
11477
16699
655517
64320
418141
634968
91918
617961
146372
635082
27103
256922
8260
265305
355120
132692
334737
673047
583012
95804
288137
75044
146499
154545
513300
634297
889453
563377
312786
351946
255761
209850
3837
145773
200130
477995
448945
940811
98446
1122538
74046
67299
537721
364556
242127
71122
739708
177674
599411
243189
243696
174266
955356
946496
79568
348095
81798
247757
249529
251031
1044642
162585
162297
764977
1042459
180180
64901
229334
49572
655488
656933
205637
419358
38096
667967
918787
919540
45156
48115
199947
688440
714171
692971
236474
197160
391398
191773
535518
191595
56921
189342
937576
61763
1042197
162142
331205
287305
982255
119001
267728
560310
295457
121154
294946
292480
291580
7327
270716
505822
331095
821149
271449
285610
145189
144801
135103
272215
504378
589266
278663
278449
299118
118224
300409
303605
254369
330598
770803
159211
329498
258189
545937
546094
260439
7813
498942
320972
154278
102475
481271
102773
152704
103385
152198
311179
109529
266727
981984
652838
73560
836254
29098
19780
227907
20090
531955
21182
1116364
217021
216012
447081
639351
219573
530356
530406
906265
444691
25254
1112616
208833
444370
26563
218895
223604
897699
2742
551920
11296
24086
763745
30836
758846
131464
340806
249757
17595
825031
997901
349889
75148
539707
271444
177561
456853
142753
272788
567294
67602
9336
634598
7025
910325
1111557
61726
1042006
252935
811645
263417
620379
984823
112953
304183
269804
269845
267487
797777
476087
266347
222618
1027376
106083
128129
7234
263213
786429
938594
220727
102111
128750
474911
130587
775403
772732
157047
1040416
23462
484865
432449
882183
52761
641927
607343
43732
637144
208760
37919
200438
227954
406191
1111223
465084
4043
414290
636883
671345
27794
486747
929217
200224
880569
668300
982828
1042460
339563
24039
200153
252198
2845
622147
48309
254300
119576
507065
267928
334502
225820
224584
269102
464375
85679
250823
420029
163916
269399
291044
552752
690108
149104
92186
543466
336210
121482
225837
251446
563516
763730
18740
12304
12167
97072
221920
261297
318986
890228
848767
21077
317280
499839
677765
316141
475857
624917
105210
151493
475965
108557
560950
309602
109263
20966
151340
151011
110349
492376
7796
96030
21201
22380
582959
386363
147082
622306
623103
460116
974549
628023
156520
774255
156315
21597
221921
222122
592189
154860
301439
301890
449500
150077
199481
309498
84867
12847
271735
945253
26431
180257
368430
67091
824129
67518
443818
567109
31948
752415
242606
359732
177699
2429
177698
231922
570993
71855
63711
828435
25746
384772
227024
58538
240139
275242
26713
187999
139180
9830
59761
221305
62694
836766
136412
381026
209775
26892
536817
231543
207594
718572
71925
822189
351876
52155
206165
630470
213399
25029
351176
129071
598657
197586
198110
245932
146486
52239
348336
1062156
245583
598157
128859
393917
274041
226437
211355
395541
146391
221856
471005
580837
37523
219739
146706
110429
138636
290686
268968
526493
488761
229882
669771
837124
221795
616438
110793
650503
149390
655241
233587
145489
656939
146283
206200
286914
885592
644922
897471
38383
913666
233463
286916
432615
17524
455170
207342
117535
299482
299916
505604
2947
267947
221100
269542
191289
42379
1062628
633066
566864
393510
73617
743116
352058
352050
351348
351172
956211
343019
348816
348360
170157
925
246371
83068
671854
345864
85456
70644
70353
242347
391467
58544
386007
706645
386594
57975
61265
241001
387562
241012
720328
62922
720830
943474
537360
944732
634148
179612
610213
67582
85837
84240
496997
101619
437915
159272
256692
97179
235413
680633
260092
21524
47344
101981
331045
154462
436998
524439
21189
678636
677813
103428
21049
409320
23478
258833
903883
543718
397604
88626
581964
163463
24460
251165
89702
543327
217003
4467
447134
252369
24133
252041
144587
988006
201252
268623
715470
867934
435086
581614
836530
187537
493163
185968
140356
162186
952413
988823
267570
260808
259118
306646
353411
74838
1119064
67409
732424
362404
528996
72869
1086529
109955
794299
73949
787593
454705
102374
26269
781262
101733
26805
439857
29780
680280
96369
656975
127151
91182
723228
59399
286402
136491
259397
973399
228923
934029
249409
347479
749953
99225
259251
402282
386193
455277
200123
434331
210054
55742
58962
634944
272684
260914
135484
102388
977882
139063
3354
855602
348899
94800
91984
335225
513248
667494
93572
669718
43074
483169
1046773
544777
137517
884908
751973
160714
338935
655267
159771
341661
882570
493411
483598
255302
96402
579026
129692
262172
49546
503005
737928
218747
65546
506591
872736
268191
733409
219243
478112
69785
4985
269358
450072
17764
53625
590489
127130
367915
146725
574268
369202
477869
457647
2142
236045
529015
500178
244706
263062
784657
317476
173044
699724
195308
446502
24322
195391
238558
162645
240969
1024137
524359
244584
267129
742804
112526
715090
242812
591972
894304
58011
1057866
45369
251002
578295
164984
258262
438188
839195
621285
816492
490325
123726
454525
585538
783778
1112772
776818
772216
267739
478557
159321
122039
491862
146665
146606
21152
146582
21503
122630
144762
22303
26003
120231
145908
144768
24981
25844
23872
30889
24410
122782
530520
215527
25032
206903
905201
214965
132922
144194
26636
137402
560241
29948
149624
531966
135381
555285
149049
136383
148905
150595
207806
148839
504130
136773
132213
506220
150672
148227
147234
141948
1001121
207872
147159
989602
26822
126100
142938
30009
134823
985300
13311
33907
31002
917405
496887
163906
67968
948519
163564
162931
69596
70355
73626
19561
49509
179769
539431
73888
180783
73896
48139
539852
563372
567902
1062627
939754
76264
161333
76537
518654
178921
66675
57981
174798
51181
1085657
52690
175163
520905
175343
172615
54643
952525
170194
58230
13377
58480
58740
960479
58936
50973
59328
50198
60445
61637
536702
164118
83031
541434
541965
11762
37620
498592
157613
35187
156949
33675
547143
33314
104191
109216
110404
112651
97538
31820
31013
112678
154986
498971
550668
917634
117575
507212
119340
120086
1037000
37732
160420
40112
47762
186923
85346
159784
43449
42461
514621
41079
85859
1097551
40121
89179
96482
39854
197365
91750
92789
544757
38029
197835
94333
158814
158681
95812
21002
271273
218478
430361
436048
645895
6242
797186
592754
314876
475916
316862
463667
652493
478256
6010
652539
322032
655590
322597
656484
777977
777022
326607
801391
298749
476829
808740
589867
285643
286893
386086
287370
446358
290120
290563
445728
590675
816712
292198
631734
294235
294777
436605
591293
296102
809136
657885
328277
772936
684294
349596
694208
353763
695357
394000
354751
698519
740426
739707
359623
731610
370021
381414
709934
4664
383596
4726
384386
384713
396572
471544
595133
347912
329328
329422
770979
330963
424476
331275
769062
419253
331878
763392
336910
336934
418292
680928
341088
465767
343027
343234
344530
824302
287052
282251
582752
240572
241156
241330
243118
245348
246210
246282
8392
250168
589416
251905
252087
483102
616098
253180
254450
254669
239643
238941
578881
221658
19367
18266
17646
219800
1119595
104238
897891
896606
238390
224347
224870
883891
233780
577429
235985
237746
254995
385404
855770
264643
586442
267034
586755
268457
268823
617513
270707
272110
7194
588105
273264
275301
588928
280600
828689
3139
6801
265477
270297
622167
454470
453190
261261
258799
258473
257967
627014
451520
3112
263013
624937
447501
142603
496319
866554
208220
164851
152564
8813
121198
120570
282459
489233
815420
814576
292457
151389
949043
942015
590410
240498
285496
883004
139050
267755
936522
139007
238680
275898
271447
1062844
299484
532891
61260
58969
53087
406161
681169
681168
681167
681166
406816
409191
1095291
676990
42544
38904
37783
805113
423606
532787
650411
522732
437453
641025
27752
26983
15059
615429
445729
455263
446031
455017
62773
537307
369595
365960
508422
113062
105211
785699
319042
593629
319602
319741
101985
322095
101891
780533
776810
95888
331148
1041545
334084
763689
347497
749696
76432
348895
75888
452042
1062845
74665
71574
738392
729428
483106
255234
154308
221682
250725
498434
221794
148014
582953
158883
157052
158554
161491
904317
225430
301808
496871
298382
138933
671296
1097470
196559
279484
578668
183801
105681
680431
148671
1079818
837295
550373
901025
86164
114755
475762
23692
115727
326854
545884
71101
18318
30298
21693
30341
482986
149184
105091
592712
148779
6336
270223
236629
330595
198158
251063
610963
197976
954
397489
417481
764662
573066
560787
829053
613072
95543
1001452
414139
650704
348803
464865
7763
265217
349866
45613
108720
351905
145906
237907
109103
253570
146064
645321
274298
264088
114055
19407
25985
634337
364151
74869
18786
142506
162122
221647
335765
260765
639901
775405
359703
84163
472581
342521
112133
472035
660040
659099
560779
70387
406955
216052
505352
1093342
737703
599548
177926
788950
123077
292909
566
437336
615985
132343
12045
501048
292856
153786
174795
304521
4757
35773
103626
60075
812204
934114
811944
587432
92899
152956
61896
714235
152600
211407
815771
511770
124119
294344
713646
293538
244926
510080
296776
206902
517113
439104
597101
88005
50946
319855
319905
319980
10482
857745
94143
136579
127215
225528
608196
39961
70180
797596
217195
246462
447245
583783
102510
1026024
90902
314099
66478
287115
453604
206880
629931
89476
37231
175981
584055
164635
815253
9407
853692
32457
569603
2914
101607
102995
84962
256431
822183
1075579
19878
26274
633882
104052
228570
459396
584606
224118
398445
404758
625874
258082
172983
640304
614621
447771
1083109
450654
21975
254356
828370
974860
369569
645554
14233
230023
427652
97269
283047
497316
697648
135399
3973
206479
439080
299337
29593
67204
135902
994759
492655
320224
229505
352467
995701
303365
131883
137596
845614
1084976
1043791
723657
286622
1120544
129072
286343
16709
523468
17201
123079
61840
806319
28823
210382
17259
528026
131196
10702
123087
325125
5774
118549
48746
18795
229463
337055
881494
47457
155145
859149
143278
445444
345228
238200
274286
95304
80934
564700
26142
830681
252996
32143
74709
221741
250944
100884
161024
199388
678244
278480
23806
161505
543261
278063
73724
334109
239096
277040
95990
196701
1046865
424758
616743
433265
401929
164086
162252
430314
401626
794647
796346
396374
95593
162423
79569
395730
619286
281097
320359
202420
24186
201210
279801
279574
868211
868313
71927
72122
673420
74018
3617
668247
690121
51298
313514
298844
731633
726561
862994
292966
1133802
298690
864674
697723
285482
285005
208133
750650
308596
65668
195598
335774
665915
627078
86695
270168
965867
175075
91339
1082475
626888
362152
384932
1050044
171226
621764
621763
788078
636612
84437
47378
158234
662864
191257
344115
344962
655293
1001360
921742
84383
650524
646183
772884
642714
982287
272680
98207
2
116610
258173
127015
259539
104030
454778
111479
591633
591634
456681
241975
144741
899510
127490
155221
182
479661
155647
102017
102050
1076545
17908
851810
842147
451255
251716
128158
587405
135841
259025
453600
102494
29248
153419
28238
583341
16778
33324
555309
841106
565378
1033216
18567
118538
130955
261826
13138
99755
576282
156521
575086
1037204
838018
123330
119173
247634
642780
486777
92053
147278
949389
268530
188357
975295
144663
829428
357291
677436
562355
174259
539323
185871
91082
539374
188343
218423
174860
453359
268263
83492
583849
146495
317508
953660
866345
145534
867989
268920
32969
634374
369512
325017
70980
25026
635564
351865
240418
1032455
22513
293881
47699
365140
86106
149571
737477
492541
582746
19554
637565
841978
273660
142907
1092746
858536
256338
336630
370256
319593
22379
23464
240524
73763
139953
386385
13578
156189
96903
131390
341443
420426
100678
512191
299075
61693
274894
160294
300420
500972
879214
64560
208585
1035540
162374
111568
844112
128405
596270
37483
436291
507848
435134
602419
911060
250726
7086
800978
506226
244648
99167
424325
437889
7114
24848
800543
97117
160098
160139
607190
61708
162891
245498
769444
207793
102339
3353
94405
448054
396043
968128
133670
555727
71962
134826
666636
389881
219755
926445
512465
267568
138150
450139
172363
447948
354313
260075
31528
21647
283456
471795
11588
163363
1132650
251578
1081102
132638
1116686
249782
924690
25104
1001291
346337
78850
27420
654820
275738
110549
13440
345901
645798
189788
191772
145036
146028
349510
435253
468235
899508
336959
329437
343104
120467
644981
356556
451435
385943
152607
221719
622267
334977
221669
1009195
102267
265939
399714
750959
1014188
154186
500500
95299
476977
264599
37436
332038
154865
37633
142059
595961
250672
506145
805278
262390
262196
451436
75986
451437
518070
115715
905477
1017906
148094
776192
874275
460180
516091
537689
179963
148213
67097
44267
105244
942527
226766
178199
295186
20106
454750
25796
43204
8845
318449
382291
128647
72828
73971
869057
16816
116017
545222
319670
278134
72222
17719
698416
510901
530573
122177
51959
25705
303369
703520
52597
17603
299110
503610
242091
125760
130811
524027
532384
121070
842915
239860
243385
30577
678016
30315
278574
23866
927661
1084087
533729
24024
538506
490684
23594
319413
120204
135768
763863
351366
74558
371306
387036
386616
624928
91392
785379
174865
453618
381757
380633
455419
906568
449897
1083836
217382
105241
86364
777253
85484
223840
84497
359957
730343
36414
448905
182247
443446
1132422
600673
604456
2043
37836
99587
424460
607778
422174
263653
20744
390255
261120
1110779
37556
26489
228930
792392
446516
153291
392928
170220
920355
738364
832745
519509
651785
737356
344668
238418
342260
556315
828676
143081
553701
193697
668319
474778
473899
667512
193967
859185
142752
221867
666240
75220
113004
79649
555824
903850
108655
567808
562986
565981
216403
352183
242278
287218
319181
277915
447369
69849
70796
304049
408903
101180
275672
512222
576329
260681
944807
538752
70298
1045996
100922
209439
569765
1063686
288614
499554
268634
329128
291087
1000859
103269
751538
19988
8847
345821
141696
455987
634164
368791
60294
636477
72328
471424
264016
745431
29360
2724
289764
31709
293362
246323
285880
856695
768396
43434
32153
3983
277378
227342
291848
50705
35376
127123
728929
4284
435643
62228
433377
351414
646128
83515
359589
180270
87030
458549
149313
518413
381141
21570
881524
443847
470414
163366
21858
450952
94686
173957
159645
102754
97329
96127
131073
609134
165131
469017
577835
7726
331279
705986
531223
994004
205860
318622
689764
535493
119682
201208
199782
18343
482013
73579
651468
153368
475722
1101212
560781
196855
78562
141227
657375
141374
196050
76185
334903
566491
145865
24538
252972
487340
597623
27188
309885
807473
65800
466714
538637
88835
333722
419685
118022
608269
144992
361126
483367
160284
67034
205745
598920
146325
331551
331588
43515
468094
99477
468852
51151
261737
225978
997751
468753
380932
939609
137165
161914
14047
537703
95721
29670
83577
155246
464092
29621
221802
158587
162147
231566
226869
336824
64157
268397
22835
29501
612938
532828
94104
417026
158543
23520
161963
253803
537083
161357
381957
794707
2177
48626
65095
439635
13066
4981
6805
569495
207810
1102136
136810
418591
596121
536522
24419
747638
536343
752021
87440
239989
550787
601734
179601
1087936
141603
860051
114208
180163
679218
679217
927433
1734
115255
38418
201428
49514
262554
143876
362503
558465
49467
435663
71472
475982
31394
200986
31096
683332
251550
326662
142660
179967
6064
44485
23981
113096
474882
474137
44455
251374
179860
475365
158461
238529
262533
179662
888318
431983
71905
69668
317892
270096
635276
478360
277971
673375
87607
762641
177972
139984
361751
31612
50915
549735
139919
39752
689888
249692
779358
144886
779785
424469
763531
437201
280540
900002
97177
220880
605210
278418
853433
429476
995594
220785
201927
198685
180378
321344
600572
329434
144071
320735
477730
368941
249832
853436
110757
69207
561630
219176
192282
815974
77557
716341
657195
95144
883850
150843
352642
394060
37254
245076
240618
257517
506876
135279
346304
659820
665770
341886
76904
58293
392222
102612
622394
622395
171012
391496
171442
150640
147564
660439
103452
26398
352266
626489
163258
737743
135164
659471
845084
101711
739122
624341
821041
103388
75616
737741
850555
287317
503581
814226
964695
348824
102946
821111
7212
28145
447052
530842
462364
76757
896045
95439
808193
877880
35808
732910
497301
352888
28454
455209
216854
163679
227453
103308
53155
516248
9694
191708
91723
135573
268202
4590
216797
26054
386656
339391
644962
999705
222946
1121747
214974
391813
735890
218248
149832
149848
155
154163
519612
772715
532134
61386
582022
871265
655143
392145
103140
162377
122960
273925
388414
524935
809225
49961
60581
230605
536023
69989
263595
290208
94358
1016159
102855
155670
220930
591143
247778
341426
25855
544018
478141
558978
638006
173168
79731
476414
610484
629396
14041
341107
256817
455712
184154
11064
337047
530340
104609
506361
319637
623929
101035
7919
446070
617966
348189
689597
694675
97624
7971
267276
140273
473109
392137
386560
657780
287646
108698
49883
864564
359322
22122
547310
568964
518745
272159
641387
162465
879796
121888
766521
698220
29560
258775
1035018
29603
241928
163728
671387
849745
401689
103050
787169
39941
326173
5979
587865
131442
4182
666209
611872
244174
77322
12129
71145
278984
9119
542431
471140
944487
47707
353885
529459
7270
530268
328380
68362
151803
562573
389089
18468
1016276
40415
342513
216798
216471
788043
503344
238348
947033
105810
588513
323347
588500
348316
580176
430599
764206
561962
617662
242099
340220
9963
59138
207111
506355
147688
121288
623652
134677
230703
121251
114196
588332
45986
280894
783684
29305
41732
446164
735903
144550
497959
59647
644750
483120
536734
236550
277617
581864
1940
66494
41914
570047
85516
162809
293114
476783
104198
416684
639899
54722
89058
292393
26749
303374
730500
28922
528680
485413
303645
882939
399717
263896
61854
178203
113166
336774
633359
346791
292153
327613
33172
76074
139375
877
153491
849763
658121
93844
155794
21266
836717
118555
550155
494263
303556
261369
453551
50676
188486
150215
833186
854525
269408
199429
4054
511121
29299
843637
710118
1033296
816770
18549
275613
641280
394951
237382
870359
325057
99139
1124532
1078307
433724
762939
44501
698826
974606
274316
960722
267602
820327
589442
1118126
958869
82657
524248
39942
538739
1102544
964043
1006733
822733
355737
715676
50766
498750
642760
574727
649911
39420
261463
2082
191532
897474
578651
584250
4289
221181
70245
937244
42268
608232
904366
75928
397492
237460
129645
163650
1007450
862481
279782
573559
453234
207618
871514
75974
273202
883763
519884
134985
242443
268116
521527
424426
443560
1024748
361403
163130
31425
940887
298986
1039296
451364
638028
699400
464218
247728
237068
31333
159878
1118736
103209
992414
320856
3680
435457
159628
384622
222699
277384
69460
31572
159354
262193
288869
142837
45177
218276
1507
717406
100901
124959
122473
464551
217972
218389
516250
200230
101041
772868
1053620
919789
83232
279055
751588
36833
219188
140060
28719
252838
158508
220440
279041
35179
3960
206391
960683
188613
1050442
97047
778348
87037
543112
498357
103445
139608
105293
136429
128737
521441
242595
920136
606885
778791
606887
63623
320870
270228
242591
586019
143942
252799
253722
235613
143979
192552
144014
455703
807318
296898
492308
223570
30225
4306
94866
906135
344216
417535
47745
926602
588563
254370
768795
954397
569147
435988
263992
27572
210543
1000545
895000
1042493
743123
148885
7706
877112
664400
88328
208593
565164
230934
180842
210945
597
95567
73752
9263
95496
66711
824492
58236
43092
40320
106113
875799
448039
65186
19774
407158
263365
1128890
351999
8560
614296
164983
5334
117980
436253
657950
179567
634110
272651
983653
303146
544533
286973
27424
478147
536645
117372
115855
446162
179934
227325
327510
176372
581244
95084
294657
459139
492748
850949
549333
511310
381886
178600
558037
983058
891968
93051
878438
321454
299394
462834
1134762
9485
122071
318445
254050
1020721
363665
172228
95876
667480
239559
177518
102218
177552
154797
827583
118286
381378
1129540
581591
603811
359663
865818
151911
154453
612894
733391
146552
532629
21544
49348
259237
58407
4746
1059636
9454
85195
157512
262805
222008
568979
96018
539717
515599
1071521
989684
1070674
1129106
893266
116218
1130987
982518
149952
640606
359252
98556
482915
268461
141751
408051
17304
657344
878536
840705
683576
467743
238833
1090932
447602
837185
591037
1086640
201592
368553
250081
29135
132602
1106555
244912
360673
633604
235421
222873
219228
28491
261579
37855
212260
155110
162480
484200
161910
326849
977313
133069
625282
159421
155791
150096
75117
711007
275122
546032
485070
505286
615896
908272
284537
124871
63193
118177
268314
476460
92965
699886
26437
12605
61202
670316
665255
141929
6769
382420
289589
321452
118220
992781
482347
1016015
383441
940345
275043
940349
563213
263497
236032
211265
477960
646610
23865
98482
1044410
113163
246185
23847
861843
459583
92851
572974
127480
331384
276317
933665
993963
333912
640959
729084
704959
258586
119617
355026
21655
293050
69123
72327
506103
276708
43949
1032812
269098
728379
800862
211089
355689
99756
99731
786193
7610
27169
254670
93819
164764
47296
223491
39651
332071
600276
723497
231591
132806
647712
1075706
897026
612847
262203
648622
134892
180618
419142
590797
589922
193912
513155
435671
463574
180167
359301
327335
613389
988182
386927
70200
4250
238031
121312
731860
193861
296796
598624
598615
996558
357522
519101
400394
133561
702548
156793
621770
28142
666410
121114
999005
3994
950301
988773
171491
64500
474815
171645
648331
321169
339299
146114
635867
84164
822945
146829
245459
14420
565394
207811
369185
146676
70566
309174
146326
163618
267509
24706
590715
905386
914950
492957
462737
242202
58513
242188
207319
58517
114704
895816
353375
207393
791730
792848
96527
171611
156667
779308
272925
124476
6026
498716
913843
156254
103735
143527
815529
671753
120131
592842
101929
106329
341223
153548
247759
520081
156043
298964
735924
888605
191243
74947
149364
784264
263158
532132
319205
521544
254791
257161
69685
245240
451380
271254
26237
812364
225402
260900
19741
184911
532300
397332
120737
209718
277444
763533
381952
240162
5040
47692
648148
71382
97933
792967
406783
37204
267939
39440
340972
551101
159221
491463
42945
434604
240022
510455
76013
614464
903672
24393
1006931
277780
558069
568682
320623
230294
136066
37151
132351
300984
100788
246489
109590
192644
192673
469136
454242
260723
434754
470868
55120
163714
368645
680377
44170
13295
164094
127367
470788
222937
13273
383574
24576
117564
335688
66877
129799
454751
62649
135049
138621
195769
531359
274348
24926
99957
348248
954850
65260
492519
793315
877100
62708
437937
535511
434742
331014
650694
629094
121105
69966
74315
144264
701054
41623
19421
41185
586930
26176
598713
281321
228901
475777
34155
540241
156357
281651
114110
179732
293467
41728
241333
580048
11024
326938
277783
78162
236810
215795
315787
683522
10514
267229
146642
146823
9631
556508
4679
1021181
560955
669109
339027
582446
91019
726815
430288
147244
121578
262550
503455
121435
4177
41527
115453
916846
293608
144727
875017
144667
95494
180492
368284
250959
1096912
27442
368459
276193
2823
61927
125947
7423
505917
92432
600266
286304
151256
265391
862826
265384
239308
188480
447209
226961
160794
160803
679421
177567
938423
189052
962746
213418
485482
328335
17002
772346
83161
210636
27264
75034
381984
360943
209829
805204
142274
113647
346119
28429
238757
17712
251575
596565
639709
61789
346170
529733
293283
141494
31388
26335
72330
575149
155470
98323
360912
247302
369370
1123374
384488
220496
164045
136791
103249
871943
1026315
273045
198934
24442
76923
135132
454727
13829
34986
64913
899956
163887
924306
102990
130940
25744
82947
576340
622123
385852
795825
53649
326535
767608
472353
1049322
190881
101754
86185
295137
203134
30157
71127
30827
75313
163731
511782
418096
396535
916189
92319
393165
159453
493482
117815
331811
666384
308424
493569
962624
539730
796328
768771
470641
435252
769656
26313
2448
498573
163861
495912
179800
321663
188901
326009
85201
49633
763700
6408
191384
97479
1009495
281262
313865
780972
13100
8114
553139
451032
261552
18767
1071696
238431
260949
820296
568611
31079
151099
1145
827294
453221
596342
584525
60706
455403
131445
737
274870
160956
579034
554227
190673
30789
566041
319835
558371
315807
141556
587325
293676
599258
421026
787124
141664
871942
491292
992390
705785
12691
158398
71020
349890
354761
240130
151043
494951
95607
559245
59220
138921
360228
18842
878858
788391
133759
247348
450315
357637
395006
180947
28810
134183
841890
1065905
362257
94774
477417
188505
25829
161012
446427
331415
273976
65267
326189
419861
863359
947275
622299
96366
483201
121191
879593
78645
829076
829075
104744
879199
252784
113053
92381
33825
96063
291806
284440
39375
42155
787837
1041614
7492
586529
404828
770821
153537
146540
382860
297219
382962
117396
117438
759133
117524
768532
1076017
219753
342028
653238
199315
162278
605402
25615
53093
145266
144638
430530
98918
49314
32053
201564
195600
235954
84907
604543
62637
381347
69505
84377
148584
93725
287656
153727
468479
579971
2034
261743
436404
197062
128795
473633
300690
49455
62929
334669
602827
600262
541220
446637
103051
175841
281055
13119
288406
472316
657990
1056655
703
245296
644
586206
54689
175840
191553
276488
258834
29296
381170
69028
274344
579563
683362
331041
958935
599248
450227
340528
59582
186621
483750
489079
290694
44298
66709
206826
59179
261509
897204
426557
188751
878804
84388
333937
778
2925
1850
151516
579517
1071147
327589
319898
5132
406776
996600
195360
299146
3620
531612
29725
510941
93082
123529
123331
368955
276457
1042220
76735
95027
593281
1088978
64813
648361
242851
458345
265539
464512
459122
36636
769070
292189
463693
13417
1074996
462849
132738
398098
505459
226748
227109
899933
530915
244537
180214
190419
521766
149740
470382
746610
126149
154152
20192
286885
227419
690541
472476
1110142
306624
449283
293405
721952
141499
743655
294666
20371
260709
450592
11459
323679
35596
20725
449534
75082
335756
85825
422116
474669
896427
143994
787237
270777
902111
119061
673143
696875
498860
220902
286894
606529
595741
126185
831549
180607
154114
497617
510367
91630
320564
20197
710263
569491
710890
67997
633424
591170
27464
280340
3251
551994
170176
580791
887050
232863
962087
129802
884617
278452
836228
278136
884286
783610
459461
70776
386738
369517
704601
180801
222914
727646
1073530
1073529
897224
9321
181403
152673
127774
92210
238632
498401
319615
154285
1121273
326150
634161
227667
634084
242554
227908
326045
238274
512187
1127281
20133
108932
227852
20541
29097
472056
158413
422845
475290
120208
12840
113863
119327
142460
817106
256759
541822
603244
919729
1090359
662450
641352
118648
207508
667397
565165
771960
292164
292232
355985
331960
1120281
639043
607115
670412
772917
141201
30697
30768
915877
21928
18563
120595
747994
521268
346727
994040
198529
650749
116845
163171
575474
261556
300270
522793
465902
147181
339993
195465
299184
852505
49806
455789
1115491
810908
198159
583664
31420
31887
102906
643491
163629
40983
31566
585670
99169
643981
145308
200010
454701
99349
600876
522206
464902
99711
145930
582471
599257
773450
471341
42855
736626
137641
793120
8343
483405
530190
329502
636825
165115
172144
24864
408055
271692
794408
1042716
155407
776555
46195
220319
220251
368668
242838
29219
21459
478004
124588
219649
273131
219600
124755
75214
61739
24806
272481
1023886
189671
416551
24618
104979
819306
1113717
416598
357629
529197
445555
680641
938026
77015
69624
721631
121026
776738
38702
264314
557913
174752
767574
340609
331978
558019
174796
121755
609034
129010
336836
69651
581839
844527
584064
326485
328149
323057
156271
763935
263441
455707
945408
84226
1065105
863592
762511
42933
368871
505231
82620
451383
586288
348250
118886
587489
359534
251454
240538
120494
591085
754695
88134
752270
752269
86854
239823
866184
41709
449528
510349
157126
265718
742952
272568
1125831
1125832
1125833
88519
585619
128373
630637
742480
274872
43247
241513
258963
269456
1887
118386
71001
329415
112707
148445
287828
286094
135874
530189
398761
929468
222120
146938
134661
45765
3873
196734
63901
143518
160444
671172
93034
1001968
641237
479012
186901
194076
466878
64796
663625
148610
195393
224588
37689
604988
700999
299190
611036
297348
573282
54134
445842
996018
144477
216349
925735
4336
149620
105690
654512
95643
296194
151414
406718
688411
493460
289162
904468
464886
600858
521515
792504
235444
149845
94051
493366
402174
294836
998054
306637
283462
96284
36481
382963
153796
230244
551298
578079
389574
132115
104070
424743
279919
103687
992389
944897
664688
382790
884051
992101
19936
475605
420003
384537
893239
16895
513077
475579
349809
207298
163742
523797
139148
243447
163729
142040
758684
10760
623283
946098
23105
966996
531093
823838
511335
978589
688861
81759
139804
218137
49968
382843
768796
945180
476855
151203
77024
683070
980030
683275
558922
637359
1012845
259242
295529
95096
175164
817267
10450
95045
627079
925905
1062184
492221
153770
626781
448855
544969
219948
1042529
785356
68825
265632
256796
198295
30843
97937
388653
319887
388188
418903
143372
191495
134533
728545
340409
348241
1127280
148504
615922
275294
1057013
916263
897963
133637
831334
132369
788130
72124
299076
177945
141258
529293
269836
127699
453804
893547
164361
13342
348227
67500
140080
494704
151829
62836
635847
230262
341576
221235
2950
286841
698529
49446
518254
436195
470428
146957
131398
274502
13242
23582
23355
521058
41505
191245
203137
256903
642841
201876
424930
607528
524017
201396
345909
348219
1083259
991590
349524
149979
919622
69600
259235
336460
264254
800812
769574
573570
21495
97089
36487
298001
328250
246382
439096
32386
147932
5272
262745
531601
22506
582147
339597
158758
326731
613654
300968
848693
38767
616496
463516
975199
264098
263823
497945
848265
529276
608950
19880
848724
437260
50770
53694
601023
146332
434932
645249
645220
82910
82877
146120
439808
984909
585321
434265
344323
145935
23262
600713
34452
174775
206329
147477
436361
473424
40384
196675
51141
522794
147087
83790
49488
13595
645639
32059
197526
975956
51553
31964
260428
603285
58697
626992
134778
635245
450550
25828
698550
369566
555790
606370
370017
28706
240902
222742
222794
240580
240474
1008535
726516
223424
222198
187290
206384
180448
219693
367732
635967
1110002
533532
692534
692717
730522
29188
368684
125953
220253
62870
446758
398525
697279
63556
26062
897288
722737
64870
128206
237639
230327
385146
130831
70598
552789
1069552
70301
70181
449236
44286
3401
69758
449138
236031
884287
605960
131400
229764
28185
594827
224552
450000
132974
127740
510203
71296
238583
229467
510238
390713
704815
893107
152927
49920
131935
873427
74550
29285
7691
355504
140485
418515
1124607
210447
417660
444483
444654
356731
938197
30240
994406
178320
252420
156168
189817
47051
444356
140673
670413
599416
80549
532374
206617
206763
206893
861567
977167
627644
419658
30866
207792
79387
190465
587744
746457
559932
58400
677859
125011
252166
939696
61057
545583
42925
218164
477692
218291
61459
75329
596563
155366
403017
477895
188377
546096
136819
180137
216719
216658
1113362
408282
151042
251910
59044
476583
506036
24649
680262
123080
76547
138134
408132
123136
123255
29733
996509
597124
571625
781543
272915
299598
100746
291968
1758
263749
19404
100842
273424
263740
17742
263569
274356
85238
823162
274983
287831
287823
1045201
330970
21269
163854
314190
267439
97867
162890
267037
573278
270302
793589
37263
22260
92720
295136
294819
266061
265245
96960
104337
571068
609345
309610
286235
323113
14419
95343
528582
95196
456684
829799
18933
18165
95186
18105
576715
104045
500466
170287
281727
1118002
171096
281289
574398
162326
569595
21195
767791
286599
321508
95498
582225
219574
918492
920551
918487
95634
266117
95168
301282
918485
879131
170306
118102
336748
143543
187996
856028
685859
851400
504407
7958
96585
642804
10938
222038
386295
241489
119765
300247
640412
541510
268259
559298
435144
77339
629725
102264
364168
655238
1029864
59568
498158
49464
629496
362443
362132
571987
533753
106137
195262
664167
283466
507018
103934
195525
357712
581942
280981
75668
104424
348698
110422
26291
33421
717604
573444
144764
718835
204298
475173
146140
26115
27809
534507
496598
819168
271711
41164
369193
975615
70785
452293
33069
893270
201206
237972
290825
112722
841043
476318
191869
387042
299018
123735
245618
1050765
447242
905519
402920
944637
585100
93755
86554
211195
254437
254440
124791
317925
473226
623811
391513
1011186
389946
258798
569593
219442
632109
858856
84519
123709
334966
131040
219478
910218
796719
53160
36960
634710
779178
916142
307974
131515
447156
218581
180144
18878
950562
20122
333135
446194
116910
791359
633301
153288
867957
928883
212271
984850
289159
532930
229352
78176
319764
975620
529374
146143
39578
101647
104377
42037
47693
685849
41188
838720
223754
165534
900695
1116753
837075
531639
784237
1133993
553698
752218
171543
636558
975220
862961
871539
977794
732104
452804
508316
65941
1028153
824824
735818
1125555
1100308
66320
994521
1079532
747367
868310
1076829
969283
796583
1069883
180296
178287
951066
542741
568477
364623
357188
259489
156898
561620
237002
102154
156986
868382
697461
275617
616906
275897
23351
87361
156972
280071
1098661
3603
735176
59476
157225
489156
253088
171070
84520
462730
102033
702392
427429
104303
7435
157173
583002
57877
75485
701810
20944
252417
1047522
561569
251875
363979
20868
244044
587418
34487
8263
662985
155546
278127
251683
597179
250042
536675
664144
278207
582043
742799
1118946
278843
951991
23938
590278
698928
359121
833575
866458
102895
89295
235375
248961
77131
11452
479142
89433
23432
277249
277261
453798
615684
590352
497980
75735
95268
187399
75741
395509
277607
76675
260894
38860
186018
268376
381061
268876
185914
692307
677199
37199
184063
97975
173011
269377
12647
1080005
416998
972623
257807
722145
1100417
92576
161085
160723
589015
712164
258826
8160
59232
389890
267732
160566
39471
93867
188344
263976
389058
563495
488270
714398
682070
93750
8086
384342
970591
850321
389528
692082
163031
172290
679429
266995
526123
162926
188777
162652
185886
20265
539262
534518
388185
78897
191346
1104390
732412
617673
101271
368002
420556
95685
22946
400384
941813
732960
35019
95647
566409
695206
1118306
157431
188345
23061
274546
670667
954157
534078
38474
78810
175193
171548
95805
401174
47410
99892
86046
159774
673290
498703
370228
594343
503202
239165
455273
1119877
588647
83565
191149
385420
243639
586146
682827
871470
273110
100768
174951
38550
273107
498437
28753
221139
220225
140507
994281
43864
303775
901910
336429
140766
1015348
639986
336863
336966
1005497
27341
60666
215230
634655
221725
640268
13365
144609
139559
209068
209031
550031
121963
606586
31304
770242
66713
129878
304184
27755
445577
783518
29284
531880
140434
555808
6181
993160
4096
510561
644492
299182
119154
449315
326487
643755
1017447
1017448
54531
466891
120203
222635
340512
894
222694
340606
763729
494171
69482
222244
60572
119378
299262
141886
1070231
131454
810600
443558
1016153
142264
532117
338182
1005447
300795
467477
60605
300040
130698
299732
1107581
308130
576089
446417
493527
448241
776270
281361
635129
906264
317918
607246
1009264
63868
608531
217452
331178
636119
215940
30370
63958
317388
217481
135447
575585
471953
1008706
328387
62824
13970
13984
635193
216669
778667
63061
3474
134461
606052
127798
319573
577278
63186
607678
329523
552628
322023
609544
219106
123785
577776
609141
907941
772173
218862
28072
446837
771413
210538
42285
334634
531714
219322
996514
800656
446702
65793
1012556
61001
137657
795749
914586
512471
331876
30643
212263
210327
64618
64624
332010
332194
137026
217608
210230
773946
636819
124658
447636
297554
143934
144610
1029497
109032
1121230
1065555
349767
199667
73589
754029
545071
349277
150839
477212
230519
350700
286757
7092
151224
109075
497082
199043
436166
290115
200402
289391
149146
436428
926691
762942
985324
984596
824471
288583
229398
72218
229431
109875
348949
230749
581186
7019
661101
581541
152842
105033
888610
354053
598282
831745
506853
105264
153280
75162
1105388
833111
356482
544009
887989
1113880
105305
55687
751063
198988
230968
24970
431764
106398
285726
74403
352340
197693
657357
431278
285166
571864
152135
33895
152585
25599
471451
229320
343214
817361
342677
342903
293574
26077
293492
70427
25868
146597
650536
924651
1068070
438841
70511
26130
145760
556961
342390
517769
116561
921915
296095
6072
26258
69988
117569
4253
69888
69805
1107283
144710
70536
25920
41085
476116
476118
147863
438019
438340
925210
558743
924959
893031
201231
71300
71312
227948
228677
346161
148354
113855
147165
476284
600394
476012
18034
200203
213275
75520
68692
490091
684007
411719
249518
326429
246627
627602
5810
192613
187240
641049
868307
430365
178510
71121
639791
697962
62751
16775
16946
912546
533668
185763
217546
872444
538236
235453
581668
1005056
642785
1075941
452434
670921
948488
217095
471055
153784
587591
147015
110705
11162
290865
1023698
113997
292516
100346
268736
730307
343625
26029
160164
844860
482355
287193
349634
275859
320117
107266
151348
102677
752067
106114
285386
828765
103159
4765
105398
280681
153061
153484
269590
737602
27741
119051
257295
20793
175286
551821
4156
31592
768536
855084
21443
3600
31899
331379
523774
263314
1856
1101664
136007
857596
164373
298975
802804
47738
1012353
162722
266202
716825
794296
1043575
20045
431494
128227
622876
29623
209915
670643
48363
258388
241506
84376
1076175
841780
1117661
679992
474489
483375
891897
78939
1042594
31086
37014
122295
982009
41579
777603
106552
511100
83620
636298
456848
427637
554332
130492
896165
968612
96092
98191
876254
488955
914944
384943
534223
871551
219474
317651
160023
589222
25078
252731
544779
536746
73726
343627
37980
31677
523680
581469
152741
549819
206721
275816
104210
590363
482399
655649
200797
105676
10154
408284
319581
317819
352899
357042
26485
594152
296387
20202
914942
386638
380795
39273
29239
938905
142763
447235
150537
718908
62010
25544
190406
379465
955818
131405
333711
720916
20860
450439
83221
139106
200034
222633
604908
483758
230107
382864
64591
629856
109346
556366
878183
914492
604594
96506
680427
263614
384902
96017
162370
339356
626794
381366
313995
914923
3020
95841
287024
678269
242370
50619
241297
773997
136405
590848
241397
96867
474062
417565
120294
836827
916885
152885
3149
489872
102793
933011
236047
474274
283361
363391
571206
531879
301720
31423
102445
12789
31342
142079
74561
670002
664168
831048
972903
155326
104073
474040
981007
357598
662017
463910
571581
453507
103754
807691
888274
140929
281765
473985
153357
359804
981365
56235
740823
141762
103074
59514
105710
101969
464687
27998
79175
583582
100422
206856
159766
729830
106707
230792
729257
637854
123153
619552
534515
271125
271103
160727
541475
271064
310644
123180
273062
443405
477470
617906
191738
68528
191450
273716
841738
550014
206917
766557
300711
45739
74390
24794
66506
462153
975875
106217
273257
138556
996512
521926
569362
385818
44511
587873
244503
869574
41652
474965
293666
781018
222906
148916
90905
577353
634754
1074515
249378
322295
698122
508693
86165
256556
71809
86541
319869
171525
130365
635303
587736
702682
292990
20135
70735
145417
476331
290782
211193
569861
1022215
261088
406700
944543
684422
942979
385931
465820
294367
326587
344257
449002
127013
648605
12568
260603
19938
634373
127043
151241
221060
718655
70918
199390
29108
552728
382850
124822
293230
190865
171315
827092
2729
65714
667327
598860
700928
35611
321842
865061
96313
354070
33555
271414
124211
830049
46204
42815
666449
905844
120056
144737
108639
567846
204995
423278
96959
26465
555098
225776
21777
119714
50258
104763
42781
216484
75078
23172
585703
210575
656591
163456
459123
853650
872869
255132
449005
25297
66573
28876
151744
242797
151656
51347
346417
342381
62088
1064517
357332
220810
978045
710122
718079
346113
844232
834750
38560
134878
109095
287680
12656
25172
7601
95779
22128
436239
55223
758070
126010
104339
661067
175202
218663
362125
536394
810033
134888
540156
28535
492841
315530
502966
95166
389111
349182
190688
40108
243271
58018
82448
22888
457477
367771
562655
288881
419760
337031
555420
561174
133080
643819
12190
550956
68822
101907
132962
22823
82258
121243
1056112
208817
673037
97319
209933
44906
770780
199753
199750
1024408
317463
32359
1124376
868767
327433
189737
59378
534184
493107
439113
369389
652499
89286
333702
244769
199601
19881
489601
256065
270250
882111
248936
561186
76223
646779
174894
81881
114097
729223
229292
334919
979697
122057
997830
418857
24571
446
4812
13258
565154
816346
577516
44467
117574
870736
346521
156371
431881
752296
3729
602368
51153
398855
58496
959358
76724
629947
40158
938285
105685
44988
58617
270152
216913
331230
326701
697011
238174
49597
251370
154410
138208
277473
92736
688547
40471
580386
243882
25932
476758
475930
171634
609764
80586
23530
519904
348380
348297
437211
155232
628490
350213
624105
576309
77060
349715
689174
68162
25648
97002
67676
1121341
448169
29272
3850
120408
354450
576726
884846
594499
195787
91172
523567
499002
979354
85317
288912
914879
382422
356546
458047
180641
271834
454716
92275
153762
611162
899965
995485
853653
39940
238423
86921
199186
98605
457451
757914
1065000
312848
325304
206440
347454
417653
271104
79573
90991
419051
329433
1078690
64569
294528
451746
907884
158162
217467
729496
307000
38036
31669
473331
544999
221445
174228
174833
63625
635037
177574
257652
130953
78382
31810
292863
894396
478432
642368
237805
644675
452286
493855
252621
4928
452190
46135
103743
273832
425152
1006276
680317
451948
42803
680419
617244
10843
652
274577
22974
276463
241011
81746
292060
27629
599764
663315
497761
515556
317955
101294
521001
75962
334547
402289
159118
334662
822226
840743
64652
694254
886031
851855
177997
164954
443418
131381
148955
180140
662911
831163
22814
292383
27371
65090
89059
879730
94617
148910
4705
642719
229392
600525
1038096
832914
867430
20398
127324
255594
285472
45937
823948
550015
150638
655419
528417
453614
701742
170386
127302
867671
808178
36724
2324
140382
994570
251864
1020464
645114
788026
434205
55739
630936
178223
74829
157157
233252
532043
38914
30610
134333
1134556
237859
143895
115600
222611
51255
184179
147093
396250
618640
239264
586600
96210
539773
11617
106040
191100
180064
93968
647412
294891
289484
155209
158534
871511
529649
144942
658454
792079
39997
191202
156928
117661
823960
423563
265098
91602
663454
285486
939301
66719
592375
751465
668273
66628
870795
541346
1074514
822646
94159
532077
121486
257515
65037
359497
6108
472069
382773
524347
268820
172591
179807
383391
292961
317621
636236
452955
96921
354676
589209
749376
45920
636146
139360
141130
91834
1053766
471639
789662
725970
1117046
313807
253266
145339
160006
888435
92288
143851
448443
96672
158157
93681
504414
92009
1100740
361586
180400
77045
790866
38277
880355
263387
518659
80417
517432
140051
591975
159832
429
474930
67786
142269
586676
120472
887865
7755
671684
84440
96442
889543
283304
145049
440168
1070387
1122384
272573
278321
286576
825802
3886
480340
251748
578715
237656
756873
563477
70758
4966
88332
417740
273449
561040
136578
779735
780279
656977
685191
71571
299258
337287
43239
435678
858829
199595
613518
348780
102191
71342
86453
44086
805059
774921
464076
301090
765743
398508
389289
533297
70196
70164
242261
434121
151573
70158
389645
499136
147167
910640
612059
622399
533313
344510
621388
146960
216351
171224
578310
273338
287589
216462
499039
397554
150449
226221
304172
4049
184939
863157
462525
578100
163450
758525
178519
102035
71012
255332
153901
435130
443793
643992
286808
183613
286917
705746
754307
562729
22004
72002
335292
228792
884161
279140
531159
465737
771446
25797
456951
953809
177735
773797
131368
88917
45006
773791
441410
232050
575625
231711
658701
322359
9120
163821
224612
188159
97136
448854
350296
79359
346608
17068
137713
123162
898684
121266
58047
298892
623097
397174
121353
561576
151699
298827
105258
269610
33516
503834
25702
280875
561134
121637
20661
69617
712904
189803
13852
326725
1100409
216916
272290
69959
891895
869122
454500
223676
90930
203085
200805
356390
1011233
122354
211054
311837
25832
381986
351879
279132
351991
673810
29398
74130
77155
104312
19600
146150
854711
97465
21481
199144
29655
752386
437051
209255
224484
982565
44656
484916
482036
215441
104613
171008
446210
41275
195605
388054
242053
640943
26153
882438
216244
254128
966622
900654
35846
281034
135578
103943
826656
139618
1009797
38880
249251
574647
580473
28724
896184
716560
433693
469168
758155
239711
1104578
92403
896717
595331
155741
539422
350049
21308
86390
84374
755666
9515
21317
1070906
120722
384725
14073
863560
41854
281103
242794
61056
59683
67864
186638
562772
325198
193898
162030
268925
124503
646570
167114
624451
900221
1051414
137021
125985
627997
877693
715570
96987
21347
553860
145500
937924
580727
19615
1089163
148228
964800
650648
95071
401563
222271
82750
143530
473494
730753
971885
143428
893866
403099
229563
53793
336761
286978
1131807
177593
3063
930370
1122006
319760
338979
737640
605897
830004
737491
655000
253085
884355
789873
217500
613219
317075
965352
133803
648
6480
894388
174336
131389
34231
731579
64851
393150
164875
64810
112692
4611
6739
1124034
19971
275596
237009
242560
964798
159273
506339
822392
964799
221783
148734
101187
72215
37781
292286
89768
65057
70101
426889
284384
588474
893462
369561
27444
851894
101305
221769
369461
112781
47248
53491
23073
909718
462430
763945
264527
474888
414658
819682
261519
3290
589953
141084
503310
103104
261471
390154
1104401
462974
51634
321327
1130339
491677
272805
45720
175400
87725
178283
61868
149602
92907
209325
1117195
28448
258265
38673
630937
140624
7882
891965
661344
598108
62503
31308
47355
832719
287465
424807
578669
574074
180308
477412
173993
463969
866427
46174
906430
364697
661756
12458
4911
612727
75299
35240
273379
78767
603998
463414
7526
198283
286486
569095
820012
54992
363008
257212
888526
163273
571285
141588
511034
645758
329406
12239
402034
11004
331679
321493
475085
137623
473721
97153
773308
1001369
145186
436479
838665
1124822
140090
229473
188402
690199
910927
989829
952397
92531
180201
259566
319890
139384
442820
32508
33877
24354
145483
581472
184281
515991
91232
610330
492880
309119
95121
838229
570591
317113
232331
474009
4216
91606
1045328
242762
229374
393927
704089
232171
884162
196719
934990
789031
327179
331135
317770
140291
284700
476689
861841
334898
166110
257103
94254
477384
2345
321992
74486
164139
235933
140489
51107
242913
148001
327632
183799
438559
235045
491877
325692
243125
207628
795656
476223
49681
146813
602486
257393
466676
861756
583404
50648
171446
802126
420977
740399
92095
159661
731450
185906
641281
22975
1025748
821878
1120992
372021
292623
880758
155065
1123980
541238
227322
1022649
117849
700784
22696
19008
61332
88270
443921
222722
220436
457755
497705
209867
792745
871464
104396
418209
126050
541528
42837
26208
6214
128437
64632
62610
260688
447206
455280
364463
455271
125955
26158
64743
927668
309440
461053
579313
750176
294262
221821
219861
108182
578567
553487
477891
196555
55027
728200
147609
549551
227488
21854
728138
152986
440269
748033
1073034
21786
451328
246343
109790
68972
574573
632330
938
482235
92269
101844
193017
1050275
91071
588932
253647
591546
528864
416504
41202
7184
903760
866191
598361
273857
187514
241349
237328
924652
246574
102072
553672
271181
448123
364667
483073
512329
218981
644509
104294
1079460
104049
469815
269041
73871
57988
956045
214186
949010
106046
512264
346424
17017
24535
238365
6050
346235
341616
359734
216982
27649
29156
80133
29028
396024
52748
222515
288017
545322
536029
107219
28367
983440
150878
327987
386026
593834
156628
1119773
855414
522126
28771
59634
385915
28858
25101
477332
27445
503634
106094
563821
185822
605392
449012
450369
155021
7929
89505
854587
1049421
245310
26897
1275
758163
902324
262837
681629
450467
290791
106521
240055
406781
26653
1012234
446409
369469
249630
737405
395707
359673
185720
289746
584611
1046543
273022
8564
84489
27186
88833
6923
185752
450209
238356
84983
589190
72117
702925
482874
91854
52024
212746
44113
768963
507505
50274
131579
670
36909
464274
38362
158541
298262
298302
655782
295525
161708
836879
295299
640877
982854
553008
1134854
222728
950934
298658
275544
229173
670878
642825
553090
4680
588237
131420
60567
562167
228699
810888
117579
245800
121801
590146
349286
430185
103124
50469
481944
155374
588226
481946
297416
768799
1126949
270609
582079
153560
295988
1103827
894489
719015
430202
879159
20142
341183
347030
35277
75915
221595
662495
819429
395173
256987
528461
63683
591847
1009536
102961
471449
41773
16835
180248
4691
446066
1073033
158241
505295
629156
769786
730068
248842
636327
118547
441263
223003
362096
559805
353393
675493
730531
59170
126741
22856
466741
294815
731367
455172
387472
120834
222913
142069
231098
616859
1006472
469663
788972
885712
137403
45565
1112102
268802
220716
943725
36124
568960
70102
20086
381724
388879
580225
640935
76303
122464
47062
151506
28559
962876
259713
380766
13483
258909
476253
329530
273950
483845
29302
139506
246494
759389
53299
236880
283680
961137
230637
326554
46889
1102173
448430
872674
448435
580809
31615
1048872
342351
576200
606693
327583
38929
334721
106234
275582
29063
154073
220778
29395
607497
100870
79896
741101
76056
186030
77286
341027
1008737
91792
538078
151722
300176
1028377
867933
24580
328516
269583
563436
523298
394099
109042
34040
831067
604356
145862
201841
277495
190758
824006
851443
158666
317940
151801
1064725
104439
17841
161153
52592
83136
698034
37700
47424
135306
370196
144485
455737
160019
498557
789693
2157
110679
555402
210732
26861
876872
488149
207599
25634
74298
781535
191634
150888
44623
244659
582161
836504
679979
314895
590736
96336
890333
463009
624430
852511
401573
466555
688481
208020
885556
446817
100653
244241
271763
479494
220094
217490
388026
172417
661460
272988
586951
77415
536459
288199
236117
783425
96265
23965
17717
450282
522717
84249
394012
341796
207286
111078
44260
622995
637561
494255
16727
122984
222896
154139
338194
5913
232350
462269
140965
532449
436108
498004
984988
448792
672634
119250
952120
253311
471222
282698
635677
402553
168298
241557
568922
331621
99762
3668
585038
352883
143394
295987
65194
140619
70282
35361
728472
635285
376429
334702
339264
382080
21907
118614
188449
203261
70069
554242
101545
230908
1105985
180376
804204
132598
41212
983886
659892
820822
103448
683646
69563
21428
447990
65563
338019
347474
253891
154321
253957
255066
476157
244919
344310
516278
808994
34345
70000
188485
259456
151524
866987
536586
32316
619589
751527
218649
937729
342951
347426
744547
134851
70961
69037
40546
573612
270750
624542
281409
286674
201571
188435
624809
74906
23405
516186
174328
192208
42251
607821
779706
260737
43332
352912
162333
524437
264642
50140
92472
819578
349857
498749
465885
558087
971253
60547
98327
563658
400908
286121
223962
409000
758746
1081284
462174
317368
347843
89760
222446
84614
145265
269923
577815
340235
104541
612453
155461
244523
19355
285533
96919
19490
995655
23287
75378
785601
179965
139302
223923
91686
638625
558789
575089
21159
52237
498896
1065323
73903
162684
351210
177946
926236
641256
943059
1117844
27768
51492
389811
77040
236860
109028
899455
144537
543631
665184
76017
217468
1039147
76703
645040
920319
26863
178321
160282
699085
20704
458686
117745
937
270414
545259
190863
245274
277798
233201
614135
927667
400835
529222
847379
533066
353667
21822
89474
592494
74647
352136
685772
26132
286867
245986
163506
622896
239640
430950
710961
491256
272292
46634
467516
752788
19204
100533
436460
784106
386826
512003
96481
1128599
682106
11890
109847
223459
524387
1999
281033
246649
317512
346008
125949
603915
388304
75893
147816
104901
186619
544473
222889
155768
74414
18446
214205
120160
661195
245808
18185
709560
246630
109492
199621
233212
447347
6128
512040
702362
10459
1093169
895
265336
952861
488427
117400
248339
686925
617654
245056
363583
1020975
120141
351352
145782
162024
179950
22630
82541
100748
3563
850715
623986
466346
553619
79155
87598
157790
40606
892872
94459
430849
34889
102197
1085495
624093
976612
129619
581728
121080
451351
466386
987444
217594
242571
228374
295230
632943
267705
1061300
227952
394422
331486
58402
276002
147219
470702
1083918
273610
204806
275960
1045868
253438
526109
1121146
1002122
227445
636325
730125
405954
82018
623914
965178
569162
820871
196947
227856
331391
253991
254001
864938
295314
583253
333138
36749
536802
333781
92992
4492
657563
4485
102954
300675
452249
7420
148837
650854
1102337
808892
539895
1023896
616242
624318
479085
464196
934611
1051696
121595
879671
158353
195009
221570
893650
143200
452806
67988
355573
151577
238058
473088
624658
635495
103162
704945
725494
228599
332317
667434
229954
4603
380984
130371
255708
720333
724121
1024515
68167
472784
103032
275350
195566
426789
36524
292979
959041
97698
151020
766596
328509
637719
353104
368591
29751
368637
243743
772896
44497
251426
219563
184842
160229
857890
625485
521437
456027
857630
350387
534822
30275
478889
157065
673302
398847
715622
276560
1026710
796591
261722
146990
45668
605680
456667
222324
28497
769426
991379
618115
735991
969023
45087
100897
994465
500098
111474
1009919
904140
455058
385592
546568
12314
556012
401555
95375
84854
491842
845160
606386
385598
127584
780115
71270
470315
198133
207385
938140
716500
1120661
43193
763986
153655
70916
231400
151238
311895
342830
1107718
101491
70582
339285
88295
746746
53415
649161
430498
103625
455883
636461
533791
1035442
931219
135321
204989
354835
450349
1127582
30712
917083
746041
219555
1129692
1033215
503422
663838
733594
919374
219994
384544
562776
160017
43610
1041262
581089
31299
85147
824468
192121
31344
290748
1109052
500770
582103
606454
675876
701029
231195
206666
194087
1130924
602010
470825
65077
758727
1032569
407183
911881
169292
677227
174824
835984
744956
539487
1010492
290237
473215
1104040
476033
256416
787496
788457
1132756
562397
26184
28441
848738
832468
843289
637210
398681
13348
101022
1009780
226975
114230
341865
619572
618650
648988
909546
10950
74429
156689
325416
1081592
868976
750203
474487
92039
1012298
493586
128646
1108229
6201
645475
913193
91823
69289
254145
28804
832684
64740
532170
263493
632171
402898
167357
790290
385806
649123
291138
49469
568409
94303
547429
636034
1053681
271095
354147
872814
888821
603238
273646
242511
150924
457296
742303
86040
228910
237646
37108
1010835
1051906
452521
787217
1060515
244243
296085
1114056
669166
362293
554989
224462
715474
27668
144102
122967
982794
124558
96625
294616
528811
16669
277668
1051091
23023
445434
452858
158726
103770
217175
958842
217177
46474
143784
70100
476177
18509
138944
269097
856618
102679
159905
164536
262839
255212
26625
586802
526991
201382
215446
275660
292963
53318
246857
19358
644737
586786
264789
800402
271369
26046
449104
39590
414673
132626
691485
69041
257485
972403
388148
967077
45620
333931
401651
58121
878240
101688
207520
141027
975783
252219
240903
120419
146246
180194
231406
577653
120383
19908
745020
467693
185179
625486
645365
180186
294630
435645
436343
201945
242304
889371
747656
74842
1050453
636933
1067449
917782
92484
19038
298988
209785
979395
33186
325540
14730
74939
192468
207368
363699
229411
361377
326961
561624
391486
573781
468066
594111
236819
448499
598607
450210
7699
7747
136221
852025
103949
691653
167639
44037
74874
134221
382939
427107
269532
86951
1016794
455957
264691
937551
349066
161474
216900
651212
48840
74576
382627
494942
65056
677903
267098
242436
467891
158121
643722
148374
398198
151726
163
470650
360727
472267
244143
347059
301786
338218
122219
511924
570347
431994
132411
285233
208595
49077
367657
470652
852350
160898
869988
102753
74064
240401
859079
145520
80463
287091
662055
293725
641402
74383
236994
321680
80159
17105
134170
873329
403011
997458
183890
746387
714865
349421
790133
276160
559050
174922
1073523
1073521
244310
161602
223681
970051
482322
218034
239898
880543
543551
37600
455959
685574
106527
626077
230993
555948
494268
472257
63529
456347
446685
489322
42721
42598
49867
979826
273593
290233
161218
183965
478303
87555
74440
16910
610983
434699
736927
1090712
121449
344122
919650
646101
156182
325363
793320
334594
267672
869271
870977
247037
681726
239513
254698
55913
871140
46262
297389
28514
591281
639863
517352
297328
280522
943142
141822
212139
188405
159599
903771
163163
599339
460226
140574
118182
633291
95322
85260
454486
1018291
29080
45197
1054000
402268
1124846
58981
237867
642643
219636
591472
70010
994191
197797
112860
39260
274892
188487
259937
943049
226855
26944
25312
964554
25368
128121
288812
447816
247842
1018805
97113
45717
721625
76076
2913
163799
565364
318785
660568
25882
26123
1057088
39862
159876
68511
681038
69515
102355
860267
708437
283449
350626
3150
240127
566012
283418
1094050
251963
341674
189886
24715
137435
27589
206374
671396
219185
288536
897133
494627
384532
506998
79584
260729
1035813
46925
4025
22143
502931
1035800
977896
636144
272617
950300
21867
21853
464299
228925
298550
178713
836740
2035
38824
912122
540174
1009819
105070
801694
191089
164749
46908
159478
439105
899811
663923
129946
220937
83061
149220
211127
465853
1117065
636423
61059
259622
72133
191973
669749
831903
800390
917412
20544
325295
224839
911114
61482
392148
152970
13888
133039
180719
76765
548501
1815
1123665
830218
71799
21319
31673
956246
31734
956250
95826
4251
290649
128774
506504
141880
794747
744371
566875
59747
286854
249563
808657
1017978
414504
940461
218856
351244
133564
420185
1094590
240186
728962
601735
817041
477618
722578
243766
881480
766017
172490
272084
961913
400963
839798
34928
493557
1095416
222732
747795
949887
393228
303816
328139
656359
196752
368744
286744
221387
260899
552335
6522
148150
467598
309462
199163
317106
141567
580446
343262
1066394
716257
19662
301760
52590
189709
52586
142549
325959
819052
101243
64451
766876
670304
201835
302967
669382
925023
909709
253424
222123
6990
869304
18900
245616
262736
18130
583834
633841
390579
37586
246290
339293
615422
588778
152549
26556
161723
26445
25059
94356
77183
1055088
339291
231178
574271
606254
218051
474302
202346
197320
615779
199112
417673
930266
174175
612741
435429
61922
353832
597070
814772
273133
723320
330634
95475
500901
793510
472493
914760
298111
158796
251676
237360
91234
529445
64891
222309
984408
389290
139383
216493
102386
156942
163697
155339
34451
476713
193139
482772
573669
144733
911783
392523
155650
293252
548273
533308
332090
476070
29240
46490
388897
704570
241366
119565
335222
237005
614510
139964
67984
1104263
655768
326140
542744
524123
138334
792922
870900
98059
22002
135098
186939
219666
22042
317666
696943
767806
621169
394432
115111
528799
344146
22960
711584
12894
23132
200935
613631
698286
604906
356549
1027290
315509
218879
29927
198183
177470
317707
145859
121394
528696
943794
563639
190714
40863
538073
750321
262152
817227
16861
270645
106645
497356
60680
612960
390678
957709
119321
258494
97183
258508
173118
326095
482489
230239
321016
1017572
236268
249768
493498
101561
113176
531903
119281
151330
386409
212155
664803
339011
771480
360828
177682
530898
1123216
587645
53326
141609
115327
437473
222921
543046
1071000
604807
289446
285520
852729
632399
270268
151494
530612
149185
530809
560207
28331
94697
319115
125935
219112
21011
157076
1025061
58551
598221
324688
35420
395591
230573
352102
975240
562039
104940
184230
613117
643179
123022
526130
622670
368554
587723
457267
650534
106396
791201
93334
157571
58382
640137
135812
95123
97147
91405
43253
605356
471154
41719
287803
51798
148855
44494
270193
135437
215896
195424
1075949
246224
391804
420238
777080
148242
227483
659398
331351
53376
534840
151162
325900
918655
340910
390486
911810
247906
207704
595680
252000
423636
6950
155654
26327
74693
538296
124024
251339
332258
498547
449306
881219
963871
728602
877728
163025
140270
935975
1016813
157495
844750
64756
410742
64735
717669
458581
210119
428897
1022642
528467
383026
821159
844252
476453
96143
131478
249386
897736
574937
273864
100033
470732
153891
540351
399568
392341
242300
99922
975533
328321
125282
61913
1112461
271967
150218
736610
13712
352618
55710
114458
982309
218584
22759
1097332
120851
12427
235919
723486
766002
940214
465988
810821
269155
1029006
613594
529395
298664
585078
821969
32919
851464
783516
117656
281764
1128011
80517
228620
172687
13321
178232
13327
526611
503802
264784
1125332
107433
933411
266058
433508
82985
826639
192641
102502
257182
449551
393585
518512
1123972
21876
448907
626732
632843
160414
456699
449173
191108
183166
164895
315862
103197
136821
349489
34940
340354
297402
449074
450029
844749
17666
838644
58591
496957
234547
1117589
51612
530912
247256
694156
50943
320916
20117
20622
123727
574638
253779
593066
1122811
735668
386706
147727
19106
94912
582928
252702
171607
5092
242005
876203
16739
512117
110128
154861
570246
217058
35930
171399
1099914
93920
781379
43931
162843
297545
478701
47177
120222
971803
633939
102453
177681
58751
496907
101283
644106
323548
383711
479122
932549
381192
362247
467612
454341
133212
578112
11253
28002
853177
222
16760
45501
181135
914066
64422
217419
488204
309959
906800
534649
101224
128243
251501
104302
121704
687883
572614
994812
580514
159873
93699
237999
595140
153714
368194
42808
730193
188304
243592
557885
226884
241503
226401
341849
69702
27001
660094
3355
463220
28233
188483
495788
246900
171441
532896
46178
853467
793117
256128
580014
142429
26803
538486
177724
389570
147555
292869
551704
227769
497652
474510
105257
128311
572706
121946
271132
113031
239196
598206
198021
992327
1121587
205054
197972
282781
5773
70346
40185
507885
452958
297121
708566
580222
389124
898134
157439
221244
515536
787531
285862
240058
446048
262924
802573
697688
524251
389447
123420
48525
262811
813984
722564
49490
262274
25933
523420
389250
309445
792805
221542
64369
479419
431701
119180
205733
70153
181022
170562
578068
241973
97083
1039113
11092
283308
1003512
571800
55137
26281
367964
308575
163760
115845
737240
474612
205974
671346
675943
212322
896436
1043525
79609
732999
23158
344177
103545
671304
387364
578307
242239
60689
298824
614546
1005312
792677
1038790
320776
1005285
180928
460189
299179
230238
299221
662343
478736
47395
422832
979987
17184
167304
198138
499038
386458
585892
333676
614596
320943
139955
661091
242642
22251
470176
242580
270157
589138
479071
298103
242485
450534
387470
852170
217033
147900
147909
511280
281312
127340
1040686
400999
240802
836762
339981
184336
187540
393156
437215
9435
910788
323127
477964
177663
143438
59979
43833
664711
343289
1047840
340024
348318
211121
669524
586826
104785
16958
259222
436900
341278
349572
97317
724886
627517
19444
816084
249284
349429
258930
110109
230617
1062684
894529
1120118
210976
282003
911660
946120
17009
104787
652779
361737
824957
164738
322174
635849
71683
865277
294879
295133
741617
662291
344516
209444
512163
602961
161436
336236
381977
389624
209646
118190
295648
471324
1123982
472399
47556
1118953
216665
188089
43340
451186
145329
256409
34005
131621
1061384
131763
269243
621384
877670
139367
280330
1097360
329791
662295
208919
228434
822727
2145
294491
820776
878882
247633
188601
174786
180447
180764
581836
1095812
1045982
931603
439913
79215
335760
432471
78423
489583
621271
439882
691238
296968
243323
361697
31132
680226
187617
22929
10891
209953
209938
131466
491939
246658
13368
577279
244479
864930
119895
91409
820638
97513
952976
952972
611202
146733
244022
1049
255909
591934
841193
351255
532575
31447
635779
312794
1015196
75168
870251
173255
420060
100353
735752
43506
252157
539821
252192
179870
44581
162620
39170
286871
101457
466941
1088372
717954
397358
471895
186524
21772
70027
858392
364695
686329
309955
643451
957436
583332
150716
275591
986454
106371
354365
173121
462134
890840
657047
584781
681911
569568
1107751
23837
428914
237957
4462
253669
39193
235731
914177
329170
317153
9257
521941
589911
104562
583978
497948
164344
832588
37059
101680
160980
253009
26016
589694
164351
236122
253162
1041718
445889
51377
901831
616513
69277
220560
537123
158533
568844
568818
314016
192485
438633
1040521
689552
369959
471174
236945
132897
497765
21679
334670
214602
1031201
191934
123968
39873
98416
1131748
809732
319925
529688
606668
1024021
195556
450145
195547
510334
1086738
498655
140546
8978
70013
510296
239777
251000
611954
31511
645318
744245
46648
606525
275917
84495
427287
452081
774106
178885
240453
597591
70652
955860
221639
180066
811607
29934
386305
982806
65884
448113
328385
340967
593497
187405
1120836
195427
186592
122304
420996
827918
773742
66836
83521
195227
114112
668139
1117408
114070
476757
217589
80150
9385
743750
7100
150534
26573
150433
158711
110543
102278
474271
195371
716941
290880
768578
1002216
177932
859214
31965
384919
200961
720486
538478
252913
54892
156294
24663
600134
226036
464912
120370
43902
124960
776205
673762
254404
158366
630073
483346
786868
33561
1059553
790860
290238
719759
100438
494562
208557
491561
121047
1117185
24621
663534
470767
103719
925514
580860
135112
498212
676066
157728
201763
873951
39844
469399
1088436
263216
768572
144791
677935
1116365
286647
256036
249233
98353
630038
21555
988216
519812
493059
162577
35430
97296
988538
237712
70481
273173
735596
261449
264583
35523
503835
503837
74267
905660
102794
467673
15584
298725
656818
77675
700454
110792
241994
260620
87659
237392
528750
881862
162255
23363
180128
208983
794812
259440
530592
1065572
44743
363942
807815
25721
363940
309611
44953
267415
132643
74803
476655
53296
643548
808829
744420
149634
917253
128553
52980
622671
37906
636437
180096
935440
522455
341046
641304
669224
211676
115057
77162
1121677
542260
116951
272635
351298
102987
1020458
517748
583919
61097
507112
581377
296005
507120
174856
139052
896342
896343
507121
860231
274282
518668
1093865
256630
398325
294704
245181
738136
523716
911939
600601
136520
907400
584111
146616
913181
162100
918132
41353
542728
479215
711708
109794
863717
880194
198656
117110
26001
132921
297888
37589
264027
449240
718650
471556
285022
719195
996400
532580
89079
636225
692770
521742
1031127
136555
743744
637956
662710
860195
98693
158639
593676
136377
221003
128721
384474
188533
89112
584784
284740
550077
66754
275401
274868
2895
787810
274628
275035
21671
860537
136294
188500
71873
905401
255975
329057
210089
446416
222170
1039879
257859
255645
138355
691849
222078
281003
723601
783829
786883
1089241
70221
105107
536854
81506
691670
615911
631932
161364
22705
656633
71907
139083
208876
455852
280583
161361
591962
491373
31084
99915
785440
622998
580443
488268
211198
259471
104748
160422
214964
332207
212156
549702
590744
463676
259695
276054
777395
915484
127526
125036
161301
31437
129917
455791
635997
48409
105319
40271
187553
516565
680413
99878
949995
443887
207829
615427
456732
533226
638555
719050
16924
587502
178739
528714
106642
178757
974631
816122
101101
528856
171566
217455
300696
148566
10227
474035
640231
882700
450296
503605
110145
393263
814786
133977
102642
267477
264671
106617
532785
240450
531372
242273
74118
450525
493595
244441
879149
13786
180486
13827
791931
336352
17846
117887
781490
27171
97485
117660
199140
621288
146981
634273
93225
17676
465273
162114
1062240
52634
479310
671105
464119
648016
99364
1066230
97157
477396
240370
26429
36824
267164
609077
462478
174155
162636
69248
37064
37189
4303
4285
75905
338234
151888
151920
4264
96464
624628
191784
474594
236397
474855
317521
634751
888057
152614
398252
1097760
162734
311689
53446
54126
947668
883717
102551
541187
626519
285764
149612
306047
701733
510259
761683
641514
960246
1024381
97093
94782
449986
308702
265149
4936
448340
69166
534580
396284
267275
540171
890957
1076321
310851
448587
520229
606608
252833
108721
33274
633923
292074
141615
1017801
512398
65486
33535
770730
875622
454484
270050
577435
65433
49928
120041
247179
124061
447170
483280
135057
68510
630262
161815
674771
387372
24975
108916
20278
135332
469055
323230
899511
226763
219826
49922
386728
131025
109110
19825
251408
65824
227031
716386
121252
943155
674950
738809
13076
585224
79027
832490
419717
98126
829195
628812
7486
92368
389314
268777
21171
219420
579459
543430
92029
92696
108564
389538
650730
18229
650731
103349
286321
385003
18128
930115
270521
791234
526925
352723
870588
33814
251833
293339
18688
876699
638145
388856
688410
420187
268997
923963
288127
388872
435034
617688
698406
65167
351198
199229
440071
964455
295901
295641
174835
199567
1046273
820759
320898
199021
815487
605192
654453
605263
37981
116191
1094376
300615
627199
1029620
116004
477850
793343
541357
63585
935137
195880
349662
933311
792773
298931
941837
344619
479325
3585
45665
297882
190486
34965
34978
93475
1021458
298395
298723
298880
792675
295621
293184
623830
92530
277898
591809
463818
47800
278485
278544
443590
918939
30604
786091
88101
127109
359183
489151
280862
325741
359580
1012318
746944
418569
188001
919589
125855
30795
631853
30192
120101
456101
46181
822149
424793
34205
600762
352114
322030
92020
322104
600491
119256
1042280
109398
824718
1042278
527026
1042276
172401
293183
293180
293032
483095
959594
33724
67510
347800
130069
195232
69042
85792
131180
86610
848951
656974
681954
850079
1070934
589376
130973
551505
739751
912978
130925
267211
1090518
364648
532602
132814
633864
767673
267106
10324
26644
26774
520988
850600
633516
9980
1005633
444692
272261
471348
741958
783583
848335
186001
521191
9550
268571
973140
414245
272637
132109
186617
131495
272853
491279
69006
164007
633834
947048
97077
318741
345859
345129
96836
58354
1076472
319139
193136
95928
36803
95717
95709
110685
44707
319286
112967
63178
172876
113320
309801
462959
95047
319626
172580
313835
4393
61498
3941
28997
370067
186567
854366
364598
163777
367834
492876
1004150
417086
96711
174057
795865
1076796
191655
4029
796570
940157
62709
797307
62759
96276
316257
612804
252779
290689
258900
150986
149719
647249
574530
988869
398240
450919
989133
23600
398163
397757
40206
1037210
258130
559694
921866
884224
259006
102809
241441
102224
681473
153397
765707
453758
862819
152955
680805
151645
102641
31297
834707
2092
636235
151790
705199
357438
67814
154124
258079
82617
769506
385671
142508
142495
23964
142487
142166
104378
237136
1057051
65854
236848
65738
396745
771083
75517
446435
700167
397334
921020
516035
826621
446744
719093
342696
17837
575013
596119
558448
237309
143021
357604
142823
51554
446478
20303
69984
839199
340474
100072
408025
716606
645176
569075
504781
180135
13477
689786
161220
161200
261286
261182
977338
879093
99928
261061
636003
495732
971117
406725
248779
262881
353790
699913
567811
262720
1063093
449649
77922
78352
264471
16700
390554
618921
362029
362028
17149
511917
158936
102107
100223
398451
32082
75171
862328
31877
982369
70316
634975
204700
70237
497173
612607
634935
417513
241711
70060
102094
70492
155504
156188
980356
244821
717189
467701
275619
880083
180541
157779
201713
842958
32304
157303
70871
611811
277194
242823
260615
597345
82612
262824
506852
867908
75756
218424
1033390
733196
229083
219244
24651
779143
730099
42150
897999
61086
188368
252204
1125696
395747
777225
84442
526161
61681
229861
230608
88844
222287
336506
51165
323126
661571
661611
623041
140323
549270
640754
122562
19108
120785
121168
1113800
580107
25207
334451
59819
899934
790216
49551
1016877
122261
220329
334933
436476
334934
122923
464664
580087
120102
580315
123069
124169
42174
395566
124771
227745
127142
19373
133277
333686
623035
339292
641100
212066
622500
136967
136938
212105
432033
576215
50356
445774
751534
524402
785253
83894
137250
332030
871550
632684
917518
729379
598463
251541
575621
384510
51380
889358
1086602
90942
729109
772124
452617
136029
105877
522236
774427
222803
38479
337721
134695
253280
58535
773945
11511
392479
483963
615393
48132
232450
222733
614704
106238
188980
73118
443044
583897
783651
1067002
790847
392202
223204
409792
114395
21705
169731
762521
111517
652397
785443
78966
1027955
849021
414306
189237
585515
653882
388870
877240
610423
789740
853706
118282
865156
158038
46972
1039680
767629
1133005
914771
829609
949525
806822
1036970
1121898
750785
46949
232612
1077265
993539
599408
1001470
136605
294264
142569
666363
39969
865004
820183
819558
946268
241635
867101
77146
1039219
1099143
861975
101448
204459
1051377
2045
278584
1097654
127178
422998
952079
80702
69337
838790
883411
283379
6491
286202
69267
631276
878520
741399
319834
243009
458721
245791
243611
79070
777665
607027
54411
245409
583870
880076
727179
8754
58413
786119
780264
896536
780017
229781
531203
25997
37652
230790
1081076
498794
84229
894661
26227
58882
893639
472961
19460
329119
242077
732787
225555
86098
729678
783422
472408
630290
19256
85612
1054089
730295
472468
479299
85420
784366
227712
472541
25750
83882
233204
233834
890034
82128
20534
790143
790855
323274
59377
240409
240432
497436
540384
368296
25173
884049
240829
883241
1059680
497165
6055
238919
6029
59071
20095
235936
8824
364636
1130690
37113
581582
639910
237924
236812
26374
639909
36934
738642
237398
237728
370244
309474
246153
488061
66806
268686
269611
342374
768888
292546
851176
67367
72285
67450
30368
878009
270605
271049
271873
590977
290848
272258
272721
828631
488471
348299
487532
853540
1067111
457378
298683
771230
1084772
857267
73988
770658
1114736
265363
296101
856614
352159
33559
265729
265943
265949
477285
589777
294825
23884
73837
855528
32563
347717
275618
840384
69173
456789
280399
70114
286890
766897
280631
70004
286550
533809
839030
31651
344242
69904
281438
490117
1070199
69645
766012
836191
283510
287276
592247
275760
70334
288508
591649
537727
767336
635295
276003
70966
844372
831146
68948
277026
277043
476618
843488
23200
70504
70498
70494
533650
1069471
31009
263822
633042
299010
61718
252025
360425
313478
312268
54769
252402
252924
253014
61786
336563
61902
636816
586649
28104
253302
76053
11737
359631
254146
54891
28196
494997
495036
6586
61714
246590
247190
1112212
247219
247622
1113958
319176
318995
1062515
318636
27542
534770
637172
317680
61501
584929
584953
316937
316644
336082
336128
455220
532797
9540
260024
356045
24329
260795
260825
861178
301759
815594
261464
355557
29151
29160
261872
12176
261874
64523
262389
74473
477598
299957
772233
29337
260138
862818
255664
28891
256014
805563
775586
1076951
806178
331724
62822
28410
808922
28666
774085
809904
493835
1083695
63538
587742
752060
357593
636419
63620
773655
614698
208002
646505
156056
101998
155131
682876
646721
3980
10541
117162
116738
981142
155069
443805
156575
442808
1087990
4070
467562
157368
157976
102062
102083
512104
679846
424024
1037427
653050
675678
679410
151446
110686
650686
650734
154343
545206
151868
152923
102535
680868
681296
650851
154290
684525
512046
148554
173205
566227
168305
645717
968185
698232
448231
566754
171506
173670
695143
173918
174021
469320
701120
1007875
701138
177668
956327
164926
112608
685569
112282
686131
1120919
160069
1040399
511225
160939
691324
625635
162467
565949
975111
974167
565845
528662
163792
443276
1024488
973627
650675
50765
701836
135806
662979
134771
555371
135572
555474
106162
1014088
622749
105997
134246
555780
556201
432007
51328
445968
124188
518540
123031
657764
554915
665902
106695
107211
1088932
1088931
1088930
1033312
131211
1009382
435794
48520
435276
1033608
1033609
2915
660972
127345
1006182
48475
125552
123023
138915
148312
993928
655095
654866
119808
104204
104167
3444
428747
669479
145191
104227
559280
654008
145933
146242
146580
103355
466302
148271
558446
104304
648195
444313
1016334
13789
446141
122536
139342
139832
997619
140490
444299
141960
522260
996749
141232
650591
141273
558073
466016
47409
96839
957492
201306
205989
925543
18386
615906
574399
924467
205709
205895
40382
575187
923066
207451
921916
549844
208267
921513
208596
204640
93037
204637
387397
471206
94025
931967
716840
387811
93850
573324
930250
626113
180036
201397
929478
201743
929281
93272
920431
209659
390429
221537
219721
53669
219811
219831
87900
451519
726917
1051938
575321
222696
222773
641177
579224
541462
729015
113963
1127383
501010
88471
88506
39827
918609
211524
90092
575862
212835
915460
913151
215537
471961
451337
216014
18859
39359
88548
18102
547475
543475
191178
193971
1045112
938635
392191
947153
570257
940102
17680
17817
191813
571525
191599
570259
1097476
393542
95784
393833
191427
41921
1097566
463147
712162
391629
945533
643780
180469
398651
189628
952360
713821
195429
713560
625858
95501
470404
951780
190620
949416
188364
185849
191192
752741
196203
96342
21338
258445
9607
252429
94140
355338
229589
645145
635961
84449
246117
177793
364387
153290
74811
71815
3693
23596
152821
864695
260260
180585
391266
196019
1121404
420147
254336
188655
253711
35303
447171
76149
152513
252015
394441
76523
494809
344419
593901
42049
4986
710261
186908
77270
186006
358924
21398
287338
186034
876342
94312
643702
865191
875060
946757
643793
612874
194148
186608
21880
358917
873727
35505
955358
331382
424385
602363
8795
109382
121467
778498
122166
321242
49326
109203
60186
60221
123158
121153
108935
319408
27326
1090857
1078712
521150
658362
437468
14704
13957
323066
109829
424733
117945
783393
651590
25620
464417
112322
523690
550239
58518
479778
117586
326564
789674
118188
326062
1080807
653333
1029393
441287
333920
110061
536445
604007
436241
61201
335576
825254
139517
139923
821483
296022
295910
486906
29936
104295
66502
293868
142879
335605
66892
143626
292969
51616
609275
51659
289524
103314
23647
147700
666456
299725
680
339830
435736
801462
131981
547341
536977
435135
804179
134048
106409
134260
599564
902664
136534
303631
105842
1114409
302067
105656
1000618
608270
47825
5512
263161
156542
264060
86621
853196
386432
70619
97255
231161
173287
177430
354188
634819
222438
201005
690451
92746
502881
97481
501076
203580
200207
174788
161429
592878
262130
155107
157026
715549
73777
901190
984282
692973
91992
476413
263151
7095
241988
270390
100159
646864
737801
699495
205751
1086490
155457
268675
403072
164476
646611
349757
491485
348394
616153
575116
204603
473564
640956
583221
242538
22907
578287
232001
384667
102275
1053302
266371
71895
7225
170052
455966
20025
624389
89094
206494
742999
578076
354096
855588
263764
275265
352543
472140
927428
232893
20193
645886
368005
1095547
382609
368654
157877
219738
587357
159516
45879
105711
766464
77572
73942
17540
10835
641803
139934
251193
109224
285092
431730
127188
474149
70319
596397
293628
40280
276942
1114876
38590
254723
645490
96920
853250
446241
482730
960813
805692
328200
1023616
668414
162131
772683
241472
1066384
648332
85090
1001140
259415
687995
46927
132349
820006
797593
225730
451415
988010
51208
605399
39984
138984
195025
27263
769114
9044
884546
426871
998738
950762
56746
18905
359548
9191
66508
23352
901898
30933
133590
1045933
1133167
251006
195049
146186
777579
143596
47986
476232
186877
147126
383087
470898
20895
441262
209512
19928
724118
960294
739853
292602
53664
1067993
160861
276818
842212
518725
1117823
487033
155179
1010283
52572
161553
145230
965356
195594
201004
71887
633175
147176
285752
17854
475590
1103544
248218
648157
280368
224491
17139
10990
1131786
321868
129804
17170
684501
292374
523509
569052
82644
583743
43961
29167
171391
25560
293178
64840
171495
463639
845454
186994
573460
1052957
453805
588996
274539
293946
51202
453778
418392
891796
143865
884489
757376
550679
635877
120620
757375
992136
594078
157158
606707
724099
883281
749977
434828
272048
766465
267261
319790
644587
272878
767796
505120
621171
467512
18766
887931
10040
592508
53055
27173
253439
280039
82807
149668
393253
43120
898257
663924
1040943
999790
302047
354408
318770
30960
777932
2138
59080
386600
732495
273501
335497
941196
122632
669601
420232
267088
28207
796869
625938
538971
179873
348661
386537
129342
462836
487688
550173
418239
817560
348220
255572
870060
904470
584805
504261
1128
467921
967095
273762
396381
58550
465867
360553
121123
264064
78747
326724
1087604
174863
475139
458207
280505
335825
580995
100539
29462
286907
278714
1109859
808788
1029559
97463
838629
86805
171561
160138
923595
281286
32495
155048
573027
151085
641717
97449
230669
336842
332981
74372
157246
210322
96267
226373
598651
123159
426539
195752
11972
296480
219344
96188
62784
465368
493132
621717
384670
250183
49339
140589
389891
332995
751025
364428
195411
1109858
523458
452045
189702
823385
6565
369049
49475
649359
622892
585746
1109860
146900
498748
25994
488569
914625
63147
240545
906493
364310
178904
307964
579992
1052552
585336
252144
24795
685602
718886
1033445
95995
397750
94311
766958
519721
170301
488364
118259
61731
1064737
8513
127476
498826
201563
1006441
755746
102979
457439
671056
199683
95116
290628
849233
91477
91481
964825
156586
12477
435606
245402
146904
83130
69469
265332
369462
65801
273109
58150
280224
1030641
95128
343187
736524
1074778
281812
198589
290276
28422
184976
94494
456605
91294
398216
4513
273058
86456
75661
395631
218577
41098
20008
321409
1065246
95480
189665
575864
755038
757316
1002249
276549
95018
1124938
127009
390559
1002269
866606
82912
668078
573310
45377
195623
139972
475566
221553
531181
1058481
539385
292810
157197
56529
150359
29113
604367
598709
521013
361101
65374
221444
430198
212349
859853
588195
102514
342235
17725
211453
292773
329730
607679
271693
951444
157800
828126
952530
43457
981170
521518
53676
127403
448161
248775
286443
926309
588777
437965
536401
835426
212137
1027281
259596
101554
888273
237414
897959
913076
108719
246684
259398
304901
132803
88371
244045
743348
543365
104354
869718
188039
10622
609849
520718
267186
158240
88336
320867
342348
266403
711387
104375
603258
4735
223450
209589
359762
764971
589025
657559
103570
272326
450795
54781
157375
103141
43954
103538
777087
150268
734513
415482
528506
346317
810761
636010
791094
475471
71896
752507
336299
993523
353561
259218
75431
28403
300512
322293
579833
463006
555897
672974
776041
398760
120129
958376
751505
537820
520041
1079222
22381
206561
1023841
120149
193978
769801
344736
1003244
1052074
493296
249686
241500
99250
180039
395102
245650
612245
678438
658281
908596
428085
472378
505560
476591
609324
384359
250420
300659
219175
200766
641718
153830
436275
159389
22466
368576
359704
548123
446143
219577
548139
688889
148316
699195
299194
299202
185766
646227
571213
32203
118268
933538
185806
22957
142283
451723
580188
283182
630055
687754
438913
148057
133976
244719
483752
656971
261375
438916
163754
661504
779533
895325
385691
365075
194065
3442
767631
172663
299695
933488
570893
180657
219564
508651
102686
344432
66327
577625
550022
832918
500172
889761
258747
488803
200932
183641
154404
1011109
208178
803848
640028
711000
45673
247351
434966
602951
76553
1040237
207530
31525
700651
853461
106430
218853
628207
370277
573762
1021636
874156
353075
347774
45649
245114
149199
96330
96349
473479
83476
591715
726867
96177
897101
600659
261911
267734
63525
117638
28224
537205
343256
260982
25896
60055
885407
587559
347750
880363
1105385
502575
97012
9050
66431
538899
523242
679012
523275
362243
125250
211045
493857
948813
664961
321548
362157
875472
139197
134856
585712
672802
537388
682958
104656
164500
100432
156267
661461
193525
737822
121332
33661
58930
987245
394492
347302
43720
467062
763734
339446
751582
368285
319941
3351
635827
256340
299054
533460
50273
102504
899609
39672
436833
327309
571024
494610
291274
988096
1115747
8162
585180
470162
926194
583236
61594
272000
877577
563674
571158
46614
494571
23082
240948
190660
448015
738684
98058
385757
26865
738682
896674
779769
871124
368160
198814
50674
240949
473222
562671
267709
809999
384628
216278
1091857
549241
55418
851384
1024162
200155
452302
134262
235553
160733
30111
1045322
481120
36912
47659
6797
271200
772483
591527
257595
767176
259810
668722
387594
136998
942148
276611
642111
642110
740417
886075
4747
351972
112867
658794
893638
348940
171542
356077
642109
150836
871854
942146
215019
603082
764386
269170
201501
48843
448282
327761
984117
25866
268670
655806
245149
591655
119575
360884
479468
134882
25895
226382
1132319
440234
141771
128682
803627
160588
18218
235408
797728
176238
201388
658840
352220
227496
106538
155243
257209
630660
457693
442791
85915
134716
32738
94300
89407
558114
71009
94281
910977
4435
280448
39414
31874
180044
944058
503282
60239
157971
621542
896967
7801
647636
346770
133105
841753
78962
236877
632618
879315
291941
441316
884212
232272
22192
38909
1021388
792452
29589
266122
270905
439038
521572
109816
677575
1079620
929256
1004845
83849
114180
362673
600496
943446
584600
538891
342261
121327
136594
247786
35007
236359
367762
640025
533207
533206
258738
248857
122661
491379
28025
145789
1111821
121593
230101
335577
61351
337168
190583
741890
19047
105058
689434
60022
600571
121348
856910
477305
418240
575123
342606
292008
280482
458239
31813
1110726
521628
836987
300579
574960
148347
22711
677782
295212
268134
792874
602567
255023
519901
252011
322877
796327
263326
98590
11759
657102
322894
295140
148488
139675
1055574
261636
142621
670196
11812
274971
22840
170067
288624
588950
108763
172626
1072583
299799
322825
1035205
22767
102216
381768
697167
532829
1055573
153076
936438
444332
500458
357040
73756
22339
857008
474746
196446
163980
394987
908736
546849
683366
159280
135740
220072
456087
934626
466159
315497
232134
824432
163915
344521
792777
615376
543793
137675
139634
792775
884460
196392
183953
5572
728616
832189
672996
261758
92996
522519
560897
161120
475012
758202
254890
304062
94828
448577
459990
368461
651440
150450
1003866
742635
13073
2053
309454
973248
704248
249145
655021
368491
114953
725440
13434
501201
393767
733710
455313
370042
664220
505445
221021
113958
636580
1073640
785895
809562
501065
905191
259645
1029808
16662
100296
4541
435940
160339
122939
262890
1091601
856644
622350
816458
1091599
229939
513502
975514
704378
275782
104216
21300
188554
636898
153903
16954
153696
1832
79730
293702
870242
178453
111875
37619
89807
1895
118450
919101
841304
676363
742747
12449
45742
160373
957821
317063
178504
552315
961792
1048204
401016
278446
571447
260086
346402
69545
470985
260083
69403
562989
647996
463548
193923
212140
703304
95488
271859
851664
2158
539365
35626
320947
446316
473558
906507
320005
76713
1096432
171028
590730
698545
434891
87001
1051077
402921
852030
999769
107225
207249
599758
382200
174393
843585
2252
636410
651187
355132
156709
325915
75701
705938
531790
23708
122526
334335
123962
590042
2168
435352
31271
142121
196924
198168
416558
587685
146388
927743
179746
398922
102928
767051
555789
941956
996162
23425
455366
91374
600622
12042
854186
45645
349619
1057877
10070
510222
155476
633828
855781
327352
59283
504123
116189
25929
1030584
287329
418074
510035
147684
178806
6952
359202
1127200
227587
1069149
82245
141791
236821
475749
765152
1068144
64860
242022
885337
1127544
663177
115663
243296
149107
743998
1009206
476078
613976
7471
19458
43177
464061
19347
524157
49528
327700
436671
287160
919797
1067845
446815
242844
287208
365710
58250
821198
227334
1081864
201027
58557
236720
436403
488978
287263
989192
558985
133166
246669
363452
246727
216979
1134082
1005927
879670
164774
543034
24900
90418
44435
24978
778471
569500
122080
140387
293735
309741
6304
1054424
742957
216961
21232
817128
1087427
187243
500128
194248
104333
500069
686253
583570
154251
502818
145503
57494
111865
104542
614489
115591
969763
209687
255687
96948
93818
989191
66992
115631
245678
517022
635717
506155
579564
523427
140581
521046
510161
657618
154274
106008
643673
104502
855739
342334
542726
418583
359923
260171
901147
258201
424518
58986
206898
396541
98340
259037
990894
232571
588993
326507
20458
588878
157655
259253
272990
71604
790200
624806
1042883
71362
995217
370168
3010
21253
20150
260071
165923
106271
59146
789564
623100
273486
180510
607974
1069878
577440
170154
553399
59329
553383
768905
805172
709882
121829
134344
401193
747790
263864
445510
858463
178347
26693
217200
904033
197077
27157
149287
507710
574521
127840
187630
293144
320875
920505
1113036
223611
187284
508211
117747
802031
241556
66373
106717
29627
149565
191403
450953
26772
383376
178313
443108
367683
857726
633770
589886
44726
117898
320243
1021821
1021909
28387
27946
827477
451188
26765
398822
293386
293300
148949
29645
922803
149954
27105
319917
827554
267271
164813
293493
346155
157127
622260
526299
127747
64555
685929
469034
26864
748012
99221
551961
31192
621975
465890
492710
23010
527789
179750
571953
750047
418477
23209
902425
368904
947795
829115
235150
31702
369104
260888
431649
1133302
188083
765735
577215
666498
179969
852241
69488
69680
179889
110583
31860
210585
644520
163680
23632
25015
347102
262821
1862
67746
100893
135324
45662
445628
269268
106472
602011
892675
549994
472393
67231
62428
455750
44289
853874
2133
292126
677791
1115138
156360
793361
589455
1003933
1078244
749374
232907
492505
262345
1050557
646140
151589
206876
180659
772102
592089
671388
131034
878955
419199
833585
247481
230062
160257
583177
985170
247774
160307
636842
239622
476539
247002
817706
879864
540332
727918
93909
586911
140554
671720
533098
482908
154223
778515
160040
38502
155620
673135
878050
1102428
582940
824103
249618
201584
249710
335147
501008
764096
521880
5908
497124
146069
945083
13638
887976
304544
476616
79418
556689
6031
1125052
94476
816015
115142
614974
153729
131567
497229
48456
249079
582508
174034
648791
13012
717624
173202
238923
823125
7644
50616
997279
93150
49532
476063
1032850
214914
243288
241092
419360
123576
837120
39764
219754
591505
1009413
774103
242086
964924
1009667
885005
155206
202112
84283
340950
40361
483074
129722
50332
49757
129784
558658
201995
199296
116509
352552
6872
834195
342034
189031
591852
520714
584408
341987
945567
39005
520817
145342
818690
81649
287554
218901
541818
9906
909961
909956
516873
488627
159429
672992
447239
240512
351494
886279
488312
586595
93542
897429
343177
297587
463704
1020181
309303
546666
1082991
255050
75025
17075
17138
295285
658186
74738
1030881
275369
47128
102492
189902
546527
381677
474458
330956
35432
102986
238083
357140
846043
91406
330953
47392
289965
699108
175169
471223
530208
493428
255951
256033
162242
257186
889913
18485
471612
825725
327727
701001
381935
484855
147627
97567
523982
825818
3720
562346
848873
18323
328351
256554
237342
1132297
295183
97248
456297
965997
162349
415515
954915
222301
579053
58168
875071
344535
132640
228330
253800
490651
252057
458384
385535
873355
844355
764506
356988
467513
204629
174787
531125
615568
971086
139240
927434
42368
844867
199560
522627
580697
907875
35752
688713
581253
251866
146682
1084959
229312
648401
131944
174354
343266
146208
1022971
348704
781783
512449
531626
888182
103500
146345
874158
895919
171637
279213
658038
490633
1122876
86606
581411
218375
274138
76771
114203
132606
845498
736843
453467
831895
888913
381480
76706
76513
824981
128696
132537
76638
698705
918572
584520
814230
805814
317028
718649
60949
199909
663201
68098
189055
262944
823991
264774
682150
466631
263342
453495
940046
495097
644805
804147
936825
236089
186526
217359
615897
26217
387679
202316
184832
326136
43022
64292
438420
156304
344418
354108
239168
158945
96560
153277
466733
70618
669115
24421
563181
685457
122912
1081897
74856
470398
304962
850591
381631
28270
12607
887179
264496
247587
67025
310883
1516
905675
890825
537939
17856
890823
842113
877352
877353
335233
438929
370218
69574
434584
474704
430705
195176
771291
925029
856651
733433
25248
124304
135243
343079
96571
464040
1089771
827198
13636
464782
635066
96682
158387
459616
585835
592272
860973
417340
315314
456289
669766
360987
336013
709930
161971
157927
901856
152295
162115
340622
64211
27098
224699
96856
318489
928131
219232
773734
655001
608293
774273
710251
448487
190523
30414
464742
180192
459611
161954
670959
69810
334298
918997
28946
510464
532309
94854
135377
711978
935494
17205
728492
334695
174101
117384
401310
464736
44847
854892
577357
549839
280068
334641
622818
478276
622817
409068
417136
149314
870039
1113909
34459
242313
575333
285483
483083
471330
622347
827200
75452
806957
95242
1029510
450302
238574
161351
222553
824686
44919
278004
56110
252151
389048
245018
81458
359930
352044
189601
297156
420957
603771
223850
381994
343540
236535
477942
262787
51564
960398
1068317
35628
382393
81287
565176
44089
38602
440140
906923
240040
647997
772447
472212
81928
77080
474674
319214
95828
104588
819173
477738
38912
553527
31325
454495
777387
300730
233602
85384
925110
139121
578131
1006793
289556
580654
149395
845214
863171
545603
104521
684071
938182
1025837
512021
697924
314299
772143
209372
150700
475494
626634
491594
42593
339407
362610
678500
950400
974973
327420
51183
18792
646112
468372
130938
302214
837404
277796
367644
646166
460181
988249
357194
588886
585302
336452
148311
950352
105372
71933
581537
504854
902212
333705
62689
72038
778879
432286
96354
861844
879404
837408
292606
435193
850277
533022
820380
386296
195091
443817
338959
347264
958884
31019
85636
212235
641132
236507
896379
656716
468381
580407
95449
292564
769929
652852
933830
347038
499005
201431
916905
122715
491860
76354
262488
1089011
251810
37585
146529
23277
352800
77317
43817
406961
317134
246378
395831
119365
348544
635197
68974
661685
765861
188530
18874
440874
195363
339950
265260
73882
296386
89704
368248
118372
577360
244362
236893
433953
7221
117478
181508
667640
101700
108976
270403
7169
503776
767864
1053615
159457
458905
227669
208218
152071
18957
181139
319398
904118
31647
62959
837822
23006
268170
668170
319787
106415
540245
590102
712215
83908
71976
1037215
203620
53422
261815
329223
13394
419456
101598
986250
34428
24392
899156
95105
97303
4512
37526
419335
954414
95980
69076
151057
75553
147499
295295
92745
31162
24586
382859
1096269
464517
929560
214976
787229
153986
120417
485429
6453
762811
275820
555754
139902
448274
69425
1021907
188654
463244
177643
310529
920019
118572
97102
78964
356999
703885
208634
118947
40318
356548
733873
879729
140373
1062359
12473
938597
19227
146116
881685
1064433
218925
356226
1134236
648684
565945
476310
460656
635409
77140
592690
559341
134633
406150
87243
344593
820582
499811
72101
599247
75961
246561
156080
59471
93454
231182
246807
156078
702351
40077
268938
1855
710124
696451
521989
581088
136442
777211
627184
36460
633213
102758
163300
570764
102757
36586
29413
310801
729376
33388
529034
65945
557082
852354
355680
301558
503094
1864
56020
546823
1882
188071
671797
671738
1052802
47458
256834
26407
646073
742023
75816
581295
47412
136478
209249
79636
153321
457042
262886
964244
87004
6246
186514
242831
723577
261025
419041
9771
253514
631054
912880
137073
89764
89214
261067
447913
569309
390187
474119
199081
664342
102454
553545
110124
533108
65147
624396
348689
589016
953649
749396
606995
642009
325325
5013
194194
38131
903136
347891
510155
293067
161316
98901
918160
630691
91921
189260
136035
896538
271035
827741
899673
50206
97403
207470
521703
256528
268867
281314
13257
185719
657418
531628
557948
885096
75450
915365
430366
590685
46690
899698
1034716
529759
671752
1885
84753
102960
163600
706004
185723
94890
511324
452026
229597
570952
499077
814198
194243
77195
312520
74825
195463
1074645
6328
191268
911659
359864
1013359
249047
151448
47233
1047167
188350
606929
343232
348123
101755
29449
710884
31871
325808
244925
612458
151688
567202
644901
2033
624556
21733
149648
953655
274197
695065
204919
581192
1961
59690
274260
274283
245107
732695
829050
742786
974995
947128
627192
389609
221402
670603
570570
256236
151214
758896
621656
140459
1092043
878160
201201
774388
110632
115548
619318
356177
28421
424396
820764
134584
192551
701721
336447
896556
32942
873264
553952
87460
357320
635543
623770
103287
575210
61037
25859
531129
239919
404588
1064364
702445
679300
654799
469267
299847
263335
476299
142670
43144
151362
450639
424755
96878
628792
450537
700679
678558
142607
271011
227459
227449
736632
88246
677880
258080
502844
277270
140285
134630
553654
129108
873444
655199
186665
533133
530878
196380
628878
286688
465652
855672
647435
126786
299128
921035
494893
591391
591358
100268
196705
135031
94692
178008
530221
29059
966177
124382
444992
845470
607134
578490
1100200
277553
109695
694376
619281
356290
607486
989967
196812
359344
402736
548263
231193
141262
357117
934720
40385
113852
471782
187554
35466
832544
569399
614767
253242
960602
450222
336176
95660
273256
51786
1100028
437270
206095
679855
679956
70162
930752
1006484
247447
160513
520245
264824
800512
346232
296454
4616
105409
458020
572707
630359
643705
588980
27364
685215
786978
250557
178228
510563
138481
18781
390424
64170
303565
631970
107289
660540
95212
20374
899865
455329
537916
77299
279527
182073
262173
555044
103947
339882
172902
152466
785909
827654
455702
1053
262259
644004
320373
1016524
159481
484358
448060
836700
552036
78265
995858
150580
77277
115071
986304
84389
589135
342138
416779
157454
434624
227817
286014
351371
94128
584868
243721
132322
773821
562966
224548
18718
61408
115094
265997
349943
96243
933566
13068
75195
610064
118181
811913
84620
64327
871711
392348
199914
148131
31045
416527
158684
1084720
386208
161092
161561
210044
532623
322966
454466
454487
434780
666686
64375
666658
251922
448111
553763
27886
64265
1063114
128621
112817
292381
58548
166507
267515
774913
809991
271250
100701
331850
728178
508889
1080587
331938
877271
155223
683537
381508
1017481
267248
285131
632566
204986
475194
18516
395717
150102
262479
136083
17090
37905
137114
210178
498788
684128
184373
116243
47213
222074
353769
936519
668928
87301
644796
1108990
115969
955594
113174
447775
177419
260848
181108
285071
268289
265059
154258
722128
240959
386641
329283
146360
464069
528610
36936
498713
629640
440924
860232
668082
523474
866222
14587
606612
837715
886566
20270
327545
262363
253594
230820
587594
29575
917338
503604
104603
275120
396562
8199
577163
917363
298143
432560
587595
292860
1057863
123899
184254
1023096
789507
275586
479239
457778
969918
657151
641447
327966
953287
325728
100618
471245
908319
1084990
662325
109059
920065
870767
11885
603518
458574
4283
115261
898746
456576
844043
225726
611483
860609
99781
953878
458363
279877
226916
146654
430712
440651
722494
590837
381033
1008058
96187
1025030
728215
1096391
536959
767763
452060
728490
900045
143758
151149
156785
252329
31468
541380
396221
606480
45547
953857
353905
993098
229182
621148
250366
952041
831309
911439
275397
537196
252073
252079
950954
73894
513508
83706
115347
139400
200614
251661
334664
12638
893450
293463
335842
1010709
85485
273100
293585
192034
502875
505150
100630
592015
565580
1092586
78989
601600
257798
868149
847186
239089
32696
30614
672863
663785
273063
293667
30365
70621
443366
257092
451547
893200
581528
146748
6821
290311
803450
263963
934751
735072
239348
994625
185037
720136
477189
269060
443546
586349
937880
460166
96912
3472
263831
599356
1042154
989547
558904
121373
456890
828724
476825
756578
450975
828089
22743
902449
277912
266113
895164
127563
177327
466724
64917
334180
99546
346152
729447
36605
893556
536283
63830
722030
436478
274607
98152
128862
452279
255966
791797
488568
860693
211339
291314
118779
707428
50102
132731
191295
196385
177046
119157
131767
575125
910889
959040
465403
547652
588334
75407
1001590
99651
289669
581956
1024920
893374
148013
730019
678111
592481
472265
498085
700771
736578
780072
229872
91557
238117
1094839
110614
250589
88804
723181
694887
56670
359598
209332
948126
834338
187400
359652
1128565
422163
203098
240559
359853
369224
582603
17065
195449
862979
445948
310596
63003
629514
815525
412334
815647
218251
510260
359596
1958
445744
369593
1106719
494858
531361
13232
338119
311825
2937
680732
288623
19904
159667
418110
629228
288554
242575
463628
263039
629229
777686
518270
447217
633567
544693
19996
1117984
310283
71436
101721
972497
689204
46869
286115
685507
595569
1077594
205057
34450
106243
595665
650976
42315
361574
1083578
241781
492561
92667
419336
561980
650883
896818
308041
84966
617723
939902
561489
271574
865039
463007
1106787
112553
116010
241199
342840
448603
209498
170881
241357
309831
287765
286168
303133
2115
584226
1019951
494167
510598
1054897
141636
691437
533798
966731
462982
148166
158182
653975
1032191
587846
295276
254663
220162
199965
93233
279171
933525
383672
1063111
767030
275948
891885
435431
771531
435829
1115576
716357
251727
384311
1016888
1018103
916918
717088
254361
539397
267438
118192
123126
848586
952541
7956
117510
254015
871430
660677
969281
265498
68850
163740
75128
383167
250729
275817
54983
992133
117984
44317
1029282
173153
147306
857445
987590
512210
787938
183877
69075
829576
38835
46138
406948
406973
35459
102926
42959
22046
867446
571530
3034
423677
502535
948020
544955
864557
450162
180381
814266
942315
139987
584559
67513
95453
975239
28492
98350
1107696
231183
539357
819713
227469
493219
344428
516068
69679
736678
34000
106096
516071
774243
1020858
141793
223752
150679
336825
209691
166105
313781
151889
286737
136734
77144
444529
635061
465292
159093
1108460
70317
956929
345158
672651
99975
184928
627711
211199
641207
1067759
893495
831502
281237
220344
238874
326190
1010907
207657
113977
298718
188069
45004
281411
160248
106498
127791
1647
341685
1101058
29786
265354
438199
1046110
128507
547285
414288
1021788
1043727
291272
414188
4057
984889
641039
166497
165506
195318
510503
1019728
612194
127303
241826
1074027
529991
127399
26042
701326
165579
869846
718
993142
848986
625794
455101
120500
166058
1102385
775746
1033744
215299
1073659
1083911
9752
4501
156765
626703
288744
1121264
115696
35386
477219
558848
1126887
185721
416094
188499
996944
349406
507082
157754
287708
114744
982365
883378
836533
287264
207834
1027183
1026648
732785
635531
536715
328323
259203
698098
289921
679772
1032814
277019
881517
1119232
569909
40560
259178
450664
184099
246612
1120278
184100
558022
764370
284587
1125449
170391
735846
506745
498033
531132
156580
450949
105067
85372
618063
592944
935684
1038926
779661
16785
21301
44780
796867
297677
38903
148051
382986
591804
100045
708922
68517
1101577
75038
300273
199082
1119850
3159
845096
719352
163569
1077221
383394
826962
32412
269240
24344
685721
252675
51740
448794
21486
79597
611786
936800
614289
21560
464749
1110038
361894
121363
641820
251311
61229
472444
728034
71923
30371
644305
978841
24496
132517
104332
236028
646015
46696
911017
317948
270726
160801
25713
453254
282610
842028
137647
574254
175484
801528
232398
646380
611290
890520
980550
496853
170467
22383
1123081
496806
67986
221081
238267
624591
9000
37176
159806
837951
841779
536519
137335
478139
803956
393088
28700
316990
659081
283310
335749
1163
43996
20756
138626
232654
452921
897134
26390
220915
46131
803526
138887
646870
517350
1127461
240082
1101175
452889
1922
452896
500194
855816
574917
270172
270573
410685
160337
25704
410688
317092
384609
472746
212909
1013268
25934
386827
3050
497219
514592
22156
239515
568642
804711
641712
612383
127869
333866
172409
128000
22175
783961
546004
17053
852158
641646
386905
70067
331844
240008
173003
917492
70246
91712
127167
45609
173132
273024
332747
964397
409688
697838
332060
456525
273165
45767
273207
172583
331865
127752
239434
1014506
128107
385969
125105
918925
271450
92040
29713
456125
456124
271415
915719
272774
787841
128122
175001
128776
888954
335022
456030
437220
274529
270847
36941
61907
330989
171248
722523
568840
69999
238818
783668
45865
1012139
215602
331319
851843
851823
239695
666019
9969
128559
9974
128581
128615
216044
331030
159619
150572
139803
447092
503768
300267
399827
449167
822374
705730
708681
448863
152294
148687
148768
294600
1061433
152183
152798
147982
293485
80453
293452
300555
66620
153068
300662
227146
153198
293019
224221
222884
655662
292993
144903
299556
447226
229230
151538
904557
824107
224826
18779
824419
539586
539249
294823
824447
66243
905886
225985
296096
225086
79409
824105
66335
823922
582007
505236
827986
1124264
295030
1118855
823458
149070
294948
294889
475447
226628
299165
144920
994885
402602
147455
301449
538872
153581
907192
907134
398802
830696
304079
147468
582947
7597
503259
403045
817726
820602
301584
153662
643
292672
227898
227937
474811
985954
147089
302720
19269
819297
27780
7398
650602
618983
300768
710688
229209
82430
82281
397656
18402
1118219
450340
814450
450471
228510
476824
82522
994650
156094
307100
814057
445571
908115
445572
450085
145563
450044
994187
155437
155386
445704
82221
1059011
155108
291003
27881
538485
291292
296227
296284
406133
43552
1056746
158500
837310
141376
899060
837474
286283
473574
158569
981573
806942
43669
285528
477612
807686
141578
222058
26575
451686
84111
312541
808136
395536
287093
43436
158226
84014
54639
287177
395619
142011
477617
221727
615986
658291
897951
314841
20481
221296
140201
452335
140164
473546
897680
64058
140045
139951
575685
452444
839363
285020
500893
78079
897983
999467
231739
394963
473377
20460
909814
39690
140776
240366
452063
141044
714249
836608
615987
27427
144503
646375
801250
229305
616552
983843
308474
444790
156757
578532
712140
144396
444737
1058005
67314
26753
27248
539389
150613
581226
8164
19
297400
402199
402014
41696
296408
27393
296373
150086
8112
150080
144024
7056
287406
287835
713034
311041
507104
13043
809791
222389
1057433
474312
40124
142668
585279
230600
83636
809208
40171
64867
310127
451190
288659
143310
143397
28200
309794
143430
19924
43135
474102
43131
83119
65009
474311
314028
71777
123545
73828
549837
192318
257709
192070
417618
257834
466843
424452
738417
106582
633871
944028
258100
524407
354318
23785
50475
73707
633979
354104
247305
258208
59391
97839
680173
247213
258395
530442
489822
357167
106305
758201
193936
688396
193849
423773
248786
105848
941999
105940
1043163
24858
1043170
73953
105942
3842
256742
203184
606807
73907
257076
880027
24877
943063
98303
463044
59164
11163
761603
737326
1106641
737296
349624
635346
260015
31604
189313
635517
34729
866665
110741
607825
766368
1030338
417056
189054
531273
246058
349127
50727
245948
1029992
260322
882727
734989
627654
607952
427248
111821
189550
246157
110312
352141
247065
191249
258671
736957
928416
634369
352614
259141
881478
1044331
25062
599522
97332
97046
23624
763375
763586
351192
634965
491289
109664
10956
417179
110185
635134
259682
105674
550160
188515
551320
551313
487078
363959
100710
102560
418761
369028
250720
551262
74713
198185
551247
2911
630135
744546
418639
32906
32909
369454
529223
369487
253004
418456
874421
103029
253165
877311
252708
74765
357460
32410
876091
199602
419591
465184
101538
485925
200187
604513
101620
935464
551801
604465
528580
486616
32445
528986
368632
486685
935639
32687
199097
200426
199008
419163
252199
364491
464828
552753
197765
937296
100192
743165
553861
104344
58637
754186
104438
24746
195829
488443
1037543
632336
602109
255888
359346
871199
632896
195012
105250
417818
105269
74112
940662
1036653
870942
940910
550260
1036483
753770
602488
361129
99992
11712
1125869
420389
75382
362716
362666
362416
201444
197455
602968
743367
487939
631867
249922
752690
74430
361896
1038228
50095
75457
1081973
196681
684567
74391
361497
74368
676907
522744
30312
1127151
5091
180220
180219
210494
922518
562451
693020
458701
922417
340767
120889
241487
241435
609856
25552
121069
777320
51610
957588
339997
179878
210865
1019320
94009
639750
93982
241374
860350
1127150
342630
519981
264787
51420
242362
181014
242290
242264
775037
775051
47004
861227
670914
341664
94680
120119
341615
22792
265482
1020175
341461
242195
520025
382216
242136
210251
562356
609593
94473
533296
25580
61257
179672
36716
695249
695361
269518
177659
122792
434913
1079077
383714
920261
564717
177560
92908
960190
610692
1079042
122986
960271
92840
920171
22418
336412
496466
30349
92640
270048
336160
469818
668267
212308
93560
1019169
778395
22582
101173
93670
121841
594144
434215
93640
93593
121916
61366
121979
624909
178509
16465
593591
593543
533380
122236
593522
780680
780696
518618
269259
496254
861840
432486
245457
96118
883606
4602
1133531
483429
114318
347243
492339
531910
186993
769067
925459
262075
1026323
95939
492411
23232
95930
636834
864351
262349
51092
262541
115073
460729
346284
673317
864122
865089
114000
886211
244962
558920
188443
427646
947805
207243
483748
245218
491849
865618
245194
948042
96518
627410
767537
767561
598140
11992
733783
733771
348256
261431
733647
608248
1065557
96222
187534
23323
262801
345943
185757
115561
117191
521028
547683
468805
344539
638085
772422
263956
671650
30932
1104917
264091
264147
885966
493361
1022364
773737
209565
773855
692195
343121
343120
47184
459489
342722
886107
35963
47330
952526
184223
771171
208169
863687
560394
1093095
770802
924910
730258
184949
771091
243771
116074
51171
35508
263480
95369
730112
483137
381063
243627
184697
243496
95294
263330
31015
771375
263390
13197
238250
164023
236407
236627
63696
892758
573281
329046
160909
892403
512494
590010
14151
237854
163563
162253
318556
977297
588520
38345
163399
167200
131440
77539
1562
69014
455022
133336
133331
69110
454278
28880
388389
132869
1071306
569758
498838
132664
132065
895557
69586
235545
236095
130048
583132
62606
439970
319595
52783
613695
622654
511940
831117
614845
663598
439836
325725
170282
170284
161346
438647
479351
438779
170320
800856
800454
512246
699982
698588
319095
699981
570356
21516
792641
588843
1437
699343
544700
319576
588992
327425
21509
698563
278135
544755
589799
1130766
646031
479629
510818
89163
513480
135257
164972
280840
845475
17610
398554
219046
1052038
474878
134733
29279
718892
913378
1004469
618887
391605
134441
718911
277390
849530
914087
44415
277455
719131
26205
587907
513337
321676
278601
146878
218073
277557
89138
848425
277988
844857
279135
390404
25967
718559
645192
164119
1251
975975
219352
498449
717608
164064
223496
645992
88293
646004
796948
279108
161802
913374
220089
136988
322317
146759
278116
390159
901878
29196
153924
146750
510978
886180
14220
773674
464440
1079037
51903
66761
751994
667910
394558
227252
60685
329447
141073
1006736
283636
630750
647616
433667
630635
453349
156038
63853
131785
560265
908708
949684
628526
261452
157214
858220
347851
267712
1049291
457763
153525
949683
1065917
492049
492051
735351
156143
733665
105063
372922
372815
75870
826140
1035443
299590
299645
297559
738677
183639
156663
953697
569939
599424
296108
295518
26977
106326
733901
598884
733898
184848
826237
247823
732034
28825
189731
1030821
843284
1030923
69066
841724
388116
584110
1071632
188693
285478
602692
28576
188514
282488
389534
1119872
488833
844237
281737
720417
514015
153592
571713
280582
392239
488174
488171
605027
487196
556262
725342
1111904
381024
107653
727688
636415
291123
13149
514633
728935
292617
948719
729853
292857
951429
27550
731473
830833
727534
72025
491335
1033763
288845
108381
288579
155109
187334
558377
601353
837549
17829
28296
109002
838793
948783
104101
555050
181859
568195
539347
159463
800962
159408
346485
1050915
332290
360702
1115088
320036
1134834
503601
349031
89501
24227
587616
24290
309702
1062638
1051334
539346
777673
591124
1050761
11519
788965
962255
95547
788598
588086
163944
331109
319591
22437
161289
159604
166704
331150
93243
810018
95383
331891
502810
87171
94996
19632
24518
982076
568551
982058
496253
21925
322396
347424
564529
88281
88299
590122
1063134
321978
88026
93918
78674
783355
336079
335951
348238
100667
86645
519790
87740
785436
24309
84307
93511
339411
309477
24336
24350
587265
1062793
10707
308578
361853
1051818
779989
94706
814218
976336
976316
319370
757396
493033
561461
819217
158455
495007
179794
1462
495103
958747
363838
101251
96994
802746
763053
96842
802833
97409
802832
352145
85531
353572
522266
364609
179994
819399
750180
745035
76695
956818
181027
103376
746836
368177
957510
1113567
25984
957670
102893
77263
821124
1039688
102549
494170
819845
102215
1112
351929
163795
345851
342479
776189
356397
588340
776190
503241
350065
92837
593025
356765
81912
1050068
84816
349934
159886
82774
758605
1061645
521407
808749
21406
521960
766859
497993
774281
964694
1044429
979955
92440
23298
498243
82007
18586
343235
328286
10238
98139
92469
315962
589512
355977
161000
805975
191381
985432
191451
210580
50713
656517
445672
128631
128565
209419
51647
37339
143691
658610
996678
443919
37155
925104
127756
1088730
659979
240487
1011142
473511
505974
468878
468903
38482
211981
921906
238442
546683
448048
239102
239451
49838
49984
469551
50043
447167
239995
508751
52256
127624
244988
244999
247820
247936
473036
927384
126046
437486
126009
36167
667240
667652
249676
249977
878900
1015668
250727
668460
54661
926900
1087258
247248
663529
661724
662516
662546
582119
440359
53015
440226
246279
144640
1087756
576281
439159
36575
472308
439153
623589
130645
1091826
48734
548833
4972
191456
634178
224486
641338
218614
40564
914104
642604
139909
642851
632665
914541
135226
227482
533306
1100390
907933
636513
580255
634793
222957
634795
43501
137368
43191
580835
43066
463526
219238
506710
219792
547446
639197
222151
534091
908587
228433
1006035
652432
902283
132967
453694
898133
215072
132544
132390
896856
629966
532145
236227
450818
236647
893253
920377
1092151
237261
449595
917529
453985
141336
229499
140444
134244
533054
456020
533052
547183
455938
1121735
630911
1095008
579398
645563
645782
900056
579243
231058
1086082
238357
1015940
63088
1025197
406021
32052
269651
989846
115692
609685
528364
528362
195385
115566
270793
151153
855963
1026423
989478
31575
1077336
859006
198307
859263
265195
937943
612038
197460
150068
611798
553992
1023759
117138
196963
700280
938983
860324
62921
150395
512466
482910
64826
941493
609404
31555
274849
274895
713971
396528
8468
66596
113110
275845
606958
276330
191936
191930
537351
486417
67328
606293
191466
943850
30885
485438
8330
401056
528002
854028
527926
13926
399719
484736
608407
152285
485132
193798
13895
114129
711705
485312
877509
573719
273604
544758
258753
473753
473733
426786
57619
147139
424764
475881
871450
256806
475928
682217
122374
58401
684507
258108
121727
258649
145873
145998
55501
1078943
204984
252671
510783
433437
431757
430617
671098
670793
552783
1084030
474657
1084028
474765
872824
473892
510695
258730
552798
1081363
696145
478699
61841
260738
148604
33145
263193
119416
582943
119404
121079
479630
414819
61075
693224
693115
262505
865221
616307
119098
34003
553472
419639
120651
617295
120709
120430
529109
529110
7074
259498
688539
120088
934643
687740
59545
419187
197649
145028
285471
189555
508276
25169
25159
117365
6170
247979
131656
8708
622673
650100
549815
596726
69664
19700
544703
197802
1061348
770201
82621
19727
131509
356964
235725
54132
410237
189302
265405
543433
1078253
122958
110709
345694
153882
387482
82586
476153
303999
281413
870681
995705
364412
257227
62748
48470
85045
926817
326397
130976
38777
581608
516957
591551
110781
482254
257451
22555
683076
364470
538492
933037
580550
131422
389828
389994
623014
947026
1009375
893273
163782
286643
347312
161554
26842
465103
156636
105397
26825
821524
689458
618286
1037057
105362
418331
94923
826598
642609
164287
120142
914170
510765
19144
188562
102973
329054
829330
180461
205303
302226
570108
621785
105775
569800
634620
457115
747166
139315
74672
590142
171413
523978
935060
596968
122067
141502
141690
758293
918444
70109
13349
896520
410785
771661
28539
667215
437452
188498
4784
536560
170566
386771
197838
838811
188269
658805
630551
1111972
771623
146939
697536
132595
949060
70397
109237
364706
422793
648743
286614
28440
264790
364717
1015035
665019
401781
636789
270454
762946
92274
92013
270765
751675
241307
555295
397272
37734
856067
1013267
271192
551346
241965
52299
344738
943553
888779
256609
447075
762945
129653
573172
91454
275806
764862
705946
305005
66645
256603
850913
977991
607404
66605
36921
138606
527379
63981
114943
85470
1001781
50950
128470
78270
443763
1089377
65457
65166
658320
399554
21022
537056
317801
10877
609122
272702
272794
980141
41245
577226
710922
78489
151426
65749
887404
317590
152132
504891
24738
592087
608221
711398
802853
964526
151469
470763
128655
318016
64854
705922
1088071
408128
636398
1029687
487955
203041
207663
278721
498885
67521
439222
80910
328132
652970
449040
664450
237948
513827
606079
627915
101667
196556
803747
82229
4722
315804
665008
36561
391779
701544
392117
279964
190849
267890
150448
342688
326479
498140
221156
175411
67825
268707
17008
610702
122514
522291
122640
127095
147262
353854
772920
351776
239642
405403
440193
276322
276304
52974
52922
528398
447286
24854
239239
91229
627540
246151
511220
278050
945200
804245
486505
1073638
144413
220317
322177
97775
277526
327730
269187
112448
774890
857967
33758
253606
156097
71494
228511
429093
767699
72226
430151
104075
734491
552668
180170
736413
125078
43313
912879
433250
1086200
94737
94698
458624
824600
18954
95129
465414
299734
499841
99283
455669
22017
205971
95289
146667
95230
290302
56193
27114
100811
180602
381831
906998
56032
100776
433587
335612
587974
930688
76440
982643
136571
10613
76753
529746
320492
6793
868685
136689
77111
78709
99809
77229
455872
323294
755545
530247
360962
553564
44570
217602
132983
198311
325606
11763
325525
261492
368905
523484
219571
199070
931520
367652
219245
136016
436459
1100622
219090
76047
595162
263554
293762
957839
119618
414724
463131
538103
632118
562178
1034491
1118487
158120
819864
569339
184268
492756
106290
102438
58738
58727
58714
46934
414189
1007378
332260
950898
86746
186979
338111
119453
1132147
157878
222907
139603
157888
4520
187396
598158
185917
780083
288850
151661
590847
331648
229316
26200
1120395
532707
420137
34011
631874
521662
386025
121132
105853
134847
254959
641829
906605
877824
348671
384092
181010
528851
45140
533015
119813
826028
251439
23864
547483
23960
26101
289386
633183
289708
1004184
171447
1051080
168257
596825
595619
217093
455293
23449
454935
45726
158530
586445
1021434
138618
9054
1093795
2079
648259
651713
216261
513068
217396
325173
255124
836767
625323
982448
878866
824536
41950
225624
824984
164142
97556
1102064
222454
21113
251689
21240
103826
877091
21231
21588
1098757
827392
21064
817553
251210
122773
41798
223689
20419
309283
13455
20353
20766
99883
99959
224570
500860
301281
468401
295033
161468
829817
878868
541230
588918
167999
43537
43741
317080
93777
1047824
521253
804022
159528
37549
159426
319197
136415
320456
159176
167572
574474
470208
628083
806136
458506
617412
458884
503053
523651
164298
1119157
592242
911990
468854
221055
253363
459415
160169
521524
592602
629566
981335
123161
458886
106679
914101
585736
194116
958075
195292
610573
531741
730597
682738
69290
531989
855737
578142
384619
5564
684018
271877
476317
264125
581685
420992
70367
475435
474390
11806
74238
583052
74085
73887
743914
531033
938671
179921
30070
127068
1069645
196520
380824
30486
180444
1014066
273564
381915
1074023
271113
391230
392286
188524
264611
1074770
15281
32605
392174
58435
549840
613566
617262
859173
32234
32513
715283
690142
418223
190787
265071
188475
63407
114113
711009
547452
61921
186990
267013
479476
616961
1078706
616862
700152
616679
126074
923144
547454
188013
151625
242094
419623
275573
66687
144948
348788
1057108
493134
340997
840528
1017567
2290
512460
286141
27117
545549
1060573
626127
16947
780102
124394
48146
256807
471598
602226
472101
505586
26891
2518
492489
83140
445846
140961
83302
896173
492621
966375
74640
528958
81975
896496
128673
600817
492761
602147
983830
445980
77056
473735
86487
75584
53157
756740
361358
1105494
178224
260060
438704
1111738
545860
7046
362483
28937
753673
473878
364096
200204
752262
506369
488993
78069
665075
259196
142553
1133329
175371
931469
142676
576297
236403
435778
178815
200169
356040
261139
75500
664815
556490
502813
256728
783745
157643
838859
210902
337086
838694
339334
339317
598985
504843
8453
494033
339406
586163
211202
787125
463028
816687
255624
138164
651154
836800
294784
919713
599397
651578
920301
36770
1001759
571254
451130
36743
256246
288789
1054203
591099
899110
585847
922997
653450
232285
304931
210291
584621
895206
103539
82268
658192
174314
207181
1033757
492131
17196
26319
141219
346416
514104
528857
246625
131595
845166
602084
1060499
205452
537556
444082
81079
768838
576051
348693
258210
1023027
770067
472607
964815
281868
232024
174106
446276
210238
118714
818828
966911
286086
779171
157276
528376
157287
41126
655163
340462
119021
1001215
11224
448602
210169
1001004
285780
341560
118744
26004
344605
173338
83545
1123391
446841
842203
777963
343323
841315
84368
447522
342310
163666
650885
218679
919171
918952
810640
458115
94156
45134
497807
13935
874707
1006326
218114
291131
559902
45219
221485
308433
458173
120692
159109
91245
456012
561601
560327
91689
641495
229613
834306
91458
91248
628227
503096
220657
629690
135205
316889
252722
834826
834827
250315
290440
640282
325804
642987
1674
121259
559509
120373
217289
595572
21320
94998
229248
930212
640672
94569
290955
881515
1006908
293596
316189
43258
323357
543203
520834
806842
1097373
219953
797423
629490
97341
164904
503660
561599
218492
648511
327338
648973
327175
8930
916934
137353
37106
874065
326580
98268
158579
640295
814402
229788
46134
170054
498791
538771
790693
877126
983173
137939
526111
496439
289467
1051796
791928
470787
1876
977543
453328
496586
914139
880276
291920
587074
120941
645839
253830
92379
876791
105205
104178
459709
876340
21577
975267
220765
9247
503629
160021
644444
10735
95872
539291
22665
166471
12974
1037728
218892
639289
95978
37622
642466
254358
1004798
22618
121490
350485
273117
511877
689139
191389
955229
946062
191449
226444
66632
240430
152765
112977
243459
419904
191861
191937
102777
589483
857655
477428
857656
148892
979222
122278
122280
148924
419243
32147
482240
826196
264751
191180
857958
689971
723201
243508
1071759
993597
386164
181545
611951
115774
728134
475994
31203
1041279
147450
272174
906574
729557
1071895
194580
551425
685056
15921
386739
516892
1109535
1109533
251634
101077
483233
388274
956528
19481
388534
992872
31708
723719
905536
482041
394727
188020
187612
698962
402566
888202
401864
63006
710097
65600
616126
888148
151739
697048
38893
114961
185904
569219
150709
107
13278
297699
705369
406112
861652
861778
4554
827685
186960
186590
589023
61607
155858
414110
711606
905172
64639
889572
767019
126467
418104
1028367
716562
716499
614403
269327
59198
858911
149638
859168
32517
477966
712001
126309
59456
416681
714174
826885
64041
713888
693122
398093
533971
126193
188490
184981
59977
383616
569596
383570
237307
200031
936104
364467
2994
276485
487986
200880
360287
77064
986352
361884
1064927
361259
666366
668441
530581
751435
751422
6399
750810
237647
750440
851621
275943
38637
275942
577433
154820
260943
75264
260948
868914
439272
199240
537402
27919
162464
279706
847431
764020
662331
631066
473666
964129
636170
51224
280360
978047
80297
79226
529722
441303
6875
821493
440948
78782
356538
259565
236803
665404
224128
1088850
358988
278223
359114
359624
669795
20259
530728
195899
262949
610147
71174
5849
502585
1041738
180425
431815
30484
153920
71892
273865
244443
735282
906931
382024
941792
239274
195195
851706
382044
854646
263419
70366
679995
546878
146861
146728
146755
70284
116119
1008180
195817
196995
747473
1067622
851972
435110
262279
622797
435301
435418
937922
368646
670499
908004
1121061
178764
29482
29703
244870
179915
39978
1013711
197588
261713
198140
484480
261907
198049
198025
16247
1086232
745344
103219
264698
356553
905537
393252
523345
356452
263124
558982
1063320
251522
86941
783683
1063318
621804
238838
191832
609547
289448
323320
33125
689995
502866
224566
1016810
58448
291000
1639
131309
619413
942744
30602
640673
277488
155487
681885
455178
702168
104021
488714
915966
150721
454809
201290
707056
24296
593013
547453
574582
532894
311112
277487
104631
1016811
1110159
366042
533704
160144
538973
42219
1006247
269323
583081
1076312
246927
713012
512365
127312
247976
272977
529017
775451
97298
614874
91398
575775
252989
49878
902726
265283
95271
97844
615270
303700
370093
671866
103502
94966
1037566
154131
749184
539435
55242
710849
493853
623039
144633
222150
39634
431643
105422
133296
321648
210726
737798
27740
688606
97971
684912
537538
740022
164233
767099
190543
863443
589281
947038
26961
33847
95854
361239
443850
917247
680434
99343
236027
260030
534564
473009
30906
417750
254006
820730
469566
417412
317920
76879
469402
141828
249030
43846
174859
687818
101686
463911
830199
301782
631026
201362
74891
823824
390375
163167
437499
369524
616503
31341
301763
290713
189752
10904
28434
4379
454243
64595
255100
67945
103398
273706
191998
206662
364651
704320
474064
1115316
327477
77292
356424
21400
806635
3319
21408
892618
409618
138899
102004
301205
216933
236243
278575
66706
644381
512112
8076
255299
465432
604017
146641
83627
36919
262388
13569
341859
398547
612584
686045
256710
569223
174269
92863
655618
887633
664937
39824
188410
117536
448165
37881
157224
149874
651103
448180
895142
246950
259421
600440
926256
679150
569402
910222
274038
506516
490332
656471
304991
192556
936085
254846
23195
97246
446514
188587
30518
77089
253313
164346
154493
313809
621780
3146
684563
263869
253193
18335
982860
715705
175935
744562
911900
543961
975102
476244
209590
410793
159228
77212
151144
3213
20515
386052
5962
10498
867299
1020333
288113
591053
757788
78545
103289
91193
907829
698493
382752
599251
221874
918669
151067
1025765
395705
101583
317018
178909
11464
455875
26172
462866
68662
636096
273286
464984
270973
223022
100022
24070
646226
88680
590442
1039374
450971
121537
13424
43429
267136
83346
478313
117758
91972
445849
180661
101007
761693
526319
71063
180636
563057
3865
435553
631795
802792
804411
59649
395754
382005
222973
45101
783279
836562
45112
1070782
147321
159023
447914
808315
398407
83225
630702
56102
582684
484413
573216
346729
750467
139496
146264
22124
26324
44913
908119
96534
900354
608592
189362
30811
496637
286888
185873
955081
758635
62457
286847
150966
244050
75315
160453
984836
267073
278419
86534
819965
777362
183795
243979
80579
110668
636942
72007
770999
644219
188306
183968
163538
256344
128847
323627
874560
641051
305252
352110
456449
979562
309869
184184
24614
650622
240129
965694
789517
41644
522232
596687
147859
972372
177669
188045
451193
465653
351550
32048
23612
536248
127807
186985
861804
340129
853275
475111
28107
1082703
5036
51607
274524
270219
307419
634832
331361
264039
579433
616388
197362
51565
4806
81807
254808
20162
387504
307554
151228
10565
96230
695233
368116
265642
190130
1090561
617334
1056651
123793
217978
503366
498820
523670
280712
587920
311847
510315
446330
681307
642812
985331
25772
477566
118858
295203
36830
1112266
267843
1048277
185291
136032
145530
178499
467656
1105751
749495
12132
144034
26835
18712
21674
678010
96136
582012
105386
430533
959394
751421
833003
10149
751477
470450
1110716
189074
22499
275059
40087
14155
79382
494256
593696
521869
189032
853545
569929
580789
297429
406764
199242
149299
461513
208269
737320
154089
230718
343063
51041
871966
731445
35422
455416
510229
973336
28114
67448
391573
461502
853688
191739
258175
574801
314497
101709
797475
6119
149610
329071
112903
749225
513078
438359
137671
1066606
910745
133578
692491
62700
843079
500092
293605
130992
1017475
640394
409232
100806
743238
198922
692620
31666
572678
201818
106192
89784
141148
180904
145269
197607
109167
135245
791256
112871
253522
940629
1048452
12521
737384
37712
484074
60562
97347
45623
749143
493038
607046
1134625
259382
44527
163707
359394
2119
763009
503456
229349
297157
953810
725959
788656
544588
12838
963121
837091
380784
741335
400889
9296
821383
1052619
523793
1026723
541944
321616
885039
151285
245411
1040137
918476
478787
796372
98894
170092
1076567
641853
1131475
18049
516184
893515
222975
30354
1127983
51163
701022
529432
23852
637059
1027226
377282
963830
164444
1081563
1097604
364091
463470
736472
964718
572057
586090
813573
51269
846402
122563
599114
1104147
486844
506045
740027
1000358
1019990
348649
801202
115352
162366
192652
236200
431680
76769
712111
326706
774101
1054478
288202
902464
463579
1080678
1106792
261432
1126867
538948
1092106
406807
1004181
290131
933524
15302
496392
360652
47342
740501
69860
671018
908052
907711
280565
786960
849015
176359
953758
931545
462708
169249
892328
953917
774571
1048656
246936
253486
9356
410923
184221
930525
346565
202890
21848
1071065
192132
1065976
690497
700328
36696
122312
693913
952640
593628
272852
893569
43661
44987
223828
260433
190745
1101991
875020
877740
736618
532323
820693
184455
348769
462222
837784
716575
910789
1131944
612365
982663
885674
165876
293189
953257
1004076
494554
256130
6893
120301
112783
840887
926073
1031500
478258
427629
119795
1074817
1014218
1002753
1028902
403164
275540
980679
106477
792701
164593
170801
138387
972643
779890
250719
1013935
450596
84105
785970
152042
292683
685156
498738
897393
545790
275955
89808
628024
522566
474406
277235
477231
999791
767436
905923
232312
1057538
1024626
891327
693009
1052117
965466
743388
555514
780337
499328
1043318
582853
257858
457716
553450
206421
40376
257622
40375
6632
816495
983819
57305
473888
529011
438090
157827
940578
197796
950570
314154
1016049
692215
906425
225195
1064022
110812
1061660
419112
1126629
136312
522994
333453
1123585
72966
966693
824212
138351
586871
929520
257703
459664
688763
64098
1031170
1055874
617956
5674
164652
393699
651029
362265
418778
20059
940423
714808
1036829
871819
1131121
954869
658315
252341
915779
995270
24210
587689
976853
644001
309262
252270
128130
184008
1105817
718402
341706
763979
542764
906169
980487
743010
412779
277260
145461
824476
663834
85385
908624
32449
276449
292405
85248
629881
1091461
31471
779217
1123480
998623
178380
640770
27368
1064372
434224
760267
37164
73779
91811
209983
162701
434184
725797
259289
276288
929405
138603
312046
42953
257318
253467
160785
843275
45689
275874
142638
947399
78851
565760
749247
587243
433771
217673
347549
275863
706134
439669
27146
16610
678528
293543
89794
388366
4623
475611
479718
356190
281298
848958
134497
547612
996297
241499
299639
40542
1034632
383426
134514
320615
676120
55983
164648
86436
236005
382081
174062
170286
891403
128816
255576
332085
584618
491552
1031136
317932
1002736
312670
628967
292797
185936
9860
815518
100217
3604
11864
66759
873798
193739
137585
153272
143713
414671
313180
586496
97024
859734
570983
845577
792097
160080
970212
3706
240068
924024
278142
186366
571371
252097
925200
3681
263659
282611
952275
329618
228383
174058
556011
389067
160193
96317
89710
783563
276131
388441
153914
587147
1001688
805766
63690
77035
401015
1006345
459701
629297
1066632
269978
89732
109209
89734
812171
76972
827362
1116773
341693
738549
521189
164713
21936
1010913
873692
85850
342541
676205
732376
479258
777347
543263
543262
625403
360637
1126331
269550
972461
1077645
155042
28525
736839
918994
667883
1042864
4227
278453
45334
33985
44231
298820
684243
33711
44221
620513
145548
237246
201198
816787
17022
785611
986523
171470
400846
154226
150262
831403
506294
139062
54588
538777
193977
108683
466355
275222
108681
570037
314177
11154
66379
788410
971064
218287
812497
45859
199230
54784
893831
656658
530588
430677
154081
139244
876028
242213
37819
793895
295291
607452
22478
160807
26904
237542
367959
143995
199379
265362
382503
139122
66288
973506
122634
35399
96099
28151
940307
293797
427417
722384
97535
208012
262849
607566
425135
370268
40058
84784
108666
87507
1086355
96025
464655
677659
658208
1050838
14168
477798
100681
816921
370321
190922
467027
732668
370211
331154
76487
154129
370311
1089768
625249
11744
382353
681223
229410
14338
788553
516203
55148
562559
87253
16734
87255
470586
155481
587341
16742
584071
201048
4720
388147
159401
32335
477931
524109
32352
242120
711369
349287
585373
636699
154009
106053
537202
85133
186910
490461
150221
768207
430897
293642
453014
948052
570216
223489
462608
466439
78971
308089
1116682
270128
21748
186957
732837
257835
5039
726376
788452
111784
368079
555809
898318
25303
553192
150311
16863
824185
4785
648082
139941
343251
876633
228623
11158
155540
51642
6280
178538
1056749
336500
270191
16795
344504
174978
128271
1122303
55052
254378
391399
257816
295207
1120682
1120680
457733
148211
40103
668270
318409
283255
488396
140584
271627
879249
767363
260636
689099
293399
685469
766644
538072
635809
162372
142914
70098
52611
143290
581534
912406
563482
483850
483364
264431
238936
569450
803219
606772
103277
402833
198751
94685
72143
103282
1051842
27722
26199
317066
590237
140259
160218
157234
395543
160216
1120113
181468
94726
164263
238996
1047158
72071
821926
340617
968923
259034
330060
655678
224055
629922
50664
543149
827705
286855
742203
95689
276196
124055
1112487
37617
681959
235735
837188
630644
651493
132292
331787
192548
563487
309779
2015
507117
240435
445958
829374
98104
27743
605494
638421
631057
85801
150536
507974
362389
273783
278043
245188
111148
530859
63520
38605
1035097
538636
450350
641225
46399
699073
90933
1125
134593
1016478
967547
863704
167441
128484
242558
122089
103089
754887
274218
582403
521875
119338
621137
1001302
345305
1092399
136205
726874
38651
692769
1084905
114974
769015
1067493
802783
776540
125858
1067495
1067496
62572
465643
639847
907697
1077875
242526
571566
716653
586198
945722
238646
978248
86103
991967
164401
160277
1007139
511004
742955
624537
1010170
283357
283355
582701
838049
502917
945910
138108
455297
475232
318838
162170
119094
609002
64878
325338
97808
269511
794845
288908
211165
751040
1115461
369631
580948
742978
477019
187280
60318
873459
831919
68761
450817
304949
892861
294465
771264
91679
355527
483644
26738
22012
950479
398268
446299
336108
882158
958297
163986
364482
891012
191364
9787
393333
519467
56806
103476
1098955
463573
912049
521514
268688
910906
22025
104993
263773
239448
654862
478095
667900
438216
99284
625528
507067
34448
890879
523847
938658
629930
1071452
685702
918047
56352
71191
640864
781948
141345
470839
342613
328290
22895
287474
451158
483180
268850
329208
513099
364273
551926
277498
385041
526216
263310
70442
835872
46010
682252
393786
291209
635119
635593
8078
201991
71141
292336
852024
815869
689641
612785
882130
209695
398204
364548
92838
525194
229120
1091268
26795
590398
17463
92185
272687
127020
636797
384918
419527
1026512
284274
26301
650523
485335
694309
445712
381265
353739
188016
37136
522373
724035
229267
309476
317111
304045
180071
561801
559521
83189
192301
622893
329281
337218
588173
139237
929919
830150
181622
229287
115851
319879
309756
5942
543167
445637
668823
1044802
537793
46125
1025191
317399
271985
780380
256096
267600
419262
822396
861273
123984
839532
251719
84350
135108
34514
738247
260810
34117
949713
46128
23365
131830
463347
202136
33021
180283
228496
523871
70887
388569
542355
47812
227047
345168
616182
95526
697180
309532
912121
290570
98635
745381
729551
443816
174298
774878
966370
49569
767017
626861
270514
353607
224833
922601
596286
72641
474436
69332
971714
637563
412312
505227
448782
492309
588830
749629
77302
86897
632868
529766
67748
864733
120358
714282
587881
1061754
133013
107945
132387
586
989597
691446
913455
244484
297852
45183
68966
30791
809469
278870
325681
243453
751474
260357
121553
359773
69448
805393
86714
271027
453246
419757
102118
256844
230967
51016
986981
312333
102133
824955
382731
636137
341370
1045931
534220
326810
30785
72613
6866
564287
820157
508695
436949
256284
737371
932794
601183
64250
52338
298460
266101
714248
27488
531287
362573
626931
455659
157960
317811
488316
326981
45075
141171
403145
141193
338216
141894
403147
47253
453681
1035676
773378
100902
939657
274576
310737
553059
195845
981725
363725
382691
48714
141594
39227
569879
817711
30991
449311
684134
503340
294686
125307
437739
331667
248361
83080
220796
18330
79889
621418
1105136
152985
184810
788045
473988
552912
195315
877549
161225
449066
449582
347597
147344
352005
770557
859569
30829
1105135
43082
976710
138441
499273
178079
817066
774044
147059
100885
13312
31106
829148
83058
962305
273102
704683
174784
61513
817068
177811
61519
390456
483167
792880
151490
221907
18031
738749
814171
147769
219945
61161
436387
1022515
406148
230577
397623
874121
452923
788166
93760
8859
109294
910088
931861
986437
24520
653178
161831
967001
453106
769715
1009659
956426
220124
743334
166123
50870
570608
736405
646293
302028
261682
569126
794437
334655
956216
69588
121728
102498
82858
335198
587996
356535
153521
545674
417132
136497
473835
743419
212528
138271
25999
339913
820285
492835
492788
755375
735681
507881
186633
1041096
456335
598161
931782
212231
139834
333757
250320
624812
1085864
334623
656414
471702
437231
164219
690463
637279
230717
26615
159100
749112
315472
319937
5969
124743
30612
477555
68953
336331
38193
989249
192305
114999
130245
10415
716458
470894
227773
151557
312583
52472
21991
104233
219978
24066
572618
171274
532591
597086
1046423
23420
153819
222704
332216
141811
137602
272356
218494
825005
106511
299714
343209
16965
267960
329607
530879
1046422
827510
135065
106337
206911
569199
766512
164168
383005
633568
230699
510167
505492
805330
43295
862385
904491
115914
179197
97323
91510
76855
585609
531935
949818
140736
927096
341850
231340
623838
1093327
179884
401488
222789
91260
382685
611098
31567
249197
69964
144611
124980
70277
872612
1074857
192630
81527
437259
604360
641938
872611
884976
565360
222530
604278
624261
927759
11136
180014
998737
289984
872613
179977
26574
91320
332185
95727
604283
285458
222455
566672
444423
444433
217487
157199
299188
911363
285453
558714
253660
630867
208592
89736
1073706
465104
270226
232392
634580
718518
229370
25336
646087
419688
675416
153208
365789
154078
771674
26093
170559
196803
15457
84765
38167
276218
326155
106222
180059
287701
23374
238303
830168
135608
647210
688823
716409
1093324
149271
789150
191886
191796
257404
229364
157233
492429
158068
689833
232829
598914
587301
999205
292914
292911
581581
192729
622385
144868
237339
730309
684988
497080
60686
104389
135106
474252
282886
31641
390568
4610
328298
128288
173844
4047
100186
965388
965387
965386
53274
870439
975186
473826
215390
36744
53272
424740
56533
35490
667525
449984
986462
624824
508382
93775
631587
473863
243160
986461
201491
986460
119754
986458
212454
658513
259599
1022766
160417
449895
1022783
447726
353226
900183
608244
919765
995523
534423
322883
676942
370441
58031
919590
395712
40324
29273
103015
251373
259391
35335
588667
700703
1002214
583929
729282
143638
161956
201639
295986
127196
19945
319747
161993
4310
27328
291001
334559
265108
470357
464244
455760
156103
265613
579576
147024
198294
94292
250724
259954
1059170
214611
508661
225418
287159
669365
921856
310786
18507
430242
753123
503329
260187
606134
519748
679297
643256
392265
143923
36313
214318
990593
449619
136744
250311
255554
151086
631521
871149
174242
83508
656729
243375
719105
614731
614732
553439
582499
29617
649363
624837
19114
136625
908794
94320
146972
1014317
614227
324831
121386
61372
306951
120027
75603
265042
82981
250389
629648
233405
272949
103190
71218
4964
1004671
463567
1004670
1004669
528111
1004668
143462
188563
141657
103840
559880
655286
433322
588504
587639
4890
836768
1078087
572443
464866
457048
267558
2346
103678
148171
21487
498161
353072
227132
271546
1057780
216557
8657
319476
698485
335627
463506
698407
762274
727164
263877
584897
521451
71332
172661
143400
786848
645101
950116
398811
342635
554142
17071
17092
1002834
209820
152292
707429
986106
227310
805555
61768
156589
84487
507051
822265
896800
2219
648248
26672
210342
21385
259239
999917
12498
710196
1013440
408107
1063148
320945
713314
277982
728600
173201
260652
741751
29826
277944
118790
103354
146603
78072
464705
754234
17726
1043321
94663
345246
128650
271636
146610
483863
812077
849303
812076
166708
259134
94754
26936
4767
980337
139231
788381
12407
400900
455208
210560
880006
9266
241966
264266
475875
326860
587627
600640
93182
267348
880016
880017
21125
578078
1069367
259035
2460
65073
84183
226853
103487
216154
470621
881790
264301
368823
473743
720387
1086122
493318
178062
144500
546771
694139
542845
1046475
435803
247709
546772
546774
327501
769825
149970
586601
546775
44014
96686
629085
1035966
546776
1035968
271402
804280
125905
67069
685408
960781
223012
1067853
113527
327763
80979
854349
347618
272079
97257
178205
583
269790
651113
838247
491736
25672
275088
607124
106144
67004
779216
24786
665250
86591
1017307
85048
143117
796853
217646
593494
45165
44092
39543
157451
556681
1006868
532765
351340
208503
52247
249507
208560
95868
428086
645785
200458
418414
1016129
191418
52455
180427
645710
65866
246246
565783
771495
445559
460699
126503
610807
39691
359084
30248
275864
269024
718613
611808
31110
327188
199731
275793
621411
913533
9725
1110223
483182
269362
69907
958987
383124
39805
326840
734963
149846
643925
104793
45068
191125
643969
683193
39802
51270
56022
204719
625658
132231
597339
807181
434957
724097
30708
22753
737808
254168
299461
90966
492928
262187
551973
915164
85576
14510
158764
298910
1008614
616337
61880
28501
486633
179622
298891
528689
341782
362334
670644
28917
609759
503965
843950
545878
255031
580885
777606
453517
974327
638393
538980
349577
465781
7945
270747
670128
33166
531734
536588
962346
914763
817357
894083
346208
528895
131004
311827
144782
637518
123720
472093
151585
820530
39215
917339
179737
474176
105247
131385
548220
117374
944865
125151
134815
131392
701730
138260
821670
393992
498873
77871
856089
646606
347436
801784
22811
87262
178222
473182
223262
24487
928497
62239
24503
148886
554662
616682
256466
585066
479197
689181
1103429
207495
4609
393601
239535
475981
264316
271253
586092
1008280
622914
218141
98478
270961
78908
53774
450018
441267
698434
91423
499260
392302
316904
155528
49749
317941
240156
499333
940533
86984
100110
655291
115467
22236
151520
1012825
136869
493056
86405
242017
71146
176219
136812
48793
312662
161030
184119
942177
973048
49466
242231
151069
453545
136982
226465
521721
86027
48245
453225
196897
151247
452954
115227
344791
506317
196971
61873
432222
511111
891840
216339
529096
188403
271430
951408
343032
593416
450831
195868
655762
791395
723697
8934
22445
503407
892970
1044382
692718
315775
718550
907828
241393
241370
226955
363542
129975
99761
729618
630578
271587
7349
630535
678061
121351
240662
656842
656245
498882
545171
78082
191493
89084
77255
135780
217575
96234
627956
185923
228494
365797
628743
497633
153431
674234
704170
662965
445766
237267
803611
584444
268738
600310
699674
370193
436178
755022
55868
448088
23548
700758
141225
339371
267403
235369
601664
154448
93753
370266
447646
524421
445185
700643
217123
660638
538281
89152
96499
497947
186920
120546
537149
229346
699868
52037
563835
268406
156572
25953
35470
538347
446822
754274
474206
236432
787159
1114055
595734
94853
726862
863115
17740
754063
167438
268207
662021
446848
661631
559394
565402
3718
584141
704667
447191
918373
869955
229331
530441
191815
186071
336503
474375
23404
338192
436613
584171
474505
897479
4313
628414
17709
192009
269589
132936
412333
78650
1045453
70320
503081
920646
1117107
27286
76691
625257
449509
187579
586320
4027
449493
475323
510755
63136
1114889
92360
77379
443507
17492
334647
587392
434817
155121
22704
1064098
143421
794433
790184
120908
239283
364134
625562
658507
701778
7810
152481
238909
364210
329367
194998
593791
626959
391632
596949
341204
261466
1045450
238587
319460
152697
320570
97421
1115861
217721
335275
448485
54997
1049101
190728
719573
217036
97268
719534
269782
26616
156927
700893
599406
165095
156888
551433
367722
584648
583659
524033
229998
238439
587388
627153
24798
3777
1011301
319812
725371
334882
340477
136052
266508
1009335
120774
263564
990368
327521
334971
190522
367857
805223
976379
4117
744313
511275
71606
249920
1003267
31338
840631
851922
514100
249959
162591
515876
123880
350638
201935
106540
460737
258259
733982
420067
936283
106468
1018149
222817
2668
253622
1131657
882500
74211
1019980
148371
219981
242755
614223
381615
464521
996681
20408
289009
915915
359016
148449
1131655
845741
253586
74268
83626
733834
249498
287223
206180
1101004
733038
636629
13141
105719
829143
841531
845009
299203
355528
112927
354219
853147
299611
179037
937028
1004453
221033
577535
127205
979686
106026
354025
984551
159618
112970
219676
258525
761638
58583
845083
249083
298414
20907
106118
936578
248958
278076
258572
287980
31035
460038
712216
644591
540776
482901
109104
109022
738739
612905
996860
59367
352548
880324
850086
641262
178046
644464
82889
80744
159233
251840
580029
279620
517422
139936
835667
147328
849799
689253
849687
579686
75040
204713
879707
221560
575206
41111
849367
636430
837145
356634
356659
838596
280674
1119111
1031379
613340
768827
641343
381864
112418
576033
770401
283199
517694
222275
126205
58984
929943
539951
576286
483082
221264
488192
295495
611380
832965
31487
839944
250587
147072
64849
13781
834194
19949
401684
83010
713441
147928
533888
31895
293772
1081895
839628
112486
356306
44124
580134
147168
81092
713632
294355
462406
535857
687874
247788
1110401
615611
348518
102291
1075333
398637
455410
730437
128027
457133
758792
1063300
259011
385866
199990
219108
224497
218932
150427
160632
556503
591669
259780
876853
29123
964620
57870
29153
615702
824936
102056
346624
854862
102095
911121
102106
21890
455270
455275
820193
855026
103977
225731
303350
581623
102744
260014
456287
150052
209984
305392
150067
128668
386489
592059
775399
417025
581694
85095
570740
305072
103407
347353
84997
34542
731361
456818
633429
113975
1063287
150353
245144
103472
245039
181993
650773
137599
707818
633231
260091
122123
76036
102971
825227
466814
1015239
381106
616080
696894
469638
42082
247249
959493
172267
220972
609357
569569
65075
85872
996219
479470
254431
1038806
964916
277278
992005
101196
273498
466836
580895
427134
538972
149216
207157
45728
277017
164151
998485
45799
242824
300514
427653
380788
276505
301391
254996
243467
158465
766673
127772
163809
362232
1018615
633998
206768
648715
224149
766695
420584
346333
652870
684094
490186
274168
206810
110596
940534
854211
519944
246340
198171
492413
730239
889787
336086
296327
123005
16675
573773
740106
518086
219925
325673
296607
325533
832067
262901
634976
97007
547158
474514
600781
600336
390174
248282
618480
704235
106273
106025
953472
359520
733733
1110339
164952
31021
830092
1129107
163622
497430
13233
120057
219648
120133
474417
596054
94523
268109
192021
897172
236284
1007122
249551
1015649
325341
830924
645331
89016
390308
156347
714141
418335
44855
214606
140177
532414
239685
610806
275009
610805
518402
6252
532441
261275
662016
349778
634709
726879
324617
72940
262375
884767
191791
208937
830726
830678
336048
280634
832581
475506
392151
950535
163015
736616
179674
32618
794079
1081166
188090
24428
124818
500186
91136
1077078
598316
118546
1123328
188072
794646
155394
1087088
977970
32468
671037
443000
613958
641191
23760
875623
282997
666369
253489
529405
983796
666629
839963
68669
554500
139349
626567
627000
529156
529153
231509
216491
231168
626110
41997
188547
231167
626109
331892
702543
560788
24057
1081392
285858
332134
99172
3848
577795
640271
639693
577267
736912
668150
255955
42339
439607
264292
903897
499453
331191
285394
221015
639777
1065372
254518
32889
403696
1104665
189688
644495
367700
59065
851430
580202
145467
107486
215119
60769
352047
203363
125936
190630
251424
335265
220236
220237
125872
220238
75336
257688
635828
851491
126347
498084
2406
663674
31523
1036614
295614
851668
798452
726136
93643
31660
294991
851494
851493
31680
1059163
190613
725750
36635
463595
1088547
328270
1024546
187477
1019521
352794
560081
82664
68835
17044
290728
1131038
53294
838837
394047
641487
879574
1088548
874914
43942
636395
642674
292804
174899
424010
89584
279991
642448
636271
43723
108114
32166
252248
68934
486991
54791
900195
612994
1842
341018
164149
756736
61872
886593
241780
46213
209821
105035
887908
717419
349256
99051
436142
170163
942671
473010
38857
47739
823325
387577
389613
496334
66426
743515
606898
192684
304790
78963
339504
1125397
101226
448173
200896
78913
776309
69683
209641
449891
1079553
621898
1054634
942528
101663
238302
217424
12123
621365
780677
364384
946504
650681
1086022
806779
273732
489487
888231
556311
277582
276500
158307
85230
496320
104269
893171
38261
240963
320280
780679
549449
472211
621363
120256
61524
717205
946505
22199
472400
163921
1044171
520212
776611
158432
18387
270105
70296
784266
158430
29761
717225
621364
388567
101237
71408
595662
435593
23035
566764
683256
658439
894749
417727
727650
633154
727652
417668
621265
478830
885086
131733
632270
47425
347021
544964
1006316
569643
820213
717999
99550
909717
185934
7438
654416
49394
243463
674966
551293
778801
459063
199279
992306
240410
894878
955671
344475
910938
150008
128413
58257
925346
1070222
341925
872517
491878
808756
242411
97950
273279
1054851
277373
816585
198858
473416
26748
198869
494163
87066
244797
808863
652918
1028027
342769
223942
346318
568127
947353
238766
12664
944566
27017
38923
218865
406030
156784
51469
218872
27000
1122236
510803
479074
94018
881846
290269
523265
251546
1071987
1022185
138571
94067
583648
824057
178776
838863
175040
340091
773982
67144
71346
436097
962895
329439
41866
600273
959131
448900
844762
569553
71865
256380
206020
71938
158170
624060
8314
41610
158227
844547
46169
1074975
67383
731630
338736
773888
1047600
217581
251378
446808
1047597
251347
673767
93961
1005198
290635
734649
525197
446561
438095
251181
349960
290808
251845
252252
437938
69051
795500
842021
253201
733019
1073100
710099
254673
635773
94597
123934
933123
144854
385913
879846
843442
524293
785803
880301
966997
644641
149228
254950
253040
43823
355801
843617
105786
255005
95101
710303
43689
7622
288142
149291
406723
386244
879015
657675
253950
456232
584515
253879
498595
150960
523787
933590
132228
7308
94733
253759
68711
159026
684151
661075
105357
339052
842733
406767
386108
842696
287484
879623
254413
146594
453970
1072791
204432
70409
547299
252176
840762
1129470
45804
137946
95309
255623
138018
45784
644135
42936
840798
448608
286755
844078
42796
840717
437755
479040
106135
844084
385051
289782
463194
1095763
350092
1011051
70325
70347
70361
537846
8067
920537
45714
462703
524427
356349
69514
1097965
880713
255127
149195
978329
1047789
252631
880770
660971
217308
386640
511874
511945
407467
880879
289114
1074389
289154
795746
386672
436296
523433
7994
877875
6862
105092
628486
635846
463328
655377
245703
888153
258916
296779
74916
612600
258944
832827
297233
888350
728951
461730
1093405
157138
75173
92344
114720
453291
38271
92380
327768
380792
38280
38301
139694
104112
96702
174517
215418
1050100
92439
787193
245542
331855
510484
200963
341669
37582
582025
341683
298059
245029
8881
96808
979298
831471
108059
145179
439767
244942
389806
103833
297942
96857
664192
179600
712968
75497
186738
107965
921739
832048
65177
527762
341557
245378
949781
1036320
887768
614615
606509
164982
206290
218305
655548
471519
46856
40543
174547
409567
711920
389133
40018
5843
472261
797073
884479
672904
526291
6045
1047152
1011578
66238
552852
40080
672771
137662
705935
438794
918139
174871
705983
772258
382640
586784
493430
765159
1003391
1130727
643700
959373
797466
257891
202159
284518
885893
1076202
218788
8563
967380
47339
438900
157695
5898
139238
218746
1101534
39804
456441
456439
885587
139165
284730
293692
293685
786866
538790
179652
588206
93573
357158
131607
478622
292696
387609
845282
351098
583036
174948
1039627
510132
292508
175438
104754
256853
66541
285454
249739
285445
586302
95996
645245
256945
984203
978847
986016
285303
1070340
1003928
40598
845711
624421
510173
250080
121048
256433
446520
165179
731202
1037628
640843
493836
566559
158077
349816
585869
998445
639879
104808
707320
586093
510333
203125
166371
106750
512407
41203
72414
292174
349740
218045
977169
72484
538513
351072
126380
293135
64857
103646
447114
671501
403287
403286
1026269
671474
686118
797027
916613
36763
889845
76289
528359
1092477
97125
521663
1077418
13219
244629
499703
451629
298530
148808
479637
96977
740405
412271
75914
994038
75855
528025
156736
244020
528370
260061
326983
348497
137707
36220
1124704
220226
646725
348527
281296
987258
181902
300428
144295
646712
91471
571580
260058
64234
963868
727626
207398
528483
581834
390454
543049
200432
702692
299694
492653
449462
205016
179972
159060
147449
188418
276907
222918
30476
630447
580017
263204
1080271
80853
30704
698340
531604
30846
154773
180530
222774
434413
1045554
208652
141644
31176
61827
630373
110456
401619
664675
801921
170200
31351
311749
943048
501077
196677
519663
855486
416793
545575
336257
1032829
416778
501022
592153
236456
855154
980167
626951
52744
98405
573632
687787
102074
622358
897917
163785
622370
604027
941898
136285
180396
853679
1090015
749570
455678
448166
870255
277990
354626
144025
633779
80050
238089
110215
491560
393066
1001726
116145
491574
953475
1132762
51759
1045762
32391
62319
819530
543479
1033682
1033485
681678
1006746
869959
669350
102324
1006741
237470
310111
1119803
941794
277470
591381
9624
31611
237644
677462
580333
698777
648470
491459
445597
31781
150412
102399
197898
9599
180459
152033
455671
180615
697883
1088829
417472
135944
1060332
143722
368469
539545
1060425
417510
142229
53787
688436
532515
899505
101507
637528
82264
635081
791791
11986
532457
924580
532455
505332
344269
275356
264574
532393
678019
417689
855675
274574
82897
965726
395077
716598
27533
128932
982254
180824
621984
27623
1059956
163449
195444
60351
170931
574543
688644
558312
82590
10094
680816
195536
82574
195542
473682
1125861
752675
313045
899187
163683
312606
312586
401011
148324
505588
519454
770809
29333
264028
532181
856024
180660
668299
434084
29439
752077
1032647
188333
180645
519584
868969
81472
196478
29660
147528
98466
394423
29165
483440
170485
101584
275444
490900
899123
264478
212953
195996
777044
209167
12036
417234
450155
344179
442756
668063
752437
602130
28989
558756
264270
394457
459442
89054
81806
264219
801015
632712
287684
391492
348231
763060
16974
414127
513820
109041
280076
16957
743935
743934
130273
472654
391487
156040
701348
97507
220720
701395
593372
220713
149569
892171
447186
241974
1017539
581412
825728
207678
348317
414319
240884
561782
1065028
12779
151773
893218
1106992
1106934
726133
1065134
122970
767859
589701
744198
303627
440617
359126
391635
500153
140667
17039
1002405
241252
109129
220921
825553
826644
743299
169666
508187
108634
455874
91059
332126
528888
9067
604550
528885
103413
528847
49686
543123
571833
200075
91176
742176
76922
103432
147151
742056
922104
342249
563067
224501
1124719
523824
701796
1105627
16777
562566
997900
951680
670987
402908
220567
190950
787803
922230
629765
16673
156241
499933
1066003
108656
242385
1035142
581572
742798
658199
174184
562648
77245
156293
200040
402974
326198
146233
426793
589819
79213
239068
762467
608787
145331
62674
747291
261835
160940
79267
141095
894973
354824
452017
821069
988310
491809
762554
151879
180230
871007
1108210
800563
279086
261775
608660
714429
151918
307122
337053
79608
17892
141313
465316
150442
150443
51498
62421
820007
590773
1013246
999079
136657
485443
164078
32754
590707
372908
714595
447394
495494
141166
221930
982948
852683
102784
973418
852353
78998
239621
1016275
700343
348072
638485
988098
279487
50667
4366
304596
240411
63097
445718
647609
561568
177646
851834
851807
507499
63164
529852
34326
824711
337037
177718
109304
50532
50528
445709
149622
304866
12724
17431
871182
590282
155687
1034303
638438
33768
590236
994891
988165
33823
239896
279219
144127
823359
973765
184920
488943
78678
474327
180162
359256
240154
745443
140868
149394
246683
96530
965481
246568
153941
319972
555235
8667
534140
267549
650620
965139
164750
1233
632992
779585
226043
452234
595805
1042922
135180
420140
411029
56549
149983
231403
439414
20368
85034
865435
362628
473534
1011774
20098
22033
910375
443372
269572
665807
476171
25468
518110
570082
20119
450667
858901
101112
59003
96468
266582
210858
353829
473165
803675
335511
863868
84924
55789
142667
340973
398782
148095
96490
398628
201684
1031388
128387
621596
364377
477253
25777
680634
345921
190385
150066
331654
906592
147671
271562
57858
74542
954042
121897
631590
388919
542713
113356
26021
779214
610269
192279
188057
21595
26080
345888
516236
907883
25768
85969
38889
258136
927806
756938
316778
57971
927801
863495
24059
353562
614099
1036649
534080
1122
812167
21821
431992
228929
444387
759055
966891
679424
534066
113462
419099
271702
162237
127557
225328
247280
704636
574894
135068
967556
546865
453478
577887
24488
83078
625879
173258
24484
574754
191938
86916
19624
1008084
334066
908290
624895
163150
667476
265989
211383
22853
181544
73584
965208
515651
1018484
1043459
1029865
83007
171424
1054124
134116
73829
335770
2076
925736
19313
83204
58396
266005
13587
689898
73692
1133833
534500
1116763
231637
349541
639549
860166
88311
419937
642375
191944
654845
909919
970780
904602
544931
314915
902182
540229
314858
341205
903893
737851
959083
770267
55347
233324
1055691
267314
318663
937142
683253
122106
150734
86341
246541
88120
163414
424716
395601
321812
22249
272512
122060
22981
565676
680351
23016
937424
447608
805065
1053712
88129
86372
219207
1058649
273503
477143
345001
274111
55634
444169
152912
653498
124962
19840
153107
549711
678594
19166
193056
463509
100198
1014359
87014
545065
192568
54628
1003616
1014376
611836
84304
395763
691953
131085
247238
757434
258093
269249
419604
195214
779251
99381
232661
886824
26392
362218
317667
26766
266655
142852
127714
466869
637004
650243
125075
685481
503784
26469
539853
145898
861776
147832
197
864082
908574
246615
570654
787008
211036
321142
59457
26160
93313
266234
267026
594108
606902
570535
650429
26261
26257
27095
726
365574
504058
147906
21436
227162
21458
10524
159770
650281
353508
1030799
769805
147728
809124
1025680
685534
704377
26923
128761
246367
353448
39225
479
181114
228667
691263
85486
446087
128788
458785
704348
910200
454941
294614
397258
980902
23588
1030895
231146
172879
125115
518517
689732
982122
112756
125103
718059
654438
130219
119842
247321
975531
554246
954161
65848
31537
107192
237654
187543
386650
505874
1026484
1026483
170431
842873
155083
68301
79311
1047641
297339
1048133
610853
521927
918791
323266
291205
820902
381656
1026482
954160
523713
871741
827844
609567
1058402
1007675
735618
290666
132739
95869
532465
735616
186958
79424
88022
892194
829945
37011
5080
307996
476787
370340
872075
109620
898210
386653
804315
2432
23485
2109
571548
186579
892904
606905
97279
533462
871558
899460
715601
431323
936315
260890
929469
1054318
202979
219732
226802
531058
153667
445787
641032
165981
42722
592719
120028
6858
386646
645136
121155
930155
94298
105010
398319
568013
122373
70587
616330
78648
536720
581941
576054
475865
627773
684037
280986
475867
76285
137519
546864
857424
1028291
616333
241381
629853
569496
158252
545920
457877
458436
220615
472329
157027
100883
94472
141579
221664
221661
505511
467024
15319
621701
332141
396023
644581
940440
25324
445938
252383
908695
594624
266395
18058
334105
924989
1123338
80473
832913
321470
245137
950068
148531
157016
306956
667239
348631
18794
908694
128225
331028
533899
510528
321575
271184
96893
62500
886208
278990
402225
263558
274830
1051147
130574
919994
270244
725514
45823
458877
474300
35590
43880
71363
862856
982216
671165
230756
85838
97998
671162
154001
895038
97996
382041
657359
198011
218144
623746
504103
566180
437474
329534
151033
339304
198066
278119
318739
270708
685597
75562
381801
245767
546602
451524
501250
99659
270706
273945
10109
1049477
956240
446701
612638
737731
99262
936501
224640
278120
511850
1104841
146860
639860
99726
618552
288654
209514
252212
829490
666036
281098
679923
866981
61871
682764
1110502
566717
279002
560287
270705
470469
623721
254048
292934
758116
470472
856844
901540
682104
816778
497315
106205
227260
101485
938079
471665
305588
569087
201207
622194
897169
578323
887551
968206
576432
667369
19275
179939
380112
455636
679411
712645
98690
878417
525550
99418
908797
1084688
476114
591254
98687
294176
694410
95282
809880
157759
218782
131470
606352
931874
900965
178852
854825
175368
127606
277517
599891
245093
368572
18897
1064687
260079
166025
1054345
635000
147445
624088
534947
505111
144084
349038
368316
134789
622198
31172
215464
452572
256460
622197
969476
325962
652504
578280
941330
1034709
609491
18909
366043
661349
891489
35256
802362
95324
638418
1008866
357490
262144
226589
22782
99163
205048
1018888
560970
366046
355618
150459
282005
447151
637247
237129
801706
751958
974263
561717
671115
301790
1039158
21765
96721
41559
1117496
33971
418314
437645
22032
210472
864940
162244
300539
492001
143811
552631
120738
818151
296977
221178
174942
766010
888110
274879
433672
621851
224596
774113
514068
120874
688103
1123851
218432
854242
675846
884452
316021
478381
435125
325266
1009803
958998
641356
776062
742051
244338
63810
4655
981693
207522
50235
552488
447845
258533
713858
88954
307993
150852
230740
449771
573079
240510
439661
974195
458350
349441
207648
992923
4715
431361
921480
684941
251055
758325
861878
276660
534935
492516
154282
965708
137895
166742
733188
586616
617656
292269
133282
88352
81341
6612
208179
795716
192926
271416
644417
471838
3058
1044698
898200
867858
661784
19293
763751
904939
646678
465111
133968
1033811
1108512
175153
4737
151248
953808
624517
150976
759808
602695
338574
40559
692154
774304
56370
1033812
1033814
964069
890222
695124
344520
617663
1077458
842061
1071855
355304
641722
475206
96791
215789
842062
433871
614909
1132753
838421
179931
48868
884858
7027
39499
1054565
798292
3210
772096
43181
188548
230285
1047908
733835
713960
638278
77142
906240
900864
145967
607361
39238
99288
260036
1110055
552083
900621
458764
560568
163451
716400
665015
864630
362221
124975
42845
717977
39220
578156
251143
178047
191709
888463
615771
117625
808196
35209
626213
95195
147637
1045258
62667
687640
234957
851033
325938
455217
845602
728096
556106
507999
542872
42954
439245
31561
666964
981071
341323
76938
188118
679443
423529
23143
69374
828811
730320
829944
658455
532205
491378
2980
291331
532202
520894
658456
923839
622228
147614
292224
280484
363859
455210
109402
227787
397659
1076544
39269
218719
237006
347351
465375
163494
1118993
109413
635164
386707
591330
866104
272140
614130
600049
281225
734236
69272
487522
83432
751360
399534
587291
587292
713611
213225
78944
7239
816575
1092928
658452
3331
213186
751348
72927
30979
622170
874248
960457
473736
95402
251800
147726
185539
2866
216442
340238
606307
641028
989619
522170
95698
840674
246471
1045326
335851
355842
838422
413131
884239
788126
111248
534959
39595
530393
753242
568809
849024
125099
735299
335857
539628
77264
211005
1015931
281920
206892
779141
996414
578435
964293
986825
90926
256543
632525
341188
927967
651280
655279
850925
967467
7425
448906
820817
765672
651513
738765
19212
1017117
619578
542748
714494
51779
327463
1045361
984903
624046
829979
292237
1051432
949537
910187
701332
31649
334671
124973
853220
276012
506593
875116
513651
62717
334667
300571
277445
499057
95626
441315
363793
374193
833148
609608
369602
90889
439177
447207
354702
889763
473766
350618
31278
451253
756860
651369
196370
606286
967339
680512
1019894
157979
1098724
517451
574150
683325
31267
109488
216333
39574
69517
297503
144125
721489
1054502
431719
297506
274188
117639
522507
1059480
240824
272467
732902
842124
730810
419802
849680
180028
52188
496398
709447
858942
317048
647051
75094
93048
300510
98186
843288
1002129
168451
824627
54926
394997
248795
794807
196991
70099
285813
17677
205679
161267
504867
266255
98179
908442
905214
632787
319373
93063
367256
953248
469405
148829
26704
824744
59087
636790
671369
305984
16350
787458
1116827
591810
102896
102885
857221
334457
79203
844189
879340
93101
483807
148845
159965
683731
367827
509950
164206
173938
227153
109634
958068
738024
65299
569455
144560
1000725
229500
386259
837039
529710
877376
105311
249622
859626
494614
278343
260162
1071938
181522
395017
963134
187471
201863
656241
588864
449077
629945
336892
4093
26120
587590
91697
154563
828364
551633
262246
11311
232703
702659
160599
743301
143417
1039697
276935
882913
348024
33884
818282
159174
201809
984554
285811
432469
664306
132134
91544
201776
221328
325726
307069
105383
228340
448583
387557
875384
960748
988048
981544
528403
449031
105364
344700
445428
391754
426890
275161
879220
1020353
496673
160152
546819
513083
231046
501169
776412
1034164
1006839
993619
698693
352878
51417
638015
51472
766807
697007
534072
600829
164259
1875
679713
132599
13589
13571
141503
882712
290577
344287
244567
63331
146281
884007
1129192
303812
629662
762806
93427
205187
545769
616716
98587
1033909
74977
1063631
110638
273168
721516
343219
1124267
122472
751525
458165
59746
821518
997952
439095
449766
864354
456383
397092
727933
635445
1082446
828663
562282
580556
168327
336305
746200
459718
640603
227126
329582
588186
661196
463503
463501
220208
81778
153109
1082811
660548
135721
602970
173179
154079
654864
961547
259948
463527
839588
98275
45930
232562
496506
206315
141786
1078590
45955
904582
1716
332018
271453
278440
22646
299315
308524
268236
689935
24885
1034316
1721
280140
46076
1034315
874749
521905
447859
927231
394627
141604
476484
141625
852271
657976
880319
8686
521870
911098
292503
292498
533330
597481
1131399
89749
56872
78102
447087
45019
801577
175301
92129
455512
465173
420606
1052226
414219
950666
385620
53813
53817
887222
389581
229236
356328
975198
801547
142794
45061
135273
286246
339137
806707
105728
129741
1077838
287118
82943
218952
295272
108072
452213
133726
292117
170454
271753
566983
946130
69793
579093
905244
636997
806949
437283
908163
966856
465677
544805
912380
907079
29570
742442
950421
265992
1088353
874532
792806
534179
633940
618675
128641
266000
607173
183962
1056734
266536
621887
105729
250580
622330
34692
381774
205813
596551
103555
666657
87628
579916
892723
626724
33581
1126434
520821
509900
334924
489376
53643
1028896
279858
816789
52498
241413
21054
381964
106009
923293
559105
420097
984597
253974
220702
286175
4453
341412
347795
839941
191301
658771
850197
698557
512218
1134801
630000
326508
426348
29244
120590
503706
159002
870343
342687
341450
808651
426980
272276
975244
975246
274174
116680
456230
1061260
433515
591131
983203
278302
853509
773434
278132
992036
560283
417195
79443
25549
39125
811528
96314
137573
933265
237959
152831
699916
84837
180862
576720
436640
607756
293834
76510
135066
473411
1077536
778575
144730
664459
514704
650435
33534
457412
121140
1134600
437388
33864
887267
1134760
247850
132119
541433
1085164
577264
1102541
438189
921913
950188
570308
177956
1102545
1112588
443338
116085
1107694
154547
912193
38385
251698
929636
174287
912194
38827
570337
650182
376076
923
97313
179753
541205
105095
735928
169348
227290
91835
317193
83056
84606
386
797867
215316
1017501
9916
225416
841885
1046958
223013
473923
387993
17084
338997
54067
671769
533811
670744
974461
932551
315098
596863
96178
191061
312588
468110
797290
232620
247934
149789
324622
1073370
382520
410782
3978
470486
395069
10003
991
934996
915490
71297
181550
265892
218835
348567
337054
927006
745038
794771
620190
651082
54201
338998
563338
510224
597706
460122
182325
54154
912313
9948
17859
671765
637032
465730
122099
192523
450681
952911
499954
573142
745778
147935
131063
277092
94199
61331
966676
924139
721417
1031998
660864
66878
777000
777021
257673
532836
237373
419875
99562
357571
357570
238522
94124
340408
131055
343541
752172
523098
893068
741770
84736
294340
438840
334079
28848
61451
94762
334058
237332
167079
343594
47657
379584
352759
718804
381346
587800
553991
156111
839008
99657
388426
147313
369428
61412
27759
202852
484296
194253
972186
381339
81883
596731
752159
335491
27531
523977
625763
711569
945762
273300
24413
85298
280661
522945
248601
772000
219554
345015
573382
111988
779664
75975
842961
956926
42455
620674
152358
184640
279123
545596
487902
571933
441418
220983
530635
502822
163221
162386
14593
310637
196697
748218
455896
118635
357591
829186
47331
100717
729901
47345
174590
441530
209107
376672
882991
239578
238530
662509
333887
189598
74400
229585
136467
294186
683625
147117
924137
152371
799756
631269
349268
277793
930529
171567
32228
113718
465027
733688
718148
206008
202957
222223
47885
6325
280102
67130
27619
523743
613289
207820
1130432
118090
547223
100104
828964
613279
364977
893923
617184
1075455
139705
742682
47850
321023
392267
237186
479479
250296
625258
118081
890014
61797
349557
139740
256305
617118
396092
27685
451486
6391
631470
490704
222248
395609
931607
6423
6421
462828
30234
347049
897601
100026
799270
871575
136827
1044483
331077
336403
984177
984176
582130
100064
349505
857569
834252
347041
914207
996602
782969
163133
221043
994096
202895
865211
112657
211194
136912
485526
856637
472318
37598
914094
200163
715269
290091
100351
140029
543772
237318
537088
447027
554013
572935
1010778
242062
458045
667479
605199
67276
554402
200014
226773
572869
37592
779413
118350
336636
644755
776767
48288
600954
443266
689089
736143
631625
598944
767671
1099679
834266
679548
662385
645978
656946
878613
554132
61663
382968
1044656
254593
435417
118346
743902
898856
1056593
222289
1075383
418303
130339
648312
513447
259211
286091
1121875
553257
530864
1016374
766996
1016373
236793
989149
399830
232917
725905
604358
179984
707463
333776
506277
416805
46543
1074629
119192
662860
569330
704444
779823
884562
371834
688665
370400
516911
229174
1105395
150174
793832
283851
980635
933561
263211
265146
1100558
315770
680134
643952
360550
229371
689621
101446
1118665
515522
561163
1112997
929018
257643
534491
255871
1024865
972555
589745
8118
209774
516835
36230
60244
707462
529106
329239
24643
763833
258057
167802
787012
668721
290215
208028
711001
971430
74907
1076144
50916
200585
419822
940947
258393
50891
446705
972699
863862
46361
667676
920407
893436
197794
329462
74949
123115
46269
344219
446692
37953
281042
920259
684490
538581
203401
148474
102028
1095468
27013
323687
300823
895525
50779
148422
580925
79074
783430
79599
588063
273206
63100
101812
355183
825223
503114
595072
199756
37909
1118537
463335
1024673
114419
580871
611559
200573
1091343
655316
1002844
652633
747251
444883
336425
804888
771396
46900
1003289
703536
162318
830779
277114
419105
569984
421061
771397
440590
641162
101075
244101
466820
935733
919896
910505
122954
1011006
874696
226967
200427
751748
362664
487922
70543
207846
529163
771392
181003
886916
592734
42513
1049480
741788
539863
763035
687958
292814
275427
398351
244117
539889
585715
538940
1081302
309341
191954
458890
445660
1025221
422459
276487
558862
436882
124788
49562
284007
873343
66684
37401
49665
504055
884416
719845
272530
635753
78066
719333
329183
160825
436297
910467
265278
114170
957699
736481
334237
224357
698770
167598
294432
24591
564856
957710
72107
196743
1061117
960608
436429
967112
959536
763774
218490
354268
1100510
496989
645830
261830
957718
647369
79637
219439
475408
265009
1081591
438960
195665
189340
825591
1130949
229610
490081
113990
265273
820543
543379
118903
111513
260360
369372
602803
1043331
139249
658108
1092097
558088
940808
390548
269903
329133
60450
198624
174888
581242
95031
71837
476604
11079
1077929
1084033
359144
920183
623003
960522
318479
551325
241434
1022598
896677
365756
342030
122235
152740
566488
715550
723170
628079
966740
21133
664118
356444
772489
164126
300376
1073618
45158
610056
485285
125469
501117
58700
4447
121736
544658
153018
464653
152138
948710
71566
121823
79312
342776
78614
630590
579815
456075
608230
669400
466205
730445
293671
446536
540665
534608
291432
92526
441853
188452
70034
889533
335238
697094
326893
519300
12584
156979
1107230
184139
335689
342848
493641
321639
1011364
28550
843873
44238
450805
521463
381140
336465
832491
381159
207210
427650
493683
1041141
277050
485822
586471
342974
151884
318371
537568
1086043
988190
506153
58406
575634
198317
28190
634940
636902
493359
21001
1072515
474494
28385
958109
443693
92861
316836
1125177
195198
471549
958168
958178
394731
247455
1001940
994682
594147
844664
92433
73667
827671
277383
339442
68463
296695
199477
456225
321468
541830
220715
259424
128593
561325
914971
541817
409419
746258
68520
533667
915066
591201
498712
64423
975368
36630
599728
9212
319119
255468
325430
142557
26643
103313
168536
254823
264593
850725
91161
685727
893508
64128
453724
1089237
108558
453883
151483
569637
342059
52482
148970
29210
243117
342041
142335
1001977
57957
103350
905344
38158
925437
246232
875916
153004
580102
359046
401001
261545
700031
998679
998678
715135
53179
145406
92321
626424
942471
17561
770576
973383
592084
790786
96001
399779
73588
269437
222822
1020456
990161
58762
505408
145356
52314
269468
336542
489360
998680
303543
45523
135362
926906
160685
25349
201499
303553
939561
454307
123435
96649
792281
159259
89599
586481
212211
784065
505863
53186
1041572
922246
212265
264284
852510
478173
38476
26270
785814
118706
333913
268931
578506
320565
475378
398207
202059
986950
46118
913309
765941
199038
565330
583833
775452
393711
241198
119683
453435
353806
1092396
49893
292040
692948
1095882
317367
180869
941644
326579
25036
24969
590917
699718
199904
11465
962830
11516
25545
145352
353641
510789
986891
158611
26081
75842
108055
46378
276172
294394
2193
473723
643721
11037
241502
629161
75666
329008
895130
25747
1037534
63170
494830
276431
241373
145321
769438
888108
382855
913232
322151
320728
134983
232552
86991
547141
228674
273422
243781
152788
562043
142649
115179
533943
244791
231082
1032145
670655
1034537
740548
667996
820
706884
578869
1027642
232619
230907
725700
192597
639881
335828
534203
668737
1056288
271758
251449
395029
532446
192193
66947
243663
578981
152735
6930
8675
954737
448684
523665
396373
152030
7787
642172
28537
53999
1031363
490654
450406
839430
189907
695274
195263
142158
574018
117131
244269
32075
470166
303622
523785
86675
251131
153053
827827
64373
946768
1000246
9623
510147
1027487
272151
31083
8228
953806
614154
1109487
419485
252637
152894
34055
1001397
723700
152907
364876
273095
320913
315660
584832
945644
117786
27600
109386
768961
275191
242315
233355
109437
76343
611562
1108755
195953
362524
510510
1056648
357306
184696
549973
629925
1560
109249
846351
531793
183652
1092558
26583
26584
35094
510694
631490
468056
419186
911507
334078
1036269
859300
196961
510621
86516
336526
468292
336522
629736
195578
785343
28217
64762
271280
1033444
492363
186043
521482
773849
1028410
561625
780076
252298
293803
192827
343393
664216
585875
492191
185961
475155
739033
152617
449348
586286
449380
195373
28337
259913
613282
136582
723966
695965
891160
110841
66789
229314
510358
579186
736443
532680
56440
47758
1002271
362367
159805
673524
159906
606431
43729
730418
590060
131458
126112
646945
526490
40010
209435
898476
101127
326987
344503
930961
570714
70863
263118
681771
872684
20011
836718
171560
262280
459567
929371
777041
40500
592912
148042
853696
149893
770456
40275
682039
331871
172225
623195
218312
43887
688965
919937
43924
102135
820665
19351
39374
19406
263663
207901
60933
854728
60964
39296
174072
257118
74125
1132647
19903
590219
3896
101994
567849
101736
43932
332049
173083
14092
173129
1081474
391535
78707
3905
744380
13959
458342
279997
350647
435319
901389
17904
165287
428982
430309
237101
851364
962944
899776
331092
850412
129553
389064
498902
248141
505757
498889
237192
1046050
1121513
632444
821785
331033
743192
1091298
924577
569655
5075
625313
604578
555551
753552
98132
214266
569578
214258
360376
569702
637966
237032
924527
1099761
684824
498727
518251
260691
1120752
318677
4688
683640
297726
1017037
237711
261585
815916
973885
281270
1048066
258426
464159
171048
43303
217321
432654
1082246
390445
260939
215663
327227
852031
259226
923406
978675
96942
128032
258864
127990
684253
309762
84743
701627
624332
570196
174277
688434
20016
201967
544672
1073777
255988
1073792
780784
202841
85783
994041
146101
178555
222752
329602
6116
37054
105200
23628
837820
1104443
598155
806886
896753
92748
645351
177569
222165
82778
383361
546050
438602
300613
455255
832076
203288
496348
1073731
122054
104782
382914
255701
1084381
23801
79211
11774
1010219
356672
963457
91372
151454
704251
418592
370111
106263
370106
50001
91470
52469
106184
75395
294640
1115492
163815
201473
92035
772733
506860
344892
240436
141234
915548
36702
68339
24034
751526
68544
1023745
383422
120648
914913
438229
105043
69243
132905
729605
764528
21143
901682
206475
103022
44452
365061
5759
632942
1060423
58167
636844
103174
729439
627562
103193
102860
38841
220673
174990
61141
13738
655214
1069614
435800
94341
70345
61200
354766
295523
553792
20473
124689
147170
284912
132088
472960
163043
106203
632005
566827
93499
264708
221200
757139
256257
590554
3330
44812
12622
123678
204531
37893
496685
103216
1104045
437936
267629
278416
739738
104091
582854
501030
13021
162680
348823
57990
220919
103491
518558
340984
138885
69258
103305
994363
21653
1003541
870895
152695
1020669
150752
146842
309673
754331
61689
754330
97389
524110
765584
543621
874861
87896
884618
543990
715119
237288
870785
148775
584892
132297
44597
124064
630966
140594
382707
204964
700577
966932
162161
590525
22377
633095
966749
103938
150902
409579
870026
1004676
1004677
966602
966600
541365
481684
265119
503454
861272
132561
256538
264729
38185
533456
128585
221237
251471
437313
529641
533653
1005428
505628
239568
299867
74543
162153
483582
508292
787464
483627
1066879
770457
31033
697502
96652
787465
843704
771650
78169
653612
623234
309948
569057
482786
885106
922861
568344
862821
100697
544730
331387
96130
853083
346553
388606
446794
99972
247931
327948
230658
218926
800842
1119911
510141
330307
346326
78016
125968
40004
216020
172644
231311
191241
125989
96800
578878
100880
21354
1066803
21370
417795
934162
533669
567226
77151
730400
820837
828770
30980
147921
321219
476096
96723
697410
537940
280338
131426
1093456
148563
483852
153862
538784
820838
319952
133970
641171
769704
105725
368872
59512
24002
343424
386099
246588
454142
305103
728137
728136
908555
24140
356660
619587
120938
598971
737486
924635
344874
964468
330947
984664
362378
770997
469277
201936
121192
351372
685620
160815
29471
964150
964139
75283
160418
335468
159990
908684
908685
24596
685889
807824
7600
914363
259905
440898
475544
229222
523290
24735
259911
96430
381822
704371
141280
815114
120638
267122
267123
492739
106018
721702
492740
160251
843418
246424
180102
151430
535938
259932
138604
364331
530216
734879
344189
1055994
289392
22812
271535
239848
300314
239850
215089
657864
1096841
534318
1040914
283393
583165
230166
966087
309236
222898
50205
247005
869977
313616
221855
438084
325665
128674
504899
447150
630478
22718
177426
977943
62099
851497
292610
222218
222227
1111583
749373
52279
37193
266267
952463
246808
59439
133276
161201
151145
266443
116128
193544
121459
462279
784349
178349
478002
431277
230129
1011118
475718
583209
23059
536476
805645
625345
355590
534345
685494
447341
319006
222531
43203
235582
819417
134428
1095094
789743
174315
293033
637534
699196
804638
347412
819351
362481
333619
139046
642796
961299
931538
452720
793345
27798
110702
498215
195563
248444
895396
381166
1017320
590159
579323
195659
933905
819349
308184
946870
17106
957250
387026
1001087
26244
353815
622729
819418
156281
661825
950652
289841
1020017
119026
1025608
587017
1025607
131779
336835
386231
491571
962467
737728
1008420
609671
507041
345798
672674
416211
263425
463458
26293
245469
268845
94368
275253
1124512
268813
1078176
336673
113221
261565
175240
459882
481580
1074835
390190
20012
913538
927243
102470
927244
95091
633601
444517
16657
906865
857708
84809
813396
906862
582029
927365
493069
951438
391614
543111
398078
993391
88903
853434
152755
88985
582098
191560
584427
191317
1736
709670
273468
61333
312314
689533
195013
13845
682718
857790
897776
102170
436169
135908
274550
444166
532039
195382
522377
195441
94847
704968
13693
470172
293421
402504
651334
199787
118113
140564
906700
539893
117759
432006
195087
497251
385829
623660
148335
1085136
376075
493207
1106141
13768
671791
418854
288417
326566
586148
661553
30820
679459
842966
730790
740346
568915
673283
883033
458619
629664
268189
206764
528596
458610
1038795
1038794
577861
9487
297612
945732
505253
842965
505254
923451
262096
261376
817580
817579
549335
555118
740496
388008
249889
99255
1079348
276858
159504
27466
610560
258576
766670
1053450
1086130
987449
635171
369387
697208
673759
299003
33982
129820
350621
670349
909799
909750
430141
603969
345266
317093
142216
534816
733628
733629
687793
968974
603972
457236
918849
847284
314035
158459
767069
767068
159129
767557
103035
836965
156917
402668
606865
99784
383665
291883
317355
49933
327392
130932
227934
76078
598932
493961
988785
219638
606937
30739
751233
156775
39452
64203
181101
275674
67018
876697
438417
189894
903864
240391
258518
164272
657062
251213
897150
532620
447871
538260
493078
108668
765614
164402
1074993
447676
731223
145596
286390
219192
220197
1036597
622442
473618
611838
6678
190842
637784
447030
75376
148208
772207
188419
472962
1089621
689776
474276
263555
123734
690492
191085
133789
447049
53340
219367
85617
483171
772045
301521
341585
58042
347704
147976
364247
1098510
758862
522174
146497
361119
148062
919635
303134
529653
637574
667684
386759
147132
124094
920987
218771
473450
110824
147171
110356
1010550
747179
473410
403195
493335
44057
219998
93147
300317
885561
612524
330959
447520
218965
885938
1051415
1010188
27511
831667
856099
317235
286621
534847
690137
613198
263455
240158
1098154
701000
559997
1977
435748
61643
386915
239855
109625
613137
725484
680268
240315
190729
174896
300793
878167
577857
129703
522080
146232
331202
731467
219172
240017
473409
559921
147222
190542
810983
613692
904050
885829
92337
67875
1055800
218198
58950
927084
88991
45713
22378
21448
117694
21441
618871
1091023
582084
195208
346274
71017
326304
140168
804359
267149
13927
754243
390233
346356
633968
388456
444504
116947
1004555
21383
70522
89111
766151
869261
281787
29278
198225
309851
878703
88260
283559
648950
533457
69324
326992
88797
734779
1067
650882
117350
432229
204529
589407
346182
283984
139835
476847
326188
476846
1015507
972616
804004
899175
589371
523791
266988
117914
784527
236558
309672
122031
807442
1028033
267489
346507
554322
732803
444624
718732
51630
48479
33655
650316
48419
255363
444606
651381
390531
363684
238319
533447
417520
1008692
568233
872270
599565
116632
118171
116654
389095
238295
284614
1028265
121995
732839
822464
238419
346767
29038
77313
822200
1269
116385
22599
45870
51703
212663
198549
307988
326967
88314
238879
89276
651463
236482
686614
590276
882357
78220
308139
926310
37771
926317
785338
70159
191138
368485
285405
142272
261102
635100
513862
464332
1002812
944359
115060
138332
266053
171454
1006507
559009
634860
937197
45038
115174
58560
805284
235418
196232
617089
767849
852778
9920
433267
1055724
632835
630866
752157
22171
119437
590382
474324
492728
656682
145060
85647
1064128
280037
636906
218105
111859
909682
258260
13306
638
670134
368224
280746
464527
119667
28661
204799
902742
69402
87608
616465
573126
268414
851770
588845
562126
46083
71422
254090
71870
343395
417701
71856
209523
819447
476143
925426
136375
617454
401013
267909
238992
13543
254123
172356
48217
70071
931997
13548
325417
576699
122483
30204
118612
459731
70118
1065352
71510
617646
141386
1103407
319646
925259
445440
69811
389320
13452
193415
479086
389303
236884
169061
592861
266188
46045
235452
71970
752757
370392
122545
325226
785599
281092
825500
89646
543747
13486
949050
310384
115617
344652
430866
1050577
128743
188359
708477
624311
844854
1126181
662299
226556
155780
739103
628374
607307
1044564
155685
226523
570268
100799
3193
467060
82996
100810
874041
35910
498450
82980
126221
245701
394718
792963
455225
452489
100431
131778
97015
841781
289892
181510
207122
227042
178726
100208
362020
127175
245089
245110
131790
320803
31058
876597
560756
681249
876584
55848
393287
100333
645757
64713
203030
3137
911803
960206
484440
96093
293499
659234
246485
246486
101738
694264
335793
519980
225245
382372
242008
274387
440162
985017
382333
102045
23990
845552
659166
161222
1087287
840199
1087289
161035
5033
293090
890965
985355
82911
155346
642656
913174
4937
452311
84462
101258
201502
82845
365841
452267
178041
676693
861204
382584
362516
317494
455560
1115799
132167
201442
738888
154524
292275
516227
61767
1101061
131303
893417
644510
729029
75883
3728
180267
384401
1109739
791722
499905
179735
1013345
179710
24380
229344
229354
17956
180352
180384
810008
17938
843036
439217
159407
569856
180211
764316
180207
338366
859342
131138
707217
790902
48941
98349
290762
243238
644699
1013532
180079
159028
290698
893751
790755
454285
566738
83965
1013439
18037
585250
24547
393955
813861
3689
41135
1059541
63903
242742
18291
453859
454692
454725
321216
606823
349964
99720
36136
227638
24837
965086
242482
351526
962707
453574
242438
244887
659937
24895
24899
227385
206679
227323
275891
74070
467576
291547
276091
843989
454389
350015
910791
893088
63837
645251
439186
63843
543277
696302
276904
1047474
910971
645309
97619
276911
320941
660382
130964
934253
697394
468505
728513
95838
339873
335563
639719
863787
627190
42980
249281
578346
348613
933262
249348
43013
43014
896518
843635
773897
1102048
249402
296775
348589
348584
76524
105754
354380
409449
1039877
297015
263098
426879
150322
187500
933304
896262
896263
5740
401750
647304
816662
288155
150792
10360
272650
241163
639947
877776
967655
485037
788227
500934
1116106
232273
396162
66677
591968
42820
666169
1062306
93996
320282
102233
982411
287419
610604
61816
408994
220872
571377
298498
148569
298520
556345
298602
85241
610882
1038229
163882
532369
610965
220751
629722
205853
877937
163923
341479
93431
427507
386534
250066
240836
129914
501098
505945
187512
1039529
43141
106208
1062603
666592
26760
26801
124775
75545
534044
587276
106524
448840
127763
34935
23502
207982
472622
297990
297991
508304
76591
863260
414558
888317
907214
558403
54947
294451
681494
65875
177402
161774
95411
103017
132542
82288
646628
984336
381667
584371
1061611
839087
36893
95251
223920
35518
1019396
273390
628917
42342
779495
82378
105004
573963
907495
861715
30953
95780
497883
466758
861768
31310
907446
16655
16639
184222
95718
466695
738582
451310
641425
335285
915033
907303
727366
451197
410990
82446
608197
361660
889538
334475
320496
16211
385905
2660
132845
222600
222588
795916
94563
994390
340709
1088049
874901
521481
507874
471591
625263
94492
333684
967447
104818
272838
151138
627307
333626
940948
967262
456192
273088
710296
1061744
35457
295050
497307
74363
54638
838732
152153
765062
578782
692708
241406
1080394
889304
130331
223267
385870
151809
261583
816258
692486
207722
40007
456182
135904
577320
22550
1023624
268761
369226
418177
688891
73170
9409
170597
479456
541968
208580
217223
418249
68634
260427
345135
950513
32998
86771
33035
121775
505491
261122
9477
766700
671699
167776
217158
217143
237276
143274
123513
280406
567883
50994
210431
504444
50921
50889
217059
79762
216922
50731
268800
418066
800725
28432
446096
548396
191720
58341
491595
144736
313273
827068
1071577
689509
120926
69225
723867
120882
673091
257019
137560
713619
680043
446571
120553
7535
944495
509229
77541
689094
268582
418364
1030953
144296
555470
783358
1030694
118173
269577
68880
120120
622027
237837
86895
263783
311834
980420
1028108
263829
136656
398405
136676
216336
458061
237204
191446
704549
196716
930594
52770
827398
547369
875732
762947
112586
1103536
170300
252161
347555
79389
1110009
434150
669767
458413
252067
577262
482795
128810
602395
196980
680114
458454
680111
518685
770123
20188
196985
359645
361069
682885
600018
236433
319851
174028
369406
20414
970802
265187
538463
457461
68545
148899
116495
16732
841056
749924
179973
231999
274378
274520
618980
96263
319580
433526
94622
21955
313575
1062261
588394
793177
152148
929777
733977
559270
588392
390148
661900
871970
474601
711912
94577
11051
588388
249901
994834
135800
1005735
116442
210106
248312
907240
106515
878145
228648
911119
448255
321053
538097
96773
83796
23256
136353
971104
598751
136354
23293
228513
866133
23331
94309
281268
132559
505904
389967
804232
697922
434765
630077
588272
733871
386330
114827
228962
685935
30925
434606
68594
453818
833079
259409
248270
148883
50323
726101
640057
817908
403246
403245
471117
106551
520849
508703
771933
209967
630114
463576
287777
700267
52368
662917
152644
82240
685551
105930
888584
559841
769954
382639
598305
1091445
135304
1040157
51781
909915
115456
115458
17700
52321
588727
397228
420979
978497
669440
17594
743336
889267
397362
277403
930280
293545
181676
270589
1011152
490524
662981
319778
539772
190638
685462
259729
95732
480338
589053
18377
589055
1118497
618540
95781
230937
642165
20422
230936
471868
95505
909985
598358
770196
712059
722711
52167
818184
931275
265165
210954
818181
578358
382536
259598
617950
274663
151618
453673
1062122
265356
471945
314289
386607
1091790
930681
21787
877883
743124
115738
497067
1119122
453768
578262
301915
559949
779144
397207
749796
888648
21350
21356
457625
662855
479708
712062
463482
908783
115755
598380
116184
115093
422145
719789
82088
200780
67989
941086
1063023
209793
861540
70368
562999
85452
696174
79706
955758
961220
381179
606955
789231
526320
856061
477912
488778
280409
488852
295322
70338
633977
70305
309876
678434
587433
781532
543096
155067
580609
235229
47308
789404
968464
79619
683118
1125145
604648
70484
104494
1058272
431671
402751
79430
112806
843554
828157
164427
368451
104464
348187
183209
424506
29466
368432
982250
543398
264370
849275
29382
563199
199213
643795
728536
29314
155350
871241
85588
424409
789406
606841
867897
579832
325039
671235
117709
137574
1013726
383115
327585
174912
904858
97687
247178
653061
803560
562026
69585
537152
1059446
234060
446410
288121
137504
725898
890898
25594
250923
291980
174958
541816
671040
441353
723158
992097
25880
789444
580434
28046
324751
653560
246616
794746
277046
85243
977150
867639
118362
258196
659261
562752
79901
853000
85202
328069
562635
202130
735327
1094645
226559
137144
188334
1115271
435568
250921
113763
599352
859638
84721
1026241
129695
132519
454087
132142
212524
867189
742634
49305
1122424
132216
804113
301252
287064
684083
351457
49369
209556
84131
1027939
911838
150917
117167
84151
319312
670881
765266
292542
928838
54255
419698
911887
24368
457954
132081
1028039
753645
464639
890160
49826
116983
489859
327048
890172
96887
890159
336990
260539
677902
96883
479254
906479
676936
420083
351373
537935
136563
561027
320329
265574
232885
472188
136658
491506
294371
1063000
462527
287087
71072
632511
1013089
282511
607133
295660
654093
814214
261372
777276
139445
1058045
1111379
500101
1065286
112554
30352
914718
914720
477599
654092
112655
867936
500157
180121
118996
488592
968295
939967
982421
1111662
149201
149231
261322
139163
1058183
129658
164230
104317
464646
701585
292501
588008
131982
386180
69288
105225
227885
180049
227886
522403
464656
382989
670934
114253
464710
24688
507108
1111509
661898
84336
1057875
968189
236277
207772
483064
225272
449387
70847
661917
581274
1032862
139778
252685
768455
343432
216595
146772
918708
918707
825825
783396
870355
126123
546510
528421
766206
239595
396394
171423
850319
364008
42984
43038
221936
162788
146935
63593
59693
43116
76848
239400
197992
466420
751449
254065
918740
783452
171562
1099484
142834
681305
550726
646008
406722
758144
370109
881044
171527
221568
184291
125912
221597
60007
608388
636649
1019457
532421
343600
499151
205589
239781
673620
239761
239755
583406
173356
103210
43580
198162
239005
100377
1042603
625728
625747
158134
222397
238958
353675
820832
444472
639212
988536
273346
412386
533273
222509
6851
1056306
157999
737288
1034395
1056324
527981
473734
222665
184010
430137
297019
100395
6099
59594
868912
466395
868911
797672
476258
253930
924307
72953
158343
173397
87720
1106782
100445
87706
363921
239134
395625
455183
222209
546131
158273
786864
6481
822621
147104
88155
1019568
870284
396153
873968
873967
3088
1100634
159869
178282
361498
708535
263410
647831
310808
145987
647832
592991
217491
311382
459994
344237
220378
946981
1001890
504277
656527
146076
613210
999698
396192
37950
870051
716184
958281
255863
89012
1021057
717128
498455
443791
518521
773584
896825
344478
364622
624067
646785
438061
384657
716370
513101
241431
145836
732144
124718
332045
498799
73775
143900
450652
784088
396193
41725
591552
279269
494200
173040
897981
468137
110437
869134
36782
284848
692666
1002378
4822
276089
332650
919332
143078
276061
240215
624943
177428
369272
751537
751536
5136
146555
751509
665340
844984
602101
475779
571218
717426
220528
178387
162111
217341
938402
262815
837036
60673
267050
999639
364178
810130
125253
773328
637132
958045
76050
550139
773305
37098
860343
894427
455518
622407
4487
1099996
392097
533420
948002
695322
140604
772324
128199
45230
975266
334500
436600
544772
661732
1004837
816045
91845
654489
140610
460960
1107461
704660
956551
237313
925734
626863
9722
179615
156683
170433
119807
553158
694642
1109687
224067
704718
960622
469304
1066486
582468
33109
9135
667511
534389
9150
44971
394410
78107
880372
261853
626650
755117
64765
119999
32910
237561
868410
925544
91763
156900
148136
965110
892719
944114
237476
283356
416861
885001
31710
207471
92216
600517
163938
224836
31546
1025672
720583
510568
139921
315925
960859
600464
65328
520771
492884
997247
78848
834535
820185
861439
129047
820184
885546
245847
465863
510487
477320
810918
880208
1096551
956494
1042020
586791
761941
148377
78435
896629
1051886
257394
71922
318684
266273
352859
334791
92024
128561
78536
45574
112132
997500
257462
119631
316006
71597
823011
324043
1051756
965192
473466
9042
91174
222922
7816
648594
626108
739986
648599
7923
875315
8038
285465
44261
77623
223101
34001
99939
715469
120514
275741
77672
654880
64122
127355
33919
8309
157516
458813
238380
256946
893238
318497
1034236
468833
635952
837981
147460
398600
279568
1083704
656958
661304
100170
333641
195142
91041
91046
329593
356440
127031
594002
198377
222851
353474
856938
77491
195071
935602
767762
238597
8368
594217
654674
545262
360395
329316
99688
709627
615260
308086
398391
820516
552530
268630
511110
675903
127768
1004366
998013
825411
223610
44830
565243
1066549
33220
1025045
476886
715219
473471
796579
900790
372915
334132
215651
960449
285535
127444
787411
147743
635699
33744
103712
709563
787435
1037695
1072010
626340
765994
1072011
238240
626364
645015
732596
497998
141269
291094
223431
497995
552411
635616
469141
329334
84412
209276
1070298
1050808
451149
927696
348776
785168
176163
48240
569005
556408
1245
204360
492127
201957
361436
109369
448934
344873
267384
921249
336594
47847
242068
616789
255290
623655
80385
160582
809942
40252
1714
1325
75197
1087213
48144
89838
14342
862951
403058
102131
109245
896509
1070333
521848
498583
701895
423630
13776
208756
85076
361205
443246
521727
784406
671320
242173
746970
242182
219603
138013
1123427
432657
284331
869807
27747
660492
663837
69354
915234
536962
432627
258514
963995
950685
69418
963991
178022
130934
1093625
580181
219579
327841
950815
219124
1080924
1134417
181019
1201
590027
286811
470792
188474
1102389
251179
27577
227584
242080
48724
154769
525882
474701
819559
459425
1014136
478382
506819
555746
27258
608943
640810
809713
1102805
74052
218994
450882
465100
327454
465099
851315
494781
878638
498618
55579
529817
977343
617151
39319
322292
1102802
102288
300769
613728
201739
331083
596065
1080250
263266
465385
734940
213386
671008
809689
809688
516188
446190
311153
1987
766849
364417
13897
1347
536721
836151
773974
2093
472711
455792
386116
809794
809795
1514
529782
836150
904244
74787
102207
24916
1022234
789789
74887
260978
1101340
896050
69955
1094393
156484
837787
161731
827295
398193
180542
124015
738410
156519
486794
215115
591647
583794
448885
95417
479481
1110018
199193
45795
1105260
323271
10966
245215
1863
637200
645484
91684
474448
655280
21178
203875
271039
1084270
610512
1045420
42145
419687
539696
624164
32124
11249
248136
91186
103698
738303
76397
300551
156909
1099972
58420
58390
72203
91128
731687
109008
100477
681194
191778
360581
1103811
95425
47150
734099
95427
1113899
30268
516206
611817
88660
438816
447884
764535
22680
414225
78121
156659
624231
356088
388043
124232
566900
814251
583708
265127
635979
252012
533282
327531
596355
340357
590054
16548
246189
573139
268471
1040892
237127
143317
553115
728471
888052
764391
250404
110773
497626
326050
263585
58742
534747
161509
31043
941452
749550
696164
310979
598775
642728
368735
30343
435556
95164
729539
43550
272160
660120
252009
402859
357728
161569
672730
268011
577424
642676
128607
825470
543351
755254
985826
253972
787461
474583
62515
586301
791167
267982
911625
295219
290304
768981
36764
768973
605194
262417
661994
431092
94851
867558
206024
767686
484041
321911
1101663
648430
45984
1762
906186
793516
79395
437176
229743
440311
269552
4870
417055
33792
636062
1002748
729599
1065280
495652
155468
658044
559102
26010
876496
498901
1067407
500071
27844
1019676
268769
188582
296633
348106
639290
1132360
102996
298903
141161
519656
205010
876518
316231
146316
340866
789359
120510
917601
1103589
345936
173162
343882
384636
222769
589773
449893
488349
1120354
498867
77525
340999
716603
253140
689655
360203
999989
121277
10128
633497
574479
1110168
503648
904965
20488
1043202
179928
341911
878883
622894
824020
789435
663691
120975
202946
357504
622836
296686
4345
1036328
1041989
146333
925918
205197
322494
146414
46827
589207
45902
479871
42731
179683
12490
296385
387351
687316
553912
1082071
781222
387335
127445
958003
3337
1107254
78991
261435
446488
61471
70591
902779
1054259
152919
611348
627360
128035
450323
47747
120450
1114463
141066
988278
882635
511268
993000
927012
286125
83455
319927
905251
187354
142665
476701
385737
291772
468762
915856
217683
768324
242176
273942
12418
45510
137528
243153
658449
217955
537946
474710
885565
120145
198637
626034
145636
192131
155342
262212
872782
253216
654565
41755
26497
252185
1113650
804311
657961
328125
398131
912429
157494
73774
214960
837308
22804
240261
777703
11629
262182
435176
646269
726606
657919
72513
317491
1009075
846428
3993
218922
710971
545075
271858
520833
1120598
50613
27314
157100
837532
254785
830789
326568
328021
317526
625053
155672
47028
22779
58227
90982
267017
265561
157251
595208
297352
59353
78237
875610
790116
710
738192
723985
85289
188467
681499
978206
762891
521145
222555
203275
77579
418434
1009176
506914
783537
933004
17346
583054
758056
446850
236019
50392
1114269
10243
450233
885302
26210
470921
904840
550933
236060
500033
146181
188279
668375
462867
121418
3633
529429
584555
322922
341764
568758
583183
4079
108695
215481
644689
605513
897227
544426
696949
253191
334531
827225
1020750
244898
20619
1062851
47402
203326
591820
512002
71913
108685
689719
972083
646595
444269
34195
41583
67897
589723
317993
227559
295156
618513
97569
466015
670092
975899
770774
478452
386333
701402
255298
231665
394240
650175
259154
761935
74595
491962
33384
314894
114556
640580
767073
84409
630260
570670
426472
496482
64164
1074302
420976
536116
131827
252896
65863
997238
147938
194953
733189
52666
114206
193920
131967
6494
356710
641422
147897
69054
1097925
39119
1031417
101469
1031405
1059823
547430
319148
231683
87426
848883
287775
597447
609785
578925
478408
6840
223865
879269
46101
684482
600013
101622
353050
558388
39750
143968
242508
781451
239088
66075
983375
942659
39777
32510
493718
829922
244094
635399
513470
29342
641776
397298
229943
879265
24281
399884
515495
523515
577234
195028
482294
287691
570693
570695
317828
914115
457065
935128
998664
523479
613181
570704
39696
660549
491803
491795
207421
97337
266402
147741
244082
134014
436501
101600
189823
65862
759357
329109
1007313
975509
651310
257847
975488
640794
631263
1039114
291400
806955
81986
185734
84640
193813
84628
751425
900664
949004
600314
832958
289244
612748
473758
49576
397631
456636
112576
18452
15789
268150
189558
188004
86898
688597
607899
872091
640825
716860
954924
317101
751523
138391
264635
339159
392292
240712
226828
570384
112929
68713
46172
531333
565620
49380
33216
465294
617327
2740
770970
339265
279210
132439
97905
1102893
200299
898486
369209
697973
164900
293954
423888
898475
164837
101169
113884
531194
29586
720985
266276
87351
232298
590473
82132
64803
1044480
164708
207666
164701
52692
464975
390160
68874
132459
693207
1007552
343195
493289
548513
65208
607703
49637
224112
868051
148901
352352
132579
1044720
1039241
254011
362423
184031
607667
336759
465679
829802
532975
566085
997581
788116
1116247
436571
272790
62607
283118
255484
247635
767486
246455
711696
629118
658703
629115
162592
139614
632598
258941
526194
99234
491598
541442
397261
472771
76198
116375
859231
431796
233277
944108
841055
129835
54859
368778
629143
263859
888532
1015600
134755
826836
491023
449589
7781
189082
76126
692045
450660
458159
532892
1060226
116088
449593
96247
101993
289552
29054
541459
340078
672941
63138
54656
96212
43934
709566
43916
403043
451827
227807
354000
588750
1090894
818232
105923
327465
237436
35881
246394
859356
116762
518525
822944
701042
241279
767601
38792
162028
260967
23281
187685
556630
561271
162009
147045
62701
416894
206466
472638
569084
318778
528806
505048
834696
661867
101004
334705
294978
74822
628964
210960
580765
507894
494227
224569
68404
281123
139719
403000
765804
55064
197724
129608
649092
2061
162265
342640
143536
901970
150598
162982
784240
1064522
232915
101677
115288
506356
452749
1011143
773594
320356
216704
7188
246631
66229
580215
436652
272321
74515
534929
344508
44136
1030221
440913
580264
5275
741295
31474
264075
800637
227706
2356
31115
445988
259068
362075
327253
410932
97054
2401
97019
149994
669978
5368
87861
460623
967431
683676
188099
190028
210729
200754
983555
210160
96861
287592
115260
130889
516982
632320
111758
163529
355309
201212
171626
277149
381577
101809
361888
827786
822783
456022
44028
497390
948741
338153
773051
163126
1088323
101049
1007895
106285
260715
7660
7688
317915
201194
210843
163056
201203
244194
134702
1088361
535946
1048724
1040047
75831
256909
170260
635515
499329
82236
763988
466445
665417
241169
416671
246571
445580
497349
466504
822728
29158
115694
134544
541501
48769
805043
435758
523106
7528
259968
52133
947435
322112
836317
537352
591954
500120
563503
220505
209074
160025
42813
153165
582154
721695
927246
703467
576043
1045094
236452
220590
19786
236445
159775
905710
418947
56272
368355
839790
922491
265909
16750
42969
899754
444617
560936
32672
357277
16950
153440
719404
367776
1026208
318651
318659
510949
870199
606248
511041
1112989
627298
468236
89940
236831
290805
831563
276479
664268
259462
1124563
329640
251108
61679
261338
902633
430558
4775
836389
318505
50241
290687
357047
70490
127098
529053
1091480
859841
110239
489411
725322
253468
836002
93872
529042
128329
104769
1108230
9110
966078
455257
867740
485072
249767
458272
615450
389042
533254
733770
93962
273602
3441
94113
37214
593140
643814
449282
198857
905565
1041646
643552
689457
12812
38157
494621
563656
169851
879613
636408
488636
335764
1027321
43215
43179
159669
340639
94651
777265
743758
236534
610209
730353
417217
152578
636547
186512
205789
244499
1018332
430427
242245
263114
152453
211336
715193
511194
255650
713991
621878
266889
187481
222463
731519
89494
512423
31893
793071
627899
172420
257432
669621
135893
209172
639222
476463
986560
304951
30959
77235
145132
89735
102480
68076
806345
89418
247814
347190
664494
449059
902873
668116
568885
549864
585365
137578
396616
78909
336308
522279
662534
741825
905986
78956
78984
348295
561499
4618
79078
627737
519450
1043650
13301
512223
976730
785716
553573
34980
785750
585595
578160
135957
160834
280588
160818
476426
1005446
845742
634272
717224
160797
13210
190904
160731
146427
603819
344899
819964
178037
38755
456026
704629
455620
14508
94406
94361
851724
106104
456047
742713
968173
1118782
577715
864829
455661
934600
934476
142015
808598
622599
758328
208466
94332
81291
977212
96271
783439
37983
366049
486029
795509
257074
219382
580569
206187
715121
857188
274107
96413
285473
331515
252831
222197
691520
450415
1004877
472510
285801
437320
1003864
1028350
153426
445779
117544
819402
165548
199741
206209
586129
977369
37848
598994
776383
437311
597073
982763
265991
613178
154052
80597
299114
519880
750051
890493
570664
571394
141933
117953
444615
135541
946589
225981
532065
243653
960705
278625
39280
244684
570761
929029
906685
519745
53624
698452
38551
186949
960704
39231
118288
1020402
274002
702381
931156
79591
445788
28732
274136
471517
993326
471563
915633
23033
271063
186935
191354
106564
152783
417809
126318
208802
994122
251406
331117
531911
456002
956772
510515
94761
597248
994564
916214
524406
141902
342814
580773
776511
993337
298864
698516
543673
344476
2176
820557
808774
249780
33414
867754
1056321
1026303
653962
1107319
787552
583996
552780
534759
544543
505906
149625
665439
409109
222374
91991
323330
771430
917081
218092
146474
13660
433494
431341
267166
1052529
777883
360418
615194
624604
85644
603882
713013
331958
639108
258354
222978
5462
60165
87821
361130
556339
749494
1088441
632250
998474
476672
387120
952912
123454
331998
978587
584732
369586
386863
1061247
917138
1061265
340356
710090
347711
1060062
1060061
711574
918431
109591
348246
255757
771425
585618
684068
930576
323451
193150
944023
849741
149465
151070
147984
497621
582197
88563
1053022
859256
770811
537286
534878
537313
801268
1039723
142920
222631
1023457
1117277
754196
614178
93741
82964
961078
962532
666546
1026586
754667
416186
599768
684073
665410
267040
604651
93664
1023625
288167
196028
503077
475416
1059726
507580
1062134
88658
476859
801295
583709
821713
31907
192396
85410
615103
323664
279410
370875
119415
30973
1000984
132308
11831
871817
545957
800484
151901
556636
581853
120162
255654
735674
711355
965014
386411
250623
223838
683364
758675
230758
12430
476069
360991
582652
250517
22608
823837
121992
937525
92750
332255
54980
585358
309580
124614
386374
396851
192660
965437
10743
360566
396834
474577
848490
502936
953131
1868
857286
215277
142848
151611
664013
93873
96416
205836
304019
735679
568504
903692
11186
999091
561498
13329
1124820
180716
945960
641724
167120
831817
180702
474663
928439
776320
520836
929
391554
615426
1108543
87537
32637
951517
336943
93022
581600
109796
978986
11120
488361
387043
303696
453486
665574
32625
952862
521480
13490
21471
36216
666234
30736
267531
957080
10815
234638
521747
352653
497439
36301
332154
603209
474946
247115
1053764
1024699
255204
822872
523523
522899
545853
297146
1117105
263281
56283
340557
1024410
86997
109055
187747
242420
83756
250637
143455
652774
602351
223748
452277
771049
147224
555769
253119
6024
122088
117508
41572
511873
494252
746298
438699
1044966
174276
65488
277501
987781
46541
949803
389419
174410
944673
101182
174458
159918
236237
591976
634843
708605
189831
774469
237329
862718
894558
24118
939171
228000
263088
207289
243098
266383
346754
913294
499063
553859
17213
553862
1095415
259724
18347
410760
46995
327938
104270
104386
700086
578402
682215
526139
1074306
861357
492900
498975
294717
185870
611970
236254
174580
114371
746333
100967
114689
448561
50881
498812
728810
219836
870373
349527
563696
45331
45323
804756
71836
23935
772870
466833
72030
492232
971308
247638
45191
816088
186520
64738
390370
45059
266119
100552
788439
71151
988138
248230
892169
458859
588829
282061
578697
45977
1009513
128700
448627
898824
328461
772988
975091
772984
727875
815884
294925
100715
128648
254258
104623
949940
648609
7213
159468
578281
350218
819383
161425
955739
902828
560288
389914
319866
8142
48384
767314
930056
443746
712453
712452
563198
1077346
319901
1093343
1033116
137836
834664
18167
590511
737339
67673
806239
986405
767651
517737
658844
17790
137397
327038
577712
650170
814380
162190
618134
499312
577786
671247
103548
493798
162335
829879
577828
450899
891984
326808
282431
744244
947609
362991
137652
590101
752388
814555
294310
294322
517745
383917
276596
261041
483916
261217
327578
459621
47753
346730
228748
752086
263798
618682
912597
194928
752061
589265
266342
755775
239853
949411
680188
949410
4725
718269
752019
972833
4164
410755
972832
102360
160965
539408
944731
650358
162573
228679
590683
4377
589419
717235
1075664
733131
161258
390170
24852
389766
137203
1094694
137987
398208
733071
973087
737807
24305
130296
986776
294430
7573
805963
733730
816162
72309
358795
449422
573213
365305
164494
750729
98085
321237
558556
538462
558551
188590
62792
621055
818369
339277
188580
958464
1048196
289785
513053
97866
76934
52445
2737
494931
246203
295630
350462
803550
612728
329591
1099690
201249
199669
885855
275124
26949
329544
573561
284433
170947
739204
775448
384668
710403
573405
127270
546655
246182
546651
579695
922556
345967
579696
457373
699176
295544
239436
62651
617403
397090
543357
355671
330238
206445
907036
466242
141373
946750
241230
141404
110898
398700
768895
477807
776218
204774
96778
689736
776241
96775
763838
511919
490415
117435
203072
361711
78677
135753
261803
512357
9606
77145
336618
105709
530801
77223
390610
215813
572709
587258
1067645
466284
263200
105794
531149
718768
141190
330065
543296
587190
268161
52774
52793
1019461
968756
1019462
714911
920726
450557
164229
9318
356639
491844
227577
738534
64237
423620
26161
752915
207621
816818
588412
23802
588386
1046544
723148
227497
44240
158360
158359
887617
738592
1034692
897398
612366
163664
63973
552081
458318
268583
579140
171529
362402
466777
381932
579046
529050
794081
139420
788386
483129
694956
434275
448431
3489
989086
648154
1041957
26019
869839
383555
220894
563782
389107
44708
1034641
139592
579139
500953
43958
345486
75097
15760
485043
63442
1018545
554427
712813
329333
176304
74996
75071
307611
157227
43004
718624
1114057
430504
171063
402547
594646
631147
1069543
688926
775370
661443
775376
75484
1030089
257217
593788
221090
1071036
870584
870585
364495
329096
198836
439493
163855
817226
302739
685193
317016
364627
723189
388812
1122178
364712
634494
26543
188755
219673
290082
186620
163955
63660
127719
202048
89131
11039
711692
133435
353903
686604
353883
124265
980869
754874
497017
83110
476915
1026390
444544
625143
735523
552725
1051129
273029
624896
933317
997698
359690
463578
447011
267461
505324
482139
396547
979662
360316
340490
964202
368650
187491
770496
12907
770502
149183
687719
961705
18793
529433
1018806
71991
359133
218757
718014
177504
864025
258764
450647
532661
276576
344716
159631
317094
472938
477904
896457
969291
68504
83938
712771
881534
949080
456092
13265
1076760
895235
319569
58728
450686
105096
522274
13090
783389
864431
1110022
362447
13140
141441
244569
39555
958852
639338
209978
186809
208970
336818
895218
210067
723004
5025
1085446
350333
817995
644829
767429
244013
1025786
177571
317633
896976
258328
1103144
688756
13987
14019
949726
688835
258250
544843
67263
558214
317290
349629
489200
243563
1061203
160186
536524
664830
108658
1085091
448801
968398
276415
733764
245182
159288
1026235
13550
44976
1005424
1064058
816919
412302
259775
933269
1004799
1064010
120402
73408
151541
32447
968726
4733
817303
670600
178829
448727
1013309
342811
138533
359062
1083005
181071
924146
390798
1127114
95177
4123
1602
239167
1008077
486664
637287
810057
1079973
372071
829269
538071
542712
174066
1101471
973010
262832
352608
830216
81410
125294
437971
106071
831553
474347
582553
94972
263148
29787
47359
738146
531860
538192
533861
1120768
218809
589676
191469
830590
4085
401685
902254
694898
830460
938441
503039
830338
29864
486963
47157
456351
766802
1065216
343101
102673
1104205
187375
239762
772589
1087555
1070108
546442
1053496
16340
12805
524080
733241
769074
337930
58587
244808
713066
639576
545333
664359
119090
623960
119329
640471
11066
858466
429466
787191
924666
893430
1076414
828704
44297
613180
459300
272694
10991
759367
75145
608768
827740
491626
255808
772874
772864
352466
47049
308614
517811
5927
180871
542881
280426
1025365
1118841
64053
669880
143548
185854
395587
139745
197331
496363
825872
736731
215951
1070216
523698
402676
240882
1060378
544690
46589
150429
761212
1108461
175011
174935
46542
859591
543165
878578
46538
616541
926166
46638
937492
5767
458930
1006596
586098
645634
257165
783950
458509
215122
1049258
367779
478872
721697
488203
46425
1061473
927790
273536
860689
592342
488137
312169
323008
189672
860456
83269
626688
1070219
74649
497126
826463
546245
96643
4352
772473
44487
4298
997638
56376
31213
279607
479235
124650
279625
859892
622163
553464
117022
571452
30496
626392
1023260
81282
369210
626852
487385
735993
954815
161917
825185
736402
262183
479144
273111
11492
736090
123996
937193
1108457
616499
450425
692776
1087444
38246
878692
280078
498736
468109
693006
143569
1083374
693021
572833
622195
473908
499770
81278
926444
189358
665440
877993
599684
96989
673492
468529
819405
68646
665206
645429
45855
969959
179796
433339
12043
73886
179805
274166
930626
1003955
242866
207770
506340
894841
257701
173109
1024535
930038
277676
820507
948679
277678
506881
40026
433456
1003825
819205
882215
689382
1123928
45725
1134657
575730
72877
636895
966947
489091
243334
457225
989164
1132200
689680
457300
45782
321662
766276
1085782
141250
436555
457415
819140
1102338
413554
766059
213627
257614
257211
322548
345515
99342
1110
822020
732407
11753
517879
66842
498829
360851
781808
781807
40270
261070
59538
771248
214709
781695
31536
626040
143328
954877
241909
158669
822702
140248
207364
625905
161151
117618
735324
1132270
735153
257594
894648
277918
161091
1072328
662180
1126197
948492
84282
257559
33584
278040
158777
764332
242314
567971
764226
63841
180003
143222
771085
351338
764016
150782
1041528
585861
143860
923317
547404
569159
227794
580292
873339
667493
785091
1015338
520539
164882
168439
440557
227573
397629
562974
294641
423767
463344
440491
9205
463307
914830
22457
168747
518273
92658
286970
294928
1133455
1011715
168296
101788
25912
51695
293855
1001545
356178
1034971
728306
131450
983308
701331
441989
914024
168166
890618
805147
22923
718250
1091442
184218
187994
62520
1116993
526167
202114
227863
957328
266431
1100314
164694
769014
199523
851796
164631
1068201
873932
906725
1117798
648180
635110
65535
424427
612988
103873
440255
1117840
999859
668902
513469
252834
106494
978139
620342
296334
270428
225998
164442
493175
77252
2574
1001820
295007
1062472
92691
356670
3527
164692
1032483
539258
992768
588277
226914
52315
957785
328470
135418
52324
2551
1052320
249685
100800
26705
147509
842745
778786
90238
915472
1073714
681638
681634
188104
268420
251138
871626
24248
548149
146349
230374
849044
230344
230332
452730
778225
441278
554513
446609
641743
289395
347895
165924
382920
107259
777322
292313
331217
579214
289318
587804
552102
870813
50640
452894
512746
290135
475806
200678
1013274
200454
70124
290610
200362
729078
446532
24447
25209
465411
183605
889484
91181
704183
65719
230776
587961
166846
744412
1053610
145957
614513
251392
188358
951965
23366
51491
962899
70435
1062655
446774
293352
619476
422837
293373
527079
913379
293518
90596
51602
101036
743103
979897
942851
106794
269540
1034918
785734
481628
331647
1053934
106836
1093146
232520
1014348
91674
618554
909189
494142
671737
23754
980478
232627
65871
647905
1081455
112874
667962
107349
1081469
101625
288796
600515
167579
579940
165630
777111
569779
912882
145788
188312
164436
227254
513506
855029
63183
2097
460752
921091
154313
82885
575192
2072
6396
438557
696493
353123
41284
472025
18514
60575
185155
921499
1050948
416619
29229
37448
939287
965019
960787
659554
834669
1055062
442816
185067
181570
439008
128241
855081
886257
573621
739870
71642
28799
975575
519787
505420
939717
222456
271580
110476
94036
855500
66311
222211
679192
774416
516870
875876
447637
836660
474638
739003
220831
427842
1088496
189014
1019987
1020023
37641
348843
342628
29550
952208
893036
219905
508399
374209
54695
476764
81469
29616
628557
608520
75620
660055
646206
94872
965291
1020416
162716
773590
832836
1057867
939208
263571
172639
922068
75894
617962
220682
833971
41200
510532
492037
263601
867943
220563
833812
173045
263566
137835
568501
348810
922430
72068
755216
755236
510546
1127376
974244
238223
357991
110306
163695
20886
905400
840031
581084
65451
6745
874735
541403
154850
466832
707400
1128144
93430
224194
707248
65443
34734
253518
100498
1118602
223926
253540
726674
918790
327517
675785
100493
671934
999528
188702
531363
512285
135653
1090539
79063
2455
466671
741975
679818
286145
964019
135918
1054470
297276
1118375
164225
775482
164204
439874
751889
1118293
698835
21222
36766
707220
642835
1062291
575036
285894
791741
439127
1010141
1046130
730808
683608
102280
990777
1098788
19635
740466
353625
598150
53692
327000
547065
520863
1130412
964648
326908
69499
341842
838100
148421
492370
674199
93811
940250
1082322
128466
264447
163900
388017
600844
53342
853913
602679
1017777
265004
605915
607942
587161
163901
157369
976620
439658
976680
41651
285037
353827
697888
892025
128773
417597
53424
1130358
919396
593245
961704
7348
135228
239273
243813
87871
863470
331917
334932
802198
240208
391841
139365
139377
527276
529452
199620
578754
287074
164808
705747
160242
276368
466406
897255
334918
111488
983683
26413
1064409
69835
597723
134585
160269
332022
1011780
796956
386175
164802
851490
606429
577309
897027
736556
742680
549401
287580
549413
199550
279007
26405
858221
592186
539354
164944
276232
901750
742594
539433
287334
141569
859652
80759
944935
1074742
276507
961839
160286
1075233
276032
199910
276030
863167
186546
742995
239417
670565
606524
138888
652974
896785
443645
576117
7728
281248
135411
419988
354285
576115
452417
737283
705147
467709
908345
197581
606540
26680
1130985
49617
109855
1005210
139494
287837
863724
850866
26034
802393
244053
618276
1064319
26015
7580
88966
337142
162390
1044905
30629
908123
606497
239169
712085
858538
162381
606499
7620
536940
134386
947737
576132
280763
25936
138617
134742
1035419
513999
667974
458598
143302
275809
158422
640990
792938
464384
447904
728288
733467
76973
220325
777457
389867
1099913
175887
941489
266293
821016
346934
158395
428178
1003989
777396
464389
99150
27019
777401
27024
27030
821060
220339
683631
477527
203220
203237
220457
9404
27498
574826
259877
881061
625330
574800
191733
250115
745451
164470
42208
329088
610961
365855
77304
42329
447827
574893
637559
645579
906009
259848
235787
482243
597249
266216
531533
941715
531402
346937
98849
241715
10178
556394
806529
219959
547626
483112
120380
820540
137971
10097
1033194
259408
356422
175944
955010
658417
596936
99754
75390
182783
874380
219855
266434
539826
275326
297360
250392
75523
75528
10232
384556
865699
531210
575395
547685
447978
861850
26894
900066
596851
641052
565415
596901
259454
396309
76595
464394
266298
724140
941440
294708
43033
43043
151288
341423
143423
191333
820785
162791
556255
346980
453959
684102
76135
346993
629818
241700
272201
77499
10299
173096
260315
391505
841091
41609
1048367
555506
532097
701814
821972
78504
682877
127506
78543
78552
8880
329379
78148
151574
8973
114190
114195
8957
120048
759064
942561
202534
417649
341883
787444
260265
667721
1026671
555446
334657
202364
8532
265891
841037
1129269
477778
41274
830577
490015
8739
221026
283859
943194
403148
151694
227553
98124
8604
400049
28191
874893
822155
381191
8645
192254
78735
142872
458791
747794
202304
341975
278458
341961
454236
942483
493504
329232
246242
329212
329215
314853
366034
417747
851674
329202
329240
42018
1067664
289678
202835
329247
765969
383333
41841
329173
42177
1068031
731380
259929
365957
967840
735592
114039
266130
235903
751107
250083
143146
143144
346756
787378
667780
114155
548229
27829
1128814
266066
683141
202672
9022
830839
220669
27852
27855
736511
98513
120061
260175
9055
417697
114141
250038
160817
270817
329288
346737
120078
158560
630118
236000
855888
739041
260111
270815
164609
462350
491850
890199
72801
258351
990654
11443
612140
516059
242124
882534
328079
707467
1097553
340736
218889
100915
907089
25422
636494
347536
358920
693144
998960
21703
721907
105757
248534
453404
242186
181028
852133
718473
228458
11493
685480
489621
658532
73311
458314
45003
990598
1071907
595064
864646
776742
300875
1097854
924326
351694
100688
819536
73389
793759
73205
438427
258529
100801
658525
190496
540157
190485
242105
258474
383447
576587
1097635
723447
1020549
428951
15824
756715
44884
563053
498995
1000971
521235
933875
457382
106079
496601
896673
796252
581706
52951
16059
267942
136468
61058
296041
325051
1121574
431722
20962
361627
187608
848650
498844
498857
526294
292567
156642
106489
999083
106661
136418
146644
713077
483614
398199
713036
435078
349105
292593
450224
1037323
1081695
269026
450211
544060
210297
21650
1037315
149082
61821
269053
124459
435046
614589
52751
672286
909824
146605
349183
156777
52904
887969
431480
933968
563086
689123
819568
997301
219814
595939
384501
844137
270455
182922
963780
158209
204361
258991
113295
674428
356675
100109
351848
749113
100193
632741
923984
170253
356740
453709
170255
438888
289904
190878
219476
44246
635019
250609
382358
844122
766999
10678
164640
453791
132376
219752
158265
955131
448193
456305
831548
99899
777092
74774
75296
409016
219798
702064
315771
291396
372981
963884
126829
10441
895277
270502
259177
1070364
170218
74870
448250
668301
74850
289869
714875
113342
259120
44326
844100
767404
73643
44721
595336
235054
25722
758168
470121
767305
294984
1033753
714790
294974
997252
144002
723626
655861
347298
190841
250766
364902
292177
386287
819594
272311
162671
11110
73563
44820
486518
219217
470144
1098040
204936
914599
170316
906816
258850
660092
292163
100411
547198
530571
266557
728488
629491
74104
684866
100331
955360
831715
806892
831768
1003458
190738
456354
73873
258791
723653
100481
273777
356784
1009423
749183
25819
793570
939983
300702
44579
202010
822312
201980
94319
37654
680405
725767
738258
331002
265131
83947
824969
553569
715241
633906
83956
37584
237751
199012
83866
83648
1104705
115850
920409
824862
904100
246738
1104704
1051165
622278
446289
416631
394427
869240
199027
94357
1104865
265122
331019
84464
878389
446127
790959
622427
846098
916203
84477
829682
163166
485193
725869
639671
751446
446105
94061
198748
1111623
839218
198762
1018048
84273
311835
492239
198886
30333
132646
534585
863006
503815
446251
781397
622251
534436
174998
800597
804331
894773
985807
38343
446550
878827
164097
82827
181521
222890
164095
173020
367883
237488
265337
878856
368088
237312
160440
788257
95133
95122
446618
352506
1031124
265340
492483
222707
510103
95029
38436
472157
804198
945954
952590
1061560
503679
293051
571758
94542
115805
5412
133427
199438
343208
725723
83601
622245
289171
639800
824717
343163
571824
152421
94708
763646
128605
38097
119255
1111943
979905
553879
972440
978444
1131372
390196
330814
725888
779232
483053
4110
368903
238173
159387
825943
331539
93500
139055
198126
262822
174866
331545
726104
174858
989290
368898
159380
331367
1105872
4480
570941
159355
603246
36572
567020
36508
198147
368788
308117
93571
865826
4262
36402
238201
139065
93456
424408
608450
903434
36164
36155
622805
181042
159435
248588
343701
1106273
116585
388312
401780
3790
979586
751528
482934
197932
424398
901449
631367
288347
1106151
508275
197973
141042
85743
892638
553060
262880
93423
829454
333854
903845
1132097
368509
30585
4824
37043
37039
4811
93895
858266
193919
485146
368538
174162
368551
138987
4833
803781
4489
278035
333942
1060556
1051542
240515
37203
395120
608813
4873
84580
37188
37177
4895
566878
382208
193946
472242
36958
331304
84999
36781
4613
994192
631254
223493
4567
331249
646308
803647
825655
271558
331355
1105732
262663
368625
240446
1132227
401911
978575
152712
141265
331267
368592
534875
4707
84853
738046
84838
947007
1060274
601474
804427
95157
282305
236634
454482
313586
417323
640379
402827
441408
921903
313528
97070
640367
866384
787830
151912
164294
261075
402888
840959
342324
297619
844771
127874
201268
158823
989877
532838
289450
467523
573469
80323
532834
97252
393411
667416
532949
160607
681748
1016197
396406
39989
221721
265616
549009
261160
249515
697470
261346
160604
385897
554712
28984
138547
492927
764629
221675
630561
346273
40144
289388
246444
1064586
40156
1008575
96814
681877
200967
492968
460814
978163
639968
40873
260761
97778
260766
79501
765244
532553
447230
964790
28488
201791
8265
79552
573758
280286
473464
127688
1065237
555188
598730
201956
314196
996545
532381
1113230
717532
777947
548615
79378
915394
346494
167945
777945
79580
1065874
277286
879939
246391
512110
573575
697304
573544
943798
127822
221303
473418
1032020
822826
114695
289470
227412
396385
7892
160682
294317
8006
201574
565969
943633
114644
880041
346415
133709
236461
28584
765157
1101795
160698
566164
665771
355535
199968
342803
128332
38883
640047
38840
342827
764032
128323
95564
473254
840819
665872
6117
503378
1031341
396435
292971
6264
868572
533619
271237
312814
478239
533634
261747
1050270
152191
621882
200043
1130774
1031362
38966
468866
152236
115429
920893
952845
160450
115483
697941
160447
533913
865167
261890
82543
237253
128427
510214
701419
141941
95276
193255
115461
538774
510326
152264
455899
164160
904583
95385
800505
95443
29664
141984
355105
82328
533790
160499
921159
624857
904906
200569
503159
879439
944755
164254
791801
175363
446860
764385
1112615
752732
621623
482400
221919
96443
138595
1102622
151998
904956
446898
1064163
711515
142306
974636
81101
29110
974635
181857
29086
29081
96584
168153
175355
838892
237030
384879
800410
736338
510806
621787
1013211
823888
346144
200195
237038
697762
29454
29455
746832
222149
281720
600745
510872
1063600
81569
128214
346114
538950
1049994
510967
172508
533337
342624
446839
823699
133596
53598
303348
484
635921
491764
638569
163713
436888
20924
369285
13481
102435
773077
635666
405928
636901
827770
897609
239156
224550
967121
248091
463457
293349
228986
568896
178738
1052706
1083585
188977
145926
795146
526979
253232
522640
651621
523725
18506
118859
883449
272909
528949
692846
1077680
71545
281372
171925
827364
520881
288549
23378
722923
710880
13512
498320
935107
926511
457544
460048
592396
688444
546422
71955
159454
643001
148672
994590
827306
13496
617627
664948
35719
104883
121973
771211
326221
769868
1119695
606826
670605
498939
523510
769588
13891
86919
455331
217219
505247
706061
456969
66528
60194
268625
102497
449760
13946
883407
35597
256530
460113
455630
71053
488296
129757
909563
909562
864
267730
23574
929599
86101
121128
474215
970203
937433
934459
474544
812513
1083593
224624
290619
451136
195909
252487
110135
824
66835
103578
230931
472578
405460
229478
13863
118840
476434
253658
187005
195727
298686
435507
364135
71591
131298
108408
46009
483764
148409
688668
1072755
720675
506974
1024161
690457
17880
34700
345190
245500
737169
445635
466499
255107
218350
937659
627488
389594
258221
1077017
19191
453206
730503
899101
774948
163278
266812
157458
505896
561225
46026
147014
60494
216215
1002301
34663
1093972
1107873
1022572
926946
772474
70186
282873
112277
450801
450821
774937
443858
616241
669830
616246
325120
673166
497884
140470
253829
233286
1591
180937
273380
839855
1588
190042
122450
70183
122469
122474
264760
218331
582378
91264
523602
457146
101114
623241
145992
116757
660933
23282
529021
660923
263458
136731
645099
18595
1038747
496869
215634
165305
498335
589768
586838
153372
71690
251535
317622
582405
290510
340475
873920
889504
605401
785546
1075779
361665
677545
178507
65207
449450
1502
704236
105017
883453
966363
253477
19168
1086501
807633
47503
628713
1489
275153
873862
672648
852888
174610
122480
58071
146411
298326
135836
934402
91242
117605
769761
268429
298744
335791
498711
443865
933743
47872
148471
264172
339054
247335
626922
1028159
784233
91460
467295
580267
104978
344885
969269
769997
1042093
290847
1133047
146355
316976
1073327
456562
505554
852779
55536
163797
937581
145819
146077
562710
613114
148965
1020746
577792
884072
546127
92705
518382
63882
817627
958150
105649
546038
309163
809960
476035
332072
215254
524228
958585
101409
871036
436408
183985
45947
92059
188493
1107536
1308
275255
70462
1077984
45946
840275
670781
519634
195202
432481
772626
389699
14218
757736
730818
1056394
89145
268886
349383
280556
58608
218239
885238
911868
523331
103278
197491
835082
522711
796453
137390
579292
131497
187001
268903
959693
451632
1079032
858885
161300
155498
3310
395752
326610
497767
1091449
1123923
616341
19112
325530
18100
257707
185992
435416
710277
801461
992316
451954
730310
214223
218027
350195
207746
186751
992938
159809
55485
607288
488348
960032
546663
568680
188329
19115
840161
1083750
785065
524133
528765
578059
290866
909211
657128
766964
456979
129764
325651
634026
207830
163751
129767
385116
659314
517409
157621
35456
584227
866130
349950
841904
997938
91156
35362
452389
130988
135950
847331
700661
293587
961563
669257
22963
303769
970262
66434
272677
730347
256536
354258
1094956
125080
148740
13338
281816
1075673
243099
616405
541699
445527
285266
247819
225429
947938
344286
382116
677878
957697
281827
828212
180134
180133
720223
1094971
756899
229480
14031
673545
155892
111294
121980
103333
705923
153612
120953
1055359
654564
713439
351096
659643
245468
361463
678476
529333
1084993
177514
789224
216656
322376
45897
267322
18253
579327
161335
892898
790406
309281
13058
364473
433933
319847
292511
498661
212861
101454
619588
34995
228932
132160
309780
65480
475995
290765
634172
89870
252781
436018
870600
657634
1055796
538155
195470
559718
624394
13244
247432
166404
1045109
612459
648468
326517
644789
92794
117657
263593
293677
317148
268759
121898
93208
457480
517467
623779
252848
632984
1035627
104428
351178
864530
263872
362508
59373
926080
189348
19844
133213
994848
770639
118613
794005
106171
185876
457997
302002
232965
103965
816444
526312
437354
488566
149328
853649
145067
699003
25166
196964
327778
794017
31261
103858
206890
137598
718968
585212
849000
133209
809121
623051
2480
398793
187234
910252
465319
140793
218216
1123022
867877
699326
46657
981368
209482
206277
49889
732429
669081
230594
789839
832293
917113
251933
569739
488453
123120
230694
339620
69456
132042
505643
633411
106768
196560
302219
1023242
353603
558045
1023243
415489
627366
499858
888451
1043865
88312
398773
69077
89981
194963
149272
104471
17229
415487
491257
64561
618524
295345
19594
92398
636618
216168
318591
802273
752090
465013
51495
102900
1014626
1115439
22141
137325
195781
123072
431314
102892
635191
274508
232808
982337
404596
216859
1096255
109469
224887
32004
108565
956209
591160
91664
51526
117809
467354
471455
887095
159632
420995
146201
268067
580705
992865
1096526
216149
613740
907873
216456
617935
51299
239804
147142
968678
648646
267565
673190
1023468
690252
867766
218566
239779
956891
301403
207394
871564
558739
244967
229673
216876
678159
438046
295220
1110885
33615
436248
31610
755766
16712
104357
588542
252898
284403
207018
146277
893098
103928
1076325
501052
33530
149444
644742
638435
865104
1000225
105228
471328
110191
123221
255181
88303
323488
163390
224125
215308
196957
928242
569535
432182
1115168
578352
401032
644473
56106
122232
397612
150098
231153
551752
216870
578544
33399
67815
216158
1078426
242249
102685
353477
206919
472436
103955
348740
16799
117777
587666
663349
157038
253496
809108
977523
1108826
59425
104314
232936
19931
437119
243405
474294
121661
1118952
774214
60463
1076423
69341
1076422
86216
1025387
65849
251358
685873
20350
889334
678364
295225
90042
149387
475046
86324
459473
832897
726808
1002854
856569
983151
856591
499563
286583
606650
650927
744559
433555
618578
774215
524850
362153
768530
1091818
843589
206142
459608
722146
389274
623314
912479
149880
121431
570192
1010238
419080
570188
635466
264458
360597
245754
786160
591651
815910
918714
207579
836555
89101
195193
318322
529712
471555
90974
612974
1052342
1092920
678457
465937
885537
215573
391631
242563
529750
89096
589422
457780
592992
1094637
933100
445474
247943
68882
957975
67515
335542
230745
1088947
1052324
363489
308244
149885
845775
815979
564435
47262
982984
332283
591662
11690
638646
505383
1119273
646430
228532
17721
357546
1093909
648530
641928
910527
479101
733009
685960
245752
304651
497020
47373
452261
213080
398066
264208
383617
304604
105048
308699
664617
888275
179949
545861
484273
345238
195616
275031
132744
627110
139800
104208
483450
363561
1090174
269369
347838
520526
883593
24439
1056247
70041
505387
606666
699276
132028
348463
475220
529694
516245
780035
105069
815883
623338
797610
58991
768860
669232
607186
150271
195312
872436
424822
257813
632870
20532
351463
47161
816093
69912
147079
583304
516292
149200
255834
1017612
518700
910052
162110
232356
1119161
180442
12620
664046
207314
444478
452724
592042
92447
238511
196759
65066
617038
286114
257088
19391
59215
156598
410756
332377
872124
253003
1035851
185684
171500
104277
32060
871309
171494
817045
462170
256765
386979
451466
302377
968792
243889
318584
569940
497161
156584
156300
934899
436196
126248
499537
591121
17297
591310
291847
102201
255282
625990
506604
396566
594403
51158
444365
322853
669043
263259
24648
968829
655573
457053
528462
580547
156243
670706
986898
412059
218259
843561
521731
32157
1075365
124130
103025
887350
124207
22355
232023
224046
197504
634062
1010386
64326
673809
714265
121451
968579
924844
69908
269574
448648
478750
209632
267632
577649
255160
353179
264255
186912
1029958
934578
977363
817078
1036034
1039874
464916
816269
20456
1057819
1121620
133187
238827
257308
53709
397885
11669
122098
64357
936241
451378
209501
448941
997642
152997
626897
321295
63258
877655
661634
691666
624020
535541
1010094
88739
468423
1029709
389676
34826
18118
536718
216503
225973
911490
63206
886122
309525
654562
247007
178534
361645
104092
719281
24031
971018
860656
1107253
35248
13159
251703
11801
655344
207712
569030
1058257
937174
459869
340119
238551
544856
524124
1010976
465206
1052576
254429
1139
524288
851403
326314
239626
117937
601161
601160
208180
282535
359914
59008
867438
74985
944366
834880
78542
600473
265397
144697
63898
161881
967052
638465
284704
84045
97953
405960
539848
584954
479448
762971
691322
190432
89318
600978
160146
567809
195498
157832
195728
751193
570884
463591
160172
22495
989659
453364
478086
160194
1041739
1077472
567325
367786
310711
463481
643760
22515
951182
478019
541251
195450
18370
190475
66839
718899
105751
641364
453114
80844
540280
691491
243173
312175
540361
105884
827257
89473
750269
258385
1103216
158088
641057
194980
1055880
448447
258483
195201
885778
195324
6755
640760
513671
258560
822071
676976
67146
104367
571177
135001
103610
789971
883350
600406
342946
639183
749789
537137
722288
482040
766785
160804
81245
463047
103483
256586
482253
308136
382761
831723
611927
477501
308079
240402
189039
67544
197894
77583
571897
408137
309458
196563
571188
449083
821487
749967
1044256
512239
196244
477939
157332
537907
571339
259260
310068
541496
103637
434255
343057
477848
89104
343031
309773
821143
436045
103706
259394
477751
566790
537450
822628
751059
600251
765967
279481
145486
400997
465740
263022
418273
597463
11837
625151
578535
133947
823964
104805
104802
344254
367980
717021
7422
1064859
539704
133933
717407
40265
257597
539849
40154
257624
159482
7731
257418
293924
357882
29184
460089
322602
245393
418381
632383
183301
730000
128644
613960
887984
937649
293424
687535
100663
29253
19668
1049786
293630
352099
352093
1011253
100740
1126233
151567
755723
293759
729797
11878
1019188
293809
955088
159134
716818
313745
750596
568660
569581
257269
105396
448569
1043645
257959
1043668
672618
191234
1043672
242167
513270
66638
766237
312949
1095649
104474
826244
159793
191198
345028
258164
568497
242023
134163
715446
39745
104573
59330
990637
478901
344506
464250
717582
717594
479324
257678
900863
7263
7261
134002
824840
159043
448816
824866
159007
610654
22181
792637
159592
192815
478950
901245
381728
464105
1130102
716419
691780
313802
8113
948987
107406
766898
785249
516159
728457
785374
244984
516099
206212
136357
255219
939992
768964
68914
577295
577282
768903
340885
748004
152875
320938
503079
57903
562968
77062
20356
297258
545090
677811
475786
1037375
64858
532584
87404
532973
577562
29002
351417
351407
845485
769454
64393
845469
562429
206915
1067436
845439
845372
384635
532214
769418
401753
295961
163040
1058167
1131743
663687
671088
401950
206603
769184
351115
296358
152577
1117066
320765
786036
321681
110203
238828
476010
185770
904609
768693
402903
155497
54649
155490
598399
301203
636644
945419
839695
239555
483915
839717
1068745
645548
839803
574789
26354
994844
348668
636391
672950
899207
840869
300506
320335
255395
1022391
87698
320725
26152
506029
87626
238580
238625
11102
64895
1113111
1022357
238665
663320
153063
962487
460850
613231
711222
238670
688655
384458
81691
402605
26169
350108
437979
1083721
962235
843117
533431
663792
101034
487019
198918
41107
610235
1068554
536417
199025
767098
449292
38646
199117
482862
199142
22690
26525
67803
794305
723645
135282
751556
433971
836340
303815
1012612
133370
303747
644938
48148
260070
303520
81369
406862
1076814
199656
505722
789640
462926
307413
566391
677250
832512
722806
28086
47067
612061
572753
832795
692936
671758
156205
713655
58729
833237
161116
833560
959132
1056544
103171
406986
368841
482726
21531
959204
959205
22720
303398
502867
294569
322056
207656
625156
294697
603995
769641
100908
125159
23154
905576
729450
664073
905567
729248
647086
207377
207373
207366
91445
898192
54782
87233
207222
1094377
238030
938863
578102
152197
152210
207674
452281
188070
322088
505756
383009
503905
573516
724026
26468
946991
102818
135440
244064
199878
303000
41276
505785
155559
837635
483443
21363
531767
1053998
837742
613732
207879
262947
294330
207732
69529
111484
163269
337080
579052
352205
165348
928769
129213
528543
928770
908795
72032
177097
253684
627709
595180
92638
928944
71968
145845
252440
328076
1096956
179823
1015755
929143
1059708
386730
386727
876758
908427
327979
684926
559707
473008
559481
1099539
215955
627537
97774
339082
466807
857447
582629
733703
92702
706284
216628
896378
1086739
284374
115072
706355
234594
179607
627376
339109
179621
595117
246790
806850
145886
23677
339131
145869
145867
1090549
1009157
13859
253780
446748
1132831
246491
908076
180346
71372
148458
908008
71345
1059505
560089
753730
628690
458755
214970
99075
123905
286810
529199
967868
529238
628862
650936
443227
265392
420240
529283
806578
265352
810895
609115
386579
49781
771314
215303
1000943
179961
18307
98832
114668
285646
733313
43395
285826
452070
490463
685020
355251
559872
1124586
215601
235436
71611
929853
501011
246544
855286
3655
929911
398071
707815
86061
609012
265713
492529
63191
632253
911015
616701
146416
50202
423565
423564
1090515
910879
971035
76039
98125
583838
146522
557995
233222
115830
387362
356420
387359
146577
280822
471883
927017
282597
705345
1031730
1093451
115653
338887
734490
558515
861312
519521
219053
396078
80137
146127
177489
584466
267561
387502
146177
338174
123152
97879
267521
252804
218806
584303
807799
98005
744994
138792
146290
85360
807831
626074
584095
926588
558489
177930
492136
860360
1108219
267086
909540
616451
55275
98385
984356
338974
582961
909828
808560
14236
666285
14230
147201
506987
896245
92788
98463
858265
252558
1063083
1032132
559151
582777
858095
807105
145927
123471
397501
1009767
386981
1108001
422839
583163
808256
626792
329312
558861
98245
282885
356246
859050
650374
253128
859009
697053
267059
217718
1108192
55286
1089992
329248
1073410
548494
557968
23772
217619
457737
363560
23767
34523
116387
446425
85639
3000
971560
931163
696307
385837
399571
210684
1023530
670632
1116852
290769
630881
1047466
399621
488191
630910
4562
150453
53918
546457
1112571
812935
998725
986064
264057
752852
264045
42546
631022
291018
609481
86792
657417
291104
1067237
1067233
546410
517347
112933
510639
264414
236517
771979
806344
254543
1065471
473984
325392
219777
530345
985946
12634
290206
934889
474027
4464
419457
580166
546604
614884
112774
245820
492732
546578
935080
630787
124419
150546
1010940
18908
60397
1132159
519973
879144
209504
561631
848858
86862
145604
86872
163747
906288
500109
36247
1035555
531071
176349
245549
531098
292612
936814
848398
579197
292778
998091
770035
30489
292931
97547
177446
63896
848949
439704
323625
128755
631192
418933
182359
492746
163942
12376
163934
631253
209966
91791
631258
182389
352659
431800
530807
596996
936193
4689
237033
1080107
936218
439616
806195
546280
647974
814180
91748
100246
29638
191935
357561
931962
18975
236049
581251
326504
458928
280086
265037
265036
149217
213469
180946
236100
529617
888765
236107
547151
70712
354189
625427
971859
1059280
625411
492711
1132600
615444
596009
326282
546983
49384
13177
967511
91986
129622
164797
113921
708483
473545
49638
235855
113848
489588
287596
888888
560372
931672
354423
326614
13230
113780
1002821
585156
443242
164711
581348
287802
423928
395594
287807
70768
236018
3890
99297
596103
1047941
925372
1034068
339570
289048
686256
149738
732283
386024
517661
1034398
398916
395511
934206
164300
630328
99658
585338
149926
264507
732100
678348
670519
63676
289520
150003
657222
459263
419661
851571
29647
364449
212242
25780
878153
288621
932775
888603
357537
60548
398619
99484
132219
1125227
932915
76505
708709
648796
70614
933096
164372
933187
1074273
1034190
696027
967139
852496
560861
925360
339559
1112411
852356
353775
353768
543733
332773
73133
201744
842163
252109
689633
689642
514993
922030
120022
589315
618385
974127
227631
623915
945776
252184
260619
174413
498741
1065244
260463
75204
592939
239125
575286
588234
618414
299675
679444
166594
698993
868501
278016
201780
1183
74250
383746
96020
220619
455734
777958
417077
83501
83503
277691
175228
275300
227858
33571
543683
738463
437489
28672
140600
1273
865835
1105139
140545
175294
32711
682264
83493
252209
520810
1006882
636957
61112
544458
223941
45707
94464
95962
121605
588994
445854
96418
274774
1036
700388
135949
1008242
220265
117907
585776
274795
667396
171760
359468
117804
84623
403457
587592
249314
590686
1091227
251641
83131
919919
868921
318809
651151
680886
551296
174074
121849
333877
61563
543189
249359
1066207
121750
229400
680972
450945
333715
58221
868609
576086
607832
637148
920242
469829
45605
201905
697912
174342
424185
493886
30776
96278
1025056
30756
870778
84272
117784
801519
618522
37857
255474
617829
380908
740583
349909
96333
30746
251906
975215
445859
53639
655320
384296
75527
109853
1016864
271897
174882
756324
1007522
348865
102310
276502
912967
871695
468259
607959
65062
298713
348921
298846
275812
455948
109343
551943
551802
61206
73931
331918
16646
911989
141243
1117158
361057
555564
95165
221315
22790
563780
22933
587915
102213
437748
523612
174762
221440
681729
912608
102195
62261
476321
341916
131087
476351
33026
622010
576283
455853
109742
756302
88116
457183
22793
636371
144900
469424
276360
591010
476197
607969
508628
332213
221593
221390
348235
702875
544435
299147
1007142
75396
738527
591574
348039
476667
175079
277272
33370
359119
141662
16766
1389
493155
224866
476675
1121455
51020
1076000
145335
145330
121297
871118
591549
175146
925030
977473
83520
1105234
101932
141694
153607
456052
95704
393521
221016
221059
144608
598640
261532
775750
144711
228175
32848
645367
271697
1038336
871969
65155
607376
393769
866757
974832
121057
141454
612612
332847
469572
917360
128294
224095
31071
591588
652880
261453
121151
16415
273667
591055
277045
141497
171554
51366
301761
143624
119208
863594
919498
187051
499212
1061922
24163
870263
143577
320045
24790
743060
97128
17623
274117
87763
268744
162022
268825
562
93533
56506
186873
61710
635182
653884
556276
869427
550669
802572
981214
898818
279382
112958
334244
279383
521517
139257
451362
898874
249928
605895
942118
171479
25006
887181
975809
565172
122922
606696
898936
543045
697600
777418
429505
24948
97030
24892
171408
250752
1037804
269498
777255
301750
470278
893341
424955
74611
978605
978572
1008925
505842
24375
362501
803321
250647
93642
273597
123
605951
497424
62618
244414
586568
742242
869939
803053
93688
173288
269100
1029236
24229
470405
919391
226553
524233
204535
93798
819319
186062
451761
671566
162314
319911
362688
651704
229968
118545
143451
699967
918921
455233
976104
118590
226259
1072371
839217
93600
758594
802791
635389
838696
108583
585724
451256
534378
119601
16091
960860
32471
725972
392345
1026355
121928
336395
768025
564382
621096
655839
468771
270447
470705
51766
96494
738056
118242
140235
773776
1110854
171531
108580
274501
2238
470726
108545
592568
591422
433404
592968
300516
444640
757447
175686
864089
841408
498855
751897
239694
74449
135538
107288
596622
972530
336189
23940
201775
800412
648772
528611
963610
389310
220541
686154
260721
538453
236470
864055
451358
24027
577208
1132153
711283
637723
960157
361891
336711
318996
504893
510247
986142
23868
1056657
775052
762488
279107
403906
236952
40631
255976
303597
25860
334012
521190
555679
41916
202624
279169
70390
303319
188109
534827
773869
600953
459732
686846
132788
637525
711156
1122172
403184
259458
941904
1101054
1122171
559733
556389
484234
187239
428937
759364
588765
279999
840223
258442
204564
319333
97256
258513
908516
391562
886680
24724
218882
534450
41471
840260
61889
1013453
418378
236070
97381
165141
474773
319886
71155
727221
118541
840030
351246
5001
759274
280088
510183
562928
627926
203596
546579
97321
451742
758262
258635
887180
911047
474523
1056755
1092332
164108
98195
219943
974152
925282
98215
758119
153340
150978
96924
51938
418602
499049
474493
304981
217950
667528
688540
219812
483241
711523
151227
203236
108215
46746
335787
521078
521661
556660
151078
861615
688626
666345
203165
97081
528940
391805
220958
259712
152643
40450
508627
10274
66329
482128
676782
842836
843168
276425
61296
881803
177479
628854
69933
217224
482213
206794
261424
402712
137370
476200
53303
6155
912542
689969
647534
22860
503371
534085
475918
131166
94933
131584
76773
148788
636615
482390
167535
503382
82833
650578
555543
543496
70125
253876
882190
1030779
407177
26075
58505
636518
562309
70021
253878
911932
163778
763550
964242
95303
843000
95313
458280
85168
149112
23070
650527
589125
200285
505260
788849
317872
10367
906586
42245
317656
189083
298756
189078
775860
416594
261560
149252
26067
253767
298733
476323
353292
438911
666113
261228
150661
837491
150641
25922
773669
580277
576689
656792
596550
282467
997102
601274
333873
627169
336532
627168
491689
618566
491701
336536
500110
658966
164449
907717
959589
566874
552756
515573
580309
788548
743879
859405
300312
482836
637361
23756
986262
349398
491706
971835
135912
47300
689470
485232
46314
637283
648489
686322
185016
25958
58202
23208
772999
52798
33353
336663
180260
584837
566795
476353
132391
77321
985509
504943
25939
1048945
997064
78157
834625
4526
96401
220261
51697
1028048
910629
441431
349974
666101
117805
739786
484788
150441
406018
418291
938842
97434
42565
347220
915056
1059572
2629
641891
154655
208655
252247
354086
239925
146600
230135
275256
163175
207487
93924
772335
880795
221963
617894
555343
105741
573323
677801
39740
94421
683557
776357
239043
183618
27139
84826
50807
331576
975011
2638
831879
1047581
94502
240004
32730
1092916
163260
53623
640997
560210
322939
274119
516017
473248
880997
94652
892941
322185
468908
477317
252415
100129
198093
116337
61142
45731
331683
845586
26979
646401
146539
665382
138169
250893
790686
1070083
1001592
988151
162466
964795
1106357
1110042
473219
360239
146745
714745
222512
454272
722947
216506
100496
22254
263726
443679
274822
78969
646604
939018
497631
641453
198902
94306
138607
533615
207908
190439
879911
1079878
612066
526103
714449
222470
635638
807439
309345
297245
17121
464852
168419
353919
570705
790273
208183
1017927
401490
66728
9893
222291
296959
1081612
591896
239154
477184
285827
110161
309025
330931
965041
22428
216212
646907
40028
511771
880638
274366
605995
660547
331417
596316
370071
722765
880442
94315
505570
216524
106029
42825
274490
208437
1106514
251978
154777
331380
147430
239729
555183
222919
264651
727207
174743
523788
912744
87689
2465
66971
240304
221526
442812
148553
122598
766039
169049
766056
262305
890652
223189
199868
215798
690474
298362
221607
982348
262509
867733
87701
99986
340483
958806
308266
723731
655610
498012
436445
69836
566176
139727
79193
747552
541697
659553
942961
257787
319678
1013808
534557
619193
97756
319620
926446
451962
235424
619375
71203
1013730
219514
118926
97824
774221
942746
862378
71259
538828
1068556
71316
600759
998215
657347
41339
335217
71405
219283
459460
118682
523360
839719
908977
71456
97557
726890
22775
723726
437549
221833
26834
477383
45758
677891
772390
915227
199453
1017437
146380
591953
346960
508680
106237
3147
286775
189710
199515
904211
455013
137756
789663
449660
957536
988220
640941
938013
198057
939468
476623
1106802
121225
50965
924034
309878
17387
81122
1051912
189768
162347
893044
607016
69784
199594
216993
436504
105663
453833
262570
275811
830698
163476
21933
449834
3292
22756
139680
190877
240240
217013
183904
94788
1126351
642094
636141
570475
806692
539747
76603
904166
754312
596140
867879
100056
614807
468984
473357
122548
296039
183870
639747
1023775
617122
324717
105185
13751
608199
312341
901720
112839
142031
582311
1243
779772
74349
84511
59349
103881
1004051
72574
250510
950389
156668
536238
718868
114977
272564
552837
114542
31640
18388
469121
590308
99174
21059
918753
103311
192013
343425
248269
569008
548459
60761
37678
397248
25764
211048
103898
224739
955337
227505
976910
93261
1016104
272308
287707
824178
681047
86401
662883
145233
578824
945921
931094
136146
384523
1004061
92106
75551
20943
1084197
126125
1113163
435095
162090
692619
921612
398113
289719
466126
103250
498554
244547
663961
871209
272294
188363
21312
102450
506229
175195
895791
342629
478040
344639
30214
478052
632828
670995
692509
432130
164019
490097
315051
605547
192703
1076976
488090
462693
228445
794232
1061318
873488
355721
14137
1062
1112155
271524
642500
396960
872469
1068069
254678
143903
91258
592340
355665
2051
287217
124109
18363
624412
646072
1103505
720592
103347
268232
188061
114529
356483
265927
662959
719169
158467
581368
349813
1153
144037
611140
144017
179954
656577
192581
849042
272932
654767
529892
488842
423933
336723
872470
1129145
455408
157560
486753
28835
181571
269193
669489
299300
125157
73839
105382
794758
569925
158687
628659
173187
787789
29388
889004
629849
522760
9319
630633
15232
59559
536791
717467
456326
457160
289948
717196
13832
91873
585784
215509
541366
180027
156882
770680
396217
8906
144824
293637
505977
482702
20260
295612
345702
453388
10424
16237
29365
12599
689839
112336
1123112
632122
173186
827715
214312
719053
126042
265139
1111747
346453
740166
326567
704694
397606
277828
732934
63472
105395
142611
1077094
92220
423583
602731
9351
593026
229256
326557
1080284
877220
193565
731496
227697
84046
752185
59397
289776
278216
142309
519809
278218
91006
112620
229360
144287
898005
20483
462147
876428
692985
605142
850470
171822
1128564
160463
49732
718352
471755
191307
229378
329178
1103814
785252
38846
950196
12669
180491
246255
1045785
327614
447484
241190
181036
266244
980603
9426
112587
220905
12653
1128988
1054247
91102
983960
31077
530438
1006467
950211
389137
104001
1124495
84054
326327
447231
1033437
875035
271256
37457
120098
192331
195964
992802
1435
246302
814335
530963
156171
654670
400173
271183
63971
1090955
105323
44925
191754
670083
1103981
993250
630665
871502
1071237
631118
855340
395599
424486
157408
592043
341558
272024
195852
227966
398562
633922
540373
664394
220432
849101
343107
919000
188531
793525
814224
372898
74102
178727
68512
830074
419832
1043169
682787
267775
223203
447601
192001
101628
269077
104605
29753
237326
777753
249414
140906
396842
157504
900376
569225
261053
1128845
25496
775603
455808
293392
2190
497133
603178
369109
575200
578884
874791
18995
114006
314061
1044212
192662
214913
92559
91963
149960
143343
417177
380862
180098
91696
367696
12489
14299
458565
543250
344409
283368
237241
633763
848559
522140
38704
469229
212567
194259
265034
21762
321459
325583
642294
715462
607872
161818
842464
59738
91287
266114
695705
357924
558464
990353
733618
140458
244048
288510
455802
95979
569526
268277
907386
201999
519718
543340
99332
157455
123090
636875
996899
143512
1024871
536712
179630
562479
217573
605684
644180
92609
536483
140565
673546
447828
104556
267924
578349
196250
398569
1008847
569398
194018
623664
102350
132249
21496
671336
768791
267573
562431
558496
95919
937664
141629
120172
188394
75015
270968
488169
102347
1081158
455970
1094643
45181
578437
43946
295028
141632
1007677
447179
13510
87018
193290
32018
268860
69541
37867
12398
243779
48246
242568
608738
223485
114417
93085
14166
21508
610346
446527
170435
580128
895367
882776
830449
624813
524371
14227
226075
655346
717215
824002
519683
578852
67178
968929
224326
7590
254974
955764
633811
323883
7595
140686
592913
603161
17505
751506
254806
13523
255304
18928
293953
44476
935604
103402
209347
662224
455701
341966
530991
607301
28692
123268
513466
492994
667688
398607
356582
910786
71018
623522
87481
816369
211498
286909
271738
639165
839647
386310
229319
293471
933705
61228
906443
286442
457256
497059
720925
347782
286444
664040
855568
230284
93149
191848
1059967
21401
172672
465950
670477
91864
135658
124478
966759
964281
497060
135683
209484
161908
38781
198991
93672
749537
623095
368867
667536
954555
773133
872681
568794
492322
353737
4924
614317
491861
215057
37608
416904
1025028
925881
386274
580449
839527
160970
131794
251402
961628
45117
465032
472062
916681
631810
209370
592889
271642
667490
326467
1058687
470579
470380
642600
184854
319841
149898
823444
1028045
294822
232745
187340
319839
446233
251429
386075
347826
184888
302897
990927
1070317
18903
642503
672981
497260
671469
887928
897009
25570
72651
262135
626339
209203
529932
822989
209277
637874
793159
317891
1053000
839533
669855
277387
539857
229329
436313
473395
25853
342740
4624
209436
386181
386182
582975
25449
989158
187389
1037010
342738
905126
149706
984618
334362
490231
381483
654188
681596
131629
1047710
761746
256598
37738
947546
457015
1100679
229469
553560
8074
626261
803152
347804
385977
481976
7869
1123655
131716
623237
553559
302946
523589
584729
451536
4647
953563
1010207
681601
771025
925880
444870
25465
268336
796351
25841
482877
18522
902731
609498
1083869
27564
63032
981758
44730
578851
503861
110759
265249
736909
494494
618048
1064560
787218
1064552
36395
447840
1008801
130579
179809
591374
599652
51504
207984
326697
561797
1096180
868433
1096181
565463
11237
507101
1008711
626750
123199
397233
1008716
839895
888278
768418
3747
455723
386871
727384
729495
765734
140260
618012
591403
953395
18288
196245
553797
285845
251994
149306
591404
703211
821543
191576
553779
220612
357092
989210
237391
27149
598834
237394
104514
735278
252010
27385
115859
343000
35440
191118
664210
907914
386829
569149
58589
1017896
333939
1114235
110829
633092
140218
637192
437116
191569
995703
100057
802808
805318
912009
207798
172362
881357
852885
233711
741174
104739
742565
536530
565357
116051
110500
735316
318863
70239
3536
52896
699016
912020
313808
171534
257795
38284
1018375
791258
805706
830248
846320
843135
237187
758400
464602
815161
259469
207778
353813
270909
326732
463306
961140
266373
846317
590173
328087
237223
520037
99958
801004
171510
1079287
3657
308011
1081250
613150
537180
98203
883726
252187
3554
223015
393343
714284
3688
814223
195226
814222
91701
349746
41142
307999
216227
50777
553918
414052
673065
532096
865226
223044
281398
336520
161846
333822
604658
322823
140504
857949
263395
816469
96864
985457
453594
152263
299527
229018
349872
187525
263527
4314
591478
996534
664152
989190
664150
754698
420192
65663
663537
1109062
334111
846057
1114730
355950
420201
70147
271953
471475
521206
341428
13206
1096297
299428
843473
368671
467199
469440
919655
907740
537139
104289
74229
686758
97100
261765
100271
649167
139619
47139
1009507
295380
26325
368722
26322
351310
649203
912706
329203
1063868
765971
179705
701962
208866
1049859
26095
277367
131493
609117
215427
1000487
208893
178497
814129
600765
4503
82306
184709
919710
659359
271951
575818
87654
317912
920911
4388
139311
763488
631581
39129
857268
292667
139267
919709
772340
299314
368770
938717
583421
1088157
360520
160297
233380
81874
509328
359368
659108
791956
448543
513062
104430
237420
251894
4045
930939
351403
783962
631435
1109143
1017712
716179
125459
159505
340467
324105
1017797
160538
867199
420001
839835
839833
321499
866337
215892
33723
94072
797729
1058061
68924
344827
181051
529254
35388
140028
513082
705183
48692
649066
131006
626596
242707
436908
174157
154036
26640
130866
26622
87820
208526
578279
215799
1098496
247691
175900
339960
87780
711061
631480
553713
931152
274030
97075
386634
919646
344840
200999
1081383
81946
563025
94014
443633
71902
208426
26762
26742
622747
251838
120454
631467
4120
26685
357120
200981
471935
1130429
59875
881850
491657
688754
558919
38875
766739
766759
391391
441554
777394
591826
122259
1084683
509949
957244
38782
275612
391384
562793
154206
185039
560432
164897
706425
468239
312936
914224
791448
419356
38699
458010
1011297
137945
137942
59678
829650
355259
777555
59250
109298
653203
391516
882153
766779
898789
802509
526164
78033
617278
468455
59295
771201
122451
821190
154612
957593
482724
829556
510016
537292
432005
230000
591704
898971
509973
566420
681240
671150
184965
78059
246457
121019
201422
858850
99881
766398
121085
109961
699917
6970
319463
538061
652676
60691
821921
805928
986504
231076
699992
616710
255045
498843
474263
60948
271025
263977
504432
419283
467951
231134
699984
271009
37873
329364
592587
688384
499079
238994
1133363
406446
77269
576703
576710
960730
201607
38438
223449
77360
154149
537686
777214
319733
246589
121568
797064
344384
153923
319696
558977
153900
804209
811537
688437
741260
246525
77157
329345
1105007
932868
537058
88540
136396
590360
622000
136421
163930
185955
23286
722399
334797
163927
987831
185983
458371
327911
510567
933786
919365
909433
355751
945374
136758
490935
536407
164037
767107
1068145
783873
40765
536346
292938
23340
536319
185893
361188
230111
1040325
155440
327780
327766
321165
944949
987972
327738
232568
840478
988001
361043
241467
919325
41514
253481
287067
381859
510635
783686
744131
689961
407170
41265
397504
632777
270369
1086804
136235
86735
820256
722472
578735
783944
1068146
441240
767005
78141
312609
23552
254038
544706
109085
735922
829746
653335
957763
812406
812407
164302
977595
164398
247184
903514
1068633
482879
39507
172928
441164
122708
122713
516146
137316
247173
58677
263344
320494
39664
122774
39949
735923
1012315
820671
744252
263249
829866
40421
933445
230951
185815
164262
58012
57992
401640
731231
335978
293003
214278
680873
253952
458218
406950
996161
279613
87098
945715
680917
320585
320580
381585
40027
473553
566550
544731
566219
771662
940092
720312
507005
95679
150740
418638
1400
902373
314560
786990
6844
443192
806174
915543
949189
353516
114624
221732
506954
244664
648546
148338
496740
221772
30976
887772
146350
395197
684384
979534
543784
495738
11945
1005834
151980
505036
274596
442891
7579
970635
889605
35151
1120880
539766
630081
1108124
1056567
998656
217632
776322
430268
574497
630033
645238
687171
89655
629988
878711
859985
7652
735418
35015
193576
776147
259472
199758
199694
63398
7719
68693
112111
140850
150933
599007
646223
446415
871243
1001625
29389
444427
218968
68541
570247
114393
505434
519619
314195
555924
860529
518142
628044
33511
773279
118005
218864
372935
25095
595370
556068
728813
1005577
879330
704179
33377
340849
465770
266620
226779
596562
69788
257575
596609
464593
96182
281127
848796
479203
764890
340869
349149
340737
627308
226306
271548
150835
238461
259114
69797
363593
33016
219152
69815
347205
296484
572814
520217
646338
596623
28051
150880
623699
119188
602107
344313
552905
418188
1048870
704707
538743
1122889
24239
899867
810890
1028333
644328
88896
99515
881373
1070405
713258
1120714
474611
498614
62034
822516
184272
238928
36595
948056
914381
294166
394573
406020
231196
538773
474570
88890
255295
538600
771720
153454
37201
1028070
37259
1105747
255171
771718
859180
120754
644097
76809
947617
800530
120791
1057515
255201
275376
37178
544438
303707
631017
61569
61584
759373
406132
76622
61638
630984
965268
947827
498679
89115
844779
9548
75950
193337
682100
630348
956124
1038234
353928
217286
492843
89370
738459
353936
401017
152589
217273
915590
630256
89117
119254
804002
660581
75663
11646
929932
2326
447697
671693
733756
343274
675290
200199
183990
593936
229857
184050
394730
17865
517344
119871
419158
387072
630628
978637
330111
630441
264326
859456
99289
120018
728027
1070514
216909
1120755
1028812
24348
785618
1056926
1116244
504745
242841
644803
264379
755668
318763
874281
1049078
555114
593789
797295
155480
23160
210299
230616
106360
384479
106349
236051
239617
1065485
357716
206836
736449
288969
533065
106309
586144
210306
83928
586385
309578
46750
106425
533162
855527
586362
309576
350059
488454
937815
20336
560826
635756
941477
46872
384415
941352
817622
289164
227917
655588
435891
842333
158391
359210
426218
582636
47468
530337
309744
530350
1043018
189549
206909
206905
161018
909754
161054
560849
1062642
158318
855261
586078
502559
657247
369518
705424
158260
106307
83835
277039
560820
855082
1066289
382868
485383
260937
174989
737192
224157
206123
639591
842711
368108
1016481
485423
770029
852831
639589
106964
512394
174836
45498
190395
896300
587236
604489
45570
501006
19894
205997
268072
753613
132658
325891
1022574
852833
268129
20019
469863
919090
384656
309460
668268
132172
127065
357525
206210
106562
269280
471852
323232
323254
1021850
910040
382978
529689
937350
449782
769983
175136
582003
1022261
937280
323007
249506
382926
989889
529537
175097
488859
638609
127996
944770
21529
854523
105025
1020065
904086
694131
606670
188501
176251
105647
1019971
409089
277579
409049
487533
1020125
1018790
128753
268554
752920
513677
393025
51207
398566
230441
780626
207665
51157
1018737
105744
104986
21004
14611
816945
21132
1019801
876709
716951
10615
487199
712293
105313
487368
268789
1019799
159777
487225
369102
584744
991725
1093656
10618
584550
105294
261720
960695
250681
693500
50463
606147
398386
49811
176115
854030
224551
188939
105215
21464
207560
83226
21831
752050
638471
1095878
619003
1092248
51942
250069
636360
532630
619013
941118
241855
251303
717007
209612
743146
801820
160325
207023
585919
751950
128029
488095
583061
158516
583062
1092246
657038
106168
638524
636304
669461
128189
51777
21752
51746
268986
160478
832902
1018421
278056
655941
460121
992376
51721
383437
128584
768649
1020461
832040
638097
21685
10488
383402
841537
736624
638243
48252
350106
605705
792060
817309
5023
736613
876406
335544
638325
530626
132768
1090271
382767
134830
579803
697297
279143
1024485
321825
1024452
972679
743888
767507
554524
958569
42819
356514
342711
79244
712820
321746
13835
260655
177644
239173
86147
500248
252889
135041
225073
135038
252883
1024553
56132
722833
10068
42882
433749
737522
134375
851879
484321
1100070
242476
156307
621161
55547
958570
500414
204969
469178
588531
608722
717095
851875
1014524
370351
882731
677322
55668
731392
287663
22827
204778
1046388
528113
658407
55768
102455
433785
469103
252910
641371
162057
449195
510713
944549
944480
783517
135734
670509
403131
135829
458470
204067
163500
124248
897735
13760
767234
1101484
439779
253333
321297
86612
1059719
101672
922045
394006
135933
236573
327638
270153
78968
135898
253326
767233
230868
897718
6288
433459
963297
709869
697511
658614
213149
944063
6236
163447
327297
658596
56246
102167
589126
235770
135432
633342
750462
102084
767330
653911
589269
500180
312111
42032
452356
897681
579332
232645
439976
155696
155693
680381
452027
621122
534214
326276
852418
402000
157108
667949
205579
1089857
162371
604310
793521
936475
667987
989392
326185
640190
567039
401885
667887
458893
640306
856323
994221
187072
534343
249036
640224
770319
581057
936380
528754
667920
680185
761974
249151
22415
533986
291591
392306
434915
326065
126238
434924
126242
382653
533954
581477
268049
511993
242333
581577
942485
157320
563189
335097
936699
634702
511918
856090
157308
369826
174748
942499
856129
126158
19685
852491
534108
260770
779211
276574
913811
43964
449331
469256
503123
972919
102825
793216
553418
102845
341853
262661
909586
618280
102931
55243
102791
55247
458723
608551
834035
85525
134135
360261
640807
1088990
919228
308716
725943
717094
125226
472665
44190
44229
85212
133690
489641
640475
1061159
489633
489620
85214
44546
767836
133682
580916
797505
276570
19294
44572
451831
877546
566989
528531
103013
489655
44431
580852
458829
385115
311818
211899
654575
55069
6007
489679
269654
464423
70309
151882
66681
479541
495051
404613
94574
954960
756702
645608
888423
66118
624051
1036342
823545
864349
337021
950036
1108736
244954
703561
274435
31945
954949
1111634
395806
237031
143711
615097
221446
949811
790888
336779
518602
685745
507807
790873
493239
685711
629248
871919
298595
352000
953136
505241
143456
112773
116133
1125421
220429
95008
456625
505416
1049601
95052
927673
296028
661024
265400
181183
2075
520851
16683
66793
952840
764431
274371
707427
1005606
74424
337062
144337
521256
348729
953091
171606
196742
707479
91170
806520
151677
94936
73244
199293
144572
144602
181477
280791
196395
629443
151207
523121
111982
34196
141719
646105
1080535
646083
110
118433
118419
454386
445892
273277
218298
142496
518520
543619
518559
332987
599579
494269
1031693
454762
873079
244557
1072679
28470
595938
646580
243893
717435
117437
67502
93212
364566
508667
915279
541782
494270
445966
1055802
702753
508513
1003
272966
195475
243576
983890
647626
237149
746929
143182
493597
296342
570426
93105
71281
71331
455204
614999
1029837
238712
647844
684751
613660
1007155
1107
142987
928837
902864
297391
227033
227163
702754
454510
399844
848464
297408
914742
765481
523240
734709
871204
344195
507746
1112599
332824
571141
264998
70295
166640
1003575
911487
547210
315102
96408
1001701
733996
703752
627435
271523
905851
170405
256950
624422
256934
1073802
827764
562306
97758
911486
598153
113834
598610
825605
1003903
496639
1051793
807000
730389
331527
911362
363667
951050
12243
30332
673127
951100
860396
92250
271481
365336
496530
701503
114277
75137
365074
271905
234624
600469
1077396
715323
980995
905256
1078387
220060
650309
316317
463931
1126324
444329
147652
240900
444330
463657
96667
352634
259153
266600
775713
627808
352578
352607
757193
282629
352539
600448
170432
193910
147529
612255
924692
627520
198170
719183
1003264
12008
719180
30786
477846
950908
333625
74971
317842
340619
684034
792870
520091
929384
332222
457113
28926
28774
773851
388302
1071398
332181
457128
872493
92483
1055089
145781
1077487
478840
91486
1004697
478874
274358
803847
222014
479066
341001
614284
151021
888769
684190
628761
505626
599966
219609
917397
824533
68159
787851
901553
886147
180845
809549
95734
662458
774046
91575
614210
32718
24804
272216
773938
573423
363398
496803
180310
95870
1035325
476564
180159
89881
28788
95954
30258
649501
113667
331402
901409
478417
363459
317265
352880
714129
180460
476619
862406
346156
595343
955773
626991
332083
145813
352818
889088
803106
138894
850433
224115
841158
670550
262021
126207
1067474
987949
1112906
1067475
658429
702149
258943
562097
793285
691977
828627
841413
126170
1067476
111755
4385
602275
219702
80229
838639
478380
537573
335784
275565
164303
763823
980110
231123
915166
627090
287209
224226
1057661
219670
702150
944576
667231
132534
750001
303143
386242
331339
545584
963089
419513
68527
146390
146373
1037352
386243
586573
187013
1106296
206242
500526
303085
4432
105470
216638
774026
625498
459597
950927
16343
935887
96133
986051
11188
1081919
257105
399564
545511
172889
942532
646497
65845
923931
980338
1042013
828352
601262
459389
171031
279984
125922
1003960
206333
33939
1116963
399565
61486
478588
486767
248028
44868
1104627
75829
28483
438436
161108
210611
973899
96176
5837
206418
500463
1003870
459343
597090
62806
29814
489937
478249
459401
283324
1035185
68536
635658
419453
66871
573698
551768
353831
788032
61506
110965
788031
176711
923933
1112907
711740
1059646
245369
28793
292007
206291
423855
408719
644947
661525
959333
283325
610522
245387
277825
670808
841568
4266
1078927
459463
562147
872117
224070
314668
956917
610552
1121982
92366
314537
1004054
76621
959334
365899
773774
639217
1079819
87266
206030
649142
176066
913380
331208
1079820
198994
165745
520971
327346
242364
806720
242343
871548
353970
615582
105745
191649
305832
1113721
829114
126844
47387
764209
706888
217592
1113719
161654
904577
47391
986400
292133
95590
1073409
536547
658666
913375
598265
1113720
496951
792864
913376
1079821
510834
724018
4671
1079817
89226
105691
212874
131841
1098407
204631
328573
200523
853135
403075
901823
692652
1036512
10258
40005
804606
804607
701994
921910
439692
976345
243198
69572
804608
645709
691535
576402
976438
433509
371817
145487
725977
733373
28039
588341
408878
61680
140127
448751
200509
785804
448744
602223
614386
174632
537425
884995
94365
33209
328647
248948
460019
696544
21466
424489
334688
352894
248129
736903
424491
4548
145832
450894
1008595
510911
974696
1070421
510910
736904
902532
402954
915143
193034
353538
510908
173122
974630
974629
486918
739728
915145
314280
146025
66852
23343
95844
331327
283433
714109
11003
1010735
1101569
356138
942763
88502
738794
814692
942765
23316
1004583
875112
173147
244690
636251
1035509
990570
498709
145688
410741
274264
145677
1052085
958511
1035506
1035508
1090479
510902
1035510
387366
784658
588207
74037
1010666
1008454
670126
559247
756988
702151
388313
382190
348129
105611
113562
271219
615641
536487
582065
510898
1059407
986249
1022924
4578
470196
757011
314125
449107
206115
626956
30203
661384
620647
36726
562192
96524
837076
644583
61820
430243
160594
1126686
262343
44744
423708
634659
529250
1024740
260445
75779
444346
206729
1081700
177919
166259
980659
277694
543041
42436
944765
270156
423709
58371
1009144
929477
104767
1044715
1009143
131123
223422
186591
251613
262381
430535
271633
585700
1108369
1016299
733693
610127
96786
1092091
241522
451213
188144
458750
140904
287581
775011
571017
547566
463626
565786
1024619
385963
203278
200333
463624
687017
186642
644682
463623
444306
58444
241634
1003194
1003195
522443
879854
251478
522440
21134
203268
627609
435631
232140
1132853
1018224
223498
1110585
3730
650257
164752
302072
18053
294705
266563
671622
293593
386317
164632
131066
89521
463627
827363
1034495
88575
934264
277647
290840
91952
96990
160401
386361
736412
680124
148066
223202
138223
114567
79236
91983
193520
1002785
874604
657956
178263
458486
241353
732692
1098965
357076
97025
536444
386943
665697
89630
58278
290800
33873
1130490
114614
667399
842936
842935
260394
688537
589235
766150
634370
807362
268535
876182
810016
334193
733776
30452
467334
287638
352626
972720
280201
69355
11600
470667
1011464
607221
1011463
386332
661744
607220
147910
418923
607219
245581
771283
211259
583981
783670
1011491
842814
894505
956576
573893
1034420
201115
571322
1077321
1024985
650457
23978
23977
1024984
736429
827254
482620
69226
278391
96860
160497
79281
110707
75761
1101645
597107
186650
912559
522454
784127
326474
216613
23623
1011121
23622
28499
188253
30356
1024057
426835
828018
280041
935960
478009
1132654
387030
552623
973603
42360
578599
937504
827956
147004
426855
287491
951208
463551
65855
706239
585821
315076
857965
857966
284519
805759
639465
1126894
426858
44833
671280
1054624
280065
624659
624660
9472
478029
262164
541199
518099
658279
198524
113950
4072
5851
426791
206484
18564
8937
767215
280023
767214
206437
850367
605643
574806
105248
635407
30322
986045
767213
644822
529351
146971
387034
426813
490098
93531
426807
591987
1009330
258410
1059843
874862
66888
548426
247999
4042
58574
241987
258987
76722
620382
1112248
223898
408589
132861
218626
251247
679543
270121
507671
1109744
198324
807176
688499
827706
589090
230957
160810
1066345
589089
32562
838458
251334
827734
827744
193317
850294
571038
763055
283040
658125
247977
683227
55086
223587
1024549
268073
164586
66264
274867
1016415
912589
147513
945976
21204
749624
352668
980544
963476
5892
506547
569378
147441
347304
589088
815471
114248
203294
842134
160846
166136
335489
177410
160865
963381
330149
164790
951228
61887
241823
463601
132898
646426
644759
916489
477899
897709
1044397
11344
521707
177433
596981
23698
414562
541783
842196
477820
186733
470522
17944
671435
458966
241791
47596
1073665
177473
367958
61460
815438
519648
66898
963391
130909
461778
695807
922805
246214
650655
390193
10051
512262
769137
390152
1117499
258232
512113
191968
281351
865515
865514
191757
650711
888637
246188
582774
246181
836683
546441
339850
258326
747658
650750
22899
258312
718630
85618
1128016
1061102
246277
1117407
44421
1005798
145226
611237
145182
145142
958166
44054
768620
922711
192592
192620
144725
389580
144619
546294
307207
611214
808021
238409
145361
192402
448823
448851
1099470
865288
479027
371126
732044
448974
723692
922709
922710
682794
238732
87293
817279
10576
370316
370317
908501
370318
959741
609442
682328
583137
190957
84498
1098339
84507
959611
84266
149238
888636
149292
449904
45734
449902
149392
1002136
583288
708234
1117745
583283
390856
84152
1062719
149247
84161
258545
651652
148533
651216
651262
651260
651259
280817
682727
769472
280837
888505
346198
582813
225475
85272
535574
908762
651263
512758
308004
22780
795780
45173
346229
308092
45189
84947
225363
582978
651561
84807
225307
769655
191123
683621
238235
477121
8749
750158
580968
447408
613730
684873
613746
613766
416982
839282
956220
537049
570112
717908
1010489
194173
698781
801596
1101251
838864
246714
684640
889933
767487
447533
89787
1056779
140572
613491
140522
937011
921340
140473
41889
580799
139673
256612
861994
861949
256676
861895
861894
861893
90952
1056264
90953
910084
256610
8480
1101988
91171
766774
766775
41627
417082
801392
417078
645957
1101727
766873
387513
724044
698663
1129368
387548
246840
194463
139574
561310
698889
479814
648550
648800
448301
1007201
838108
448298
448269
424921
648861
546234
683943
43476
1007515
648476
648475
43614
43635
647437
479934
416596
1099885
238198
144234
144129
768391
1006624
257706
1006633
1059197
1059194
448459
434221
143689
1007532
226391
936731
42792
612665
647825
142044
9142
1128920
141914
212370
142877
647582
1100743
581442
89106
89125
42599
1058046
561481
612613
647992
581635
1100424
257470
416808
510534
43272
510571
510586
142762
1007755
816321
88255
1007716
477131
45772
895976
168154
1077888
882945
360293
589888
67684
984072
168146
1077993
664415
735891
1077644
168041
360268
664272
67554
168442
665127
664811
180949
529754
67183
674645
598341
664814
456970
168458
67349
1123326
215985
364457
875594
522693
181366
589795
984364
54603
776339
428956
565318
1077085
466717
663694
272279
905478
167272
792333
521920
776179
167185
599376
984784
181549
466535
776386
264037
167701
883143
181485
271989
522269
984522
928647
932925
969816
181409
220061
67949
67066
67027
18708
163977
243675
780070
566695
780073
65568
46068
971252
594641
270399
270425
457491
523669
363836
270503
174258
58192
67021
174929
881062
267823
362395
267693
61347
174872
217827
336579
1083552
174952
806228
1121088
594580
217089
180181
981995
597479
740582
876296
1123091
821861
1120418
465050
465082
271004
982079
66772
66817
271077
983063
55545
465453
397159
464959
876317
523291
523292
1088630
464897
590535
464799
180397
740396
777169
1079253
180302
270606
180273
180249
396096
1089985
258766
221215
531168
735027
262777
661069
988467
469019
661036
531152
53010
794430
164018
988715
52812
1001111
988309
588292
182808
588457
165085
968064
1074940
395168
927677
273867
335346
588339
431977
14311
820635
873205
531088
967765
727200
1109675
150281
866840
888179
908347
476952
83825
10714
325316
866838
817512
960061
190519
83946
346355
1098047
239077
83734
608956
190398
246024
308712
476880
83634
45932
149965
22492
608852
1127412
150163
224878
83447
562569
150247
1075149
70673
985338
968916
969035
969014
272917
883553
968972
874133
69525
182089
883598
883599
883600
220584
69656
263516
272873
589347
220922
68741
985460
933031
547737
272477
54479
735620
68858
1090154
166837
467204
903109
1090125
821163
1076416
395551
530569
263464
263214
401633
701726
273480
53717
53683
19030
263208
675859
220886
431873
781694
521019
968245
530854
987064
215479
1075516
322277
165668
468132
1090778
468113
322272
968469
215501
70133
902997
986858
662211
69981
220687
1055474
91255
91283
128688
938936
407188
787574
25981
638571
504380
210445
101753
102113
128657
619666
200440
200464
949523
101806
289177
504737
236041
329246
950176
101260
918428
918426
101293
25845
129052
36459
813272
101424
229850
729013
200092
797317
344708
26017
102903
289642
128016
1107310
127993
939062
383810
5012
128483
102958
843930
442649
911790
712096
442643
489011
128111
5071
102635
504158
1046858
697255
210392
354045
253456
200580
253469
488825
638396
102330
638399
5157
25807
344810
690085
199475
37194
37186
640015
1019228
254033
577394
1019366
1019018
639815
639810
37002
199527
918668
892994
37217
1105947
5377
640319
288174
487114
1049137
808807
938585
938586
229386
1018951
384888
688758
99964
229412
640233
640232
539960
857657
892995
100927
911409
288690
577188
938770
1019920
100859
341656
25670
857414
857413
857412
100952
1048079
36622
100795
100791
504928
843089
716995
1048299
618993
893032
100712
813479
236145
229605
893015
5515
130094
25677
384644
341943
1022064
246941
382591
917259
34403
788591
811943
811940
946909
946824
621413
797655
203100
382532
34152
491249
353095
251868
300698
912083
855023
844765
209992
252172
716503
252044
558777
788480
251882
917331
575460
26802
621302
844964
441302
124376
106190
291501
123511
845477
845506
123713
916914
382232
1026222
491853
106262
1026456
3384
692429
634278
107055
492040
106638
330901
33798
946220
291603
845362
300364
491403
946310
106387
106386
1025724
845340
34043
575041
106300
106265
252210
290756
127712
844136
289941
201193
235690
103481
201300
844135
503731
35563
754877
201311
1132184
201318
917778
26299
35560
418137
912075
1022133
856277
893850
253200
127702
103142
210276
26214
235710
103206
1022184
1046302
4921
939141
127500
127125
637473
103752
690766
636975
503314
503257
503256
503255
503236
252484
35340
912048
353462
252388
636532
202287
502952
1108019
855634
383323
35154
555724
26416
418182
1045601
104078
26371
637257
201495
103888
812516
637352
1107836
911907
199092
688633
25498
94092
910366
196039
136471
954330
1053527
1053526
860695
285558
94148
570462
355545
285705
237072
507723
1103041
920423
195897
954477
195911
136929
24402
136900
710400
615499
285444
1103031
285461
7636
285481
751521
40374
730752
255994
94245
327776
95219
255683
910556
765659
6996
196801
800960
135202
386469
355302
95293
255570
765609
554479
578999
135567
94893
7069
686678
445684
196569
255772
247217
386422
560520
255841
1053144
196355
954006
135963
196261
355495
751454
483912
539603
195430
580097
8252
1012452
195339
304784
483446
92671
685759
92672
766365
92767
227687
766364
766363
840219
195152
327566
41308
41354
446821
91422
545969
8423
91484
24089
1102284
91700
937382
304983
955338
91781
614847
900403
24266
537771
786008
1116391
751332
1054205
195739
334067
195777
1054127
840355
386796
1013081
1013082
724225
840557
340787
8017
345453
1012904
8039
8040
195708
8049
508242
24319
8070
93086
910272
910271
483620
954763
840381
954777
445431
1130360
286250
617754
641330
25318
236465
38216
38212
641270
132192
38250
132178
578097
911082
505984
1017738
951699
444450
858721
255518
6218
858903
786682
333825
6232
641539
1017113
617520
951970
617523
617524
1017276
236472
1130943
578174
951674
6074
38063
688392
99105
25413
131633
354768
131574
236347
236339
1115715
711366
813859
505689
229161
131433
99410
435440
688318
229095
505823
505824
1017972
505853
505854
505855
892462
131869
131893
287822
1017841
764811
539359
38033
6265
570743
641652
355146
6693
406160
578764
578750
39002
355149
952819
197493
485326
373874
642649
134059
506959
900115
134429
717434
341042
355211
485096
485089
255367
134475
1015178
953137
247303
891504
6773
435136
570604
860003
39293
1104389
900114
198051
98130
435258
1050972
697870
6375
910955
814210
1050693
729993
98164
814178
892140
254779
641692
417669
25097
642171
435256
952529
333863
435255
435254
286923
133631
97470
197680
554670
345194
254967
228605
38787
900113
267753
32114
152438
1066044
780740
655202
591645
824935
154753
870112
270306
497830
606502
826076
80427
74370
74374
218412
110309
275176
48048
1122604
830396
853743
2567
680592
151001
309915
494824
60557
629583
457713
209251
990144
30621
792626
935092
995345
1134218
1134217
462963
907806
517847
851998
171728
453925
830319
818436
179869
998356
60527
350121
270344
818453
1066028
158029
820155
880199
110320
295308
369126
154768
1065294
715210
312585
460304
324460
739254
601385
20128
309802
215084
544847
47930
269145
1125677
497879
292815
1084201
1092612
872817
158931
518412
381962
1084198
296869
497891
381961
319363
20189
995173
896727
152375
296879
830397
112891
267642
830398
978962
1134142
472984
420014
881943
634071
1126343
209235
995228
679290
593526
120681
309904
110295
1000534
998855
472147
907374
940240
367624
28396
593548
1029037
832467
267574
896633
494771
896734
344255
628482
277243
628480
758951
13343
1354
992592
77160
1081391
152493
178525
51254
277257
51258
178523
161838
157163
367768
221755
381188
532701
265373
111437
627896
1125168
189758
19603
171564
12617
940644
179897
1112414
51085
1097346
51109
469403
118536
778803
112796
51124
737547
677817
51145
454032
1110763
344239
268971
75607
458018
696753
298842
259888
222452
317269
208529
189645
773667
184712
998980
27686
28350
27631
870409
30586
473968
626803
1001141
297038
700918
28327
13266
852109
1472
62000
379014
51522
758094
926840
963833
61973
939765
189881
778743
293046
605025
778740
162261
1097212
591712
1126282
17037
155746
518451
655967
351934
363314
62097
623198
240335
221749
929677
152473
321135
591790
83120
758129
157200
204620
877317
527576
114832
591769
409577
189833
298901
77118
473964
572844
1082976
293092
112223
296798
532835
361793
157698
989448
931057
849859
756574
623649
427639
940082
1068350
908050
78983
111955
868801
931809
274414
269558
607560
21041
22253
878570
1110189
117484
590911
625636
81729
115387
267159
476406
259444
153766
122918
78930
381637
82953
52593
267289
1042479
925191
52612
312128
267280
476415
696688
438927
279139
115329
185114
583554
117593
115332
627998
369401
274341
361641
274349
369418
716161
471564
931056
74540
584859
2268
79669
77534
363491
1034075
214226
392042
759497
743959
75934
437290
77531
153811
22202
299588
31389
79623
778543
31294
59459
915760
157818
20930
1083915
115469
295038
121513
369585
1042383
790119
743880
1096762
274503
367159
1111786
33054
868945
64075
115398
756528
756529
269438
819936
1091802
551959
672749
694820
313964
868983
680126
392205
475915
20999
1037691
296458
20994
278715
475923
780527
153668
121073
872818
574037
278094
805254
82837
17174
28430
1860
275038
475022
931288
259152
1069686
851731
59026
807427
32766
121733
312561
77652
472696
430899
653922
1041254
998423
1092341
13035
931066
243830
381448
46913
743569
335048
960719
1084189
117016
266248
30883
990076
846458
78779
28952
605972
218221
239980
438757
680457
46891
531529
391262
1122561
680450
437482
759273
1073806
1109831
359176
115123
361839
778657
516064
46954
931058
584838
925226
151257
171974
11911
794512
391583
1000104
218337
79107
171989
359230
217126
419824
880594
624449
357726
738520
31082
157611
436341
997217
122965
2117
432277
278267
833012
474221
157580
925227
312023
907171
880509
492490
880510
77644
357450
880511
381517
868333
259192
432394
1080085
357478
472203
474160
771928
12988
259537
524444
381554
585204
391506
524445
591268
157575
993977
1084091
623464
249718
115833
571582
518542
75196
668101
630747
668102
29463
351528
458177
668103
439604
156796
207587
952
223011
628639
1029686
1086452
153101
1095253
668104
630765
896071
152645
346899
3105
221336
217779
1068988
518560
1040001
204980
568605
339360
21627
1095158
607352
109149
1095163
657058
432669
494172
707057
332469
151791
469268
791810
73578
152834
533259
216759
80089
207767
319082
159723
29587
398372
119396
980923
175870
14048
826516
240462
48755
927076
298418
360748
548097
679481
624955
1038639
216862
358931
156885
762158
758326
996418
163467
119961
320908
276219
464114
268778
32339
245117
156363
260232
719194
317386
30024
116165
296062
77306
626019
13784
76107
653373
12266
463920
75175
150539
185998
1086729
734289
896063
592266
339201
16684
681714
343601
528902
492974
179940
494262
494265
543534
175360
415444
1065753
3054
159372
812
476102
368375
925515
906435
185764
119201
208767
158325
244734
596201
586745
162637
179930
981409
962425
1035739
439697
420148
700426
276357
993299
276361
463874
46284
566455
156608
151849
159404
188705
207244
223031
439685
497317
494251
497314
32231
207661
557848
49864
82686
342981
1086565
848413
346749
1067994
351309
528528
1134678
500927
216806
437944
17543
981408
462798
73564
1124817
21643
175470
319000
119151
185974
361094
520066
116143
280
967066
159348
1030373
976222
348879
403097
726908
346716
178833
462691
655827
109730
451406
758505
245045
454414
245017
772974
216764
16674
733347
862
1029802
77328
668037
872063
184374
694287
119962
46192
493091
1134470
810984
32441
260687
846097
732924
454147
16544
218504
78163
926375
46191
543599
185602
82748
189429
56853
240375
2696
1039367
119556
239703
31927
268877
657155
789402
996499
898231
323005
109065
499794
323452
260660
50967
780257
209418
623048
75000
471991
593242
929680
175611
242825
628847
153215
999714
964990
239696
265077
469202
1120911
218479
475375
112350
361290
460648
564266
994500
16922
222951
1097392
497688
679785
319204
941453
543600
525220
154603
534233
21756
929679
77175
462549
704316
189316
188332
929678
75560
988962
298781
249658
16931
351721
179371
940552
119540
153234
725768
298539
265155
628571
368569
593308
584072
19356
239566
221849
240451
343237
563293
297875
694335
62484
403516
809998
153168
209443
348815
28070
122046
250575
83219
803763
232646
472386
1032878
119410
819664
887637
548085
342459
109248
189
723332
188522
818207
156918
51048
726799
361206
831524
713618
829981
1026861
692900
319135
189158
734221
244916
82736
604269
778161
317335
853274
216929
242861
494595
122125
1071960
694374
154576
233214
981319
13885
574187
872269
13813
204948
216926
471712
187635
996646
346580
118893
75542
1027853
119447
853385
110578
700282
94433
237415
592184
298510
679169
453549
592185
252902
467886
105166
317865
274902
31463
754220
857743
13527
94439
219397
289169
1049189
272732
163370
242605
808419
926359
55647
116179
630529
287993
67581
79398
1055076
901165
32101
512705
128496
259285
508161
919811
624090
287007
22134
275969
958240
105721
54629
288024
37157
871961
646859
192951
192954
673243
915785
835870
987425
348284
615520
1058892
779786
771024
472264
300783
258650
353201
299767
242619
1013214
32084
137346
12463
523352
721939
447961
12434
468406
322168
859136
115869
54766
31700
919921
55325
916031
67463
258776
624272
88216
489116
92114
193242
318689
567908
79514
115794
763393
287260
228940
31744
1125711
300160
478777
275218
504437
859455
204491
318661
584080
888979
79530
569728
609765
212021
821511
462975
965474
934646
590407
1033746
376380
128379
432487
622127
235760
122567
825530
872500
655572
630308
97860
318761
31822
612962
353518
459228
733473
45817
172477
1118310
905435
45810
55163
77139
661336
957817
836323
965627
55248
468577
634564
77178
88195
31912
462925
432466
1058751
252680
1013087
697009
31879
590562
714888
1047157
645420
685107
729082
362365
958085
651467
624138
679527
287109
228736
348387
362183
590805
912469
965396
77256
649310
163185
859247
242896
965785
630133
115614
163356
6856
348379
54768
448014
31488
825394
684736
105716
12777
178092
32047
274943
31495
102696
560639
6406
116087
1098417
348377
598933
165422
474915
22035
512620
468498
67267
711983
79549
122459
79442
973799
583873
275772
158496
1078365
132014
45602
337023
158676
806409
258740
287162
998385
369745
322231
318629
394039
489073
115657
54893
12732
275768
21852
1033451
583811
448410
1070285
718675
706367
287793
459089
348680
497063
1112809
27862
130990
572943
1019614
641734
641725
27849
130416
131139
488357
641502
641500
130259
28000
641294
130995
699060
286806
902710
861022
286839
286853
385700
27505
131721
27539
131212
131585
27568
1019291
940247
1019314
940238
130024
755222
641179
351362
128959
640265
792273
28425
28426
939650
640044
1114208
28502
903097
573277
28553
639893
639849
640350
28298
245818
210771
28273
640568
1021339
210733
640811
488873
28179
488849
488814
28159
129576
129639
210609
286822
385749
384310
285639
134454
386714
862445
1016213
209663
725585
209722
1015987
26464
285750
644107
1016648
902486
133725
26284
386818
351074
135200
645097
340831
645095
246448
862820
135292
26111
644667
485529
209493
698477
26222
350939
902392
386455
436557
940812
902631
132530
132452
27138
642994
27223
861208
1018278
133666
642870
487230
286716
642815
27421
1114633
209981
132693
132705
26987
286418
486782
561626
861741
246215
286163
436465
486527
861772
286147
861842
26700
1017010
545676
639620
26056
635386
29919
856301
493150
635591
904139
493216
30033
382496
635357
701111
812080
382284
493554
434230
244773
635869
636537
636372
636514
636456
636427
6231
29706
1026805
492615
123200
291062
938001
937955
212451
29807
212471
121937
791780
121805
494317
120293
1029701
6015
634245
1029824
292175
244271
121711
634054
292272
904619
701641
381733
119766
244343
494141
634351
120435
120573
213046
493962
120827
244448
758361
382013
758307
434080
544954
121356
634792
121584
636525
29591
639605
638550
211350
903307
1023937
1023950
939135
383752
699919
28881
939058
858081
29035
29042
383620
29050
490615
127126
1026470
545601
384277
939386
903186
435601
127675
1022997
639326
756251
127475
435565
127409
127354
28821
639161
491064
126061
29117
124711
290420
290453
383109
1025740
124817
637164
700459
351515
124471
245020
382932
492266
382884
856845
29358
125206
125211
245213
757069
700318
245217
491581
857486
857491
1025025
245277
1024790
125917
938820
383528
756788
1015252
645137
815676
796177
263610
675257
689132
263536
263534
458221
737257
263762
179730
179749
179781
179849
457756
688931
973228
401454
566555
264144
14872
974367
197622
10199
884368
737866
953792
197505
178417
264014
458923
458880
458876
737675
180252
14448
253707
14286
457433
971496
402048
971433
180880
445740
390191
263017
222358
901070
84852
867419
345161
571433
457455
894555
180709
457515
180667
407187
457581
180531
954369
197044
197067
180502
971916
180420
457677
551790
551778
264477
1123694
144311
795729
1128177
348070
175260
266129
977149
348032
460979
175005
882936
730561
198197
730565
882943
976623
566993
174963
264535
174270
269252
408023
443881
983100
465181
465167
466965
174857
402111
671563
952832
444678
882193
739414
672593
976602
198163
264755
400866
883849
347884
253296
264778
459772
10148
1123351
459763
974989
738200
264687
197709
738122
566677
197915
264962
197953
265133
566755
176518
265326
689593
953242
883274
198068
176352
176232
265598
953162
806733
144320
8046
555713
437243
388189
283597
864531
138574
647012
646731
864017
864706
137846
555656
792889
646286
863583
387495
437360
25241
24727
283236
24859
726117
751494
139865
726102
1116112
864927
139010
139310
901732
208424
139094
388301
139056
752694
137049
941680
561712
698279
135945
546408
135852
941311
485137
135791
646003
135726
1015032
135710
135696
135691
902270
135976
25835
209224
645631
209180
561724
7105
284717
136484
645726
698133
387387
546519
941634
725833
136907
284527
648269
140292
281068
866282
340674
481273
1008858
389342
207568
943051
389321
1008646
866220
866203
1116550
750705
24328
561911
207515
142859
140322
438121
144228
281128
650876
144113
144107
143736
438113
750128
650463
750004
866954
866876
24093
143217
866029
141945
207791
140471
208058
482428
571843
140528
751271
140516
901558
389060
140465
140432
1010677
697423
140376
208152
865450
751202
7555
1010308
648739
648774
333752
697261
24472
207890
141371
649033
7648
649050
141767
141889
141903
574320
30711
292391
97130
844116
721630
97532
415441
1108149
97390
97108
35185
843971
814520
1052223
96623
767061
507960
97646
97663
908162
844407
844503
98389
219117
844479
35089
930827
930787
97752
98100
219250
97970
706218
577243
219369
96347
96346
96274
1054043
94730
94552
303669
220099
617399
541956
94010
96207
93978
1054078
508756
929790
4505
220214
1053473
240160
814671
303537
1053412
35608
219975
95416
95497
1052972
908657
95688
95768
767201
95810
96015
240332
98444
218999
240025
1048349
101560
101557
1048178
101461
765434
505333
301425
101869
34562
100869
100845
845689
218364
505681
101771
218158
35026
102342
765137
621303
621272
542833
102431
102410
34385
931781
931857
341800
813940
102174
34425
621102
790186
765750
218401
844827
506541
506626
99159
99115
218802
4855
1108439
765781
34938
4846
506839
506922
35000
98727
506506
99462
907935
1049909
766034
506338
845184
99699
99724
99760
4917
99925
814174
240979
907862
506008
506007
341997
1054338
119566
770227
87155
306479
512411
87049
86884
909706
1060505
87320
86672
612604
221857
839701
86629
770346
512268
87384
840714
511996
578505
221512
613657
840401
87862
909621
512029
3931
578615
87542
512146
613185
221681
512192
770419
86432
839495
222235
927885
513446
85451
222206
37367
354549
37377
839488
1062158
513701
238866
307551
1062369
84894
611788
839082
770810
1061527
513267
307107
513150
612090
222040
428050
513104
513094
909795
513085
513036
86209
770542
88351
720898
93695
220601
329371
36005
92320
92271
92241
1055374
91820
329375
616293
91785
1055645
929304
91475
842225
92446
92543
578472
220392
93634
93615
93535
93503
93495
616868
93342
428920
239910
616800
616793
616599
4413
220490
304595
428762
91276
510980
239398
841305
769022
510826
841199
1057837
239351
615765
89072
1058106
88938
614315
221420
1106706
510766
89613
510751
239438
578282
354191
1057409
615025
354170
510328
372885
221013
220998
615502
510099
615644
578103
102796
103001
103099
853175
544437
243284
496540
294184
432614
496609
243178
243305
5641
812619
574852
496771
294376
294428
723414
116401
117284
117069
117260
812508
380892
380869
935688
352119
380825
935455
935583
243398
935570
631859
293845
1033184
905898
1034408
115415
629458
114147
32209
629693
1035962
497975
113681
295334
496976
851927
851915
1036559
295623
32411
498558
114161
114245
331494
114369
574984
852635
497313
723157
497181
630555
294609
630580
852782
852895
294492
115364
243019
352104
1032327
341779
118945
119143
292618
494788
292634
1030864
30924
936623
544759
854787
244086
118910
854770
30962
433505
292576
119228
632403
119326
633812
30754
332012
855069
381626
1112209
854946
244159
1112188
904695
433676
119229
561073
213507
344664
1031102
118798
854197
117965
544587
5768
243625
381071
117726
935892
544680
1032112
381048
574615
117529
380986
1032257
293134
118028
723724
544618
905156
632926
118233
381264
118383
31103
633106
31075
118575
243912
723897
433397
292788
628895
802201
431991
352936
431055
576139
764026
414669
704730
106140
722488
299515
556778
543217
622857
622849
622837
932641
106362
790698
32484
623931
298729
848389
298838
216645
298869
298930
299183
106414
33564
414609
106699
106545
299440
1043969
932640
105435
907197
103672
1046215
103927
353128
103765
5100
103696
1109218
241612
241293
353183
103293
103260
621608
217924
764673
1045976
104446
241468
764639
705069
764604
104913
764465
241565
217418
764438
33936
430840
105300
1045030
33891
575906
848430
298653
296453
111886
499450
627867
1038419
296409
32715
32722
352530
296463
499714
111471
791100
1038648
906483
111889
331228
112151
296032
851207
112237
295984
32578
431890
499020
934296
112599
498865
628613
215652
544029
32487
499876
499915
107799
109030
109300
906722
625787
625784
625774
109155
216469
627372
242101
762957
933436
625077
848844
848584
352685
790935
501002
297468
297428
33025
1110429
626597
242331
850102
110529
341541
1039469
1039409
500193
761858
933914
465579
258219
537588
72132
550658
162395
162392
52194
162383
152410
586774
362053
162354
162341
162305
187390
600562
571108
342550
532899
200248
529672
692539
16999
596960
920809
9740
369255
920855
609006
1147
896207
43978
591096
743257
600564
21196
402322
589962
876861
600662
161905
676678
915749
563140
310708
1121617
78086
583392
729561
343259
78063
161824
357963
259395
227367
607125
17080
991970
449206
1000707
395785
427633
991958
21237
192645
449094
227418
227421
522371
774419
830145
899764
446394
830057
369312
48610
780678
1081326
1001671
568183
277993
1091247
837754
196168
1003351
477994
514067
168136
196220
64340
38892
609227
61536
250742
151262
53880
466675
1091171
466774
466693
422702
196313
985471
206025
540224
592500
771986
151393
64305
880044
446560
454476
64276
80652
780638
53677
739872
233024
446591
467268
200197
896235
828554
269596
149396
269584
609046
1083924
258336
64204
917099
604001
278023
1089
151427
1103593
200146
587750
232990
200138
569312
1125053
237866
804560
161021
152568
820820
876475
160937
160936
949328
77642
819398
359001
226709
449758
471571
589712
694123
161073
528495
606763
718802
680465
161214
39826
326570
571153
662147
1070088
364889
894041
249478
960570
827807
524214
524142
191612
553705
585565
10790
606510
402588
68005
449982
417040
238210
449857
449990
68017
558776
1070385
832038
911464
342483
606526
876372
49541
191429
261783
449917
160760
346320
261801
273071
354616
314797
340326
601194
775770
960862
593391
326575
52015
825863
589903
72093
147638
161636
72091
261991
1098986
580257
368129
1000692
449503
949759
13540
809375
255001
249706
923541
585231
254930
249734
161780
56347
326595
686473
262016
1069701
528415
254941
1004846
524459
823736
449396
524380
949744
222646
161406
676897
60032
606895
161414
915547
524267
1121418
368126
17277
528457
364880
272859
1098862
676924
686143
406236
359069
161452
596088
531056
161470
259406
596091
968252
314976
729469
272796
147610
161559
915591
686245
917272
920405
1086411
173158
327241
62915
43060
464545
173164
170939
918991
609445
669985
559292
199127
551968
1090425
370377
150706
199179
362661
898424
881474
850
268127
896941
317636
199539
268235
1129127
345274
462268
369516
38553
531915
655231
267232
828794
980129
477405
62677
981985
727428
898116
150578
580815
793517
670117
1064653
559386
62052
716239
321158
597843
897529
784350
741402
251843
82993
9327
171267
150180
316965
515609
251947
784367
952815
464259
918911
317523
173086
833945
9456
918308
231054
603881
251110
597255
592259
464833
731279
170569
170099
232172
549397
370457
173270
464741
83282
453946
464920
1003036
170486
63015
919323
63013
170384
83433
807816
398880
339828
232260
392328
149919
362692
9423
398819
173244
205798
477719
312940
532400
267990
1083541
731391
591692
317605
691993
454263
420967
230782
8990
603918
824835
979364
232365
881687
465197
597237
359918
784239
81423
185079
40168
655817
81452
150125
252031
205914
356227
399064
464611
538716
592034
559545
268679
40115
340060
568035
327656
948
477879
61591
568025
446081
514629
61588
268699
3465
43590
772453
268631
774220
54021
326989
199727
43518
9542
321461
369436
952152
38845
829773
1066700
532628
398239
184925
817811
477890
408886
896535
268975
443627
788416
151253
583649
1062680
63870
951987
817614
580652
692365
369380
466538
149542
966636
708750
268936
268909
667865
978654
196406
196411
268861
681699
583656
250821
477917
443653
15561
984922
549427
149658
1128613
880999
838528
516182
1064949
980539
516247
463277
399758
1065533
334819
417036
670879
463310
1101113
898022
317301
897945
1002487
549358
84515
42794
172907
171464
198960
172895
898069
308190
1002655
463195
801077
464073
464046
670459
610703
477565
317380
980758
716408
230537
84385
552455
881063
466010
277397
184929
230518
82151
319374
563884
232508
61686
1081979
532578
84378
552454
919757
591579
896763
9506
966769
84352
20307
43442
38532
3388
774425
250936
62241
338443
777654
343296
160515
160491
256679
451653
280863
21654
451664
280852
188792
868581
155697
11375
658758
155638
947329
1072064
605334
47548
155712
710892
684023
451550
224487
868465
188951
235929
734423
997659
913693
658884
474572
256571
22449
583096
747484
997980
570209
868691
18596
279159
18591
50404
944590
188425
926651
46922
390238
155262
451913
256860
582656
46931
188305
311919
357715
71164
970060
534601
280560
75451
71186
22317
340451
22334
947296
50519
682820
529159
452708
451750
1096736
746868
71024
474055
1076680
37489
586352
925914
224791
256331
589161
473999
892844
996973
189379
156527
349921
276365
156638
473979
75605
236850
539195
892964
18299
602183
326122
74255
451134
204965
1096641
418310
586297
256291
892902
653448
997084
659251
49912
22516
403302
182292
1076475
451485
657442
256523
206682
156284
349878
520198
562878
874329
678817
868354
156061
776510
69731
659098
657434
970518
1094088
997370
679957
335111
360895
455228
224615
947613
224625
69647
47640
747474
155197
2154
144955
795154
70603
279384
562816
657778
455504
657737
74639
144957
869749
257262
361478
145022
223484
18835
238622
588728
911038
279895
74851
581540
144591
144637
696260
236469
153828
41747
70542
475395
144702
144750
41687
187621
145032
1120077
145453
145343
50105
70855
145403
452565
145680
2857
834694
912969
187398
1006653
1094620
570448
455352
70896
187492
602841
279567
710065
586740
1006865
475534
1006876
999351
869877
452500
223436
969255
145153
70755
1075699
153779
58711
319737
343443
747434
869101
346153
1076063
188073
595295
58579
810082
910779
74428
801292
154824
1118583
455835
256979
926851
70506
236288
155147
605264
21725
70262
570281
726986
947133
247968
1133453
452016
313658
998545
964132
280363
188047
70324
358563
390698
529338
869380
154633
70407
280043
41759
74898
70342
145925
144411
892086
260029
343454
579451
452192
969649
257409
964936
75070
455767
475181
145986
910885
604877
452137
334453
146082
873805
355975
455309
795101
256235
319999
260769
589476
23417
875726
335623
158865
73957
360708
51313
159055
222865
394883
360710
776160
202991
71838
530849
159065
1085564
249039
961570
1085607
249062
186658
948745
190701
73916
10935
562758
23446
236941
159079
13187
677505
719343
519676
479195
338971
68788
68806
585879
888243
479236
1071179
59442
580084
914608
602962
153069
58433
581241
450581
472918
817214
948546
59473
402863
794784
733917
58432
338991
261271
203032
73972
255762
914746
274006
827562
356043
677461
71950
189663
924127
23695
694360
593506
77336
709598
424996
479006
606456
783642
450079
59695
59694
238242
71980
222731
582472
68432
186569
682370
365027
184054
335785
160461
23744
147368
406014
160375
13381
160302
661706
226414
13373
471984
479039
159984
327110
3070
589553
37735
259530
73862
190868
1077592
205177
23551
827618
835610
661076
712288
367645
186586
13241
685495
23599
924296
783627
159666
523696
530914
425087
656970
273466
832170
1077747
685588
59655
528748
1104212
749448
653609
456892
785602
553325
76099
189849
893071
235485
22901
76174
695139
186987
225105
536745
536737
157096
475898
1117668
58437
319687
457014
146599
204992
50899
189936
888430
12967
948061
235459
925508
37567
153271
787174
248642
189790
22887
867475
970856
579344
156950
248504
75949
156932
910354
776447
157095
925722
357395
947823
719835
1085884
473881
456717
1104360
659631
153318
874798
69287
256192
605559
473755
867599
349980
520048
76055
473751
8124
456858
947963
475943
536785
528951
734007
776305
49651
457106
12999
579528
586016
203287
777065
74057
587091
660074
1093791
558647
582562
457132
13038
68973
21540
1117476
473213
274323
562408
473172
835356
473112
326480
158198
348870
473068
276532
677850
274532
893277
473568
76222
41915
181511
746390
274590
50951
821867
604703
1077068
248767
728770
457027
235415
69195
76203
50971
23049
536830
157592
235362
1093824
357304
539158
925349
962234
534375
203350
319635
313611
457066
914373
37603
740636
148655
950353
911771
195692
195714
195746
317985
559021
148480
714199
249886
310140
368507
249900
38596
736191
693166
229447
559080
921715
732406
708657
229489
322113
779634
822222
320751
886117
469461
693310
1121929
195673
550792
785166
950333
871455
16740
1003905
454766
682101
165019
270342
570991
165031
454710
529599
568848
1067369
571020
38165
270275
195597
318076
921893
391967
1126232
310320
368399
774867
517872
320757
78626
533275
148255
186286
60737
396501
79372
148526
8695
988864
780130
368939
1067634
1092629
533277
803903
1068589
469077
271837
253998
524780
162521
44523
355219
956424
727595
886799
356745
687324
592683
162721
148508
409462
78657
666006
78662
533000
956774
899348
80423
78758
809255
879208
446741
162675
60573
582117
877181
78931
250298
78948
44876
44874
186058
446689
79025
368854
79217
837574
950374
392993
596354
164067
828203
1073689
164083
200383
991213
361224
193907
73573
73568
164138
73512
680611
587535
164245
164252
164306
396128
14024
201385
951084
1419
200273
517620
665247
568653
201416
319201
53006
423950
270990
13706
163617
13748
899119
531603
163764
787834
443322
553764
148348
163528
588331
1001129
201104
13850
470465
476742
13893
1001048
200425
579692
521484
201035
777928
664798
447491
899567
587422
990355
195274
448747
52806
563196
72397
604239
1067261
1086688
604206
258135
164730
990039
328072
991463
347089
16803
258060
788453
151575
607509
151562
53301
837533
257991
822647
877415
788504
950684
890182
164409
899202
55988
48399
570703
14078
587376
517638
718003
476487
470565
664719
164472
1096025
517295
448688
14129
1095953
580506
252164
1003792
14185
729957
1074819
1340
1067230
270554
237320
664166
38958
552965
148749
278507
1080114
583428
339468
649
62234
334684
406821
830682
334675
339405
65571
830758
468335
271740
66158
339365
1091527
569181
568440
735482
568445
325028
66535
66443
820220
1004272
52329
355521
735436
52280
420144
364133
565721
44035
800231
539810
899592
584812
238066
987327
363714
599709
986894
599681
781951
599649
349328
781849
987190
468054
419671
339351
21056
9795
565707
600309
65115
467453
585039
64941
584876
402231
468183
831046
315788
64620
539910
1079446
152385
336401
44253
921173
369094
206111
44121
392927
988470
359249
39918
324979
166035
568337
267692
271833
206116
569200
663770
206233
267680
206302
79820
271432
148971
552821
44334
259946
1123834
79503
458410
271835
663797
388064
445847
17056
634720
737953
1046445
634726
679087
492358
954182
655170
591981
250678
635578
689862
726018
625510
972078
568780
392449
972079
119044
679088
359657
786999
888163
561977
479313
991311
810652
704612
952505
929159
937931
228976
929161
181020
434910
181034
952535
568565
297508
463018
937932
610840
463014
938470
305894
86529
263550
1109260
79455
479316
307221
636002
210741
837259
159852
1063095
51471
994423
392216
865580
1046446
865581
445659
1112308
704599
1014705
1060680
1068412
163545
359659
971597
590443
606481
1060641
679495
228612
726026
897865
461908
236163
75890
573774
691281
263548
971740
520778
520783
901208
135053
653204
935471
75278
910087
813373
423629
118716
865364
335580
1108412
1004081
548508
956419
135947
1046444
1060526
710852
692834
1017291
723689
181563
841836
2026
533879
1032404
746408
626503
1065313
79581
1071631
614792
591197
1123814
1061040
310986
1046506
177182
591982
178389
1030724
83996
321753
1034731
1034730
739964
591196
261942
82870
588438
588439
624196
298987
590441
351621
331613
971895
825550
1004083
198301
1004108
972564
261690
1113716
143845
84353
1122818
704373
953071
1045332
1002270
1045081
242381
348197
1093627
953158
802421
178460
1133011
177575
1133014
1015781
589651
1030489
535890
678357
402941
826833
826832
29182
178722
1122819
1115666
222193
816345
279440
978198
197422
30921
636826
82230
647696
1030643
514657
635645
161172
1133205
32550
387573
265368
84301
348120
396444
471141
1133204
773556
561480
546035
428190
815457
446746
478006
220401
104081
574557
766447
387572
263693
776069
1110546
635647
838470
215310
496996
859126
162173
143128
859125
174625
392510
151059
1017621
1017619
236771
685664
151028
1114017
899791
136739
937936
732580
548227
1132610
890033
1043940
1043941
850249
717347
993746
648155
106148
655619
1111555
135820
874427
1034029
1034028
874426
388071
553470
1068148
381772
825431
816721
568779
913751
380914
544592
388069
1030377
462970
1089573
804325
859217
804324
477961
655233
978608
277536
534049
135823
907766
558894
910039
178448
229159
909952
636488
558905
841942
393280
160078
952860
634060
634061
1110182
292012
462650
514415
673618
390410
723848
899253
978552
874422
842654
400811
359250
104390
1045122
180596
390406
390407
178724
435670
103722
178723
320948
1113952
239753
1045331
180678
791811
869835
19146
582792
713694
1020444
187003
155161
405503
92715
303142
1055728
61337
618615
669325
411141
92438
1078798
365076
743049
391840
927461
131041
362509
333935
1084339
1084340
1038050
256400
1051992
1051993
233588
473946
294687
698413
698414
583088
946169
830405
712026
698446
420206
768392
618883
233473
1100212
278423
565972
466732
345878
684061
819921
21948
493077
349111
157544
98261
585848
806137
819330
708552
124516
597444
324710
1126546
112960
727421
91030
202831
245122
924498
124548
708551
902721
638132
571224
354995
571223
911888
1018515
669829
45048
597236
1085127
124514
157819
91994
666308
585850
67647
564202
11693
438882
796266
780147
966487
966488
386292
355136
711741
868448
247626
683298
829894
744652
845800
140784
1013025
746979
564084
274820
746978
61923
155418
581968
475154
1012177
64280
894748
218155
894747
19914
584878
584879
831194
722782
769219
42832
468124
10143
64474
156169
895357
789824
1054095
1054096
853768
269064
273692
686271
555991
94999
571905
1012176
712698
356194
881759
419535
539564
987186
356184
1081892
1081891
743870
398132
712690
667653
916619
224999
599755
947570
685390
894817
63969
904109
868995
963872
926523
926524
65002
274137
1011819
157268
895710
583487
925547
925546
904703
872086
247107
743395
743394
93731
917085
205680
111783
467012
654216
996844
904799
925428
925427
832716
961944
419121
385557
483195
638498
483249
246847
630002
1011818
254631
468282
419817
781371
629923
629932
629933
629935
325975
806742
697890
759070
619414
316858
269242
1100593
820449
11095
1100592
650153
65846
394506
247069
1085128
1037624
967184
1050010
661919
990260
100393
23838
784068
522178
604901
542923
542924
171465
448495
153105
248721
193659
604999
726646
258674
823019
1107128
164370
293306
931850
354079
1014107
911391
557829
57911
522283
6314
216650
969215
227593
861079
1056747
164645
654842
114353
752316
778598
1005809
1036275
844356
771285
293470
604605
943447
654861
1130945
931922
1013998
6230
300242
811082
823055
512713
906612
1014397
771923
272630
587998
141775
35506
732957
922864
922863
56845
787843
311451
270914
922903
87474
648683
942059
935432
348546
890830
645659
56682
637307
1018516
1005415
1005479
243591
537157
239249
252835
906658
632653
562779
562778
1073796
498239
164049
100936
843859
536995
970723
272639
970724
615687
710968
24298
828032
726345
906962
216140
172249
74503
288628
72494
880037
587045
586540
967671
714200
801269
905676
905678
122780
1013314
571104
192507
603283
511417
757331
883762
757332
767827
729554
192560
420607
523552
902359
661773
417189
1050764
1050762
22998
248053
38562
659023
996113
257069
247918
549324
999468
999469
999470
8257
146487
465870
581856
927787
932360
219163
391372
192408
327351
438442
244923
8161
984280
146524
303774
659024
892807
170216
902358
911723
89507
138180
859762
361714
968111
361713
943793
1007848
982997
892112
253269
455168
99853
950338
253257
266345
950485
184267
58642
733359
752346
632060
404592
1125807
72237
778813
950337
1125808
288839
122696
661587
586644
99470
927997
327736
490350
449156
146740
1130171
950336
661625
661772
266514
714425
1086185
1086186
779119
542535
968444
227244
141164
253385
883875
967670
920034
639361
1064798
610852
872435
170108
934336
340285
855543
1064763
1037255
767822
449410
418368
34439
353237
272771
824685
289918
4727
738508
289922
747709
824694
693582
856243
450895
336830
34429
62068
74844
606918
121149
690239
96809
47737
253648
619040
528355
253643
382916
528373
116027
144456
848903
1019922
74808
102221
74913
963019
1083781
207750
1038798
818053
718516
589056
1060041
1060042
10469
793734
4644
465187
1038803
61919
528536
201981
474232
1127813
345402
12712
717116
157421
457922
112192
528471
62001
62005
96888
588990
453137
120977
395395
1132262
323326
381104
645593
767578
157069
270347
613896
1053120
187241
881018
403251
144771
329135
987549
199733
398704
157112
767576
96703
74759
783280
1097131
96677
131514
91396
47375
96683
121432
278278
329102
783283
131524
1124024
353322
88015
201464
1083392
84562
349100
513450
170933
843129
246848
47653
831886
1083554
1026523
997272
697804
108967
537395
297598
783431
818180
105959
329169
1109079
1073043
878455
645647
96761
334452
899366
1008080
105951
450985
19135
783330
170946
1020146
34324
852508
506514
18830
417787
61642
144035
933433
1052876
106051
922201
1052882
4452
983559
914564
528703
90999
218586
144045
116134
26743
1019580
194261
132103
987289
858366
61695
298875
329461
75326
174123
1115075
194251
87916
341472
75317
899281
61564
914556
575002
987224
84758
1035096
18774
494029
1035099
163423
751828
264623
823920
334188
163428
130288
1029212
955766
345444
883628
157727
132268
218564
97265
120784
854286
1008764
194222
120786
502701
143958
48379
536986
559486
144095
205828
230576
267714
607073
4588
1008492
1109421
645949
700719
872778
971519
144179
831705
1096492
278646
48130
48133
933344
562628
222749
144240
903506
528546
230574
837900
969017
102168
97021
818017
26648
263433
613996
334558
831729
562629
438272
260520
292068
467902
589239
4537
537110
391630
26714
662131
61732
263443
545136
222746
631352
222747
222748
102097
296759
284470
4544
455050
75259
662104
294120
75229
579173
1048661
251685
455046
436089
589201
756612
207714
26662
562773
1020240
729806
156956
553814
613855
74475
454963
386758
937562
96587
916710
751372
1020331
975889
144991
1067610
848846
131312
297613
955942
47141
74425
474480
1038597
115962
616612
178098
997518
444086
298745
902434
726207
726208
19262
289748
334394
1097249
47239
341231
1059887
976065
456526
873470
500397
46676
334284
251587
96361
506455
588134
63017
194548
736486
62978
447994
400326
243595
837735
144918
19655
190251
548533
131411
121546
952084
102403
239238
448112
537617
74502
788976
241702
509225
236334
698744
323629
645227
145472
62897
433147
680919
214425
865852
163286
19602
495035
395219
177954
392031
102544
47102
634380
1059901
766606
887829
121817
270272
654818
19400
265346
163266
386669
62656
770822
185810
19562
1108541
979776
979775
495119
115949
958895
958896
769410
527985
230626
263356
187367
194464
1097407
26265
712974
121708
289718
1119781
420746
47033
102463
448052
293929
926579
631674
730061
1082764
19641
260777
1097739
606478
177944
445852
62947
444134
105833
537565
644795
145965
587849
12858
951623
697895
655174
277743
685165
733226
25942
698718
298642
782780
409386
655165
289536
35331
789255
906920
1073734
96155
1119505
890249
273172
386399
336964
619176
122163
474819
865572
20091
10108
778747
498206
289475
606799
337736
121520
91416
209322
468139
105932
270330
112670
947537
181112
599463
209326
606815
47346
298764
112699
46197
338856
846033
837409
146117
96057
692399
644739
84077
20174
878084
911701
911702
703317
878097
199604
12849
1082682
102618
1029516
200998
346385
1108419
456168
588035
655034
407142
692460
1119576
19899
185792
35247
502826
621012
122029
563027
703242
298705
1020900
873497
944742
824191
19805
381022
211112
122025
624444
736491
334276
35216
1115489
1082571
145743
1082570
580042
580041
96191
732226
506408
805776
805777
832558
1097958
297659
343679
174479
732229
776040
770778
73983
1073671
250099
105809
338934
518131
572470
738014
568749
246894
102654
580013
363437
922384
19921
814978
606418
631825
856561
619217
163830
174918
261142
437337
255048
235992
356851
115441
999050
789905
65113
856786
364144
1037831
418165
349499
710030
289055
285834
115473
856759
129316
339150
277097
205023
896840
221949
115451
970864
147545
967770
103180
999048
103185
494247
490299
72895
667862
288987
510946
95237
174959
632184
241395
147613
44601
899814
882766
196834
328054
235962
660551
722416
95248
239899
21600
163847
147683
44629
298485
494228
632170
268494
680031
333848
243489
703610
874379
255062
806098
814694
632076
414043
447611
720361
242947
273605
189740
225302
248816
750615
103108
680006
9742
44962
744764
242945
103098
92045
877709
917827
979384
882874
490080
251227
802915
163690
1035318
958387
64625
21335
21340
490089
502929
265179
189717
83682
339141
451538
64887
944522
81093
763510
189673
1081236
9738
219678
580917
103147
95423
924964
464859
332530
685355
155385
155410
498372
626095
770676
460196
667976
364037
667986
25495
163724
720358
574821
771914
628529
1022557
633997
386326
848429
454768
25269
244395
790085
930384
720307
807748
115369
932253
241326
970857
1106780
195126
364397
408720
882701
944417
782015
581255
44245
958183
701064
123411
72736
148068
725958
83416
128854
792599
398215
148077
205960
128799
296588
781977
864529
613095
103453
288861
601496
1080556
1106718
999522
128786
851515
298421
92365
128681
979121
836665
605301
25181
856870
735696
380895
92356
558531
692086
506110
739908
148237
364426
148201
896725
154822
312035
539396
470548
911276
241389
370018
211566
1047756
446224
494156
1047755
539190
848486
685419
643693
44457
643689
498423
823170
154985
1080926
858031
148011
44541
447538
601180
1074810
1107023
254144
680765
1074814
833461
522812
44534
611384
861664
490371
44509
392731
864711
103286
701705
327991
370038
273853
790029
1118706
163971
1005393
1056131
288916
725961
103343
364333
394664
727246
315085
479513
1037717
21724
175045
581227
683231
902282
613177
189553
163933
147855
383677
460332
470566
163920
479532
394859
9766
479886
558932
587487
726090
1021607
915035
865329
865326
946715
1098626
251320
239630
726089
789488
112769
83967
979584
146492
611132
580389
475054
435775
95893
363696
277554
988139
236162
63693
988140
475061
177656
115666
1098605
9947
25682
386172
45763
1053614
600576
363782
778908
394994
447728
334086
927776
538464
9911
475121
293763
163557
452936
122596
726082
600568
631889
45696
268244
444798
563247
328511
865285
563243
83948
705915
538473
661025
548725
1081948
580427
229335
468553
456218
95966
255176
988072
105737
842834
1035154
842833
673222
445978
108781
433320
130206
25771
932757
917781
690585
1006840
268223
644707
911678
46127
229390
459954
911677
257904
840907
919886
20302
156125
445977
438118
265271
842842
550684
778837
451308
1098525
778856
1098505
568683
353788
1098520
211271
95914
848688
80868
998337
668315
423890
45918
916546
73561
63586
668326
392296
941304
823856
580325
823861
20392
146320
112744
927808
293804
891931
95940
587632
890200
263130
1081829
1074171
568603
45301
1115818
958463
328336
383454
750699
775900
953593
626134
64329
938281
196951
679984
251265
468720
900818
1074172
865127
909746
91865
893166
709911
792908
21069
64196
580680
245694
205041
600782
64251
219531
363912
644183
177436
988404
617516
83746
823469
91938
842695
45116
522532
789753
1043435
580778
462167
369938
468757
728495
447635
261072
328287
976558
25575
363964
1053750
386022
21207
222033
447665
865070
147081
103058
21149
45221
1045676
988406
726844
1058694
464146
563302
600653
882987
950964
398409
837204
506296
328457
1058690
927761
522378
927760
619284
208038
792981
606002
334057
383336
340992
63926
932650
888031
932651
357162
475148
146705
611185
789547
63900
105672
613477
80922
155818
285583
963643
177498
21031
801541
402999
263090
580618
568622
683167
63993
865147
842724
988345
938253
800225
861367
847321
446079
424812
122724
155777
234799
882946
988318
293723
263095
263099
256725
102970
991455
494576
334044
451424
265365
512339
299765
548350
260313
10961
148314
148384
299794
148595
657421
821484
29046
299682
226415
740512
29079
508403
548352
300587
99401
925857
623760
300391
657138
260253
623701
769796
99298
99377
29012
99366
260290
821553
821545
623400
148894
299555
98387
821244
658073
769130
769128
1052188
559906
769113
299518
149540
327329
225709
98332
533002
479013
658051
29138
1052031
740587
623112
354542
479210
1004924
299414
98725
149077
1005029
149036
299516
623284
508697
623300
850425
656824
1052411
254244
1009031
28806
925271
925334
259914
10709
259918
822135
771029
822048
507918
716617
849471
100275
1009069
1009070
770254
771522
143842
424435
771524
100709
771523
822167
143864
595426
143884
1009209
1009205
822148
1009161
481686
28860
100222
227174
1050924
300794
1050916
1050917
656477
656486
260146
99710
227149
508175
99694
300718
897654
656628
925726
850152
533208
897626
770476
99847
99905
301059
912493
100002
100028
100082
716471
100124
424677
849742
925475
624135
1052359
821122
100858
297431
152516
152542
890911
660044
152668
890885
820456
477525
152726
793964
477299
660122
853697
928715
477498
477557
1002688
659640
327844
151880
853112
622034
29411
96473
224620
1089012
152055
224582
853216
928317
152123
890973
820400
1001673
297346
153707
476784
476778
820274
898143
296937
476755
153733
153047
509952
510000
223998
153821
153851
296789
153619
560033
297034
539774
29537
476869
1001187
224154
153456
890795
153412
539728
1001424
1001487
767702
153117
153059
151799
477888
927055
11169
97772
852086
852111
1127236
1004141
768867
97573
327472
97487
11176
327555
150121
150169
97446
225619
1052733
151712
29198
98181
658235
715316
98153
532978
29191
298951
24966
149824
97995
18739
11132
891228
97864
97439
150185
658632
726280
151087
852730
852732
151333
478077
852841
240136
927536
151458
852946
852947
768260
151685
573659
151010
478280
1003409
150809
478396
478420
150684
240056
225091
327602
622223
150432
225133
225189
1003873
97322
658692
100856
28761
384602
536352
1094265
364852
720894
257244
720893
640253
1041530
320759
1041549
640334
50840
27158
1041666
915617
314173
720921
639628
364642
787831
919132
53626
110334
420627
639890
8531
314240
639983
536324
53674
110147
1130682
110136
313772
640480
313570
406022
781654
1028041
232709
257396
828143
109265
641084
313565
109196
124378
720677
109088
124442
124450
575804
313222
420956
50700
50712
406015
109513
320951
836287
257329
836206
720740
640701
915572
123821
109684
257322
639687
359741
1027667
113618
785792
116512
535669
633607
635916
635956
116651
113709
256611
361734
256641
829719
7698
361794
116444
786956
639612
361599
636524
319285
535609
116196
361588
52392
113925
917503
1092472
26236
361601
418589
573318
418588
7737
52176
317718
828774
771681
1024155
592129
592114
8434
1130637
630954
785638
630948
639550
639552
233216
593783
320556
110688
1130452
535753
636517
497759
497783
636476
592710
787103
317615
117142
633302
829664
419460
636421
418540
497821
781428
641192
822182
779677
629016
557892
236837
737305
126702
779687
1025304
257774
321881
557884
628853
551292
50031
492126
126676
920577
629345
629234
231967
738846
1043086
780103
321587
738847
126249
19548
1025892
551300
629167
1043308
1025819
591396
126996
839084
255471
143620
1024233
826886
533382
710406
584700
143478
143623
9006
533364
326357
143716
143802
143810
1049967
257872
1044140
1044137
107500
628456
628474
1024443
1024460
49898
404763
231653
127249
257822
1043965
231723
492025
236866
838345
1026089
1027615
321318
406035
124799
827910
1027317
421048
641504
536559
1094618
536564
124942
503359
493567
493566
493516
788395
827929
125969
365962
493878
365941
594005
781377
536507
53909
536512
366036
53913
366012
629743
536520
591691
503242
321357
1026922
1026909
125885
591483
838031
629437
492960
232158
780299
125895
1026908
1119722
629377
125945
255531
50207
594120
629444
591487
642266
493003
125709
788511
780632
125468
780651
125466
125456
1026674
493297
1042839
50375
493349
321379
510077
794158
794159
242610
568456
382124
220596
1060455
514073
165822
331882
816501
87712
331896
617267
469413
252785
541353
1060396
428933
541224
331685
470369
860460
990896
1102239
990895
381870
1060208
797042
220663
470219
331722
165196
552149
165494
87469
989499
290425
414210
41532
1087410
242694
57935
220247
382390
669234
220554
1102572
242777
669339
816144
87135
742194
332065
332052
514418
514402
889076
669079
989042
30382
87335
87372
469164
469185
469306
816337
331943
597351
87451
242437
262799
889038
586062
381135
817007
381180
817006
163247
163279
262573
242283
931642
291693
331330
618328
555658
221155
4068
666536
291071
162756
30109
859264
471609
471608
992952
666302
618507
291962
992762
221410
262510
242272
618470
242279
331381
712077
1059304
1102174
164354
331529
164420
164543
41973
164627
816711
381419
667450
164668
585792
735423
470408
262779
88427
164335
711928
291255
291257
291262
164201
291300
585924
617963
220991
164035
291468
242341
164024
221024
381442
57976
762059
154022
984491
672746
288267
170491
465736
597648
349739
584902
58395
24044
863448
288151
672982
24038
531231
170419
85183
862933
288534
615546
466091
30721
3501
466074
466019
541859
1063133
728395
1087069
349835
984757
170302
672683
863510
1103303
672991
384524
531202
171437
171458
1063706
1103453
21884
888439
531224
888438
171551
384564
577809
384580
287477
171434
584757
287685
30798
171352
18109
673423
673391
934093
983880
983912
58493
13451
541992
984043
384309
984196
466169
13284
252676
761722
670745
86331
41235
58156
670866
670877
58172
467573
711221
1116938
671022
1062171
986645
467207
1061912
467595
985231
670484
167649
670233
670243
18211
3726
728025
585323
41259
514732
24136
467606
616353
467600
86465
735220
986467
86053
466730
671702
466770
58285
555326
862639
466749
585098
30567
85590
85563
1103100
401435
985417
466240
888715
3576
933635
1132979
85886
908860
13191
908875
908876
466853
933528
30619
13166
85957
986353
888784
85984
12465
666152
221523
222911
1100580
92828
92807
765722
294812
92701
43703
92895
329565
532234
92524
532231
157806
294668
294949
1100575
43983
402552
795010
93323
662600
1055803
1100480
910744
253491
222955
662700
1055883
43923
402550
43865
261698
43663
294582
158028
407451
996481
996435
663885
1116615
261916
898434
664035
261804
552023
253379
329910
159030
532133
159062
727165
261863
996515
996519
473848
158592
663737
43572
294341
261809
158275
856908
329674
329664
329646
92382
261805
93324
223188
596997
510353
94443
766994
94391
476255
766953
94310
1054996
794286
296372
1000126
1000122
539915
154752
1000020
154557
154535
596417
767137
510101
1054577
154108
539824
928965
928966
890663
154517
1054661
621419
94684
854531
510210
94629
476059
223760
539936
766250
93842
1055296
93804
93772
93729
93678
93656
854936
855670
261567
1055491
510779
532350
662464
1055292
295805
929467
929466
93901
929440
999600
713573
93983
999613
713595
94027
94044
223651
713660
475932
29648
402366
473369
159295
351560
221729
1057856
161498
292698
895393
351564
221728
531938
161578
993893
262291
242074
161594
577482
90321
161448
352375
351698
351743
577466
90394
858441
221750
221742
262261
472238
262262
161338
161378
292793
292792
472254
472138
292559
161681
666065
242183
221598
89767
471773
889611
666064
162345
858932
221530
618760
242214
162384
618724
993178
402086
242139
618911
1058326
162136
1058270
1058269
162123
162121
89989
242112
162075
162034
858977
330918
471957
262335
221765
262222
858393
159853
330112
352246
159709
293465
293464
1101140
664645
741609
90964
910346
1057163
857932
159992
1057278
293491
995556
664500
795670
159602
619941
12150
664481
43296
995654
532090
159519
43317
253369
596671
159366
857489
352111
664840
221809
1101344
665059
619520
1101301
293139
665106
330467
160793
160174
160796
817758
90455
472547
402219
665246
42929
931069
619583
1057487
531993
352007
735684
24438
293214
931015
160347
1101248
994961
160289
160260
1101223
1088094
420447
318892
216085
246361
443826
370418
246286
31136
458489
246236
246516
9320
246160
200260
681934
876997
190633
246422
974397
65870
69872
275908
246703
603354
246668
246659
193640
200200
960010
731884
1106563
204744
603413
69858
456933
31156
582700
772616
430264
103914
216251
754319
393112
37238
218342
180957
731584
368291
844067
590171
431624
69286
440198
754323
590197
31627
391396
697030
689563
66328
37252
752416
1077493
278844
218380
368174
69493
245937
752373
683428
754850
1077119
69279
566540
732841
971821
573525
309674
626879
953161
70373
689450
200085
843427
443897
843428
701401
1076850
432247
545211
69960
275379
844308
104067
37476
913841
913796
574242
279917
449003
215422
248050
361468
953117
590697
247953
70288
732650
691855
683602
954210
70050
590491
954209
458604
190650
689505
689765
590464
65774
27920
27918
905961
275862
799045
603190
279562
582593
443872
361532
275704
33295
576078
934594
732507
443879
905335
692758
692759
393445
361523
1080225
245460
574259
753367
1078421
431220
362380
68307
67632
216978
526262
67598
875596
1079065
181539
786202
217032
193976
443486
204957
589783
552273
244147
457601
181400
67352
730085
200745
243859
216942
67485
729869
516696
103783
67558
31455
317017
194106
552317
17946
553039
61431
388478
418420
302885
845053
388455
506948
326083
496894
61309
235647
119347
82339
575977
21952
195398
584605
23447
434888
316941
973519
194071
526117
217300
217125
973392
605024
973390
525879
181744
37003
589784
69263
69039
193801
245041
245036
1079997
603952
370341
103747
190594
431488
458332
949223
590019
935322
68929
276495
936842
448673
245330
440202
391517
245373
457203
771989
876701
907538
430351
519950
69204
907618
317468
37165
190595
949204
574039
1077927
317258
908394
217848
31262
582867
68506
697166
31282
190572
935671
431355
370128
431344
589803
843905
68606
697415
244650
362557
457492
935516
66967
362579
362591
68689
697472
589964
582833
874733
66848
1079871
68877
844309
180513
187977
1111880
697841
110762
777499
333659
799923
180353
280411
696684
30945
390179
590915
777510
914265
590910
238341
110777
71969
393923
103614
903442
274777
183616
416724
938941
274821
249045
843271
591032
28124
249108
582360
971291
607187
71148
432569
681300
120376
120353
348086
334780
281522
685055
179649
33076
777176
496316
975504
459114
213231
871400
569115
7063
7073
7076
237080
334743
281508
103530
879374
625842
334714
879318
193155
179717
879292
348170
120519
578705
939034
104241
632355
179830
128477
237370
274044
274045
128471
507077
777317
940079
348274
878982
734616
389336
449246
184160
417316
456057
7255
822423
281422
251050
250950
184177
800558
601541
361124
707460
800567
569029
528987
274465
281227
1040624
274469
902638
939169
274673
8262
348658
389922
449207
348674
1076040
970966
274681
1076041
72028
954585
110838
249315
903024
456021
1110483
183713
625756
249774
872294
8229
389889
249801
1075998
238027
72176
274512
948167
602104
72221
844746
582057
275261
529878
551689
347423
969753
178918
573087
680604
680603
880153
82476
523500
326193
685523
523498
573081
282218
529838
777023
49585
434605
844910
282059
28427
559704
559708
954989
347487
607764
607765
496675
573107
870723
195319
21937
1095260
783892
275215
416532
248438
684154
458717
914067
961273
583434
212488
684120
844312
248314
238687
275250
681689
964407
70861
393742
238535
914194
275127
70983
974823
974827
590885
777515
215108
37540
916886
28519
971441
318632
119790
523681
491222
529449
251973
193123
201742
523939
417599
38004
252014
120163
82671
252061
1023336
1023335
455296
32001
334984
507091
813832
434280
334880
103511
251780
707341
879510
707331
970230
784132
693172
814260
959402
844766
844772
455355
777077
252138
360967
900318
455215
201762
408127
309581
900347
309575
813946
252193
787620
347748
193073
455143
49361
559651
252265
581997
900409
1105965
119980
82653
335112
1105973
844840
252215
879750
347842
335094
459369
347847
252195
1031672
917066
646668
1118598
1010348
231129
498769
191233
22993
598104
106313
258575
648909
505649
648943
203109
23021
258640
258673
14848
598142
637011
453424
1117873
700247
143294
1019412
269649
809845
210012
209993
269621
76816
76826
196390
269614
1010237
561207
826139
704624
546940
446778
259193
842391
704561
436983
804555
627412
258809
259275
446757
344325
593713
893294
360077
23062
951069
104638
944046
259137
774117
1071579
867100
951070
209916
636840
636841
38885
319788
699268
319780
106283
422035
422033
893293
1072060
518695
76437
132721
598409
962468
561023
356539
679195
460906
258024
17185
951257
258086
258092
560982
825476
231296
186925
22794
198813
699119
721601
648395
637441
759311
679225
132565
309396
51767
776286
106523
104586
132848
132854
368526
598231
921740
921877
521865
143450
106394
319697
598224
593448
269707
848262
231298
867407
482387
231297
191220
81330
943824
501254
206521
774053
804309
498600
943767
439249
269850
505585
576712
498584
269875
269877
210231
142746
269255
61266
32555
134197
2726
141229
884624
546427
32554
535974
176053
546430
1092692
678236
846332
884711
437546
2730
176054
501027
141358
841726
52740
501014
16755
141368
610369
303811
134195
369027
1070956
1011998
33670
16720
191308
1018202
1018201
320068
16618
446508
483910
805257
384986
808633
805276
653889
141031
23416
208809
140613
719108
140587
208776
1036014
584582
1018098
678186
808700
176001
840388
322884
808746
134362
23346
808750
957800
140989
1018169
39068
521186
141414
141477
77093
369080
505709
77214
1117752
866882
962646
1018887
1011089
259544
133689
488075
142316
77356
397758
209535
77203
198396
1018445
584423
319828
704483
978718
488245
319836
106199
488235
498972
77135
77147
319848
206654
893130
893129
628339
268875
922947
884392
198164
268612
141854
1011606
483404
830362
826785
809357
2856
483469
141667
962779
16808
141643
198182
826739
23202
141940
967101
1092907
450197
1049082
450194
142131
385570
230201
626641
142188
230235
16891
561372
356296
76199
699103
962077
271802
647352
773724
447366
387674
271742
118374
419624
325415
918789
419763
738256
319029
918828
776608
355503
942055
283268
1032957
254490
254504
13696
1114163
118607
530556
13758
395697
553162
530593
204519
1066482
530603
1073441
454384
454382
13966
178006
195814
831186
104449
319097
13964
325255
60095
439373
831118
626718
1066604
101841
581586
686327
773764
698846
881526
1118303
346253
346256
845479
185982
22357
206269
845478
38410
13887
387628
271620
195726
553144
254445
344895
724350
336093
435098
969388
369562
693345
523285
38232
369563
318780
1044473
60914
178537
949475
119016
689136
523303
355429
680432
282545
750024
61240
61204
388368
185231
388358
632932
497019
435062
282586
61133
325905
553078
1084955
693355
388163
530410
608316
435391
530360
118802
686102
346713
1105693
318820
272027
195596
647164
592532
254422
32206
608306
686040
82138
336483
195535
435286
346867
435285
523156
388094
325734
325740
530287
212072
388108
388109
118972
59830
81880
581583
560783
270737
505407
75808
101984
699065
305942
810759
977691
810758
722015
825059
58931
845724
51489
34929
942981
14068
198924
117596
1086559
356030
773889
453882
648041
51410
75792
977679
117509
284360
59032
284362
32939
570226
256932
776348
700358
637583
1039269
106655
368511
679401
58734
270421
257008
106626
356237
51648
58661
648351
460664
830806
356168
51572
76022
117307
598782
882474
356136
679485
338518
882458
648184
106691
453814
803714
32934
868193
593067
106803
256455
255877
192608
647723
570008
608930
186334
581549
255925
14188
608959
444720
106906
951554
81750
1039491
396107
396105
271293
1033572
1086084
444687
881758
686472
306036
345950
698883
531055
581575
199072
104476
14072
195876
59518
647808
968093
211061
647903
560677
117746
345461
845663
396313
34982
896452
1020622
117652
101951
338170
256371
396355
387107
968183
101934
627338
505306
59403
896352
396257
592980
117841
776403
117847
570066
345600
325007
776404
271120
237249
400968
138091
486830
547395
775499
135901
417219
2167
1092484
114026
37820
80641
193192
981816
829574
452627
1104097
33995
78049
322550
1068948
341673
806275
1104109
829505
1016812
343009
264816
1016408
576022
322518
343333
286735
191893
611564
135892
1016827
37775
775481
322530
885554
175390
175191
48531
287143
189056
114107
197670
54969
1015627
39233
54987
400975
139274
746486
1109898
197644
140237
452388
452029
309121
1047155
1067843
287127
286991
417060
342232
237581
885583
139307
191809
1067844
237653
1013023
287009
485303
507471
175181
484734
48888
274428
1012812
981587
136410
578171
368726
652868
645277
208400
462716
806600
135824
72250
368642
197807
1089989
885130
190789
462914
744152
635437
263983
175287
139996
950793
1110067
54733
571391
304393
957082
775243
54753
452419
694830
227702
520090
635526
175267
136665
1134557
400837
1015870
602056
839610
950613
184047
134609
499813
101316
175217
136561
611493
341657
265355
33941
452570
650691
653191
957207
452144
543130
263932
342294
1134630
575678
302523
384688
885428
134968
114186
445648
188817
1092241
1110001
1013046
945899
101300
1090019
138559
441224
561898
361211
175319
1065446
634842
519484
287270
612230
136876
137177
956684
139126
78774
524447
601572
886365
562138
266467
187997
40476
464348
595315
137634
956683
485083
140135
790874
562146
104841
2091
342952
651122
702974
965426
266241
266258
1994
841834
1122957
545505
650774
957603
78727
136895
79330
446389
886485
886188
652502
207536
115059
79160
40405
136102
136887
40254
55252
1016145
1090521
945565
7824
139894
524281
250363
699855
135657
207566
524187
172680
1016059
524385
1959
1017111
534361
55342
264315
519826
266517
228941
699553
528828
452305
534340
939684
939685
1046636
886189
23783
267481
104905
343182
452361
966089
263731
173506
217187
32716
175538
1103526
179900
612754
78413
1014425
197604
228587
1104005
702685
34081
274263
1070529
562205
401020
78277
1037278
114102
450475
197638
55573
650933
399664
676043
203349
1016897
650627
741
82960
309196
136807
1014169
188458
175659
718882
114815
136295
743968
1103638
134889
743967
744018
945327
201647
575450
173305
250674
743892
114908
438450
40541
519899
39967
78580
173372
534408
40195
484888
554472
522
463692
78524
627511
23629
484605
676379
470320
528846
198398
198401
470319
923529
923382
523372
528845
291048
177132
230255
923606
881619
93008
116312
165324
538545
229336
4592
164663
827935
460657
229414
766277
669698
669704
229437
991876
955985
49065
177512
177511
861361
271399
460730
680723
750494
750495
583053
177683
48659
327843
720319
75632
992170
561579
164513
189966
100394
766616
1073035
100389
812112
75543
1056808
924642
1035190
100363
582977
292373
1021513
555812
177687
545936
592517
733070
750538
907261
609693
991476
323217
765652
137484
1015902
622345
645612
978309
271795
4739
750715
48754
564986
147895
816229
923734
291156
7493
492540
538812
451303
381220
720688
144470
381083
229647
165029
116386
229667
956080
353416
529009
720704
229790
246291
583490
680587
75014
14836
1025399
271689
271690
229789
327594
1041180
461048
1102457
824013
241695
334728
589921
237182
606724
984901
5840
814273
45374
237305
540781
276880
871452
871453
876862
42114
795546
604948
237393
542383
237413
417176
241493
677787
510719
392424
729635
758161
45504
417337
722185
962181
283240
1008818
69820
242110
447642
447645
587277
325197
657982
355325
729970
675098
877559
589991
69700
556680
96156
41701
41745
174207
465783
1126061
1102550
814219
560337
45513
962182
325260
41844
1054697
171414
542776
44478
1053549
139123
391544
390185
448490
795099
1008348
658202
510529
112930
278352
624403
676882
278887
913649
145848
239692
588911
566037
390731
44430
145851
541444
279063
526623
347323
464043
172974
982954
67706
1053560
510526
589206
391615
43415
510519
448335
983510
983509
280189
606040
280188
983503
914640
111796
589242
97369
983502
240087
44557
756714
97379
658200
605968
193857
491834
1100171
960796
416217
354867
173250
983444
815452
587183
978598
1038112
324834
70593
823707
986511
604492
500923
924820
334497
236006
980940
962742
138366
242602
726036
586657
635722
604519
334523
275497
113670
192626
590396
527597
386588
607195
678424
284244
911123
911124
466873
803158
633267
275373
36798
659382
512008
116043
131471
245875
732661
381711
230723
137605
1056331
696536
680184
395179
1112197
670557
275195
509576
986789
986780
646057
12311
980826
334465
692071
725852
13879
13877
543382
869293
986008
95951
170164
95813
41271
959663
985806
753519
985805
242275
95886
753553
653524
985760
501158
985759
335966
236669
95909
98631
387407
870136
242224
916610
726471
69916
542807
276081
510855
587160
346795
590106
387142
985828
242459
604661
633285
586881
501074
113554
284031
326713
41128
462768
242416
242396
70266
66348
813986
825681
95729
625123
236370
283933
283901
985882
726271
13722
869651
70189
66386
41197
13715
283852
275854
924819
1018618
333697
521549
770156
953901
1058150
78020
3587
162139
443363
118360
479816
409904
3597
296881
460537
296856
639263
805544
33271
954021
1005803
338951
131210
1058072
268210
816829
770159
225085
1005741
118417
1058259
136423
885636
513102
1010097
885609
580726
903922
32963
668080
903930
201078
953785
929112
1133004
717132
1010091
140531
855589
829632
903958
201036
572163
321591
856247
717510
734990
118112
268616
927876
51036
188906
884972
529954
268741
621550
358264
547576
268782
77558
268879
1025828
504458
1025823
1094621
1043558
482298
718468
1033969
966140
734985
718008
717511
718006
140512
200771
296634
101307
225564
689448
1110530
1110528
33426
621391
497954
1084013
698429
561889
338883
162439
62215
668376
856527
856532
225986
735006
537629
953722
580701
994526
699514
320896
513454
1049760
580018
699494
1084578
639762
716260
426972
32049
580118
458980
1058641
180221
645028
903347
966775
639695
995056
249932
136229
32240
472706
930369
735951
180168
530483
472976
250306
747499
805858
975262
689058
31637
771985
299342
31749
952672
579928
886518
78985
886517
352665
299267
101813
78958
267147
952724
805812
61504
612133
426862
268044
333190
297992
321281
885798
855031
537390
821876
398177
249578
929564
140538
161803
267962
267963
994588
994586
1025973
3459
339086
344193
561971
344200
1111044
1111043
140558
497630
61752
770937
161440
548369
321080
1016962
472662
854346
1070206
639611
118821
3306
426765
426761
409575
398410
118804
180097
101576
966713
854662
854669
854679
298130
78494
148898
857216
1057654
423882
638356
767229
164062
555647
444519
228355
228369
582485
35169
883235
1083223
859799
498808
322668
63020
444565
164093
293221
15094
491330
270599
626377
906146
164051
164004
906147
965743
561714
227987
444407
767632
357706
883505
767615
749685
733968
965766
293856
571782
689921
50057
538215
638459
293665
163908
471246
293548
582370
8529
108972
859935
965472
859144
7889
247137
35582
626329
348472
1095579
49450
882993
610098
860417
1006477
882992
199110
178011
270808
92262
116755
652535
177985
164419
582860
292632
1095655
977737
659642
482068
906168
1108444
965471
652453
977517
561648
471115
423646
199221
906188
767023
109060
92033
338135
75995
1025559
137169
822489
471085
860152
292942
292917
164304
92082
512287
767633
328086
321904
537890
459878
459881
884225
11356
857844
645317
926771
269592
993350
857866
295126
734447
108640
768537
768523
295067
631536
1043392
581755
459955
76899
1109608
1034282
163136
101050
883888
50547
33876
226736
1110024
77326
344526
498216
1071551
829052
498217
338698
581488
1057605
697971
581494
648527
768873
884410
884409
926977
718767
482266
163036
681722
178634
76865
189375
178463
50155
163588
734098
638634
926235
610598
522460
199572
645373
659811
62796
977214
1034507
905646
100834
424271
460179
1072260
1072261
602429
602438
792066
610527
801242
993027
689741
602372
227378
719083
322232
993168
719091
227396
127030
883863
610742
248117
858229
424500
269909
76790
344735
108787
529676
719151
566798
689837
227588
227592
522396
874950
458496
605376
197832
445582
26435
1025287
957494
957491
445462
957363
239799
239782
239731
26792
26870
848422
26931
139752
399057
385703
47818
27277
39644
540112
655577
27443
89220
27588
89052
1059934
139836
915185
958030
779199
26140
779290
1116345
888559
241220
845780
888537
240945
141412
447213
656394
240828
447082
25592
578117
65613
780051
656294
813415
779990
446833
141036
240481
25839
1115834
266159
370434
196856
39975
39971
446019
762330
887705
575964
703583
441243
544880
544882
775363
1113910
1113908
728213
950501
1062169
950198
806858
852098
775058
579605
29527
915350
703697
67745
205803
774797
205851
86226
949006
206232
86133
85877
1105281
516776
439130
853102
606189
441299
67370
655030
776959
139683
372897
887616
1014245
850004
88357
47877
655266
579084
655264
303139
88122
655239
67000
550596
67052
492193
579201
579202
701375
1061239
139300
515531
203118
285779
285781
128601
775725
307868
337207
25096
814572
350204
126200
783747
783746
841689
783690
783524
645745
97104
910338
752081
543798
552632
310719
451036
960573
451030
265234
493648
964432
310282
23197
842600
191565
645881
243386
336619
243369
752047
23348
1118373
22275
98162
98223
588093
453603
453566
187508
1097734
785355
968089
908760
21552
453339
576114
839826
588006
99026
98987
188035
245358
388727
595012
553142
889607
840364
510172
543596
872739
244867
1052944
493885
1118486
1054710
963858
309767
24214
142399
483601
368514
368527
24287
93821
368555
577474
345723
1082046
308468
781481
368769
142171
888805
844754
493143
844755
623609
483785
93280
308219
594738
845063
845064
369123
447973
24930
551721
781738
449255
450372
511872
450357
1011150
95295
731852
731850
336715
963540
483116
47446
367724
367757
843455
450049
963354
142967
242904
94899
23751
843578
843579
23826
963017
367962
265483
142894
64076
843922
552127
511870
853109
68079
207207
221678
219119
921591
933126
563922
37898
341938
938115
584052
231942
233520
342773
1017971
1067910
135173
519905
934619
222343
650329
383137
808947
222344
865606
614312
585237
233441
218666
711997
218662
539218
71928
342631
217874
487686
1076015
341609
135289
1076077
810076
340785
232904
614877
721704
931691
1021326
563768
932765
382746
808955
232505
233538
938424
938429
220198
223150
539115
1021327
79732
863285
420134
341020
220241
920727
1076016
431473
219259
934234
22211
651089
233172
72670
72331
935124
289367
922706
712950
585053
523610
430139
340880
220873
1074277
713890
222835
290195
863101
217004
215475
936201
342699
1074988
808901
808772
921077
134129
808771
937613
421002
715342
920567
133887
921630
288619
420574
215806
864801
614051
523702
613538
563475
221378
382213
713891
1118
37184
233327
921075
71822
130637
922965
1022293
133771
651579
809211
218172
1106334
651575
232648
290111
715578
613242
430667
207215
38483
945201
209942
38557
68641
944859
210336
48102
617139
944682
772913
772897
772894
436456
436452
707728
487509
210979
545346
563095
607384
918831
607399
918834
339843
526537
918950
943528
943521
211565
129715
2626
1064751
617439
235664
138177
947531
384514
300268
384495
38785
705476
1113045
947152
38765
208070
137900
947008
438197
208271
2760
946772
946730
946729
1064056
727181
299881
867546
84763
867490
773427
437484
706412
84365
1065700
83236
83191
652938
940243
419674
615460
725437
725436
652848
1023026
419728
1023019
807957
607900
136015
215385
135977
37989
641080
614524
233552
931690
223305
614242
382935
37474
614815
342465
1106437
866118
935718
342845
710773
940334
549334
1017391
549332
435478
585723
943163
616547
38364
942937
339983
942905
942894
942820
287401
38293
942276
82569
807782
942087
213424
709866
433858
1066805
82129
919766
919767
1066861
383738
214237
214281
340173
588095
889382
99668
740500
1125887
496754
671194
636468
671243
671452
570961
496714
1039112
671614
740657
349107
755342
671713
899285
534845
1088789
826472
355065
166622
1003198
899347
571122
899367
899368
112710
469394
13238
672714
1031029
596346
670906
255755
349372
153580
797343
797336
534778
570250
261114
897614
114733
326864
897691
114617
1037668
881020
120972
892967
114493
892966
824967
1126296
12265
405534
114362
663608
121147
881089
637051
1100063
534517
534503
166929
826647
672846
1003751
151965
634768
634752
502956
253488
253482
634315
503268
273235
356458
356459
356462
642740
253186
478779
1098395
356747
122559
1041701
901265
536769
793994
110477
793932
901372
817584
273164
171490
401965
987774
111699
989928
453803
1003307
261562
469159
989727
478252
673060
899713
112411
332942
899788
673252
818155
392229
468760
468759
254267
112172
989160
468618
988975
899976
167918
673808
988714
254082
392141
467950
467901
1088338
1037167
327144
662332
640242
568719
157081
403417
403425
475430
157218
351239
119723
155171
880595
259625
9994
155038
666233
331383
257006
640241
998996
475291
402835
259393
259392
666459
666518
640049
349965
1001296
880057
329460
639981
403369
330140
999500
541186
394041
568465
641099
330943
330916
330914
274271
403084
260216
640876
665041
893807
640841
260161
260155
156199
393989
156308
156345
330597
331180
591051
640675
819937
259933
259931
999666
999662
743972
351645
331465
639980
473448
160545
53906
1035958
1035959
154047
153939
473151
797896
273836
797895
499930
1036210
115878
995453
260980
1092019
45168
115763
500103
797697
404768
879175
1036572
663915
500259
591301
497028
497024
819126
160514
473459
331472
473460
880022
474931
402797
329201
997949
1091842
1091843
743314
351964
9039
158598
55089
474543
895214
1127739
258521
997380
159263
558955
159317
352409
879695
159569
352497
473699
258168
597757
258141
160446
391641
1088337
677299
456844
685549
1028275
554289
103431
685681
685724
103237
973157
18432
628505
787878
389644
389638
1028183
456842
60598
787678
575130
628345
102529
315255
315249
1120379
456238
18850
264001
183830
575258
102196
52183
1100913
973623
973686
18198
458414
1007514
361504
361512
789053
684573
147438
181453
104341
181525
334914
361652
361686
588724
1048206
554491
17999
788700
104022
752537
1085210
752533
103792
788490
788486
103781
1097964
1097963
685254
315079
264013
566514
364002
125446
509078
627414
364201
20146
509144
752287
658897
907944
688583
454463
907964
186122
364460
688731
688732
688786
1051317
873466
873465
454154
785862
144887
20927
144817
968908
752231
21108
1051749
455069
1009287
591973
627543
971780
184029
146051
146037
456006
553934
125191
787162
184175
184288
125227
644841
363439
19095
455830
455814
837596
786986
627930
644861
786850
363622
184839
588310
19380
575577
19422
627610
566402
789149
457459
458589
150069
678889
150361
738370
251571
251567
902460
251549
679264
679265
679298
150184
1092842
876152
679662
251329
875884
59009
679810
573073
891621
175403
149821
358938
1044587
359102
359108
1044762
59206
980427
175861
661876
7001
479374
361364
600117
984351
252426
464778
277913
109835
1030176
150997
1087615
1087573
172614
793118
122964
278066
1030018
738596
662060
150655
983293
252053
600312
902034
278144
876565
830516
661970
589462
463608
123229
359213
463493
359257
1046700
531954
360668
16874
736737
660746
1121810
1121797
1121796
272608
531830
1047117
401093
789687
736448
279739
105337
736416
361035
105167
124381
361112
105071
361180
6223
832204
104727
684266
181079
60550
16806
789670
1046697
359577
176161
123715
359340
319881
250738
360414
752777
505924
319647
506023
59446
262853
661132
359576
979608
16489
833268
661131
334421
106227
506600
532130
790446
661059
506233
573654
573765
123931
318931
34941
981338
72752
738259
174513
767877
756515
108351
319669
861754
43425
463004
1086639
679320
589412
831308
321017
716544
174278
546176
107241
631308
359453
979538
15437
174281
979511
600509
58768
251720
107269
320983
59388
1044050
108723
43419
320807
981443
250660
176350
176347
632113
43392
631351
792023
174909
861657
108173
107200
176302
678928
108555
173978
43129
174826
679505
108696
532856
278510
1122697
462871
320772
320767
319822
505798
902578
319815
289176
680811
1123195
831007
133440
116406
8326
451273
773847
125290
34041
706842
1047343
773845
933310
154125
639708
1028198
34033
645781
34050
250534
324681
933298
25808
105517
612331
660006
68461
856186
438102
494810
500030
438076
250507
409054
933303
645811
125266
1015127
884058
494913
537955
607878
222132
250642
669128
271185
25923
61850
1036058
1028334
947151
828112
428142
428145
796576
8364
56469
1089544
105414
1069026
42279
752793
208464
428122
828036
355204
298438
639713
125244
125252
324567
494798
738584
556941
883844
980170
154054
208231
625108
1098440
25734
485850
61800
738412
512298
298136
1055683
154068
176570
947459
904537
592354
681796
8156
271617
883748
773518
996634
1089444
325020
612354
717429
473673
827492
630944
681873
947488
324909
827622
56535
250349
438200
66662
298238
1123547
160403
145558
996721
752968
250353
73427
451231
222217
66669
904295
543713
271474
512282
1084687
395728
607908
773663
94594
154082
507395
354958
796881
482066
827658
25748
15299
738427
552020
145402
138803
495064
221832
682886
94938
978976
299039
177621
8549
33842
251073
251083
251085
630569
996948
221808
537886
828688
221898
177515
774213
355710
52457
270834
589547
124940
139229
557024
965733
739016
645512
221844
160141
139254
568466
607823
978896
299175
739161
251208
68376
221709
1129567
1002217
495122
460907
645425
855337
610562
160026
396233
978684
774397
1093397
8588
33800
1068919
829018
1089682
105099
221744
1035897
356061
221767
717069
190415
177721
190438
482239
190468
884465
1123638
543655
451361
271042
639780
177347
190576
56422
774071
947057
541467
639784
639792
996842
903910
105272
61878
947059
270853
979411
145391
355314
537941
208572
25962
512197
828223
25976
46514
208615
556954
324370
66735
355402
828393
752631
1009682
177467
190503
298825
855708
221938
1093441
298848
738910
355532
139133
355648
1102183
208883
1072596
105243
717165
355599
190518
568401
855757
408835
512168
68423
221958
645603
324208
298758
583045
15147
1047539
94843
437811
116280
34160
935365
1037310
161439
694157
963943
115206
6501
146507
327822
654677
450196
486727
161426
1109064
493458
513047
93002
1026267
754668
908197
439321
592749
881473
705561
548088
24734
295015
57080
327881
450158
161456
206624
439296
352594
192365
680267
273826
907920
66433
439219
352732
115282
450294
273720
907918
1016542
771181
439215
624244
824709
556354
982156
735783
439226
493515
246971
295187
439240
907965
327760
106455
127115
146472
735728
1003030
1037249
735712
115254
206670
174430
352556
859528
588827
694281
705441
6401
92859
294806
24634
92875
654844
908396
770877
206496
995748
647416
127239
6387
352408
273986
351563
274897
137160
770429
770414
294194
294199
6086
693235
823276
588691
83679
77103
274727
824245
206509
115043
115046
754713
735500
246623
378702
41489
500928
127191
127190
137522
41511
1130848
583988
1026260
246706
1130842
246602
92941
352505
66397
694214
115065
561856
624167
1057031
83551
1075598
246564
859930
513097
246556
328013
624154
24826
771206
271643
538019
295647
206891
146381
573891
247504
115468
506686
34824
73909
222580
827202
325257
856814
25649
426922
224169
327288
273442
736053
859177
224205
573911
771503
126704
394453
450477
583814
493852
224189
115439
327181
206889
222567
655656
646061
125487
271684
94420
66614
996597
94431
46640
138787
325241
552105
681740
512330
556829
208116
222402
1123463
222424
856711
639553
980453
1066024
655693
856776
827297
625051
222514
116236
646045
543767
176213
1093607
523422
327285
93228
439204
295393
327571
907811
273626
735885
463183
6584
224333
146403
583896
735900
24875
450356
588923
500737
24870
24867
247360
824802
735806
24846
327618
93126
327605
295333
273679
824819
161345
617672
931102
273669
137670
273662
126956
68785
295459
1078493
106381
93195
224247
493729
1016416
1046501
736022
693980
224222
106374
353040
41681
126785
507009
982049
654797
146397
247268
66446
106382
1026614
126854
771431
41653
907682
544084
538267
137728
1016476
327475
1026486
482256
251275
221662
269865
945781
1001814
301010
96158
901837
452206
154748
452180
139963
52750
531272
644702
301033
934908
977432
220477
26718
321913
775730
269876
9153
644732
179120
665456
977471
82706
582599
520884
1048188
665466
775741
531277
396726
26779
831191
776077
189404
485222
934973
144703
977272
630136
9253
740305
140021
9255
935013
321500
210045
407422
42744
209972
716182
551775
26832
159551
52773
1078996
901749
1054725
357816
1035622
123913
144794
73787
656438
1084432
740238
26702
1101770
357386
615234
1124071
189664
124148
252626
270006
252636
357341
220649
794435
9074
220635
26634
1048124
775545
977676
124016
139860
606603
220725
460149
707756
460147
322288
582660
220668
33396
853912
322252
124184
357322
1124064
52696
46244
1048127
357535
209822
437032
96029
104591
252769
668704
26676
396635
511789
96058
252792
269906
560621
252793
1089961
116797
644800
551812
76436
220588
252704
179051
683924
357435
220589
46241
482431
625638
95935
977606
644827
684250
321475
978669
1048443
301696
967157
210369
220096
27127
1098975
179736
220138
776467
832137
407175
159304
140078
591959
117118
832050
159346
27006
945481
1014220
1066539
901301
179669
253473
885819
253498
520818
852790
935182
104306
945458
793428
253591
523672
220048
27250
27209
27210
179820
219973
52919
179824
210442
901153
1066577
159258
1048525
900972
407019
253818
751413
665714
1001503
301848
436607
27181
253678
967195
189046
179789
269314
474407
220038
301803
407141
630011
253610
253441
253437
560539
189278
9295
76385
1080277
46141
477113
189288
189271
46149
520838
474323
253281
1128931
96457
1048371
740497
625776
776343
684296
253159
66929
96384
1014263
1115320
885601
253197
210113
253209
104445
321387
459642
740493
459624
104359
220224
740560
485194
1066529
831837
1035435
117036
159376
104316
179641
684449
140057
1010199
740650
1014222
301609
997603
26991
852881
9354
96531
42793
253365
557408
96514
831808
452406
997583
901403
55965
76368
740593
96513
640247
582668
52671
1054894
573023
356567
774793
707531
356574
221331
603394
323132
934048
124571
139600
1129413
1047788
124568
124560
251730
499859
56264
854873
221435
1002156
1110392
323233
1028803
978360
1110397
997151
270507
1028811
1102045
73601
582881
209315
299805
145038
582852
209426
474072
978224
396397
178379
829771
178385
854644
323095
139649
716721
104934
1014580
209430
104921
52561
396380
902831
73624
251889
568639
774901
396376
124547
1098717
829714
124559
1093333
82866
95420
854740
356606
482332
356432
209658
154353
437545
625413
251355
716984
209150
26250
66807
668921
251364
1047731
829281
855083
474004
124764
139390
251306
707480
356187
26212
1002213
548885
124776
615117
221654
855209
795598
557072
855203
323545
95106
8632
56315
451628
460658
692709
356398
356378
323353
854968
299624
692655
209263
829443
485608
692625
124674
1074998
854918
903110
14980
946413
221532
95226
630500
829357
139432
323384
978455
178136
159914
209234
356341
451635
451631
482310
933852
582920
572992
1002105
451805
139818
659705
154548
1101909
189830
270144
124306
357098
794783
104736
209623
252422
630299
592110
1068793
902421
82784
139737
830249
752072
95735
189904
270178
26498
775241
252308
645031
159746
437216
665302
26506
775283
885120
357123
189801
474154
1054900
625606
739983
322391
934573
178868
610659
716402
252434
1029217
830514
270095
1001991
902221
189757
775447
322401
739973
775426
1029187
33442
428828
934541
830446
794660
511845
683740
252436
270114
531296
568792
568791
396518
752078
683605
582801
178482
178485
752160
322906
209497
8846
322897
966204
560782
322888
66845
1078926
42559
966200
543473
437295
375371
774990
139758
560798
270370
42551
270373
543480
68291
221132
95546
104906
221154
221162
322979
716625
52589
42588
252214
356960
615197
26467
252211
683564
511881
582764
252112
885082
159765
511867
507826
300239
33528
42584
159773
1054997
639979
775113
1055005
26455
854473
56180
485343
1078936
124414
116719
716597
451858
537799
322854
92383
19809
753916
167764
97045
97049
700070
814658
325695
857727
96997
546676
97253
242014
662172
261117
242040
198819
913557
753871
96788
414613
198948
587085
753877
553365
198906
468991
96916
578709
198874
344311
297693
96868
96870
349520
1054361
242082
699730
958076
97716
445494
242323
242337
1053995
1106181
733216
894520
857998
575560
24200
38160
297358
97706
804829
814699
913293
1054125
147860
989825
957983
578737
97468
97459
354124
242205
242204
198612
894455
261106
325657
700220
1053890
914018
700684
199616
625986
199596
469177
199566
626147
167510
1007478
1007479
38520
402250
894269
675130
956886
798424
913667
344198
914120
199767
241289
444613
199711
700752
956811
199660
956816
662544
1007381
1055819
662532
512707
1121601
444789
626205
167657
1117190
199137
700325
857525
402280
569559
331412
261296
445027
913730
990034
626481
199068
325647
414681
354192
913800
857492
626360
199245
241603
804801
821496
546548
569522
261258
553400
990104
199387
199391
626209
913180
198331
662585
147478
37837
699077
349551
628080
446244
197513
446266
628014
37812
296643
959102
814849
510745
661906
402570
197568
98884
260853
98945
446126
98974
331333
754049
98989
353969
675670
197618
699124
402545
99052
99053
24307
296628
675720
414079
586647
99491
698926
349561
733720
959287
661853
1116985
24326
344491
24346
147350
243013
296504
395485
99417
808138
99415
446354
197388
9669
959203
99378
99369
510706
808141
1052556
858811
147400
99308
37799
242907
746582
553306
242445
675495
198129
198117
38072
958479
354046
98299
1053508
260999
989690
958534
578773
627429
445896
1053418
699531
198154
147607
414327
242447
242457
958321
97946
1053840
699586
344381
546810
1053806
98003
325780
98147
754000
445764
297066
511296
197938
9551
197804
197803
296948
414169
344443
98719
349543
197935
271743
858524
627757
958840
147632
260893
627627
98640
98627
1053257
9532
168026
858399
858396
1053301
24259
9521
511259
445961
814773
260951
553314
24253
856993
1121567
1122133
918345
82275
151747
617472
205910
236883
918350
82303
236865
747800
747799
519960
519957
1066940
151735
1004784
338885
81786
705953
470838
664424
81920
81929
81951
81977
850206
520097
262769
262765
151784
992120
1121136
950153
205850
589250
439985
519640
237051
151610
237078
417436
237091
779740
918164
82474
205614
519606
617933
440165
779654
779653
1121161
205696
617796
343606
41124
519772
41138
349254
41151
417494
779844
236960
850504
151674
470740
82527
82517
304830
41335
23148
672984
263100
418215
152554
78605
78584
1102597
614405
370384
438580
370126
78495
78481
78477
1070914
152671
522628
236774
522487
522612
6133
78680
152499
78672
78899
848268
79022
235873
1070459
919353
848297
41929
235908
339166
1070921
6049
544835
439660
23045
81639
304946
343533
809182
151928
397147
417652
236734
338927
439752
304873
780226
417690
673394
673390
918573
780390
616830
616817
893108
206397
94026
206413
919588
78355
809356
567881
370060
589940
729906
304189
956676
917481
84741
1064646
7136
204735
166140
851738
84830
372892
1005287
84842
84845
619299
84855
797650
704893
40756
851496
951339
40817
1103742
84354
991780
84357
1064956
84542
951458
951392
797603
479530
518552
1064783
262551
808974
440956
619377
94192
167424
241212
569389
94108
94170
914163
1105661
237883
819192
732685
241240
469283
241244
402167
94045
354317
506375
914205
5856
700926
778649
7207
303122
151066
518257
951705
518269
518272
808966
204576
237890
664097
237658
562212
40959
262656
779397
17953
578192
545085
705413
730036
1065910
237356
83618
917938
83631
151424
470626
850989
1065919
440708
83230
729932
83169
304166
6786
821178
304148
83248
417334
83318
304065
237207
17964
1117888
349266
6938
589042
618543
205011
1065326
1065322
1005120
440664
730229
917693
84184
470623
440694
730253
204983
851468
151295
84262
372647
83977
83963
83958
303675
730188
588986
470597
545131
83919
440572
470611
951038
83843
797515
440544
886156
197247
959370
296479
735011
508277
895548
36544
194274
771592
294469
244663
326521
508215
570569
560371
807683
883457
631114
259960
294529
883512
326495
962223
988271
294621
911001
910993
771699
910981
294540
244565
696532
272574
910929
826735
696478
508185
194176
570582
585683
193924
193906
193896
449113
883347
294155
962903
194163
560311
585679
403238
244906
244910
631660
861253
349677
193970
337340
449033
36418
272653
145689
861199
244754
394904
326574
169269
10645
696317
735067
448931
244504
244491
403271
1048940
103768
448215
1049046
146107
1048948
696988
467745
508741
326422
353509
146063
103962
448315
547573
169060
911349
448590
508775
103589
146212
146203
103615
16949
103631
103658
353535
331201
36778
961706
103673
103685
448171
10458
448338
260049
145941
145955
394993
272520
911097
1048688
1048684
661012
1127945
962150
448571
259985
36621
553118
962168
104133
771819
962055
448481
585935
448445
696798
244375
244366
961975
661038
260039
36690
146029
244332
961926
826816
394850
883285
754142
293248
695238
632731
1108216
570862
107224
632752
632776
883042
987573
862303
107293
35942
987558
1010416
895994
293313
1108127
245529
1046239
754962
25049
695380
1108142
293466
815519
585364
25056
815524
259533
909962
677207
632637
331079
192616
293126
862581
273152
755032
107624
506487
1108334
694949
909672
482736
802820
585223
327004
265553
107745
964500
633116
1045411
245771
107587
293020
482802
273130
245750
1045533
862451
909767
273121
506616
107466
1108273
293103
1045594
1046251
193005
861518
106183
1127649
735310
106166
695836
1046930
910393
1046909
553054
910387
245161
895819
293802
883158
807597
449426
293871
770853
807619
245002
449293
861550
105831
910487
963128
449340
106105
105883
804988
676928
987931
105946
883238
106302
754888
259677
293611
106621
353223
807570
507249
245366
259586
632274
632032
861962
245417
36057
632347
507168
449868
963581
807580
259597
861872
259604
861870
963491
695669
910287
272975
735387
1127602
570767
259643
259644
326756
1046774
16955
326381
260120
100983
344585
629089
1051223
960111
676006
100981
772769
468281
353745
447071
960152
243454
353743
754233
1051236
100881
100622
17153
821639
296115
243328
100651
894974
37414
196671
734061
912268
272015
989045
296009
168527
661669
295932
101017
447155
146883
101420
326184
101462
101464
101472
101496
1128307
575452
895047
17111
37251
37248
243652
101645
547270
629397
960392
1050797
101355
468233
243554
243548
101242
698053
9995
629244
37337
295890
9981
295903
295904
100623
510002
169016
344532
9765
510368
446655
733867
296359
37609
733891
331286
100052
628568
17189
37577
100083
675888
99879
296395
196747
569957
510504
37697
99675
959446
353890
1052236
858974
1128540
99697
510463
99743
99780
569966
296432
959729
337770
100126
446886
468338
772954
196789
296176
733976
570053
959897
37558
100546
196765
243299
468318
100563
468315
296195
446868
1051638
296232
773001
959811
661735
446813
510176
894911
37509
271957
894901
260621
402680
37555
100131
17107
1050566
243664
586128
195435
102877
272265
195406
17023
661376
195366
36982
102955
260256
1009118
447909
102999
24557
195448
102807
243679
102688
195614
195595
195584
772249
402904
413376
17030
326298
195545
353622
37009
734500
102726
1107197
260244
1107263
195279
195089
326356
260205
734610
36848
661223
195103
333709
36931
24592
103498
244145
103513
146219
911424
1107333
36873
36877
1049426
195155
860429
734595
195168
103246
146321
697241
103204
103143
860383
103076
103070
911522
102615
447755
860113
807944
146735
556224
1050377
102021
447511
102041
629666
960815
102076
146716
447530
860014
260375
24500
272186
697758
661471
629635
697771
101913
146747
911877
146768
243717
960630
101837
960611
101782
447431
1008884
468172
697694
468071
447704
860103
988711
815098
102447
102448
102461
195730
10194
815075
1128189
697567
102473
102483
260321
102499
629833
1008994
102395
243856
146630
349608
102373
629805
629801
102341
102327
102306
629766
195861
860029
146670
547343
813447
879553
677919
416122
67389
843960
955435
787108
787111
239268
503680
897312
258794
787128
125977
866437
843921
258842
67394
844022
1040902
844019
366007
529001
148725
88440
556482
787081
1080116
416133
210489
347856
556505
677855
677862
727696
529134
529148
503577
351383
112330
430841
425034
67081
88648
623013
787148
623017
529356
226866
873897
777513
955601
769040
132340
877650
929506
608175
516181
88569
67214
787184
258704
289933
1111957
239280
279266
210509
403821
125962
126037
201670
201384
637765
1121279
259266
148975
663495
67870
703225
381933
112063
339227
329065
279321
390292
148888
259199
769175
126246
528961
149031
844343
637710
68081
343132
31553
68064
217906
786869
31617
551216
874069
677365
528643
443196
443267
955205
608689
420414
88385
955278
88393
844103
528896
844089
88405
916827
17703
677712
88420
339249
787031
17683
663440
132253
311113
805574
132243
343106
201772
88366
17768
67759
608653
1022090
955228
88325
777687
67797
1121314
1060797
608025
112021
89470
66113
843280
718571
210905
550667
339444
866670
1060221
1060012
32752
226759
607414
89532
89540
1040524
32682
258270
89158
916442
490462
647627
217773
897907
987183
777309
678765
89191
1081132
607578
112590
89205
201046
843223
529995
898126
583562
986803
5337
929659
257928
226746
916320
171013
843216
430916
171039
1081530
339477
466352
32876
843173
583540
898181
986813
89658
239654
503321
257960
1081404
956077
607362
727482
257983
257993
1081373
563746
1059938
576154
258285
727632
239419
170235
125774
503508
1060639
210710
32430
805729
258449
32443
66598
916524
239431
763294
125722
576272
170181
466827
387353
239360
623055
228676
623061
387365
170114
170117
955685
32355
88775
217799
88801
529497
820174
66566
239453
343017
568046
843505
89038
258345
576188
210774
702747
843484
801865
89064
89071
916463
32570
529696
678597
583324
239477
170398
387266
436499
170387
702771
112491
777383
843517
343008
32505
787450
443672
763301
289814
897731
480929
877567
255524
30430
416677
227134
167247
70370
70362
238427
131926
516993
490808
935738
494448
150029
469559
954283
70411
954199
1006465
30272
954153
111468
610253
167092
70518
1027233
469811
70476
87285
111489
30288
339053
991046
637244
111565
990755
70112
333063
469349
886721
516834
802396
820622
5972
69771
238481
69768
1041546
339096
69739
228561
990405
69870
69887
30589
469418
69947
622073
863298
69987
527577
527573
18333
70052
990678
778090
6003
845268
390161
420000
150224
1078132
202952
914951
423889
711615
290556
581971
71369
991505
1043798
504392
30079
954008
1062383
329637
290542
1077073
614949
87238
160715
1043847
937714
505574
635482
1023670
666504
21321
749900
160739
153832
478383
25205
919809
666487
582014
71026
582027
874574
30160
166897
785893
637143
18501
202829
582080
70946
166938
1077426
991219
935801
517057
70579
582064
927819
238312
637125
610359
202853
769547
621835
70760
1006400
150293
70795
863360
279539
343307
70919
762622
990393
126644
259389
31303
31281
387593
866183
820461
648196
663646
88036
149273
922595
648161
1022159
922596
88094
551294
1079064
874164
87940
609301
663718
18079
786554
609307
935564
31225
68523
1112574
1007230
866158
149323
896474
18045
149280
1079211
31375
844461
68143
416293
31477
149065
201998
68147
1112427
290126
1112498
718306
201974
259402
31515
563470
563473
863154
31465
88171
343149
31456
935504
1027843
844436
333240
202036
149091
111977
238975
202046
149109
1041178
648134
233637
917067
551569
805396
18244
747154
18237
30870
416494
69432
5916
648398
18208
149626
622268
442807
703677
69329
551524
494583
1041306
238645
149763
343225
845065
69587
551546
802360
1120932
1041482
527767
420123
820601
69542
622190
504129
703660
387667
227049
68954
805435
954732
886460
87864
310493
31104
805438
30965
149439
31130
896256
922511
87918
31196
896159
69094
648301
69109
111771
1112763
69172
18162
31012
132058
777959
69274
69275
5893
1027602
551469
551470
862995
607232
583591
701335
256209
464235
232567
91860
173920
382693
983648
483093
532288
232551
288970
91978
211940
983590
915406
604831
744568
584881
701434
532110
789040
91762
604924
681422
841477
841445
944764
639174
604880
435510
983771
983762
34655
91993
483135
1057732
217404
313559
575121
174213
549432
92224
983352
878023
92358
532519
435337
1123024
347039
4584
585016
92201
363995
92166
983481
144528
744432
347067
92126
1132394
34693
256117
133025
983528
92060
386392
435439
841515
819340
435334
173328
464787
680945
841793
801088
464783
91527
435624
806265
240519
62724
423628
841757
680979
531810
435639
91402
464390
240461
464868
915665
944987
62901
334118
91293
482869
927427
217486
1083930
531690
173243
240478
91357
91573
313153
788856
256370
899699
1058123
1010692
34462
944816
256385
1058053
464737
386482
62367
899768
532052
604982
464393
867344
283844
1109800
113699
531956
1039442
984112
464591
256481
256487
256498
944852
62526
91590
584707
984268
744749
61660
232439
112758
144028
4398
60749
867637
755797
789613
1057354
174984
174950
174994
174997
284110
60708
483544
60694
700958
382847
764361
755737
1085660
700996
382836
1132525
390730
144159
1057446
133177
722292
431211
813484
334485
382841
930087
800677
60687
382867
840680
789661
255610
982546
60556
212296
463404
483571
872504
789727
143919
4277
382907
405834
1057237
314046
35205
382891
175087
288754
314029
711575
1021150
840755
4334
175051
603951
175037
60668
646169
639455
288769
114159
114152
585114
144339
841103
92520
284032
463864
549315
463846
4533
435290
114024
255908
405601
4525
92540
240888
570994
872600
1085655
1085147
92426
1039183
744365
113945
174326
900146
1057649
1011160
1109353
604426
653287
744339
915202
646319
1123101
144309
1085359
60956
61139
800744
313848
1085499
789489
92787
60891
841023
789527
60871
1057476
386265
982787
363700
496425
755715
61148
92766
92735
144241
92687
92652
604249
255815
701055
764318
514071
944444
386299
92633
1057568
352265
722415
240414
382288
986113
200483
465958
257554
530521
652916
200469
724119
436040
289523
916043
986037
211302
1059186
465984
916070
171513
763712
65355
171517
776752
430947
561364
466058
745473
171636
65303
365233
200544
986190
801531
530469
877795
65034
1059169
1122377
90473
503026
567773
283427
710741
1122362
755099
624387
435941
228819
64642
64641
638614
257327
90461
171900
825808
1082421
64832
825803
530633
257427
862927
240065
923286
1082367
283403
842706
985921
624459
873260
171516
842888
91207
211073
257782
607121
425141
607114
283222
404441
239760
89793
623945
112844
386985
866769
112856
90030
623870
1040332
171512
702466
239691
89744
32908
200803
843065
466278
702461
732574
257793
200760
550537
583641
423759
503239
503201
171302
1131878
171497
200629
444090
239864
5233
239869
986271
90175
239812
312158
787932
211237
386931
328437
342902
842918
436116
530327
171445
90148
986327
351787
171415
339528
898437
365285
810623
171370
503189
257714
768810
33048
624600
64428
5122
549932
172682
90851
63371
826103
390539
727147
763966
217533
763967
680555
763972
984857
842106
768543
172673
810750
64427
435820
945163
842325
172510
899105
1083143
172558
172617
1083314
90818
788449
985044
899173
334000
435810
867139
465117
431079
841938
584500
173001
173005
280492
173024
1083737
464938
842075
4905
1039621
727095
801140
173094
1083818
63115
91022
91017
1058447
862841
1083645
386604
364632
90998
862852
90920
228887
172890
584441
646759
584432
364671
1058648
364874
1083078
702012
347361
444389
64096
132680
64091
64089
257154
352043
873148
333927
200192
172248
200184
788253
217598
64273
929819
530792
873193
679977
333903
283455
584078
283454
465585
502990
842578
679964
465599
638632
915930
788258
257120
584272
768617
985325
624791
584236
899045
132724
90759
502846
63976
279034
606108
1083047
842358
531067
1058658
915873
328118
530960
624775
132714
842436
312552
257072
842451
5051
465434
530929
584187
530917
768655
352059
502916
388859
231944
235642
730575
730581
806894
135858
601071
1090223
601095
1090266
488728
235670
249002
135698
121235
135697
135932
135960
921110
136059
1018952
921048
6262
820883
806796
235457
6222
249218
6210
235475
820834
235488
135978
135971
601115
418525
418467
121856
236140
489047
1032361
121832
489058
121838
489074
1019353
601304
248408
236171
498044
248383
135071
536575
236093
248572
121697
135280
920403
920421
498124
121658
920570
248788
410413
121454
1019419
1019416
135595
488800
1130997
6287
121907
419225
1018381
120470
1018395
1033232
488140
120503
906777
498587
120540
1033191
498541
906829
249835
498527
120443
409583
488505
1018135
348296
137134
1018099
419450
120308
906511
120312
136918
332696
419383
234636
1018265
120366
1018281
120644
906885
1033137
1018793
120821
907175
1018734
1018736
488358
600939
1018818
419063
418781
821021
488446
488456
921121
806696
136426
136441
1018685
249629
921345
536951
136493
488289
821274
235085
1033062
488257
600859
821325
249672
249691
488239
807419
1019822
137176
818379
654053
818464
536077
345599
536068
122990
918929
335850
336065
336070
539337
123062
1074098
227281
1089378
808534
122539
133783
346105
133862
1020827
497639
346077
497629
122633
335820
489837
1021022
654319
1031449
345753
133228
501854
539381
501902
1126225
640660
114693
12352
640612
226087
51996
1094191
598144
12446
225859
799887
664489
354413
12547
640684
640691
640705
325420
325440
1038644
52171
12160
930277
12068
723474
1126635
1038345
539440
11942
598119
723634
346106
133872
346839
1020021
920160
536469
908601
248207
346664
334616
346658
497977
920061
334658
346636
920040
334661
346633
489188
655314
133900
655350
236202
346828
655378
1032256
418118
236239
346740
134920
489160
655348
498001
248306
134945
418113
134769
134749
410930
601563
654913
1031881
919642
919612
489597
122411
346192
346591
536287
346163
335241
247730
122494
497679
122318
334974
346394
334951
247970
1020300
655068
919881
489354
122214
236571
1020215
536404
731235
236506
334735
346583
419481
922135
997755
406738
254132
142767
500587
142825
53836
406745
926791
254067
1092545
743938
53782
802736
743943
725844
142624
1013111
230850
117481
230797
1091177
726358
142218
230726
230621
117434
726054
1013275
1013266
726091
117413
422709
726065
802725
926878
230085
229648
483955
143671
229728
53638
229689
1011943
483824
143147
1011875
483789
254701
571749
254722
1036724
1036480
927174
53689
143547
143522
484066
484079
571594
143427
143382
1012394
927070
254355
538544
926966
926940
230076
644285
140109
1036748
138357
119424
741981
1034136
119473
348993
657644
905267
728628
1091205
600280
905342
119523
1091184
562868
486998
499418
924429
644058
55059
657998
657852
349135
822995
119366
119199
822994
728485
119181
904957
119139
657832
119125
117606
54963
643626
924314
118799
804693
54627
1015552
1015546
643729
658660
904827
658690
118701
643667
1091693
1091701
823925
643758
643784
924106
823610
924019
643806
118877
600032
600034
118949
643866
1091478
600070
658241
119066
823320
728399
229486
53495
120237
905635
331975
822662
331996
331997
499103
119681
348805
138174
332110
348782
822509
7752
905729
332157
119607
331953
501734
723881
11674
227470
641260
11718
1093651
572590
598242
600305
119530
1126801
119539
723840
331913
138256
1017281
348749
657232
822053
822145
656926
120054
656891
120118
498771
348433
55413
120183
498730
922158
234463
922148
419523
498832
119992
7273
348593
419774
487573
419820
822328
419841
1017471
419872
1017443
348677
119845
1033756
332202
822455
115521
641353
483628
116199
255281
406006
255365
572063
405952
928247
255450
538886
724859
255465
724783
598642
423924
11130
538894
255197
115569
501132
229290
1036852
642156
501092
571895
254979
53363
642025
406219
255035
255054
255116
255128
1092982
228517
11142
641726
228022
424259
900737
598488
900714
900659
928933
641448
423958
115652
227855
424507
1037845
11522
11540
115835
900810
115881
327024
115899
1037572
598541
327041
115916
228365
641638
598577
228435
228437
928492
116016
53049
640440
354464
931623
526197
158217
636972
838166
158284
110332
430551
893551
1096907
110322
999838
218431
750114
316923
999789
158213
637007
48711
360730
317228
475980
317220
400819
317207
263432
158102
218578
837994
360745
475937
360756
158137
557914
505476
263642
73934
263843
526100
361273
110080
838686
636757
361284
893271
893460
792793
505653
792753
505655
316371
838888
636767
893312
636773
999602
595648
361213
505562
218258
505553
361165
893391
263743
263720
361054
636882
612849
838350
557964
218714
1097174
505185
317849
157485
558207
219116
263036
595948
219039
157423
317673
476301
157639
558155
937909
430233
157459
1000645
157977
837107
157156
749568
1042593
1042596
1096529
937432
1042658
749680
219363
262838
157314
317894
262879
749673
218983
558140
612599
317320
430327
48795
48787
526290
749948
1043031
476089
400967
263354
218728
218717
110517
317257
317255
558041
263265
476165
110602
218816
157807
837671
317493
749884
837616
476218
505213
1042895
110695
749847
1042872
263137
893150
361457
114454
1044358
109288
109284
216845
47913
1074399
1097655
636017
74784
399886
998252
362606
109195
362655
265114
431568
595188
939729
1044259
1074507
431486
362303
998464
791831
400043
1074488
264976
671213
47957
474933
216936
362385
892173
399837
940049
1097716
265430
474617
265401
506357
506359
940327
997868
940377
1044447
265456
474549
1074135
265495
216331
399635
216497
671581
314567
1044621
108937
635853
751259
108988
109021
109025
1044527
431761
1044489
314851
74986
840516
840504
1074508
74687
158835
264259
839293
315994
74388
999023
475312
636472
264268
361743
998961
361851
792302
998958
264282
264300
361770
74314
264737
475468
316313
750390
613013
400471
541768
264096
264108
361698
670638
475401
316142
264137
264138
939021
400335
595404
939356
74651
671026
217222
217194
475080
1097512
362206
264706
613189
315493
48022
839908
939672
839918
1074533
671015
362149
505970
217232
362090
74579
74568
939503
541946
636346
264482
636380
431244
264396
264392
109659
636412
360034
749553
476576
223315
152394
666368
223347
152482
152508
50853
720509
50885
13960
50792
666515
13972
559601
597121
152381
13833
427487
51015
720843
223630
832419
666115
1095006
666196
666205
223435
152214
13771
666238
152237
152258
223476
13997
14008
540375
720247
540475
222886
71616
14262
71671
833463
833473
720404
50531
478871
14368
478802
72074
222641
222904
14246
479070
71489
152999
574113
14171
14169
14165
1124818
152881
50652
720341
152854
720359
597084
14074
1005468
1125298
937361
13046
721669
12939
150625
1125743
13040
13041
51480
51583
51465
13099
1006315
1006310
932683
13139
597570
721718
51116
12746
640381
664836
722164
722149
225269
931936
12749
51614
539884
51691
225058
51672
1094456
932208
51421
13163
51412
51209
479950
479940
665809
1094840
13450
13463
573721
13179
1125385
223896
1005624
13544
13556
13564
223951
51244
665763
13393
1005939
13347
1005960
51318
51321
51331
597426
427108
13256
13246
151050
932889
1125585
72084
72085
611299
155682
1096107
49570
49555
558699
49553
49486
936516
49632
359324
155703
1076163
155829
318874
836225
668439
49659
1077063
155455
319395
261683
261733
558802
504479
936249
261798
49661
72855
319274
359130
359137
49663
155577
1076110
836250
558604
219781
1001316
219957
429636
111195
111194
262494
156801
836289
541211
219682
318259
1075795
937320
836950
1123403
262441
1123411
156495
836551
73163
936905
836519
318538
359641
262266
156312
156232
401568
936743
401621
156064
477716
668208
155293
1095667
834311
667394
50261
574488
667477
1003430
559158
320379
667517
478319
50210
574561
320479
320476
1003614
50320
1003638
667280
1095571
596813
574359
153744
153735
596852
1003886
14457
833856
153673
611331
222584
478714
574591
574622
358991
935927
319762
668067
935888
155134
72686
319631
558895
559077
1076464
261568
319518
1002585
611816
49850
719353
402072
358769
667975
1076581
477988
574744
319986
1076635
719563
72550
320165
667829
1076673
50113
834912
596666
55045
621786
368398
433514
161604
44660
453963
3047
187871
336443
3039
161633
340137
182553
635434
39948
685418
161595
388224
214494
277325
336524
1087672
1087668
268486
281750
207504
453920
161586
388205
715230
277329
517403
368428
44627
1120660
1133223
533387
635373
783789
635374
245924
970297
44794
18582
336385
277391
673227
340097
18568
524031
39888
388360
3148
391482
336393
277476
118458
462353
388334
811895
118455
462359
635396
368349
182599
593673
59031
140583
848715
673074
398827
39885
281895
969884
188184
533293
876274
118269
368541
140364
44344
524159
649358
565877
914209
277148
287785
969883
811824
18885
876244
302787
277020
876230
291538
388028
533288
277054
848956
462543
19207
462531
2812
182326
969867
578564
368516
1100876
44548
307967
118323
44540
188002
715311
18941
533346
391757
302156
368465
715287
187973
673064
881130
287815
453876
188037
44490
140440
287806
19023
307950
544810
616495
887803
35408
44443
188087
522277
44423
338543
621443
756603
969834
336132
246144
385301
650151
767280
277919
308434
433881
336157
314169
767272
246192
3669
714788
523915
350208
869942
533472
336174
277807
35536
565665
291938
650095
277822
59248
162221
187413
277840
924456
398918
975469
340012
975402
162355
1087383
246299
975370
246264
949232
943560
616761
473628
594110
736574
278045
877137
634870
634864
141005
292092
308514
27901
308511
3724
187225
187232
273312
388671
268331
187269
45276
45273
552676
577805
162364
162363
45262
650088
291928
391436
336315
868466
368258
187679
27587
1087524
1035249
970427
970373
880814
161906
187634
214238
44937
635227
80911
161829
45095
78692
383488
266731
161779
281534
870036
635330
78693
277572
1100493
880863
876711
880861
880857
281483
336279
848528
246041
345290
291900
975540
59202
756662
533458
383429
685601
433696
45065
398161
388584
868536
45090
391258
281267
943323
845666
27712
80843
3450
45015
336234
398896
970535
336245
35512
368171
345240
578043
3396
3389
40123
2790
472029
687644
785702
458907
474711
882055
393922
81257
766086
783993
868178
215202
381006
21123
21114
307553
21360
43554
22911
274969
441222
274559
75790
953153
555650
591625
389635
181839
689217
942056
870455
349948
2301
206394
341642
349966
287492
383728
40412
20937
1133706
43722
588465
368857
872257
21085
81191
215082
2462
872263
581719
2468
590626
764707
2430
215125
181965
592993
181956
592987
708825
398717
21036
599761
302690
117800
215166
522101
276407
1700
203267
276478
459214
1062549
1765
1764
602407
736984
579989
175926
341180
1044834
545576
275913
545909
871354
340930
1784
81454
941507
1383
86995
180395
1104020
76777
590791
951849
369130
545912
817673
870661
22115
179952
180485
1392
285910
759399
274581
22234
286812
175678
75818
887212
785454
1712
643549
191344
591856
269247
290964
1062570
871980
1104167
269261
579972
287225
370498
552158
524810
180034
179956
1134550
581501
1088650
967675
203281
25360
579602
343862
175358
58523
20616
587646
588555
876067
58710
19789
188466
214800
118092
649145
2671
593280
976179
462595
285524
969703
19620
188478
868289
755844
188513
291401
341763
188526
140214
450830
40208
2649
1071518
649059
291413
385068
19851
1063748
44108
616407
188411
161191
581869
462562
1104626
188277
368586
848999
307855
44264
942604
593377
462555
522246
565911
207147
581875
188287
188301
453678
40155
391924
207073
207061
1101068
997725
969738
872431
756536
19450
118141
188387
767543
803960
161101
1071550
349986
20410
43837
1133639
875888
20442
587684
870337
340355
40327
603745
350016
368743
593138
689491
2570
43836
783928
336749
521279
453387
276508
694857
188819
182060
58541
182066
648892
2509
694833
117899
20487
336820
287560
117951
1071586
58592
694694
108148
108146
1119881
868265
20121
588527
888730
117955
474439
524249
453582
276731
44030
188565
767598
2603
40236
581796
524261
462646
302240
43972
20216
689524
58609
392156
439519
40268
524270
758203
287590
454530
187140
880337
972467
455619
184121
231574
492419
651291
184138
435083
492396
184143
925976
231546
60180
471399
267842
46923
869425
769795
329739
29073
46854
46855
184062
292746
164104
164116
852015
29103
267829
164131
29125
46909
1105599
691344
711966
130295
164394
1086555
130130
520767
993663
456759
309472
492631
268101
292881
691450
691459
47187
743098
973842
691405
128461
964901
185468
973925
280315
471492
130217
128438
713434
350527
130238
389283
471465
456819
29200
770137
231642
46832
712168
1034294
130691
185912
1014085
231820
634019
565188
185882
163891
60071
85800
846376
965050
761949
804270
128132
60040
185712
889837
766908
183850
39183
163835
993046
183858
879393
974271
163856
846335
993083
85354
471086
54426
1108653
128177
28969
869450
879221
130485
79611
1105555
993264
543268
164071
292689
164073
1105564
533871
1024387
995151
164089
995199
35787
455502
434956
185808
804279
492261
164025
128209
713639
743410
455493
456987
128197
35783
46728
1105519
492675
389335
924585
184673
766705
280040
766694
686491
398007
165207
185001
371321
280022
762504
184995
29581
878260
279994
973109
309721
651653
973041
129554
472256
456120
164739
456123
29821
472234
973528
994027
279670
456472
267887
542762
493105
472151
184971
914881
129251
165105
864416
762602
456361
712753
523102
184845
493208
129243
878388
279864
973318
184803
712818
165106
964622
389687
38737
1069961
1108458
633340
164940
471947
1113816
493233
852263
769974
164919
472122
456422
471918
288604
691683
164451
472411
389968
455915
455920
60320
455931
869334
309551
766541
1013700
128672
309553
231346
485044
878806
456697
757389
128885
1069797
385704
456715
164455
691471
783284
1024883
29970
1098261
47211
231395
385928
712197
542991
534315
164519
385922
165380
878702
542391
47437
1069874
164642
47447
766578
973613
389911
542846
389835
542419
994601
128870
633498
47418
492903
456561
165322
128803
47397
456032
129777
47370
38900
385911
1086416
869305
29428
964792
1114083
1026134
186027
533807
594947
388857
996129
650572
4081
1023152
491450
131807
292333
517136
992357
302980
1023206
288093
756759
996102
552755
971257
650530
454759
491333
1069268
285098
45710
85976
4016
79112
4050
868682
473272
457643
45770
4039
28215
924930
577297
434263
4233
45919
756776
992500
186632
491575
653731
726521
131775
127553
285033
35665
186618
693333
865319
1105205
28318
278580
45896
1099520
39477
280827
457510
1132658
653810
548510
59720
780528
534769
809578
85203
736509
914431
28168
674488
187055
634780
742824
1115000
59477
273216
162621
473497
330040
59484
278229
523853
491136
45515
781460
970969
594179
1099717
781452
285129
273258
470226
141023
577673
880314
3799
450563
889709
1022568
943655
767216
3806
141069
367816
457764
278271
470344
45641
45644
3911
162821
457691
634617
491285
162704
577446
470368
517155
880031
634602
714496
996275
308738
3882
342160
388793
1022859
273162
183119
880098
981249
880104
577517
473431
288055
736538
434089
278275
39445
948447
714243
1026856
309098
28712
28718
131094
1069472
268193
130993
141737
974435
141749
130944
280574
686858
863610
736427
865159
163152
925404
389047
141677
79403
79404
163487
141717
980856
131146
213066
879556
686886
1092096
905061
232045
268185
288301
634134
492028
39222
888032
713818
492013
389123
634109
383134
163651
28847
163781
265725
995402
28862
974323
766432
79492
766923
947659
651027
28812
470981
292619
288319
651025
980782
284812
972003
79473
761803
812176
742987
594746
131195
386063
39402
650782
131472
455002
163268
434495
278695
766384
971651
714120
141506
213276
455037
166403
127754
888353
59810
280748
28420
131537
163216
491664
46033
46023
577158
992556
131578
163164
971481
491624
186578
45995
674238
265633
653460
183659
39338
455150
472945
455155
186296
1114617
995709
85279
995702
686914
186272
947959
947958
213109
166339
948021
971765
131292
1099195
809450
28603
267798
434585
163381
1092150
213163
809464
127779
163368
183608
280682
21951
22640
524790
785552
1088665
591767
784322
781176
566549
545743
203140
602294
432381
108534
875553
580020
554728
614647
580024
290827
175705
1039
1103956
276197
620874
602146
21812
369115
737697
57939
658949
765588
758860
555676
602518
736833
552170
340525
658958
976683
580250
57869
967955
941029
191430
369235
302567
203207
181044
684900
57892
21672
580239
591690
175401
175409
602440
117623
567295
276169
591819
581484
368985
566387
176132
368980
22037
384896
1073355
285734
384892
2217
753582
93907
291010
268698
215725
580154
180535
21913
23514
952303
268673
688956
21942
941760
58313
708637
275407
180777
58177
175795
381236
175860
968270
123429
175897
1030597
941107
615741
689062
784064
180665
341434
545849
882385
216087
968294
1118951
216098
875637
870555
176068
566697
180612
566565
621054
340746
953400
432540
765825
22382
22517
75963
203581
765831
40512
75906
1031178
659061
75889
40528
1242
587933
369632
181552
23954
868024
659057
181516
737070
554501
875307
756263
1045024
181647
57204
566750
659351
191273
1057086
337051
1089202
1970
451048
581102
659214
889329
588068
181796
76120
588022
659228
76117
882581
23740
659240
22429
555852
889255
76068
1073981
659343
22479
215889
215351
602576
1358
94007
22542
1104318
290637
21493
451104
671811
181317
337103
338370
21523
275804
952733
181251
737004
22283
1073630
451133
765901
337017
397257
976723
2131
602617
337016
581252
22535
889039
566766
952555
215350
275650
75679
952558
215342
592626
1197
181394
1117759
591424
269182
737017
602986
1117761
784636
75524
75487
587733
22306
591456
1134475
580300
2094
369464
216150
274179
953170
871270
77189
546266
87088
25316
790082
306091
25332
267169
513395
887007
1649
41757
872144
274927
398341
41751
1555
340504
871293
882223
274957
384333
1030354
58329
384425
890495
287032
77635
968866
191766
555336
343830
274841
789881
654
1526
215467
952149
634
687730
432203
890454
824070
22736
286374
1063225
546198
688460
513299
77058
287172
952072
1134849
579484
81412
25460
816859
453195
267356
517641
1102734
688196
285
871426
517658
398369
1062667
1068401
393231
592507
871894
25525
517692
1102671
1653
275246
1062901
135
871318
887019
281
1030308
77586
274961
1572
517730
642983
874734
267313
579410
41803
890715
247
590684
871508
871494
286639
93537
890884
513645
86781
566586
180297
590945
180275
275374
22672
22673
759737
941466
817999
341608
93832
765084
42123
86321
275355
86338
870903
615937
580485
384698
590928
737152
286965
23444
615903
180316
58349
23490
266987
381074
23484
817670
581562
941737
267500
581564
93871
816698
765010
43348
785438
191632
497066
93854
43257
180319
614183
1088144
816823
818009
521541
286155
93773
78050
1118004
688736
349922
789801
497031
816929
1063568
1030442
1063498
452758
179920
267078
580792
952151
688672
706444
274792
22989
384623
952223
785387
384647
599654
737161
1068611
398318
180120
180138
940745
432249
180147
349945
86450
452618
78097
571160
13422
966844
670106
940482
478574
915392
670137
893543
852071
478011
477999
852515
154858
39490
616586
155502
548211
155235
852222
669876
931984
155130
155400
7739
354443
451155
324550
192185
966725
852460
335475
78180
524848
669781
1105452
616909
451242
78160
1071654
155283
478196
1072159
155117
39181
265028
1072309
78378
571227
1003561
1071780
753002
191992
590660
669646
571225
893457
616714
400007
354347
478138
832102
155520
155057
192048
155511
563545
669176
399771
85218
145328
270264
326714
396498
396499
622424
85266
145598
342802
85259
195725
519715
917592
240219
326661
928325
700906
587521
622301
550581
35478
939298
1011151
145774
1011498
756703
145296
663801
326806
587329
856967
888351
145016
145027
820774
587349
856920
781051
483774
483767
781068
352635
145175
270338
888447
756725
145222
856816
1064719
888475
781144
664077
145821
144935
194996
1066005
724213
84172
84155
1010244
302181
269510
326277
147003
802903
570552
588018
85047
229804
423237
1010885
147069
240715
830321
194756
1009953
430738
713907
588214
1010315
889169
84204
448790
145834
195540
829915
35573
519881
664153
1011011
1010999
269977
888804
483269
35593
622084
146089
483235
664260
928330
270551
963899
817109
84247
664653
587943
663571
1125017
7574
192472
478801
1071342
590277
753402
852753
617426
38965
1004119
718514
1071267
1004135
669162
669059
242449
524345
940399
154342
79014
753455
154283
478927
7428
852834
79072
524440
915687
1105782
371002
217461
78529
265480
1003772
915636
966454
414595
801627
590323
192385
617246
1105752
571139
669378
892936
265590
265592
812570
1105755
1105756
78723
265622
217495
966294
617574
663562
85903
548630
1004559
966210
698408
153852
896167
242351
888223
829671
1011964
719468
144772
524253
962796
448256
1011912
195921
1011896
780955
663510
663524
144899
663556
326807
831761
431312
79343
1070905
38907
524229
524220
1125473
1004379
753532
79168
801713
450863
753541
1004420
784258
892631
79261
892622
79272
571083
753581
698375
524128
571079
524122
940338
77753
264398
852011
243501
263074
74000
368870
355177
355176
895259
751701
999830
931613
614313
475814
850179
452345
323736
999912
159119
999936
159096
751751
263197
263198
452333
74204
263058
737791
41254
159465
475604
159563
368738
8617
850017
475639
73751
1075748
73771
737860
216703
355215
73818
307519
452506
73851
159386
999670
41280
452446
73898
401151
41146
547258
191943
1075318
526750
1103983
1000280
40980
591753
1000302
737666
190619
914741
894910
547418
591660
40860
614741
832811
216863
671979
158564
229475
945686
931677
74879
74882
13095
190471
74533
369059
159022
475962
614462
614471
727146
41114
226538
355153
74321
263270
323764
894990
263308
74384
800709
263359
431859
1000203
476151
74492
190454
737693
914416
8625
968634
159658
1103096
1076993
323333
216504
592482
895956
160813
1103173
969059
160668
368114
368128
72814
969026
160596
613344
1076706
160561
160552
1076659
527790
998728
308121
998325
1103095
160991
401628
673713
998053
546664
355592
787608
612903
453017
262188
161199
262202
262239
216481
355585
738159
262267
474799
12895
244000
308442
308422
546755
12902
368221
895771
308063
895534
786937
914245
159927
968838
968834
672856
833242
159874
475439
751491
435181
431987
41566
592235
1075999
592234
189955
613971
914319
914320
800513
452645
849738
751430
613511
160154
262595
229402
574699
849548
546914
998914
475237
613615
914181
368346
432008
41679
189784
574704
714427
787059
999025
189800
613686
928735
613712
262707
697117
614829
338010
1073518
1073250
8180
590938
752593
1002037
718248
13271
39763
590897
590896
915296
451468
156556
590867
1105087
264576
156536
616027
1002190
1105093
1002219
77061
77067
370019
1104967
697673
156952
931801
76557
615731
915137
451662
477210
477215
369925
571334
561155
76652
940774
670923
848991
191624
477290
264416
156821
226372
451560
851416
335517
670642
77097
77104
940636
940651
370346
893723
264841
156037
191914
670317
8036
670314
801418
77615
940653
400134
851921
155958
590724
931917
574897
431527
616452
801424
851958
548161
242793
370144
1002421
306137
1002251
1072964
616119
477556
590828
590827
8104
77300
77315
1002464
590762
525396
306013
338187
191843
191854
242809
670408
928582
1072711
191872
157080
157139
74926
785567
414141
1074393
158057
75536
671635
615130
75585
263857
967759
157972
157969
157937
40622
229507
75703
343527
75768
914929
931723
737485
1001122
369628
914955
1104344
75440
212541
75185
8448
8447
967934
737588
158431
1000555
74988
452051
476424
75161
1000671
615043
343558
752043
967835
75256
752051
158235
832724
615002
1000764
894693
561191
526207
547688
157306
915075
785679
431697
217057
13202
40214
191324
157340
369836
697481
191358
752364
76405
76407
191361
1073634
967396
451719
477111
671102
306433
571353
671195
264140
75960
547728
526181
476866
671383
727184
894421
264043
1073972
526132
476918
76086
76096
157444
615421
1125674
671288
1104612
591226
915064
526021
714278
451773
915071
83760
21536
546488
380771
309452
611657
688472
578555
688468
393594
424002
868179
930378
868206
946869
868232
981300
1047687
409582
714798
1047765
435931
435930
676735
611828
211875
43474
530591
333148
611758
981114
808077
137020
636464
930317
868267
1047525
291204
435594
636747
435608
268436
309613
767978
981533
380926
566396
1092695
67604
409362
636779
744069
30847
774229
177976
581618
930509
333115
43362
43363
1019224
16869
291163
178040
530803
611535
1019240
636662
424063
67792
472699
714796
360948
1079824
658989
530277
909187
228828
947401
106456
1019493
885521
436153
268214
436138
178771
436135
106544
423786
585026
908974
867894
666145
228894
1079742
68498
106339
120371
360807
482698
612150
714504
5340
249600
356334
867898
164592
436092
714666
611912
594342
789615
601531
868011
330907
841366
489093
423866
767885
423925
309312
211804
587172
1092840
461481
106611
1047980
259323
885586
530387
727812
136937
249769
789573
688725
356307
436069
581684
930142
499886
472744
594222
1113245
309101
545816
292674
1050478
247835
830549
775477
911134
876995
247855
259939
163304
742039
24018
38403
996804
149264
876979
177233
135576
361020
668708
346710
267442
230598
103843
788284
1050440
87729
950274
712328
712323
333700
181769
1033113
634395
582005
267254
950532
892102
398307
53002
247607
230826
928088
274929
1093778
584710
750828
438608
208320
691440
788084
840757
330697
545785
928134
866689
667142
866690
928142
473476
996816
208517
333750
103689
149418
648179
1020588
103929
146710
981671
462149
23260
409239
339272
995285
5019
930653
601742
687970
559169
472489
981885
531107
250417
339282
946497
309737
687706
435520
330983
380974
259151
891020
435529
611352
33937
177578
559185
339254
67420
594198
868478
164939
43199
981903
424253
687724
4946
531240
43119
715606
381143
347339
1081103
876098
676992
665625
309906
67110
4920
146712
587084
67217
531207
546608
1034822
802723
268570
750244
137320
43178
424294
472472
17134
744240
930737
17126
908335
636024
178919
955158
1050009
647891
148772
750684
267610
104441
346803
209437
104559
181125
410696
499309
529012
292458
121583
71565
823524
209633
1049853
949421
352165
658438
996490
71394
342514
44205
823525
71488
104572
814279
1077876
1049878
529063
899252
71919
577843
1077625
422838
647981
577796
352176
248224
949876
72206
978406
742350
23926
44324
333627
459615
44340
796451
634683
823487
978296
163498
121739
104292
876852
410740
437941
121693
393203
866956
528999
71964
545943
899251
181011
71208
690793
367802
867403
342458
1101721
689587
248563
658511
321769
796235
209963
274703
163693
841029
529210
104742
774988
929499
978578
136365
69965
397839
436876
120861
136359
69732
338849
460553
676376
742962
210657
30469
676388
1093159
104731
209929
713253
978616
267721
71117
559800
209669
209666
949349
910427
229926
180995
135864
30241
23851
104611
584845
1009329
460072
356618
1049745
728692
690280
489613
70830
70793
690274
867112
823572
891661
393240
601112
70746
70733
510652
321661
228902
566173
291753
164274
259540
728036
689246
1079432
635850
147812
5430
635865
1079440
1009996
5426
249345
666260
249277
120641
43721
909602
105870
909588
259551
229102
635789
899543
909539
635791
164256
23565
147836
743266
1079343
229027
559424
689171
1019574
436372
147705
689067
106155
909362
1122457
689044
1131791
386836
106210
841302
1034242
106225
980531
106136
929918
322010
1010040
612302
68695
38739
823899
164348
106111
386847
559413
789340
891325
929898
876446
68908
147889
980068
353953
584775
30121
459492
208926
830533
149074
1033271
712460
840858
459469
103970
545856
840844
528694
899185
950071
438174
105852
438123
30135
149011
554225
104108
1050248
121884
823449
316868
149028
806247
823446
149060
565731
499219
840841
259889
977830
338957
529850
259580
1079189
164210
23598
69278
69273
551921
689456
69269
689397
229116
23579
105847
338948
789132
211022
841221
689548
105746
689560
1079124
164180
105740
136572
210996
229186
164179
891927
259898
105726
458927
823295
1101018
133780
474425
245606
185033
282046
740491
37970
913302
185002
953322
668225
1094547
24603
29512
133770
392518
740517
1031902
205811
657192
776255
346168
571890
205817
974339
1052817
740518
205764
151096
245647
29532
184963
898390
29507
953392
456372
668342
100277
123694
456148
512421
730805
694340
1053237
232480
29461
123730
346069
926172
512467
456025
576753
474518
352414
877857
100320
100340
45502
565064
953496
512240
151177
456308
456309
595656
512216
571942
456338
657198
490680
1053296
275632
554489
317403
926838
123222
206283
810668
730349
457142
730350
1007597
29626
877569
349282
184426
232002
29654
926563
822871
633253
184181
402609
231915
353740
898556
490505
1007620
334230
836443
52323
490511
975002
898540
810686
633098
693441
1109801
346236
206035
796944
926641
668088
974603
761581
693442
205916
1052701
24549
953051
184773
974432
565163
498291
206058
761566
123316
1052555
52234
150805
162016
162019
912942
952850
571830
457009
321160
600227
457024
37910
29456
823292
392197
233269
740018
1031393
925501
925500
244908
455641
776709
853483
865031
766403
244888
244884
244883
294383
204496
317677
1022514
334590
954418
551510
334593
853272
233202
694703
807595
123960
1053779
161458
244956
561005
497771
632044
1053922
455559
731661
281758
925165
402354
497662
766338
739851
1109550
972968
388080
972734
754878
836796
754872
883586
124068
656555
853625
186312
754920
420561
853604
954900
244798
954897
656581
1053985
151806
455520
294467
925279
925285
810925
204663
245209
161591
37888
392414
99828
161592
276000
99825
925885
359863
877961
925871
865252
204963
474629
99770
694533
953895
392282
99999
14816
1007141
926119
100053
1053328
776503
24674
632394
926102
836670
99932
480782
973500
29437
925861
185782
840087
731211
204825
441219
281839
245043
1053619
204772
161513
925831
392299
810915
161510
392298
878004
294287
151540
1124393
233020
245053
99680
151519
954176
853127
392339
276094
281851
1022309
1022307
266223
1124377
99719
260879
231889
346310
952479
473838
44818
207764
911908
1051278
293012
293015
275190
182870
260275
52687
1032686
951345
260287
149914
775692
102808
438980
458411
458426
102874
818456
122423
1051192
560212
317121
149823
648404
595161
102841
976614
102829
346513
122558
490140
828437
976130
207490
422198
207473
633743
976155
183213
207454
352292
545520
912156
457955
38205
102368
439223
102485
976217
102507
633784
134696
398543
892412
402753
102582
997363
866380
577321
422223
866381
577323
1008222
260296
648389
545634
101306
577514
317022
163028
877119
333834
182425
511082
122339
103188
208086
208083
866560
1050975
360274
317045
554313
691619
927735
634187
103344
346621
1032972
787893
473584
458788
818372
729457
24114
458767
473603
135356
149590
24122
1008522
149663
135211
398419
342745
1020874
927794
473677
473678
267113
247277
691745
807822
951145
402861
675739
976727
52782
545658
207962
342742
102989
951062
667320
634065
458614
182549
6543
658009
350628
162960
787659
582075
135195
149673
328996
1008158
44958
317314
342942
730066
321265
775955
52444
766881
481274
321266
1032284
246328
912575
183814
45149
206742
246339
101690
951615
206871
952086
246376
766887
927206
293325
206873
45114
101716
162373
1100550
633481
952128
633480
828380
866055
346363
334141
184060
246200
584488
24415
439810
1130455
975229
282257
766871
346325
1021547
1032160
975160
123174
1052266
162264
822931
457355
123012
498453
766856
490416
231806
360050
633384
293414
162296
162298
231776
134257
360059
101581
231664
775908
912494
457828
741235
207317
439281
582171
102245
334022
29828
474000
490222
675484
246667
729847
490227
711274
741245
975998
587712
912236
912235
150128
692511
275279
912224
102279
912216
976069
866285
1106635
884616
1106634
266915
275321
102165
101858
360109
560392
511489
927352
975761
102030
102020
813856
457760
293261
24341
162475
334077
648725
633540
975786
246550
633614
692690
840456
675457
1094176
633625
498625
293226
52533
45022
1008054
457745
352307
657688
207177
1019851
803995
286780
642803
505296
112890
112875
112836
237114
642647
642988
642635
112714
642555
286870
642534
196255
772071
237181
771635
874185
286084
643478
771776
703413
703415
504775
922089
772029
922090
113480
703441
113439
922102
1041481
505559
505568
808951
641682
506099
1042916
383589
236833
772728
447920
111610
642460
236781
922523
506330
704017
111551
287659
641945
772578
448057
1042701
642036
236964
642152
196416
642169
196409
505847
1042376
642352
237027
583207
505642
922278
384469
384498
506469
503193
417387
503082
1038878
827775
770687
115761
770707
284708
645073
503269
582767
503281
503325
770795
875754
582689
113982
965053
582596
645938
449367
116676
417317
385697
1038122
645518
736446
876006
449237
702744
194941
116297
582796
503418
23728
736152
921855
504035
771310
417604
874799
114411
448720
644618
809122
771432
285816
1040433
285873
771539
736189
417582
964396
1039964
503838
448866
384956
964470
921806
503785
503710
195426
809187
195403
644542
644543
964535
196751
287717
702575
815495
288882
109229
639599
639598
288928
639545
289082
871634
382340
289099
236121
108747
108700
1046033
288866
583688
1045135
639829
197532
962378
109607
923055
773731
109505
25431
197621
819542
382562
109381
923086
639703
583687
962071
197837
108630
870820
289499
808512
1046569
329875
235940
870823
235921
342388
1046749
381874
923354
638619
289753
961799
1046540
197999
108247
289389
446874
815528
235979
808537
342377
108432
1046289
197910
349614
962015
108575
289213
639196
109624
288674
196769
583463
110774
640857
819630
110728
25033
110617
110598
640882
25081
288181
872375
110561
110541
110538
110790
506934
640024
236646
236710
287779
287805
383329
236654
506656
1043611
640922
641228
641154
773062
773094
641068
1043815
640703
447508
236475
1044949
1044702
1116792
704614
735370
640189
288535
871945
640632
773598
109792
773616
583606
236256
447238
819585
922962
110084
640348
288409
110152
110162
382901
288369
288365
1044462
773362
507240
110376
922860
288283
418217
1037915
385832
1111721
144645
1012331
484346
1012555
757996
665613
1012805
758088
757523
899388
758121
336793
471056
1128432
14363
267783
579074
668787
757077
824900
148267
578844
824988
824989
244127
1010842
146295
16206
825103
757408
666635
146399
146398
562115
900024
900040
13734
258607
562419
258434
258427
163725
13745
163846
900166
163878
258342
13687
901515
743033
334913
821469
562372
1125181
1125180
742834
334745
14065
562274
900631
562266
14153
14177
259679
259680
900304
900273
403127
148473
573954
677563
898089
401690
561622
561623
262088
336882
262054
261975
897948
261940
261873
261860
261827
261524
9929
561615
753824
151975
561402
1004977
1004715
896686
1004714
479455
897653
896971
479643
896972
754286
897050
811986
896680
1128618
402182
561836
9957
1006394
153503
480032
1005867
1006135
1006196
152931
152689
674319
152646
152498
152497
811696
152157
152156
153634
153641
896353
153801
9702
1005498
578122
1005315
1005314
479644
823725
1128456
479492
823804
1128472
345731
261141
180656
345364
385841
118544
449943
449926
118578
449900
22944
736814
22978
701999
501649
23081
23087
646890
118013
646882
118674
194072
903329
1035569
327387
1118538
714008
701822
119348
119337
193962
118748
768966
119193
348682
769016
450002
118871
117963
702184
117866
284078
921314
238053
117248
117245
965307
1037423
582546
117779
769916
769941
736546
736545
449423
385846
646453
117357
283978
386111
769780
117448
502011
117547
117658
449647
1037074
117708
582488
23150
815094
646702
769658
387053
471093
164153
902040
472980
180325
901951
678138
678167
257744
180215
821531
678303
460696
902194
750551
750550
472390
180375
677909
166919
812633
336641
812618
258225
258197
334939
180552
996317
180445
258109
996272
677806
677807
677834
901769
902376
257374
562714
576378
335171
471414
821613
679603
994017
749975
471313
257249
903173
903212
471217
256507
679844
679845
256729
471453
679403
679385
166376
179739
471628
166316
679308
257044
179853
994652
994658
562755
257132
902603
994861
349676
235904
381803
87300
1063371
1063372
626157
299201
1063432
861115
626076
861249
1063475
626054
87180
87176
87131
1063666
299151
87612
861834
88014
88331
88306
88215
861708
518877
554855
298833
1063115
87847
87843
626504
781770
1063027
1063094
87106
299346
1063769
86402
1064240
816173
782327
86471
86437
299781
86309
860932
86294
625284
625163
625160
299960
86082
1064209
625514
586151
1064130
625563
625569
1064097
625628
1064012
625679
86847
625722
586110
299457
625772
625777
86999
1062429
1062336
86020
628372
863029
628469
1060545
955595
297364
955581
628252
628530
780694
1060882
89859
297641
862669
89750
955717
585666
1062334
628938
629176
90990
296868
90907
296886
955980
516943
955779
628901
297117
628770
90560
955898
517186
4909
628001
89686
88561
627431
518265
518294
627235
1062162
1062177
1062225
862629
830095
88501
518562
861885
518582
88455
89119
862363
627677
627741
1061283
862504
627826
4872
816086
89481
862518
955219
89502
1061138
1061119
1061106
830007
520202
860412
923368
523822
81082
81076
523671
621056
302817
423528
857301
81152
554120
327777
857178
524032
303034
1070223
621138
523577
621803
229729
621773
1132742
1068879
372928
81686
586737
1069057
523553
341584
586750
81462
229653
81402
4033
303093
80476
1070487
816401
327621
619036
1111988
304557
618635
32645
618318
1070505
855025
854826
553804
327484
327479
854526
619199
32546
855821
619266
619438
79490
32415
79656
303693
303598
303541
620082
79910
229291
1070765
229296
1070545
4136
1112449
85978
521280
31291
84768
586372
84746
623920
84617
623842
1065623
84328
623692
623654
31517
859236
83942
1065682
624369
339375
624810
85964
860349
624984
4546
300103
860244
624761
859891
782775
570932
1113037
1113029
782881
31236
783528
929527
31665
4204
82607
784090
229839
82405
522662
522663
341607
783568
858278
82285
32056
806877
858125
81998
784061
82711
82811
82935
82958
31889
82983
783896
783895
83111
783799
1067396
522003
83499
858962
586497
783569
585573
91222
296693
199804
635387
329527
960234
199714
199736
419281
635029
199587
329453
1115481
959885
924555
924558
27663
635388
27369
868887
635605
960637
26976
349927
199373
635620
445636
445630
27365
199445
27288
291973
445587
635475
199509
445134
959717
734081
329293
419823
867376
867331
733752
733742
867244
200749
566971
419876
555917
777514
777542
513302
829283
867379
959242
234498
200557
959323
555987
867530
959426
27902
959495
27854
829137
200364
819220
734020
350046
959660
349907
868919
629351
869862
446498
381282
198419
290564
290565
446421
869847
446519
705508
637517
198550
26151
198606
584050
734966
775059
104838
381661
25793
638481
638359
107677
198214
583928
870486
290332
349702
923487
828681
638058
637968
290329
923673
26175
869619
960889
869145
418916
105315
105249
418944
26659
445920
446295
960831
105082
734655
105011
199115
960769
734731
105614
869274
105692
105705
734742
235427
705772
869321
1048896
235484
566792
446177
26283
808384
869544
961231
444438
28364
707476
1057815
630678
732567
94190
1057729
864617
94111
1057816
1057424
585334
202968
93696
296042
864326
93509
94392
94585
777902
829603
95154
295405
295406
957276
585205
94979
443164
94588
94879
94873
94841
94803
630826
732659
1058403
1058418
341908
92003
863880
956377
341887
92064
92043
1059179
1059215
1058509
956318
296578
863799
629441
91768
296641
92266
732289
732313
1059003
92445
629619
1058959
516290
203232
203211
516204
296335
296311
93108
629884
93216
93235
732798
555500
95314
97590
97734
420235
97648
294773
294775
28727
294800
201831
778493
97473
1055804
97418
1055850
514645
97881
97897
201401
1114840
514283
778224
778223
98277
201316
733477
420119
28589
958650
98600
28513
733564
1054637
443903
97101
95372
1056665
778733
96171
96100
631315
631252
732915
443448
443827
443439
95650
1056771
95558
95554
95451
957716
96261
96340
28947
957795
631459
555599
295077
96579
96607
443650
28886
778666
28871
96664
96665
96804
824382
491301
272033
1024002
492344
1026599
1030857
882482
220900
889548
882830
279040
12565
1013555
989823
610633
193846
558589
882502
597418
792822
685024
938239
129874
220887
171522
17883
650396
63251
569974
989875
171530
492355
222133
63214
1027838
916616
389767
552517
221672
1121334
394470
658676
685226
484931
938719
389756
652949
1023941
938589
210
1084922
450167
610569
272236
340509
939367
938492
888870
916717
985540
792186
220987
916838
494221
63209
1031039
222373
464668
1026217
395054
793161
222660
541788
279597
450469
309963
1018603
990236
429603
724348
754028
791748
569913
220524
568202
529509
658757
242321
242292
222727
242265
542719
552372
365875
754042
132586
535412
990284
990298
464315
793158
1108959
839177
791841
593266
339932
838439
278987
222413
136432
193740
320833
467905
450384
17754
130280
534910
570178
602826
467968
320789
144386
653137
939655
762619
1085156
650443
272997
493921
1108640
394002
684763
754005
581184
581185
340237
492582
881211
934614
313080
313063
55653
319336
36594
274510
496931
536255
543770
1834
728162
22364
604718
69430
759467
218582
363473
121122
46290
278099
312792
397252
495109
573537
11923
466715
169325
881285
313106
1111433
225900
934575
596674
768439
313521
934280
759278
143687
910219
887096
1099634
492595
128624
1029239
1086635
552978
820639
934388
531329
280675
274605
609022
655553
887150
218470
653577
172529
598186
64799
701418
765267
397153
348029
1013430
61491
686196
466775
935466
495029
837410
390560
935546
219109
580272
848237
348157
219129
580283
69874
803826
22394
537734
220080
1084795
563830
175338
175353
652982
340361
221456
597251
272592
1134873
581191
838771
55098
364023
837383
468917
348043
604610
580112
1091830
1091831
172419
128802
61183
1101553
887335
225471
390607
1676
853905
935139
50342
55283
604488
1091969
604481
218897
269075
663355
33143
64333
126016
312277
464983
269189
838244
946
839325
493546
552875
132399
1096035
604241
534433
464903
795081
416798
22546
563405
12121
659889
426927
935826
1118734
269652
543356
848466
609427
580377
430371
344453
50720
463900
534472
1083916
494915
738662
825514
543315
121245
552876
1096055
760122
223964
18717
355666
22697
320210
1078632
219657
1027258
463992
341208
278489
239792
239746
467029
739193
224948
988722
686162
139395
881509
322369
357610
887529
745469
348185
54959
322360
69894
565905
543314
70157
240059
61870
891545
573692
70392
364549
825441
466949
125862
920836
1085938
837712
588293
661084
794705
344561
726859
311830
61684
341251
364604
239587
427350
831485
416185
427272
594119
61903
61843
22661
574614
427231
684142
357410
344519
738966
416539
604110
239050
172237
936005
466851
63871
139161
278390
738820
22597
18825
364486
466880
663206
744945
45898
466890
192688
1085983
596952
1403
389086
355629
988579
604003
609504
887742
224455
1023793
739401
918374
389364
593890
725999
485173
593906
791472
119596
344739
223260
726039
918976
8935
1060
340925
223279
888208
270673
171814
724064
220102
389340
241334
919084
597071
51515
1078254
726092
273469
365340
793915
467196
985056
175025
552320
661235
242122
222943
890255
12440
62406
593136
365803
662901
662902
129651
62387
542763
918435
8830
985113
985112
241837
802270
725843
937590
220268
170441
580834
580833
542825
940075
725861
535533
63494
660099
270670
223915
240467
919706
467128
1194
138927
175890
1106268
594009
660436
888102
919835
132490
936830
888050
936827
344608
132512
390304
341132
240342
240339
839682
22728
825358
1078525
543113
348538
550829
588225
348536
12271
1027054
219930
468408
1013778
365310
791368
919269
51444
1018359
940272
497160
365277
588110
588111
793997
36314
270635
320346
794087
609766
464796
494560
723967
685755
12313
985817
348623
174920
988895
794166
542994
1027045
685774
33386
934557
934219
66038
253625
391950
943996
982698
1028807
749177
805338
1082384
10675
432489
1024955
765483
905063
432472
470842
589429
533452
216163
811965
255653
57730
537386
59448
533502
57683
878633
943707
1019861
538349
187577
21032
491843
1017278
654173
1081413
930993
532683
897520
21684
21092
719237
1089135
1098691
897521
59290
470973
277044
48222
487133
253641
1081325
325360
589456
699860
1019888
944015
255480
844042
37472
698526
718978
844051
687575
465949
325568
907206
607906
537176
1082611
382577
537211
682009
904719
212894
532327
255971
455030
993355
336420
885923
538597
47126
654947
904915
487557
65812
651512
904644
57366
548674
59789
137488
336402
569124
317844
943389
680665
538662
253071
174135
907529
589983
187569
690120
931346
1023346
59507
589949
337373
589355
42199
255746
533534
1029571
20897
558116
358977
805173
907422
167675
907423
127692
606579
174125
435028
544683
575552
500474
466084
1016598
253127
698754
1089104
391911
3475
346984
533013
842749
215521
21445
58533
986778
983260
945411
1098566
699141
405856
971401
1098321
1023104
58361
255040
1081741
699574
214465
532926
982975
1082219
827168
765082
433853
971353
982970
1107785
971345
945255
47841
986956
720275
826930
353458
835173
3361
3318
720483
537788
462685
553471
66360
47754
699329
944791
944997
842993
1014979
1014977
1029189
568862
607557
3236
453886
254706
66510
1024849
189047
681272
843104
699241
188511
599351
878880
1107516
661755
905394
37393
58161
607064
174004
843664
897476
749481
276383
799041
465422
189380
462479
1088133
1016743
127407
255286
465882
434235
255340
496315
2961
59262
680916
188000
492995
58039
843800
589890
687136
173994
572889
749502
140556
66879
986732
126877
188414
1119608
533320
188389
834648
573026
316633
214250
885364
986715
1014917
3540
1088915
971265
719650
719649
189309
805491
946031
254131
897441
532786
21293
681525
897442
1110760
20594
533628
722529
362102
539469
463373
942395
318630
841204
659637
19800
1028072
1030077
815006
493250
722525
903785
33588
176579
226995
210887
431253
605353
1090919
431227
314145
716557
534006
49306
174377
124677
841054
820935
1097082
227416
1030019
19872
22036
747755
141160
318439
845795
551310
33718
19983
227551
36787
608517
336012
605612
539334
758542
496709
942683
969737
56536
539386
539388
536761
758609
655262
588957
1028155
682724
539419
904616
139859
314058
227585
536454
437238
817134
903474
492623
886909
33462
347819
2149
33453
408915
120978
60684
485507
969308
408930
19589
561467
313799
11818
210235
991877
887000
722853
55919
881074
64938
49695
596657
141283
728558
362537
210475
1014250
347783
661386
46563
886769
120937
536527
335822
605243
655399
826040
22198
217961
217963
662046
250722
431175
250704
362463
759083
1091082
65130
933686
1014257
933709
573437
210524
46527
1120283
534045
561519
137635
19882
227595
48790
948174
845765
48758
532112
845222
841923
845226
1087522
1034897
361490
1090064
1090066
880537
59952
537013
46987
932265
606062
655090
1087490
932327
337760
20340
128023
347556
252239
136112
46999
1082824
544428
841926
652284
1089988
256196
943340
331976
1029663
907916
388132
665415
655009
970337
252656
844957
336346
579256
1024607
256118
880463
317931
48671
908003
538766
174202
983748
65702
651452
886047
579294
538811
1089957
491503
1024597
932355
120753
48839
408142
845553
1082891
168207
336104
764298
816707
466277
845609
1029893
765839
277564
717197
661947
174307
1127118
137580
143463
942803
717159
49040
424464
1087269
845731
227633
1111020
845748
331674
717125
605661
605659
168205
904158
20182
948577
664446
256387
1120021
700685
132083
143429
318180
722013
886206
463225
841741
500769
532016
128055
466215
841702
689827
880657
932645
251856
251884
758304
326332
572758
680536
492717
992875
318229
841618
43183
636110
261520
101972
652899
299256
261530
836774
898905
11240
900005
218846
897491
1127427
1083860
483108
679985
215943
1031068
165739
597192
102194
941450
630553
220826
837183
63260
353979
102489
996312
899425
1102429
12532
722719
899384
517152
785268
43225
1082344
64575
805404
261617
1060244
321449
944080
44873
1118272
612386
12126
679976
102157
43906
356228
1083584
644326
91404
44250
149023
944109
838451
215988
680109
1091887
42232
668035
386704
715235
839597
226629
13146
97266
461094
896024
515733
180083
207297
97238
503820
398797
856268
879704
1103201
97397
226568
772009
144804
953667
668113
207420
42275
179874
144659
244783
179941
839629
97336
419951
578355
715196
839496
804598
344764
730287
97129
97126
647843
73276
344755
13292
244652
549348
207202
839483
647852
180195
771950
180190
549307
667980
693622
207257
693621
981189
180169
667988
826074
667990
896001
42189
693602
334567
116082
266083
334520
386597
245028
265981
1056427
896211
981702
730120
207615
879592
144982
804352
1013648
144976
97563
12852
634082
815652
179715
530339
334804
634106
245152
207697
634102
97623
856062
693227
356163
578114
668297
772103
439398
617393
12854
12857
856116
179684
386661
825959
179670
744121
179680
244875
97441
530257
244871
244862
12968
179703
953629
293348
42477
1056494
634025
953587
42497
1103042
144913
115987
73016
896180
244971
634043
693313
578182
647654
356116
244979
207198
1125723
245163
73686
839176
96555
13708
180833
1039052
180835
1076709
305536
648091
529697
206857
804884
714876
244291
73661
96581
934373
96634
1056932
73603
180754
386864
226859
355661
321786
41638
206930
529736
771805
618041
618043
633716
595963
180901
143940
181069
503448
143817
743585
116646
880077
96324
503425
206834
143761
667469
1057116
181094
667467
694163
321907
143847
13831
226965
954326
856655
917252
226936
96391
667557
41513
180925
515932
41529
96431
334336
714858
73571
96658
981113
815443
355824
578458
207126
1014130
515807
503703
41970
244559
1076999
790689
73388
1056801
226751
369546
1056775
13395
41729
578431
180266
1125717
321531
596331
1077079
730331
503742
617807
13358
869056
116264
804656
578441
617798
344815
647931
244501
439814
180624
244438
96747
96744
503635
41793
839266
180517
730406
917053
355706
180687
41752
549607
804766
980799
1014293
266437
578537
980820
41852
667749
1014271
321673
96813
207065
398660
1039239
13503
667794
266382
693140
321104
697165
208638
692166
12058
265172
265174
146556
915561
178217
840480
577592
1012456
43886
386257
983001
43874
283544
1078415
344145
283584
952446
98358
71830
71869
146680
356661
840505
869597
208712
71932
71937
292889
616622
692150
344203
692233
98231
744830
462169
368827
548434
530948
208463
548439
208454
43852
504404
72212
72214
356552
915694
43715
634488
982873
438791
283457
178352
178351
344231
12141
597450
386294
1012551
178309
344213
386273
208558
825448
386271
344147
178078
178439
480374
249077
1042867
436265
67129
1129166
71200
228944
636400
438514
292826
386120
548201
356730
71365
151328
336854
729530
100849
66985
823673
436202
67098
988053
173275
223904
481692
636382
466177
877550
793060
308113
644902
577456
71409
71420
335290
178029
146714
71619
716242
71628
178043
71757
745033
1126804
283613
178068
98364
344138
565099
716253
855469
344124
178010
780094
462417
879033
597636
246062
356705
825341
1012312
208819
208821
646968
71531
548224
462122
178447
245180
145369
953218
43072
804166
879466
369134
43025
145368
634240
439276
530476
934857
804188
1056267
344495
43075
439202
617092
293140
634289
634288
12500
320925
530590
369086
1013154
293166
145610
43173
265758
43153
145525
1126318
42965
321020
772186
306016
207790
97678
226426
245247
344570
856007
485008
668459
530391
668372
207730
1056369
265908
115887
634156
981958
344556
245261
596925
42783
484964
839994
42789
693015
693014
145257
596956
226397
115779
293207
97737
879411
982302
178454
438969
840290
1102268
647272
12295
368902
368906
758677
647244
825592
320775
412370
72382
692523
226164
744757
530876
577895
530895
772391
146256
178478
412275
12229
43664
744778
1102222
952807
840330
178542
869482
178551
548518
412378
530804
245644
530661
915968
915969
617024
283277
934997
484685
439116
386384
647373
145697
208087
780278
335000
879402
178854
791220
368998
1012945
840177
145879
647335
1040002
530724
178809
1077985
668800
1012912
115519
1102398
461909
356427
387000
839040
96253
204972
563206
619391
502528
294225
323129
837776
94327
205015
76092
528389
141387
551169
956156
414586
387556
397347
75911
731458
75912
1016589
205110
868326
857548
458459
267993
458406
242393
39406
1105861
76015
242379
141443
268070
742185
551202
563122
294260
345606
294275
563126
458251
932885
118121
665769
868229
281904
857672
742142
39192
387657
770990
204847
304556
619469
458267
441449
141242
770995
354472
354473
228333
242260
242267
837711
837716
76165
39281
594487
649182
458231
978281
579599
487003
39687
731236
868384
563380
39657
771166
117765
94616
458780
39640
1124271
713598
94670
918737
183161
94745
75480
75481
789889
242833
838088
918693
814846
458891
94741
868432
322852
242775
633052
771186
94611
1075153
75683
75852
894363
75804
414451
978080
487093
1037806
1105748
666033
458579
619291
1075021
458571
94477
424492
458635
205192
141750
955880
805881
1105664
242631
39597
1037868
345468
1124242
141844
1105650
955823
242644
205267
955807
1037541
594275
143706
345776
140492
881218
228716
457729
562869
228729
184101
76693
140429
1123639
76740
184120
184145
858039
228710
241671
93940
93922
1106421
837392
712902
118460
140634
93923
528016
354179
15466
38746
857959
183995
118528
184021
527925
118668
551692
140189
333165
76891
354055
228884
593737
487903
881363
837271
457529
140162
140138
228912
457483
93701
184330
76883
76871
228837
551748
593774
304185
770617
268648
696995
976934
140314
1017644
345801
268613
76811
140345
204448
76585
919235
806168
76317
977562
354390
731671
242020
458121
977530
242058
228476
665521
228483
956446
118267
487514
487445
141050
487660
76262
731625
632784
294303
268179
242144
1058378
579933
242065
528264
39122
868192
268242
94166
281846
649464
183669
397112
76532
204533
241832
76492
956567
977286
140731
893887
38977
294418
118405
857891
1037285
183901
397034
183792
696679
881097
827365
919448
281757
977356
770834
241870
827343
977390
696609
204572
827334
76451
814525
118314
39860
440899
304818
460052
460095
293790
95770
74237
954803
529318
771537
895329
143171
460031
40946
334085
618473
516121
74228
826522
95887
771569
694523
826495
550057
1015023
266851
618404
322148
95782
95824
460119
648448
95799
74222
648457
74296
895260
74299
516163
305181
227381
618570
1104673
730832
95583
790194
815146
95563
579050
142951
345143
206122
880309
771509
563882
459877
95618
322296
243681
143037
143047
14319
1015244
516131
648492
979687
74316
74309
917747
74300
95885
529385
868456
227106
790413
980159
1014761
73979
355458
206564
96125
1038824
503350
96122
41248
440178
648323
529484
355471
143639
633503
667436
143705
667456
917318
13923
667447
633616
648261
838990
321971
244104
595794
694237
334245
398423
805066
74049
595702
14154
805110
243916
564009
322105
714510
460190
917586
503323
355385
345065
730732
1014991
868779
503260
771596
206420
41139
460238
694441
618335
322081
1104338
143425
1076369
96013
143453
549964
648338
227171
595699
143488
563851
142904
74496
502848
1015972
918377
618920
459257
75120
117409
117414
618906
182508
805637
414111
1124521
486743
40109
857245
978830
838601
714034
243187
333828
424900
397739
742749
695370
182402
75059
714028
826800
918324
205739
714021
243123
838217
440760
880560
978568
75319
304875
397613
414213
242934
333698
648954
117498
294066
242898
528736
459021
838133
75442
75312
387354
242978
424804
594864
75282
857285
550699
243008
502796
227739
894636
1038091
94914
333742
40085
227721
333831
267456
304985
563781
95347
206002
95342
181954
74590
243494
267245
370098
293890
95284
595216
918035
117119
117121
95368
142819
503071
293884
503074
503076
1038457
857046
293878
95455
503088
1038481
293864
459788
563841
345153
743078
1015571
1015606
205802
440638
1015735
529006
74792
1057657
838398
503007
142484
955096
267437
502959
40388
826766
1075667
742802
563705
1015712
742885
579226
322523
486520
459549
182158
95222
529049
894893
790084
742918
529059
95240
714149
838472
988033
104752
426504
1018290
140016
1018165
936698
488175
1017897
531164
139824
792010
531323
792073
531539
531589
225491
139944
139802
761937
139333
139047
488787
139114
139262
139292
139324
139404
139781
761786
488634
936772
1018570
761690
488426
531645
565407
792284
897229
532095
532119
897186
69876
69867
69862
792634
71118
532207
897284
69684
897369
69537
1079766
532091
70033
532054
532053
70113
70116
70199
368678
70371
1079126
70655
70706
70720
531735
792314
531700
71034
138957
488890
69297
1020704
303973
269575
1020832
716935
137354
426932
304086
893555
269401
396206
137490
1020618
937121
664069
269619
717001
936886
566196
893317
269854
269848
136754
717103
663480
663485
136981
269824
136847
269793
893423
136970
663631
137524
858988
489910
396781
489527
268914
1127034
138184
664624
664870
1019446
664125
762093
138646
489099
858408
489084
489082
664469
489634
762465
137934
396409
396403
269165
1020345
269208
762587
269278
269292
269312
1127162
664143
269325
858956
816719
792816
269886
66787
614852
614826
147645
147665
534106
1011953
670875
1012059
147806
670946
614699
66621
147862
147874
147574
1012062
855192
147401
533822
855172
147194
307514
147253
614985
147440
1012086
1012131
533987
147519
66979
66966
614890
1082235
534217
263421
308027
148364
534451
263188
671361
534521
794270
483465
614620
483425
483403
671467
1082806
534644
483366
534418
483579
148328
671234
534395
148269
854695
671182
827584
66395
263318
263320
1082358
148064
66479
66487
148022
855191
147088
532466
615970
616072
616070
793127
793171
898246
532968
615931
793103
533049
615914
1080716
533117
306993
1080793
264819
1080322
147000
616421
69236
935973
1079980
792853
69139
897737
69029
897926
68987
532596
1080148
792935
68906
68722
264591
68130
793319
793592
615435
367654
67643
793543
793545
793569
264099
615762
67532
533629
263973
670375
533696
146925
367660
264213
533476
264224
264262
399890
367735
615573
533335
533307
533271
898514
669796
793360
669745
615748
264534
859407
937289
423536
628334
222962
275870
824696
125338
656554
864746
277029
767288
436391
277052
886577
768208
568115
864786
576032
523635
222912
767340
523501
276014
497012
83608
83607
222930
496972
523630
523576
626251
275972
275961
656441
719336
277096
342331
342330
627534
939452
85196
498594
498612
222472
124772
627536
1066561
654544
522367
865065
627646
498831
768519
768344
124907
654741
627426
8336
949966
498493
342293
575630
575633
277208
627354
864857
654869
886492
125120
522665
523493
83720
522285
8489
222647
436477
627034
627036
655312
627067
84745
125680
719669
950118
824420
276888
864714
436415
125615
298629
523449
298909
126055
497625
767771
84237
767775
391407
767906
84564
8691
8558
655500
655490
391374
84548
522783
522780
1067315
83814
126545
497264
824595
222858
1067604
497237
719410
655059
336909
887466
299129
523430
824624
1030342
8751
887356
276279
83937
950382
8726
523287
626551
84020
84022
276416
391618
391609
8697
575874
125312
391580
1032460
498899
136628
77280
135405
859928
729464
270520
859925
77293
270453
135384
135581
717338
270413
859850
303331
343599
270543
270557
1073725
1022624
1073735
662491
270719
343521
662513
135082
621183
1022445
662562
270674
1073805
77478
77438
662660
270251
270249
135838
136474
663244
1127444
763137
490659
136321
136414
937303
76991
11303
136541
136549
136562
269899
893272
270026
136202
663208
224605
763176
893065
270111
1127496
1021859
136040
343617
892956
395595
135931
270230
270231
817590
491405
476330
298102
1032901
436084
654083
8068
8064
124079
222276
885826
522104
8014
8003
8002
1065713
522010
1130182
768742
222307
6289
124243
124430
85507
1065991
768621
436168
211908
499109
436114
885960
277689
627875
1065861
654156
885912
1065672
824207
123939
939768
1065423
86110
7651
865558
949520
1033347
885515
85895
769042
885498
521745
499654
297700
621264
123680
785180
1033243
86048
86042
1065497
628174
123762
222186
499416
277963
297843
628116
575429
865433
277905
222226
534672
1011090
899851
59352
850958
1088328
157093
1088349
581257
332739
712167
364213
258056
676724
157196
258028
157238
538686
59390
733107
538459
1004340
1088127
904171
156756
156791
1088184
258186
609797
609733
478474
1088247
676641
156975
538588
15731
157248
538702
904412
676975
157538
58968
797370
959478
478133
478129
1003773
609621
676984
676991
157629
257809
538931
478074
58989
157508
443505
1003869
443503
850799
904505
257900
257918
609539
959453
538792
257939
478267
59178
59204
257978
156749
733035
257778
675788
610645
155609
732866
537826
732876
1087343
155730
537764
258889
258872
1005349
403354
364719
332914
258995
903452
538406
155363
675512
259157
851793
202944
259098
851772
155368
155513
903387
479556
851760
443039
60662
958858
155871
851513
479232
364492
59966
156359
581111
364500
478834
538278
851228
479214
59886
364471
478740
610030
364431
609986
258519
59993
676206
1087783
156255
443235
610220
796870
156181
60127
1005017
538105
364629
538074
959044
796777
258734
363982
345939
148868
256756
256814
1122911
159345
581759
201838
312229
539855
850046
539856
476885
159487
539894
754076
539898
443925
850050
539566
312119
733362
257057
850185
539596
363540
363511
678080
159234
711693
581723
346136
754181
477010
256857
1002052
476805
159579
711540
960105
159889
159891
201687
905846
905858
540172
1002013
363124
160062
160128
476400
540272
540311
581844
540059
256595
608167
346223
159755
159742
1122838
346216
201740
905666
423599
159627
229377
159608
1001994
159606
1089627
257098
363966
58447
539140
15935
609155
257566
797579
477740
477676
158009
677422
677435
257457
58333
58264
608975
539131
58596
677863
477969
959524
609343
257727
257723
797465
539008
609303
959586
404063
677154
58743
58723
257644
58619
1003052
158414
1089272
363661
608821
477418
1002847
477394
477386
581605
1089497
311860
581612
581615
1089507
229160
257179
608721
158649
581579
797755
158618
346040
1002915
158591
58051
257326
850358
905051
1002968
850375
158494
1003019
158446
608945
155292
259209
1005805
613014
1084297
900974
795143
63850
261734
261729
401482
151097
401493
1084500
1008976
261578
63670
151558
63908
827973
308838
308863
64260
64202
64195
64192
261915
853675
672778
1009280
672797
757456
957345
482100
150940
482054
151607
63537
366035
901484
795440
63298
261270
152106
536078
261184
536165
957589
261095
261094
152355
957776
261038
1085149
152004
673446
535987
261318
673416
151935
612656
673381
757123
151886
957619
401687
151782
151774
151765
1084685
612761
1084097
853716
310539
900168
28650
534914
149335
816273
1010573
400820
613790
262829
482925
149562
65369
262624
482878
613674
149288
149192
64314
262918
899866
148906
148947
899883
65876
854398
1010884
899990
262902
899957
534805
483208
65745
1010841
149769
400938
65251
64715
64882
64836
827871
308705
853846
64733
64601
65242
482323
900722
150584
150664
1009589
900773
1009864
262285
150242
150217
150203
613473
150178
1083702
613503
613528
613529
794815
150011
149933
1010163
482686
400980
152449
732186
152496
259635
902836
902840
902862
796234
259669
259649
154691
61664
1086580
611181
402901
203178
611163
755917
259790
902791
536265
480290
537085
1086273
154201
537101
1086297
611387
611361
61683
61733
259849
537145
61722
537158
203262
61385
537341
203161
610869
155074
203039
155125
1005884
537551
537564
155210
259499
155236
259221
310523
903298
1087025
155248
61064
755807
851965
310409
61124
1086810
1086808
61138
1006079
259390
403030
537413
365078
1086707
154838
154836
958616
958454
852297
580649
1007606
1085524
612026
153024
852734
309743
309749
309769
153348
1085658
852682
1085697
852649
153295
536704
612041
402135
852788
612070
1007828
62727
152787
152775
62757
152724
365675
852874
152677
1008075
1085229
62928
401983
1007422
611797
902634
902575
153829
153898
611554
536975
61995
732594
442735
153375
154085
611439
203341
537061
259974
203336
260145
153761
580573
153736
611626
153703
260214
309981
1007144
260241
153575
62187
1085887
153435
795909
674305
611779
568015
749476
247406
739881
513866
160959
973037
874770
491597
874745
1071625
36607
779791
1108441
475050
566757
102257
195127
506773
235412
1053004
1022999
912845
470290
113073
997543
585150
79924
1071639
102408
725948
863103
21511
102389
102387
569927
702948
201585
347571
686165
381064
1022787
162691
189088
506649
232018
210878
195217
491456
1097298
102012
1022739
582332
554317
820699
846341
1108576
874684
36472
36474
702930
102160
330217
347562
210874
930503
993838
809253
467248
201567
912847
788995
624314
910357
134625
680278
703129
36970
316775
189374
112949
189381
112956
1108123
623729
36944
888297
189354
1052761
1072008
874821
506911
470211
162646
506939
449394
722761
221299
79539
195029
418849
232129
161034
221301
566830
623695
972851
102694
623780
36800
1071815
863004
686250
789033
1097564
546140
102539
569826
639114
36772
165281
554086
846197
1071725
408977
809076
453874
569844
289165
506845
1043013
347499
102624
930431
546199
289146
21423
639184
36900
602682
575290
686147
176581
930394
454241
881523
101329
948364
680177
1042392
341230
430338
101343
736623
49956
444192
21845
454253
973445
574981
475006
824506
994006
724258
830228
951548
253120
740053
506373
1119415
1096990
574991
463891
702725
638622
624716
526059
418564
603251
809694
418531
752596
289804
624924
809746
113693
113703
300295
1070766
80928
352611
5539
809785
247283
101068
960971
906036
463960
788423
188741
101159
593263
733600
276482
545667
231885
463947
830209
973463
252433
454264
973451
593470
221388
1071317
101723
449168
164147
49403
430364
973249
603095
1042630
788719
526293
1042627
926581
332280
113382
682251
300686
332268
172284
195251
506612
545916
575126
930534
960820
36310
49327
289457
554421
514077
951512
506564
1131485
820728
863468
49539
300633
887942
680201
195408
231934
809547
1042496
454183
960906
554537
973346
750309
220439
195419
526134
289645
603159
101529
188893
702788
960891
172269
241155
241157
985723
624551
201459
101612
763829
985714
973288
686083
49554
1072058
79502
574070
553235
133773
4193
636520
779231
513195
78336
1107174
1046222
103864
20571
48104
875393
824977
639817
941338
193373
920339
496550
330944
107058
450887
1128430
749237
562357
130496
831527
287036
1049080
109848
1128422
384365
335754
385738
112334
112337
875330
622908
602100
960268
646704
546751
830500
960280
622833
1023817
37908
353766
561640
832139
78579
820394
808563
602099
112406
1043574
453440
972344
546783
689110
475925
275599
492362
561656
967563
353838
133819
546813
777962
914064
1052104
642214
170178
1121207
1046533
192204
659887
914151
192271
272585
17361
45281
383067
509265
843883
107217
877314
107454
992188
495056
193244
433873
511031
335860
598248
10000
705994
891407
511015
658166
928463
336453
331492
511045
969093
45290
766101
600055
992164
496509
383025
842102
384324
511344
171079
511276
658116
1100862
644344
357202
127921
107083
248105
1000316
908839
984023
170047
107142
877096
660069
336546
511287
130364
728140
330985
109726
1000672
687623
908631
37842
553402
385983
21172
1107767
449455
972649
463568
951396
103116
301411
993613
602460
288961
431194
453683
491925
112787
527142
689252
492035
79143
474126
507068
862577
639469
347432
862592
808808
79169
409086
820509
553686
48567
406954
1097966
875091
79277
79279
725995
301321
436902
102938
176765
1043153
681337
553831
569742
37162
602572
1107953
381312
739758
162641
301322
194961
381354
102967
553796
506977
921177
79352
1107868
1072215
875049
48669
103012
582487
1052584
602496
103047
553639
623333
689143
112558
134042
210982
507174
103510
78781
584971
623132
134038
449540
405976
646820
1098158
21000
1072678
103522
20961
774816
750020
103627
646771
332067
133991
317119
134007
134016
189762
507186
862334
341564
103571
189775
347397
103456
21006
726046
546501
385880
79008
808742
623294
6361
6360
623309
845793
1023529
546500
602382
1098012
1052406
832192
689221
103317
235146
405961
103351
803636
385864
1052319
915373
103404
1098129
37579
927075
103436
78835
862407
103443
359190
352589
101065
34009
444571
832726
196238
961443
340810
474856
33986
1055540
455040
196247
298782
187597
814196
340800
22617
200868
505413
82850
787298
946166
82828
466914
99069
51221
455014
4791
925808
637206
637205
99045
176005
51268
773622
236442
769421
685478
4681
802294
240372
591689
448407
1041076
4663
682163
505291
83126
951771
51441
470969
114965
444611
4686
437175
689861
114901
626736
187568
1068527
223719
338273
240408
941972
585758
499734
347911
83003
252316
961405
82786
359873
750579
418136
592075
99391
1055288
422049
570624
464253
160598
212234
290746
351831
1055326
476266
4931
603981
966153
298895
592126
34405
986192
585649
448533
1069077
882150
1096057
99445
1069056
1041348
290697
34340
51032
1041345
637369
176040
555857
351759
82696
750618
51159
435730
290845
470918
172675
99304
1110841
997315
221582
325178
1041241
298905
22558
290820
418106
637303
454958
1110800
114735
448479
82645
994571
802442
22544
415437
351811
454930
163996
196196
444630
821275
728478
814105
810928
847484
221648
240200
965874
585891
836732
231356
544546
925636
1111635
986455
636643
4331
51772
938938
4414
574137
291236
574144
33371
810907
123415
22893
701701
474265
4391
1111548
291256
187347
836780
505103
773397
448253
505027
685294
701640
523840
769627
33177
814081
434655
51912
291328
444756
523804
33139
325719
938970
591141
523850
500045
33202
325689
802106
474812
437236
325683
240161
786889
422205
556512
163004
437233
431563
574108
187285
437218
33410
873068
215849
315511
476319
524194
544709
922179
544705
697207
253637
33630
351517
574214
246997
33609
359909
591556
689899
359962
873052
51460
1111180
33762
291012
33761
444635
832774
832780
505267
823894
476309
215837
1068319
162977
231411
524141
974675
1068049
556341
769542
524035
422158
359952
810875
359958
175910
455180
750727
908047
733926
574154
196414
701743
1068119
544647
697258
347955
994752
471047
448333
1095538
814139
922217
33546
499892
240270
591482
524120
814147
570598
114625
34438
444302
418401
100627
470643
188342
476181
22084
231760
1096606
689608
50379
195758
921632
454494
561166
113970
966598
874074
290035
566547
1109621
1054204
1096673
999807
473270
411024
470637
224084
50288
1096638
998665
909730
506026
1109802
418383
35195
638037
787958
195790
944449
347756
787946
638040
418332
418380
195822
810073
570383
561141
81621
873868
570367
81535
921660
505960
330011
35164
5327
802758
100528
989770
788001
418363
448850
561159
1054350
81459
505975
625264
100774
1069122
250170
81021
35606
100993
689553
201323
81039
250171
1096806
750398
973593
940891
241003
201319
418489
217635
201335
476152
172361
683081
101052
973555
1109389
574884
101047
921500
168332
80996
1131736
352570
702599
951586
921507
100950
172377
994160
681434
22007
22009
289966
35447
685901
702513
625242
253754
50234
702507
702506
926312
5419
81253
593007
50193
689564
215580
50176
100850
289940
470580
514568
50162
188579
506111
973653
252401
100879
985916
566571
944457
989733
603643
454777
324916
637655
444462
473220
418211
505636
787621
50796
5090
555632
1132166
626086
114530
435779
352029
685713
467039
82063
215712
454724
944504
585571
1069452
236173
359568
821110
99868
545134
99866
22329
561058
592380
22388
160628
626099
50970
637537
824067
574453
637522
351948
505561
324997
750533
50978
34465
82372
114620
938683
574438
50933
561020
351959
470811
172597
470809
773756
99643
769270
448576
581973
187872
736317
925987
821131
82215
5073
196042
82033
236160
1069697
444395
100230
773954
1119120
444400
195920
832587
545201
951662
219233
946286
437092
1110147
680066
50592
34991
470685
100270
464104
582082
22178
236065
81692
341028
299670
299679
740330
722565
802702
625626
973953
926095
100133
231601
930946
253151
231624
470729
196011
444430
380311
81995
473251
476227
187975
114435
685740
352107
352101
165413
470727
961265
444424
431436
940832
574571
231644
100074
873693
773896
22258
1132053
873702
1110160
951668
324778
272611
450526
630680
17493
280208
718670
286215
682047
56951
1034589
518736
840906
252237
860219
238921
331281
661731
722046
219764
747465
943730
718694
700778
222051
89216
362534
765851
280689
629741
474660
641410
239809
1128684
836502
362548
884394
906864
186126
723504
800415
296514
718494
820325
326569
650222
558178
342404
691703
947930
884463
1091465
131782
650650
718639
840868
56207
184900
513037
705418
222084
200284
216756
302033
191122
122819
9810
965435
541984
222073
171521
92027
641397
962548
558695
558709
197438
31459
465891
222016
447826
216617
970753
681152
996673
474761
996674
93466
682114
280810
29933
965376
388378
326820
1098474
590844
558028
38257
218817
475411
650810
783753
1107127
197448
216805
388373
841039
590028
465907
474759
500484
884860
500464
770187
196896
122298
952187
239807
92236
452650
17544
457197
162187
1128656
914247
1090546
197420
500456
726337
447794
500951
860277
766139
222028
326203
751899
219898
31438
285936
662128
472701
962167
163382
1090878
31510
30903
239872
286131
726283
93517
1062689
326401
280388
131660
166343
122543
177654
342441
784359
1049286
698488
475426
254394
519589
218898
447506
700239
30823
17309
590457
682809
219795
177662
56395
628346
388214
92169
31000
388187
628335
735673
163107
130239
28027
325753
302411
629475
452851
46915
236717
46902
216422
87380
349413
841705
27968
1115511
889262
349426
252105
4071
1060555
456304
271435
971555
495099
948165
132360
812309
996422
1093626
651335
628712
546856
326442
1113878
630699
280270
1113436
122443
1034728
1051335
682779
31124
92085
1122210
326496
773340
447586
947914
1113779
681114
56756
472537
1060386
773324
1091451
770341
451762
30478
706286
629671
735747
122409
382410
965738
447610
383389
122710
447400
590364
840807
416208
131732
239887
1026418
629684
991269
239884
30752
239888
388122
122481
906917
122610
451795
171389
122635
326465
31092
541613
583926
770392
30646
394837
504874
131576
286161
331176
860156
518256
984915
280497
706272
770136
825240
213073
867413
18066
32019
239687
883698
651120
584470
89057
584462
327190
28837
766409
104608
1099043
190790
239688
765694
219927
171117
770063
650910
174030
1091854
1121746
16932
9450
447945
197495
29630
650891
1112856
738289
279902
163578
984794
281370
239669
86791
219688
419783
87307
822425
589306
642718
130562
1121466
475556
472294
511119
970320
885177
1027316
465588
174358
635042
641677
28702
349622
661150
456288
456671
28745
28770
221812
340518
584489
287583
18095
970490
927978
831872
701424
1035319
1034053
629783
248992
93426
988526
92340
29306
92338
29361
17897
962708
661419
326990
174119
474605
947690
92371
246533
331408
511833
419750
29030
988415
1114731
162109
706481
432032
976333
974961
29286
420609
558979
340613
296573
383549
190883
1059406
542240
29503
661466
29513
1106932
342625
965275
698517
571376
346316
451650
93679
1098701
89166
250654
190880
1051549
996626
29472
287268
286282
229763
995008
500249
219940
213415
16877
773145
735995
622172
1025769
295624
698258
237884
9453
232386
229695
651337
540972
783327
4145
641335
650869
38344
860344
29739
104795
660924
349453
948150
312779
589107
230112
432097
28202
220056
660938
719071
271419
999458
622089
962887
417662
457134
236843
738294
29745
465819
622403
722188
326833
447284
735895
196770
349985
1098504
196723
285906
383514
362452
547307
285911
93451
929754
221980
635215
229661
29792
38319
770116
123228
1059439
346288
326845
105161
773187
589866
836316
997099
239788
511937
162027
340487
92422
1099191
824987
988262
906625
256241
16601
1059665
197710
685273
325895
340468
185009
769798
362091
28568
924240
87349
651202
718308
296624
1065135
89465
163151
635040
362133
1064640
651206
766456
28591
28586
32138
246476
221766
465544
253578
769740
738183
383747
104500
583638
516946
279795
456299
684487
1061789
883450
910733
409263
772929
107796
279804
104513
738185
720883
719036
297573
1115277
221757
493760
340454
93381
456084
553053
1064623
325870
813480
340459
520562
521711
928532
465065
296782
428188
784181
520119
1093199
132824
882597
45994
829606
45972
680444
521553
1100442
493337
819827
25956
463290
198128
255839
106568
26013
361590
26009
777788
32997
382064
328008
997819
18913
173034
46006
510555
18960
88778
163894
272155
328080
928110
328083
705945
120825
543326
45871
175157
472037
543335
170447
361492
88755
543343
161872
1100492
25783
328074
451178
842304
328067
765366
927538
93271
161878
767045
911508
25825
767043
351063
25852
1028397
26045
45837
543161
294576
210329
1120888
86634
3133
964674
468664
601423
26246
104087
279415
26221
727173
271996
472080
240027
435628
132708
185444
220163
446789
751503
108165
798459
576235
660372
170571
446777
777834
199760
822724
106599
684177
175055
944026
26102
970998
872098
3055
3051
361604
455306
808317
26195
190420
705964
588347
889762
433856
975337
446753
294599
163850
569082
1028353
765411
684167
331719
1100309
995271
467619
175061
104080
607419
292090
246320
26187
25701
1025182
583590
632102
175346
877729
285088
607043
185957
941605
328305
239048
607024
456371
210144
337015
765268
915115
120688
133033
1036224
105539
129166
6631
191821
975440
315201
842461
842462
507565
907843
351153
1116992
830730
292471
552048
294683
230748
587848
294694
133108
656969
976649
161227
105556
120631
992352
239447
493133
876826
346982
464861
597724
210118
390256
106410
600959
129055
659903
255699
600967
848444
634917
25278
1064247
969824
656949
340023
25288
92600
877734
801610
106447
465022
915039
866256
1036148
466685
990762
84493
892423
992271
632151
907810
253454
521521
390319
1100645
842393
238852
132895
468795
704342
735214
704338
1043721
417532
752377
240912
331767
279290
272191
1060166
25640
120809
214242
801539
945109
348891
644218
983373
132966
767186
940358
214218
357376
876889
45624
1063239
77651
162526
892363
1116929
999199
2705
1116882
680468
331793
845457
811932
560270
252720
560267
924537
576380
106479
230649
106482
238444
699083
237795
392039
463252
512062
340230
451420
738131
607755
256066
93339
32604
121343
279616
1132956
105399
336017
588772
829749
983961
349275
238375
271652
331584
635368
18475
752242
679803
584764
285446
246408
161969
279628
812203
121368
84330
238999
493596
1112324
821593
32621
1099805
105418
629888
1099837
238064
1128008
947436
406993
27361
651531
27327
976246
216362
27307
812169
463171
3723
275517
751553
121319
801173
104266
331615
510850
349255
738819
817914
132539
766716
317569
220100
465285
129978
121387
388732
170581
928054
197849
885338
772850
3899
841745
27853
1128120
456312
409246
741647
1035708
238880
784430
738150
510933
801070
214386
976274
317361
210483
163681
1121270
18367
121530
190647
230202
254274
766577
27895
783809
121525
121524
190610
32475
911421
822564
1051889
86724
10575
173247
297321
121406
210453
911168
445286
32512
738827
349334
86717
27680
349347
327596
171776
445279
27771
27775
104355
286424
219633
346607
361940
238368
287713
27796
163698
519719
1132879
292135
468550
18577
84400
18694
26646
26641
468612
914025
287809
121081
1028124
641777
199779
543053
710843
271874
588502
543032
632252
584835
1063099
87502
132633
26712
907637
1060635
26678
812113
510716
166762
1028109
976233
830624
86661
588544
463233
964737
735281
173098
191912
3263
357646
446801
569055
271910
198055
26551
517097
32849
132684
518670
1050884
660394
220150
340244
911463
129628
3307
984339
452952
54542
215141
174970
186012
1133190
601504
271886
161937
607521
651705
252055
569033
451322
174817
651592
54793
569009
607663
191298
1112211
239567
129846
132590
948918
746987
54740
588625
634989
1099902
848138
512033
520181
121257
27102
923448
700885
944709
349212
27135
240000
552635
27160
253520
331626
173192
279546
361799
54657
215100
185640
684252
929546
542984
1100029
493512
1116114
174837
467660
588572
588571
463216
889590
238076
233518
452928
26893
331655
772696
121181
660527
552563
163776
1112177
746981
1112182
640967
911138
510777
173165
631127
29056
252649
253905
23989
605905
192501
521226
910901
215952
164283
23898
208899
572560
164305
783303
1033953
690279
406245
88641
406155
23724
406147
1117934
24003
208968
252666
273513
635774
1000394
605207
170978
878020
1059854
468853
209119
208980
970815
737354
229904
185789
229883
229881
599364
737113
406113
253925
23092
518579
23309
164932
636326
1063734
697823
88466
806835
806857
657028
254951
584424
473890
657064
23206
636362
636368
255210
52378
23101
1063716
23337
652801
164689
23661
572619
697774
599068
1118225
630232
946874
999008
587751
164838
474093
518543
164720
254319
291421
636282
630286
598951
913698
