381
40
25123
31
2141
2606
374
3162
24833
28065
6765
2399
19551
60491
46
358
7396
392
458
2398
57
170
25790
28366
325
20843
60541
539
28353
3242
20194
28150
123758
408
29323
5109
188455
3
353
303
315
322
20687
19584
19535
24829
39
409
50
61657
410
54812
19559
19475
49457
28157
52395
380
27644
13744
3877
27260
16993
20838
25925
49634
2932
488
112963
91530
27877
3161
354
5797
27231
404
97591
19537
406
3392
21
95
52
73
43
223673
23655
2883
20626
177920
91495
66
31802
595
50901
3408
27254
357
143470
19510
68836
55373
368
370
342
24830
52120
26745
58369
70
26372
64201
161651
49334
29686
188454
3493
29830
19736
7395
42888
92255
27689
29265
27670
26820
17792
71706
20096
43285
213251
29293
19555
557
19509
67
150977
2362
228
9213
179384
402
505
17715
63
19751
56446
2973
2297
398
29517
2889
71708
3889
21517
334
25064
1097
300
813
27745
48709
65326
75
3938
132954
159491
7246
26787
394
729
3393
7594
17651
6760
19777
19757
415
19692
29321
27672
65327
60534
47809
26631
2886
60535
64194
75725
7393
399
286837
22
607
237
19492
350
69
6761
19833
3885
54810
779
12035
19704
416
31861
49520
3511
27673
349
45
11115
42
16921
32395
30734
339
13889
150654
72
346
550
96
210550
26797
70530
376
3915
29716
48
6855
693
20839
3876
223
20417
19836
329
57929
27850
92982
76
7441
29895
19486
210584
432
2527
86
52291
7561
139549
25703
109061
579
3935
44291
3250
387
19686
221531
6787
5805
6770
119462
92708
27936
471
3240
3903
7337
19468
11106
3243
2224
22374
355
27640
419
19401
19528
2583
29785
42874
130960
17613
91485
480
260407
64
366
19569
3164
499
52285
580
121167
3420
7519
37
6299
72026
31593
70745
53
19370
487
20237
36769
118502
91
530
24545
27669
64698
26329
459
19680
20208
174158
19511
7814
533
150974
7434
75892
7102
71041
23122
1030
69017
21258
30491
19698
49515
296
6509
19449
43078
58
7592
23118
213249
29685
47796
22435
2921
7351
92073
395
174026
250
14135
26783
43280
29842
61
20155
28138
30691
517
19837
25145
51
26869
54757
55266
318
523
3410
219051
3947
49408
31843
19942
7376
28393
20902
26777
151216
363
19566
27373
185930
140445
19665
55409
7806
27723
152640
19950
19500
19372
65324
54761
3273
7180
25926
139968
62
108594
3297
6332
58669
70020
71136
258985
52944
7391
430
16938
749
582
37538
42906
20214
6813
49418
20862
58166
84325
7356
734
7368
301
42939
27876
149997
58699
49770
2931
453
221693
26776
1776
47338
30687
1599
20875
29320
241761
7819
57860
95352
4373
5790
477
19419
2894
13003
74780
21344
27641
20712
42878
3270
29692
9726
420
7712
27249
1990
6777
79709
7821
19738
428
3510
26632
61192
184937
54775
249938
63786
3584
5812
19541
149310
78
10718
92311
306
91436
20623
32067
64166
154438
42992
149081
7675
40544
144845
3176
19678
96968
20758
117
19792
364
53090
57926
19580
19712
16994
49411
20577
6347
141541
3562
19418
6784
2945
5801
2989
7818
128764
14007
20790
49421
314
19926
54762
152926
60540
94035
659
43152
58379
57884
23910
26941
117390
198302
192
1544
19957
29612
31285
20781
18948
28252
145293
6782
83238
7501
546
1748
7286
29421
20583
20760
164520
3602
195207
71185
25232
71985
108776
97
396
71751
455
71092
253
25074
68709
174233
7954
268807
3314
49460
55562
20272
26595
203082
74301
3258
157761
19518
30443
705
19658
188602
1777
7389
10316
1538
92244
16708
2349
6811
28143
2780
7183
565
7358
49584
20826
25069
150010
71975
295
49451
227346
162839
226
19781
70909
7390
49739
185823
7382
173981
323
8134
54760
76190
3271
1042
19772
20500
222126
359
372
3276
22085
64494
95832
336
460
740
6803
46992
331935
7643
48645
118459
16998
20347
92046
260126
26935
65647
92227
37831
160392
356
3946
29804
121101
7179
19883
65666
145389
31277
215368
33368
97425
17832
185793
4125
92984
17619
20170
19765
27274
20634
27255
47813
223678
19621
24939
64129
401
39852
49022
60991
21727
54608
96244
153745
17805
26384
79
258976
53316
23
28476
58123
70819
157117
3075
66650
71737
95159
151
92958
174023
56467
2018
6789
6810
49497
60987
93877
880
3052
19744
27678
28055
57851
7858
19672
27637
29837
42875
55367
19408
151080
256
75863
369
20120
407
3232
39936
658
3421
29258
29788
68860
71095
662
3272
109844
149312
26487
43832
212385
1361
6339
11894
30448
17
2935
248613
7458
28295
49419
68998
152010
29878
42841
185777
1013
19397
42834
141577
49673
150678
213226
3283
16913
37835
174422
696
57863
149
20596
65
3300
24725
60977
123667
5778
134663
31393
49655
8805
25075
48756
173986
19708
54622
132993
16705
97326
224618
400
1688
11305
25180
60536
152230
3299
27321
203
3083
7104
71805
151709
42856
49512
59584
470803
20649
75213
31728
60940
92968
96180
629
20858
49463
49758
7346
27072
77
351
26513
43118
158667
41288
54986
19857
20782
27099
19453
132870
61653
155800
49437
16917
42901
58104
95360
58114
91087
19483
92230
263085
68
7900
57706
7476
3227
91224
760
52282
784
3415
49430
16915
24693
9943
19756
20797
64454
65541
26365
332
3434
3936
19433
20814
32011
149071
154450
246108
822
20833
28345
28024
54758
534
49583
202509
223650
59077
147435
21857
528
750
20765
26493
29816
43077
49410
49461
767
821
2513
9034
145379
16717
50847
53118
40411
417
26747
29839
69004
92976
20635
12919
29921
130885
133031
174441
132939
318821
5788
29225
55101
92404
3425
27300
27643
20735
91143
303801
64504
64718
3970
6774
7609
20742
58108
65032
31187
54887
55102
236
509
2363
145393
84
12187
71377
18453
20395
91215
3214
23513
43275
62678
7567
17590
20740
46283
91501
8022
20653
26452
151870
266998
3231
58110
123142
240048
979
3933
20692
143800
677
4196
20705
27066
27406
47354
1073
103521
217
49496
91909
97178
223724
439
3278
29662
49505
52987
72190
76130
83
7962
20503
26383
27049
91879
157064
27691
27921
19571
64111
19643
20624
27639
27652
92410
3180
27410
64109
151068
743
27995
49608
60544
189535
269229
27235
39736
159752
49630
92075
92194
58266
151704
3195
20494
27312
42864
85
19568
26633
27403
71576
3412
224
19516
19564
20530
26414
42943
218562
481
24778
25227
54944
71653
92188
117362
3298
37883
257064
294271
313
3917
20713
20728
68782
1604
20446
20750
27322
44
154
1976
7473
19625
20847
79474
64102
71665
1295
20331
26867
27658
42881
475
4113
26060
26793
28058
54763
10818
27930
31703
49675
41641
43005
95070
128102
1849
20730
25188
30242
49424
95356
155661
8612
61189
149969
186048
184
27692
46291
386258
972
1227
14097
20508
27698
31839
49504
38
2622
38067
248401
20637
27932
41072
43838
64501
112528
20282
43001
49426
92971
1496
50935
57980
71341
135325
3173
6818
24861
44441
64696
71780
97140
148627
26800
133052
2351
22714
61031
123147
212438
64487
94818
302194
6758
19520
42923
76503
627
2434
3130
19968
30675
49495
57861
91898
448
42897
63951
17078
19886
268371
3223
50884
91146
142600
301442
346572
19437
71755
131059
494
68886
19467
97174
102643
112957
139327
3449
13092
26858
28663
29907
37597
49333
63952
157153
204
3321
6148
7997
17533
21730
19769
20498
20664
47623
91266
131122
140779
97210
161390
7540
7663
16614
19434
20717
29841
75100
125974
160802
1786
4633
71750
27394
27699
31655
42844
50812
120642
136620
207
3448
28302
91013
95350
134763
3287
10222
17793
27934
52244
71621
75273
134807
215335
3087
7542
16672
22255
24880
52209
84219
119970
19679
20769
68997
91085
91206
121092
1717
2342
7470
19440
19939
119969
130970
55
7278
42903
49628
736
1773
1938
6762
20659
27801
43323
50900
57855
35
59
1996
3277
20719
54750
347
542
49623
70917
91038
92405
1169
20805
7618
19393
19530
26684
213354
571
28056
33603
51631
121169
507
16928
20818
42862
310
3884
6354
20681
281393
3565
12112
19701
26857
26866
30209
41555
48113
53266
59580
70927
7347
7545
7823
17598
19514
25917
69483
70897
71740
97158
123724
845
3241
22774
42910
53317
64502
70732
70889
209587
212876
3116
7439
14051
16916
37648
42907
134679
151309
151871
2904
19628
27638
58106
64687
67201
69011
144834
184679
3552
8375
20238
26868
35533
49676
609
25224
55260
68833
155660
257060
348
388
675
1072
6350
7381
19638
58003
64468
157957
13641
19298
20640
27390
27416
71033
106
7972
7975
19684
43842
58101
95302
103467
136645
286210
345866
53174
155879
219447
34714
68796
97333
179839
28020
49730
54771
92592
133011
269910
19874
64695
68289
71426
92975
97334
172472
2243
19801
28319
49731
113471
141490
223518
227996
512
3209
59752
97342
308
2743
9812
29687
68995
91880
570
19540
20504
64120
133030
150675
237237
304
9127
20643
59733
64110
3419
7392
16942
20789
91338
145396
241730
1744
3416
3964
20630
20700
20796
21197
64462
72016
121494
302031
425108
572
1929
29831
47628
606
19768
21535
50897
64226
363111
1774
2892
3921
7490
17028
19469
20707
23946
26591
31692
40266
58163
71166
20379
27958
75738
99443
117552
125914
149051
162306
383
20856
27793
64822
91151
92409
134607
144612
152227
3248
7520
24652
43243
55257
55268
58226
65646
91231
150692
418
7442
16654
62635
92400
188462
2067
7638
19410
42859
57859
63953
92195
93815
144848
150063
495
7635
17696
20644
20708
23895
25220
27696
51762
58149
64446
64658
19750
40612
64505
259435
2483
21047
48736
64550
112550
121121
141542
150571
228479
238272
258962
1866
1879
19464
20679
49443
65325
103275
209731
271639
274742
2148
3514
3750
11984
19438
20657
25789
56685
60992
64167
64448
178518
219
20825
23303
43822
52210
75153
97271
150681
152631
318702
1781
3520
3949
8896
19041
26687
29399
33049
58111
70914
71610
212873
254196
264433
175
721
2402
4171
7551
20650
27399
27904
30186
42911
46325
65548
92213
96852
99156
1133
16627
19652
55269
151728
7668
8227
19943
20501
24032
31400
42995
60951
68893
93119
241728
262727
714
22869
118709
206211
7751
21097
27063
30572
49513
49726
64476
96951
97123
320
795
2884
3987
7410
12108
19670
19778
19814
27065
64152
71595
91066
148183
281078
561
605
2412
2968
17160
19969
25157
27929
31413
57978
59121
64526
64897
70984
91098
1
953
2508
4321
7199
7986
19386
20851
33636
49582
340916
17836
31330
92297
121112
241732
2118
2596
4260
27671
31385
49521
64491
64843
66685
71667
206489
75798
147426
281394
6768
7406
22048
23242
27418
42890
64801
92798
100578
135848
145229
255
3247
20857
27401
27953
29652
112571
135006
138926
147424
151755
177772
257112
2887
3503
24933
26518
31562
49872
60950
117451
145476
3599
19398
56663
206129
11620
42854
53471
112920
235372
338
1737
6771
7864
8061
10603
14077
16951
20345
39849
62761
95680
153952
6759
19570
43081
64126
70888
91201
134623
156966
160686
210310
434
4256
7730
8093
19951
21260
40263
71668
20020
20809
23188
25113
42914
97568
2304
10014
11888
20581
27302
27350
42949
64115
71253
71786
92636
206151
302202
3168
7817
19463
54898
60946
64824
70818
136985
228721
160
918
11665
19761
20807
36401
42909
52988
53461
68849
71003
71167
93127
143336
143808
196
7371
7416
7744
8902
21976
31783
68887
117360
237004
7991
16718
20113
25072
25216
42860
43282
64488
64711
71497
96962
361
20699
27253
31412
33957
49725
55388
55452
57854
71359
140467
7890
16973
17076
42919
45606
64466
72059
141495
164465
281390
405167
326
17835
26690
66491
91345
99441
240422
7835
20528
25030
25127
26686
27062
29737
97213
119067
163176
163209
299368
1345
20082
26448
31260
48733
51273
92049
172403
552
735
29712
71255
117442
276905
140
2303
7839
10711
17602
19715
20670
26833
30722
31276
48326
59732
60990
91063
91218
145030
248607
5831
24030
26127
27808
68852
71022
71233
76609
78959
129550
3895
8904
16621
19961
40353
40824
41238
42884
43062
47686
60931
64830
69227
75139
92845
121772
129068
131048
145395
3080
6309
7345
16629
20841
49398
71222
94255
208144
259465
1002
3666
7440
19941
20531
20824
43868
47832
60943
70895
92219
124213
141818
7301
17318
21701
49452
52483
60303
151205
384
698
7670
19563
19630
24947
42872
64739
71660
71791
373
9877
17826
42883
49740
52301
70513
70904
71501
71620
75377
178524
2498
6920
17285
19263
20267
20792
27311
36765
41551
54258
92247
96022
147388
98
426
761
769
1930
3519
7873
19760
27761
28899
59664
71226
71840
135679
148927
185821
763
4138
11647
17963
20141
20808
24317
37536
42848
50898
53450
71360
92235
97560
129674
150021
41
2775
17875
25183
25414
26564
27172
31545
53567
56787
64216
68999
76025
91250
92980
129773
134635
174114
189539
249343
2054
3267
3424
6162
6266
7224
17931
24632
28023
49601
62638
64155
70959
71266
92619
93749
121582
125816
142107
401743
10563
18474
20252
42597
55750
60969
93810
96089
124928
132944
299430
205
2298
2942
7874
17820
20827
20844
24922
26827
31406
64481
68994
74742
89687
101888
121089
228728
1568
2400
7344
10172
20714
27071
30235
44456
58107
71322
92819
134634
264188
2417
6815
19702
20612
20675
24927
26410
29018
59173
91031
114317
217220
11398
16696
19526
20114
20641
20849
64145
70832
71104
94058
148056
187254
269896
299773
19344
20995
42842
66488
70581
91499
104620
136624
206208
223703
318847
3942
9642
11495
20778
31808
37813
50932
92758
94567
156055
218970
221020
665
2296
7177
9596
20168
28250
29492
43041
62633
64828
69562
71310
121822
152245
160883
541507
454
596
753
1771
3922
7709
11996
13390
20652
23778
43126
54774
55104
64182
71210
71678
75832
149623
157962
184380
259248
7565
18987
44000
49316
49436
92364
92603
121011
150568
3547
6766
16697
20669
28004
48522
49741
58100
64699
76511
91148
117348
130917
133073
149913
202039
344414
485
7475
8800
20801
37591
52351
54877
55142
57874
58364
71267
91463
91492
98010
113638
185814
267621
402603
249
1708
3564
5796
7426
8094
10579
17743
19958
23968
27693
57496
64724
64730
68799
70903
71712
76496
91141
173989
179001
258
3955
7187
24964
41539
49519
59122
62605
64186
66674
100473
117352
318736
555
1948
30230
57000
67585
71465
71516
71956
94167
241742
255010
451432
421
631
1487
13973
24453
64112
70852
113318
133700
134722
141551
74
1406
19436
20706
27959
42937
65650
91112
95600
100483
120024
120180
148727
218923
259543
264786
304813
82
7379
7764
12987
20773
21710
24838
27602
48109
49734
68868
70844
92639
93116
217185
268378
281082
318804
346576
504
20693
26790
27744
30702
40565
64509
94572
131482
264609
304988
319
19582
19944
27661
29115
45666
53642
55497
75286
93557
102747
147425
213378
365
536
576
2241
8709
16940
19448
27697
55386
118104
121116
248759
326819
815
3370
8417
19546
27276
27367
31268
57982
60492
96961
114889
335852
179
526
2073
2144
3037
7433
17822
19747
19824
27206
31699
51722
53457
59648
68784
72055
99175
212409
267019
394397
1872
2778
7198
7645
16800
19675
19697
26855
48526
49529
56215
64471
71594
74534
97181
101585
134628
144853
259189
299415
5809
7624
19545
20688
20695
20867
20945
26512
27329
30727
70997
71137
92627
1296
3647
7386
19416
25068
25223
30638
39927
47610
64725
64833
65654
71517
75746
91988
94153
98091
139201
153071
221284
222434
223756
257
6963
7822
7831
8000
13870
19748
22783
25071
28287
32009
54883
65645
68696
71753
74903
94802
102522
151412
4
3957
6351
6812
20529
22470
28079
39855
47625
48518
65642
70810
75658
92150
286836
441
3275
6820
7350
7696
7837
14253
20642
37891
44950
48652
49508
52220
55317
97228
136908
2039
4163
7388
19506
19766
20734
20819
24956
27736
42913
52219
64224
70808
70816
75123
91444
92581
113006
125992
139182
139220
445
451
731
5786
5808
6330
7313
7664
17796
19303
20721
27027
27873
42894
68894
93997
123539
139638
150186
188878
311
6834
19572
19577
19966
20757
31596
55258
64445
70862
71274
71303
92084
139199
222314
261832
281416
301445
513809
614
3614
7552
11619
24766
26530
27646
47671
49414
54770
66585
67316
70978
75780
91100
119560
134642
143704
150037
151217
152022
60
2394
3233
3989
7582
13425
20680
26798
29093
64483
70590
70954
71460
91462
92061
96976
132938
136655
139218
266363
350192
589
5845
17604
20722
28490
64143
93158
120529
131110
134656
173992
370013
417283
227
243
1852
8008
8136
11524
19946
20737
26757
42876
42895
66326
69001
92628
101525
121120
131031
152229
173984
188379
209683
220192
222350
121
425
600
739
3274
3386
7369
17178
20678
21364
42879
43047
47716
64174
71234
71963
119567
134674
135299
145143
211280
241739
545
702
5795
8234
8254
19732
20277
21662
25858
27887
28321
42922
49409
55144
55336
99312
134186
154293
156771
263
3676
3976
20391
26537
27055
28285
33480
49417
74911
92254
92508
94424
96720
120184
134329
151876
162672
231126
252682
3115
7380
20788
23896
24563
40549
42847
55106
64117
64716
68962
69034
70835
77115
96007
135236
140778
4062
4290
19695
20646
20834
22602
27097
27176
42887
49415
57995
70842
71283
118500
132940
133104
139143
139177
206207
237011
868
2306
6847
10202
14629
19787
21649
29311
49445
56563
60030
64456
65559
70851
92981
136641
188495
207640
281391
148
697
1869
2344
4587
7112
7665
8021
12509
14604
17910
19456
20820
24180
24897
25178
31407
38005
42951
47805
49671
58131
64536
64729
68831
96600
103328
123139
202506
269920
270222
103
377
777
852
1387
1810
2087
2355
3937
13129
20720
20830
24942
26927
31577
42918
48664
61118
64498
64552
64572
68996
71113
75509
75907
121399
157405
161848
174352
239800
261302
317
559
5833
20080
21336
24960
25129
26492
42904
52245
64116
64286
71066
79400
99451
101201
124491
134691
230893
950
19495
25164
26844
27272
65543
71238
71644
91365
92961
134647
155028
212582
268609
3165
20579
20655
20861
22367
50050
55381
57930
61631
64527
68861
92969
136677
188465
274655
2347
2964
7421
7516
11194
20672
22650
24941
24944
26381
47561
48788
50893
51496
55145
64664
70815
71577
71707
72188
91075
92117
94658
133570
134757
135286
136627
147494
147600
307452
2839
4261
7328
17788
19334
19710
20698
20846
40465
47328
49618
54984
71534
72293
75879
93121
97041
128198
140811
163075
163250
188904
189319
231160
318832
418042
7456
14256
20509
20754
21405
23733
24940
25196
26510
26815
32065
52815
54881
55238
70869
75275
108905
129783
134606
180292
116
3533
4040
6792
7707
11925
12893
17181
19653
22426
26567
27334
27362
41090
47685
48547
49422
49808
64147
69012
71482
72008
91910
120752
141538
145399
188323
210150
347357
89
1614
2458
2984
8029
9813
12670
14117
20603
20689
52989
55395
61187
64158
67058
84458
91962
96935
97769
103520
134651
141159
228714
259501
360603
524
3505
3958
7543
7550
7570
7593
7627
10253
19429
20736
22843
42924
42941
43008
49737
64692
65162
69086
70110
71630
91204
132979
159031
327978
246
2734
2916
3977
7924
7998
8048
10115
19659
21608
23427
29957
30802
31011
49423
49449
56468
58147
64714
83588
97221
119494
121201
135887
188355
346569
3667
9181
16839
19490
25011
27642
27732
38897
42930
47453
49456
53629
59150
59411
64553
71582
121040
131434
173983
248628
346584
5815
6508
6814
6931
13004
13996
19359
19412
19604
20683
20709
27091
31859
48753
64175
85643
92088
92145
93012
95359
119975
145754
147510
240028
364307
673
3169
4069
7612
8060
13385
20783
27381
29829
47630
50966
53152
59544
64217
65545
71398
74975
92411
96792
132934
198517
520
1310
1770
2056
6778
7293
19362
20226
20462
21620
26710
27109
28475
35442
55332
59542
64140
71496
74899
91199
95470
101865
121043
135281
157125
178981
267659
298617
348412
4091
9764
17592
17984
19544
20933
22694
25913
27772
28790
29418
43065
50892
64125
70872
91435
129676
134743
145322
204842
209970
289582
300165
423
990
2747
6779
6799
20733
20763
20798
27159
30380
56634
61514
63479
64138
64191
64496
71048
71520
71553
71693
89684
97134
99447
121010
121018
126128
154447
177704
240975
287089
1903
5785
6763
7265
8066
12729
18858
19651
20274
20677
20724
26924
42873
46905
47639
53473
53493
59535
62628
71153
71239
77784
89720
97520
120578
134345
134637
142111
158109
292259
643570
593
6819
7506
8012
8019
8132
20638
30535
34676
42743
43316
45472
50603
55256
64525
70833
71374
71676
72014
74615
75491
95572
121591
160483
178487
271
309
20696
20741
26837
53460
60162
71237
91237
92764
96894
119537
136733
139089
212380
258204
269800
276333
436
725
3216
6757
7113
7513
27375
29212
29840
31548
42858
47687
50788
57881
92313
95280
119997
121028
139809
145518
154319
160305
286838
558349
7454
10485
16868
20289
20639
21048
43149
45185
50781
58145
62640
68780
89682
91974
121552
134774
134844
139099
140767
154446
164666
265564
268805
503783
612
6877
7517
8502
16996
27075
27408
29727
30695
31509
40530
43374
48730
52877
58122
60978
61017
64463
71748
91118
91310
95412
104165
123089
147395
187370
273093
667
2463
7804
8550
20764
26796
29555
29691
38278
42868
42889
43305
49511
55109
61406
65651
71077
90463
91200
134653
141804
146001
289561
99
173
340
1448
2920
2956
3257
3485
3526
4099
8463
10357
16607
24959
27227
43054
60029
64457
80655
90931
90971
97057
147419
170942
208575
210300
318719
346574
527
543
621
3453
13093
19238
21689
24985
25247
26536
27195
27202
27268
27945
29057
48767
64459
65542
71152
71350
71769
91503
112962
120465
122055
135295
225549
241731
270012
270227
790
816
7479
16628
20772
24391
30216
48723
48792
49473
51935
53596
54823
65372
68900
71079
71626
84320
90934
91095
91154
92857
96876
154422
158246
186968
215347
227355
250406
274439
318803
568
1720
3385
3953
5429
7477
7633
19610
20749
22744
30335
41104
49742
50182
53589
64105
64134
64225
64458
70051
75929
91395
94591
95478
95589
97176
135424
154490
173991
174250
190769
220199
249761
298
362
2944
5818
7385
7825
8024
14030
26958
27126
36208
42946
64193
70843
71813
90912
95516
95920
98407
109352
121031
121626
123118
143276
143314
152971
157023
163611
178226
217976
218687
297
510
567
674
730
2516
2938
19512
19954
20732
30419
30735
33318
43197
49404
54879
59541
61247
65175
71082
99146
145292
170203
210147
231159
277497
470782
503
604
785
1778
3394
3606
19471
19706
20786
21334
25208
27204
27226
27247
27797
28938
29409
36403
39951
42912
47169
47617
48778
48961
65238
68863
71321
71752
72167
91077
125767
210469
222630
258960
340558
346586
510491
391
1769
1827
1871
1969
3179
3265
4295
4698
7893
7914
9778
17433
23297
25171
26628
27035
27978
40727
42900
47826
48750
49506
49901
54880
58404
59745
60297
64563
65033
68272
70944
71351
92229
97162
104006
109220
115311
117353
121600
140764
149129
318708
351775
492
933
4237
6868
7642
14656
19329
19622
19667
20663
22715
27005
27795
29522
44442
49407
59184
59551
65243
67701
74303
75226
92025
95641
97407
101831
117461
129755
140773
154419
164527
254177
255230
299733
311858
382701
47
145
413
1873
2353
3090
3761
7107
7291
11657
21144
21349
25040
26629
26788
48658
54889
57983
69000
69082
70589
74910
128143
131065
136386
145279
152031
208573
239416
269557
1675
7505
8639
17040
19331
19502
20536
20802
21158
21968
25236
27358
29520
34433
43286
44417
47651
48888
49748
51768
59191
74596
95059
96389
97288
121303
123085
136654
159223
161874
162958
184032
210138
249699
449
1803
3446
4141
7319
7724
7770
14020
18083
19813
19902
20752
27905
39968
40292
48537
49405
51687
64198
71085
71343
71633
91431
95199
97001
118573
121620
129646
129762
134335
134591
143799
154323
156616
160507
174408
183800
219895
257062
264432
269902
281039
738
817
1289
3260
3430
3923
10520
13001
13359
16706
23564
23732
27056
28453
44265
58640
59682
70962
71105
71138
78009
97581
120177
125846
131098
132937
136049
206139
242004
318701
351485
71
3189
5799
7888
7912
20976
24896
40394
42866
49875
50963
54259
57879
57984
61026
71717
71819
75742
91419
113229
120206
121500
131011
134595
134728
134802
139216
144765
148132
151226
218777
223593
301967
476
518
592
1767
3285
7504
7679
8065
13075
20022
24167
24569
26998
29352
41204
42779
42892
47615
53804
64465
64705
70988
71326
75429
92363
92778
92796
95510
133264
135302
135640
136063
145550
508
19369
19384
19682
19725
20748
20774
27242
28508
29047
34436
49653
65796
71064
71451
71474
96992
99486
103372
123662
185737
212227
228538
34
403
965
5850
19527
21542
24921
28292
29835
32648
34014
55263
59434
63662
64503
75009
75232
91084
93082
95332
101019
119513
121803
132959
134703
135421
143435
143796
148215
178038
206152
257063
261
316
405
529
1037
2071
2408
3413
3612
7099
7987
12842
18989
20631
20673
30199
30751
31585
32063
49848
60993
60999
64180
68286
69450
71102
71175
71419
71652
92607
120391
134672
148820
152161
163177
178990
212426
382135
489
766
934
1579
7502
7529
7532
7658
8167
8245
8306
12343
13328
14002
16736
19489
22346
26623
39983
43205
43267
52221
55314
71134
71829
91001
95925
96980
101824
113554
125941
134922
136138
145589
225576
239765
246130
301788
90
1824
1911
6370
13213
19413
19487
23222
24385
25222
27315
27374
27690
27865
28768
29609
42870
47719
49736
55271
60309
91205
92755
101873
110551
144698
200126
231904
246585
348435
351514
14
1191
3433
3963
4273
5783
8681
19830
20779
20832
20854
21834
26219
26385
40258
42893
55389
56564
61025
64210
69036
70804
71038
71384
74933
93114
96928
103532
120626
123101
123665
139405
140647
149959
178522
238224
240434
347331
171
573
1212
5821
16925
19956
27054
27177
31597
37539
41760
49796
50906
51771
54268
54878
59705
65373
69899
71045
71434
79847
89685
91149
95535
96862
97283
117526
118497
128113
134640
139189
145897
156948
157146
160220
188008
238172
238203
248757
269969
351344
94
466
2027
3494
6796
12950
20499
21329
24206
24560
24943
25228
26494
27129
27913
28716
29667
30224
42057
47673
48662
49526
64153
65059
69088
70813
71603
94373
98287
116183
123157
134730
143818
146810
148548
156295
173022
222332
239282
240426
342944
344417
585325
551
1443
1837
3383
5834
7306
7605
12221
16848
20024
20784
26330
31693
32540
37892
40370
41550
49462
49895
52297
52870
54803
58113
59735
61032
65352
70234
70972
71057
71158
71452
75030
75216
95062
95421
99763
117363
150851
151411
155017
155317
174427
179590
236897
259425
260317
476872
524149
284
462
564
2352
3166
6822
7672
19330
19432
19723
20850
20853
23780
29523
33350
34690
42885
43163
48777
64690
71385
71396
71778
74993
81908
91371
97071
99457
101580
132171
144865
218512
235899
258958
345863
808
11550
19415
21774
25916
28188
29211
30560
37616
54874
55246
58148
66633
70884
71214
71236
71248
71790
92922
121498
121652
141833
149205
217524
227704
256965
273285
318754
321678
395840
422
666
818
1444
1559
13769
19482
19633
20064
20445
20715
20864
29547
30606
34007
48732
53470
64188
64567
69071
70939
71027
71135
71271
71688
91361
97928
98009
116376
117032
134655
139927
159758
221539
353820
273
1174
1870
4116
7961
7984
9147
11656
20914
25057
25162
27252
27981
35398
49420
52900
60997
71086
91367
92757
92825
129644
131449
135018
136603
136662
139101
145533
148175
151235
153065
210679
216005
228933
288236
318766
239
260
1048
3945
7939
8655
10483
17095
17618
19431
19952
20794
20996
26444
26495
26504
26830
31415
42908
49494
49615
49853
51226
52365
64132
64666
69433
71216
71709
71773
74818
83216
91990
92534
92734
92792
94135
95348
97272
116341
120357
121042
129647
130945
134665
136651
143831
144945
148099
149042
149054
152233
177705
177712
217548
241735
248773
268391
275220
395783
2907
4274
16710
18869
19352
19773
19816
20369
20570
20591
20770
21238
27392
29794
32014
32702
56237
59591
65652
69002
70410
71554
90951
91908
92593
95972
97491
120105
134687
137384
144756
157068
175139
177779
190632
282487
346578
401455
472608
80
2088
3167
3218
3284
11502
22027
25915
25960
26216
27984
42561
44801
46498
49609
50197
55114
55507
56684
64834
71147
73604
91263
92832
95468
102063
104024
108673
120089
147414
204837
207460
218973
230581
248683
275537
285054
299731
301789
390865
56
6348
7384
11649
13579
17340
17593
19009
19749
19953
20275
24920
31705
47608
53472
55356
64806
68846
70179
70932
71689
71729
75730
92814
93074
95035
97204
97932
99179
103537
118551
136083
137373
140439
155824
158177
174252
178279
189344
256488
282469
353034
2005
2042
2902
3477
3539
4004
5781
7861
16626
16631
16843
19519
20525
23272
24739
25686
26810
27298
30628
31469
36863
47618
47806
48779
49517
49754
51518
53794
55306
61223
65360
70290
71125
71573
93783
95340
97152
99177
99182
99230
104019
104058
119482
119542
121129
127214
136647
137372
143315
151200
153420
174234
185932
203076
223687
270217
287124
311145
1430
4363
5794
16698
17864
17894
20055
20280
24628
26819
28580
31698
37226
37250
39204
41242
49082
49428
50793
52816
58410
60936
61016
69067
70911
71581
93730
96285
101122
121468
123111
124350
134658
135378
140431
143433
150660
158706
174145
185928
285414
303718
364645
12
642
807
1993
9644
10423
11456
11926
16995
18790
19026
20835
21463
25066
25139
26711
26735
27634
27648
30657
31573
34424
48011
48653
48663
49454
49755
49862
52227
53478
54890
64113
64142
64447
68819
69724
70845
71584
74895
86424
92097
92204
94517
94556
96153
96940
96981
104110
109131
118621
123110
126212
128864
134601
134645
136801
145133
147857
151352
216848
237588
241725
242021
244644
330952
354452
388882
13
759
2903
3286
4011
6176
7498
7826
7843
7968
8007
8026
9064
17801
20273
24764
25014
26519
26847
30432
34317
35630
53451
55326
57857
64581
64588
69238
71179
71306
71685
74045
75784
82739
86865
91040
91221
91959
92208
94579
96308
96871
99998
130914
134797
136109
143153
147317
218433
257944
268993
274658
302985
318709
1370
3282
4000
4149
7267
13360
13681
17617
19435
20191
22197
23147
26020
26780
29843
31274
37527
38886
45757
54780
54945
55509
55780
58939
61515
61925
62623
64691
64742
70931
70999
71449
79721
90995
91305
93013
96931
99336
122726
134624
139221
147274
171328
174139
180865
185010
201243
202448
207274
212223
229506
265566
287123
302034
345820
353461
414
699
724
797
1405
2389
3171
3208
4122
5792
7387
7647
8799
19677
19785
20223
20958
23671
24934
27233
27956
27977
30279
30584
43206
43260
48512
49548
61197
63922
64205
64825
70061
71318
71500
71538
79711
84101
91841
92099
94636
96606
97335
99331
121497
122714
123365
130962
132942
145392
203080
246654
259255
334055
340607
442
628
1785
2170
2416
3535
6172
7589
8283
8478
10827
11612
20235
23246
27043
27982
30416
39935
43201
43269
43925
48749
48760
55242
64513
70836
70985
71229
72046
77398
91375
92711
94154
95258
95301
95582
95819
96504
97120
99745
112531
123723
139810
142889
150831
153547
159332
185925
208547
270224
295526
303806
393054
10
2391
3918
3984
7218
11927
19480
19687
20049
20829
21142
22786
23789
26408
26516
28714
29945
30603
48533
49525
55346
57866
59539
62636
65546
68856
70811
71080
71205
71293
74974
94238
130968
134800
136653
155659
160569
160695
161679
241723
241744
308443
168
598
794
1772
1831
3622
7432
7509
7591
13131
16927
19574
20057
20225
23525
26364
27318
27717
30800
31080
31706
31846
42920
49743
49900
55112
55413
60985
64511
71431
71643
85353
85425
91738
94138
97309
116232
121689
121761
121926
123679
123725
129754
143142
152235
203208
221544
257252
296602
498732
506
1763
2888
3968
3995
12090
13430
19396
20647
20828
22044
25132
25142
25179
26785
27067
27296
27338
28257
30949
40371
40601
41713
42928
46366
49535
49571
54985
57856
64133
66384
69745
71087
71273
71367
92206
117731
131074
132953
141221
143897
145985
149128
150034
155389
177792
216502
228918
229652
241727
269999
339271
381387
553
639
1780
2769
3316
4105
4139
6764
7397
13064
19504
19794
20149
20598
21005
21421
24633
25161
25168
26534
26848
27357
30336
31419
46302
48708
49432
49502
52583
55231
55320
57873
59078
64236
64519
65615
70971
71160
92109
92497
92580
93111
99446
102249
102684
104020
117364
121489
125933
134959
135010
183909
240419
263123
304942
346577
1894
2081
6115
7536
7879
13546
16852
19478
20718
20970
22225
25213
27933
30570
31348
31602
31950
34048
36389
37524
40350
42896
47505
48713
49534
49765
65171
68624
68811
68862
69018
69919
71084
71461
71552
71730
75839
86950
91111
92606
95330
97096
101845
117766
121017
121033
121491
131080
134442
134904
137339
146862
153418
160696
189796
214060
228790
273749
296636
309775
104
728
3222
5860
7302
7343
7462
7468
14035
16860
19430
19681
20775
20795
21715
21736
24842
26528
26850
31280
34990
42990
43210
47616
50663
50896
51748
52433
52975
56253
57463
59534
59744
60963
60965
60968
64168
69080
70894
71006
71075
71502
71723
75826
87653
90989
96068
96746
110192
113844
119485
137375
141245
147635
155063
191154
229368
242387
272528
383418
105
397
7256
7812
7963
8032
16701
20939
21174
21257
21860
24765
26768
27232
27395
27842
27843
28022
28064
28154
41495
42916
43146
48657
49635
49666
49903
58116
64114
64600
65172
65255
66574
71624
71661
71987
73881
75737
95069
96907
99346
100787
113630
128612
129548
134682
141823
183900
215330
246384
248610
281120
287657
346590
398417
423488
551856
2585
2721
3311
3929
6873
7564
14069
17893
18762
19409
19532
20684
21380
23603
24961
25004
26521
27175
28329
30950
32016
35631
39809
40159
46292
47678
48647
49610
52484
58103
58117
61289
63684
64717
65643
66696
69978
71934
72054
80010
92307
92561
92648
92810
95364
111514
117378
117734
120325
121037
129716
130275
141209
141816
144623
148109
153103
188328
191372
258055
299787
318699
345858
381712
156
235
328
378
411
681
1494
3358
3429
3711
5097
7283
7412
7990
10661
17918
18139
18407
20658
20799
20816
20872
21165
21545
24946
27817
29014
41094
48755
49614
54882
54903
55850
58102
58136
64130
64146
64173
64497
64573
65004
71150
71202
71320
71491
71599
71691
75748
76346
91004
97482
98435
100694
101432
120201
135014
145907
147387
155027
155878
156811
159219
161280
183834
186616
210312
221541
246959
261642
341154
429369
93
1033
2965
3403
3568
4143
4267
5763
6255
6798
7355
7629
7979
8015
8181
16721
16811
17018
20411
20527
20840
24577
27412
27764
27839
27890
29436
30206
43900
47658
49453
55239
55400
59197
61245
63664
64232
64564
66937
69435
70938
71011
71269
71544
74914
75061
75937
91882
91889
92629
97489
99320
101158
101165
121038
121598
125764
135866
141220
142250
147517
151225
172359
207754
210370
217199
254697
258535
301787
318805
352773
384762
49
745
770
1101
3016
6817
8802
9817
10321
16841
19465
20291
20625
25133
25918
26387
27194
27359
27903
28581
32436
37232
43300
47794
47828
48544
49837
60976
64104
64144
64177
64721
71035
71656
75228
79743
90916
91008
92328
92539
92740
93209
94161
95864
113228
121584
130618
133661
136325
139100
140788
143863
148336
152007
154452
160258
188309
190459
202168
203274
207327
227597
244594
251817
260013
345860
345883
345897
440153
385
452
660
678
3992
7181
7330
7370
7563
7568
8611
8953
11889
13000
19911
20660
20685
20771
24531
25594
27212
28221
28894
32068
41504
49438
51743
53474
54772
55369
55880
57907
64453
70496
71590
71654
75872
91247
92613
92621
93928
97197
97254
97423
99740
117471
118553
121547
121809
134649
134667
136337
139137
140752
141406
157101
157406
241962
345855
787900
708
742
1937
3954
7321
7459
7697
7780
7803
7842
8313
12864
13332
16840
16894
17587
18946
20084
20654
20917
26443
26635
26717
27611
29255
30942
31428
36560
39684
49738
49813
50914
52224
52283
52293
59547
64524
65001
65556
68818
70841
70912
71421
71767
74915
91060
91515
92299
96946
99333
100041
100323
101207
101838
102523
119456
120003
120582
121104
134676
134698
139174
142169
142206
143924
144928
151977
152580
156529
156774
215315
231166
237233
239886
239909
261597
263122
266368
268817
277549
318837
346611
381878
395679
252
437
447
656
811
959
1195
1390
1857
3616
3916
4259
5858
6044
6327
7404
8190
9097
13884
16972
17114
18550
19499
20255
20859
20950
21392
22070
23497
24516
25377
25935
27292
27705
28987
30436
30562
31386
32012
36325
36593
40365
43845
48759
49399
49579
49767
52386
53599
57876
58127
59550
60953
60989
67634
68820
69217
70882
70906
71005
71106
71680
75386
91329
91373
91911
92476
92477
93113
93788
95351
96973
99171
103329
117367
119998
120525
120536
121015
121507
125028
134597
135193
136965
137572
139202
140378
140808
143334
145353
148565
149998
150195
158703
162339
191575
219040
227115
229864
238301
269917
297994
1006006
687
694
861
1918
3281
3645
3930
4001
4128
7694
11473
13333
17791
19714
19770
19888
20200
20283
21849
21870
22056
24732
26507
26697
27118
27715
45549
50997
55534
60988
61520
64162
64470
64923
65060
69434
69442
70302
71107
71128
71264
71732
91360
91399
91881
92472
92816
93073
96258
96498
96725
97258
99976
101855
102861
117664
119562
119985
120263
120509
121188
123083
126108
132950
134365
136015
137376
138923
139225
145326
150738
155200
160512
161269
163369
184150
198094
212901
222683
233244
238050
277835
341879
346567
1126352
54
270
704
748
7507
7649
7692
7899
8291
10334
12419
17614
17819
18423
18947
19494
19759
19974
20855
21311
25815
26343
27423
28780
29906
39388
43375
43905
45611
49530
55279
55318
55347
55492
57944
58702
59548
60979
64159
64268
64507
64517
64712
69130
70318
70875
71014
71298
71455
72233
74901
75878
81863
91117
92616
92635
93921
95325
96082
96950
99778
101832
118501
121165
121367
128154
128173
134700
134799
136626
141015
143738
151927
164280
197415
199529
203253
217992
259429
289511
331057
346571
351337
355350
444452
476875
615
752
1818
2114
2873
3163
3352
3534
3542
4135
7918
19441
20268
20393
21094
21139
22735
23159
24962
25012
26778
27112
27214
27222
27340
27702
27875
27993
28372
29205
29836
37522
42843
48674
53636
55299
55435
55521
60533
63611
64464
64590
64722
71074
71285
71401
71958
74875
75415
92214
95315
99152
101820
102231
114273
121621
134747
136977
143141
144954
145421
147415
147546
164285
210467
220737
228938
233356
238843
239599
267101
267167
286408
289540
292139
351359
413231
443671
183
540
782
1452
1480
1814
2302
2404
2929
3482
4087
7185
7408
8287
9231
10794
12719
13325
19912
20507
20751
20812
24924
26843
28532
30571
31579
31729
32454
37687
40242
43227
45508
45706
47327
49073
52436
53806
55233
55286
60995
61191
64154
67776
68829
68965
70822
71453
71692
71749
73884
84475
89683
91817
92063
92412
94544
96407
96557
96777
97285
97753
98011
103382
109251
116323
121102
121179
124456
129672
138774
139223
140799
141489
143806
203095
204841
210298
221761
227438
237365
238290
241724
258578
265504
30
560
805
1535
1884
2528
2986
3082
7720
11859
12737
18601
19531
20836
20852
24121
25189
27110
27882
28936
30698
37046
42891
49416
49877
50488
60318
61024
63834
64148
64656
65165
68794
70011
70823
70993
71029
71457
71655
71682
71761
72005
72039
91109
94378
95298
95947
97165
97187
99196
100934
101518
120374
120625
121034
122971
124238
134341
134342
136581
136826
145383
150302
227258
231127
271124
277262
313753
340914
351363
395070
431332
529664
628846
764
1432
1791
1821
2969
4109
4504
6794
7666
7683
7894
9612
17104
17119
18873
19557
20743
22328
26490
26541
26831
27033
27256
27749
27809
27944
27994
28381
30677
31675
37535
38848
41108
42973
48524
48821
49626
55249
58112
60290
61184
63511
64473
64604
64758
69013
69093
69769
70286
70375
71227
74479
74940
74953
75042
78054
90918
91443
92563
95738
97112
97327
97397
97495
97598
97608
101189
101712
113032
114232
119983
120568
121176
121209
127429
129724
130967
131024
134724
134767
136619
136701
140748
141218
143833
145227
157074
159443
186965
187594
189631
202372
210311
218021
219654
225068
229077
238502
255134
264115
302030
351170
712233
1861
1896
3204
3478
6828
7886
7946
11235
12923
16619
18690
18700
20127
20611
22769
25005
27319
28446
30318
30731
47773
48784
48793
49907
55255
60306
61239
62602
62627
64723
65333
65649
66678
66938
70838
71039
73820
91337
91508
93000
93485
95060
95454
96145
96699
97092
97287
101862
102245
116281
120566
120614
121286
128116
131379
134249
134330
134636
134668
134680
140800
141553
150735
154594
160304
174341
190491
207642
237304
240449
275236
342815
347747
349362
382445
419959
450013
1941
1950
3349
4106
7296
7357
7482
7640
7740
7797
8013
8115
12358
13015
17831
19591
20618
21564
24327
24488
26460
26835
27685
27686
27854
28450
29917
30259
30814
31145
33113
37626
48655
48719
49622
51683
54808
55331
55342
55996
58622
58940
60333
61185
61188
63680
64230
64449
64499
64520
66887
69626
70191
71448
71686
71713
71716
71722
72015
75600
80613
91323
91847
94155
95328
95855
96185
101889
104034
104084
108611
109813
112959
113280
113466
117490
121068
121350
121594
121737
125995
133271
133624
134600
134715
134894
136382
136394
136700
140541
143803
147413
148558
152763
152921
164794
174801
190693
200960
218974
239593
266367
287083
299494
302070
318826
351779
364558
576308
676
686
1658
1883
4430
8027
8848
9997
19990
20455
24278
25140
25212
26509
27356
28601
29185
29704
41646
42846
42869
43030
43140
43254
48527
48741
48798
53476
55265
65253
70891
71131
71469
71634
75277
76029
77173
83605
91115
91520
92051
92055
92601
95426
95671
96879
97525
118025
120542
121217
125971
125987
130634
134599
135795
139373
140651
157897
185950
231177
232545
257924
265880
269503
347314
348411
1291
2810
4429
7045
7584
9298
10631
11424
12495
12581
19364
19387
19775
23332
26561
26638
26766
27620
27814
30444
31001
31403
48515
52475
53462
54962
55836
56397
61033
62634
64558
71177
71425
71486
71625
71695
71866
73842
73987
75041
84393
92568
93373
94553
94834
95339
96574
98073
98335
99467
101370
102748
110229
114233
118853
119971
119995
120663
121027
121581
124961
133376
134822
135118
136709
148224
153067
157211
179938
188494
207731
234154
239598
262110
267646
288215
293333
302049
314842
325904
345873
355550
431412
510246
1799
2350
2710
3268
3411
3704
7178
7262
7769
8176
19395
19501
19573
19788
20190
20377
20564
20738
21572
24963
25810
27653
29668
37211
45652
48648
49849
55244
60301
61661
63679
64124
68826
69085
70902
71464
71725
71736
71758
71783
80416
83444
91138
91195
96631
96964
101863
113259
120549
121587
123102
126205
129066
134731
136009
139178
143745
144777
145400
145980
148332
148852
150659
155836
158697
160615
175234
200167
204688
208392
209198
230779
243497
246134
299574
299705
302069
342943
401163
473828
803
2009
3988
4154
9337
9720
9954
10464
10526
11615
12899
17019
17804
19365
19636
19895
20116
20768
20848
21067
23621
24401
24935
24950
26310
26596
27162
27343
28290
30232
41599
48761
49831
49844
50903
51686
52286
52289
55717
56576
59743
60355
63058
63182
64418
64562
64732
68823
68855
70592
70744
71212
71257
75104
78232
92622
94609
95355
96465
97004
97170
98426
100201
109212
117620
119446
121357
124960
128835
130930
131264
136139
138925
141545
143726
144803
148930
149967
151408
151447
156358
160487
171045
173150
178500
184290
185731
198860
201242
204516
212384
219876
220749
230609
230777
231130
233219
240445
263374
274657
382936
423556
345
823
1306
2337
2625
3523
3934
4101
7372
7634
7976
9311
11281
13563
19955
20171
20447
20592
20759
21479
21639
23911
25077
26445
26807
28050
28717
31300
32830
39854
40257
42865
48794
49332
52299
55297
55304
55371
55551
57852
57932
59565
69068
70973
71311
71675
72202
73836
74950
91328
91877
95616
97347
103509
110210
117468
118781
120521
121025
121058
130959
134467
134849
139798
144291
145522
147389
147390
147420
152272
157021
164503
164539
184292
189323
190467
199599
212304
216804
224543
231125
242453
266522
281418
303552
326818
340912
355548
362245
406120
412117
436130
510332
178
225
853
1038
1825
1982
3589
3762
3925
3979
6364
9148
12242
12613
13920
14115
16715
17094
18223
19392
19948
20899
20926
24466
27031
27353
28239
28330
30680
31557
39180
41500
47763
49589
49672
51949
52281
53465
54802
54958
55359
55461
56756
57461
58325
60952
65157
70812
71171
71272
71340
71559
75783
78933
79726
92835
97195
100004
101175
117971
120158
120360
121190
121200
121295
121697
123672
125752
125929
126137
130907
130951
131068
131119
134714
135886
136673
142757
143804
144773
159883
160964
162005
163562
201642
206164
217188
225974
228734
229859
239524
248686
259428
286364
289404
299521
309226
347105
347318
351794
353460
423566
446049
134
393
685
800
1205
1909
2016
2017
3656
6356
7630
7741
7951
10684
12540
17534
17869
17882
18729
20087
21188
25031
26526
26533
26789
26808
27034
31849
36585
40532
41074
42886
45199
45547
46833
49522
50504
50958
51688
52997
54941
55105
55470
55485
59570
61352
64240
64518
64896
70271
70829
70987
71458
75116
76419
83696
86677
91021
92293
94570
95670
95952
99954
103471
108930
119276
119350
120528
121344
121426
121521
122785
127132
127413
130919
134659
134768
135882
136345
139171
139329
148436
154026
159982
173990
178515
190509
242452
255852
283628
289401
318796
450874
242
502
547
1061
2922
3486
4061
4086
4297
4776
7051
7375
7811
7926
10153
13652
14183
17408
17453
17745
18870
19647
20029
20058
20437
22413
23741
24914
26535
26734
26812
26824
27193
27366
27414
28397
30428
31418
43812
49425
50838
51763
54827
62714
63533
71485
74549
74791
75029
75233
76525
76983
78593
79728
88307
91079
92179
92240
92418
96097
96503
96954
101192
103769
108535
112982
119483
120658
122709
123105
123219
125068
129657
135140
135259
136648
139184
141208
142108
142187
143224
144625
147463
149211
149653
152700
152768
155220
156615
158506
160331
178961
217983
224117
241741
252772
254137
258585
299728
303163
324724
339502
346455
101
498
1904
3291
5112
6345
7186
7625
7949
8023
8426
9300
16636
16890
17856
18292
18969
19498
19691
20520
20810
21628
25067
25795
26361
26378
26382
26934
27352
28542
29832
30719
31570
42181
47717
47781
48727
49401
50737
51725
52843
54630
54907
55276
56572
58934
60996
61220
64196
64823
66503
68290
68853
69033
70497
70849
71089
71313
71847
74923
81015
90803
91073
91853
91980
92990
94142
95318
95508
97003
97225
97291
98443
101830
103324
113079
120008
121045
121222
121420
121422
121496
123282
128185
131070
135410
135861
136094
136950
139077
140771
140780
144852
146055
147805
148833
150808
151708
152963
155015
155844
160224
161455
174793
188694
195431
207428
216321
216837
229863
241485
241514
241764
248609
257996
276786
281079
289324
346100
346582
347349
347365
455456
758913
482
1811
3473
5841
6035
6795
7257
7491
7833
10689
12255
12436
13006
13014
17868
18737
19379
19513
19567
19934
20118
20165
20505
20682
20873
21527
22731
25073
25973
26024
26418
26488
27189
27386
30303
30678
30724
35460
45518
47643
48739
49668
50918
51568
52482
55116
55283
55364
55391
55402
55689
61649
64200
64424
64469
64537
64694
65804
66823
69662
70821
70837
71025
71719
71782
71953
71960
75074
75135
82588
84692
91196
93989
95207
95817
96562
96590
97518
98416
100440
101869
101886
102254
103390
104018
109105
119451
120000
121475
131028
132251
132871
134702
136327
136607
139187
141212
141728
143220
150510
159728
160573
173985
174220
188944
190749
202463
207737
220367
220784
220847
221538
231073
232049
246656
257234
261304
261676
277846
299684
340917
359926
405906
490778
576303
109
1229
1556
1796
3504
6397
7211
7878
9809
10104
13374
18151
19525
19731
20220
20485
20662
20800
20865
22176
23577
25235
27020
27908
27918
28357
30681
31571
32595
33922
44975
47715
48689
48806
51821
53496
53592
55204
55251
55604
57897
58604
59195
59382
59573
64277
64602
64707
65551
65823
68867
68872
69016
70974
71244
71433
71459
71710
71812
74273
74607
86520
91014
91202
91429
92485
94592
95397
96127
101802
102413
104738
108670
121016
121157
121759
123666
125957
126011
130948
133072
134675
135846
136445
139214
141486
144859
148113
150032
150563
151297
153104
154011
158420
171043
184244
217205
221901
229682
239778
244907
258597
259131
264191
270221
274680
290260
299589
314308
317540
319667
329616
351817
408235
419957
492101
492940
88
130
1790
1952
3340
3460
3924
4343
5912
6362
7260
7897
8200
8250
12997
13048
13993
20181
20666
20822
22107
24851
26357
27076
27402
27710
27812
28048
28416
29118
30253
30633
33513
37534
39832
41088
41906
47620
48684
49812
51776
52821
54265
54915
61104
64252
64697
64720
65176
66647
69720
70503
71065
71178
71276
71438
71651
74976
79269
84363
91289
91500
91997
92034
92125
92173
92729
95476
95578
95991
96591
96833
96943
96952
98414
103524
114179
118069
119484
120533
121470
125850
126818
127006
127339
129074
129729
130926
134782
134934
136602
136658
136755
136887
136915
139194
139332
141207
141891
142480
145739
148129
148911
152008
153873
155085
155111
157345
187249
210648
212216
219041
223947
228521
230143
237238
240192
240376
241755
299721
451385
618
620
830
3597
3601
3952
4180
4409
6849
7616
8059
8240
8286
9584
10503
13165
13287
16632
16704
17605
21325
21332
22410
24919
24994
25491
26531
26691
27094
27287
27883
27972
28703
32069
33079
36317
37903
42935
42955
45682
48795
50882
52582
53518
54249
55606
56238
56562
58004
58073
58105
58141
59560
61009
64179
64646
65259
68801
69058
70120
71019
71609
72021
74578
74992
75026
75217
77400
77602
80442
91137
91473
92012
92413
92414
92610
92960
92970
95994
96957
97274
97356
102428
103518
113193
114673
116462
117464
120585
120697
121495
121499
123097
125934
125960
129789
130207
130615
133705
135242
139059
139234
144760
145298
146767
147908
148133
148857
149026
153894
154424
158426
174790
177650
180212
183839
184838
189326
190493
196661
202525
203048
203084
208581
218924
222347
226152
227473
228717
228724
230023
238230
241322
248763
251284
257061
261299
263923
274482
274504
288269
289539
304817
346456
347104
347265
354840
389861
490
781
1138
1477
1927
2105
2786
3203
3360
4185
6804
7631
7877
8053
10328
16954
17599
20703
23171
23442
23897
24753
25335
26731
27397
27867
27881
28399
28921
28952
31329
31834
32010
40356
42915
43151
46993
48661
50890
51752
52218
53464
53513
59567
60930
64246
64731
64921
65526
67844
69532
71684
71842
74768
75281
79748
87157
89781
91041
91209
91400
93060
93279
94624
95216
96000
96294
97105
97509
98060
98437
98446
104046
110560
114075
117386
120577
121590
121628
127998
131046
134481
134648
134784
136633
137369
141504
144213
148795
151237
151741
157404
158184
158805
159824
174112
177722
188082
197909
210592
219539
224499
226573
231998
233177
238191
239591
241738
241980
252865
262101
270563
272730
277005
281077
311831
313805
315806
326813
474153
389
493
650
709
1775
1820
1880
2476
3369
3423
5103
6260
6333
7510
7778
7794
7857
8062
17774
17824
20067
20648
20676
21052
21115
21285
24608
24878
24912
26362
27060
27120
27306
28018
28111
28172
28174
28207
29560
30217
30686
30716
31883
39928
40249
43169
43202
49891
51750
55250
55358
58933
59540
61540
64574
64898
65644
66507
69633
70854
70874
70925
70952
70990
71013
71772
71827
71864
75802
79739
82251
91144
91155
91316
92480
93015
93063
93859
94141
94195
96292
97529
97927
98424
101904
102093
104004
116370
120406
120522
121920
123092
123112
123223
131010
133008
134999
139811
143283
144357
146802
146819
148334
151409
152953
153072
157223
158647
173046
189892
205907
207769
210141
212509
226550
229651
229943
241729
272152
277081
280332
289243
359972
381856
786
1901
1917
1920
2912
3509
4140
5770
7070
7657
7952
11365
17601
19018
19240
19405
20034
20940
21154
21228
21574
25954
26870
27052
27783
27973
28120
30282
30306
31312
31551
39864
41169
46155
47632
48762
48830
49819
50960
52734
56548
59568
59872
64214
64547
64589
65569
70137
70583
70866
70893
70915
71414
71524
71694
71820
75882
83197
84222
87561
89693
92317
92644
92782
93028
93040
94146
95357
95934
96420
97235
97493
97756
101900
115277
117385
120401
120560
120718
121035
121065
121285
121292
123291
126148
128136
129643
130100
133708
133992
135056
139053
140423
141192
141288
142279
145286
145541
147843
150060
151223
152231
156967
162733
186929
190804
191931
202094
223694
224984
228924
240427
241947
253006
259146
261218
262757
268365
274120
299393
299445
318717
354060
579447
587
647
819
5822
5844
6110
6776
6883
7352
7522
7541
9419
12032
12756
13376
16882
17821
18848
19609
19755
20739
21462
21882
22228
23106
25778
26043
26782
27704
27898
28289
28649
30329
31811
33497
36725
36728
41631
41709
41785
42852
42898
42982
47683
48659
49674
49775
49797
49918
52300
53597
55327
55450
55456
55592
55830
57867
61206
61910
64603
65525
68895
69023
69804
70516
70825
70890
71441
71669
71833
75036
75170
75301
78698
79365
80325
81932
86697
91050
91511
92110
92403
92566
95034
95296
95308
95976
96272
96517
96798
96969
97585
105229
113022
115360
117460
121125
121233
126001
126184
129743
134673
134711
134719
134729
135813
136707
136863
136931
139070
139198
143226
144539
145612
147433
148407
148826
151234
151872
161303
161329
174150
178782
203574
221460
229639
229913
235631
240236
253649
258644
268804
277786
285538
289317
292267
361783
367703
395846
431777
558347
147
251
330
371
635
1732
1782
1830
4013
4159
4247
7639
7674
7969
8647
9654
10633
13596
16826
17267
19656
19703
20124
22323
23575
23996
25794
25803
26486
26973
27354
28086
28093
29886
30405
31836
31844
32054
41510
43211
48671
49616
52296
53098
53319
55518
55553
56629
58497
59684
60098
60903
61013
61918
62659
64528
64842
64920
65648
67078
68821
68824
69005
71235
71674
71696
71826
71877
72163
73585
74421
75007
75759
78832
79371
90927
92113
92167
92326
92709
93002
95363
95640
96135
96546
97324
100407
102228
112978
119981
120202
120597
123068
123669
126141
126187
128204
129740
129784
131100
134641
134793
135834
136328
136759
139192
139391
141214
141815
147841
148381
150007
152579
153529
155026
158655
171067
188286
188311
198527
207577
209069
214192
218949
232178
238438
238455
240201
240379
248528
258806
259144
282629
298640
299562
300917
318841
348414
351358
394350
414605
611883
275
563
780
831
1513
2003
3545
3598
3652
3759
4021
4690
7619
7671
8116
8682
9965
10804
13137
16745
19542
19565
19915
19940
20002
20954
22668
23077
24821
25147
25322
26715
27044
27087
27237
27346
27711
28647
30221
31326
31429
35504
37861
39933
42948
45646
48809
49480
49890
49899
50058
50248
51783
51793
52432
52923
55243
55867
61018
61654
62632
63512
64543
66702
67064
69422
70803
70834
71001
71076
71254
71286
71521
71735
72009
74867
75249
75799
79727
80333
83895
84535
84691
85057
86971
91009
91065
91169
91488
91876
91966
92809
94423
95988
95993
96162
96983
97144
97154
97245
97603
97659
100037
103517
104051
109817
117356
120535
121234
125718
126183
130935
132882
134660
135285
136632
136716
139209
144932
145831
146801
147245
148340
152252
153569
153789
153860
155046
161197
161798
161953
163023
171394
174183
174316
178699
178932
185733
185736
188281
196711
203073
210294
215831
218292
229744
231162
237184
240420
241521
261536
277049
295354
320099
340918
361932
390413
419960
436484
816305
1027132
341
590
1609
1807
2041
2240
2618
3264
3471
3496
5779
6800
7171
7637
7644
8292
9565
9786
10275
11510
16754
19427
19842
20078
24607
25477
26231
27208
27289
27371
27409
27846
27851
27855
28156
29767
29780
30472
31105
31818
37545
40424
40545
40603
41560
43680
45093
47619
49603
49747
50292
50296
50912
51860
52287
53998
55064
57899
61149
64281
64486
64546
64700
65420
66668
70839
71221
71480
71575
71622
75454
82504
83700
86944
91057
91517
91858
92116
93083
94632
95334
95422
96923
96938
96996
97056
97240
99955
100796
108586
110064
114086
114361
118944
120315
120393
120576
121117
121124
121370
121555
124473
125996
130307
130912
132935
132960
134605
134806
134877
135794
135828
136402
136604
136858
144617
144925
146322
148603
149986
152166
152381
155380
156006
158507
160580
161866
174362
185924
190483
190696
191508
212231
218076
223541
224560
227895
242018
244833
246396
268345
269892
286733
289398
292134
295517
299361
299554
346647
351351
402612
546034
158
382
556
1422
2397
3212
3333
3615
4375
6475
6791
7576
7970
8513
10406
12184
13227
14015
16622
17606
17812
18574
18698
19414
19488
19645
19688
19811
20780
20823
21223
21295
22442
24898
26491
27612
27618
27674
27682
27927
28122
30265
36552
37746
42780
44454
48643
48654
48694
49729
49735
49804
51714
53775
54900
55107
55511
57942
60034
60998
64235
64263
64685
65189
69022
69310
69530
69605
70148
71432
71549
71677
71728
71802
71857
91220
91493
91521
91878
92795
93103
93445
94559
95398
95798
96810
113854
117499
117604
118394
120497
120532
121334
123718
124938
126292
127102
128846
130098
134688
134708
134885
135448
136101
136776
137089
139195
139385
139397
140967
143152
144696
145023
147311
147359
148767
151511
151700
152246
152587
152846
155019
160708
162309
169577
174993
177716
177725
184296
186952
190514
191783
202186
202488
208584
220948
222445
239725
241726
241747
261906
277629
282496
299422
301444
318704
336678
346568
359328
395751
599694
826437
193
585
689
1635
1865
1892
2899
2909
3028
3094
3914
3940
3944
5906
6331
7287
7895
7995
8175
8204
9763
14245
17064
17863
19553
19718
19734
20231
20594
20803
20815
22525
23339
24005
24514
24683
25217
25237
26878
27200
27280
27954
27998
28283
28451
28720
30301
30690
35421
37551
39926
43971
45683
47622
47807
48649
49595
49852
50146
50664
50964
51345
52298
52440
53437
54789
54809
54895
55370
55516
56456
56606
57998
58120
58985
59000
59834
62631
62642
64213
64703
65655
66644
68812
70017
71198
71291
71338
71703
71890
72205
74339
74872
75190
75294
91016
91056
91197
91428
91778
92251
92315
92933
93079
93226
94460
94568
96523
96614
96934
97088
97247
97442
98346
98460
100005
100024
100778
101975
104047
117995
121107
121180
121527
122035
130961
131030
131079
134344
140441
141508
144936
147273
147520
148452
148948
149600
150479
155662
160214
161322
174375
174457
178970
180261
184990
205038
210140
210597
212382
219335
236242
237236
271823
273028
281080
281403
286436
308032
311153
314244
368357
388335
388797
416692
439108
444223
1017832
616
1388
1724
1766
1846
3674
4041
4094
6859
7646
7684
7732
7973
7988
13074
13351
13537
17611
17794
18846
18979
19012
19661
19865
20094
20099
20941
20973
21283
21651
25761
26764
27336
27389
27650
28054
29041
30317
36008
37562
38896
39660
39865
41497
47655
48517
49434
49493
49762
52039
55123
55642
55720
59572
59578
62644
64160
64245
64556
64565
65566
68838
69640
69926
70806
70989
71054
71097
71211
71279
71348
71356
71439
71445
71738
72023
72127
74076
74819
74893
75084
75306
75787
77036
89703
89706
90991
92324
92417
92761
96335
96826
96913
97031
97713
99160
102209
102244
104029
106689
117583
120228
121577
122016
122779
125305
127275
129793
131474
134469
135870
136622
141534
141905
142537
144615
145355
146379
146826
147416
147562
149047
151915
154023
157422
157537
159892
186550
189703
192024
202015
204836
206387
216277
219286
220585
221564
230596
237252
240956
241937
246223
247766
251953
263894
276976
299789
315291
329195
334525
354475
354838
468761
471360
474
516
519
569
626
3061
3140
3335
5989
6107
7374
7571
7632
7854
7911
9705
11832
12047
16836
16930
17800
18340
18923
19548
19713
19746
19779
19933
20234
20440
20762
21371
22636
24828
25193
26728
26860
26902
27872
27931
27955
28177
28495
28552
28743
29833
30319
36809
36971
37723
40390
41537
41723
42867
44588
48820
49871
52326
52999
55678
58386
58942
61198
61207
64197
64478
64490
64492
64510
64613
66855
69614
70502
70578
70807
70908
71127
71483
71648
71679
74909
75091
82247
83623
84189
90911
91254
91855
92069
92420
92517
92602
92747
92817
95176
95292
95326
96700
97227
98062
98418
100577
102760
103528
104005
109905
113519
120592
121095
121127
121211
121301
121346
126225
129788
131064
133098
133300
134328
134669
134704
135283
135871
136350
140777
141217
143472
146989
147873
148181
148792
149647
150022
150333
155020
156212
171501
174212
179457
188600
195514
195949
202063
209217
212423
212491
212524
215510
217186
223674
228951
238188
238497
241972
259365
259529
262192
303618
311349
319597
344129
395025
398060
416775
445665
475063
612655
736861
450
1176
1804
1843
2569
2975
3439
3893
4148
9657
9738
9983
11165
11295
13047
13905
16969
18372
19823
19975
20123
20931
24812
24836
25185
25215
25390
26315
26930
27003
27059
27251
27290
27344
27739
29690
30237
30425
31346
33913
37544
39658
42570
43006
43049
43283
48744
48771
49319
49561
49567
49773
53497
55538
55572
56222
57862
58162
60089
61098
61219
61735
64516
64727
64788
64847
65558
68328
68786
68837
68938
70571
70947
71181
71252
71407
71720
71781
71792
71811
71815
71835
72035
92189
93021
93700
94136
94160
94625
95241
95818
95901
98355
99197
99450
101839
105673
113099
113651
116233
120250
120524
120608
121170
121630
121634
123155
128171
128896
129664
130911
131936
133370
134689
135209
135876
136355
136400
136448
139012
139295
140448
141558
145394
145747
146147
147849
151199
152234
155012
155025
158460
159614
179947
187250
195511
205919
207411
210302
211272
212229
216445
222590
226518
227251
229740
245132
257992
261222
269940
299737
312227
318849
336584
346644
348348
348409
351346
351449
351455
414205
447125
474470
206
220
558
575
789
1202
2709
2885
2898
3183
3680
3764
3883
4078
4092
7297
7896
7950
8044
8102
10480
12455
13020
16625
17873
18197
18943
18966
19390
19560
20003
20211
20694
21255
21272
21376
22142
22716
23387
23489
23495
23921
23933
24486
24973
25229
25695
25757
26501
27384
29483
29749
30236
30369
30967
30997
31258
31910
34342
36407
39731
43226
46917
48545
49092
49591
49745
49886
50151
50808
55066
55264
59553
60308
61002
61194
64485
65560
65851
67062
70559
70828
70949
70977
71413
71586
71596
71702
74858
74877
74968
75011
75150
78032
91055
91513
92812
92994
93129
93490
94123
94366
94558
95519
96742
96944
100324
100516
104090
104097
104103
105202
108539
108908
109186
113058
117440
120501
121603
121826
123188
123675
123833
128262
129642
130529
130916
132878
134662
134913
135849
136013
136461
136659
136810
139140
140617
141546
143762
145470
148735
148742
148745
149604
150575
151284
154059
155061
157932
160225
161127
161330
174142
174329
178662
190466
190697
207424
218653
221549
222111
229640
230095
235562
239424
239774
240386
241954
248608
248899
252983
256229
262215
264763
271662
274694
275252
300180
303512
309167
310531
326843
327079
347319
348021
357407
451416
487086
469
601
792
793
2007
2024
2539
3201
3997
4179
4268
5804
5829
6198
6979
7206
7455
7588
7659
7942
10045
10048
10788
10824
13010
13018
13924
14287
17172
17858
19806
19829
19964
20253
20449
20492
21185
21191
21826
22505
24923
25234
25286
26207
26657
26842
27240
27606
27747
28231
28382
29344
30035
30226
31574
34721
35531
35619
36409
37559
37785
40274
43102
47662
48824
49507
49574
49621
49664
49669
50410
50586
50902
52290
52359
52985
53483
53792
55240
55486
55593
56768
58974
59748
61010
61208
61912
63836
63978
64549
64577
64749
65562
67017
68371
68993
70953
71349
71637
71718
75027
75055
75345
76738
78833
91145
91497
92615
92617
92799
92966
93102
94396
94753
95117
95336
95790
96684
97028
97369
97476
97967
98438
101878
102150
116320
118800
119493
119515
120537
131058
131512
133084
134810
136129
136374
137539
139230
139328
140758
144636
144861
145372
145484
145741
146799
146943
151019
151556
151873
152182
153872
154467
156980
157022
157411
158664
158746
159580
160313
161215
161302
172224
174344
175172
177667
189909
195423
200776
207570
207667
216275
217595
218322
221334
230603
241908
252778
253147
255127
260229
260883
261741
274752
279250
281086
281273
285435
286972
293120
299689
299746
301386
314861
327171
345912
346600
353865
395508
395620
419975
456147
656335
497
537
646
2494
3256
3610
4005
4280
4718
5826
6816
7231
7248
7284
7687
8057
8058
9338
9807
10066
10313
11292
11336
16707
17328
17699
17811
18043
18241
18906
19523
19705
19743
19863
20009
20126
20725
20964
21248
21274
22161
22968
24874
25219
25785
25952
26135
26377
26517
26750
27211
27285
27928
28202
28222
28253
28758
28818
28824
28887
28905
28927
29143
33428
36625
37543
37618
40432
41606
41688
43007
44436
45483
46994
47654
49912
50895
54505
54993
55437
55465
55713
55838
58005
58115
58138
59810
60970
63211
64515
64523
64709
65035
66657
68870
70853
71466
71511
71515
73698
73885
74008
75109
75186
75235
78682
79708
85961
86702
88048
91129
91281
91290
91464
92103
92242
92300
92304
92771
94603
95362
95900
95928
96312
96602
96729
99305
100381
103511
103595
104025
112333
113398
117456
121130
121411
121586
125930
125975
125980
134737
134923
140453
146091
147845
148552
148559
149209
149243
153432
153546
153722
154451
156342
156600
157143
158427
159518
174345
178532
178543
190730
190761
191865
200763
201702
201837
206467
212904
215066
219045
224230
228931
229240
229659
230619
233352
238918
244914
246358
246895
259166
267703
274248
283383
289518
294280
295546
299727
301335
302237
309799
315201
318705
318706
350188
364317
385890
532889
906458
525
1307
1813
1934
2409
2502
3595
3625
4037
4073
5758
5780
7304
7414
7667
7906
7966
9202
10416
11293
11790
12240
12925
16729
16920
17410
19547
19671
20039
20729
20745
20956
20985
21043
21239
21510
24141
24300
25302
25370
25802
26692
26874
27331
27446
27853
27878
28014
28084
28187
28444
28493
29718
30411
30423
30451
30564
30565
30705
31554
31659
31868
37765
44991
48513
49602
49909
52138
52223
52248
53477
54908
55111
55290
55330
55555
55624
55741
56178
58119
59577
60310
60945
61039
63515
64661
65030
65532
67353
70955
71049
71149
71601
74120
74826
74932
75209
76554
79392
91559
91903
91960
92044
92527
93037
94129
95349
95546
95579
96681
97208
97343
97438
99468
100429
101588
104128
113445
117361
117371
117940
117990
119474
120567
120572
120580
121013
121795
121871
123664
123685
128011
129732
131069
134685
136454
140994
142278
143718
144929
147276
147840
149834
152242
152249
153266
153771
154034
154463
157918
160465
162783
173052
178227
207622
213536
215079
216378
216836
221167
222467
225708
228719
229303
229304
229745
229897
229928
241490
242054
246222
252877
255291
259332
261924
265497
276971
286409
289469
289490
299390
318058
318885
344196
347225
424243
469647
490629
908228
913507
544
554
706
773
1427
1840
2901
3252
3313
4360
4677
5544
6997
8009
8163
8224
9588
10320
12682
12920
13918
16815
16985
17616
19561
19965
20327
20702
20863
21386
21429
22196
22962
23306
24512
25411
26393
26547
26786
26829
26896
27197
27279
27391
27687
27695
27937
28125
28142
28387
28744
29012
29579
30420
30442
31584
36574
37814
42065
42725
47511
47647
48720
48742
49809
51719
52246
52492
52863
55065
55124
55303
55329
55445
55501
55529
55536
55550
56278
59683
60960
64068
64229
64255
64530
64821
65329
65792
66248
69048
70601
71314
71319
71390
71569
71794
72024
75221
75242
75824
76028
81868
82567
91005
91083
91475
92114
92217
92598
92855
92945
94538
96936
97078
99282
100779
101313
101555
102226
103600
104010
104070
110428
113004
113243
113315
113622
117696
119486
120262
120591
121604
121608
121765
125964
128100
129625
130924
130928
130974
130999
131071
131118
133260
133262
134337
134893
134916
134993
136338
136462
139273
140760
141533
141554
141582
141817
142808
144770
144860
145463
146311
146649
148101
148507
148568
150599
150751
150806
150939
153421
154297
155047
157823
158119
159523
161649
173116
174890
177942
184159
184902
188404
190517
190627
197462
201683
216267
220223
220845
229649
230982
236397
239557
239600
246261
255288
261221
264579
267079
268398
271130
273543
276808
281085
281117
289249
297890
299496
299537
300185
327891
348025
351107
351354
351370
353886
354059
361260
396022
418637
888879
213
238
625
1189
2282
2518
3246
3620
3637
3950
3971
4172
4582
5807
6334
6865
7999
8266
8284
8517
9043
10043
12710
12835
12868
12960
14042
16716
17077
17716
17828
17852
17960
18267
18324
18983
19377
19491
19497
19795
20324
20403
20977
21281
22162
22588
23318
23410
23880
24728
25635
26096
26823
27061
27134
27201
27656
27675
27708
27750
28233
28500
29106
29768
30196
30323
30373
30421
31149
31283
31735
32843
35671
37125
37650
41075
41624
42917
44325
45583
48523
48712
48734
49093
49631
51134
52373
52430
53120
55118
55355
55466
58242
59167
61069
61244
63678
64127
65045
65540
68329
70003
70272
70846
70935
71081
71088
71100
71325
71580
71632
71641
71726
71971
72049
74781
74972
75193
75771
81448
88082
88558
91134
91327
92000
92249
92751
92889
92923
93032
93071
95260
95414
95620
96360
96939
96970
97168
97322
99788
100028
101614
101762
102148
103527
103701
105646
113147
113268
113484
113611
117598
119443
120643
121076
121093
121483
124930
125969
126053
127308
129766
131076
132004
132952
133099
134340
134368
134681
134759
134811
134902
135296
136331
136341
136358
138482
139145
140964
141557
144144
146827
147447
147927
148112
148479
148766
150005
150677
151075
151419
151874
152626
153219
153425
156896
160393
160663
161266
162938
163134
164549
172341
173114
174170
184652
188316
191692
195372
197714
200770
203094
204844
211294
215900
220908
227257
227411
229858
229995
238507
239433
241377
241852
242007
246332
247629
247799
249957
258205
263329
268379
276101
281395
285676
296864
298618
301434
311220
311812
318742
327423
351780
353413
354857
355988
367698
370190
389229
394037
416781
441238
443937
446279
521511
738607
1071176
438
577
1249
1801
1886
3266
3495
3624
3631
3639
4223
5869
6324
6833
7422
7602
7754
7866
7907
7908
7913
8165
8601
9132
9151
10918
12629
13240
13372
13942
14149
15066
16703
16746
16911
17536
17833
18642
19730
20222
20502
20656
20776
20791
20842
21105
21304
22447
22612
22620
24303
24420
24844
25170
25190
25727
26532
26645
26709
26813
27230
27261
27275
27417
27700
27755
27923
27970
28051
28057
28400
28832
29670
30276
31634
34029
37112
40162
40251
43071
43884
44552
46186
47621
47642
47649
48907
50714
51740
53750
55127
55343
55451
55539
55685
55695
55983
58128
58653
58982
59404
59545
61015
61251
63799
64121
65069
67147
68297
68687
70538
71010
71387
71943
72279
75219
75223
76063
89708
90906
91062
91150
92054
92521
92768
93100
93163
94023
94750
95299
95773
95863
95942
96376
96483
97006
97145
97207
97534
97990
99949
99977
100439
101185
101535
104130
117527
117911
118496
120410
120539
120548
120556
121098
121202
121519
121648
126249
126940
127129
129730
130922
131104
132943
133669
134234
134644
134982
135845
135877
135934
136072
136674
140772
141896
142249
143794
143889
144492
144904
146258
149692
151213
151512
151896
153508
156583
158266
176606
187595
190492
190602
192119
202118
205712
207357
212085
212932
213237
218077
221169
222400
224623
224632
226163
235896
239596
239726
244566
252292
256492
257713
261300
261371
265506
267452
274145
275742
277967
297234
300162
314830
335004
348430
353351
362276
364305
440154
444372
606793
691362
889257
594
727
858
1254
1779
1829
1854
2490
2548
2930
3245
4234
6376
6781
6806
6928
7216
7604
7620
7875
10739
11272
12245
12606
12978
13286
13710
13908
14095
14424
17204
17874
18778
19350
19417
19868
19906
19922
20187
20250
21167
21176
23991
24212
24679
25016
25046
25230
25743
26544
26821
27012
27361
27382
27746
27907
28189
28333
28604
28993
29541
29763
29834
30410
30713
35272
35808
39867
40128
43241
44510
45100
45607
45775
47350
47810
48656
48818
49829
49897
49921
51734
51813
52381
53329
53634
54519
54940
55602
56625
57880
60299
61516
63959
64065
64467
64472
64532
64755
64850
64977
65568
66783
68298
68875
69196
69809
70666
70924
70941
70996
71120
71249
71268
71364
71450
71848
71880
71962
72040
73825
74854
75180
76286
77063
83437
83613
84138
85299
90965
91159
91512
92147
92306
92309
92710
92823
92977
93207
95431
95874
96012
96259
96924
97161
97419
97766
100030
100449
101009
101556
101618
101715
101899
102884
104092
108906
113219
118522
120514
121156
121802
123106
123205
123674
123765
125090
127424
128110
129796
132951
134466
134618
134717
134720
134745
135301
135843
136329
136671
139348
139631
140749
141814
145377
145450
147516
148944
149833
150841
151922
152207
153467
153470
153867
153870
153960
154221
155040
156033
159446
159735
161381
162746
171116
177724
177965
188285
200787
207804
208570
217417
219686
221563
222554
230182
241009
241518
252673
252919
273298
282494
286268
299369
299757
300831
310729
311107
327904
329127
340900
344166
345861
345865
345880
345903
358473
361684
362253
406719
458798
633006
1017191
276
645
768
1314
1550
1616
1749
2934
3417
3691
4124
4225
5114
5777
5793
6127
6802
7271
7656
7844
7853
7985
10037
10250
11900
12037
12775
12863
16825
17222
17962
19534
19960
20111
20427
20690
20785
21008
21081
21330
22058
24913
25343
26359
26721
26825
27278
27295
27388
27404
27767
27792
28498
28655
28765
29122
30185
30212
30894
31541
32055
33788
34984
35481
37138
40534
41616
42993
43063
43105
43308
43830
48536
48718
48801
49000
50791
51715
51745
52284
53503
54811
55422
55424
55453
55490
55506
55535
56202
58229
58238
59660
61005
61750
64199
64287
64719
64745
65085
69025
69452
69915
70310
70873
70969
71108
71111
71114
71240
71256
71354
71379
71463
71499
71570
71666
71760
74755
75530
76125
80100
82624
84146
89686
90976
90980
92041
92112
92308
93285
93404
94501
94705
94807
95406
95410
96419
96922
97297
97383
97551
97620
99329
100687
101676
102036
102100
102353
104026
112526
116353
117376
117857
120778
121020
121023
121039
121554
123113
123687
124958
124994
125931
126248
129065
130956
132869
132880
134463
134612
134738
134746
134777
135027
136241
136803
140734
143151
143741
143837
144544
144769
144778
145291
145676
146831
147398
147492
147650
148086
148581
148821
149991
150387
150749
150789
152635
152694
153142
153888
157092
160213
162241
162257
174169
186249
195369
202110
206490
207696
207933
209737
209986
212210
212894
216270
218421
218543
221070
223566
231128
233215
233521
236189
237374
237606
238192
246464
251580
256201
260809
266025
269947
273170
274406
275337
275726
281405
291422
299142
303692
326814
345885
354708
357635
414670
419978
488992
568197
618150
111
166
312
443
486
755
1838
1862
1943
1951
2794
2990
3483
3543
3698
3981
3982
4137
4151
5880
6272
6369
7419
7495
7499
7534
7916
7989
8144
8244
8392
9086
9637
10433
11153
13172
13787
16914
16989
17048
18783
19304
19373
19378
19524
19945
20018
20056
20415
20573
20968
20972
21095
21235
21316
21719
22548
22638
22999
24052
24109
24506
24831
24839
25218
26688
27191
27305
27309
27586
27823
28028
28046
28167
29120
29450
29717
30401
31816
35368
40116
40323
40359
41116
41563
41983
42899
43143
43370
47636
47714
48504
48813
48827
49028
49350
50189
51213
52503
52742
53320
53442
55252
55311
55576
55605
55744
55775
55825
55868
59189
59194
59557
61205
63665
64272
64568
64674
65005
65341
65528
65653
66743
67523
68633
68816
70400
70814
71294
71418
71468
71539
71607
71734
71743
71787
72048
74306
75469
78507
82544
85467
88080
89095
89499
90898
91101
91297
91427
91507
91567
91928
92479
92522
92713
93241
94130
94557
94638
95057
95058
95108
95198
95295
95639
95756
96566
96902
96972
97149
97412
97508
97519
97586
97863
97965
98430
99149
99696
100741
101116
101638
101941
102914
103913
104064
113395
113460
113851
116442
117681
120178
120224
120359
120649
120689
121225
121492
121501
121732
121763
124941
125943
126013
127032
128144
129648
129813
130920
130941
130947
131052
134359
134754
134762
134764
135580
135811
135896
136349
136675
139120
139330
139353
139386
139388
141509
143707
145429
145777
146105
146833
147658
147824
147871
148220
148569
148597
148737
149562
149818
150933
151239
151629
151666
151731
152147
152238
152506
153847
154322
154431
156167
156990
160255
171327
175314
178844
180294
184658
188502
200762
200819
202092
212433
212543
212903
215067
229625
229742
229852
229910
230582
232030
237376
242006
258361
261813
289466
298086
299551
299583
300341
301252
327925
330567
338774
364312
364321
468814
623042
664863
1106508
379
623
641
754
1735
2413
2515
2532
3481
3928
3948
3975
4891
5835
7274
7353
7701
7931
8210
8246
9038
9517
10538
10732
11349
13330
16827
16934
17336
17714
17871
19425
19479
19764
20326
20543
21127
21457
22796
23644
24382
24951
25051
25141
25725
26202
26511
26741
26784
27079
27131
27326
27372
27601
27668
27680
27741
27852
28545
28900
28934
28945
30725
30762
30788
31266
31411
35607
37418
37525
39857
41548
42853
43245
44437
46282
47695
48775
48862
49605
52211
55338
55547
57875
57943
59741
60967
60974
61181
61193
63441
64544
64586
64811
65097
65168
67060
68720
68869
69056
69573
69598
70922
71393
71698
71721
71724
71754
71757
71771
74308
74990
75827
83092
84517
86305
91039
91210
91311
91331
91350
91446
92252
92558
93043
93463
94758
95408
95442
95737
95910
95975
96042
96096
96486
96668
96866
96873
97035
97137
97377
97398
97446
98064
98076
99271
99437
99751
100025
100101
100485
101665
103310
104253
110694
112112
117910
118340
120007
120744
121012
121372
121398
121627
125954
126022
129771
130345
130989
131462
134588
134808
135086
135240
135822
136029
136851
137513
139098
139203
139620
141230
141608
141794
143307
143454
144278
144382
144425
144680
145349
145742
145975
147083
147318
147429
148439
149817
150044
151036
151926
151952
152407
152428
153985
154037
157968
159988
165046
174162
184249
184298
184648
185786
188591
190516
190603
190746
200765
200766
203081
208364
210308
211317
212308
212416
217189
219332
219341
220521
227138
228738
229893
230000
238054
240423
240460
240484
242047
242052
242165
256573
259434
263487
270924
271529
274010
274646
276770
281417
281593
295898
296021
299449
299470
299677
310490
318417
318792
337083
345918
346570
347316
355295
364266
402916
463524
472205
618240
885279
165
331
386
390
478
496
1919
1935
2340
2395
2738
3074
4023
4162
4426
4875
6474
7677
10602
11360
12270
12811
13421
16896
17282
17664
18364
19707
19709
19931
19935
20074
20079
20261
20306
20869
20874
21163
21209
21210
21252
21811
22096
22651
23491
23762
24894
27234
27297
27313
27379
27787
27924
28332
29572
29817
30238
30264
30573
30664
31599
31837
33411
37227
39177
39838
40590
42936
42938
45654
47668
47814
47842
49084
49309
53337
53791
54909
55357
55500
55610
55716
55776
56284
57871
59686
61143
61217
61246
62641
64101
64538
64570
64651
64909
65052
65245
70886
70934
70945
71083
71157
71410
71593
71854
74006
74727
75039
75151
75169
75794
76509
85509
85605
90936
91376
92323
92737
92775
93322
93769
94095
94489
94831
95482
95484
96293
96906
97278
97661
97770
98455
99790
100027
100437
101727
103989
104126
104154
104447
108782
115292
117512
117839
120415
120446
120579
121531
121579
121806
121978
122033
123078
123771
125753
127427
129852
130527
131035
131054
132210
133272
134458
134478
134707
134710
135542
136334
136356
136392
136417
139370
139820
139850
140554
140984
141570
143184
144805
145282
145284
145464
145835
146979
147432
147853
148148
151814
152023
152517
153064
153066
153549
153881
154070
154460
157142
162179
173219
177709
178877
184734
189306
189540
191057
191306
192484
197610
204630
206395
211350
212386
215075
216017
216637
229082
231084
238296
242799
248764
251863
256572
257113
258646
260418
265512
267064
267986
269105
271999
274668
286720
289590
290738
314951
318725
327695
329187
350095
358956
359947
622248
693603
764616
100
333
668
1539
1797
1806
2037
3640
4205
4369
5791
7195
7196
7336
7528
7578
7587
7834
7905
7992
12838
12971
14261
16956
18521
18844
18918
18982
19791
20008
20242
20399
20691
20942
21199
21468
21582
21683
21711
22398
22760
22983
23012
23736
24559
25191
25240
26367
26733
27133
27347
27383
27775
27790
27925
28141
28762
28773
30682
30684
31003
33404
33915
34692
37779
40074
40392
40407
40540
42257
42754
43847
47614
48516
48646
48710
48780
49067
49126
49458
50787
50800
51751
52229
53565
54635
55027
55319
55512
55574
58099
58160
60718
61469
63961
64108
64137
64165
64169
64475
64508
64734
64741
64839
65241
67999
69829
70402
70582
71380
71699
71727
74894
75053
77343
79936
81945
86044
90903
91307
91516
91710
91888
92038
92510
92611
92826
92936
93372
94393
94545
95294
95353
95459
95814
95896
96280
96381
97055
97712
97745
98222
99795
100413
104120
108609
120013
120362
120364
120623
120679
121083
121261
121444
121612
121619
121699
121773
124962
126129
126264
127261
127402
134336
134590
134616
134694
134725
135818
136051
137374
139180
139190
141907
143296
144621
146481
146800
147220
148477
148566
148612
148946
149041
150024
153419
155432
156302
158253
158688
160621
161875
170308
174154
174194
174340
177787
177918
178077
184336
184835
186059
186903
189307
191091
191212
191339
191378
200764
203260
205933
208566
210303
210710
213184
213185
215094
217151
217523
218826
218955
222652
226851
227141
228723
229648
230886
231164
237590
239594
240421
245123
245141
246648
252864
257089
261207
262724
265496
269109
269393
276332
277860
284996
285036
287511
287522
289559
299744
303152
314737
318798
319579
327361
328185
334056
358365
364421
388404
402568
448004
448157
491501
576305
600035
792863
335
549
1232
1847
1899
2062
2864
3095
3395
3683
3920
4120
6808
7055
7236
7608
7626
7695
7805
7827
7965
8034
8071
8653
10106
11114
12091
12795
13128
16975
16986
17270
19617
19634
19720
19735
19834
20017
20085
20221
20304
20701
20817
20967
21118
21153
21825
22148
22671
23590
24312
24824
25013
26183
26328
26522
26550
26559
26992
27205
27219
27293
27398
27778
28265
28291
28359
28792
28839
28857
29168
29218
30197
31331
31892
33951
35004
36242
37902
40566
40597
41521
41806
41839
43209
43869
44461
46897
47439
48532
49444
51685
51779
51859
51943
52142
52496
52533
54613
54651
54954
55259
55473
55778
55822
56198
56292
56433
58151
58181
58295
58314
59900
63681
64163
64233
64258
64493
64529
64835
65067
65079
65156
65262
68797
69194
69440
69928
71042
71523
71535
71551
71646
71664
71839
71982
75201
77197
85431
90970
91003
91078
91249
91284
91440
91969
92092
92190
92333
92513
92676
92773
92877
93682
94040
94087
94163
94773
94863
96917
96984
97138
97141
97166
97184
97340
97969
98078
98119
98448
100051
100854
101609
101853
101887
101933
101946
102102
103335
103529
104063
104138
104236
105255
110263
113409
116236
116976
117829
118793
120023
120090
120557
121762
123755
123761
123770
125268
125356
126142
128418
128756
129662
131077
131461
132982
134511
134920
134984
135406
136017
139079
139239
139276
140480
140759
142482
143432
144956
146005
146679
148212
149198
150566
150893
151202
151734
151979
152757
153285
155845
157029
157546
159472
160961
160971
177771
184653
188399
189312
192646
205000
206032
206150
207624
212575
218858
227117
227506
228774
238467
241495
251096
255754
258805
275140
278295
288254
290342
298644
299403
299471
299519
302062
303608
305225
318799
319359
319662
319956
330561
349642
362172
367952
369514
396247
492237
673170
836153
858326
860659
875391
427
619
643
762
961
1011
1234
1355
1384
1802
1910
2028
2454
2756
2948
2993
3512
3887
4060
4096
4176
4222
4372
4421
5861
7247
7934
7993
8516
9478
9758
11024
11542
11692
11906
13028
13079
14009
16709
16997
17360
17898
17908
18845
18920
19576
20065
20092
20108
20115
20228
20837
21111
21218
22188
22755
23133
23694
24202
24995
25041
26154
26592
26722
27228
27246
27333
27860
28059
28078
28080
28145
28395
28954
29658
30277
30285
32660
33171
33879
37230
39178
39831
40273
40744
41144
41779
43328
45479
46286
47109
48711
48776
49746
49756
49971
50287
52331
53281
54119
54764
54886
55069
55468
55489
55531
55791
55911
56193
58164
58478
61014
64156
64514
64541
64701
65051
65419
69063
69790
69939
70314
70817
71016
71119
74605
74925
74956
78035
82402
84405
89690
90917
90954
91332
91600
92544
92883
93115
94124
94164
95163
95396
95506
95599
95795
95878
95987
96520
96783
97008
97292
97399
97724
97931
98216
99936
101792
101959
102022
102743
102788
103201
112976
120006
120540
121384
121625
122053
123150
125972
126008
126231
127144
129626
129795
130915
131015
131029
134468
134621
134770
135307
135340
135885
137593
139078
139085
139212
139269
141566
141777
141897
142302
144879
145177
147134
147444
147455
148545
149227
149408
149413
150331
150579
151459
155070
155812
155819
156773
157145
157229
159449
161380
162300
163021
163472
163474
170120
174207
178285
187231
187247
190515
192337
198173
200803
208449
208553
211998
213467
216447
216839
217485
218829
222337
222356
222448
223979
224612
227503
228595
229674
230150
236400
238394
242108
244900
246119
247952
252197
255065
256542
262418
263832
263935
265982
268111
269810
269890
281404
282471
285742
286888
287141
289554
290011
294308
297835
299474
299685
311137
311138
318011
329150
348413
393185
394440
398385
456344
679209
692705
729155
744158
951010
974277
979456
198
216
521
661
881
1154
2357
3476
3959
4181
4897
7654
7721
7765
7960
7980
8089
9408
9921
10046
10174
10517
10643
11814
12661
12722
13023
13056
13343
13944
14065
16753
17043
17448
17806
18605
19461
19550
19592
19674
20043
20428
20627
20651
20671
21151
21186
21407
21470
21750
22003
23453
23936
24026
24827
24841
25214
25752
26240
26441
26588
26749
27025
27203
27284
27458
27856
27896
27897
27899
28098
28123
28254
28364
28485
28524
28736
28769
28873
28911
29741
31940
32073
32977
33230
33916
34389
34460
35428
37874
38734
40600
41945
42500
43000
43142
43484
48134
48747
48816
48853
48877
49794
49835
49841
50936
50961
51156
51295
51494
51713
51744
51766
52498
53023
53633
54759
54776
55133
55234
55337
55425
55584
55640
55652
55928
56251
56577
58457
58709
59006
59554
60163
60337
60958
61487
64063
64106
64171
64450
64479
65026
65160
65582
66870
66984
70315
70826
70967
71098
71187
71189
71199
71241
71243
71282
71386
71423
71478
71490
71687
71747
71911
73567
73986
74799
74849
75121
75230
78702
78927
82521
84220
84300
85789
88063
88257
89759
90969
91069
91208
91246
91342
92264
92292
92523
92797
92853
93033
93472
94835
95206
96060
96105
96206
96249
96453
96767
96927
96949
97040
97371
97444
97830
97876
97954
98100
98199
99409
99749
99781
100206
101011
101203
102038
103988
104163
105339
108915
110848
112965
113316
114264
120085
120835
120938
121090
121118
121226
121550
121576
121597
121602
121760
123254
125049
125772
126240
128408
129634
130204
131026
131113
131548
134654
134690
135862
135897
142700
143219
144301
144788
145382
145432
145752
146574
146655
148498
148593
148768
149030
150027
151914
152299
152964
153998
156285
156968
157149
160966
173927
174910
176568
177675
184347
187273
189860
195967
200755
201400
202052
202065
209772
211325
211857
215354
219557
222007
222011
222330
229917
230062
230583
235337
237262
238266
242115
246411
246501
247278
251768
252473
260918
263719
264759
264788
269483
269961
273371
276303
289408
296262
298623
300410
300897
302257
307222
314891
315301
331931
333616
344897
345841
347173
348272
355372
355383
355384
396033
406716
419967
436164
449976
503573
602692
645599
662348
663836
735106
739097
860001
901784
143
150
515
610
1765
2220
3086
3177
3199
3234
3594
3630
3961
4115
4361
6075
6835
7521
7586
7829
7836
7919
8082
9472
10121
10666
11278
11729
12583
12942
13026
13087
16887
16936
16939
17339
18185
19517
19539
19593
19947
20014
20401
20572
20845
21025
21119
21328
22468
22784
22950
23370
23454
23861
24856
25796
26342
26754
26794
26939
27130
27184
27316
27385
27694
27827
28097
28119
28186
28284
28608
29149
31010
31067
31409
32046
33460
34421
39856
39957
40615
40947
42905
43703
43866
45809
47681
48640
48735
48800
48815
49527
49753
49881
49884
50267
50888
50904
51786
52147
52361
52976
54943
54952
54955
55390
55429
56478
56620
57883
58298
58623
59370
59460
60315
61443
61639
62963
64139
64218
64221
64548
64855
66976
68718
68757
68878
69253
70129
70349
71225
71328
71444
71537
71650
71746
71784
71804
71894
74873
82162
84224
84227
88149
89705
90997
91090
91110
91194
91514
91998
92050
92057
92218
92596
92870
92915
93343
93397
93929
94250
94578
95376
95726
96050
96221
96266
96719
97064
97193
97307
97606
97653
98240
99476
99951
99966
100747
101452
102048
102210
102251
102442
112542
113853
114163
114191
116258
118208
118447
119976
120121
120620
121741
125917
126101
128866
130985
132603
134610
134683
134847
136342
136352
136364
136385
136397
136797
136860
136944
139186
139196
139399
140555
140797
140997
142477
143144
143320
144618
144759
144947
145003
146646
148285
148613
148825
149360
150330
151711
151720
153576
154018
154038
154300
155013
156357
156359
157071
157967
158361
160572
161560
171248
173980
174186
177736
177762
177770
177966
183861
191417
195185
196410
202064
202093
202451
206326
208583
209792
211493
212870
218825
221519
223607
227666
229642
229877
229932
237299
239415
239604
241983
242041
242806
247266
249382
252780
261716
262531
270051
274437
280198
281421
282654
285556
287483
289177
292378
293552
299240
299374
299755
300183
302027
302241
302344
312248
315347
318707
335100
340741
344890
347131
347320
354917
355227
356735
357206
386825
493095
494015
512190
597153
628473
629080
692740
709905
789800
942515
1122183
412
772
1267
2242
2512
2728
3381
3414
3529
3927
4048
4097
4156
4212
4270
4296
4299
4715
5842
5885
6174
7109
7220
7245
7254
7311
7500
7944
7983
8183
9118
9793
12360
13053
13193
16584
16744
16819
17662
17845
17978
18193
18263
18312
18401
19403
19455
19654
19721
19784
20285
20423
20610
20777
20870
21080
22392
22628
23072
23290
23510
24146
24685
24701
24855
25136
25781
26832
26846
26863
27086
27765
27895
27915
27979
28377
28591
28686
29237
29636
29661
29963
30229
31142
31538
31569
34312
35616
38780
39853
40147
40401
40430
41558
43121
43175
43963
47633
48561
48774
49045
49320
49607
49861
51684
54807
54906
55126
55361
55378
55426
55471
55494
55601
55947
56195
57901
59212
59264
59559
60356
61063
61348
61554
62651
63857
64614
65561
66346
66934
67340
68027
69003
69438
69778
70900
71047
71223
71417
71744
71931
71959
74042
74963
75237
81960
83934
84246
87481
90924
91173
91325
92482
93058
93124
93933
94067
94416
94644
94819
94829
95381
95672
95720
95765
95849
96086
96165
96197
96394
96437
96441
96474
96616
96647
96953
97043
97380
97385
97592
97730
98013
98687
99748
100415
101012
101650
101708
101864
103392
104215
104259
108570
108616
109404
109421
112964
118402
118713
120066
120698
120782
121305
121429
121571
121633
121758
121791
121813
123109
124189
125993
126081
126182
128748
129120
131009
131023
133088
134596
135047
135277
136925
138906
139240
139255
141146
141206
143653
143761
143763
144635
144909
145753
146658
146668
146839
147427
147496
148772
150004
151209
151559
151560
151693
151916
152258
154423
155076
156836
158016
161438
162102
164657
174281
174382
178530
178541
179698
184295
187297
192231
202049
202120
202141
207757
208589
209084
212897
218828
219331
219813
220569
223693
224799
227920
228718
229975
231409
235982
238300
240292
240514
241476
242900
251583
254092
255420
257454
258346
261225
261277
261685
261749
263263
265017
273904
274945
278546
288415
300862
303406
304053
312671
315196
315274
322077
326815
336108
337208
345857
347478
349028
355089
393682
395782
418330
435120
445941
450810
451390
512452
524252
593479
770102
1081818
1083932
1111560
513
548
1063
1713
1768
1853
1925
2491
3517
3611
4014
4215
4355
4440
4648
4796
5405
5776
6788
7710
7742
7755
8001
8018
8069
8108
8185
8186
8203
8590
8645
8833
9200
10304
10765
13472
13505
13562
13988
15971
16722
16919
17757
18477
18997
18998
19139
19543
19859
19876
19991
20372
21122
21147
21262
24710
24888
24949
25108
25233
25799
25965
26459
26589
26864
26986
27217
27770
27794
27799
27832
27902
27939
28113
28297
28383
29020
29065
29752
29825
29922
30195
30340
30424
30460
30522
30536
30717
31349
31556
33416
34038
34470
34976
35197
36281
36396
36774
40861
41580
42880
43164
43250
47637
47646
48997
49184
49296
49328
49523
49524
49537
49682
49752
49805
49904
49914
50268
50428
51051
51603
51677
52743
52921
53448
53797
54912
55094
55115
55241
55247
55394
55530
55549
57320
58260
58938
58941
58976
59562
60305
61766
62719
64141
64150
64489
64521
64582
64740
64746
65335
65574
65576
66519
66846
67733
69059
69424
70293
70848
70918
70923
71050
71058
71062
71154
71183
71302
71430
71479
71495
71606
71645
72185
73745
74105
74408
75035
75051
75257
75945
76027
81371
83785
85534
85787
91147
91163
91950
92033
92127
92177
92335
92370
93525
94399
94604
95373
95384
95666
96223
96753
97223
97339
97462
97472
97641
97817
97929
98391
99326
99980
99984
100648
101196
102780
103255
103303
103477
103894
104171
109192
110430
113031
115098
118234
118707
119357
121019
121502
125697
125982
125988
126002
126010
126237
127034
128414
129687
130971
132872
132949
133004
134477
134780
134828
135191
135305
135311
136613
136614
136691
136692
136929
139191
139387
140763
141684
141819
143148
144739
145220
145337
145923
146004
146030
146329
146602
147511
148521
149038
149148
149320
149577
150001
150567
150577
150684
150776
151074
151220
151673
151764
152019
153871
153885
154007
154325
157265
157811
158665
159884
160495
160832
162178
163117
170209
174877
177745
179620
179906
187998
188359
190695
190914
198310
200839
202057
202058
204615
208559
210292
213232
218023
218243
218982
224061
227454
228873
229633
229749
230684
233335
240155
241963
242467
243899
247631
248615
249733
254233
256795
258921
263854
264721
265970
267940
268504
269895
274267
275372
280599
281119
293360
301774
302243
303092
303839
310480
312249
317910
318852
334953
340911
345928
355332
355369
362275
413360
419961
446810
458504
476874
774954
124
244
801
1173
1214
1334
1819
1826
4031
4123
4168
4581
6030
6403
6783
6934
7159
7251
7318
7354
7539
7628
7690
8025
8064
8150
8223
9240
9241
9305
10158
10561
10581
11205
12506
13094
13189
13457
13941
14046
17093
17096
17162
17827
17830
17857
18352
18864
18927
18978
19363
19642
19740
19753
19767
19853
20042
20161
20301
21030
21157
21212
22168
23361
23650
23679
23775
24174
24747
25017
25039
25203
25948
25963
26355
26500
26724
26826
27002
27128
27199
27213
27270
27310
27419
27730
27742
27769
27802
27810
27935
28176
28412
28587
28710
28739
28860
29091
29935
30302
30700
30718
31635
31833
31894
32991
33234
34315
37740
37839
40397
40408
40461
40538
43244
44526
47030
47611
47631
47779
48250
48558
48660
48673
48799
48843
49550
49869
50345
50430
50610
50849
51703
51784
51858
53312
54939
55121
55248
55254
55407
55416
55463
55480
55498
55525
55669
55712
55753
55978
56472
56811
58129
58234
58638
60980
61222
61911
62613
64103
64184
64207
64212
64787
64904
65054
65489
68945
69101
69230
69474
69967
70054
70289
70600
70966
71121
71301
71514
71578
71659
71871
71972
74418
75163
75238
75823
76114
78022
86322
91018
91072
91346
92248
92725
92831
92993
93637
94038
94453
94476
94561
94790
95156
95499
95607
95674
95763
95837
95953
97011
97014
97051
97189
97320
97328
97456
97517
97982
97991
98191
99287
99290
100680
101176
102125
102213
103161
103573
104518
108682
109125
112432
114099
116306
117547
117927
118671
120498
120508
120638
120684
121236
123148
123281
124087
124464
126304
128852
130205
130954
130975
131012
131027
131102
134343
134736
134760
134909
135303
136668
136951
139074
139138
139237
139821
139854
141032
141528
141924
142292
142661
143143
143270
143272
143340
144359
144385
144699
144763
145693
146285
146576
146809
147489
147851
148182
148221
148443
148446
148595
148774
148943
149130
149630
149987
150674
151303
151752
152266
152761
152924
153863
154030
154272
154407
155365
155514
155641
157050
157128
159328
160215
162084
177796
178855
179854
184293
185931
202775
207227
207382
207426
208498
208588
210227
212050
213386
216092
219318
221401
221692
228741
229324
230595
231131
239222
239602
241828
242424
244587
247828
249496
254094
256225
259247
260623
268810
269912
271142
273541
274505
277036
277810
283239
298648
299523
299736
301333
301492
310741
312250
316243
319661
346180
346601
356448
357088
364340
385937
395062
483433
503791
529508
570645
570765
938282
32
81
262
511
652
691
1493
1723
1931
2358
2405
2949
4186
4303
4326
4610
6125
6767
6775
7005
7651
7932
7937
7964
7981
8091
8157
9212
10779
11627
12211
12592
12734
13055
13386
13637
14016
14257
14264
16726
17834
17853
18800
18981
19388
19579
19605
19891
19907
20107
21485
21723
22115
22129
22687
22776
23463
23500
24449
24479
25000
25144
25689
26539
26636
27210
27304
27332
27664
27716
27760
27791
27983
28175
28229
28597
28721
28914
29467
29743
30392
30446
30875
31646
34330
34706
35414
35455
35510
36760
37490
41089
41686
42235
43208
43237
45685
47078
48728
49439
49491
49799
49927
50508
51241
52497
52994
53645
54607
54938
55301
55420
55431
55449
55683
56633
56723
56839
59536
59555
59685
59908
60894
64135
64136
64149
64219
64579
64736
64841
65173
65193
66378
66564
67057
68822
69015
69108
70280
70831
70887
70905
71093
71231
71323
71347
71365
71545
71585
71673
71697
71807
71862
71948
73576
74036
75073
75379
75507
75874
76497
78571
79209
81997
82239
82449
84323
86989
87809
91042
91359
91442
91491
91522
91932
91979
91986
92209
92706
93004
93053
93244
94475
95367
95532
95602
95753
95974
96121
96183
96621
96666
96977
97623
97678
98069
98363
99994
100067
100259
101195
101259
101835
101883
101956
102054
102108
102156
102256
102862
102957
105195
113158
113254
113308
114679
115554
116611
118047
118866
119996
120005
120113
120150
120518
120571
121059
121283
121556
121588
121616
121649
121793
123070
123156
123729
125961
126020
128562
129099
129712
130913
130936
130966
131032
131062
131106
131353
132876
134551
134594
134598
134604
135199
136316
136340
136506
136693
139032
139147
139272
139621
139623
139912
140468
140621
140768
141189
141216
141295
141397
143737
143862
144553
145981
147271
147308
147505
147830
148018
148092
148185
148447
148562
148936
149319
149608
150611
151034
151410
151489
151674
153764
154017
156351
156521
158701
159496
159528
161282
162080
162593
171273
172343
172888
173018
174196
177731
178342
178536
186904
187324
189715
190559
202142
208279
208753
211658
212236
216057
216657
219247
219545
220745
220844
222449
225425
227255
227265
227642
227771
228736
229700
229892
231368
236490
238508
239062
242151
246260
248660
248994
249745
255831
255917
256144
259110
260448
262198
262432
266270
269551
270048
271129
272285
272288
272753
282630
283262
283452
285063
289538
289545
290039
298638
299749
301446
309187
311156
316562
318755
320365
327071
329157
334039
345856
346579
348407
353024
364168
406951
406990
429664
433269
445767
461364
471335
471798
492720
510256
523472
532351
545592
546490
553585
893952
367
617
695
775
1324
1750
1817
1902
1955
2890
4009
4034
4055
4735
5837
6965
7110
7342
7686
7711
7996
8177
9304
9322
9991
10914
10919
11323
11558
12733
12998
13112
13969
16797
16838
17307
17381
19035
19835
19937
20400
20697
21318
21996
22131
23195
24130
24822
24847
24889
24903
24936
25146
25516
25870
26409
26505
26639
26883
27192
27243
27387
27677
27714
27720
27975
28178
28224
28882
29196
29551
29882
29950
30429
30766
31157
31657
31690
31845
36153
37119
39121
41505
41582
42300
45582
45694
47634
47829
48644
48748
48829
49076
49447
49470
49510
50334
50756
51767
51789
51797
52820
52887
53268
53484
53499
54641
54821
55417
55444
55446
55483
55503
55787
55814
56209
56766
58068
58228
59200
59593
59751
60311
60329
61003
61131
61182
61371
61496
61712
64244
64910
65006
65036
65330
66861
67825
69155
69252
70182
70738
71002
71129
71184
71204
71591
71733
71800
71850
71909
73935
74830
74892
74971
75129
75133
75276
75772
75936
80265
82860
84352
86985
90959
91219
91272
91275
91299
91302
91378
91434
92199
92246
92256
92394
92595
92614
92731
92760
92882
92995
93333
94627
94813
95345
95461
95809
95964
96048
96065
96144
96218
96257
96264
96567
96737
97201
97209
97232
97588
98065
98068
98126
98398
99190
99789
99948
100447
100649
101563
101821
101836
101877
102159
104159
108777
113199
114049
114166
115345
118244
118554
119444
119921
120108
120583
121026
121108
121516
121660
122068
122778
123421
123681
123708
124933
132941
133094
133277
134821
135037
135139
135272
135821
135857
136142
136360
136369
136615
139076
139176
140430
140655
140765
142103
143271
144775
144864
144921
145327
145462
146643
146683
146828
147162
147213
148592
148594
148810
148847
149586
149627
149733
150736
151018
151201
153020
155734
156051
156291
158399
159521
159677
160205
161867
163123
163131
174794
174812
177759
190541
191323
191669
195388
195409
198326
201202
201757
202112
202644
206112
207343
208868
210048
211355
211922
218428
218834
219529
226281
229882
229883
230594
232324
235549
238062
238450
240194
240978
244944
246345
247574
252156
252689
254699
255732
259111
261108
262197
263553
269794
269918
269952
273495
275786
287366
287667
289773
290325
294530
298483
299797
302844
304952
312491
317907
318806
318819
319668
329521
331894
338985
346604
347220
347256
352055
359907
359922
361937
363422
388003
390234
390427
393085
395045
402234
410695
438173
451418
463647
484102
492522
576201
583073
632564
662957
795175
885410
1108301
209
327
473
1099
1262
1652
1753
1792
1942
2550
2897
3018
3187
3714
3966
3990
4131
4415
4771
6111
6161
6785
7105
7162
7327
7360
7474
7590
7611
7731
7855
7883
8258
8971
9111
9330
10031
10249
10468
11210
12223
16776
16912
17588
17671
17847
17891
17929
18047
18061
18299
20070
20156
20472
20479
20495
20645
20686
21241
22337
22474
23296
23373
23429
23629
25001
25060
26360
26474
26585
26803
27010
27068
28015
28131
28179
28293
28876
29217
29897
30188
30412
30553
30937
30964
31215
31581
31870
32312
33360
33451
33826
33917
37060
37143
37235
37642
38561
39194
39227
40042
40181
41674
41854
42845
43310
44507
44530
47058
47332
47660
48003
48510
48669
48864
49727
51096
53501
53908
54261
55362
55505
55582
55587
55670
56196
56516
57690
57763
57878
58326
58972
60086
60466
60934
61267
61269
61335
61470
61675
62650
64238
64284
64540
64599
64688
65003
65567
68727
68883
70170
70328
70809
70868
71036
71123
71161
71270
71336
71392
71395
71475
71536
71556
71618
71745
72044
72225
73618
74276
74896
75114
75211
75408
75631
75751
75814
75913
76519
76527
76770
79953
80071
82246
83253
84159
88050
90974
91061
91106
91160
91286
91324
91326
91388
91906
92151
92421
92597
92910
92978
93289
95221
95312
95571
95754
95982
96024
96031
97013
97058
97448
97532
97908
97958
98361
98434
99341
99433
99786
99894
99926
99970
100272
100312
100500
101206
101439
102009
102184
102211
103239
103405
103457
103676
103950
104251
105064
105864
109316
109688
112596
113426
113469
115248
115993
117343
117810
119620
119982
120541
120555
120586
121061
121150
121183
121210
121216
121280
121360
121366
121617
121819
121836
122578
123141
123741
128805
129073
129660
131413
131453
131953
132889
133115
133287
133304
134692
134803
134867
135316
136118
136393
136640
136943
138890
139253
139967
140055
140460
140551
141238
141487
141591
142604
143760
143828
144297
144766
145376
145584
146664
146825
146832
146852
146855
147130
147190
148100
148585
148717
149032
149212
150683
151218
152205
152419
152669
153152
153163
155014
155030
155041
155811
155983
156523
157966
158308
158686
159525
160217
161071
162356
162594
163344
170206
170535
174141
174192
178000
185739
185916
191328
198669
202043
208782
210107
210304
210499
212466
216272
219486
219544
220614
222501
222636
224004
226523
229739
230066
230605
231077
233604
235913
238061
238080
238825
240412
242088
242109
243327
243330
246530
246652
248614
248776
249502
251582
254078
254270
255066
255851
258203
261220
261298
261522
264450
267511
268397
274253
274818
278573
281083
282503
285052
289316
289353
295149
299508
299511
303622
304602
308116
311862
313758
313819
317138
325881
326716
331968
339258
348408
352335
380790
387545
390707
396116
405420
417515
419968
451384
451655
461365
469705
475858
496960
510702
527600
552347
571262
639908
113
159
472
719
809
1087
1113
1339
1439
1755
1956
2338
2653
3120
3228
3440
3443
3455
4006
4147
4304
4631
5108
5882
6842
6874
7411
7537
7555
7606
7791
7796
7820
7830
7846
7921
7943
8045
8105
8162
8215
8548
10064
10071
10147
10545
10910
10939
11457
12151
12431
13442
13812
13992
16981
17223
18090
19246
19493
19549
19657
19776
19800
19909
20144
20496
20535
20620
20636
20871
21909
22066
22121
22151
22327
22385
22654
22764
23640
23766
23978
24815
24867
24881
24929
25065
25124
25149
25225
25708
25875
26099
26816
26960
27070
27291
27360
27660
27759
27777
28102
28171
28182
28183
28245
28255
28320
28614
29264
29641
30294
30587
31040
31408
31696
31777
31884
32199
32486
33846
34047
37159
37610
37841
38434
38684
41095
42462
42947
43037
43274
43329
43497
44448
44492
44508
44964
47644
48668
49498
49509
49830
50644
50846
50924
52116
52366
53495
53914
54257
54625
54936
54964
55285
55298
55310
55351
55467
55515
55871
55887
55979
56218
56270
56590
57460
57886
57909
57977
58055
58980
60332
62149
62192
62752
64049
64209
64455
64576
64728
65254
65486
68942
69040
69447
69948
70983
71052
71094
71261
71312
71391
71394
71409
71831
72296
73827
74319
74847
75033
75187
75782
75935
84026
88341
89545
90922
90937
90941
90942
91028
91842
92026
92131
92200
92202
92302
92712
92777
92908
92967
93232
93744
93842
94120
94515
94593
94595
94597
95434
95764
95789
96056
96390
96651
96652
97032
97086
97200
97280
97466
98457
99321
99444
99820
99925
100012
100576
100676
101193
101962
102044
102079
102922
104740
108619
109100
113104
113120
113506
115250
115449
117450
119077
119518
120225
120428
120471
120543
120635
121106
121203
121457
121529
121675
123277
124554
125854
125966
128354
128914
130632
131060
131061
131091
134332
134585
134615
134639
134684
134773
134832
134910
134931
135266
135454
135928
136876
136937
139246
139604
141031
141535
141586
143509
143590
143795
144542
145300
145385
145931
146803
148584
148699
148917
149416
149508
149824
151240
152251
153424
153577
153588
154043
154314
154427
155309
156139
156215
156356
156832
159882
160390
160438
160799
160895
160992
161674
162906
163132
164150
173982
177806
178003
180143
183633
190698
190699
191376
191393
192399
193344
206241
206351
207595
211277
211289
211514
212214
212654
212920
216268
216627
216765
217191
218437
218851
219808
219820
220252
220424
229357
229626
229799
231081
235496
236240
236959
238484
239549
240437
244990
246176
246278
251592
255704
259135
259934
260690
262844
263600
270626
271118
274757
275595
275921
277861
281328
283466
287259
287408
297694
299429
299690
299750
303677
305593
308035
310552
310696
310779
310782
313754
313771
314952
315295
318828
319637
319967
329585
332302
333663
348350
349029
351490
355348
361760
364554
365754
391373
395984
445758
466477
477675
482938
484393
486741
512016
526126
542896
570418
611889
630594
722140
744135
763861
946686
1102592
1114462
190
233
305
352
435
531
630
1043
1068
1213
1549
1905
2407
2421
2464
2761
3249
3447
3457
3603
3738
3926
3932
4002
4054
4175
4249
4293
6208
6857
7255
7682
7800
7807
7828
7852
8056
8126
8151
8160
8618
9864
9889
10029
10032
10171
11117
11881
12512
12698
13310
16820
16842
16846
16926
17234
17273
17352
17473
18417
19338
19439
19521
19599
19660
19846
19998
20217
20597
20886
21208
21268
21323
21848
22664
23166
23320
23396
24376
24814
24819
24916
25231
26145
26723
26838
26849
26862
27032
27069
27335
27655
27757
27773
27822
27900
27941
28149
28155
28339
28893
28997
29023
29713
30305
30563
30671
30723
30783
31316
31595
32370
32717
33196
33248
33429
33463
33523
34455
36390
37243
39417
40253
40276
40511
42861
44085
44444
44993
47801
48906
49533
50784
50954
51947
52292
52367
52479
53004
53459
54795
54894
55108
55110
55542
55636
55637
55863
56199
56248
57970
58265
59647
59817
60033
61004
61027
61030
61231
63672
64248
64415
64425
64512
65066
65530
66520
66679
68792
69010
69045
69612
70099
70279
70365
70597
71007
71139
71371
71389
71672
71793
71796
71874
74239
75017
75184
75271
80200
80621
85458
86455
89692
91291
91498
91506
91922
92045
92081
92294
92486
92645
92724
93298
93704
93938
94694
94827
95138
95389
95399
95486
95653
95766
95936
96038
96055
96083
96119
96237
96319
96395
96476
96501
96620
96905
96966
96988
97050
97151
97251
97286
97289
97300
97359
97471
97583
97613
97787
97794
97934
97989
98408
98499
99178
99300
99775
100848
101028
102212
102227
102740
103052
103274
103495
104068
104241
113237
113556
113558
116285
117289
117976
118495
118938
118955
120365
120418
120531
121249
121268
121391
121654
123678
123762
124205
125705
125977
127336
128148
129159
129658
131132
133100
133207
133660
134732
135796
135854
135868
136003
136813
139181
139224
139357
140746
140992
140995
143769
144143
144644
144895
144898
144908
145134
145221
145344
145408
145759
145978
146673
146675
146857
147283
147430
147490
148431
148624
149103
149133
149222
151022
151232
152009
152275
153560
153578
154420
155643
155959
156044
156289
156769
157213
157965
159527
160897
162083
162744
163018
163051
163118
164529
171367
171432
177776
178445
178450
178953
179045
184799
185748
189662
189712
190586
190755
191190
191226
192629
195320
196401
202037
202046
202056
202070
202079
202129
202698
203055
206204
207455
208590
209204
211304
213239
216832
216944
217006
218325
219004
220846
227790
227826
228713
229345
229646
230085
237025
239607
241678
241757
242064
242815
242836
244778
246226
246943
247183
247955
248630
248790
249495
252711
254965
255289
257065
257513
258643
258823
258968
260880
267423
268601
269509
269989
270417
274451
282493
286820
289756
289986
290000
291427
293849
299424
299499
300328
301056
302934
311326
311848
318791
318822
322083
326308
331602
332277
332635
333126
333672
335762
341920
345904
345965
346164
347330
348034
349650
349825
352996
354472
357316
361614
361845
363993
381396
381761
386322
389249
390708
409006
423909
424397
446004
458300
485097
532915
563796
575888
589164
593339
605388
670340
1264
1397
1540
1546
1787
1939
2446
2529
3254
3717
3960
4102
4183
4226
4382
4431
4857
5879
6041
6493
6786
6825
6843
6850
6863
7108
7266
7547
7566
8932
10318
10907
11170
11704
11710
11753
12808
12878
12917
13444
13453
16752
16858
16879
17004
17009
17113
17122
18170
18379
19382
19447
19508
19601
19619
19649
19722
19803
19864
19903
19986
20098
20793
21087
21131
21159
21279
22359
22929
22977
23271
23758
24395
24925
24937
24955
24979
25128
25210
26132
26141
26196
26332
26781
26889
26988
27342
27886
28038
28044
28071
28096
28185
28337
28480
28522
28629
28908
28935
29127
29728
30289
30348
30422
30600
31317
31613
31878
32008
32311
32892
33244
33965
34022
34741
35013
35211
35410
39171
39181
39354
40283
40299
40427
41708
42201
43445
45588
46912
47641
48550
48686
48769
49081
49810
49839
49888
50078
50424
50555
50775
50841
51730
52137
52501
52509
52810
53573
54752
55014
55393
55408
55414
55609
55648
55794
55842
56845
58948
60324
60935
61123
61196
61574
62984
63234
64122
64190
64220
64302
64506
64542
64571
64660
64763
64899
65577
68707
69244
69299
69436
69779
70083
70739
70827
70876
71172
71186
71196
71381
71756
71797
71828
72012
74063
74275
74920
75245
75409
75762
76491
78158
78840
79768
80895
81983
82531
83513
83622
84269
84294
86402
89080
89712
89770
90913
90967
90996
91132
91188
92136
92301
92339
92496
92637
92791
92813
92829
93723
94618
95050
95154
95327
95409
95436
95617
95827
96066
96078
96114
96262
96343
96411
96561
96712
96835
96910
97020
97059
97453
97480
97548
97614
97764
98002
98004
98190
98271
98281
98429
99176
99354
99695
99785
101664
101705
101973
101983
102137
102240
103875
104096
105761
108792
109083
109254
110785
113314
113399
113663
114279
114539
115423
116401
117530
117572
117968
118507
118558
119029
120637
121100
121113
121140
121205
121218
121624
121713
121748
121811
123209
123680
124329
125901
126068
126188
126243
126252
126856
127537
127632
128101
128208
128212
128765
128908
129631
130212
130943
131017
131117
131144
133080
133361
134603
134726
134740
134766
134796
135262
136380
136390
138079
138620
138773
139172
139268
139845
141211
141329
141488
142264
143437
143452
143757
144280
144379
144810
145231
145307
145380
145401
145751
146063
146279
146282
146848
147161
147515
147796
147931
148590
148880
148925
149084
149311
149601
149633
149993
150569
150810
150927
150931
152178
152574
152619
153541
153699
154183
155667
156255
156311
156892
156963
157122
157217
157424
157446
158394
159524
159603
160041
160894
160978
161336
163019
163556
173100
175200
175231
177774
178345
184253
184302
186520
191210
191211
194942
195368
197681
199534
200757
200760
202081
202122
202214
202278
207392
207429
208272
208587
208765
208871
209688
211271
212093
212473
212540
215506
216381
220906
221918
221980
221981
228034
229574
229627
229905
229907
229935
230584
230598
231163
233190
237007
237869
238268
238441
240185
240977
242152
245092
246123
246614
247195
248623
251035
251914
252642
252853
254022
255014
255090
256570
258307
259160
259457
262057
263856
265031
265455
265500
265986
266390
267661
268002
268215
269992
274193
274497
281114
281408
285038
285066
287345
287394
288345
289551
289988
292187
293901
294529
295321
298660
299735
300389
300888
301190
301784
304584
311106
313166
314363
318016
319302
319450
321155
331937
338118
340149
345871
345913
347296
348038
352736
353689
353840
354473
354850
357973
362281
389066
392416
402611
455499
489077
509883
534058
546150
586350
739837
975916
996572
1034652
1091068
87
299
613
624
663
1346
1900
1947
2202
2714
2924
3288
3292
3470
3609
3675
3685
3695
4051
4107
4216
4292
4754
6358
6380
7202
7252
7329
7749
7762
7781
7848
8010
8017
8030
8073
8199
8238
8835
8928
9430
9841
10209
11772
12205
12267
12777
13369
13392
13541
14021
16675
17155
17272
17594
17927
19016
19326
19335
19389
19588
19717
19839
19994
20066
20137
20166
20189
20264
20266
20321
20328
20484
20963
21027
21243
21383
21394
21495
21563
22114
22190
22396
22490
22508
23153
23685
24132
24288
24289
24660
25471
25769
25849
26809
26898
26957
26979
27196
27220
27266
27526
27635
27662
27821
27840
27849
27912
27943
28053
29152
29186
31401
31586
31851
36184
36240
36734
37532
37924
38133
38817
39972
40555
40822
41254
41634
41738
42083
42850
42877
43019
43162
43834
43894
43927
46626
48528
48903
49006
49122
49263
49843
50169
50258
50844
52305
52490
53014
55295
55322
55392
55410
55488
55502
55537
55556
55724
56212
56660
59004
59991
60986
61084
61150
61276
63513
64128
64421
64846
65070
65248
65343
65549
65552
66439
67025
68008
68989
70393
71031
71361
71477
71825
71882
71946
72332
73655
74592
74616
74958
75083
75492
76889
78018
78523
78934
80321
82436
85900
89082
89711
90945
91011
91300
91306
91465
91984
92071
92074
92281
92357
92503
92529
93052
93112
94165
95072
95474
95570
95627
95757
96047
96166
96229
96279
96860
96912
97224
97243
97386
97658
98336
98444
99323
99351
99386
99995
101530
101707
101761
101767
103530
104054
105653
105765
108625
108979
113211
113849
117202
118508
121022
121079
121094
121096
121166
121364
121618
121706
122013
123136
123740
126199
128382
128591
128894
129738
129834
130939
131083
132875
132958
134146
134678
134813
135187
136005
136028
136496
136511
136894
139286
139326
139720
139981
140098
140549
140770
140876
140940
141224
141416
141743
141930
142371
143785
144752
144801
144802
146653
146835
147366
147823
147832
148306
148822
148844
148858
148860
148902
149114
149715
150018
150486
150743
150877
151083
151730
152224
152411
152671
152754
152804
153025
153469
153543
153815
153999
154002
154003
154184
155438
156770
156816
157216
157961
158434
158515
158658
159330
159612
159729
160504
161198
161281
161801
162116
162581
164497
164598
174745
174805
177565
177708
177710
177790
184666
187476
190524
190908
191362
192206
193916
195747
199591
201278
202067
202080
202086
205826
208651
212301
212451
212597
212879
212910
212964
216320
217459
220970
221069
221389
222502
222637
225272
227532
227557
228722
229721
230616
231132
235598
236257
236742
237172
238225
240015
240016
240234
242037
244360
244574
248710
259628
259648
260633
261308
261514
262038
263163
263551
266199
266975
267762
268388
268493
270646
270856
272025
274350
275189
276809
279113
279129
285725
288256
290740
291461
292116
292499
297560
301192
301205
301741
301928
302711
303685
308131
318790
318797
325052
329497
335073
338110
340324
340605
347368
347374
353446
355443
364385
383400
393166
412446
419974
436505
439892
440161
447483
454717
472597
472599
478392
500883
528544
612605
623037
635704
641901
730199
759207
302
464
679
682
1129
1424
1946
2777
2906
3359
3518
3967
4190
4199
4305
4389
4519
4716
5813
6010
6242
6895
6989
7048
7222
7394
7398
7601
7676
7808
7813
8004
8005
8051
8067
8213
8641
9319
9488
9825
9856
9975
10493
10650
10873
11458
11539
11960
11967
13013
13210
13361
14056
14081
15330
16725
16881
16983
17202
17778
17825
17872
18126
18140
18583
18614
18710
19286
19466
19505
19529
19533
19597
19623
20069
20157
20337
20358
20569
21160
21181
21296
21624
21668
21686
22100
22150
22230
22637
23096
23236
23517
24314
24501
24745
25167
25206
25552
25742
25804
25977
26025
26059
26438
26461
26590
26752
26769
26853
27262
27271
27651
27762
27868
27914
28016
28072
28115
28124
28371
28442
28593
28605
28830
28848
29271
29288
29289
29701
29774
30281
30295
30308
30592
30940
31387
31410
31549
31766
31885
31964
32074
32624
32912
33155
33319
33899
34021
36540
37169
37529
37553
37768
38022
38849
40422
41086
41506
41612
41669
41715
41733
42572
43240
43278
43287
43444
44502
44517
45481
47156
47689
47748
48520
48743
48840
48990
49017
49071
49503
50534
50957
51529
51754
51933
51996
52125
53419
53438
54647
54666
54777
54817
54897
54946
55136
55253
55360
55368
55469
55487
55705
55742
55885
56029
56627
56777
58558
58650
59123
59256
59323
59687
59692
60370
60396
60962
61050
61162
61256
63797
63956
64170
64482
64535
64667
64791
64812
64864
64998
65337
65612
68817
68834
68919
69032
70225
70311
70926
71206
71213
71292
71299
71300
71329
71443
71598
71742
71801
71823
71875
71988
72017
74397
74641
74981
75065
75079
75101
75243
75810
75921
75944
77279
78929
79047
79737
85893
86656
88106
89397
89487
89719
90962
90964
90998
91002
91012
91364
91438
91504
91668
91848
91929
92091
92105
92181
92305
92316
92491
92630
92811
93576
93683
94241
94360
95269
95343
95405
95725
95865
96120
96385
96633
96660
96669
96757
96960
96991
97270
97273
97352
97391
97514
97587
98061
98071
99901
100361
100367
101613
101646
101799
101814
101943
102062
102451
102548
103007
104013
106705
109244
113246
114111
116272
116276
117873
118493
118540
120099
120609
121155
121159
121163
121493
121505
121546
121650
122489
123107
123766
123769
125009
126227
126278
127628
128057
128112
128155
128242
128610
130116
130958
130988
131033
133108
133508
134499
134608
134748
134751
134968
135708
136419
136629
136664
136854
136926
138487
139323
139468
139904
141039
141301
141530
141568
141576
143145
143820
143947
144614
144629
144923
145289
145868
146002
146654
146659
146669
146844
147417
147659
147839
147913
148177
148189
148389
148513
148553
149111
149223
149225
149536
149605
149877
150192
150461
150676
150928
151672
151885
151897
152244
152737
153827
153884
153918
156290
156558
156601
156964
158472
159316
159727
159755
160165
160222
160223
160786
161367
163122
163161
170205
170211
176216
178005
178848
178854
179599
179811
183958
184026
184919
188001
188453
190626
191346
191373
191431
191916
199909
200171
202281
203087
203254
203256
206258
207748
208470
209588
210011
211562
212224
215863
218349
219349
219655
220161
220425
220907
221061
224551
227107
228928
229653
229668
229750
229901
229903
230153
235991
237242
239215
239290
241323
244952
246695
248524
248650
250680
252697
255308
256985
258843
259024
259076
259191
261226
261735
261920
263453
263722
264542
264785
267378
269888
269900
270636
270849
274552
277544
281076
281407
283560
285443
287079
287668
288348
289407
289474
293664
294349
296640
297989
299577
299584
299601
299602
299800
300988
303327
303615
304933
305657
310746
318021
318721
319609
325908
329070
329207
334504
344070
347031
347094
347380
348863
359621
362178
362699
387479
387507
396276
404868
405418
419984
419985
421047
428466
448357
474495
498793
519720
533142
575865
585718
596016
612646
627484
661332
662381
1030028
1070203
375
1111
1482
1608
1828
2139
2364
3029
3418
3492
3655
4018
4028
4046
4056
4150
4351
4473
4530
5810
5931
7106
7409
7435
7461
7497
7581
7650
7673
7703
7898
8011
8272
8634
9069
9238
9516
10129
11104
11177
11427
11538
12292
12475
12850
13581
14228
16909
17000
17482
17643
17717
18821
19385
19741
19892
19901
19918
20258
20296
20468
20661
20932
21090
21215
21291
21713
22325
22669
24068
24759
24777
24820
25921
26021
26417
26758
26865
26942
27036
27124
27283
27370
27703
27781
27798
27805
27889
27971
28061
28194
28551
28582
29187
29203
29582
31114
31559
32006
32040
32831
32886
33085
34339
35215
36510
36729
36782
37537
37649
38850
39169
39173
40589
41091
41501
41668
41849
43215
43304
43492
46899
48540
48546
48804
48868
48882
48902
49475
49629
49826
49828
50886
51659
51697
51741
51742
54256
54932
54988
55236
55289
55411
55520
55541
55548
55595
55735
56252
57921
58155
58573
58978
59114
59372
59512
61007
61029
61183
61218
61266
61268
62626
63024
63587
64119
64243
64266
64451
64621
64713
64953
65336
65547
65813
66350
68795
68835
68902
69078
69407
69896
70374
70586
70901
70994
71060
71115
71162
71224
71505
71681
71917
71935
71961
73372
74385
74618
74959
75002
75092
75103
75333
75729
75896
76041
77138
79229
80528
90988
91335
91384
91466
91474
91581
92310
92353
92360
92419
92437
92546
92567
92589
92623
92626
92647
92943
93109
93221
93267
94024
94096
94116
94613
95252
95407
95509
95597
95710
95992
96146
96193
96305
96320
96380
96494
96505
96601
96676
96687
96848
96850
96899
97090
97173
97464
97497
97710
97733
97878
97994
100066
100300
101199
101479
101697
101858
102124
102179
102528
102915
104017
104027
104088
105341
108907
109792
110258
114069
116242
117382
118186
118575
118729
118770
120330
120693
120704
120705
121099
121105
121545
121551
121563
121599
121601
121767
121807
121850
122021
122237
124234
124460
126167
128119
128560
128638
128640
128808
129779
130950
131451
132791
133280
133306
133371
134354
134602
134781
135300
136038
136796
136879
137360
138891
139219
139851
140543
141226
141536
141617
141809
143223
143725
143759
143766
143768
143948
144293
144302
144322
145459
147216
147285
147491
148156
148339
148451
148554
148835
148919
148926
149606
149988
150175
150395
151680
152232
152547
152567
152687
152736
153890
154010
154025
154989
156528
156631
156884
157140
158382
159102
160151
160163
160310
160474
160614
161264
161271
163142
163497
164012
164491
170434
173987
175031
177750
177773
177987
180760
180851
183891
184334
188278
190754
190762
190913
191433
191517
193339
195151
195957
196962
201271
201274
205836
206109
207718
210254
210321
212063
212425
212432
212573
212887
217454
218307
218591
220741
220971
221937
222331
224598
226960
227504
229194
229664
229705
229862
230579
231358
233441
237221
237264
238055
238298
238461
240193
240608
242106
242464
244896
245095
246218
246304
247253
247764
248620
249504
251783
252246
252867
257232
258072
258383
259064
259168
259439
260128
260135
263724
265576
266465
267057
267851
269901
269907
269913
270718
272899
273012
273108
274500
275805
276280
280345
285263
286229
287088
288259
288350
294539
296627
299637
300984
301126
301382
301412
303963
306108
307895
310732
311818
311827
325011
325064
326563
331656
334106
340608
342269
343457
344410
347258
347570
347687
351813
352396
353672
360602
368825
369099
369403
381649
389166
389328
395033
401528
401686
417022
419976
424193
424455
458293
475871
532870
539856
598423
612662
738610
806294
891395
1082302
1108099
1127148
33
169
307
574
1351
1433
1589
1800
1963
2153
2641
2760
2893
2914
3315
3387
3442
3559
3658
3892
3931
3956
4050
4233
4301
4311
4370
4926
5774
5827
6029
6168
6329
6848
6908
7312
7349
7779
7786
7851
7922
8159
8994
9055
9998
10373
10494
10948
11121
12331
12388
13030
13042
13072
13254
13473
13486
13509
13728
13834
13943
13985
14070
16657
16818
16937
17035
17666
17678
18018
18555
19376
19676
19774
19848
19932
19962
20037
20086
20088
20297
20353
20361
20628
20711
20716
20744
20756
20761
20787
20895
20993
21140
21173
21308
21673
21763
21960
22052
22195
22324
23095
23823
24890
25009
25056
25726
25809
25821
26306
26388
26859
27016
27236
27267
27407
27411
27625
27649
27806
27837
27966
28034
28043
28106
28160
28244
28314
28369
28386
28520
28568
28711
28713
28722
28939
29228
29911
30350
30417
30640
30861
30899
30943
31017
31430
31702
31911
32325
32966
34423
34720
37131
37322
39670
40051
40495
41078
41268
41605
41617
41675
42362
42408
42790
43251
43841
44185
45101
46835
47635
47638
48509
48535
48543
49077
49442
49484
49500
49606
50813
51939
52817
53635
54751
55308
55348
55406
55493
55575
55668
55802
56318
56440
56788
56817
57872
59120
60323
61199
61290
61360
61419
61421
61492
64461
64554
64927
65058
66429
66589
66763
66989
67003
68905
69886
69946
70396
70910
71034
71200
71435
71442
71529
71530
71658
71662
71776
71798
72028
72292
73368
73889
74110
74372
74536
75218
75227
75320
75599
75800
75807
75959
76180
78070
78151
78500
78837
79741
79770
81016
82618
84761
87598
87844
89069
89642
90968
91045
91080
91203
91252
91296
91298
91339
91951
92096
92124
92178
92551
92552
92572
92605
92721
92955
92998
93044
93648
93758
93960
94162
95293
95420
95472
95542
95881
95921
96080
96444
96654
96806
96819
96822
96925
96942
97012
97163
97310
97455
97663
97670
97737
97935
98125
98133
98203
98312
99170
99243
100650
100994
101533
101621
101627
102006
102506
103109
103325
104053
104057
104169
104193
104271
108909
112557
112622
113542
118123
120515
120544
120545
120607
120694
120775
120821
121021
121178
121506
121532
121766
121775
121931
123138
123709
124004
126007
127273
127408
127755
128195
128592
128789
128892
129619
129639
129781
129797
129802
129804
129883
132877
132936
134242
134611
134622
134809
135361
135452
135801
135835
135859
135874
135890
136071
136368
136387
136642
136666
136684
136896
139173
139211
139421
140618
140795
140961
141293
143729
144011
144383
144758
144926
145364
145479
145830
145976
145999
146302
147279
147323
147326
148444
148448
148859
149127
149153
149259
149995
150739
150762
151721
151762
151950
151981
152390
152391
152393
152713
153303
153929
155058
155274
155278
155390
155431
155855
156347
156382
157079
157400
158272
159245
159400
159447
160016
161112
162249
163711
170065
170311
173027
173260
174052
174054
174868
174917
174957
177719
178879
179863
183644
184849
186523
186932
187271
187326
188372
188459
189708
190498
191941
195378
199598
200244
200769
200964
201003
208467
208555
208851
211287
211320
211408
211693
212388
212906
213109
216266
216325
218343
218936
219880
220611
220929
221630
221739
222315
226219
227053
228481
228745
228746
228896
229285
229623
229688
229977
230597
231076
231165
232644
233514
235441
235901
235938
236294
236862
238564
239288
239985
240712
240970
241950
241960
242001
242150
242392
243215
244062
244085
248988
249012
251423
251970
252023
252153
252391
253890
254121
255140
255935
257087
257995
259040
259161
259319
259431
259856
259936
260952
261345
263207
263568
264446
264610
265606
266573
270572
270959
271739
273444
274257
274962
278394
280564
283493
283633
285934
288252
289592
290725
291923
297171
298667
298688
298821
300843
300968
301385
301476
301484
302019
302032
304537
304784
309195
309931
311739
313105
318407
319610
319614
319660
319672
320633
322086
323011
323641
331001
336156
336159
337138
344234
345908
345919
346612
347906
349354
352469
354466
359083
360639
362258
364427
370403
381651
381732
381929
389147
389148
391468
394929
416158
417663
426896
440159
447844
451386
451514
459667
463519
465391
470536
471309
476630
495387
503780
506001
532920
532948
534037
579848
595680
633736
688907
730195
842510
1053353
1115550
1130252
36
185
245
344
463
717
747
1125
1303
1600
1812
1851
3444
3985
4130
4251
4263
4333
4465
4595
5806
6337
7420
7450
7526
7577
7735
7910
8109
9090
9123
9398
9426
9470
9980
10193
10965
10986
11096
12048
12402
12725
12761
13429
13916
13974
14800
16809
16817
16880
16999
17132
17471
17686
17697
17765
17952
18396
18971
18973
19001
19285
19443
20175
20257
20300
20303
20314
20330
20344
20753
21130
21203
21242
21363
21588
21626
21844
22401
22552
22647
23047
23223
23820
23877
24036
24398
24932
25083
25177
25714
25862
26178
26228
26411
26529
26984
27082
27380
27420
27824
27833
27880
28114
28193
28213
28308
28349
28632
28643
28726
28833
29401
29557
30227
30467
30468
30569
30787
30854
30901
30966
31220
31270
31452
31825
32622
32664
32685
32766
33268
33601
34773
34928
36241
38836
40354
40476
40518
41096
41615
42270
42310
42498
43157
44471
45674
45756
46096
47652
47873
48505
48539
48553
48565
48796
48869
49003
49047
49478
49481
49636
49721
49821
49823
49924
50765
50955
50956
50987
50992
51726
51739
51881
52992
53130
53280
53561
53886
53924
54858
54921
55377
55405
55440
55464
55475
55765
55976
55980
55993
56005
56300
56588
57655
58001
58332
58391
58398
59005
61254
61450
61892
62760
63157
63851
63975
64095
64522
64726
64753
64917
65038
65095
65283
65573
65717
66795
66798
66977
66998
67019
67510
67664
67674
68268
68293
68480
68519
68791
68857
68884
68951
69044
69072
69457
70649
70805
70961
71067
71192
71471
71574
71906
73007
74053
74740
74880
74970
75513
75541
75657
75813
76049
76287
78127
78262
78732
78824
79421
80724
82528
87935
89701
90427
90940
90966
91480
91518
91542
91824
91885
91975
91995
92287
92415
92836
93913
94091
94133
94149
94510
94830
95205
95311
95354
95473
95566
95683
95733
95840
96052
96152
96332
96358
96496
96682
96795
96982
97186
97233
97348
97354
97388
97499
97512
97848
97926
98067
98439
99164
99448
99483
100034
100319
100454
100700
100886
101166
101186
101266
101684
101979
102263
102790
102959
103365
103488
103569
104192
104246
104617
106687
109176
109875
111494
113619
114127
114193
115637
116231
117355
117430
119662
120453
121306
121341
121418
121580
121642
121740
121808
123733
124255
124931
124939
125942
125946
126063
128532
129785
129843
129881
130577
130923
130933
131559
132560
132874
133625
133701
134631
134750
134761
134883
134892
135146
135276
135713
135856
135873
135913
135917
136547
136670
136686
136875
137487
137521
139278
139293
139354
139394
140869
141210
141513
141526
143717
143723
143809
143859
144145
144377
144987
146073
146598
146652
146886
147599
148114
148187
148192
148438
148465
148509
148601
148740
148885
148913
148940
148950
149262
150000
150009
150138
150685
150741
151204
151739
152006
152043
152682
152745
153123
153772
153859
154225
154458
155165
155315
155839
156144
156344
156355
156746
156785
156833
157150
157203
157351
159278
160329
160349
160492
160496
160650
160672
160699
160974
160981
160995
161213
161304
162108
163139
163261
163303
170279
174075
174135
174611
177711
177732
178531
179782
183661
184157
184667
187356
188599
189028
190513
190756
195380
195780
196215
199195
200794
201489
202097
202109
202160
202404
202489
204639
205753
206485
207363
207412
207501
207555
207598
207628
207738
210482
210606
211494
211949
212211
212417
212650
214201
216289
216928
216954
218484
218987
221375
222268
222338
222371
223612
228708
228944
230588
230787
231080
233401
235894
236002
236299
236471
237263
237729
237855
238855
238860
239540
239615
241430
241519
242465
247768
249499
252287
252999
255806
255849
259202
260294
260440
260625
261244
262504
263612
263730
265994
268393
271668
272898
272902
274331
275139
276937
277032
277691
279462
281116
287080
292707
292848
293112
293961
298628
299451
299466
299482
299575
300838
301646
302061
304511
304836
308448
309453
317113
319054
320993
329053
329114
330597
331055
331459
333998
335872
336371
338134
341946
345907
347106
347379
347746
348444
353649
354467
355487
356651
360779
381425
381713
387965
388055
389115
398396
402632
406784
419963
419964
430097
460060
463241
468775
474057
498778
529769
571356
585582
604709
622605
655156
679568
713950
722137
770017
843293
885278
971047
1013411
1019194
1082386
18
360
541
757
1276
1426
1858
1882
2078
2356
2428
2576
2706
2939
2983
3188
3397
3629
4065
4074
4084
4241
4257
4289
4310
4391
4418
4469
4709
4896
5836
5904
6210
6837
6878
7059
7118
7210
7548
7562
7607
7699
7773
7801
7860
7867
8074
8219
8261
8274
8318
8780
9288
9540
9625
10170
10649
11763
12175
12379
12410
12470
12828
12840
13086
13133
13190
13353
13544
14061
14249
15041
15444
16713
16761
17140
17321
17399
17476
17657
17692
17718
17849
17877
17883
17909
17946
17948
17956
18471
18560
19043
19076
19371
19496
19554
19644
19737
19790
19847
19849
19992
20051
20240
20438
20512
20522
20629
20726
20821
21150
21206
21247
21688
21931
22041
22093
22462
22486
22603
23098
23149
23243
23347
23459
24069
24665
24754
24811
24957
25053
25640
25696
25840
26053
26104
26294
26338
26520
26523
26771
26775
26989
27090
27153
27187
27400
27659
27784
27816
28026
28041
28112
28161
28173
28197
28198
28242
28344
28404
28414
28417
28469
28529
28622
28623
28673
29209
29458
29934
30239
30374
30747
30939
31605
31620
31678
31930
32212
32354
33376
33648
34430
35846
36051
36775
37140
37550
37857
39031
40175
41553
41573
43053
43176
43220
43297
43389
43951
44055
45504
45608
46948
47918
48716
48865
49072
49086
49135
49336
49441
49446
49699
49787
50275
50919
51772
51898
52745
53384
53456
53458
54632
54654
54933
55077
55103
55380
55403
55460
55526
55565
55603
55708
55930
55961
56038
56282
56657
57933
58126
59001
59157
59693
59749
59773
60681
60941
60972
61081
61228
61359
61628
62705
64222
64395
64500
64944
66982
67449
67649
68028
68473
68935
69087
69485
70588
70824
70858
70907
70975
71072
71217
71316
71334
71342
71366
71416
71562
71579
71628
71779
71860
72018
74934
75199
75203
75608
75847
76961
77136
78438
79499
79507
83626
87064
88245
88286
88342
89073
89681
90939
91108
91380
92048
92101
92108
92385
92594
92765
92808
92891
93036
93122
93220
93407
93432
93741
94082
95113
95285
95297
95388
95430
95667
95685
95833
95956
95984
96049
96220
96273
96432
96529
96692
96736
96785
96809
96814
96880
97192
97206
97384
97443
97629
97734
97768
98039
99150
99188
99991
100016
100444
100743
101202
101541
101587
101703
101717
101894
102037
102086
102241
102687
102908
102926
103331
103340
103381
103686
103986
104122
104145
104309
104803
107231
108612
108652
108912
109101
109216
113236
113278
114073
114322
114619
116356
117349
117428
118155
120046
120095
120506
120511
121041
121082
121258
121304
121518
121661
122313
123086
123352
123704
124209
124872
125242
125952
125983
126003
126132
126180
126241
127369
128183
128590
129072
129110
129143
129173
129623
129787
129809
130522
131014
131037
131075
131373
131416
132962
133009
134464
134643
134765
134779
134840
134888
135289
135692
135719
135799
135802
135851
135880
135920
136018
136023
136348
136383
136650
136661
136676
136850
137377
139134
139396
139426
139602
140552
140887
141037
141162
141163
141185
141353
143740
143742
144279
144824
144919
144943
145309
145375
145448
146415
146807
146834
147345
147402
147436
147861
147933
148575
148625
148655
148827
148875
149023
149050
149053
149226
149827
149859
150064
150507
150562
150626
151071
151236
151453
151471
152012
152256
152339
152672
154305
154400
154523
154821
155029
155031
155814
156053
156310
159083
159273
159298
159444
160306
160327
160489
160962
161090
162089
162586
163020
163145
172266
172969
174426
174474
178235
184381
185896
186874
186876
187604
189330
189515
190474
191296
191771
192207
195392
195981
198786
200030
200176
201102
201787
202085
202197
202513
202530
203103
204522
204616
204961
207365
207367
207425
207805
208420
208450
208743
209143
210314
211415
212406
212925
215511
215513
216819
217638
218231
218836
218981
219740
220426
220903
222243
225069
225999
227368
227450
227894
228711
229634
229641
229732
229860
229918
229988
230109
230600
230863
233099
233284
236447
237640
238429
238440
238466
238554
238577
239263
240021
240385
241394
241919
242009
242599
243691
246583
246660
247806
248101
248765
251186
251968
254360
255907
255968
256362
257181
257777
259185
261595
264581
266544
267844
268492
268904
269889
274139
274176
274448
274755
274808
275491
287671
288619
289761
292380
293948
294527
296375
298571
298709
298746
299486
299561
299571
299741
299772
300847
301698
302485
302525
303821
304846
304848
304850
304950
309600
315177
317987
318700
318734
319752
323378
325909
327256
329563
331910
331917
332281
334030
339140
339257
339437
339957
340452
342678
344411
345926
346082
347098
347116
347294
347338
347582
348049
349810
351506
351774
354833
360969
361768
364000
364326
364343
369374
381340
381569
389912
390012
390136
390702
391623
395833
395838
403215
409621
418176
451476
452260
464055
472370
478996
496961
498201
503575
505930
529650
532807
542910
570412
576383
578475
584057
587039
636970
809542
872697
890368
1050759
611
778
1517
1686
1727
1834
1848
2274
2455
2478
2479
2905
3280
3426
3649
4082
4145
4178
4200
4287
4393
4441
4453
4523
4789
5784
5853
6047
6171
7003
7253
7263
7275
7508
7549
7579
7636
7655
7661
7681
7847
7887
7935
8148
8251
9100
9237
10094
10849
10875
10894
11009
11887
12246
12532
13104
13279
13533
13998
14039
14226
16749
17131
17164
17524
17597
17848
17965
17997
18410
18505
18965
18984
19023
19428
19472
19484
19727
19762
19838
19894
19904
20102
20342
20380
20404
20475
20526
20667
20674
21096
21211
21305
21333
21716
21984
22371
22372
22375
22662
22817
23649
23908
23931
23986
24091
24137
24187
24604
25107
25125
25197
25211
25943
26190
26214
26278
26358
26801
27178
27179
27665
27729
27828
27830
27844
27888
27957
28019
28170
28227
28325
28367
28452
28612
29494
29637
29885
30189
30194
30205
30418
30595
30665
30685
30858
31086
31296
31524
33728
33897
33962
34985
35502
35595
36404
36716
37114
37483
37911
39919
40102
40351
40378
41083
41253
41257
41937
42574
42849
43167
43270
43303
43449
44008
44741
46952
47008
47010
47613
47761
47798
48566
48812
48842
49032
49133
49450
49728
50913
51058
51252
51720
51721
51796
52013
52124
52143
52754
53479
54942
55523
55586
55626
55650
55688
55821
55914
55987
56220
56243
56589
57230
57318
57688
57850
57979
58651
58935
58947
59564
59566
59571
59941
60088
61100
61203
61570
61633
62091
62250
62742
63856
64123
64189
64206
64276
64452
64657
64907
65029
65282
66607
66619
67884
68400
69241
69540
69703
70920
70960
71055
71070
71230
71373
71420
71649
71700
71759
71816
71924
73837
74198
74304
75105
75112
75130
75174
75194
75399
75908
76950
79159
79684
79722
79731
81892
84223
84331
85568
86229
87379
88265
89070
89694
91123
91158
91322
91334
91385
91420
91920
91930
91953
91967
92022
92282
92312
92329
92705
92716
92956
93259
93980
94151
94444
94924
95119
95180
95329
95417
95419
95457
95496
95576
95603
95614
95777
95782
96164
96372
96399
96521
96543
96723
96750
96947
97075
97160
97205
97298
97344
97372
97467
97503
97565
97628
97723
98290
98373
98382
98388
98454
99158
99371
99968
99985
100029
100289
100346
100399
100579
100736
100754
100786
101405
101506
101542
101706
101817
102229
102646
103134
103259
103380
103515
103772
104198
104217
104770
108958
109069
109088
109120
109459
110480
110593
110675
110717
112006
112674
113071
113212
113320
113780
114149
114804
115261
115767
116440
119642
120025
120575
121009
121053
121244
121302
121307
121530
121851
123075
123160
123459
124761
126245
126269
127277
127548
127596
128353
128874
128882
129115
129645
129656
129675
130524
130969
131063
131072
133222
133694
134347
134475
134820
134834
134858
134927
134950
135210
135853
135879
136053
136085
136222
136395
136398
136413
136546
136609
136617
136657
136669
139193
139215
139222
139243
139258
139390
141097
141215
141242
141580
143822
143839
143861
143911
144549
144712
144736
144774
144986
145305
145357
145465
145466
145509
145600
145779
145951
146266
146797
147456
147574
147934
148178
148606
148660
148942
149124
149207
149565
149759
149990
149999
151474
151526
151681
151846
151875
152020
152063
152241
152399
152739
152938
153041
153100
153288
153851
154024
155036
155481
155503
156883
156965
157215
158271
158435
158520
159005
159519
159622
160212
161002
161323
161324
162088
162155
163561
168461
170212
170221
171265
174153
174381
174511
175140
175233
177791
177922
179042
180029
180185
183905
184251
184408
184841
188588
190494
190599
190635
191239
191531
191534
191572
191884
191936
191959
191972
195394
196763
196853
197946
200758
201200
202100
202139
202143
202158
202256
202414
202484
204424
204846
206324
206457
207675
208472
208509
208545
208563
208594
209721
211283
211330
212305
212434
213252
213383
215325
215334
216630
216717
218261
218766
218902
218993
219359
220144
220573
221179
222450
222956
227339
227586
228328
228747
229238
229925
230660
230750
230783
231370
235370
235396
236399
238214
238489
238927
239082
240238
240745
241957
242000
242015
242048
242148
242207
242609
244493
244508
244538
244894
245091
245394
248722
250815
255933
257251
257994
258490
258782
259716
260136
260140
261069
261822
262532
263418
263736
264260
266346
266562
266585
267063
268284
268874
269337
269898
273395
274511
274519
274754
274791
274952
275440
275822
276329
277914
278448
278835
279150
281100
282632
285061
285440
285485
286823
286992
287704
288246
290822
292015
298740
299050
299067
299395
299612
300832
301053
301183
301418
303405
309851
310730
310742
313838
314788
314789
315306
316865
318788
325882
329067
330043
331927
335589
337091
338895
339556
343366
345884
346609
347161
347454
347721
348405
348421
349637
351339
353354
353722
354958
355180
355328
359976
360972
362293
362587
364466
381863
382938
383098
384917
391624
395981
419958
419986
424727
431515
436494
446250
449217
451410
454760
462188
464072
468949
470424
470568
479143
503364
563770
569105
576317
609437
609935
617961
623059
661294
686152
715662
1020183
1055602
1096536
161
189
259
440
456
744
788
1378
1456
1488
1893
2354
2371
2605
2729
2950
2999
3213
3390
3593
3608
3760
3996
4112
4129
4161
4165
4173
4202
4214
4250
4294
5771
5773
5819
5922
5991
6340
6410
6772
6876
6881
7373
7766
8124
8142
8229
8260
8370
8471
8870
9477
9815
9816
9834
9868
9986
10079
10105
10370
10877
11081
11522
11540
11942
12045
12264
12355
12417
12549
13100
13156
13414
13428
13497
13611
14248
16650
16712
16733
16918
17148
17627
17727
17742
17815
17846
18164
18360
18576
18853
18926
19008
19314
19402
19476
19666
19825
19884
20122
20325
20387
20409
20731
20767
20806
20955
21009
21104
21116
21162
21198
21202
21214
21256
21271
21400
21616
22303
22615
23001
23342
23499
23506
23832
23984
24031
24245
24511
24755
25115
25746
25898
26077
26397
26481
26806
26946
27073
27221
27327
27437
27487
27605
27610
27645
27688
27811
27826
27829
27862
27879
27952
28181
28391
28464
28470
28671
28794
28907
29015
29268
29272
29466
29514
29632
29784
29822
29944
30278
30296
30346
30400
30488
30975
31639
31704
32677
33140
33409
34042
34688
35020
35371
36586
36799
37568
38622
39330
39735
40264
40417
41194
41767
42217
42851
42902
43401
43419
43857
43945
44698
45147
45175
45658
46518
47340
47680
48763
48833
48972
49019
49024
49413
49627
49648
49894
50786
51693
51846
52123
52499
52507
52904
52993
53796
54624
54797
54924
55237
55554
55561
55581
55630
55661
55663
55687
55770
55800
55854
55902
55923
56176
56377
56556
56654
56802
58717
59066
59126
59149
59288
59543
60161
60295
60344
60351
60570
60975
62662
64270
64322
64744
65072
65257
65583
66624
67141
67373
67737
69035
69073
69490
69535
69549
69754
69932
70606
70921
70950
70956
71073
71263
71454
71597
71663
71701
71731
71763
71765
71834
71883
72004
72120
73288
74244
74274
74315
74820
74859
74966
75120
75192
75290
75820
75953
76475
77153
77207
78349
78845
79177
79942
82779
83234
83537
83709
89083
89469
89721
89746
89810
90975
91007
91126
91216
91344
91390
91476
91890
91896
91989
92098
92149
92231
92322
92354
92416
92631
92714
92753
92820
92840
92847
92896
92986
93895
93941
94137
94139
94419
94832
95012
95316
95361
95562
95609
95691
95796
95985
96111
96113
96316
96489
96507
96589
96721
96865
96930
97017
97089
97379
97409
97545
97648
97674
97746
97813
97964
98111
98173
98309
98940
99151
99162
99193
99318
99442
99465
99861
100290
100695
101183
101187
101204
101442
101763
101800
101834
101896
101907
101947
102065
102177
102206
102219
102246
102449
102896
103330
103369
103510
103512
103910
104037
104117
104170
105763
108548
108671
108784
108964
109146
109198
109799
112595
113062
113856
113903
115095
115255
116021
116137
117192
118511
120144
120179
120516
120538
120588
120617
120633
120653
120668
120787
121122
121158
121162
121206
121337
121369
121423
121585
121792
122791
123091
123135
123668
123694
123859
124461
124463
124762
125047
125702
125932
125967
126159
126206
126767
127073
127113
128106
129071
129160
129655
129774
129942
130533
130888
131021
131067
131112
131406
131930
134483
134627
134632
134817
134818
134969
135102
135149
135543
135590
135860
135872
136008
136037
136408
136542
136616
136698
136721
136938
137622
139291
139374
139609
140207
140539
140755
141277
142110
142376
143508
143802
143885
144285
144690
144704
144922
144924
145288
145303
145436
145675
145709
145973
146813
146928
147237
147423
147428
147771
147844
148108
148137
148232
148383
148433
148713
148746
148815
148817
149141
149666
150029
150141
150570
150573
152021
152067
152228
152379
153098
153452
153524
153591
153813
154476
154994
155095
155369
156028
156133
156152
156360
157552
158429
158466
158505
158542
158801
159486
159712
159932
160219
160226
160509
160954
160990
160998
161326
161450
161832
162017
162085
162120
162262
162745
163125
163412
164630
170059
170214
171225
171252
171420
172352
174086
174289
174389
174458
176578
177723
177788
179568
179978
184006
184170
184193
184390
184778
185744
185883
187267
188053
188336
188584
189687
189694
190631
190694
191626
192192
195798
196983
197674
200122
200162
202117
202132
202480
202497
203083
204609
204633
205050
205897
206128
207313
207680
210491
211379
211554
212429
212545
212874
212883
212905
213426
215616
216271
217591
220373
220399
221007
221858
221891
223570
223672
226410
227024
227316
227490
228769
228930
229224
229321
229746
229766
229800
229921
230164
230168
230241
234463
236483
237251
237713
238433
238878
240415
241973
242096
242100
242170
243465
244055
245102
245168
246545
247008
247691
248260
250614
253005
253049
255848
258167
258963
259062
259123
259157
260449
261513
261523
261679
261684
262344
264024
264666
264748
265254
265568
266649
267288
268231
268367
268918
269082
269899
270014
270712
271572
271581
271757
272298
273113
273607
273609
275034
276319
279277
281406
285541
287082
288331
289402
295008
297367
298788
298915
300840
301247
301433
301472
303337
304048
304603
308290
309192
312244
313751
313837
319188
319413
324105
328146
329749
331108
331804
332542
336708
336829
340964
343597
345924
345948
346449
347266
347560
348418
354109
354828
355338
362705
364342
368689
368847
369641
380912
384313
385583
385585
386325
389623
390216
394443
394944
394945
396216
402582
418763
419962
419979
430488
436487
441542
446140
449220
451269
451382
451409
455770
506587
588097
596433
600471
622470
623741
665907
668308
736170
739716
788285
863780
888597
950406
1045061
1095103
1106652
655
664
671
737
774
1110
1394
1656
1808
1816
1924
2012
2540
2708
2828
2967
3024
3071
3269
3373
3665
3951
4170
4194
4203
4218
4219
4809
5816
5981
6824
7047
7775
7838
8373
8412
8866
9053
9137
9225
10393
11254
11854
12014
12339
12407
13036
13197
13459
13471
13954
14018
14025
15573
16723
16829
16978
16980
17083
17549
17630
17704
17870
18408
19042
19295
19299
19327
19552
19606
19618
19635
19929
20089
20198
20218
20298
20299
20374
20516
20723
20747
20755
20946
20969
21086
21100
21187
21287
21964
22441
22533
22683
22698
23279
23312
23341
24294
24906
24945
25525
25701
25775
25885
25920
26182
26213
26773
26851
26929
26970
27007
27127
27264
27269
27684
27731
27740
27789
27825
27965
28003
28010
28103
28105
28401
28611
28879
29037
29573
29598
30293
30599
30869
31309
31391
31694
31869
31873
32251
32450
32681
33385
33587
33705
33712
34558
36081
37471
37599
37836
37961
39847
39884
39886
40352
40355
40418
40635
41546
41572
41597
43042
43095
43115
43139
43487
43843
43910
44500
45097
45470
46867
46894
48525
48670
48681
48831
48880
48917
49232
49590
49662
49818
49827
49876
50483
50692
50777
50948
51266
51326
51733
51897
52587
52699
52876
52918
53010
53649
53650
53921
54856
54876
55232
55335
55532
55563
55710
55816
55890
55946
56479
56567
56578
56603
56792
57468
57714
57885
58315
58631
58984
59558
59645
60048
60325
61224
61235
61629
61677
62675
63456
63588
63668
63699
64107
64257
64264
64662
64671
64782
65016
65049
65102
65261
65431
65493
65834
66361
66427
69437
69569
69622
69871
70022
70093
70204
70283
71044
71156
71163
71284
71412
71487
71568
71690
71803
71810
71949
71984
72162
75060
75097
75136
75302
75516
75520
75548
75848
76183
76216
76507
77095
78064
78603
79361
80469
82916
84404
86646
87937
89549
90897
91270
91349
91374
91523
91905
91934
91956
92052
92094
92160
92280
92286
92290
92298
92401
92407
92478
92643
92733
93369
93937
94102
94284
94338
94503
94520
94571
94628
94826
95078
95112
95307
95338
95709
95714
95810
95811
95904
95945
95983
96004
96027
96028
96198
96541
96569
96617
96619
96653
96728
97048
97199
97321
97475
97511
97537
97589
97597
97759
97997
98006
98077
98445
98452
99085
99334
99337
99475
99482
99773
99923
100001
100283
100652
100771
101532
101575
101737
101742
101829
101881
102002
102257
102265
102391
102889
103313
103508
103776
103909
103926
104060
104156
104612
105037
105304
109731
111960
112582
112960
113238
113670
114089
114257
115619
116810
117449
118094
118097
118506
118557
118569
118571
120001
120570
120603
120721
120827
121067
121070
121103
121265
121352
121799
121870
121892
122627
123065
123163
123747
125098
126080
126254
127200
127660
129725
131018
131109
131619
133815
134270
134568
134613
134686
134699
134723
134752
134939
135271
135807
136025
136052
136089
136226
136343
136401
136639
136685
137480
137600
138030
139086
139382
140443
140656
140790
141222
141232
141237
142750
143832
143949
144290
144638
144676
144721
144730
144737
144866
144941
145002
145040
145302
145333
145605
145692
146491
146572
146672
146853
146929
147112
147289
147422
147497
147648
147838
147914
148218
148341
148464
148540
148712
148818
148828
148841
148842
148876
148882
148884
148923
148931
149063
149116
149589
149595
149819
150342
150411
150439
151522
151670
151883
152277
152292
152417
152641
152734
152764
152922
153000
153138
153950
154008
154074
154156
154271
154429
154436
154457
155318
155700
157075
157469
157539
158535
158649
159284
159355
159403
160302
160347
160502
160599
160625
160705
160800
160963
161472
163022
163140
163212
163480
163551
163576
164046
174232
174447
174770
174861
177742
177780
177968
177970
180117
184252
184254
184284
184362
184774
184910
185729
186548
187117
187300
188297
188340
188451
188471
188853
190816
191231
191387
191444
191464
191672
191719
193444
195070
195271
195419
195459
195509
195791
195845
197251
197458
200862
200958
201350
201760
202078
202083
202408
202522
204477
204981
205835
207276
207743
210367
211328
211329
212084
212359
212427
212435
212441
212531
212900
212939
213148
213149
213231
213236
215313
216018
216269
216667
217198
218472
218799
218845
219542
220969
221316
221569
221866
221979
222583
222718
222892
224569
225975
226740
226943
227869
228443
228818
228959
229166
229667
229880
229884
230140
230580
230877
231082
233179
233225
233419
233463
235536
236401
236541
237385
237605
238451
238463
238551
239867
241502
241733
242024
242067
242616
244539
245113
246097
246537
253286
253382
253828
254997
255859
256070
257102
258716
259197
260133
260463
260775
261246
261260
261609
261785
261943
262503
266580
267379
268793
268957
269223
269258
269349
269959
270844
274351
274498
274553
275444
277016
278488
279948
280355
281081
283266
283469
285080
285468
285495
288233
289990
290768
292356
299638
299990
300141
301176
301772
303834
304734
304839
305039
309573
309577
312580
315059
315097
318748
318840
319132
319675
321649
324926
326462
327008
329059
329291
330999
331344
331597
332019
333908
334875
336313
339051
343011
343836
346629
347295
347309
347334
347875
349632
351604
352997
354835
354933
355065
355377
355619
361132
364560
370175
381588
383092
385364
385581
385735
387650
390144
390149
390450
394491
395061
401466
404780
405463
416548
419973
436589
446537
451633
451658
464563
465993
466321
466519
478428
484294
490451
498936
510257
573814
574482
581566
611882
624614
626741
630566
777600
857760
874091
433
566
751
901
954
1035
1126
1923
1945
2908
3096
3121
3532
3544
4238
4400
4455
4605
4724
5898
5919
6112
6220
6672
6706
6823
6941
7066
7207
7242
7280
7460
7569
7652
7761
7927
8046
8184
8289
8544
8604
8642
9003
9483
10227
10299
10740
11056
11129
11255
11270
11277
11300
11556
11703
11907
12321
12424
12905
12988
13527
14003
14166
16735
16891
17396
17679
18374
18558
18861
18890
19300
19301
19817
20013
20163
20167
20346
20384
20481
20483
20600
20860
20929
20978
21010
21166
21217
21259
21438
21577
22138
22300
22829
22877
22883
22934
23157
23328
23460
23656
23768
23836
24097
24246
24809
24843
24965
25130
25187
25455
25914
26098
26193
26508
26671
26748
26913
26940
26949
27015
27083
27132
27218
27239
27244
27265
27363
27624
27713
27737
27780
27859
27893
28040
28204
28212
28240
28251
28266
28300
28306
28326
28335
28407
28491
28494
28544
28656
28708
28869
28992
29076
29090
29109
29248
29308
29341
29663
29676
30028
30292
30458
30477
30579
30797
31037
31600
31757
31847
31882
31949
32060
32215
32893
33397
33894
34026
34428
34461
34542
34719
34938
35008
35049
35667
35743
36408
37129
37258
37594
37689
37777
37793
37901
38858
39108
39929
39937
40092
40191
40279
41266
41469
41526
41986
42019
42342
42921
43582
43881
44051
44329
44554
44555
44757
45123
45478
45516
45900
46293
46895
47389
47690
47815
47819
48469
48538
48667
48851
48872
49293
49751
49768
49854
49885
49932
49938
50173
50973
51562
51674
51732
52278
52325
52342
53050
53129
53417
53453
53482
53868
54682
54710
54913
54978
55122
55262
55352
55375
55474
55479
55513
55599
55679
55681
55748
55934
56273
56274
56395
56565
56600
56668
56793
57316
57452
57526
58000
58436
58987
59073
59587
59614
59615
59649
60096
60179
60343
60470
61136
63044
64545
64609
64611
64781
64831
64848
64902
64999
65169
65188
65334
65531
65838
66386
66661
66935
66936
66965
67042
67738
68623
68793
68798
69069
69103
69141
69203
69441
69750
69994
70077
70089
70090
70485
70986
71020
71207
71296
71339
71362
71429
71508
71561
71774
71821
71910
71981
74955
74961
75205
75262
75321
75485
75857
77119
77540
78084
78632
80850
81955
82453
82526
83566
83628
84024
84309
84364
84580
84619
84625
85167
85266
85412
85612
85970
86040
87526
89372
89520
89716
90899
90963
90987
91022
91114
91369
91386
91411
91509
92111
92130
92170
92193
92221
92283
92314
92332
92388
92509
92549
92661
92704
92743
92887
93050
93064
93069
93077
93095
93120
93297
93812
94290
94299
94605
94823
94919
95313
95469
95573
95719
95847
95963
96034
96142
96216
96691
96838
96856
96858
96932
96967
96993
97185
97202
97305
97341
97363
97484
97504
97535
97676
97778
97857
97875
98164
98395
98431
98463
99169
99484
100035
100438
100513
100654
101480
101757
101793
101823
101945
101997
102023
102543
102923
103012
103225
103243
103276
103444
103514
103519
103952
103993
104255
104467
104583
108822
109371
110627
111584
113073
113215
113248
113465
113722
113850
113974
114008
114011
114070
116349
117351
117680
117959
119968
120012
120134
120204
120459
120847
121069
121074
121081
121198
121309
121374
121415
121629
121922
123087
123103
123222
123777
125002
125749
125875
125950
125955
127206
127397
127509
128579
128772
129668
129671
129731
129744
129757
129824
131005
131053
131089
131365
131467
133036
133313
133583
133720
134250
134346
134355
134473
134713
134805
134860
134940
135288
135865
135875
136141
136225
136248
136302
136384
136389
136515
136637
136682
136737
136815
138990
139048
139235
139469
139822
140153
140241
140282
140783
140798
140846
140962
142854
143750
143815
144639
145384
145419
146139
147564
147603
147651
147916
148219
148344
148473
148522
148615
148796
148819
148831
148938
148939
149283
149632
149996
150397
150444
150849
151242
151404
151644
151725
151743
151767
152196
152274
152387
152577
152962
153422
153510
153518
153880
155512
155817
156338
156669
156677
157020
157724
157963
158526
158747
159448
160168
160314
160322
160707
160979
163427
163800
170982
172930
174223
174245
174385
174897
177676
177715
177721
177738
177739
178007
179741
185927
186582
186953
187395
189700
190480
190582
190605
190707
191399
191560
191762
192244
195401
195838
198307
199476
202053
202095
202157
202217
202262
202524
202969
206153
207329
207376
207641
208400
208473
209440
211296
211424
211530
211619
211668
211868
212222
212565
212651
212774
212984
213353
215345
216711
217170
217421
217610
218008
218152
219111
219561
220200
221342
222640
223682
224929
225073
226520
226590
227363
228437
228525
229325
229340
229655
229658
229694
229996
230154
230319
230587
230622
231078
231980
232104
232318
233445
235902
235946
237195
237406
237715
238292
238460
238523
239001
239605
239611
240078
240396
240736
240879
240958
241754
245074
245162
246146
246956
248622
249886
252179
252786
252912
254303
255930
255938
255953
256234
257221
257459
258703
258911
259642
260399
261932
262527
263634
263813
263879
264313
265930
269462
269903
269921
269954
270334
270419
271480
271505
271963
272156
273315
273948
274499
275163
276890
277024
277065
277381
280260
281335
282466
283464
283555
285000
285553
285710
286234
287195
289113
289498
290264
290833
291542
292569
295298
296876
298249
298433
299464
299668
299729
299739
300352
300420
300673
300729
301428
301621
302514
303628
304442
304489
308667
309174
309917
311182
312662
317120
317822
317865
318834
319585
326809
328152
330929
331295
336796
338171
342402
347308
347312
347387
348022
349030
352765
354609
354827
354898
359630
359672
364310
364387
369183
380769
381500
385916
391686
395847
401162
402033
402116
402773
405469
412439
416818
417000
425081
431984
451411
454740
457386
458673
463202
471239
474081
474751
478988
482451
483968
488283
493343
503781
505287
510343
521522
543485
546499
593261
617022
629723
629725
631446
668318
773514
788378
838436
873718
933302
976640
1019837
1043317
1073899
241
272
337
713
877
884
1887
1891
1907
1978
2030
2299
2896
3102
3174
3550
3621
4381
4385
4388
4395
4510
4514
4906
5782
6005
6064
6067
7016
7090
7258
7378
7708
8106
8290
8409
8945
9162
9194
9487
9564
9631
9885
10450
10524
10759
11062
11363
11669
12173
12656
12847
13383
13460
13463
13616
13751
14073
14153
14233
15820
16686
16785
16932
17017
17201
17362
17406
17609
17790
17938
18764
18975
19014
19333
19477
19689
19693
19870
19967
20000
20011
20100
20138
20356
20359
20371
20465
20539
20987
21227
21297
21497
21539
22185
22370
22573
22599
22801
22933
23805
23961
24285
24286
24322
24478
25010
25035
25186
25226
25249
25369
25394
26086
26166
26366
26376
26706
26938
27058
27100
27140
27308
27330
27376
27535
27743
27774
27788
27874
27963
28008
28104
28107
28166
28226
28249
28256
28304
28424
28445
28468
28678
28707
28763
29215
29908
30187
30201
30367
30445
30541
30706
30730
30836
31052
31319
31399
32214
32778
32980
33189
33475
33887
33919
34020
34632
34906
34940
34946
35024
35415
35418
35552
36210
36322
36420
36442
36841
37253
37775
38408
38773
39193
39213
39260
39340
39654
40272
40409
40416
40425
40901
41577
42082
42595
42759
43178
43186
43357
45042
45137
45610
45766
46212
46317
46322
47700
48132
48548
48555
48676
48680
48717
48782
48808
48828
48844
48863
48875
48914
48951
49715
50590
50668
50905
51502
51704
51775
51798
51945
52251
52294
52374
52471
52486
52650
52756
52953
53480
53491
53498
54650
54652
55325
55404
55491
55522
55557
55564
55727
55792
55812
56056
56205
56207
56221
56266
56303
56327
56458
56605
56608
56678
56861
57853
57918
57920
57954
58139
59158
59369
59491
59862
60037
60164
60312
60317
60331
61011
61012
61255
61274
61313
61317
62009
62682
63833
63892
64066
64242
64654
64663
65250
65277
65355
66671
66700
66948
67328
68700
69006
69917
69954
70058
70339
70596
70850
71061
71069
71132
71155
71382
71428
71446
71510
71638
71806
71814
71901
72013
72134
73381
74709
74926
74951
75022
75098
75236
75324
75550
75793
76009
76036
76248
77081
77128
77159
77263
77577
78780
78839
79073
79342
80064
80170
83167
83614
84205
84359
86002
87936
89707
90914
91058
91251
91958
92010
92115
92660
92979
92985
93007
93057
93093
93150
93335
93633
93638
93942
94576
94633
94789
94800
95124
95181
95231
95335
95346
95413
95445
95463
95586
95619
95731
95748
95758
95787
95801
95843
95880
95933
95977
96268
96282
96295
96334
96433
96655
97015
97175
97226
97314
97317
97513
97530
97558
97596
97634
97689
97748
97818
97833
98297
98935
99148
99161
99739
99992
100018
100211
100287
100307
100426
100691
100738
100745
101090
101537
101645
101698
101884
101914
101957
101960
101974
101991
102005
102110
102153
102203
102476
102683
102689
102906
102936
102969
103159
103513
103522
103534
103596
103617
104036
104125
104244
108675
113232
113841
114105
115272
115341
115676
116610
116757
116977
117584
118232
118788
118914
119200
120011
120102
120176
120369
120507
120598
120615
120672
120761
121078
121515
121528
121606
121666
121715
121747
121810
122084
122115
122989
123215
123553
123790
123854
124932
124974
125699
125963
125989
126238
127204
127274
128493
129652
129673
129722
130210
130214
130216
131078
131096
131178
132005
132457
132884
132955
132970
133024
133666
134239
134375
134626
134670
134721
134812
135129
135204
135229
135293
135297
135321
135466
135891
135939
136024
136027
136236
136375
136391
136502
136518
136519
136551
136612
136795
136827
136844
137626
137759
139045
139799
139823
139855
140442
140452
140740
140769
140947
141219
141271
141589
141707
142109
142275
142277
143298
143333
143774
143868
143930
144307
144672
144779
144881
145280
145643
145740
145748
145761
146003
146276
147080
147321
147452
147499
147563
147811
147815
148058
148308
148525
148550
148583
148609
148689
148924
149106
149182
149201
149665
149816
149825
150574
150679
150682
150764
150826
150925
151193
151703
152267
152376
152845
153080
153876
154077
154266
154269
154280
154449
154488
154555
155698
155892
156294
156343
156524
156561
156634
156831
156894
156899
156986
157104
157719
157720
157813
158049
158232
158364
158532
159279
160338
160413
160585
160627
160701
160956
161068
161959
162000
162245
162598
162829
163445
163485
163859
164810
170484
171395
173979
174088
174122
174185
174808
175126
175144
177477
177642
177735
177980
178876
179670
179685
179714
180205
182081
184318
186527
187221
187303
187333
187611
189032
189764
189811
190773
190954
191121
191288
191324
191380
191742
192215
194981
195249
195370
198868
199528
200170
200777
200843
201561
201770
201794
202277
202441
202563
204466
205852
206108
206330
207355
207525
208422
208565
208650
208928
210510
210908
211033
211290
211383
211385
211733
212769
213257
213365
215321
216518
216750
217031
217293
218573
219487
219847
220341
220571
221170
221173
221332
221403
221799
223681
223955
224234
226154
226470
227136
228531
228732
228748
228851
229004
230106
232467
233429
236247
236481
236491
237243
237379
238448
239627
240373
240537
241331
241968
242490
243695
244074
244718
246107
246392
246578
247935
247966
248618
248737
249583
251318
251598
252862
252866
253953
253962
253963
257119
257868
259158
259171
259183
259320
259463
260425
260692
261907
261918
262134
263721
263881
264426
264457
264532
265614
265955
266178
266309
270366
271506
271791
273731
274449
274807
274843
275322
276458
277068
277398
278075
279666
280748
285415
285501
285609
285907
287670
287673
287784
288231
288243
289489
289495
289542
289544
290254
290692
292152
293810
295653
297045
299364
299549
299597
299652
299698
299813
300949
300991
301151
301423
301535
301799
302223
303782
304133
304483
304841
304929
308115
308688
314840
314876
317081
317675
318214
318739
318813
319665
321720
323269
329475
331375
334238
334526
336138
343181
344197
344437
346575
346595
346596
347310
347351
348236
349371
352263
354368
355420
361739
361771
363824
364021
364304
367656
368948
370189
370425
380788
381877
382292
385440
386696
388787
391477
394395
395800
396132
396820
402577
402940
403107
409050
424271
433451
436458
436490
439600
446068
446146
447727
451763
452275
453435
462601
471205
472613
473592
487253
487516
498848
502533
523779
526027
532590
533731
576398
586804
590267
590568
610374
665157
718965
744881
821245
838683
954691
954698
971989
1082190
1088491
1090884
1127989
0
92
254
491
637
940
1543
1664
1916
1932
1972
2008
2452
2473
2792
3490
3722
4044
4104
4126
4376
4435
4451
4516
4591
6043
6054
6136
6192
6201
6227
6860
6995
7359
7429
7790
7799
7865
8002
8078
8101
8114
8269
8368
8439
8845
8960
9142
9358
9404
9428
9956
9968
10268
10429
10859
11168
11224
11553
11912
12138
12568
12573
12916
12985
13235
13304
13830
14083
15223
16727
16738
16748
16837
16970
17002
17250
17600
17763
17829
17884
17904
18186
18509
18836
19230
19367
19458
19583
19587
19596
19716
19724
19893
19936
19959
20109
20133
20183
20241
20286
20290
20295
20366
20430
20506
20511
20521
20921
20944
21033
21037
21057
21113
21171
21222
21439
21486
21695
21759
21836
22244
22734
22997
23026
23191
23216
23385
23555
24958
24975
25246
25668
25760
25982
26106
26554
26664
26736
26795
26805
26841
26926
27085
27259
27282
27604
27609
27841
27910
27942
27961
28012
28153
28180
28223
28232
28238
28312
28394
28455
28487
28602
28719
28785
28902
28909
29013
29017
29084
29519
29559
30193
30215
30218
30220
30244
30316
30413
30635
30745
31261
31299
31320
31397
31467
31495
31540
31676
31689
31842
31891
31927
31955
32018
32216
32667
33702
33744
34037
34319
34449
35031
35403
35432
35498
36837
37586
37596
37695
37772
37847
37858
37862
38144
38160
38530
38613
39191
39430
40248
40362
40368
41503
42464
42594
42950
42989
43168
43221
43720
44241
44988
45619
45743
46021
46938
47194
47303
47560
48551
48576
48725
48783
48786
48811
49002
49490
49563
49577
49637
49690
49792
49867
49919
49970
50506
50746
50909
50952
51144
51148
51567
52118
52249
52288
52495
52502
52663
52911
53015
53075
55313
55321
55334
55344
55350
55401
55423
55545
55558
55567
55619
55676
55691
55874
56021
56285
56423
56426
56571
56582
56586
57557
57644
57762
57910
58408
59068
59371
59569
59688
60005
60426
60957
60984
61135
61314
61433
62460
63521
63619
64003
64164
64269
64285
64316
64419
64578
64580
64608
64764
64827
65260
66996
67077
67310
67838
67979
68318
68655
68716
68843
69169
69277
69427
69429
69446
70037
70244
70278
70294
70492
70871
70877
70930
71040
71109
71159
71297
71305
71355
71528
71567
71627
71920
71921
72036
72189
72237
72490
73276
73918
74038
74300
74508
74597
74751
74916
74952
75068
75222
75274
75559
75727
75775
75841
76037
76073
76207
76381
76418
76957
78768
80597
81947
83231
84544
85956
86021
86593
86933
87038
87110
87461
89060
89561
90932
91024
91052
91135
91353
91524
91819
91947
92146
92187
92291
92545
92555
92917
93025
93061
93107
93176
93588
93691
94127
94169
94410
94430
94607
94668
95066
95073
95101
95440
95574
95658
95668
95797
95978
95996
96002
96061
96158
96174
96238
96253
96271
96300
96421
96435
96502
96506
96515
96552
96756
96903
96933
96963
97000
97179
97275
97330
97415
97427
97687
97824
97888
97892
97912
98223
98245
98296
98337
98421
98425
98705
98803
98993
99098
99180
99283
99339
99438
99780
99783
100322
100325
100421
100423
100777
100975
101144
101319
101562
101635
101695
101716
101726
101749
101765
101779
101851
101942
101961
102026
102232
102532
102541
102783
102799
102928
103056
103147
103408
103462
103538
103930
104044
104052
104077
104167
104222
104254
104256
104758
105301
106047
108562
108746
109089
110155
110328
112921
113052
113102
113415
113446
113682
113950
115719
116192
116310
117342
117432
117825
117936
118567
118939
119022
119152
120018
120363
120375
120411
120474
120499
120517
120630
120636
120783
121049
121282
121416
121631
121717
121874
121900
121924
122233
122456
123201
123528
123655
125036
125852
125973
125981
126000
126170
126209
126228
126229
126246
126256
126274
127621
128020
128115
129718
129835
131038
131126
133206
133289
133621
134586
134587
134629
134652
134788
134880
134937
134996
135090
135153
135389
136087
136354
136372
136412
136514
136634
136660
136869
136979
137514
137592
137610
139213
139337
139384
140076
140171
140194
140438
140457
140466
140563
141118
141559
141575
142265
142478
143323
143696
143765
143884
144150
144538
144616
144622
144673
144768
144794
144798
144862
144918
144980
144998
145836
145846
145849
146269
146286
146484
146581
146678
146840
147399
147466
147485
147643
147652
147713
148103
148283
148648
148915
149048
149419
149828
150292
150560
150777
151416
151668
152108
152163
152164
152268
152582
153506
153822
153854
153997
154021
154064
154071
154075
154350
154453
154485
155034
155143
155222
155779
156210
156243
156314
156591
156807
156839
156995
157016
157078
157155
157348
157416
157486
157917
158363
158543
158545
158733
159329
159453
159581
159888
159989
160076
160164
160308
160395
160535
160996
161349
161684
161964
162014
162180
162238
162312
162357
162810
162969
163054
163127
163426
163441
163548
163915
170217
172891
174144
174238
175223
177670
177758
177858
178442
179831
184274
184368
184657
184875
185742
186914
186924
186983
187312
188322
188646
189313
189352
189595
189643
190502
190634
190764
190911
191155
191257
194954
195417
197933
199532
200145
201665
201875
202077
202499
202534
202547
202716
202770
203074
203291
206325
207187
207519
207540
208047
208174
208207
208764
209051
210145
210162
210164
211160
211339
211377
211414
211613
211884
211911
212075
212247
212344
212463
212572
214217
216276
217618
217628
218249
219251
220572
221935
222075
222395
222557
224554
225072
227033
228710
228760
229286
229338
229511
229576
229620
229650
229912
230021
230141
230156
230608
230640
231386
233082
233199
233247
235819
236416
236714
237008
237090
238258
238366
238824
238924
239214
239908
240314
240387
242236
242389
243366
244073
244191
245065
245107
245145
245165
246162
246253
246292
247315
248984
252840
252868
253000
253001
255071
255305
255924
255932
257207
257955
258367
258922
258998
259257
259705
261461
261780
262058
262100
262206
263097
263229
263735
263965
264469
264659
264769
265977
266026
266060
266198
267083
267084
268956
269914
269938
270237
270865
270996
271196
273062
273316
274011
274143
275097
275146
276338
276473
276909
277008
277014
277015
278550
280653
281277
281594
283411
283453
283491
283502
285831
286111
286703
287343
287706
288226
288260
288285
289320
292137
292585
296008
296232
296922
298372
298845
299378
299659
300417
300841
301248
301521
301805
302359
303083
304953
305604
308451
308640
309572
309797
309854
311142
311830
313770
314039
314819
315548
316384
317116
317775
319587
319853
320798
322128
322951
323086
326576
326703
330032
331332
336105
336135
340899
340923
341485
342303
344870
345804
348020
348321
348528
351175
351349
351480
351521
351806
352627
352790
353032
353337
353392
354751
354824
354970
355946
356481
357205
362608
363743
363869
369487
370115
370232
380795
380856
380935
381792
381857
382521
386428
387064
387227
390135
390549
391472
392263
393741
395776
395777
395995
396340
402093
404742
405992
417024
431216
433438
440192
443636
443808
450910
455056
461371
465792
469832
473026
475870
476233
483187
492958
506533
510225
511923
513246
520844
521003
556307
568235
584314
585331
610969
624280
627477
722139
727195
730194
772211
772224
841696
842259
917332
973808
1021524
1034018
1085431
1098166
1106842
1118741
269
446
608
657
812
938
1077
1120
1402
1486
1793
1794
1832
2006
2052
2346
3031
3047
3221
3322
3334
3605
3673
4008
4043
4118
4210
4275
4307
4527
4618
4810
4829
4898
5800
5843
6074
6213
6271
6310
7226
7413
7448
7488
7603
7722
7728
7948
8033
8081
8123
8276
8395
8754
8881
8882
9067
9176
9313
9784
9934
10112
10273
10605
10857
10895
11064
11138
11296
11514
11890
12027
12435
12547
12866
13033
13396
13607
14026
14055
15459
16618
16673
16779
16849
16886
17022
17312
17607
17739
18211
19324
19421
19538
19648
19871
19881
19987
20005
20010
20105
20132
20207
20245
20259
20497
20513
20918
20919
20979
21193
21254
21261
21346
21396
21423
21815
21914
21938
22405
22824
22836
23219
23291
23344
23355
23380
23437
23504
23595
23662
23727
23731
23795
23988
24080
24251
24332
24365
24435
24832
24918
24992
25018
25176
25402
25515
25522
25560
25680
25733
25944
25964
26072
26252
26314
26327
26762
26802
26876
26879
27053
27121
27225
27324
27339
27345
27349
27589
27616
27724
27871
27964
28025
28062
28118
28152
28196
28200
28258
28489
28705
29055
29244
29249
29266
29433
29442
29601
29666
29888
29896
30210
30495
30634
30645
30830
30913
31066
31682
31745
31814
31895
32005
32061
32606
32803
33280
33839
34043
34397
34947
35022
35385
35627
36211
36743
36925
37116
37457
37627
38343
39977
40013
40403
40550
41263
41619
42721
42782
42840
42954
43200
43367
43413
43644
44049
44138
44213
44425
44453
44474
44538
45540
46115
46121
46704
47411
47624
47640
47661
48511
48721
48785
48817
49005
49435
49569
49572
49578
49777
49913
50371
50928
50940
50944
50986
51342
51581
51757
52303
52758
53003
53005
53093
53463
53546
53808
54623
54888
55396
55421
55517
55524
55588
55665
55702
55828
55897
55921
56410
56495
56521
56581
56630
56655
56661
56682
57558
57882
58135
58331
58424
58425
58485
58657
58932
58971
59546
59689
59973
60942
60955
61260
61273
61680
63516
63517
63677
64659
64786
65258
65564
66349
66529
66561
66676
68848
68871
68896
69386
69477
69534
69794
69973
70820
71151
71232
71308
71427
71472
71512
71563
71589
71612
71830
71832
71896
72025
72047
72089
72236
73517
73751
73964
74350
74425
74452
74465
74499
74643
74836
75034
75050
75154
75240
75495
75769
76072
76118
76795
78446
78923
80529
81569
82063
82503
82520
82750
83100
84299
85100
86016
86090
86731
87387
87895
89468
89513
91030
91049
91074
91130
91240
91352
91383
91437
91445
91483
92027
92032
92174
92191
92261
92320
92321
92378
92538
92586
92640
92749
92750
92837
92973
93010
93192
93344
93403
93423
93640
93711
93959
94144
94351
94519
94547
94564
94590
94700
94744
94751
94804
95075
95210
95250
95286
95479
95567
95861
95866
95895
95916
95968
96289
96318
96414
96461
96467
96513
96686
96689
96701
96808
96911
97290
97353
97382
97417
97470
97553
98110
98188
98236
99106
99319
99937
100294
100359
100432
100735
101564
101566
101572
101681
101847
101870
101901
101915
101953
102120
102146
102281
102517
102800
102869
103590
104146
104147
104221
104267
104272
104615
104737
105359
105642
105968
106037
109002
109492
109919
110350
110699
110747
110770
112208
112529
112547
113281
113377
113668
114066
114188
117377
117463
117596
117724
118048
118246
118379
118622
118634
119445
119516
119692
119979
120010
120199
120422
120675
120719
120811
120829
121115
121128
121161
121308
121332
121335
121365
121430
121461
121596
122041
122192
122706
123551
123707
123979
124538
124944
124948
124951
124965
125939
125968
126210
126270
127233
128584
128849
129165
129699
129756
129803
129854
130180
130336
130624
130940
130942
130946
130981
131019
131073
131129
131130
131191
131547
132432
132497
133385
133662
133921
134296
134320
134374
134393
134620
134666
134819
134823
134886
134895
134936
135197
135256
135453
135488
135718
136301
136305
136439
136610
136623
136649
136688
136916
136939
137183
137365
137613
139075
139111
139188
139271
139279
139313
139689
140268
140436
140451
140567
140750
141026
141182
141205
141297
141560
141665
141810
141894
141909
142068
142211
142260
142855
142885
143235
144284
144287
144406
144906
145141
145176
145324
145532
145953
146065
146267
146382
146660
146662
146822
146838
146931
147102
147533
147795
148245
148376
148430
148434
148474
148529
148611
149203
149318
149389
150157
150162
150745
150847
151288
151294
151301
151671
151726
151740
151793
151881
151941
152136
152191
152288
152581
152981
153106
153155
153565
153865
153877
153886
153913
154042
154198
154217
154353
155053
155101
155270
155428
155776
155828
155842
155908
156141
156483
156981
157103
158702
158789
159338
159423
159479
159665
159716
159734
159826
160472
160480
160667
160710
160993
161024
161364
161805
162225
162311
162966
163432
164817
166290
170583
172887
173017
174184
174376
174396
174838
174923
175148
177967
177971
177998
178778
179385
180129
180763
180971
183612
184262
185730
186546
186587
186913
187238
187323
188314
188498
189273
189343
190511
191232
191516
191603
191677
191866
192624
192805
195365
195455
198161
198328
200430
200434
200754
201246
201720
201722
202136
202175
202242
203078
204624
204681
205035
205812
205913
206110
207260
207651
207691
208405
208451
208458
208568
208593
208820
209537
209622
210301
210342
210678
211340
211361
211407
211778
212296
212345
212653
215114
215318
215355
216299
216515
217038
217206
217644
218297
218318
218333
218881
220434
220973
221336
221540
222399
222538
222877
224102
226156
228926
229204
229284
229346
229656
229680
229885
230578
230606
232379
233128
233567
233633
235297
235488
235607
235882
235897
237232
237408
237589
237657
237734
237860
238267
238430
238475
238480
238632
239536
239632
240019
240382
240404
240417
240457
240463
241763
241993
242050
242055
242129
242132
242591
242802
244268
244502
244989
245418
246210
247610
247748
248619
248676
249006
249461
250649
251537
253447
253952
253964
254254
255643
255860
256574
257458
257961
258002
258877
260067
260134
260457
260779
261784
261985
263521
264026
264094
264641
264690
265976
266643
267065
267243
267991
267992
268399
269941
270903
271336
272748
274277
274758
277995
278439
278445
278554
281113
281419
283192
285068
285346
285537
285587
285853
286637
286778
287703
288245
288608
290653
291979
292709
293041
294549
294574
295969
298266
298686
298835
298993
299022
299507
299580
299734
299790
300678
300965
301215
302502
304495
304553
304557
304793
308912
311189
311846
312514
315315
318259
318809
318833
319339
319584
320008
320009
323115
324208
324578
325655
326560
330981
331223
331349
334286
335858
335859
336400
340910
341023
343038
343238
345854
345874
345895
346603
347297
348433
351440
352249
352267
352271
353363
354829
355736
359962
361204
361806
362119
363739
364170
368826
370554
381070
381510
382650
384877
391538
391956
393592
393994
394413
395803
406957
414083
414454
416793
417096
418848
419969
420077
424421
426545
434261
434588
438643
445895
448172
458797
459702
471122
471317
473328
474685
477708
484413
491351
495121
498777
518684
523666
530823
531038
541292
551799
559018
563176
566193
576301
578500
612601
619571
625788
640999
645357
651497
684423
738923
971557
973573
979944
988582
1052796
1058118
1108430
1126153
112
115
199
581
588
636
684
692
700
746
1115
1184
1288
1490
1788
1809
1992
1999
2021
2100
2151
2310
2343
2833
2880
2971
3251
3302
3600
3617
3653
3684
3939
4079
4136
4244
4312
4380
4405
4497
4522
4593
4643
4852
4882
5105
5143
5847
5855
6050
6223
6251
6353
6780
6894
7013
7067
7068
7335
7338
7583
7648
7669
7706
7785
8038
8104
8135
8137
8209
8257
8262
8458
8459
8495
8640
8720
9035
9365
9518
9562
9604
9830
10000
10027
10118
10200
10254
10324
10495
10751
10761
10769
10831
11055
11105
11199
11546
11586
11690
11762
11786
11999
12418
12507
12664
13132
13205
13294
13358
13381
13550
14019
14045
16615
16807
16898
16957
16979
17640
17703
17713
17728
17939
18224
18526
18535
19293
19473
19558
19562
19742
19988
20027
20352
20381
20396
20435
20549
20710
20943
21014
21029
21041
21062
21180
21237
21472
21591
21864
21994
22017
22139
22239
22271
22340
22547
22673
22861
22951
22958
22991
23005
23007
23013
23353
23503
24072
24464
24580
24729
24769
24816
25143
25199
25297
25431
25648
25744
25754
25974
26149
26170
26258
26389
26392
26620
26756
26767
26818
26836
26872
26915
26981
27223
27281
27486
27575
27779
27836
27866
27885
27950
27969
28063
28077
28144
28159
28199
28277
28348
28390
28392
28403
28413
28436
28505
28511
28523
28600
28767
28795
28805
28821
28915
28947
29025
29189
29315
29493
29509
29553
29611
29892
29939
30328
30669
30693
30732
30928
31164
31166
31416
31697
31707
31830
32064
32075
32165
32840
32933
33046
33369
33736
33976
34039
34335
34346
34975
35303
36085
36418
36808
36817
36830
37541
37583
37587
37743
37906
37916
37933
37950
37984
38558
38628
38786
38873
39225
39737
39963
40127
40134
40557
41016
41284
41538
41628
42177
42246
42536
42933
43002
43302
43386
43394
43397
43498
43553
43728
43848
44270
45629
45638
45670
46213
46300
47212
47358
47362
47473
47760
47802
47804
47808
47827
47884
48401
48489
48557
48866
48873
49025
49048
49095
49536
49552
49596
49643
49771
49845
49847
50064
50165
50343
50930
51063
51297
51773
51825
51889
51941
51974
52371
52851
52920
52922
53082
53087
53271
53550
53568
53774
54663
54767
54904
54951
55345
55438
55496
55514
55621
55651
55927
56028
56035
56113
56211
56260
56509
56573
56613
58488
58526
58725
58979
59043
59174
59187
59261
59318
59981
60313
60321
60326
60445
61028
61332
61510
61630
62718
62939
62951
64181
64215
64704
64783
64840
64852
64911
64916
65267
65554
66504
67037
68366
68723
68729
68813
68841
68909
69054
69593
69634
69909
69937
70035
70062
70105
70270
70281
70313
70499
70627
70674
70859
70933
71018
71043
71144
71258
71332
71525
71592
71788
71876
71944
71989
72003
72112
73870
73977
74190
74494
74919
75137
75220
75490
75786
75909
76349
76516
77350
78458
79335
79359
79690
80061
81238
81912
82250
82307
82342
83871
83966
84014
84230
84242
84337
84490
84494
86838
86961
87645
87740
89359
89650
90960
90977
91048
91268
91823
92104
92143
92184
92368
92406
92526
92833
92959
93023
93056
93195
93360
93991
94090
94441
94463
94549
94612
94626
94792
95079
95392
95752
95845
95853
96045
96046
96108
96109
96296
96328
96369
96397
96423
96579
96872
96885
96901
96990
97027
97171
97180
97198
97396
97403
97439
97510
97643
97685
97736
97751
98412
99062
99165
99195
99269
99309
99325
99343
99651
99782
99903
99921
99939
99946
99999
100008
100032
100099
100198
100445
101404
101423
101558
101680
101848
101850
101935
102059
102171
102309
102421
102512
102739
102789
102895
102934
103057
103232
103291
103305
103455
103540
103576
104045
104132
104207
104242
104525
105226
105269
105424
106023
106714
109092
109496
110479
110605
110764
112814
112970
112998
113664
113909
114156
114256
115055
115634
115801
116230
116264
116337
117610
118132
118670
119385
119572
120002
120110
120379
120563
120573
120910
120932
121032
121123
121221
121260
121264
121278
121279
121312
121343
121382
121463
121636
121730
121771
121787
121990
122185
123196
123731
123763
123785
123919
124057
124129
124807
125259
125741
125750
125958
126118
126186
126192
126200
126267
128616
128785
128893
129555
129649
129710
130092
130938
131276
132337
133062
133208
133592
133675
134208
134235
134356
134395
134460
134783
134791
134878
134971
135000
135045
135258
135264
135919
136002
136127
136224
136440
136450
136469
136490
136560
136569
136663
136817
137312
137396
139115
139119
139206
139290
139294
139298
139379
139558
139603
139688
139943
140052
140449
140464
140487
140582
141023
141025
141227
141244
141563
141583
143798
143838
143874
144303
144543
144687
144825
144837
144887
145193
145332
145760
146173
146268
146490
146575
146674
146677
146690
146725
146824
146860
147091
147281
147418
147434
147448
147829
147846
148375
148442
148445
148500
148519
148739
148843
148856
148914
149027
149039
149193
149384
149407
150016
150035
150619
150896
151286
151293
151331
151641
151682
151691
151698
151821
151911
151982
152181
152330
152657
152758
152801
153126
153435
153532
153727
153742
153895
153917
154060
155021
155856
155975
155978
156060
156158
156313
156346
156890
156902
157138
157395
157438
158053
158280
158536
159213
159305
159445
159579
159624
159733
159787
159935
160011
160139
160211
160633
160706
160980
160988
161259
161270
161428
161729
162013
162171
162595
163154
163589
170193
170472
170952
171064
171077
171466
172522
172622
174101
174120
174136
174222
174244
174336
174432
174810
175147
175984
176212
177777
177794
178286
178365
178540
178783
178929
178931
180870
184306
185959
186966
187283
188308
188362
188373
189314
189716
191334
191736
191820
191888
191905
192378
193262
193993
194184
195784
196497
196683
198362
199423
200653
201005
201292
201577
201649
202116
202144
202172
202180
202209
202280
202432
202483
204521
205816
205860
206212
207312
207421
207468
208387
208394
208554
209994
210166
211069
211302
211359
211742
211898
212074
212268
212327
212390
212424
212547
213244
213351
213358
213447
215546
216300
216319
216324
217299
218150
218838
218843
218905
219177
219287
219530
219747
220222
220374
221385
222736
223320
223671
226167
226572
227845
228434
228773
228927
228937
229222
229323
229335
229350
229887
229999
230101
230586
231072
231376
232782
232833
233416
233538
236021
236101
236241
236485
236684
236864
236890
237239
237244
237250
238581
239044
239081
239515
239690
240200
240398
240733
241207
241416
241538
242032
242045
242135
242412
242565
242588
243176
243509
244924
246508
247174
247615
247808
248246
248621
248727
249347
251426
251518
252148
252170
252221
252232
252776
253167
253255
253609
253690
255075
255854
257028
258362
258808
259165
260099
260586
260950
261869
261913
262337
262930
263126
263388
263629
263739
264025
265353
266134
266246
267448
268023
268510
268994
269001
269104
269222
269236
269469
269516
270838
270875
271043
271213
272561
272867
272871
273809
274473
274637
274750
274788
275149
276318
277789
277831
277834
279763
280115
281023
281090
281392
282472
282491
283273
283483
283634
285033
285563
286181
286437
286642
286797
286993
286997
287086
287092
287104
287317
287549
288384
288395
288412
290270
291078
292221
293035
294273
294679
294738
297691
298624
298650
298742
299371
299444
299678
299688
299708
301085
301296
301512
301796
302197
302236
302523
302897
303334
303342
303616
303923
304189
304560
304586
306306
308802
309190
309754
310740
310784
311671
313806
315256
315375
315771
317678
318059
318637
319577
319680
323748
326590
327485
327928
327979
328251
331179
331356
332124
334266
334636
335417
335435
338189
339045
339301
339427
339479
339482
340128
340286
340551
341497
341897
341914
345829
345902
346414
347740
347941
348044
348349
350182
350348
351224
353398
353449
354590
354810
354855
354998
355542
355947
355960
357448
359053
360289
361740
362022
364188
368327
369159
369461
381913
383139
383630
384300
386737
392336
393122
393947
394946
395990
397364
397560
400850
402548
402581
408721
408900
414124
416718
417033
419736
419865
419988
420374
424453
431092
434703
435287
436488
438327
446341
446937
450573
453348
453573
454790
456150
456158
459126
465983
467210
475082
476328
479240
492416
496962
499825
510342
510370
521097
522629
524163
531430
539418
553576
554485
556643
559277
563055
572659
587693
604019
612643
616805
618499
623640
649094
722141
759381
762960
842753
878869
899693
919909
941651
954697
978829
1034683
1116127
129
479
765
978
1095
1211
1301
1521
1707
1762
1845
1864
1977
2032
2043
2145
3039
3107
3184
3391
3463
3663
3983
3986
4207
4266
4284
4291
4337
4679
4780
5849
6058
6359
6871
6958
7079
7243
7383
7430
7478
7484
7524
7595
7614
7617
7623
7859
7882
7889
8075
8146
8208
8541
8564
8855
9119
9196
9385
9770
9800
9941
10093
10214
10258
10444
10843
11267
11339
11431
11585
11892
11909
11916
11928
11993
12070
12281
12414
12779
12799
12819
12854
13138
13200
13292
13441
13634
13723
13894
13912
13926
14092
14324
15935
16805
16822
17173
17350
17683
17781
17850
17854
17892
18029
18041
18513
18859
19325
19341
19600
19613
19771
19810
20193
20254
20338
20378
20398
20461
20607
20868
20894
20997
21135
21152
21192
21205
21219
21231
21263
21717
21721
21777
21823
21927
22069
22268
22397
22524
22691
22826
23080
23143
23172
23215
23228
23543
23604
23632
23654
23767
24009
24019
24033
24117
24253
24261
24361
24474
24706
24776
24813
24823
24859
25054
25156
25333
25563
25759
25776
25813
25822
25891
25953
25972
26062
26068
26076
26194
26371
26527
26708
27141
27150
27229
27248
27257
27258
27286
27377
27447
27598
27617
27633
27776
27800
27835
27922
28013
28035
28099
28116
28148
28262
28282
28376
28516
28566
28621
28692
28723
28834
28880
28988
29069
29128
29207
29377
29535
29565
29584
29973
30219
30692
30715
30729
30801
31135
31287
31414
31499
31642
32301
32320
32810
32931
33923
34205
34386
34458
34466
34729
34745
36529
37855
37922
38300
38640
38821
38927
39243
39687
39774
39816
39823
39877
40084
40415
41082
41132
42251
42944
43313
44059
45148
45435
46185
46309
46441
46903
47396
47629
47653
47697
47766
47824
48036
48521
48552
48556
48706
48726
48740
48826
48860
48871
49020
49139
49252
49440
49472
49489
49549
49570
49640
49677
49778
49807
49838
49896
49910
50235
50301
50412
50848
51319
51338
51370
51533
51746
51759
52146
52322
52435
52469
52513
52878
52996
53325
53336
53475
53579
53607
53678
54014
55010
55125
55261
55365
55433
55499
55540
55594
55647
55675
55690
55764
55784
55797
55820
55900
55971
55989
56018
56060
56141
56233
56269
56537
56594
56598
56609
56643
56647
56759
56854
56971
57523
57530
57928
58200
58261
58267
58703
58711
58716
58730
58963
58993
59124
59131
59205
59581
59661
59989
60066
60302
60401
60560
60707
60919
60973
60982
61252
61261
61336
61486
61740
61794
61810
62692
62703
62723
63177
63506
64100
64211
64237
64256
64265
64271
64290
64423
64584
64591
64668
64748
64829
64946
65240
65550
65579
66443
66512
66532
66643
66705
66781
67005
68330
68676
68708
68825
69098
69423
69481
69677
69791
70218
70269
70326
70550
70605
70713
70731
70867
71145
71220
71281
71290
71304
71368
71470
71484
71542
71611
71623
71704
71739
71843
71858
71926
71966
71998
72200
73559
73609
73864
74683
74690
74906
74991
75215
75462
75846
76053
76137
76589
76653
77091
78098
79563
79744
80738
80771
80789
81294
81864
84161
84225
84267
84397
84509
85011
86288
86344
87460
88795
89021
89278
89315
89375
89572
89647
89688
89700
89704
90915
90947
90985
91179
91330
91351
91366
91940
92013
92520
92547
92599
92664
92694
92766
92800
93105
93123
93261
93431
93439
93440
93639
94070
94159
94168
94573
94610
94619
94779
94902
95136
95233
95235
95337
95370
95374
95432
95699
95745
95767
95898
95927
95941
96260
96307
96314
96350
96386
96442
96448
96458
96559
96741
96849
96919
97169
97390
97447
97458
97461
97575
97580
97609
97624
97667
97691
97750
97765
97816
97852
97962
97980
98041
98132
98147
98266
98316
98449
99061
99352
99365
99372
99485
99908
99989
100136
100320
100326
100479
100748
101086
101704
101713
101783
101843
101951
101978
102001
102008
102010
102016
102088
102190
102400
102490
103099
103314
103582
103644
103929
103985
103997
104012
104195
104196
104470
105724
108780
109057
109246
109384
110467
110728
111566
112961
113111
113190
113200
113264
113324
113852
114234
116029
116126
116359
117269
117359
117410
117878
118533
118999
119450
120361
120398
120467
120613
120723
120785
121075
121231
121595
121607
121684
121788
121820
121824
121909
122745
122946
123082
123131
123208
123734
124078
124101
124479
124978
125459
125521
125701
125856
125879
125948
125999
126266
126281
126352
127279
127777
128281
128604
128611
128776
128793
128880
128901
129069
129085
129187
129621
129650
129653
129775
129798
129936
130029
130347
130932
131022
131044
131084
131088
131197
133373
133578
134183
134244
134251
134367
134769
134864
134925
135577
135905
136007
136026
136082
136531
136548
136565
136568
136652
136799
136830
136871
136924
136941
136942
138249
139175
139217
139238
139381
139606
139935
139974
140560
140804
140973
141027
141042
141574
141765
141805
141808
142079
142602
143154
143532
143744
143797
143827
144613
144640
144749
144764
144948
145671
146008
146043
146275
146722
147322
147519
147521
147909
148213
148570
148599
148704
149150
149635
149639
149856
149992
150002
150017
150019
150057
150074
150391
150604
150879
151329
151760
152013
152409
152765
152934
153099
153108
153278
153482
153554
153562
153748
153782
153927
154016
154328
154454
154539
154557
155818
155825
155838
156177
156517
156635
156776
156944
156991
157089
157121
157201
157723
157975
157983
158146
158408
158467
159000
159251
159334
160014
160158
160286
160292
160315
160607
160953
160958
161284
161314
161608
161664
161800
162082
162272
162340
163135
163179
163436
163679
163904
164236
167517
170541
173106
174106
174119
174360
174854
174891
175178
175322
177652
178215
178314
178874
179609
179713
179766
179775
180557
183650
184117
184232
184250
184312
184663
184664
184995
185732
185885
185922
185989
188016
188052
188302
189310
189518
189646
191105
191125
191245
191424
191467
191588
191734
191876
191937
191971
193012
195314
195562
197008
199481
200154
200811
200975
201534
201657
201876
202074
202104
202125
202194
202430
202455
202664
202671
202753
203171
204741
205488
205815
206159
206225
206859
207397
207608
207735
208746
209373
210146
211334
211354
211440
212105
212346
212926
212938
213225
213281
215881
215941
216341
216446
216476
216496
217042
217201
217623
218036
218079
218253
218576
219360
220167
221253
221567
221581
221837
221982
222087
222269
222340
222451
223688
226120
227327
227362
227831
228438
228712
228742
229023
229267
229636
229685
230192
230268
230681
231099
235371
235440
235492
235825
236009
236553
237361
237369
237726
237885
238454
238512
238829
239784
239892
240039
240378
240455
240472
241513
241872
241943
242179
242408
242552
242606
242928
244088
244670
244978
246487
246536
246630
247285
247636
248643
248688
249205
249756
249869
251563
251839
251919
252016
252922
253968
254368
255702
256775
257022
257059
257082
257310
257389
257395
257419
257455
258717
258919
259207
260383
260595
261349
261415
261521
261526
261821
262121
262189
262885
263780
264200
264215
264468
264537
264572
264733
265181
265499
266059
266391
266394
266546
267643
268823
268893
269514
269566
269713
270022
272539
273042
273061
273063
275263
275566
275920
277077
277613
277715
278018
278541
279115
279649
280751
281599
282468
283509
285513
285536
285539
287217
289471
289502
289891
289981
291293
291433
293958
294774
298005
298527
298779
299317
299460
299488
299702
299761
300409
300820
300870
300926
300929
301281
301372
301399
302164
303024
303045
303186
303803
304054
304617
304648
304724
305926
308799
310262
311144
311434
311825
311867
312455
313783
315125
315765
315775
317676
317918
318770
319589
319755
320263
321460
323630
325998
326328
326654
327525
329525
329989
330935
331432
331895
334157
334410
334459
334876
335198
336114
336424
336505
336609
345862
346753
347375
348201
349633
351361
352748
353141
353393
353463
354429
354460
355064
355327
355385
355386
356529
359332
360583
361111
361664
361800
362518
364234
364302
364362
368593
368754
369078
370342
381567
387966
391395
393558
393720
394990
395973
401989
402555
408053
416537
416998
419125
419333
420001
420429
422781
424405
428932
430188
430494
437171
437277
437458
439100
441525
444547
445234
445454
445609
446417
447540
456869
458915
459161
462484
465180
468953
469432
471036
471305
472577
476881
479933
483371
492838
498789
499082
503607
506687
508763
510651
512019
512297
515651
517739
524015
529735
529737
532919
536744
537707
547624
549978
551702
552306
554492
565958
578083
585329
585713
587108
611903
612604
619180
621273
627745
634372
635837
636293
642816
647658
649106
659901
704984
706121
715645
728427
742819
783496
824003
825525
859054
877904
893297
899712
919382
934434
954841
979323
1011505
1053677
1117655
1124262
703
1200
1258
1545
1547
1625
1666
1672
1751
1936
2724
2913
3030
3050
3225
3692
3881
4020
4142
4152
4227
4269
4309
4411
4439
4491
4493
4508
4540
4574
4748
5832
5838
6031
6072
6807
6838
6846
6974
7004
7032
7035
7054
7221
7228
7407
7423
7518
7527
7622
7685
7718
7783
7869
7958
7974
7982
8113
8145
8187
8193
8263
8264
8326
8451
8563
8697
8767
9006
9009
9040
9092
9321
9687
9771
9860
9896
10062
10090
10151
10190
10251
10300
10604
10998
11133
11470
11481
11496
11608
11910
11997
12145
12176
12370
12491
12856
13275
13319
13375
13437
13501
13576
13599
13650
13972
14044
14049
14134
14196
16237
16685
16762
16789
16802
16964
16977
17079
17304
17624
17750
17772
17784
17843
17888
18108
18567
18631
18892
18904
19011
19256
19356
19423
19470
19578
19589
19662
19793
19878
19981
20062
20076
20185
20227
20727
20866
20936
21015
21145
21155
21168
21189
21200
21430
21455
21906
21966
22049
22055
22264
22349
22366
22445
22480
22915
22986
23017
23042
23140
23238
23321
23391
23550
23699
23723
23735
23776
23902
23990
24387
24413
24801
25029
25037
25292
25441
25597
25855
25956
25980
26153
26363
26374
26406
26424
26556
26566
26593
26616
26693
26701
26707
26730
26732
26799
26882
26904
26963
26991
27014
27188
27299
27301
27654
27667
27766
27962
27992
28006
28085
28130
28263
28278
28350
28360
28472
28546
28635
28759
28837
28940
28950
29721
29948
30326
30407
30519
30673
30720
30779
31383
31542
31691
32155
33443
33639
33818
34040
34158
34459
34962
34989
35292
35358
35437
35438
36193
36751
36803
37045
37405
37486
37617
37812
37842
37912
38130
38603
39011
39197
39688
39944
39960
40050
40081
40296
41848
41947
42732
43040
43094
43150
43180
43279
43360
43406
43442
43835
43887
43897
44279
44788
45107
45555
45850
46026
46307
46914
46939
47114
47213
47421
47650
47694
47776
47938
48514
48519
48563
48586
48672
48766
48772
48802
48803
48836
48838
48839
48847
49016
49103
49400
49539
49619
49732
49750
49916
50274
50701
50917
50972
50982
51278
51682
51727
51728
51758
52112
52127
52232
52276
52588
52598
52951
53013
53083
53084
53302
53521
53630
54636
54828
54871
54914
55023
55291
55315
55476
55504
55612
55646
55718
55721
55796
55806
55841
55935
55948
56476
56529
56555
56665
56673
56761
56799
56806
57865
57868
58158
58179
58336
58385
58708
59013
59081
59129
59138
59317
59435
59476
59704
60148
60469
60703
60961
60966
61180
61263
61374
61488
61491
61582
61928
62073
62693
63091
63171
63595
64118
64172
64203
64294
64295
64310
64551
64585
64592
64594
64762
64809
65107
65351
65354
65572
65709
66582
66617
66646
66786
66858
66963
66971
67018
67024
67059
67598
67947
68015
68064
68344
68717
68807
68858
68901
69019
69030
69608
69845
69911
69935
70251
70541
70883
70936
70965
70970
71028
71262
71330
71358
71558
71640
71795
71841
71849
71904
71976
72030
72302
73233
73280
73656
73707
74327
74517
74591
74841
74876
74897
75019
75268
75295
75455
75743
75763
75803
75957
76498
76563
76647
76753
76888
77327
78081
78904
79223
79319
79387
79394
79782
80014
80919
80947
81909
81950
81963
82355
83132
83222
83497
84020
84198
84346
84384
85216
85618
86431
86617
86659
86925
86977
87230
87257
89356
91035
91043
91113
91120
91127
91185
91187
91198
91243
91277
91315
91433
91471
91482
91843
92036
92237
92344
92391
92473
92514
92583
92668
92759
92794
92824
92868
93006
93020
93046
93080
93118
93361
93384
93435
93598
93709
93775
93891
93975
94158
94323
94354
94548
94692
94717
94743
94812
95056
95064
95097
95209
95341
95366
95415
95449
95518
95585
95598
95665
95692
95705
95771
96232
96297
96310
96315
96322
96327
96415
96447
96455
96457
96525
96530
96535
96584
96738
96749
96789
96971
97002
97005
97099
97294
97355
97404
97424
97672
97924
98143
98204
98235
98317
98727
98982
99113
99163
99399
99455
99531
99777
100106
100229
100297
100347
100414
100472
100729
100742
101162
101552
101623
101626
101634
101699
101741
101754
101758
101891
101898
101923
101950
102162
102230
102326
102364
102488
102518
102527
102761
102777
102948
103077
103092
103245
103469
103482
103525
103552
103587
103668
103995
105203
106221
108658
108924
109063
109064
109085
109118
109200
110330
110488
112592
113127
113166
113183
113230
113452
115062
115337
115352
116234
116239
116303
117231
117441
118516
119088
119289
119977
120045
120096
120101
120208
120419
120456
120618
120631
120725
121029
121048
121136
121152
121228
121284
121345
121419
121614
121657
121668
121769
121789
121815
121873
121962
123115
123272
123350
123711
123743
123774
123880
124214
124293
124375
124490
124858
125306
125740
125997
126009
126018
126208
126233
126263
126807
128047
128160
128444
128613
128797
128867
129622
129695
129701
130622
130738
130918
131008
131446
132456
132892
132945
132957
133007
133305
133377
133665
134004
134294
134804
134830
135121
135214
135287
135312
135355
135449
135810
135840
135842
136021
136050
136105
136378
136410
136431
136436
136584
136611
136696
136699
136903
137465
137533
137604
137650
137833
138576
138889
139105
139204
139270
139342
140154
140218
140388
140622
140745
140882
140891
140897
140968
141202
141225
141229
141302
141328
141515
141524
141881
141898
142267
142272
142502
142837
143475
143680
143807
144300
144392
144628
144710
144781
144800
144905
145508
145743
145915
146152
146195
146280
146600
147110
147451
147454
147483
147695
147833
147954
148556
148602
148608
148626
148653
148720
148750
148776
148816
148879
148920
148932
149075
149191
149197
149229
149388
150163
150241
150339
150538
150825
150852
150996
151317
151326
151413
151515
151736
151763
152014
152358
152374
152630
152797
152844
152920
152944
152966
153042
153055
153143
153360
153406
153513
153527
153531
153542
153697
154020
154062
154072
154136
154270
154831
155146
155443
155472
155474
155475
155846
156049
156126
156496
156632
156694
156822
156895
157032
157084
157236
157344
157549
157726
157808
158147
159004
159314
159473
159633
160249
160389
160490
160616
160702
160704
161088
161295
161487
161491
161834
162279
162310
162338
163029
163358
163762
163929
164146
164199
164717
164806
164816
172417
174074
174157
174219
174400
175196
175305
175857
177713
177740
178225
178355
178376
178863
178908
179617
179664
180002
183987
184233
184263
184321
184328
184379
184383
184792
185711
186526
186579
186669
188018
188034
188313
188597
189300
189311
189554
189686
189701
189766
190475
190481
190518
190741
190750
190753
190944
191162
191401
191490
191532
191566
191773
191899
192039
194952
195328
195364
195375
195433
195458
195587
195787
195830
196727
197788
200110
200153
200788
200929
201244
201260
202090
202126
202225
202472
202523
202679
202948
203219
204612
205729
206256
206469
207385
207398
207753
207789
207801
208757
209513
209933
209995
210332
210594
211324
211356
211506
211528
211721
211897
212021
212324
212342
212396
212408
212574
212585
212640
212931
213081
213157
213246
213340
213457
213462
216273
216284
216616
216658
216953
217091
217275
218601
218654
219238
219242
219334
219559
222475
222888
223675
226165
226178
226208
226358
226852
227331
227400
227705
227861
228789
228920
228939
228953
229334
229347
229348
229628
229644
229728
229755
229759
229819
229896
229904
229922
230087
230643
230739
233181
233424
235385
236443
236688
237222
237309
237398
238436
238470
238527
238931
239413
239935
240092
240425
240602
240715
240822
241911
241967
241975
242003
242579
242855
242881
243891
245166
245233
246484
246587
246616
246629
247941
248302
248627
248720
248783
249779
250409
250728
250801
251581
251618
252026
252146
252731
252962
253442
253947
254049
254409
255070
255293
255840
255967
256233
256680
257271
258001
258308
258964
258997
259498
260118
260656
261219
261355
261917
261933
261941
262126
262153
262473
263377
263479
263880
264041
264577
264640
265016
265341
265369
265589
266563
266583
268521
268881
269239
269524
269781
270803
270943
271549
271699
271793
272281
274116
274427
275737
275834
276285
276323
276965
277141
277164
277812
279119
279407
281291
282005
285001
285261
285425
285500
285547
286651
287469
287677
288234
288599
289405
289509
289813
290579
294276
294532
295059
296265
296676
297648
298683
298826
299452
299540
299766
300416
300892
301144
301306
301416
301897
301910
302067
302153
302230
302304
303620
303837
304834
304852
305231
307633
307969
310805
310851
310896
312023
312074
312279
312452
312513
312688
313816
313818
314037
314058
314208
314878
314974
315255
315931
315952
316454
317704
318596
318763
318890
318921
318969
319567
319706
319760
319840
320005
321465
323216
323347
323662
324604
325853
325995
326222
327226
327927
330996
331082
331599
331623
331970
332094
332096
332098
332296
332393
333789
334592
335220
335478
335855
336405
336419
336446
336600
337027
341240
343645
343769
345911
346441
347181
347364
348153
348247
348366
348424
348425
348786
351173
351553
351778
352452
352466
353009
353558
353561
354187
354496
354952
355291
355331
355355
355603
355734
359924
360030
360341
361102
362104
362291
362294
363649
363867
363955
364311
367945
368954
369056
369344
370278
380994
381045
381512
385887
386286
386329
386448
388589
389313
389998
390029
390074
390132
391421
391800
395843
396004
396146
397249
398613
399831
402043
402240
402329
402676
405466
405962
408116
408996
413463
416788
418094
418909
422151
423589
430140
439250
440191
443224
444781
445936
448163
448502
448769
455889
456202
456680
456950
457524
463005
465195
467688
469393
469863
471243
472443
473627
486781
488250
489828
490774
493636
498823
498903
503330
503574
503629
504134
506230
508727
508811
511288
512373
513093
516922
523561
529736
529749
530964
531123
531822
532822
532897
537014
537572
543226
553348
566778
568438
569493
569623
570187
576228
580758
583923
595713
600291
603369
609541
612609
617848
627328
628762
631387
632338
634596
636521
636976
637209
640335
641314
643554
647690
653506
666335
685536
704962
709431
717051
731401
731501
771473
809682
831426
869956
879179
914573
917552
918144
970809
982284
984016
1002621
1092095
1097889
1115654
1133867
222
274
444
597
952
1272
1348
1841
1842
1878
1888
1986
2031
2121
2284
2574
2681
2829
3019
3098
3400
3515
3618
3965
4029
4197
4254
4482
4494
5802
5803
5825
5916
6230
6377
6381
6853
6916
7273
7493
7514
7544
7885
7929
7971
8014
8031
8035
8085
8090
8236
8268
8309
8378
8772
8860
9138
9153
9325
9405
9902
10002
10137
10148
10247
10419
10449
10459
10482
10501
10514
10601
10709
10768
10953
11162
11247
11860
12046
12314
12398
12607
12687
12754
12821
12910
12943
13095
13266
13301
13320
13502
13698
13806
14041
16699
16884
16943
17123
17688
17785
17809
17840
17866
17887
18554
18643
18812
18849
18862
18996
19030
19287
19452
19639
19733
19852
19996
20026
20443
20928
20998
21071
21156
21201
21216
21221
21232
21249
21282
21290
21292
21370
21412
21508
21589
21703
21831
21854
22120
22126
22146
22175
22202
22241
22404
22666
22719
22800
23008
23032
23085
23104
23526
23781
24522
24588
24905
24917
25015
25028
25100
25195
25202
25245
25661
25748
25797
25829
25864
25880
26144
26220
26239
26308
26354
26419
26558
26594
26637
26685
26755
26877
26891
26980
27011
27190
27241
27273
27623
27751
27786
27831
27861
27901
27916
28005
28068
28095
28303
28317
28327
28347
28374
28385
28448
28517
28578
28862
29116
29239
29640
29669
29703
29812
30042
30262
30414
30431
30561
30588
30637
30660
30688
30689
30697
30714
30726
30832
30838
31031
31100
31272
31356
31421
31612
31753
32047
32059
32234
32254
32432
32449
32534
32674
32898
32913
33729
34015
34440
34700
34882
34973
34980
34992
35097
35431
35596
36207
37001
37061
37590
37735
37755
37850
37873
37925
38662
38830
39174
39182
39229
39357
39840
39870
39918
39949
40049
40166
40270
40391
40445
40451
40562
41129
41142
41196
41508
41509
41622
41696
42571
42871
42994
43014
43055
43130
43133
43138
43193
43452
43559
43935
44033
44094
44438
44521
45603
45632
45802
46037
46730
47084
47177
47249
47352
47645
47648
47711
47852
48111
48506
48666
48675
48690
48691
48724
48789
48834
48859
48861
48897
48929
49267
49306
49946
50002
50117
50293
50333
50660
50922
50953
51037
51049
51065
51234
51281
51314
51335
51675
51877
52231
52295
52447
52459
52572
52869
52881
53089
53279
53339
53452
53646
54139
54644
54801
54917
54926
54987
55141
55146
55302
55349
55571
55580
55585
55633
55709
55723
55760
55810
55866
55938
55999
56054
56094
56338
56494
56809
56816
57281
57323
57445
57582
57594
57707
57914
57931
58178
58246
58363
58387
58694
58724
58936
58968
59041
59320
59474
59523
59574
59583
59600
59722
59766
60140
60154
60340
60712
60920
60937
61023
61065
61253
61296
61638
61726
62712
63519
63536
63706
64260
64317
64566
64708
64747
64837
64838
64891
64928
65027
65046
65242
65494
65502
65827
66573
66578
66590
66675
66704
67712
68703
68715
68859
68866
68931
68936
69262
69430
69531
69648
69784
69857
70042
70537
70856
70992
71133
71140
71228
71247
71259
71265
71467
71560
71629
71631
71714
71878
71899
71916
71933
71939
71967
72182
72283
72833
73980
74034
74254
74261
74356
74382
74713
74905
74983
75015
75156
75299
75398
75432
75836
75904
76165
76515
76618
76638
76776
77872
78015
78641
78662
78761
79075
79168
79259
79494
79831
79841
80034
80435
80438
81205
81993
82102
82263
82940
83108
83504
83569
83718
84218
84298
84318
84421
84453
84905
85532
85764
87476
87766
87767
88089
89067
89506
89643
89733
89842
90902
91059
91213
91320
91397
91412
91665
91816
92017
92072
92156
92163
92241
92245
92272
92374
92377
92498
92532
92554
92789
92821
92952
93045
93142
93205
93595
93974
94093
94550
94950
95132
95375
95404
95435
95456
95460
95497
95553
95695
95732
95779
95785
96018
96063
96074
96087
96139
96168
96215
96217
96226
96298
96365
96425
96524
96576
96618
96646
96782
96851
96868
96908
96978
97019
97111
97136
97147
97215
97248
97281
97392
97410
97460
97465
97524
97600
97621
97635
97706
97791
97951
98171
98399
98402
98451
98768
99324
99439
99850
99922
99997
100039
100047
100048
100243
100245
100269
100501
100595
100703
100730
101003
101160
101417
101624
101641
101674
101748
101825
101837
101990
102172
102235
103141
103199
103203
103264
103479
103507
103536
103558
103601
103653
103832
103987
104031
104119
104235
104336
104826
104865
105271
109124
109203
109866
110359
110436
110447
110669
110807
112534
112552
112746
113029
113132
113162
113171
113413
113541
113656
113847
113966
113987
114101
114820
115740
115944
116176
116237
116406
116445
118556
118642
118725
119408
119504
119535
119825
120056
120198
120280
120382
120789
121080
121091
121146
121149
121151
121207
121238
121314
121445
121890
122015
122020
122023
122186
123108
123760
123775
124455
124929
125667
125774
125951
125991
126082
126096
126334
127271
127280
127367
127410
127999
128888
128928
129628
129711
129769
129792
130069
130365
130488
130955
130994
131000
131013
131372
131375
131378
132374
133033
133394
133433
133580
134630
134716
134868
135054
135170
135189
135298
135306
135402
135403
135425
135702
135803
135819
136036
136131
136339
136373
136396
136403
136451
136535
136555
136608
136638
136862
136906
137461
138235
138476
139102
139123
139144
139148
139256
139301
139306
139358
139400
139605
139608
140254
140462
140463
140548
140809
140958
140971
141016
141285
141507
141529
141836
141839
141855
142762
143171
143251
143720
143787
143791
143810
143929
144552
144663
144700
144701
144724
144796
144811
144981
145323
145946
145974
146274
146383
146656
146816
146842
147079
147219
147254
147278
147459
147508
147602
147842
147905
147921
148125
148139
148173
148346
148486
148587
148604
148639
148741
148886
149024
149062
149134
149204
149281
149313
149642
149656
149721
149822
149848
150607
150785
150820
150846
150868
150938
150980
151295
151421
151518
151543
151544
151750
152003
152307
152792
153016
153434
153466
153655
153752
153896
153923
154354
154409
155045
155102
155149
155259
155374
155381
155501
155820
156122
156187
156287
156293
156605
157086
157126
157202
158416
158524
158563
158714
159025
159452
159482
159497
160012
160330
160361
160555
160955
161285
161873
162266
162342
162669
163224
163765
163953
164455
164623
170249
170303
172287
172673
173097
174171
174208
174253
174275
174343
174796
174885
175833
178058
178076
178320
178328
178696
178896
178969
179770
179776
179834
179861
179933
180058
182757
184158
184160
184171
184225
184238
184256
184669
184800
184874
185003
185780
185880
186807
186917
186940
186957
188298
188480
189736
190486
190643
190703
190878
191116
191370
191471
191559
192503
193103
194048
195184
195390
195439
195446
195797
195968
196058
196379
196925
196955
198156
198321
198586
200566
201273
201408
201417
202154
202233
202249
202436
202548
202680
204971
205052
205698
205757
206165
207259
207335
207361
207401
207422
207466
208346
208564
208580
208582
208815
209303
209726
210307
211019
211273
211412
211578
211653
211735
211930
211961
212142
212376
212383
212486
212647
214206
218004
218019
218137
218374
218565
218605
218786
218841
219333
219361
219804
219877
220205
220560
220791
221393
221562
222017
222245
222285
222658
223567
225983
226176
226179
226182
226199
228512
228837
229012
229183
229232
229332
229483
229662
229663
229686
229871
229908
229947
230186
230247
230641
230790
232990
233420
233440
233456
233496
236004
236035
236043
236210
236297
236405
236482
237029
237313
237375
237655
237857
237877
238537
238558
238627
238971
239202
239439
239624
240996
241959
241969
241977
242010
242053
242159
242410
242430
242547
242607
243127
245130
245144
246120
246557
246966
248701
248730
249394
250098
250831
251421
251490
252013
252189
252621
252678
252684
252801
252903
253777
254232
254378
254944
255137
255359
256047
256141
256227
257474
257799
257930
258466
258631
258828
258852
259619
260451
260460
260697
260957
260968
261186
261511
261877
262533
262794
263331
263729
264117
265348
265900
266133
266362
266364
266514
266801
267033
267157
268346
268490
268756
268999
269043
269275
269397
269535
269833
270037
270103
270267
270328
270900
270902
271111
271308
272097
272519
272531
272706
273004
273415
273922
274110
274369
274410
274629
275093
275549
275789
276317
276785
276966
277071
277269
278041
279172
279261
280654
280740
281396
283470
283515
283904
284927
285056
285768
286781
286884
287675
287678
288251
288422
289162
289411
289524
289548
289597
290715
291562
291809
291984
292145
292591
292713
293030
293234
293624
293829
296020
296447
296623
298849
299062
299121
299548
299550
299587
299794
300610
301145
301396
301498
301707
301828
301830
302393
302716
303158
303340
303428
303671
304080
304134
304203
304825
304874
304893
305029
308138
308139
308452
310016
310435
311115
311116
311140
311836
311852
311985
312257
312278
312516
313820
314196
314490
315092
316870
317095
317558
318076
318508
318711
318733
318816
319118
319303
319736
320367
321014
323703
325781
326944
327019
327589
327608
327939
328223
328494
329073
329147
331095
331106
331134
331946
333722
333845
334151
334168
334468
334650
334741
335114
336106
337028
337085
337233
337945
339270
339538
339858
340640
341185
341244
343388
343538
345802
345901
345909
346457
346807
347108
347389
349659
349698
349970
350004
350104
351056
351201
351376
351824
352264
352732
352735
353394
353734
354768
355063
356444
357655
359365
359951
360039
361805
361836
363293
363690
363792
363918
364206
364653
368245
368433
368556
368725
369463
369517
370226
381506
381581
381925
382198
384305
384868
385593
385980
387547
387575
387953
388613
389865
391501
392423
394406
394429
395742
395976
398092
398563
398574
399757
401859
402902
402962
404610
406703
408778
408972
408985
414317
417002
418836
419966
419972
419982
420379
420983
431989
434666
435159
435403
437261
439919
444469
445464
448183
448900
450212
450974
451347
451398
451478
457036
457795
458566
460029
461774
463309
464909
467101
468774
468777
471349
473250
474642
475614
475821
477250
477467
478140
478458
479612
483460
484420
484700
486965
488156
489267
493799
497660
499606
500278
502644
503649
503769
503787
508355
510502
510656
512292
513505
513522
522682
523836
529206
529667
529674
529708
529746
531063
532804
538365
542250
543082
548513
553020
553562
554440
554441
554720
562770
570388
576304
590998
595607
600319
600563
602546
602695
608968
622439
624982
630593
632775
637523
652839
664342
700890
805512
842270
859438
889391
954700
969620
999779
1035147
1064004
1064417
1075075
1113247
1116836
202
670
732
756
791
799
827
890
919
948
974
988
1054
1260
1386
1435
1515
1548
1789
1958
1960
2053
2055
2152
2216
2305
2549
2595
3020
3045
3064
3114
3289
3361
3557
3604
3662
3668
3724
3880
3994
4047
4080
4083
4182
4258
4347
4424
4604
4741
4787
4792
4880
4886
5091
5814
5929
6173
6202
6206
6217
6335
6366
7192
7309
7322
7515
7891
7901
7953
8052
8155
8265
8267
8661
8858
9467
9485
9552
9777
10073
10085
10119
10221
10224
10481
10763
10892
11188
11443
11564
11878
11953
11992
12132
12463
12780
12884
12974
12990
13008
13012
13043
13192
13258
13329
13540
13615
13635
13700
13747
14088
16600
16644
16740
16794
16812
16944
16950
16974
16976
17209
17261
17535
17603
17735
17803
18033
18118
18483
18636
18706
18716
18823
19010
19065
19135
19348
19354
19355
19407
19585
19612
19690
19786
19873
19897
19927
20041
20048
20125
20169
20203
20206
20229
20278
20279
20456
20457
20578
20766
20891
20957
21002
21137
21269
21319
21483
21569
21767
21879
22207
22304
22379
22630
22942
22943
22957
23009
23035
23160
23251
23300
23383
23389
23816
24042
24147
24232
24233
24244
24328
24427
24538
24587
24640
24646
24654
24714
24928
25126
25165
25198
25201
25544
25599
25828
25871
25873
25924
25992
26126
26210
26341
26350
26404
26446
26447
26525
26551
26586
26627
26677
26971
27145
27348
27365
27607
27681
27722
27726
27727
27858
27976
28052
28091
28110
28241
28322
28379
28398
28405
28590
28661
28706
28732
28774
28823
29011
29157
29171
29227
29229
29338
29381
29424
29439
29754
29946
30117
30258
30475
30531
30709
30743
30837
31045
31075
31090
31338
31876
32316
32607
32647
33016
33172
33184
33298
33444
33607
33724
33758
33884
33885
33910
33941
34231
34905
34965
35390
35409
35433
35487
35538
35573
36006
36430
36434
36472
36475
36742
37128
37150
37166
37197
37581
37607
37860
37910
38474
38589
38761
38893
38902
39206
39696
39959
39964
40500
41527
41579
41625
41679
41718
42180
42724
42927
42979
43038
43161
43183
43188
43236
43312
43315
43347
43373
43615
43647
43870
43883
44045
44122
44423
44497
44518
44520
44545
44550
45543
45693
45698
46145
46301
46303
46935
46936
47137
47431
47784
47800
48562
48571
48682
48819
48850
48977
49123
49162
49273
49282
49532
49641
49870
49898
50052
50373
50613
51030
51105
51612
51914
52040
52586
52617
52786
52937
53065
53166
53402
53489
53637
53896
54134
54662
54785
54971
55328
55432
55533
55566
55731
55847
55907
55944
55955
56001
56004
56057
56164
56179
56192
56204
56308
56465
56611
56631
56658
56746
57245
57529
57965
57988
58133
58333
58366
58389
58422
58472
58701
58741
58977
58983
59024
59381
59499
59549
59588
59636
59747
60001
60316
60479
60485
60565
61020
61035
61117
61209
61226
61719
62164
62679
62736
62738
62769
62821
63156
63691
63761
64192
64253
64320
64388
64630
64752
64856
64919
64932
64992
65012
65061
65062
65246
65437
65527
65916
66594
66712
66736
66773
66791
67039
67423
67629
68574
68628
68719
69076
69136
69251
69254
69257
69284
69519
69789
69882
70096
70301
70322
70491
70937
71012
71346
71437
71613
71642
71705
71817
71818
71824
72034
72210
72232
72284
73904
74323
74651
74696
74831
74839
74907
75001
75003
75155
75325
75406
75956
76689
76804
76880
77045
78010
78647
78909
78956
79198
79385
79760
79790
82543
82772
82782
83093
83432
83435
83946
83971
84769
85333
85977
85984
86015
86018
87327
87332
88441
89678
89836
90563
90944
90993
91006
91044
91245
91313
91319
91368
91381
91417
91496
91752
91850
91854
91949
92042
92153
92285
92340
92381
92448
92451
92489
92492
92504
92634
92772
92790
92851
92983
92991
92997
93049
93055
93144
93330
93543
93819
94101
94140
94185
94346
94512
94620
94824
94898
95067
95128
95157
95481
95559
95565
95588
95631
95657
95708
95739
96023
96157
96210
96222
96341
96345
96363
96367
96373
96408
96436
96456
96588
96596
96635
96867
96887
96921
96937
96998
97033
97037
97157
97196
97212
97217
97234
97268
97311
97351
97374
97437
97440
97451
97457
97463
97492
97564
97582
97617
97625
97639
97677
97732
97757
97788
97802
97815
97835
97871
97972
98063
98319
98453
98822
99192
99302
99327
99758
99940
100185
100238
100406
100474
100582
101095
101171
101567
101700
101791
101816
101841
101916
101976
102012
102089
102107
102262
102411
102579
102634
102741
102902
103216
103321
103494
103564
103620
103675
103857
104177
104212
104540
105075
105352
105643
105680
105695
106267
109090
109103
109130
109138
109143
109177
109743
110099
110288
110623
111799
112580
112835
113136
113623
113659
113848
114032
114157
114426
116296
116307
116346
117516
117754
117918
118026
118039
118346
118539
118860
119274
119376
119492
119606
119701
119742
119986
120124
120160
120220
120392
120394
120447
120450
120452
120460
120500
120562
120581
120590
120610
120686
120692
120791
120792
120852
120855
121192
121246
121247
121338
121363
121368
121371
121467
121572
121755
121774
121923
122036
122061
122783
123164
123697
124015
124119
124187
124448
124935
125748
125959
125965
125986
126050
126257
126757
126877
127366
127985
128411
128452
128563
128653
128721
129083
129670
129734
129742
129758
129767
129878
130889
130893
130910
130929
130976
131055
131090
131124
131186
131394
131417
132695
132886
132897
132975
133068
133169
133265
133286
134246
134258
134333
134617
134712
134734
134772
134914
134954
134976
135009
135032
135309
135320
135349
135465
136040
136112
136136
136296
136353
136381
136428
136625
136748
136832
136927
136958
137389
137550
137577
137599
138907
139062
139121
139471
139679
139980
140179
140239
140626
141241
141304
141505
141561
141700
142190
142269
142319
142455
143286
143326
143721
143773
143854
143941
144194
144292
144689
144703
144738
144850
144907
144930
144937
144992
145145
145411
145745
145776
145982
146174
146271
146300
146494
146650
146798
147039
147109
147215
147514
147876
147939
148130
148240
148299
148380
148437
148466
148499
148571
148582
148607
148716
148731
148749
148757
148839
148849
149144
149199
149216
149269
149602
149636
149831
150008
150040
150042
150046
150249
150420
150519
150707
150773
150886
150973
150978
151241
151521
151555
151718
151877
151921
152257
152341
152588
152714
152770
152998
153056
153081
153113
153130
153405
153468
153882
153922
154296
154310
155128
155162
155279
155287
155473
155487
155563
156211
156589
156606
156766
156891
156959
157024
157072
157132
157258
157493
157622
157750
157824
157885
157993
158787
159484
159615
159732
159736
159902
160098
160236
160269
160709
160787
160957
160985
160987
160991
161005
161008
161114
161278
161350
161434
161451
161497
161682
162006
162234
162313
162587
162899
162925
163353
163508
163730
163739
164399
164574
164664
164731
164827
170463
171251
171372
172338
172350
173083
173942
174149
174178
174226
174237
174271
174333
174393
174398
174462
174840
174977
175024
175153
175192
175216
175395
177335
177911
177934
178006
178088
178322
178440
178785
179597
179807
179845
180026
184132
184280
184531
184868
184998
185734
185758
185976
186536
186547
187242
187474
187995
188009
188046
188382
189045
189542
189661
189723
189742
190368
190763
191209
191366
191576
191877
192580
195198
195428
195919
196781
198306
198582
199079
199172
200982
201059
201790
202016
202050
202059
202091
202115
202174
202261
202501
202521
202636
202975
203057
203167
203206
203249
204470
204517
204608
205795
206126
206143
206867
207186
207315
207562
207703
207812
207816
208396
208453
208758
208818
209105
209941
210071
210736
210849
211120
211286
211295
211316
211345
211347
211352
211436
211459
211571
211618
212255
212259
212265
212321
212442
212546
212646
212880
212888
212918
212945
212953
212971
213044
213248
213263
213269
215275
215349
216004
216006
216322
216547
216720
216818
216941
217479
217642
218692
218971
219043
219106
220163
220703
221290
221302
221629
221632
221873
222147
222578
222862
223844
224131
224616
224622
224973
226189
226554
227431
227435
227471
227756
228324
228439
228803
228907
229281
229673
229716
229741
229894
229898
229960
229974
230155
230196
230243
230257
230821
231088
232252
232272
232317
232377
232515
232604
233223
233349
234295
234700
236032
236056
236369
236869
237014
238113
238218
238524
238529
239181
239311
240040
240199
240406
240506
241779
241956
241997
242036
243363
243447
244919
245005
245108
245232
246264
246333
246932
247171
247218
247775
247829
247957
247958
249010
249093
249352
251579
251596
251671
251900
252149
252641
252668
252784
252817
252901
253300
253766
254115
254255
254356
255830
255861
256050
256230
256374
256537
256731
257250
257393
257517
257722
257864
258238
258580
258656
258821
259172
259181
259187
259226
259427
259459
259461
260184
260198
260410
260601
260710
261091
261285
261448
261911
261922
261927
262123
262785
262802
263545
263603
263864
264241
264381
264538
264667
265012
265197
265256
265349
265432
265540
266030
266161
266472
266524
267259
267575
267792
268415
269096
269313
269886
269894
269919
270118
271610
271756
271913
272643
272712
272808
273084
273180
273456
273907
273977
274104
274268
274353
275071
275090
275857
276522
276944
277385
277981
278095
278822
278838
280352
281271
282317
282470
283163
283489
285048
285832
285856
286217
286281
286282
286628
286634
286827
287640
287683
287814
288235
288247
288274
288495
288604
289484
290793
292140
293860
294213
295084
295227
295606
297318
297351
297842
298468
298903
299394
299516
299769
300334
300422
300854
300856
300903
300945
301019
301182
301185
301454
301696
301706
302527
302665
303160
303318
303330
303555
303579
303673
303807
304575
304587
304644
304840
304855
304925
305744
306622
308438
308578
308617
308830
310536
310736
311135
311136
311169
312323
312341
312663
312676
313798
315132
315309
315404
315935
317919
318099
318356
318465
318751
318767
319185
319319
319568
319594
319676
319677
319749
320734
321231
321327
321641
323627
324261
324562
325502
325910
326858
327534
327681
329363
329425
329613
329882
330954
330964
331099
331444
331635
331733
331845
331919
331925
332981
333973
334651
334680
334695
334997
335356
335541
336136
336358
336428
336454
336799
336901
339455
340790
341393
342824
344412
344602
345876
345923
346580
346594
346630
347237
348042
348369
348374
351176
351797
352745
352762
353019
354464
354549
354826
355987
357291
360667
360675
360792
360828
361759
361786
361936
362386
364013
364027
364169
368113
368635
368799
368950
370077
381042
381283
381438
381457
381498
381952
382687
382787
382788
385071
385687
386331
387130
387660
388060
389116
389607
391466
394439
395867
397399
397661
398151
398425
398855
400801
401351
404593
406768
408110
410770
416135
416730
416817
419556
419987
419989
420013
422051
423784
425083
429601
429660
430885
431137
433199
435405
439942
440164
445443
445567
446724
448020
448822
449049
449527
449978
454284
455858
461366
462309
463621
463676
465794
468144
469823
469834
470613
470884
473987
475834
482899
489100
491649
494246
496489
500088
503604
505964
507786
508586
514377
517741
518511
520270
521761
522076
527891
528393
528964
528993
529703
532900
537937
545621
547373
553567
555087
556634
560776
570581
576322
579978
586258
593144
599521
600264
606591
616821
618116
629722
629727
631422
633002
636023
640248
644965
645633
666563
667914
670116
705963
738895
762937
790211
809987
823497
824438
833904
868724
904098
968259
978180
1053223
1084786
1099516
1114464
1120846
1124791
118
153
343
586
683
722
758
796
860
871
878
900
993
1366
1396
1484
1502
1562
1876
2066
2130
2246
2456
2534
2546
3014
3072
3146
3196
3348
3537
3613
3648
3657
3747
4027
4265
4300
4302
4443
4449
4529
4849
4888
4961
5798
5936
6102
6170
6214
6326
6392
6442
6809
6830
6861
7053
7064
7087
7157
7194
7227
7298
7303
7308
7332
7438
7511
7535
7560
7678
7747
7758
7956
8039
8118
8138
8149
8211
8233
8686
8739
8740
9120
9347
9435
9447
9606
9797
9948
9969
10135
10236
10515
10544
10591
10846
10865
10999
11257
11345
11371
11465
11560
11602
11635
11885
12049
12122
12804
12858
12982
13050
13071
13089
13159
13223
13248
13257
13342
13382
13389
13566
13569
13651
13856
13946
14040
14047
14085
14577
16755
16774
16910
16924
16946
17062
17177
17291
17398
17625
17817
17823
17878
17906
17933
18377
18504
18747
18785
18878
18950
18976
18991
19052
19451
19459
19581
19615
19685
19729
19826
19880
19890
20045
20135
20176
20177
20195
20204
20334
20355
20407
20419
20426
20473
20580
20593
20704
20994
21001
21007
21133
21143
21224
21266
21443
21509
21593
21653
21883
21933
21942
22173
22246
22250
22438
22608
22756
22896
23356
23372
23426
23540
23576
23647
23692
23720
23755
24051
24154
24211
24346
24621
24649
24826
24875
24883
24908
24987
25021
25022
25131
25172
25422
25758
25772
25868
25869
25888
26103
26155
26165
26304
26413
26458
26497
26515
26712
26744
26753
26792
26804
26955
27051
27064
27174
27209
27215
27238
27307
27396
27683
27712
27728
27980
27990
28000
28031
28047
28066
28134
28217
28234
28328
28380
28434
28457
28477
28567
28625
28627
28633
28679
28715
28761
28842
28850
28875
28973
29005
29024
29233
29316
29496
29501
29671
29694
29782
29904
30324
30334
30337
30629
30667
30679
30764
30768
30789
31113
31417
31674
31823
31866
31890
31948
32015
32404
32468
32589
32937
33139
33218
33740
33864
33877
33891
34030
34405
34463
35376
35394
35617
36228
36332
36503
36784
36904
37136
37148
37563
37651
37909
38139
38537
38550
38807
39190
39195
39402
39667
39744
39745
39747
39871
39931
39940
39965
40009
40046
40112
40364
40525
41085
41578
41788
41916
41954
42028
42299
42781
42962
42978
43052
43263
43416
43867
43906
43954
44470
44505
44733
44995
45473
45563
45564
45620
45645
46216
47384
47548
47742
47927
48280
48585
48594
48745
48746
48837
48876
48909
48912
49091
49156
49170
49402
49429
49466
49576
49587
49593
50077
50616
50839
51191
51415
51418
51641
51777
51819
51845
52003
52178
52226
52364
52961
53017
53115
53569
53576
53595
53787
53801
54804
54901
55020
55229
55354
55372
55383
55384
55434
55614
55649
55715
55734
55834
55884
55889
55906
55919
55984
55994
56180
56184
56263
56334
56669
56785
56805
56921
57447
57619
57721
57891
57908
58054
58118
58219
58570
58599
58624
58735
58736
59210
59637
59710
59711
59823
60205
60293
60938
60954
61006
61054
61097
61286
61307
61708
61919
62637
62715
63585
63636
63700
63977
64267
64293
64311
64332
64359
64422
64559
64569
64593
64607
64635
64706
64789
64844
64906
65056
65163
65194
65247
65281
65417
65430
65435
65570
65584
65586
65842
66445
66508
66687
66854
67091
67150
67231
67274
67673
68440
68510
68851
69239
69518
69719
69734
69752
69853
70265
70632
70855
70948
71143
71148
71218
71275
71345
71440
71541
71764
71885
72041
72209
72217
72748
73597
73623
73638
73695
73775
73923
74093
74240
74403
74480
74913
74943
74986
75005
75077
75125
75168
75214
75261
75303
75523
75726
75796
75939
76062
76405
76536
76719
77101
77282
78056
78804
79155
79274
79364
79498
79712
80160
80423
82188
82515
82749
82885
83162
83327
83589
83681
83729
84075
84334
84382
84553
85409
85495
85556
85594
86258
86583
86780
87087
87699
88521
89175
89370
89458
89501
90994
91067
91068
91125
91168
91225
91238
91269
91379
91389
91490
91610
91760
91894
91973
92053
92180
92192
92269
92343
92518
92624
92632
92722
92776
92988
93090
93167
93253
93315
93329
93416
93447
93450
93458
93511
93530
93554
93647
93662
93673
93750
93870
94092
94187
94265
94584
94616
94642
94686
94733
94765
94822
94860
94931
94967
95130
95521
95544
95621
95660
95721
95762
95807
95826
95962
95966
96130
96342
96361
96445
96463
96491
96497
96656
96776
96778
96855
96884
96918
96948
96979
97080
97143
97264
97293
97312
97361
97373
97389
97422
97500
97549
97552
97561
97841
97865
97872
97930
97956
97971
97999
98036
98098
98305
98349
98385
98413
98456
98464
98513
98590
98694
99225
99281
99843
99893
99943
99957
100003
100006
100021
100274
100278
100371
100458
100475
100518
100541
100655
100752
100762
100763
100814
101611
101683
101875
101895
102027
102042
102105
102248
102261
102481
102494
102564
102641
102899
102913
103004
103005
103030
103112
103164
103193
103197
103286
103297
103345
103526
103533
103612
104121
104197
104229
105311
105793
105906
106065
106220
106558
108904
109033
109202
109829
109909
111487
111982
113296
113348
113429
113456
113589
113675
114051
114130
114158
114282
114393
114395
114520
114624
114669
115287
115508
116238
116325
116330
117373
117459
117574
117699
117736
117742
117798
118515
118835
119225
119236
119500
119617
119677
119887
120032
120064
120203
120248
120385
120445
120448
120472
120480
120523
120546
120599
120644
120728
120738
120774
120834
121014
121046
121055
121164
121204
121227
121262
121328
121359
121490
121544
121647
121707
121746
121797
121865
121915
123025
123049
123114
123177
123206
123331
123646
123732
123735
123778
123856
123879
124530
125020
125700
125758
125820
125888
125891
126026
126090
126105
126149
126150
126152
126155
126193
126224
126230
126247
126288
126337
126390
126732
127227
127430
127436
127461
127989
128103
128379
128618
128821
129047
129108
129112
129801
129820
130081
130182
130344
130372
130631
130890
131358
132965
132990
133097
133622
133648
134243
134362
134491
134836
135001
135031
135041
135132
135194
135203
135239
135324
135404
135458
135694
135884
135902
135910
136010
136020
136041
136108
136137
136366
136406
136421
136643
136703
136734
136841
136949
137563
137647
137670
137671
138199
139109
139165
139185
139197
139355
139467
139536
139804
139826
140459
140486
140513
140550
140561
140969
140990
141017
141540
142090
142291
143217
143273
143400
143450
143739
143771
143789
143845
143856
143871
144234
144282
144657
144697
144709
144753
144771
144787
144831
144844
144871
144950
145347
145410
145520
145528
145642
145677
145854
146187
146277
146283
146578
146688
146815
146823
146843
146898
147082
147238
147277
147445
147450
147629
147666
147683
147702
148138
148176
148223
148277
148309
148310
148546
148598
148619
148622
148672
148829
148878
148934
149268
149365
149376
149823
150185
150211
150340
151418
151441
151467
151657
151667
151924
151978
152055
152250
152283
152373
152400
152568
152585
152680
152996
153075
153274
153561
153891
153937
154046
154158
154402
154455
154475
155018
155022
155049
155054
155060
155145
155437
155449
155476
155546
155547
155620
155853
155857
155964
156034
156140
156153
156244
156284
156286
156309
156609
156633
156779
156908
157130
157157
157162
157193
157261
157445
157518
157712
157982
158304
158367
158512
158691
158758
158942
159212
159363
159421
159424
159450
159868
159881
159936
160147
160334
160339
160697
160901
160969
160970
161072
161254
161316
161410
162185
162239
162378
162607
162787
163013
163050
163137
163675
163978
164728
164767
164842
170111
170204
171268
171475
172683
173127
174131
174402
174437
175089
175209
175229
177432
177793
178490
178963
179746
179757
179882
180037
180933
183862
183955
183988
184039
184339
184367
184890
185665
185901
186529
186643
187287
187304
188006
188017
188288
188356
188592
189069
189356
189556
189697
189778
190879
190981
191285
191300
191382
191476
191684
191737
191930
191958
192203
192236
192344
193102
194129
195074
195101
195289
195321
195361
195366
195566
195588
195781
195863
195878
197392
197852
198108
198297
198322
198894
200896
200963
201179
201432
202135
202254
202402
202420
202425
202500
202503
202707
202820
202823
204457
204628
205048
205920
205987
206471
207208
207271
207390
207427
207493
207639
207871
208283
208556
208789
209637
209689
210234
210275
210364
211364
211368
211423
211553
211683
211689
211771
212072
212156
212241
212351
212387
212410
212419
212436
212461
212476
212563
212742
212893
212972
213342
213461
214231
214291
215009
216505
217004
217009
217020
218389
218688
218693
218837
219258
219319
219809
219885
219954
220204
220267
220719
221370
221553
221668
221803
221862
221983
222883
223608
223609
223658
224190
226144
226196
226756
226854
227270
227763
227897
228433
228735
228737
228739
228828
229322
229456
229635
229657
229711
229881
230065
230248
230589
230590
230656
232029
232215
232745
232762
232904
233170
233192
233415
233615
235524
235733
236045
236162
236291
236332
236958
237386
237746
237873
238216
238396
238446
238493
238541
238545
238553
238616
238922
238925
239099
239458
239578
239747
239757
239837
239877
239973
240177
240304
240330
240383
240881
241902
241991
242040
242089
242164
242192
242220
242723
245000
245072
245151
245461
246276
246567
246613
246615
246651
246673
246679
246985
247177
247186
247193
247203
247367
248726
248842
248959
249762
251850
252761
253010
253262
254422
255128
255356
255834
255843
255902
255937
256151
256204
256546
256842
256916
256990
257129
257947
258612
258642
259118
259190
259198
259356
259438
260137
260629
261137
261232
261297
261668
261677
262699
262737
262824
263167
263189
263228
263304
263725
263938
264470
265038
265190
265270
265312
265351
265440
265962
265997
266055
266381
266403
266507
266508
266525
266536
266539
267081
267104
267283
267450
267849
268205
268331
268426
268896
268992
269089
269259
269267
269433
269826
269905
269906
270256
270350
270637
270941
271007
272683
273060
274140
274357
274452
275620
275625
275629
275653
275708
275719
275787
276917
277013
277041
277061
277063
277788
278322
279141
279473
279500
280331
280385
280998
281118
281401
281625
282492
283166
283774
285060
285436
285675
286459
286640
286887
287004
287120
287519
288237
288286
288627
289351
289377
289491
289546
289749
290078
290346
290806
292089
292138
292725
294241
294293
294571
295604
296632
297051
297430
297675
297985
298703
298899
299061
299360
299428
299536
299686
299732
299753
299806
300452
300700
300795
300849
300971
301255
301703
301873
301921
302063
302208
302529
303357
303359
303826
304019
304180
304357
304634
304844
304881
304963
308577
308583
308724
309885
310744
311134
311841
311847
312238
312556
314892
315763
315924
317100
317541
317564
317650
318225
318773
318800
318827
319021
319583
319651
320487
320627
320822
322075
323113
323318
324574
324726
325013
325726
326618
326656
326811
327457
327518
328019
328145
328285
329411
329560
330054
331036
331334
331340
331348
331438
331489
331666
331787
331838
331967
333891
334085
334640
334742
335174
335504
335577
335580
336382
336725
336775
339028
339149
339247
339251
339278
339962
341441
341466
341671
341806
341925
342701
343025
343105
343359
344502
344904
345827
345881
346138
346607
346651
347101
348751
351188
351219
351792
352057
352197
352411
353157
353405
353677
354585
354834
354883
355170
356031
356748
357439
359767
359827
360566
360807
360909
362415
362632
363467
364014
367818
368415
368634
368685
368900
369638
371013
380913
381336
382758
382791
384500
385598
385866
386003
386011
386278
387391
387492
388044
388415
389052
390161
390681
393999
394937
395000
395060
395066
395068
395702
395835
395849
396345
397742
398704
400726
401555
401978
402298
403108
405441
406992
409058
412290
416778
416810
417005
418436
419073
419758
430835
431630
433496
434693
434764
435125
437385
437388
440155
440171
441277
443231
444533
444669
445453
446900
447427
447541
447607
449977
451063
451682
451789
452704
453595
453769
456314
457832
458144
458805
465155
466439
468553
471136
473216
473245
474152
475055
476014
481712
482033
484120
487252
487738
487855
490443
490460
492733
493582
496710
497178
498007
498156
498560
498856
500149
500171
503281
503282
503667
503772
505437
506178
506534
506933
507301
507846
511776
527896
529659
529696
532334
532476
532810
541477
545062
546004
553443
561223
562063
565385
569412
571131
581489
586803
590533
592621
594071
601043
603572
605540
607263
608407
610561
610750
611785
611915
612082
613864
621201
624978
630931
631616
646986
650119
651233
653216
660098
661513
697506
709849
720991
732014
739721
755078
764125
767617
770349
774061
775015
779924
782777
789745
819208
823671
827062
844342
857547
860405
896804
914816
944597
953163
983532
995700
1026421
1046287
1047778
1052516
1059209
1067881
1125215
1133152
125
424
500
535
741
802
913
1010
1529
1560
1721
1815
1944
1974
1989
1998
2123
2127
2132
2639
2866
2952
3186
3306
3368
3431
3969
4063
4119
4208
4253
4255
4281
4314
4364
4374
4425
4635
4711
4777
4905
5759
5768
6083
6261
6494
6797
6826
6869
6933
7084
7094
7169
7191
7282
7315
7452
7471
7580
7660
7691
7892
7977
8152
8171
8243
8369
8798
8910
8939
9114
9164
9336
9632
9635
9664
9893
10070
10179
10301
10565
10700
10860
10864
10956
11265
11379
11464
11588
12156
12332
12392
12423
12458
12641
12915
12930
13044
13073
13080
13273
13282
13295
13318
13365
13394
13420
13526
13590
13629
13736
13762
13892
13987
14063
14171
16289
16747
16833
16895
16955
17139
17479
17646
17841
17921
18102
18246
18284
18781
18865
18876
19262
19266
19339
19342
19782
19832
19845
19908
19928
19989
20012
20212
20213
20244
20322
20336
20376
20414
20460
20488
20575
20908
20930
21011
21064
21069
21124
21134
21136
21148
21195
21276
21301
21314
21338
21398
21444
21555
21752
21756
21801
21816
21850
21861
21875
22000
22024
22252
22302
22309
22330
22344
22587
22590
22618
22697
22766
22833
22969
23158
23421
23486
23626
23676
23716
23869
23929
23993
24048
24073
24354
24496
24507
24617
24658
24723
24735
24786
24794
24850
25007
25062
25078
25101
25349
25532
25615
25705
25747
26023
26290
26309
26320
26379
26439
26514
26624
26681
26742
26845
26861
26884
26905
26912
27009
27113
27224
27657
27707
27718
27753
27815
28033
28045
28126
28163
28169
28191
28346
28354
28419
28454
28462
28528
28554
28652
28712
28727
28737
28825
28826
28838
28858
28865
28984
29181
29208
29214
29246
29319
29464
29506
29620
29696
29725
29765
29887
29979
30020
30190
30234
30545
30566
30574
30621
30622
30918
30956
30986
31002
31012
31021
31082
31110
31131
31271
31273
31328
31388
31463
31568
31591
31641
31645
31855
31864
31909
31944
31945
32093
32143
32147
32154
32348
32736
32861
33008
33123
33156
33283
33304
33324
33671
34403
34602
34733
34995
35247
35384
35456
35741
36196
36393
36414
36481
36604
36623
36749
36814
36976
37530
37600
37630
37634
37764
37791
37822
37898
38637
38867
38903
38929
39105
39493
39665
39887
39932
40103
40332
40429
40440
40524
40728
41590
41598
41608
41644
41666
41747
42544
42813
42820
42857
43003
43108
43153
43179
43330
43441
43874
43929
43982
44253
44274
44451
44476
44477
44581
44992
45099
45146
45612
45753
45917
46012
46157
46543
46761
47331
47336
47426
47609
47657
47659
47703
47744
48115
48559
48575
48625
48650
48683
48702
48757
48814
48835
48895
48992
49031
49146
49317
49318
49386
49465
49468
49528
49531
49698
49815
49883
49940
50003
50207
50466
51020
51782
51830
51856
52114
52240
52308
52312
52394
52669
52766
53011
53564
53632
53651
53793
53905
53907
54634
54815
55245
55292
55305
55309
55477
55528
55570
55628
55660
55694
55701
55755
55781
55803
55805
55920
55962
55965
55995
56030
56311
56374
56383
56402
56504
56528
56619
56670
56688
56765
56887
57204
57695
57911
57936
58225
58258
58481
58630
58698
58996
59151
59188
59196
59202
59203
59398
59405
59556
59746
59913
61265
61280
61386
61416
61519
61676
62673
62886
62994
63174
63188
63525
63555
63802
63852
63958
64157
64241
64292
64313
64327
64460
64555
64665
64689
64760
64813
64863
65101
65274
65332
65361
65374
65485
65639
65756
66336
66593
66770
66782
66872
66884
66972
67282
67685
67965
67971
68956
69291
69425
69426
69555
69702
69777
69842
69969
70504
70547
70723
70892
70896
70964
71015
71246
71317
71352
71402
71456
71488
71526
71543
71647
71907
71980
72007
72096
72291
72890
73580
73595
73614
73718
73724
74023
74029
74349
74785
75006
75025
75049
75106
75140
75183
75196
75251
75267
75327
75369
75884
75891
76033
76086
76109
76199
76593
76727
76960
77129
77156
77180
77219
77330
78386
78589
78785
78932
78935
79568
79603
79765
80981
81723
81921
82018
82511
82610
83031
83502
83828
84165
84226
84312
84372
84720
84836
85241
85352
85616
86178
86541
86777
86945
87139
88052
88326
88774
89286
89482
90986
91053
91157
91178
91189
91214
91239
91257
91265
91309
91317
91472
91519
91790
91913
92020
92158
92279
92303
92319
92331
92334
92350
92531
92723
92803
92806
92920
92962
92964
92965
93067
93101
93108
93197
93389
93454
94094
94257
94278
94432
94602
94726
94837
94932
95051
95055
95168
95214
95310
95331
95380
95385
95492
95504
95547
95635
95644
95702
95717
95746
95879
96016
96088
96122
96134
96181
96239
96275
96302
96309
96391
96580
96803
96895
96898
97016
97082
97128
97244
97246
97266
97349
97408
97433
97501
97506
97544
97557
97644
97722
97776
97790
97893
98047
98059
98131
98163
98180
98196
98370
98392
98404
98428
98492
98809
99314
99342
99347
99350
99379
99435
99452
99453
99765
99834
99938
99983
100023
100070
100143
100419
100490
100662
100788
101211
101377
101397
101410
101422
101553
101578
101592
101619
101764
101769
101772
101781
101903
101920
101936
102003
102051
102218
102242
102301
102396
102479
102759
102866
102870
102995
103236
103280
103302
103318
103322
103391
103464
103493
103554
103555
103632
103719
103760
104136
104144
104178
104240
104338
104524
105224
105266
105596
105696
105764
105928
106699
108556
108567
108758
109126
109247
109552
110024
110066
112225
112562
112809
113192
113214
113270
113500
113596
113614
113764
114650
115283
115324
115951
117462
117779
117806
117854
117945
119001
119900
120009
120118
120252
120496
120558
120616
120627
120646
120798
121084
121087
121132
121153
121174
121269
121355
121403
121427
121448
121472
121583
121589
121615
121643
121878
121901
122317
123122
123227
123243
123656
123690
123757
123787
123963
123965
124239
124758
124822
124943
125048
125067
125095
125097
125184
125327
125970
125978
126019
126185
126190
128037
128251
128751
128757
128959
129572
129677
129799
130050
130130
130217
130288
130374
130824
130965
130986
131042
131092
131500
132792
132971
133027
133259
133309
133391
133571
133688
134241
134253
134259
134350
134513
134533
134544
134677
134695
134749
134861
134944
134962
134987
134991
134994
135144
135487
135578
135706
135723
135838
135898
135914
136281
136324
136442
136621
136754
136866
136909
136989
137621
137672
138887
139046
139047
139054
139071
139200
139250
139302
139351
139420
139507
139846
140056
140435
140517
140533
140753
140929
140965
141045
141128
141129
141223
141264
141325
141415
141496
141512
141649
141679
141892
142085
142293
143705
143747
143780
143782
143825
143842
143938
144146
144210
144216
144335
144548
144620
144660
144686
144702
144783
144934
144983
145043
145132
145219
145232
145287
145306
145374
145407
145542
145620
145679
145764
145784
145904
146103
146150
146264
146582
146597
146699
146814
147001
147282
147297
147460
147615
147687
147877
147918
147950
148135
148242
148262
148331
148441
148489
148600
148616
148960
148970
149196
149634
149971
150105
150121
150139
150197
150658
150807
150815
150995
150997
151215
151283
151299
151552
151669
151722
151732
151918
152586
152604
152755
152935
153101
153116
153280
153430
153550
153702
153777
153811
153866
153878
154013
154014
154055
154175
154185
154195
154289
154321
154834
155043
155082
155093
155112
155141
155426
155496
155601
155607
156185
156350
156371
156584
156602
156607
156660
156775
157053
157204
157214
157255
157346
157402
157440
158386
158539
158677
159362
159588
159785
160015
160077
160342
160373
160570
160805
160977
161016
161110
161454
161735
162010
162127
162243
162255
162944
162970
163030
163126
163243
163442
163592
163600
163631
163848
163869
164418
170125
170215
170224
170518
171435
172409
172426
173021
174132
174176
174216
174247
174403
174410
174434
174792
174797
174914
174955
177636
177737
178444
178456
178548
178763
178784
178951
179467
179724
179726
179825
179883
180113
183880
184092
184167
184234
184276
184305
184316
184385
184677
184689
185751
185755
185873
185875
185889
185900
186573
186905
186918
187301
187345
187463
187999
188628
188654
188751
189268
189331
189659
189699
190896
190909
191077
191282
191512
191924
192367
193368
193597
193726
193987
194059
195213
195385
195412
195846
197889
200151
200826
200829
200882
200951
201268
201454
201559
201587
201639
201781
201915
201985
202036
202044
202055
202088
202161
202188
202237
202454
202527
202611
202625
202641
202643
202746
202833
203205
204432
204515
204942
205921
206107
206157
206422
206473
206862
207199
207342
207433
207503
207546
207745
208280
208457
208754
208833
210148
211073
211291
211315
211349
211358
211373
211376
211386
211634
211787
211790
211804
211815
212215
212218
212251
212496
212549
212550
212551
212557
212861
213097
213230
213256
215007
215160
215336
216014
216015
216037
216259
216458
216644
216843
218034
218061
218790
218953
219204
219284
219800
219914
219931
219932
220339
220984
221335
221466
221477
221710
221988
222447
223676
223718
223993
225237
225977
226158
226422
226530
226536
226713
226956
227029
227055
227340
227483
227627
227643
227645
228524
228727
228733
228870
228932
228954
229182
229205
229266
229312
229317
229363
229508
229643
229712
229729
229874
230046
230195
230585
230607
230650
230652
230661
230743
230782
232507
232664
233200
233206
233287
233391
233479
233500
235493
235556
235564
235589
235818
236276
236295
236303
236435
236670
237240
237241
237278
237352
237363
237947
237962
238439
238462
238483
238531
238838
239087
239150
239264
239684
239752
239780
240051
240428
240619
240876
241380
241948
242013
242019
242038
242072
242075
242235
242577
242604
243151
244050
244052
244331
244514
244588
245089
245120
245292
245522
246115
246262
246277
246347
246494
246495
247135
247518
247774
247831
248204
248626
248749
249498
249675
250646
250700
250745
250805
251022
251065
251162
251166
251229
251446
251517
252708
252807
252809
252861
253265
253943
253944
253951
253957
254369
254370
254425
254946
255229
255543
255769
255857
255977
256175
256524
256613
257401
257492
257649
258206
258519
258849
258918
259119
259152
259192
259363
259433
259658
259885
259941
260279
260955
261282
261515
261698
261788
261910
262127
262298
263255
263760
264084
264375
264554
264564
264571
264623
264665
265105
265721
265907
265983
266107
266517
266626
266631
266659
267249
267252
267510
267569
267572
267722
267752
268370
268375
268511
268809
269156
269506
269893
270023
270035
270274
271046
271141
271190
271573
271893
272073
272607
272925
273023
273143
273393
273824
274273
274282
274530
274683
274861
275367
275939
275949
276134
276336
276434
277012
277400
277836
278263
278324
279062
279108
279879
279939
280705
280756
281091
281097
281459
282557
282698
283359
283540
283562
283845
284349
284743
285047
285584
285636
286071
286207
287078
287085
287223
287551
287702
287789
288381
289552
289780
289962
289983
290594
291186
292351
293590
293729
293916
294366
295054
295266
296024
296035
296092
296097
296229
296629
298458
299038
299107
299154
299176
299367
299472
299520
299528
299696
299765
301101
301287
301308
301637
301890
302036
302443
302701
303102
303543
303621
303805
303828
303889
303940
304025
304108
304137
304257
304361
304364
304596
304786
305006
305200
305588
306075
307555
308028
308047
308581
309184
309198
309292
309463
309835
310434
310527
311224
311459
311607
311701
311824
312111
312786
314038
314781
314794
315298
315317
315891
317119
317821
318054
318505
318756
319133
319879
320966
321896
322123
325563
326626
326718
326731
326734
327601
327688
328016
328454
329211
329217
329366
329419
329490
329565
329638
329664
330897
330973
331056
331345
331392
331421
331608
331757
331891
331983
332123
332176
332177
332186
333676
333682
333777
333886
334235
334265
334500
334610
334682
334877
335005
335753
335856
335866
335914
336016
336071
336152
336294
336638
338364
339032
339359
339376
339560
341198
341710
341809
342324
342769
344408
344507
345805
346042
346410
347193
347332
347459
347722
347777
348032
348406
348442
349136
349227
349378
349631
350145
350476
351179
351198
351815
352343
352630
352754
352828
353031
353138
353433
353596
354366
354541
354804
354985
355035
355709
356175
356324
356339
356553
356755
357031
359321
359610
360017
360019
360937
361249
361384
361766
362165
362269
362288
363217
363335
363691
363793
365805
368246
368640
368812
370202
370208
372808
380774
381047
381061
381385
381413
381788
382356
382554
383136
385845
386044
386420
386519
388685
389162
389330
389951
390046
392037
393200
394355
394739
394951
394965
395100
395774
396109
396126
396185
396254
396347
396491
397082
398505
398523
400326
401067
402928
404764
406717
414064
414676
416547
416688
416779
417023
417031
417397
418312
418517
418841
419620
419965
420080
422161
424792
430319
430997
431183
433315
434156
434690
435645
437312
439101
439143
439215
440169
440311
441288
443303
443543
446503
446606
447644
448668
449562
449881
449892
452510
453489
454798
456056
457442
457732
457791
457859
457952
459068
463592
466417
466478
466858
466942
468269
468380
468533
468781
470955
471240
472580
473249
473277
474151
474211
474497
476469
476809
479477
479960
480332
482745
482870
483362
483751
484153
485313
487239
488300
488851
491949
492247
492357
492533
493198
494018
494510
494786
495912
499090
500194
503614
503813
506992
508682
513032
515994
519833
520200
522458
531044
532639
532766
532806
532979
538850
539032
539473
544798
550373
551932
554083
556827
566133
568844
570036
575399
576156
576327
578426
578434
579117
582432
583832
585327
599526
603926
605888
606453
607974
607977
609537
612597
612623
615976
616487
624515
626441
626443
626950
627203
629495
629731
629829
630075
631420
631829
631931
632567
632795
634409
634806
635314
637551
639949
642693
647876
651634
658759
660078
663890
668055
673338
674201
680119
696479
697897
704992
717476
722138
739133
747146
753077
762080
775012
776108
776740
778595
820806
821001
831616
842838
848259
851792
852309
869840
877339
910926
913390
918179
955563
963712
1013178
1027502
1041547
1050829
1051185
1054528
1061374
1078166
1081393
1083856
1108025
1109619
1123570
114
644
935
963
1145
1376
1574
1704
1995
2159
2468
2487
3063
3296
3643
3758
3973
3980
3998
4049
4070
4071
4088
4164
4229
4276
4285
4313
4350
4368
4410
4463
4526
4620
4646
4691
4733
4768
4957
5079
5925
6015
6068
6104
6232
6262
6303
6400
6476
6769
6801
6829
6831
6875
6948
6969
7011
7037
7046
7148
7268
7277
7281
7292
7331
7486
7597
7653
7713
7802
7880
7909
8095
8098
8133
8202
8303
8461
8659
8919
8952
9074
9713
9974
10149
10569
10723
10746
10800
10991
11036
11158
11193
11493
11509
11808
11810
11911
12135
12159
12190
12256
12304
12396
12527
12647
12776
12824
12918
12995
13038
13076
13195
13204
13284
13587
13984
14155
14207
14571
16616
16689
16724
16750
16861
16947
16958
16982
17020
17500
17635
17676
17880
17915
17942
17966
17968
18026
18086
18103
18339
18370
18402
18662
18841
18850
18872
18929
19191
19340
19368
19404
19507
19590
19626
19632
19851
20021
20028
20097
20128
20153
20160
20192
20199
20397
20418
20450
20464
20477
21074
21092
21190
21267
21335
21343
21640
21679
21735
21804
21893
21904
21955
22030
22060
22206
22284
22357
22373
22403
22499
22597
22656
22742
22759
22823
22926
22936
22940
22960
23023
23059
23217
23262
23322
23354
23420
23441
23646
23764
23785
23790
23857
23885
23965
24037
24039
24157
24544
24626
24702
24877
24930
24991
24993
25048
25099
25119
25209
25221
25715
25751
25899
25934
26000
26004
26008
26027
26048
26108
26115
26269
26282
26380
26398
26405
26482
26506
26665
26737
26743
26763
26856
26880
26887
26972
26977
26999
27026
27039
27084
27095
27186
27288
27341
27355
27368
27378
27539
27626
27636
27721
27734
27752
27892
27911
28042
28076
28094
28132
28135
28147
28190
28286
28331
28343
28351
28439
28562
28617
28648
28683
28745
28793
28946
28966
28999
29039
29102
29121
29151
29163
29243
29275
29427
29593
29724
29915
29929
30290
30322
30327
30375
30430
30518
30610
30630
30710
30807
30822
30827
31107
31381
31684
31725
31810
31881
31929
32001
32007
32041
32471
32529
32555
33091
33485
33559
34145
34345
34385
34487
34710
34982
35173
35236
35245
35435
35459
35505
35534
35608
36187
36399
36435
36739
36770
36828
36918
36943
37017
37214
37584
37652
37919
37958
38246
38562
38904
38914
39186
39235
39375
39690
39961
40055
40261
40271
40436
40448
40605
41112
41128
41471
41765
42730
43004
43116
43122
43131
43249
43320
43378
43580
43613
43702
43811
43921
44028
44114
44149
44260
44608
45128
45524
45656
45699
45710
46182
46896
46902
46995
47049
47777
47982
48139
48507
48577
48714
48715
48764
48832
48894
48896
48910
48918
49018
49180
49192
49301
49585
49597
49680
49817
49908
49967
49998
50012
50031
50249
50397
50792
50797
50981
50988
51100
51325
51425
51462
51753
52037
52126
52239
52730
52969
53125
53566
53807
53922
54499
54893
54930
55274
55312
55387
55436
55495
55543
55559
55590
55591
55611
55617
55656
55684
55696
55711
55769
55788
55799
55840
55873
55986
56026
56048
56070
56123
56231
56268
56277
56519
56591
56595
56607
56666
56681
56691
56753
57083
57474
57517
57524
57665
57887
57934
57975
58098
58167
58215
58271
58297
58338
58426
58499
58697
58750
59022
59100
59148
59172
59377
59378
59412
59524
59579
59781
59819
60300
60304
60334
60354
60550
60939
61034
61114
61298
61354
61358
61364
61403
61414
61494
61637
61664
61894
61902
61976
62756
63047
63122
63592
63613
63616
63870
63971
64262
64480
64534
64560
64583
64618
64756
65037
65041
65057
65276
65345
65348
65620
65867
66355
66382
66543
66656
67004
67035
67478
67830
67926
67982
68302
68438
68509
68643
68740
68802
68844
68845
69008
69121
69157
69255
69403
69432
69504
69763
69955
69968
69986
70039
70082
70292
70405
70437
70788
70968
70980
70981
71009
71164
71335
71369
71400
71408
71494
71550
71583
71639
71657
71881
71887
71895
72197
72208
72328
73777
73829
73971
73993
74031
74445
74654
74655
74674
74837
74870
74949
74985
75037
75038
75099
75132
75173
75197
75473
75634
75734
75739
75818
76090
76285
76298
76531
77002
78162
78220
78417
78976
79064
79362
79516
79599
80297
80365
80579
80812
80884
80968
81271
81962
82848
83000
83225
83664
84111
84470
84614
84873
86184
86401
86836
86870
87030
87317
87336
87553
88020
88120
88418
88844
90410
90896
90901
90956
90957
90961
91019
91037
91119
91139
91142
91171
91207
91294
91447
91486
91621
91846
91849
91861
91946
91972
92100
92159
92161
92210
92373
92515
92525
92536
92540
92576
92650
92655
92732
92746
92928
93008
93066
93099
93184
93272
93323
93548
93552
93753
93759
93803
93915
93940
94018
94098
94370
94439
94530
94608
94648
94689
94715
94729
94935
94961
95166
95175
95192
95224
95261
95317
95568
95651
95682
95755
95784
95876
95912
95930
95939
96098
96115
96331
96348
96451
96464
96509
96519
96568
96572
96626
96662
96702
96703
96775
96823
96945
96985
97054
97065
97122
97131
97239
97255
97260
97329
97400
97430
97435
97441
97449
97452
97474
97479
97554
97562
97657
97717
97781
97884
97905
97946
97957
98104
98211
98242
98327
98459
98465
98466
98653
98819
99167
99185
99284
99417
99499
99652
99735
99794
99885
99962
99990
100026
100199
100200
100223
100286
100313
100316
100338
100416
100482
100556
100575
100982
101427
101544
101637
101685
101709
101752
101813
101819
101822
102033
102101
102151
102191
102217
102236
102471
102487
102491
102722
102724
102836
102871
103158
103218
103287
103327
103393
103451
103679
103683
103705
103890
103972
103996
103999
104016
104042
104059
104166
104176
104187
104200
104258
105242
105336
105345
106731
108664
108774
109059
110065
110203
110429
110660
110679
110688
111294
111520
111829
112116
112811
113024
113184
113249
113269
113400
113522
113534
113891
114056
114085
114123
114235
114269
114278
114345
114737
115094
116020
116241
116246
116315
117047
117561
117943
118236
118295
118302
118341
118426
118534
118656
118959
119047
119108
119109
119511
119577
119754
120048
120170
120358
120408
120424
120534
120565
120595
120600
120741
120815
120833
120842
121077
121126
121213
121214
121232
121356
121410
121459
121542
121548
121690
121696
121714
121754
121827
121872
122236
122577
122713
122715
122722
122769
123023
123080
123084
123125
123178
123218
123689
123705
123726
123744
123749
124511
124730
124814
124942
125011
125092
125704
125918
125937
126056
126131
126136
126294
126303
126310
126313
127133
127278
127807
128127
128146
128199
128200
128210
128327
128365
128570
128767
128788
128840
128862
129080
129117
129554
129594
129641
129667
129714
129782
129786
130339
130353
130963
130978
130982
131045
131116
131425
131509
131612
133006
133267
133383
133461
133547
133711
133782
134351
134465
134697
134785
134835
134854
134859
135004
135028
135075
135274
135457
135575
135600
135678
135804
135867
135912
136019
136078
136299
136371
136377
136405
136453
136488
136491
136590
136644
136727
137695
138908
139094
139139
139142
139162
139289
139333
139360
139407
139431
139456
139470
139494
139561
139616
139682
139808
139818
139819
139934
139970
139986
140245
140387
140509
140625
140806
140825
141002
141167
141235
141335
141431
141527
141878
142036
142105
142157
142259
142309
142479
142522
142643
143225
143365
143439
143511
143596
143724
143727
143793
143836
143858
143936
143973
144641
144647
144714
144855
144876
145025
145334
145504
145517
145561
145875
145934
145970
146198
146238
146265
146319
146327
146596
146657
146676
146742
146811
146821
146836
146846
147072
147649
147723
147773
147943
148089
148186
148191
148234
148435
148501
148515
148549
148637
148855
148958
149244
149380
149381
149815
149845
149878
149880
150020
150206
150332
150365
150649
150811
150993
151233
151436
151475
151510
151517
151554
151675
151677
151699
151852
152047
152064
152107
152109
152125
152143
152265
152503
152618
152639
152690
152741
152750
152753
152766
153007
153069
153102
153133
153135
153472
153657
153926
153945
154039
154275
154327
154545
154560
154603
155023
155088
155130
155272
155434
155506
155513
155522
155640
155785
155843
155848
156151
156292
156299
156443
156531
156622
156889
156913
156929
157170
157191
157439
157485
157509
157520
157540
157562
157581
157758
157775
157836
157964
158133
158241
158262
158383
158465
158513
158518
158525
158657
159260
159276
159277
159478
159601
159661
159708
159730
159746
159778
160017
160486
160513
160546
160794
160899
160937
161007
161054
161067
161086
161308
161321
161552
161876
161956
162582
162961
163163
163352
163565
163659
163673
163749
163807
163969
164364
165009
165682
168240
170460
170489
170544
171224
171514
173129
173261
174104
174121
174143
174147
174182
174191
174235
174302
174353
174430
174863
174873
175215
176166
177648
177733
177754
178233
178514
178779
178944
179595
179596
179602
179614
179665
179836
179924
183643
184224
184226
184243
184265
184314
184445
184513
184858
184878
184899
185874
186570
186919
187286
187475
187627
187982
187994
188370
188407
188460
188468
188489
189765
190367
190372
190482
190489
190606
190611
190871
190881
191087
191130
191220
191229
191445
191749
191815
191909
191952
193007
194057
195121
195408
195410
195413
195548
195771
196234
196380
196438
196551
198285
199106
199213
199848
199895
200747
200773
200783
200790
200798
200832
200835
200965
201252
201257
201479
201569
201604
201703
201713
202048
202134
202137
202146
202167
202170
202173
202187
202220
202264
202395
202405
202409
202419
202426
202457
202481
202491
203172
203197
204935
205797
205850
205853
205910
205973
206131
206260
206658
207337
207547
207561
207583
207693
207799
208506
208557
208783
209499
210340
210476
210609
210845
211026
211300
211308
211327
211335
211989
211994
212068
212395
212407
212414
212579
212886
213025
213105
213235
213250
213255
213270
213442
213474
215346
215808
216153
216363
216475
216621
216904
217080
217298
218087
218302
218840
218950
218972
218984
218996
219884
219887
219938
220162
220257
220507
220761
220781
220911
221439
221833
221985
222074
222284
222439
222530
222556
222659
222739
222853
223471
223713
223954
224739
226007
226155
226160
226164
226417
226905
228690
228729
228816
228923
229328
229353
229397
229591
229608
229619
229645
229647
229696
229719
229731
229764
229875
230008
230614
230651
230751
230965
231178
231199
231205
231245
232618
233067
233141
233183
233254
233423
233714
234603
235462
235470
235570
235584
236223
236317
236420
236529
236560
236629
237123
237253
237356
237373
237396
237656
237723
237868
238124
238178
238190
238227
238294
238385
238585
238645
238757
238930
238979
239425
239525
239606
239783
239904
239944
240180
240388
240468
240711
240803
241156
241407
241437
241868
241992
242026
242029
242125
242133
242411
242564
242596
243002
243235
243698
244059
244071
244962
245096
245205
246005
246098
246100
246147
246312
246316
246331
246359
246498
246503
246576
246605
246612
247113
247231
247767
247817
248625
248926
249040
249437
249500
249755
249811
250358
250583
251445
251548
251841
251872
251917
252157
252158
252167
252792
252894
253652
253954
253983
254317
254405
254408
254989
255104
255835
255881
256404
257099
257126
257803
258482
258671
258961
259073
259078
259127
259184
259206
259432
259585
259727
259958
260033
260424
260772
260788
261113
261506
261981
262083
262087
262104
262185
262470
262676
262746
262797
262800
262829
263059
263376
264318
264437
264605
264722
265377
266372
266404
266521
266543
267082
267602
267701
267898
268293
268351
268404
268746
268784
268826
269071
269101
269155
269237
269248
269573
269904
269909
269923
270004
270006
270751
270982
270987
271220
271571
272002
272077
272788
272852
272994
273606
273636
273648
274142
274335
274349
274362
274974
275161
275791
275979
276326
276459
277046
277713
277782
277828
278335
278424
278657
279044
279219
279413
280194
280225
280431
280762
281292
281762
283174
283380
283403
283449
283520
283535
284652
285550
285558
285561
285805
286128
286176
286650
286728
286995
287121
287393
287395
288257
288327
288353
288418
289475
289514
290009
290838
292141
292418
292700
292920
294267
294411
295476
296481
296645
296945
297389
297584
297662
298801
298879
299041
299167
299204
299372
299439
299465
299632
299647
300811
300883
300962
300979
301009
301018
301135
301170
301245
301422
301598
301992
302399
302403
303461
303836
304045
304285
304324
304842
304976
305418
305647
305806
306634
308811
308839
309575
309756
310484
310731
311581
311797
311805
311876
311910
312251
312268
312277
313794
313829
314189
314567
315101
315138
315171
315321
316141
316242
317762
317955
318122
318480
318724
319332
319371
319684
319733
319927
320012
321842
321906
323006
323108
323602
324414
325156
325541
325955
325985
326335
327320
327477
328084
328151
328458
328970
329118
329159
329185
329208
329226
329538
331009
331038
331097
331135
331306
331328
331495
331704
331978
332287
332305
334006
334059
334096
334547
334642
334665
334767
334901
334919
335306
335317
335689
336040
336092
336259
336404
336699
336753
336830
337136
338111
338675
338932
339305
339600
339934
339986
340325
340463
341378
341525
341578
341797
343037
343662
344175
344911
346108
346234
346321
346717
347102
347156
347325
347371
347471
347539
347568
347929
348029
348416
348432
348799
348850
349326
349673
349737
349783
349855
350123
351383
351424
351474
351552
351554
351802
352494
352496
352721
352994
353014
353339
353367
353407
353652
354604
354676
354794
354832
355092
355198
355199
355306
355365
355608
355733
356445
356638
357036
357243
357430
357912
359331
359599
360392
361256
361742
361761
361775
361777
361807
361896
362246
363262
363330
363872
364428
364518
367938
368081
368254
368623
368724
369019
370021
370062
377326
381033
381043
381197
381503
381519
381791
382224
382262
384875
385554
385968
386049
388367
388806
389324
389703
390032
390160
390866
391093
391500
392335
392410
392417
392505
392693
392828
393107
393500
393742
394948
395064
395121
395710
396520
397265
397416
400043
400994
401474
401608
402004
405920
405974
406149
407403
416183
416712
418220
419407
419440
419765
422085
428926
429570
430019
430098
430489
431140
431549
431617
433316
434895
435084
435213
436485
436787
437541
439660
439665
440144
445818
446509
446522
447624
447703
451395
451717
451761
453258
455227
455509
457155
457333
458503
458740
462183
462347
462767
463020
463790
464694
464773
464972
466036
466481
467748
467948
468048
468121
468776
469527
469590
469641
469663
469804
469831
470132
472181
472581
474305
475319
475775
476216
477827
478993
479770
483165
483200
489075
490439
490459
491256
491854
492583
493097
493214
493408
494539
498967
498997
499622
499878
500256
503349
503610
504932
508625
511892
513672
516251
517079
517470
517736
518547
520523
521661
522039
523439
523575
524160
526161
528553
529305
529668
529734
532467
537608
539358
540115
541462
542892
543264
543551
546871
551996
552766
556570
562407
566476
569111
570246
570345
571161
571641
571831
571904
576290
576320
577359
578350
578909
579513
580790
580861
581715
585755
592041
600016
601352
602829
604953
606602
608012
608221
608853
610047
610136
610983
611299
611910
612450
612607
612649
618223
623322
623386
626560
630440
632315
633631
636223
640690
642836
643699
650897
654813
658491
661295
666386
667747
674240
684271
689155
694093
694146
710879
715458
739706
744334
746753
791794
792768
795690
827598
843862
845707
861547
868658
872441
874214
895704
911906
954701
985322
996588
1029007
1047125
1048093
1053486
1090184
1105810
136
200
591
669
680
690
875
929
937
1064
1365
1522
1566
1647
1850
1860
1863
2002
2023
2183
2396
2717
2719
2811
2821
2947
3091
3129
3362
3585
3627
3634
4053
4058
4075
4352
4367
4428
4537
4811
4878
5846
6108
6276
6344
6352
6404
6867
6872
7033
7072
7086
7362
7485
7688
7810
7824
8036
8040
8047
8174
8182
8192
8205
8217
8364
8391
8545
8625
8643
8727
8774
8935
9042
9048
9054
9104
9133
9506
9652
9752
10127
10139
10496
10725
10997
11054
11144
11516
12068
12121
12261
12401
12416
12438
12489
12566
12617
12674
12717
12784
12796
12823
12907
12994
12999
13034
13078
13122
13191
13196
13230
13311
13312
13327
13416
13804
13980
14028
14032
14048
14089
14111
14299
14332
14593
15281
15824
16437
16610
16641
16711
16803
16804
16923
16945
16988
17030
17069
17101
17153
17161
17622
17654
17680
17737
17799
17886
17944
18285
18786
18839
18894
18905
18912
19038
19227
19250
19323
19411
19575
19758
19819
19840
19923
19984
20030
20246
20270
20341
20343
20368
20386
20422
20541
20551
20561
21022
21077
21082
21132
21161
21250
21253
21273
21288
21289
21300
21313
21340
21361
21362
21389
21453
21498
21554
21665
21747
21853
21956
22002
22042
22145
22203
22254
22311
22478
22514
22540
22578
22619
22737
22875
23020
23021
23038
23051
23129
23142
23274
23299
23323
23414
23478
23485
23530
23571
23667
23833
23847
23891
23950
24012
24013
24015
24024
24029
24217
24596
24676
24737
24750
24784
24798
24837
25138
25207
25298
25354
25373
25462
25538
25589
25681
25783
25984
26074
26101
26235
26272
26429
26435
26440
26477
26484
26485
26489
26563
26641
26716
26751
26822
26840
26873
26881
26964
26976
27089
27263
27564
27666
27738
27838
27940
28100
28164
28208
28230
28280
28301
28342
28352
28389
28561
28684
28694
28725
28748
28868
28920
28941
29079
29103
29250
29270
29284
29430
29490
29491
29538
29570
29643
29645
29787
29852
29901
30023
30129
30240
30338
30360
30415
30471
30694
30811
30932
30963
31015
31134
31264
31394
31487
31497
31734
31741
31813
31853
31856
31899
32048
32066
32153
32443
32445
32513
32605
32715
32716
32939
33557
33588
33616
33809
33823
33900
34012
34238
34452
34622
34694
34739
34967
34977
35000
35164
35470
35571
35577
36417
36727
36801
36818
36970
36986
37108
37117
37158
37170
37201
37259
37367
37436
37981
38174
38230
38461
38462
38496
38775
38862
39542
39668
39691
39740
39759
39777
39793
39885
39969
39984
40280
40546
41079
41566
41585
41626
41980
42934
43085
43117
43212
43338
43362
43732
43833
43840
43871
43948
43975
44226
44485
44490
44499
44724
44789
44791
44812
44913
44948
44989
45059
45087
45134
45362
45476
45552
45613
45742
45750
45771
45937
46304
46313
47073
47106
47337
47385
47425
47438
47692
47846
47986
48102
48136
48368
48387
48542
48679
48687
48707
48729
48787
48791
48823
48856
48883
48886
48905
48976
49163
49275
49321
49324
49348
49403
49406
49469
49542
49543
49556
49642
49646
49769
49920
50206
50682
50710
50770
50818
50899
50937
51107
51118
51317
51459
51708
51785
51854
52256
52329
52417
52532
53006
53422
53432
53800
53899
54627
54638
54639
54727
54773
54937
55067
55270
55282
55340
55399
55484
55544
55613
55618
55674
55719
55752
55844
55896
55905
56003
56034
56045
56064
56175
56291
56306
56315
56411
56424
56447
56533
56664
56730
56810
56840
57015
57272
57458
57466
57613
57693
57709
58168
58221
58224
58273
58470
58524
58649
58738
59134
59211
59220
59241
59368
59384
59388
59402
59668
59726
59978
60031
60115
60296
60320
60322
60944
61022
61038
61096
61116
61125
61210
61271
61304
61412
61817
61830
62088
62162
62608
62801
63053
63472
63919
64078
64227
64234
64401
64639
64710
64918
64942
64948
65047
65105
65178
65191
65344
65580
65603
66032
66144
66424
66431
66625
66638
66673
66853
66857
66967
67346
67988
68016
68681
68704
68854
68864
68885
69007
69041
69051
69079
69271
69443
69536
69565
69637
69644
69665
70065
70277
70285
70297
70332
70386
71037
71122
71169
71176
71260
71277
71280
71288
71333
71715
71789
71845
71868
71869
71873
72019
72282
72382
72817
73626
73776
73890
73959
74046
74107
74211
74380
74502
74524
74558
74856
74882
75108
75111
75128
75142
75167
75229
75259
75519
75740
75761
75855
76016
76019
76030
76091
76163
76807
76861
76931
76998
77152
77177
77181
77216
77227
78017
78058
78382
78393
78774
78816
79066
79067
79487
80180
80586
80632
81295
81527
81535
81687
81716
81746
82131
82804
82837
83494
83522
83621
83905
84046
84330
84374
84412
84414
84489
84719
85272
85420
86638
86824
86825
87042
87115
87849
88676
88775
88938
88961
89089
89646
89699
89844
90264
90462
90952
91027
91034
91099
91140
91182
91217
91256
91321
91348
91432
91489
91505
91525
91707
91712
91739
91770
91870
91886
91901
91978
92028
92128
92274
92295
92325
92468
92530
92604
92680
92701
92754
92801
92822
92828
92876
92925
93005
93068
93177
93203
93212
93515
93529
93572
93849
93943
94074
94089
94152
94245
94281
94454
94606
94810
94828
94877
95041
95096
95290
95300
95394
95402
95433
95448
95483
95491
95494
95507
95523
95593
95612
95684
95718
95769
95816
95829
95838
95852
95892
95902
95935
95943
95967
95999
96040
96143
96172
96235
96375
96434
96488
96526
96604
96694
96733
96762
96769
96958
97010
97029
97060
97077
97177
97252
97269
97318
97394
97459
97468
97540
97541
97547
97556
97570
97626
97698
97705
97811
97870
97941
98177
98221
98304
98340
98393
98432
98895
98901
99154
99296
99297
99344
99511
99577
99600
99601
99774
99791
99988
100046
100208
100232
100284
100306
100355
100411
100417
100591
100692
100772
101014
101026
101106
101235
101267
101447
101463
101622
101840
101892
101980
101988
102216
102223
102440
102475
102498
102628
102750
102811
102907
102919
102932
102964
102972
102975
103027
103075
103174
103191
103196
103265
103337
103360
103394
103396
103398
103413
103452
103461
103560
103770
103990
103998
104069
104091
104189
104245
104422
105232
105306
105656
105898
106416
106702
106704
108988
109048
109230
110134
110304
110712
110798
111709
112153
112577
112587
113028
113123
113210
113303
113424
113451
113530
113588
113855
114000
114072
114180
114389
114416
114417
114422
115700
115851
115882
115956
116297
116309
116366
116374
116380
116386
116437
116669
116678
116850
117366
117374
117379
117483
117622
117632
117697
118263
118457
118559
118746
119086
119227
119580
119632
119646
119923
120129
120169
120246
120381
120417
120503
120569
120661
120666
120720
120751
120824
120862
121144
121189
121208
121241
121245
121250
121259
121263
121300
121351
121362
121449
121535
121553
121578
121593
121637
121644
121698
121700
121798
121814
122039
122054
122093
122222
122641
122773
123088
123145
123153
123236
123684
123742
123764
123782
124055
124605
124952
124968
125471
125603
125709
125735
125949
125962
125984
125990
126046
126060
126287
126291
126295
126296
127014
127064
127500
127560
128001
128114
128177
128280
128621
128745
128838
129070
129316
129346
129713
129723
129805
130219
130223
130229
130253
130639
130957
131057
131066
131194
131212
131469
132299
132898
132972
132985
133066
133380
133682
134210
134372
134516
134758
134787
134871
134874
134907
134989
135128
135246
135329
135400
135447
135497
135522
135816
136320
136363
136414
136434
136503
136513
136534
136630
136631
136672
136681
136767
137216
137553
137904
138900
139122
139149
139156
139325
139331
139359
139367
139484
139594
139843
140080
140145
140458
140512
140614
140751
140784
140906
141077
141144
141305
141309
141915
142116
142124
142281
142550
142890
143150
143173
143221
143245
143474
143530
143730
143743
143819
143851
144166
144196
144295
144304
144573
144624
144632
144707
144896
145016
145047
145139
145358
145469
145681
145857
145928
145940
145952
145954
146000
146097
146191
146281
146483
146665
146713
146735
146804
146808
146925
146952
147177
147275
147383
147717
147727
147828
147930
148172
148227
148304
148342
148377
148467
148502
148504
148574
148610
148614
148620
148733
148890
149049
149056
149057
149157
149166
149214
149276
149296
149317
149564
149617
149659
149891
149893
150006
150055
150059
150067
150076
150194
150235
150441
150446
150716
150843
150930
151020
151221
151360
151520
151660
151714
151723
151733
151878
151917
152070
152183
152190
152550
152589
152614
152670
152748
152787
152796
153349
153353
153427
153473
153582
153589
153693
153831
153846
153862
153868
153869
153875
153904
153908
153924
154012
154073
154076
154197
154258
154362
154437
154471
154861
154865
155042
155050
155142
155195
155229
155433
155482
155497
155510
155823
155827
155895
155896
156180
156307
156340
156535
156813
156887
156926
157039
157080
157144
157225
157307
157358
157390
157421
157492
157542
157783
157786
157810
157974
157991
158365
158432
158523
158573
159063
159247
159336
159485
159536
159606
159617
159621
159748
159751
159775
159990
160142
160192
160256
160324
160374
160437
160506
160586
160716
160960
160967
161014
161073
161351
161431
161708
161825
162023
162119
162271
162358
162660
163035
163447
163517
163574
163609
163614
163731
164011
164307
164601
171250
171339
171606
172144
172658
172661
172672
172678
172983
174073
174193
174210
174342
174390
174513
174747
174791
174802
174806
174841
174974
175164
175208
175373
175867
176930
177809
178093
178280
178453
178520
178878
178902
178936
179006
179656
179663
179701
179739
179758
179814
179853
179858
180186
180326
180332
180430
184095
184297
184643
184662
184805
185724
185813
185941
185947
186567
186636
186638
186951
187516
187612
187976
188315
188351
188433
189012
189288
189305
189322
189664
189852
190487
190501
190519
190551
190612
190636
190658
190674
190807
190919
191117
191146
191198
191367
191515
191538
191541
191595
191745
191776
191779
192202
192216
192949
193498
193922
193968
195035
195136
195411
195538
195609
195922
195959
196213
196548
196723
197783
197976
198311
198331
198625
198685
198837
198937
199377
199741
199754
200121
200389
200402
200406
200744
200778
200805
200983
201069
201275
201284
201354
201399
201560
201568
202034
202073
202106
202107
202130
202150
202162
202171
202182
202193
202200
202230
202235
202429
202435
202485
202568
202607
202744
202818
202839
204642
204730
204845
204871
205750
205811
205946
205962
206249
206912
206991
206996
207194
207218
207393
207408
207431
207727
208219
208320
208327
208340
208418
208766
208849
209061
209072
209200
209201
209379
209511
209545
210209
211401
211450
211600
211676
211958
211981
212106
212141
212220
212230
212275
212317
212394
212415
212515
212541
212564
212695
212779
212916
212967
213283
213411
215115
215665
216027
216455
217012
217016
217391
217532
217767
218030
218244
218298
218422
218556
218769
218787
218824
218842
218977
219558
219665
219765
219796
219816
220397
220992
221345
221348
221463
221550
221923
222008
222018
222148
222709
223473
224500
224571
225731
226174
226191
226203
226207
226630
227031
227064
227579
227706
227710
227727
227927
227967
228777
228917
229018
229096
229197
229214
229288
229624
229687
229726
229743
229876
229878
229890
230013
230017
230169
230612
230792
230822
230892
230968
231074
231141
231206
232488
232530
233101
233204
233564
235431
235535
236292
236441
236920
237009
237152
237308
237319
237353
237601
237884
238211
238269
238310
238449
238561
238566
238593
238826
238997
239064
239068
239167
239224
239414
239446
239449
239523
240036
240143
240158
240206
240618
240716
240727
240951
241017
241023
241162
241378
241648
241751
241936
242016
242049
242095
242268
242395
242417
242522
242553
242560
242571
242854
242895
242976
243328
243381
243974
244084
244174
244572
244717
244796
244926
245116
245198
245634
245822
246289
246357
246460
246555
247191
247258
247625
247833
247897
247956
248654
248766
249043
249393
249563
250069
251224
251585
252175
252205
252637
253085
253118
253301
253769
254357
254377
254435
254437
255098
255119
255228
255254
255530
255753
255952
256157
256203
256796
256818
257094
257210
257233
257348
257456
257641
257896
258103
258152
258610
258948
259008
259133
260316
260349
260426
260456
260709
260810
260815
261273
261347
261624
261863
261923
262111
262279
262416
262554
262590
262793
262806
262840
262847
263295
263314
263348
263445
263520
263522
263565
263878
264042
264371
264560
264658
265068
265319
265350
265572
265729
265879
265985
266089
266366
266548
267032
267095
267451
267633
267683
267943
268118
268257
268277
268369
268461
268797
268824
268859
269041
269273
269520
270254
270330
270423
270491
270659
270675
271119
272300
272816
273752
273853
274151
274374
275241
275267
275302
275312
275445
275539
275633
276090
276367
276494
277006
277011
277197
277792
277833
279578
279667
279944
280720
281247
281270
281443
281585
281592
281595
282004
282431
283229
283272
283382
283408
283482
283529
283607
285003
285055
285552
285554
285862
286044
286304
286779
286848
286915
287218
287270
287419
287474
288292
288339
288361
288386
289557
289567
290095
290391
290742
290790
290970
292136
292295
293596
293761
294235
295556
295648
296244
296450
296774
296889
297144
297412
297886
297992
298536
298785
299040
299419
299609
299611
299695
299697
300155
300680
300875
301132
301223
301280
301283
301332
301365
301409
301443
301615
301766
301804
301962
302023
302091
302374
302413
302500
302753
303323
303599
303623
303670
303697
303711
303802
304043
304081
304264
304462
304613
304638
304721
304739
304809
304910
304947
305028
305032
305102
305201
305217
305252
305558
305996
307550
308118
308207
308585
308589
308672
308810
309440
309608
310947
311179
311183
311260
311268
311307
311308
311768
311850
311903
312099
312414
312696
313034
313774
313808
313825
313862
313995
314155
314177
314790
314849
314887
314975
315145
315937
315941
316247
316423
317145
317566
317913
317915
317945
318029
318741
318774
318789
318910
319612
319639
319682
319895
319952
320877
322263
324472
324987
325302
325581
325679
326503
326736
326893
327034
327290
327407
329054
329057
329198
329201
329334
329457
330063
330148
330149
330588
330991
331118
331431
331442
331465
331487
331835
332085
333617
333713
334130
334604
334611
334748
334849
334952
335077
335105
335605
335827
336037
336305
336672
336833
336927
337067
337196
338745
339156
339264
340577
340609
340915
341059
341347
341793
341849
341977
343616
344136
344286
344796
344879
345821
346161
346171
346226
346583
346608
346619
346650
347307
347323
347385
347442
347549
348024
348367
348447
348493
348678
348849
349613
349775
351171
351348
351355
351438
351788
352257
352711
352829
353340
353574
353579
353732
354617
354823
354925
355082
355310
355545
355671
355907
355958
356733
356736
357006
357019
357064
358519
358877
359533
359671
360395
361395
361406
361772
362272
363712
364042
364210
364241
367745
368618
368636
370196
370248
370446
381046
381320
381572
381861
381862
382523
382939
383584
384499
385556
386019
386642
386657
387108
388550
389693
390278
390421
390492
390699
390706
391399
391407
392174
392799
392986
393063
393253
394021
395167
395711
395965
396311
396322
396392
396408
396497
396671
397151
397259
397796
398607
400813
400900
401187
401863
401979
401986
402074
402677
402680
402836
403284
405464
406038
406701
409464
414065
414604
416545
416680
416798
416822
417174
417179
417648
418207
419159
420032
423555
425141
428917
430167
431343
431350
434124
434893
435156
435163
435315
436101
436493
437912
438644
438774
441424
443223
443662
443681
444299
445765
445777
446349
446553
446934
447444
447575
448108
449424
451490
451625
452411
454102
454277
455232
456118
457762
460862
462189
462223
462480
464841
466990
467515
467519
468130
469034
469456
469599
469824
469837
469884
470733
471356
472350
473439
474603
474776
474931
476217
477372
477616
477884
477944
479369
481275
482791
483123
483816
484034
484684
485476
488227
488284
488553
489977
490647
491647
491967
492532
494263
494273
494938
497354
498847
499364
500468
501137
503346
503784
506710
508268
509938
509943
510583
511875
511995
513100
515553
516988
517419
518071
518145
520843
523572
523578
529494
529658
529733
529754
529759
529766
531887
532470
532787
532793
532898
536651
537628
544039
544841
545569
546033
546130
551838
552137
553573
554451
555859
557103
558038
563166
563762
564503
567980
568007
568196
568566
569100
569140
570568
572064
575862
575864
576319
579950
580761
581886
594930
598425
599396
600021
601439
604675
606455
606484
608542
609740
612096
624837
625880
634365
635619
638869
639959
641970
644099
644493
645042
645167
647871
648138
654448
657575
660094
661172
662618
667950
671039
672673
683585
684209
685408
689170
696269
698232
703682
714106
727807
731478
733552
735105
737190
738339
743377
747959
763656
766184
776754
781039
824461
838501
841947
848082
866664
872074
910915
910925
921055
925457
949968
957587
972810
978228
983013
984170
1021665
1030300
1034098
1037202
1042074
1058502
1065403
1085214
1092313
1108440
1115130
1124841
210
290
468
733
970
1014
1028
1078
1198
1275
1292
1833
1839
2014
2036
2175
2213
2668
2911
2957
3484
3693
3708
3732
3941
4022
4089
4345
4356
4379
4408
4489
4541
4573
4603
4617
4746
4785
4812
4864
4953
6007
6096
6147
6224
6422
6793
6858
7153
7172
7270
7361
7492
7738
7789
7795
7933
8070
8407
8430
8447
8532
8624
9263
9409
9453
9471
9554
9580
9806
9878
9901
9951
9981
10143
10194
10252
10274
10432
10584
10622
10847
10882
10891
11004
11048
11060
11668
11718
11737
11802
11858
12007
12081
12433
12513
12806
12822
12939
13041
13066
13103
13140
13184
13232
13276
13278
13348
13378
13398
13469
13483
13567
13653
13704
13705
13741
13970
14038
14242
16415
16601
16700
16739
16751
16801
16821
16863
17068
17185
17268
17626
17663
17677
17839
17859
17897
18235
18317
18330
18675
18776
18795
19015
19034
19047
19173
19351
19358
19380
19399
19503
19595
19603
19655
19805
19900
19916
20007
20075
20129
20134
20174
20205
20313
20320
20335
20441
20515
20619
20831
20952
20961
20962
21032
21070
21103
21138
21170
21194
21286
21428
21570
21634
21948
21974
22174
22222
22342
22386
22907
23025
23127
23199
23284
23293
23305
23351
23378
23393
23433
23628
23806
23864
23868
23876
24100
24111
24186
24227
24329
24336
24348
24451
24470
24852
24885
24895
24981
25023
25027
25194
25200
25238
25312
25366
25688
25713
25716
25756
25792
25832
25842
26010
26013
26171
26192
26205
26265
26281
26299
26538
26565
26738
26760
26772
26814
26875
26936
27154
27216
27250
27351
27566
27622
27807
27834
27891
27960
27968
28021
28032
28074
28081
28088
28092
28128
28140
28214
28246
28299
28410
28507
28555
28564
28572
28577
28613
28729
28788
28841
28891
28918
29016
29052
29129
29251
29269
29331
29366
29512
29556
29707
29732
29747
29764
29803
29937
29966
30011
30017
30080
30213
30300
30312
30333
30363
30756
30770
30812
30853
30947
31013
31061
31111
31162
31206
31470
31663
31681
31824
31862
31915
31920
31937
31989
32031
32045
32141
32339
32457
32532
32890
32923
33005
33191
33334
33505
33653
33873
33907
34202
34206
34323
34647
34657
34978
35399
35489
35676
36427
36726
36822
36967
37109
37115
37151
37203
37281
37556
37662
37982
38086
38088
38410
38741
38889
38909
39222
39242
39299
39657
39664
39693
39743
39837
39971
40080
40282
40376
40483
40592
40594
41255
41256
41285
41689
41949
42049
42763
42953
42964
43026
43069
43076
43101
43124
43177
43257
43284
43371
43395
43457
43479
43669
43893
43899
43928
44073
44252
44535
44743
44780
44853
44906
44910
45286
45492
45515
45665
45689
45760
45919
46018
46030
46156
46920
47296
47330
47359
47399
47409
47656
47699
47738
47822
47885
47941
48088
48104
48188
48570
48584
48665
48722
48758
48773
49030
49038
49054
49325
49326
49488
49638
49644
49695
49825
49856
49926
49945
49965
49976
49987
50043
50260
50342
50473
50624
50626
50677
50705
50790
50802
50880
50974
50990
51129
51388
51546
51624
51630
51781
51805
51893
51907
52144
52314
52434
52748
52768
52781
52907
52908
52986
53049
53294
53449
53909
54113
54131
54865
54891
54947
54995
55143
55363
55459
55462
55546
55671
55692
55697
55789
55835
55852
55892
55913
55917
55918
55929
55951
56011
56016
56020
56042
56043
56078
56177
56245
56258
56294
56299
56376
56414
56487
56583
56623
56635
56651
56773
56813
57153
57190
57313
57421
57451
57459
57514
57565
57713
57957
58125
58161
58201
58207
58355
58429
58431
58432
58450
58710
58937
59161
59169
59218
59390
59666
59713
60032
60328
60336
60475
60537
60575
60708
61047
61107
61134
61137
61195
61200
61216
61257
61281
61306
61385
61431
61581
61663
61702
61713
61714
61789
61899
61995
62700
62730
62749
62751
62820
62953
63158
63192
63556
63623
63891
63974
64303
64531
64587
64595
64655
64765
65121
65190
65209
65359
65368
65533
65630
65779
65814
65830
65853
66228
66404
66426
66720
66732
66844
66852
67029
67295
67488
67713
67803
67871
67875
68424
68809
68937
69265
69330
69444
69461
69681
69697
69956
70100
70153
70274
70287
70340
70367
70385
70427
70494
70500
70555
70595
70616
70636
70864
71063
71101
71130
71337
71422
71493
71513
71670
71775
71863
71936
71968
71991
71992
72031
72187
72194
72736
73391
73506
73515
73579
73635
73763
73858
73909
73919
73929
73994
74092
74224
74422
74429
74487
74687
74711
75000
75014
75078
75131
75178
75308
75376
75418
75609
75674
75688
75698
75834
75862
75951
75967
76017
76034
76042
76264
76283
76350
76477
76682
76724
77089
77278
78033
78049
78063
78107
78110
78229
78309
78649
78905
78962
78964
78965
79268
79689
79980
80269
80671
81621
81759
82502
82538
82560
82589
82716
82949
83058
83063
83072
83467
83691
83755
83843
83854
83961
83973
84184
84282
84519
84633
84765
84917
85034
85147
85168
85218
85451
85851
86778
86808
87207
87219
87745
87855
87968
88389
88405
88433
89085
89476
89730
90973
90992
91122
91124
91170
91244
91276
91295
91363
91449
91570
91656
91763
91792
91919
92005
92023
92029
92037
92039
92070
92106
92123
92165
92284
92366
92387
92395
92429
92537
92872
92873
92963
92996
93001
93076
93085
93204
93296
93311
93477
93590
93611
93649
93740
93829
93841
94043
94045
94122
94131
94143
94285
94490
94562
94587
94655
94701
94737
94747
94801
94866
94938
95053
95084
95139
95153
95169
95174
95208
95251
95369
95386
95411
95439
95498
95551
95575
95624
95655
95723
95728
95742
95799
95831
95846
95872
95886
95986
96021
96030
96044
96099
96101
96107
96212
96248
96313
96406
96558
96592
96640
96648
96673
96693
96817
96909
97018
97036
97038
97061
97073
97155
97222
97296
97345
97360
97375
97478
97631
97647
97652
97780
97839
97937
98053
98070
98114
98122
98231
98329
98469
98538
98635
99187
99311
99338
99402
99408
99461
99464
99583
99756
99762
99892
99932
99945
100031
100044
100170
100224
100266
100309
100318
100424
100455
100561
100678
100930
101197
101438
101577
101579
101584
101631
101682
101689
101694
101733
101750
101759
101780
101917
101937
101958
102011
102141
102160
102215
102383
102394
102642
102681
102791
102856
102859
102904
102968
103187
103227
103308
103332
103425
103431
103468
103476
103556
103578
103889
103951
103956
104023
104056
104168
104174
104175
104224
104243
104759
104779
105059
105332
105375
105394
105463
105667
106534
108790
108961
109015
109167
109210
110416
110652
111158
112496
112593
112967
112983
112986
112987
113036
113207
113234
113288
113353
113412
113440
113537
113547
113636
113662
113667
113669
113857
113985
114047
114145
114192
114552
115054
115268
115335
115342
115348
115350
115410
115880
116030
116280
116422
116430
116460
116829
116910
117368
117482
117564
117802
117831
118045
118183
118285
118299
118351
118365
118505
118541
118546
118555
118563
118583
119306
119419
119555
119740
119897
120034
120115
120211
120373
120475
120622
120651
120682
120699
120826
120941
121056
121086
121191
121212
121319
121592
121720
121764
122080
122455
122762
122863
122923
123044
123069
123071
123132
123146
123259
123688
123727
123788
123874
124114
124193
124495
124507
124510
124543
124545
124809
124940
125055
125241
125254
125469
125936
125979
125994
126124
126250
126261
126391
126465
126871
126919
127074
127196
127306
127320
128124
128194
128243
128689
128750
128761
129126
129573
129684
129741
129811
129823
129917
130137
130279
130492
130927
130953
130992
131034
131047
131111
131155
131376
131392
131409
131414
131464
131496
131507
131886
131992
132176
132351
132369
132948
133058
133209
133664
133670
133683
133689
133725
134247
134358
134744
134814
134837
134841
134846
134863
134870
135049
135247
135308
135401
135547
135690
135709
135798
135850
135852
135858
136032
136067
136068
136077
136110
136244
136312
136335
136346
136468
136507
136635
136667
136713
136760
136773
136930
137582
137658
138134
138530
138610
139063
139324
139334
139341
139383
139838
139913
139972
140018
140161
140226
140475
140485
140660
140736
140792
140810
141193
141197
141203
141213
141457
141518
141539
141585
141592
141680
141741
141779
141879
141917
142092
142134
142144
142304
142306
142321
142481
142508
142634
142809
143233
143262
143275
143561
143628
143767
143865
143932
143939
144014
144117
144161
144219
144313
144604
144609
144776
144804
144900
144958
145029
145138
145179
145181
145308
145331
145471
145539
145674
145710
145832
145906
145935
145995
145998
146066
146104
146541
146545
146605
146680
146766
147031
147088
147117
147119
147356
147441
147928
148209
148348
148385
148432
148450
148576
148578
148729
148850
148922
149080
149082
149215
149265
149272
149545
149612
149622
150038
150066
150220
150388
150527
150742
150790
150850
150934
151197
151198
151289
151296
151330
151448
151481
151516
151530
151628
151688
151735
151759
151791
151884
151974
152053
152057
152132
152137
152239
152247
152279
152327
152361
152371
152430
152525
152530
152578
152610
152637
152759
153062
153107
153120
153146
153365
153477
153512
153593
153845
154036
154045
154053
154202
154216
154358
154487
154524
155037
155324
155397
155445
155469
155488
155505
155507
155888
156186
156339
156345
156348
156361
156520
156522
156544
156575
156642
156645
156731
156798
156812
157057
157070
157090
157224
157227
157231
157286
157369
157386
157437
157442
157797
157800
158150
158179
158260
158396
158511
158727
158820
158943
159353
159451
159611
159628
159770
159776
159802
159889
159931
159987
160019
160145
160150
160228
160293
160303
160318
160360
160419
160594
160624
160669
160976
160986
160994
161058
161224
161315
161407
161489
161593
161689
162268
162359
162396
162904
162910
163121
163182
163464
163530
163685
163760
163772
163777
163894
164713
166463
168467
170110
170239
170490
173086
173115
173124
174032
174177
174249
174255
174274
174304
174314
174339
174377
174380
174419
174465
174921
174936
174960
174961
174995
175033
175291
176338
177479
177643
177924
178062
178461
178941
178992
179678
179752
179790
179988
180063
180124
180625
181468
183995
184325
184423
185013
185757
185778
185782
185791
185818
185882
186911
186955
186989
187232
187305
187367
187486
188014
188038
188376
188497
188558
189037
189672
189739
189743
189866
190395
190503
190504
190543
190661
190743
190745
190758
190789
190887
191213
191289
191352
191627
191653
191655
191735
191738
191897
192282
192614
193189
193911
193944
194054
194148
194990
195145
195391
195397
195873
196384
197474
197972
198165
198168
198317
198920
199226
199281
199504
200152
200177
200224
200438
200761
200863
201279
201280
201358
201389
201490
201725
202105
202145
202204
202240
202287
202460
203187
203342
204626
204643
204707
204847
204851
204998
205475
205837
205963
206479
206851
207319
207353
207420
207508
208401
208462
208592
208619
208846
209078
209109
209271
209336
209356
209420
209594
209664
209690
209819
209934
209953
210006
210043
210173
210315
211139
211274
211284
211313
211319
211344
211417
211780
211870
211878
212087
212116
212279
212285
212418
212430
212638
212644
212648
212669
212751
212867
212898
212917
212954
213100
213174
213266
213275
213434
213500
214899
215348
215720
215926
216061
216278
216332
216333
216351
216352
217457
217587
217704
218301
218638
218827
218839
218922
218960
218989
219237
219579
219720
219940
220396
220398
220442
220940
220986
221034
221369
221408
221411
221467
221542
221565
221628
221789
221909
222119
222547
222719
222737
223691
223931
224219
224570
226151
226371
226414
226415
226444
226525
226556
227261
227322
227359
227712
227858
228070
228569
228637
228792
228925
228943
229017
229213
229236
229349
229359
229452
229621
229638
229692
229695
229708
229760
229825
229828
229839
230026
230102
230108
230183
230236
230302
230601
230642
230676
230699
231364
231715
232041
232199
232960
233032
233184
233334
233458
233498
233554
233592
233611
234261
235274
235341
235511
235572
235666
235898
235999
236168
236243
236285
236412
236450
236550
236681
236863
236946
237031
237185
237270
237322
237351
237391
237401
237618
237859
238112
238173
238293
238427
238442
238500
238511
238525
238555
238916
238919
238972
238996
239045
239603
239673
239682
240374
240416
240435
240439
240444
240604
240845
240857
240955
241242
241448
241545
241928
241953
241961
241965
242081
242166
242200
242211
242255
242416
242466
242572
243261
243296
243406
244355
244421
244680
244925
245444
245751
245976
246211
246254
246490
246539
246593
246646
246698
246875
246934
246960
246978
247162
247722
247832
247912
247979
248396
248671
248728
248775
248791
249039
249530
249789
249920
251871
251967
252046
252173
252183
252356
252430
252671
252674
252830
252869
252887
252924
253150
253273
253762
254142
254281
254361
254432
255189
255883
255934
256163
258423
258563
258586
258590
258916
259162
259345
259696
260208
260231
260263
260417
260444
260458
260548
261010
261284
261341
261712
261720
262196
262226
262490
262843
262886
262911
263096
263153
263311
263390
263589
263709
263738
264028
264445
264448
264705
264997
265115
265142
265239
265295
265346
265452
265556
265601
265922
265978
266021
266519
266541
267165
267282
267453
267479
267813
268216
268494
268788
268830
269106
269280
269394
269564
269590
269645
269916
269925
269948
270411
270768
270866
270929
271034
271484
271653
272038
272254
272290
272468
272901
272929
272989
273533
273553
273753
273875
274027
274114
274195
274196
274285
274347
274533
274558
274638
275056
275214
275298
275301
275304
275365
275823
275888
276261
276512
277027
277693
277703
277897
278268
278421
278572
278577
278600
278817
279075
280036
280335
280418
280652
281122
281130
281253
281272
281314
281414
281610
281686
281960
282438
283268
283539
283552
284107
284308
284425
285493
285787
286170
286203
286777
286873
287059
287081
287460
287577
287676
287701
288255
288265
288570
288681
289476
289533
289684
289987
290208
290343
290578
290661
290842
291032
291151
291808
292182
292442
293481
293701
293792
293831
294737
295614
297172
297328
297988
298001
298262
298572
298626
298627
298691
298760
298771
299054
299380
299552
299600
299660
299671
300274
300339
300357
300827
300954
300959
301076
301094
301114
301162
301169
301180
301231
301249
301274
301276
301297
301403
301419
301569
301764
301885
302092
302190
302510
302664
302843
302948
303177
303452
303580
303596
303678
303818
303886
303891
303987
304038
304057
304059
304068
304099
304322
304468
304570
304632
304635
304647
304664
304845
304962
305283
305789
305991
306034
307456
307565
307644
307987
308539
308586
309076
309173
309471
309597
309855
310734
310845
311041
311151
311175
311274
311345
311382
311460
311520
311813
311887
312255
312664
312757
313582
314746
314914
315157
315207
315394
315409
315415
315950
317103
317143
317881
317925
318057
318117
318269
318281
318294
318676
318869
318997
319166
319181
319424
319611
319628
319663
319666
319705
319750
319789
319815
319831
319883
319908
320067
320192
321132
321812
321923
322074
322303
322364
322623
323439
323813
324743
325116
325965
326163
326845
327049
327210
327571
327763
327930
328136
328288
328429
328439
328450
329235
329365
329491
329515
329526
329562
329653
329791
330057
330120
330477
330509
330598
330928
330960
330976
331136
331272
331296
331367
331380
331523
331550
331576
331665
331675
331734
331892
332093
332185
332680
332747
333757
333834
333913
334033
334084
334109
334150
334228
334782
334862
335107
335848
335979
336100
336110
336124
336395
336536
337063
337226
338114
338200
338868
339147
339281
339296
339331
339526
339895
340104
340153
341016
341901
342301
342526
343308
344130
344140
344275
344276
344303
344534
344802
344806
344866
345864
345875
345950
345983
346237
346334
346581
346602
346770
347273
347281
347315
347473
348031
348376
348402
348410
348443
348456
348682
348692
349196
349357
351204
351522
351618
351624
351810
351892
352079
352194
352399
352591
352606
352942
353040
353128
353345
353932
353954
354062
354088
354097
354589
354918
354951
355561
355612
356516
356567
356622
357001
357442
357867
358937
359322
359967
360611
361125
361751
362277
362528
363008
363609
363696
363868
363878
364017
364420
364482
365789
367652
368458
368553
368688
368808
368871
369058
369628
370214
370227
370246
372292
374807
380633
380824
381272
382200
382519
382853
382915
383632
384419
384427
385068
385404
386320
386812
387488
387554
387967
388106
388779
388911
389281
390015
390467
391230
393265
393585
394008
394493
394991
396264
397204
398066
398241
398609
398814
398815
401308
401509
401613
401774
401789
402008
402112
402571
402682
402875
403022
403909
404759
405482
405975
406161
408108
408115
408122
408266
409055
414606
414636
416729
416750
416803
417178
417236
417579
418227
418412
418426
418755
418780
419099
419595
419658
419837
427721
428137
428760
430251
430815
431312
431454
431757
433512
433856
434129
435117
435121
435147
435407
435471
435993
436499
437208
439121
441452
444115
445456
447266
448160
448593
448738
449179
449771
450883
450976
451168
452226
452877
453710
453772
454749
455202
455279
455350
456224
458553
459120
460810
463671
463692
465386
466181
466895
467516
468295
469239
469354
469402
469458
469556
469652
470100
470139
470472
470895
471324
471584
472055
472403
474002
475059
475431
476600
476880
477767
477860
478177
479250
482946
483221
483972
484661
484758
484778
488287
488430
488440
488844
490228
490445
491920
492345
492520
492790
493025
494220
494918
495124
498107
498728
499328
499868
501245
502381
504374
504375
504717
504925
505923
506109
506242
506591
506684
506916
508235
510331
510869
510891
510896
511791
512475
513033
513054
514717
516102
523302
523549
523689
523781
523856
524195
526127
528490
528616
529673
529680
529681
529688
529852
530766
533333
537950
538788
541186
541217
542020
543991
544726
544749
545477
545521
546825
547625
548336
551251
554141
555285
559070
559265
559976
560786
565818
568015
569107
569773
571126
571807
574894
575634
576210
580482
581609
585910
588288
590757
592762
597640
600053
602279
604266
607772
608226
611034
611908
612109
612600
612651
616786
616867
617717
618034
622396
623041
626215
628069
628228
631013
631734
632694
632773
635057
639145
644193
648391
650533
655739
659930
663230
667208
673097
678285
680231
680940
690118
691761
698992
699505
701053
706232
710258
722128
722616
727193
732297
733691
734601
739905
742057
751379
751539
758251
766183
776225
784059
785437
797056
807129
807802
816412
829306
831130
839284
849060
854182
863703
879684
893682
896100
897641
905736
915672
915809
917774
936620
975260
983588
991873
996241
997077
998698
1020718
1021652
1024720
1026661
1031235
1037198
1037203
1047148
1070926
1092871
1094502
1095725
1099517
1101662
1104808
1114353
1115236
1130821
1133745
15
123
324
465
583
836
846
864
1100
1224
1244
1273
1279
1503
1638
1722
1730
1855
1856
1875
1957
2082
2600
2674
3011
3036
3040
3279
3290
3294
3422
3646
3712
3755
4025
4081
4193
4204
4390
4502
4513
4580
4688
4697
4699
4708
4739
4793
4824
4903
5942
5945
5977
5993
6246
6336
6385
6465
6507
6906
7025
7114
7184
7250
7300
7307
7348
7377
7465
7554
7750
7816
8016
8042
8086
8096
8112
8130
8140
8194
8255
8270
8288
8363
8496
8716
8751
8824
8828
8847
8877
8972
8978
9205
9247
9257
9287
9324
9407
9456
9607
9673
9745
9789
9818
9858
9945
10108
10128
10281
10366
10415
10498
10599
10753
10787
10835
10856
10904
10936
10950
10983
10990
11079
11092
11125
11253
11347
11412
11547
11652
11679
11688
11933
12003
12043
12152
12167
12178
12313
12342
12400
12430
12434
12586
12677
12767
12782
12812
13085
13088
13090
13182
13237
13245
13417
13443
13490
13618
13687
13737
13848
14112
14150
14234
14587
15466
15691
15921
16648
16662
16669
16680
16719
16732
16742
16756
16786
16847
16929
16959
16987
17008
17092
17103
17105
17367
17405
17516
17595
17623
17851
17889
18035
18100
18105
18124
18266
18400
18480
18491
18593
18609
18717
18766
19000
19002
19222
19239
19311
19336
19406
19444
19460
19872
19910
19924
19930
19993
20090
20091
20117
20121
20147
20150
20188
20276
20333
20351
20416
20433
20444
20544
20556
20557
20609
20881
20924
20966
21000
21018
21110
21179
21182
21233
21350
21388
21446
21557
21659
21671
21693
21877
21880
21950
21975
22057
22152
22234
22242
22253
22320
22444
22452
22506
22680
22704
22746
22812
22910
22917
23033
23288
23371
23413
23451
23542
23566
23715
23734
23879
23976
24014
24060
24134
24189
24220
24259
24380
24433
24438
24440
24703
24746
24948
24970
24990
25032
25095
25104
25114
25169
25606
25620
25663
25702
25721
25764
25838
25859
25942
25968
25976
26003
26116
26119
26143
26232
26253
26275
26322
26391
26549
26705
26739
26746
26761
26811
26885
26890
26894
26923
26954
26995
27004
27008
27104
27105
27325
27328
27364
27424
27444
27513
27542
27676
27706
27709
27785
27804
27848
27857
28039
28060
28075
28121
28133
28162
28168
28272
28274
28281
28334
28355
28428
28466
28515
28536
28573
28735
28742
28811
28822
28835
28843
28854
28871
28913
29019
29051
29223
29257
29397
29564
29734
29766
29959
30009
30030
30109
30192
30203
30455
30567
30589
30604
30704
30826
30843
30907
30938
30941
31006
31038
31079
31126
31137
31200
31262
31297
31564
31572
31610
31619
31633
31667
31809
31905
31963
32025
32051
32072
32295
32304
32315
32410
32439
32519
32807
32817
32875
33347
33555
33685
33709
33739
33821
33949
34081
34160
34451
34475
34730
34929
34937
34945
34987
35016
35085
35386
35468
35626
35910
36082
36123
36460
36696
36733
36779
36780
36793
36794
36835
36844
36958
36995
37161
37208
37238
37254
37283
37473
37474
37540
37549
37612
37640
37727
37753
37806
37818
37856
37927
38202
38324
38383
38482
38824
38863
39170
39212
39237
39293
39420
39440
39941
40160
40214
40435
40447
40528
40598
40903
41092
41098
41157
41561
41576
41583
41589
41623
41960
41974
42330
42392
42394
42584
42765
42785
42799
42837
42855
42959
42998
43098
43120
43144
43295
43354
43388
43418
43425
43428
43589
43701
43902
43923
43932
44069
44170
44273
44286
44527
44649
44873
44907
45105
45623
45644
45690
45711
45768
45842
45986
46118
46271
46306
47004
47020
47253
47344
47867
48269
48295
48534
48567
48610
48614
48738
48849
48852
48890
48967
49083
49100
49102
49138
49487
49545
49546
49553
49686
49692
49776
49791
49806
49814
49820
50245
50263
50273
50404
50454
51035
51327
51716
51765
51904
51994
52230
52561
52610
52737
52938
52973
52977
52984
52990
53278
53318
53326
53338
53468
53570
53572
53773
53785
53891
54046
54616
54835
54864
54969
55057
55120
55148
55223
55412
55455
55457
55577
55589
55608
55657
55659
55667
55706
55768
55783
55785
55809
55851
55870
55883
55912
55924
55985
56066
56101
56147
56310
56349
56367
56381
56596
56597
56618
56636
56646
56650
56701
56707
56709
56715
56827
56990
57078
57112
57314
57446
57516
57521
57538
57877
57941
57986
58096
58156
58259
58380
58509
58714
58962
59008
59032
59142
59152
59179
59192
59246
59322
59440
59442
59514
59585
59589
59695
60027
60095
60159
60294
60542
60713
61248
61270
61277
61309
61333
61524
61641
61686
61693
61814
61896
62239
62428
62504
62685
62699
62708
62716
63165
63193
63196
63522
63532
63605
63798
63853
63868
63912
64067
64131
64250
64251
64273
64299
64326
64533
64670
64675
64785
64870
65040
65147
65167
65251
65490
65553
65749
66055
66414
66437
66502
66667
66711
66719
67028
67061
67081
67204
67422
67814
67995
68022
68076
68503
68505
68832
68865
68915
69066
69074
69083
69123
69623
69668
69698
69776
69912
69979
69984
70150
70237
70295
70298
70341
70342
70495
70536
70587
70715
70919
70929
71165
71188
71203
71245
71251
71522
71683
71844
71889
71893
71929
71965
71994
71997
72000
72056
72100
72135
72201
72277
72298
72329
72330
72565
72632
72790
72847
72927
73014
73016
73490
73617
73681
73752
73826
73888
73949
74050
74102
74118
74299
74313
74346
74363
74665
74787
74811
74842
75086
75138
75283
75329
75508
75517
75526
75537
75661
75845
75962
76031
76043
76480
76683
76741
76775
76787
77000
77015
77024
77162
77214
77215
77234
77557
77561
78050
78102
78370
78451
78709
78966
79191
79203
79215
79367
79532
79774
80417
80774
81068
81183
81210
81287
81412
81453
81915
82171
82228
82302
82319
82587
82612
82943
82953
83186
83189
83204
83254
83315
83480
83492
83493
83495
83577
83723
83882
84238
84276
84376
84388
84389
84449
84479
84500
84663
85248
85870
86051
86141
86552
87098
87209
87320
87426
87747
88017
88155
88670
88998
89112
89179
90215
90703
90829
90958
91046
91093
91133
91181
91186
91283
91416
91452
91487
91528
91616
91679
91686
91728
91820
91852
91957
91982
92119
92134
92142
92262
92263
92288
92330
92336
92352
92375
92399
92502
92548
92564
92609
92662
92696
92744
92763
92767
92805
92856
92878
92894
92937
92957
93031
93075
93146
93271
93312
93341
93347
93378
93394
93570
93686
93707
93896
93909
94009
94048
94063
94109
94125
94239
94494
94495
94528
94666
95109
95135
95148
95162
95184
95245
95324
95400
95401
95495
95536
95538
95596
95604
95693
95804
95824
95828
95842
95860
95918
95931
96014
96036
96117
96161
96163
96202
96213
96254
96347
96362
96382
96402
96413
96468
96514
96516
96539
96550
96609
96610
96630
96632
96705
96735
96788
96794
96807
96813
96815
96870
96959
97074
97095
97100
97132
97211
97263
97276
97295
97325
97332
97357
97431
97559
97574
97605
97616
97633
97651
97660
97686
97697
97726
97740
97743
97775
97786
97793
97858
97860
97862
97877
97900
97911
97944
97945
98140
98170
98263
98275
98369
98397
98458
99006
99018
99173
99198
99250
99301
99306
99377
99427
99430
99586
99747
99764
99841
99956
100009
100105
100296
100336
100337
100456
100584
100667
100726
100921
100922
100928
101434
101493
101531
101571
101591
101625
101628
101677
101735
101794
101806
101828
101954
101971
101986
101987
102045
102096
102111
102149
102161
102164
102168
102201
102275
102379
102445
102500
102501
102536
102542
102639
102679
102691
102754
102793
102808
102868
102945
102950
102970
103024
103088
103143
103157
103498
103588
103665
103866
103874
103966
103979
104030
104041
104093
104228
104287
104454
104471
104541
104594
104716
104767
104967
105286
105376
105647
105669
105692
105753
105810
105913
106014
106326
108689
108704
108735
108931
108994
109162
109262
109298
109336
109382
109451
109634
110145
110306
110462
110686
110697
110769
110851
112162
112855
112902
113000
113012
113088
113138
113202
113358
113387
113401
113527
113577
113618
113746
113863
114012
114055
114110
114182
114312
114446
114458
114631
115260
115288
115522
115606
115626
115710
115899
115946
116143
116240
116758
117154
117241
117411
117472
117488
117514
117654
117805
117858
118160
119312
119933
120022
120133
120261
120502
120513
120530
120553
120587
120659
120766
120784
120914
120926
121072
121277
121325
121348
121353
121358
121361
121373
121451
121464
121508
121638
121687
121705
121708
121790
121805
122072
122177
122220
123095
123120
123158
123162
123268
123542
123692
123781
123960
124192
124439
124465
124555
124980
125236
125246
125468
125851
125885
126014
126097
126130
126138
126144
126242
126251
126268
126290
126298
126299
126385
126403
126597
127101
127112
127373
127393
127403
127625
127689
128005
128239
128371
128749
128843
128922
129010
129563
129591
129690
129816
129822
130078
130215
130299
130688
130909
130980
131396
131422
131445
131454
131456
131480
131492
131510
131678
131993
132451
132475
132915
133032
133039
133105
133269
133318
133375
133561
133702
133704
133719
133976
133977
134254
134327
134338
134490
134589
134633
134650
134701
134718
134778
134789
134831
134848
134856
134881
134889
135022
135096
135202
135237
135257
135270
135304
135468
135797
135836
135844
135863
136011
136031
136035
136119
136144
136416
136554
136571
136576
136715
136719
136726
136743
136762
136812
136821
136829
137587
137620
137630
137662
138046
138888
138931
139009
139114
139126
139241
139245
139247
139339
139425
139502
139824
140146
140429
140479
140528
140580
140761
140776
140895
141005
141110
141166
141262
141455
141492
141494
141517
141537
141678
141702
141770
141934
142274
142283
142303
142491
143146
143278
143430
143455
143643
143722
143816
143876
143887
143928
144541
144683
144731
144935
144982
145147
145386
145516
145773
145774
145789
145871
145996
146092
146239
146270
146328
146487
146542
146580
146616
146651
146734
146910
146988
147093
147125
147163
147325
147340
147431
147453
147484
147530
147568
147633
147673
147699
147836
147859
148049
148131
148165
148180
148193
148216
148244
148246
148276
148335
148347
148352
148393
148561
148669
148700
148775
148896
148947
148994
149213
149292
149399
149553
149658
149820
150075
150255
150269
150455
150687
150878
150945
151033
151041
151203
151337
151497
151524
151557
151729
151887
151928
152011
152141
152291
152628
152954
153030
153068
153077
153109
153267
153291
153448
153696
153770
153781
153928
153951
154009
154054
154083
154108
154131
154277
154316
154559
154823
155024
155197
155206
155223
155368
155379
155644
155829
155984
156143
156154
156482
156489
156567
156617
156621
157114
157134
157262
157320
157367
157387
157425
157427
157512
157521
157555
157778
157785
157795
158038
158537
158551
158569
158641
158672
158676
158737
159318
159321
159456
159537
159613
159619
159629
159640
159754
159774
159863
160144
160448
160484
160584
160591
160617
160632
160821
160875
160902
160907
161108
161821
161865
162103
162128
162130
162237
162301
163187
163258
163460
163502
163503
163539
163633
163642
163650
163861
164010
164580
164593
164708
164782
164984
166007
170053
170161
170257
170276
170581
170951
171056
171061
171226
171359
171391
171423
171446
172290
172597
172653
172682
172973
173077
173120
173988
174022
174209
174242
174260
174288
174296
174313
174351
174405
174420
174435
174461
174469
174497
174827
174945
175016
175277
176043
177562
177657
177717
177741
177827
177972
177973
178544
178859
178864
178995
179350
179383
179601
179786
179821
179870
179872
179973
180366
180576
181647
183655
183952
184055
184118
184178
184261
184313
184324
184344
184378
184387
184402
184418
184660
184833
184848
184850
184881
185019
185713
185871
185939
186684
186880
186930
187257
187357
187358
187382
187391
187557
188290
188319
188456
188483
188515
188612
189750
190423
190742
190772
190910
190915
191163
191241
191265
191268
191270
191326
191661
191859
191869
191934
191938
191940
191988
192090
192815
193591
193967
194937
194953
195276
195373
195463
195466
195510
195593
195987
196232
196724
196940
198298
198656
199350
199402
199750
200083
200166
200189
200231
200759
200793
200817
200937
200970
201267
201326
201329
201431
201709
201801
201927
202082
202111
202114
202149
202156
202202
202229
202269
202399
202421
202424
202495
202505
202809
203098
203112
204620
204640
204718
204742
204951
204996
205375
205848
205851
205861
205940
205942
206210
207195
207297
207345
207402
207416
207423
207594
207596
207962
208253
208350
208407
208560
208561
208785
208802
208847
208923
209365
209648
209697
209915
209969
209980
210250
210613
210755
210965
211312
211323
211369
211498
211565
211642
211669
211718
211784
211801
212246
212381
212401
212492
212569
212618
212652
212662
212899
212902
212907
212912
212922
212923
212933
212941
213049
213178
213259
213348
213438
213459
213469
214176
215116
215674
215940
216327
216330
216483
216642
217002
217007
217259
217483
217594
217771
218236
218414
218690
218730
218854
218908
218920
219029
219110
219339
219604
219964
219989
220051
220390
220716
221071
221150
221153
221518
221543
221643
221646
221800
221920
221921
221924
221964
221987
222107
222149
222195
222339
222477
223677
223853
224546
225023
225093
225153
225209
225359
225427
225721
225729
225820
226221
226538
226739
226869
227032
227120
227240
227303
227414
228691
228715
228762
228814
228949
229237
229316
229351
229367
229587
229618
229677
229817
229826
229970
230075
230142
230615
230677
230865
231075
231135
231359
232429
232905
233119
233426
233435
233609
233715
233991
234207
234580
235378
235503
235551
235567
235883
236039
236246
236407
236419
236430
236484
236486
236521
236608
237254
237267
237301
237371
237716
237854
237974
237980
238081
238127
238141
238186
238432
238435
238528
238547
238646
238920
239043
239077
239531
239777
239823
239883
240179
240429
240473
240606
240629
240731
240734
240878
240897
240935
241026
241035
241209
241338
241339
241481
242058
242061
242105
242146
242156
242178
242198
242544
242589
242860
243285
243293
243362
243690
243743
243880
244086
244862
244874
244969
244977
245098
245100
245128
245218
246116
246423
246522
246552
246625
246642
246659
246879
247387
247389
247803
247892
247901
248198
248389
248617
248624
248718
248742
248744
248934
249009
249505
249934
249935
250360
250589
250724
250807
251031
251055
251250
251463
251776
252128
252163
252431
252636
252663
252771
252785
252831
252857
252917
252953
253087
253258
253275
253293
253317
253425
253767
253920
254124
254136
254669
255011
255018
255023
255077
255398
255755
255863
255913
255949
256022
256311
256754
257242
257354
257495
257548
257822
258525
258801
258903
259149
259151
259178
259199
259265
259321
259385
259489
259569
259798
259853
260178
260428
260540
260806
260819
260847
260959
261057
261276
261278
261301
261366
261477
261541
261623
261730
261997
262008
262047
262112
262187
262211
262234
262380
262799
262836
262839
262889
262917
262941
263407
263481
263504
263594
263728
263916
264201
264206
264657
264725
264735
265169
265279
265347
265400
265954
266022
266402
266542
266592
266614
267027
267136
267415
267536
267564
267570
267655
267666
268073
268217
268272
268400
268771
268869
268978
269305
269321
269532
269565
269592
269768
269955
270021
270044
270245
270340
270369
270581
270610
270755
270835
271574
271688
272255
272534
272576
272752
272818
272908
272986
273007
273034
273114
273139
273286
273326
273400
273413
273434
273640
274111
274149
274186
274238
274276
274279
274298
274361
274447
274502
274559
274985
275308
275818
275858
276322
276486
277463
277502
277699
277716
278076
278193
278619
278721
280047
280074
280122
280164
280370
280507
280796
281032
281094
281336
281621
282001
282061
282437
282475
282990
283391
283582
283691
283835
284244
285259
285520
285784
285920
286126
286423
286890
287308
287498
287660
287666
287679
288240
288533
288616
289289
289480
289510
289633
289920
289952
290850
291008
291883
292708
293663
293736
294211
294225
294420
294504
294521
294528
294792
294793
295068
295106
295294
295549
295613
295673
296090
296587
297701
297888
298622
298723
298809
298931
298949
299028
299043
299044
299179
299190
299196
299366
299391
299530
299592
299630
299642
299714
299754
299760
300147
300172
300828
300846
300859
300940
301004
301055
301103
301380
301450
301451
301473
301802
301899
302219
302240
302311
302377
302386
302405
302949
303032
303112
303446
303658
303691
303699
303861
303999
304060
304072
304092
304213
304524
304665
304843
304863
304888
304926
304985
305009
305034
305053
305583
305819
305995
306014
306646
306699
307834
307997
308260
308433
308712
308925
309250
310797
310893
310979
311104
311429
311814
311821
311823
311989
312055
312337
312613
312852
313583
313775
313781
313835
314239
314385
314409
314457
314474
314810
314857
314982
315143
315173
315316
315327
315447
315766
315807
315946
316216
316442
316768
316772
316778
317102
317535
317565
317594
317658
317819
317856
317857
317911
318013
318032
318078
318478
318538
318553
318686
318761
318811
318922
318974
319327
319592
319598
319726
319798
319859
319865
319869
319983
320193
320371
320731
320802
321359
321829
322156
322174
322372
323075
323353
323922
324205
324659
325015
325060
325671
326101
326115
326398
326522
326918
327240
327367
327402
327809
328014
328479
329154
329266
329498
329609
330634
330927
330962
330967
330992
331014
331227
331235
331261
331297
331312
331361
331385
331692
331727
331897
332179
332207
332258
332273
332317
332471
332721
332782
333202
333807
334094
334291
334296
334501
334585
334599
334880
334999
335048
335059
335129
335755
335756
335760
335853
335871
335875
335905
335981
336013
336111
336133
336281
336325
336781
336798
336838
337001
338226
338872
339027
339053
339055
339120
339432
339989
340158
340160
340407
341142
341246
341382
341391
341532
341575
342772
343099
343497
343603
343608
343659
343678
344189
346179
346614
346805
347264
347353
347429
347522
348597
348973
349212
349353
349434
349478
349762
349817
349854
350105
350183
351174
351180
351191
351595
351632
351741
351761
351818
352074
352424
352556
352751
352827
352860
353006
353010
353447
353571
353646
353707
353814
354256
354357
354485
354486
354639
354852
355026
355040
355048
355330
355409
355735
355996
356094
356301
357102
357315
358757
359631
359809
359912
359970
360062
360669
361123
361368
362257
363207
363916
365990
366024
367730
367763
368159
368350
368629
368731
368790
369390
369575
369621
370124
370220
370299
370326
373005
376632
381894
381934
382276
382668
382775
384874
384936
384973
386123
386856
387081
387103
387505
387672
389054
389156
389226
389271
389333
389572
389634
390401
390451
390606
391104
391821
391925
392176
392928
393131
393259
393754
393951
394022
394453
395649
395836
395919
396298
396308
396350
396400
396446
397332
397605
397612
398102
398869
400903
401048
401063
401175
401593
401864
402088
405503
405976
406228
406774
407156
407470
407589
408901
408910
408939
408980
409013
412304
414107
414235
414577
416528
416629
417444
417603
418364
419798
420081
421013
422079
422163
422174
422276
424395
424555
427634
427640
427652
428885
428887
428928
430190
430198
430255
430760
432851
434917
435118
435119
435467
436275
437139
437174
438130
439765
440172
441325
441420
443597
444592
446030
446182
446187
446225
446261
446543
446592
446818
447698
447754
447808
447995
449241
449484
450900
451380
451402
452287
452960
453042
453459
456015
456136
456148
456932
457994
458271
458279
458491
459130
460908
461529
462315
462478
462483
463720
464220
464713
465190
465737
465796
466000
466004
466355
466474
466714
467184
468049
468283
468284
468558
469421
469628
469656
469871
469876
470745
470808
471000
471499
471506
471529
471876
472068
472679
472695
474436
474498
474576
475407
476420
477511
478344
479290
479408
479419
479625
480278
482430
482582
483082
483365
483996
484138
484356
485235
485572
486891
486920
487229
487566
487744
488061
488170
488186
488272
488847
488868
489134
489862
490633
491247
491466
491688
491919
492586
493167
493341
494012
494162
494901
496490
498181
498615
498671
498746
498970
499026
499870
500099
500183
500263
500318
500398
500459
501075
503577
503776
504058
504301
505872
506019
506981
507107
508817
510235
511283
512001
512326
512478
513051
513098
514091
515608
520770
523782
524123
524151
530611
532792
534782
535972
537123
537522
537947
539113
539357
539937
541689
543985
543986
545324
545968
547336
547600
549362
550522
550681
551289
551992
553358
553572
553577
553579
555208
558164
559379
561517
561876
561902
563895
565178
570172
573282
575868
576106
576126
576758
579552
588585
588873
592454
593077
595676
596050
597661
597723
600254
600756
603034
605177
605430
606458
606555
606795
608041
608156
609124
611101
611565
612612
612647
613533
616813
617024
621355
624485
625542
625561
626445
626779
628045
629209
630710
630885
632198
632319
632566
634376
634391
635642
636389
640991
646037
646658
648392
648614
648997
650506
651448
654453
655313
662574
666197
666364
667977
674207
675824
684096
689086
700997
701104
715676
716610
721004
722265
724653
736785
742823
742954
753364
757923
757969
763736
769197
772710
773844
788946
791787
806301
809359
821532
822363
830784
840432
844353
844510
844839
845569
862017
863709
877276
880995
888156
893137
893245
897573
919922
944124
947756
949753
951694
951781
954699
963334
975822
980880
995511
1003510
1007397
1016561
1018352
1037200
1037201
1050753
1060121
1060397
1064059
1074175
1091972
1099581
1102726
1123711
1125148
1125868
247
711
879
1134
1142
1347
1389
1428
1512
1572
1868
1874
1949
1965
1968
1985
2015
2092
2113
2119
2209
2501
2671
2855
2900
3002
3060
3141
3144
3172
3347
3376
3396
3441
3554
3592
3607
3633
3697
3703
3806
3837
3850
3873
4038
4068
4167
4217
4236
4298
4306
4479
4562
4626
4634
4641
4680
4689
4963
4986
5132
5136
5881
6175
6349
6374
6821
6851
6932
7007
7234
7239
7288
7314
7415
7428
7449
7489
7726
7737
7784
8006
8063
8068
8079
8117
8121
8166
8220
8256
8259
8358
8457
8489
8529
8593
8820
9060
9062
9224
9399
9454
9501
9538
9599
9620
9840
9883
9935
9963
10036
10410
10428
10437
10549
10557
10701
10874
11017
11039
11213
11237
11617
11636
11806
11831
12069
12083
12123
12239
12344
12376
12441
12446
12490
12493
12498
12578
12634
12721
12805
12914
12967
13040
13045
13046
13119
13145
13169
13206
13242
13291
13434
13538
13595
13729
13827
13845
13913
13968
14057
14137
14152
14162
14165
14225
14352
14410
15016
16091
16247
16623
16630
16778
16816
16835
16877
16931
16962
17058
17075
17087
17115
17144
17146
17149
17174
17200
17235
17411
17540
17546
17612
17682
17698
17702
17721
17768
17773
17795
17860
17936
17949
18244
18343
18411
18432
18516
18625
18694
18825
18847
18883
18900
18933
18939
18995
19085
19244
19374
19515
19607
19620
19699
19914
19963
19977
19995
20025
20031
20071
20083
20095
20110
20136
20142
20148
20202
20216
20420
20424
20452
20486
20560
20622
20947
20949
21031
21141
21164
21177
21196
21251
21395
21516
21600
21643
21647
21755
21859
21907
21925
21952
22018
22165
22316
22362
22380
22459
22596
22635
22689
22702
22775
22805
22974
22981
23003
23055
23094
23100
23206
23231
23232
23287
23404
23515
23582
23631
23691
23740
23777
23865
23872
23938
23947
23981
24049
24234
24247
24266
24306
24432
24627
24692
24767
24793
24845
24848
24864
24892
24938
24989
25024
25059
25076
25241
25300
25376
25697
25711
25777
25820
25844
25846
25882
25895
25928
25946
25958
25994
25997
26071
26112
26113
26176
26237
26245
26274
26285
26311
26313
26325
26390
26403
26437
26472
26480
26503
26587
26634
26648
26679
26893
26933
26975
26983
27001
27040
27117
27147
27207
27277
27320
27323
27443
27493
27538
27587
27629
27735
27803
27967
27974
27991
28049
28101
28192
28279
28294
28316
28318
28370
28388
28525
28575
28598
28779
28852
28864
28904
28906
28965
29082
29131
29159
29170
29192
29201
29219
29279
29339
29408
29411
29495
29562
29599
29665
29706
29745
29797
29894
29902
29914
29920
29932
30075
30076
30112
30283
30351
30404
30447
30450
30474
30576
30608
30632
30699
30736
30749
30848
30925
30933
31122
31199
31389
31442
31502
31544
31561
31592
31647
31648
31677
31721
31820
31903
31933
31962
32030
32053
32056
32132
32142
32157
32181
32467
32511
32676
32718
32774
32865
32973
33141
33143
33187
33388
33396
33598
33838
33863
33898
33926
33927
33982
33990
34000
34089
34329
34717
34941
34974
34981
35420
35466
35621
35859
36125
36402
36426
36537
36722
36745
36781
36785
36790
36819
36838
36926
36960
36996
37141
37189
37263
37523
37622
37656
37781
37783
38189
38193
38255
38299
38418
38429
38534
38823
38840
38860
39129
39172
39233
39273
39470
39471
39574
39590
39685
39727
39762
39805
39824
39947
40010
40024
40044
40172
40265
40314
40320
40367
40423
40428
40450
40542
40558
40923
41151
41185
41216
41241
41368
41472
41665
41703
41742
42059
42158
42307
42722
42794
42803
42863
42925
42926
42942
42965
42996
43025
43074
43114
43204
43247
43253
43255
43272
43322
43331
43337
43403
43415
43434
43486
43564
43652
43855
43864
43865
43888
43931
43959
44195
44320
44424
44433
44435
44487
44489
44601
45482
45602
45720
45762
45767
45770
45780
45968
46134
46613
46900
46911
47062
47175
47248
47356
47357
47410
47427
47496
47521
47713
47762
47823
48233
48549
48638
48696
48699
48770
48845
48848
48899
48900
48941
49023
49088
49097
49174
49270
49286
49448
49514
49540
49581
49624
49649
49757
49790
49873
49893
49906
49930
49943
50030
50193
50201
50241
50413
50490
50633
50706
50843
50915
50934
50946
50984
51154
51263
51485
51560
51626
51724
51770
51839
51921
51963
51966
52117
52316
52318
52457
52539
52597
52905
53007
53019
53086
53149
53351
53454
53467
53594
53973
54689
54839
54957
55113
55134
55316
55366
55382
55397
55573
55597
55623
55654
55666
55707
55726
55749
55763
55777
55779
55793
55848
55891
55936
55950
55988
56010
56100
56224
56232
56250
56293
56301
56363
56434
56480
56492
56503
56523
56544
56566
56580
56649
56698
56751
56798
56800
56822
56992
57007
57028
57033
57149
57171
57334
57357
57453
57494
57506
57543
57776
58070
58236
58304
58330
58362
58383
58427
58467
58505
58517
58571
58575
58635
58950
59017
59054
59278
59700
59734
59777
59886
60036
60038
60127
60338
60680
60693
60948
61041
61059
61073
61153
61230
61275
61294
61320
61485
61710
61752
61774
61880
62681
62687
62885
63088
63447
63589
63607
63844
63915
64083
64178
64304
64355
64360
64597
64620
64648
64810
64895
64933
65044
65053
65256
65331
65488
65563
65578
65714
65800
65821
66348
66494
66806
66807
66836
66859
67099
67192
67300
67502
67676
67771
68724
68847
69355
69401
69685
69770
69788
69945
70101
70124
70312
70337
70359
70401
70728
70995
71017
71021
71024
71096
71124
71309
71415
71711
71777
71851
72184
72409
72729
73389
73598
73639
73725
73756
73879
73905
73942
73965
74020
74040
74383
74391
74423
74658
74737
74771
74823
74874
74898
74908
75082
75148
75231
75284
75288
75328
75411
75629
75753
75790
75808
75873
75910
76058
76065
76296
76343
76505
76508
76513
76765
76856
76918
77074
77193
77247
78066
78082
78910
78913
78954
79354
79386
79424
79443
79457
79552
79592
79597
79915
79996
81072
81778
81952
81972
82002
82166
82258
82365
82621
82632
82910
82947
83229
83289
83518
83620
83625
83636
83646
83967
84163
84305
84307
84480
84487
85090
85265
85462
85524
85872
85969
86160
86453
86470
86858
86919
87277
87301
87458
87668
87805
87810
88199
88297
88371
88427
88952
89016
89084
89094
89120
89521
89709
89779
90874
90908
90910
90926
90930
90949
90982
91293
91414
91457
91494
91566
91696
91775
91873
91931
91970
92021
92122
92126
92224
92253
92318
92501
92541
92560
92633
92745
92762
92842
92864
92907
93059
93131
93175
93208
93382
93430
93475
93500
93560
93564
93608
93627
93661
93824
93833
93850
93867
93978
94005
94041
94080
94107
94117
94118
94312
94329
94332
94333
94398
94458
94474
94546
94569
94581
94583
94599
94652
94727
94858
94878
94991
95002
95006
95015
95095
95126
95212
95247
95264
95268
95320
95344
95393
95424
95489
95493
95533
95555
95590
95629
95679
95703
95743
95759
95780
95825
95830
95841
95907
95954
95981
96090
96118
96167
96177
96234
96236
96246
96278
96288
96346
96443
96495
96518
96534
96625
96643
96679
96711
96791
96800
96853
97130
97133
97148
97469
97528
97533
97555
97584
97601
97638
97682
97684
97703
97716
97720
97728
97801
97834
97847
97856
97864
97880
97882
97902
98019
98118
98181
98195
98284
98323
98386
98419
98433
98462
98527
98560
98852
98965
99229
99308
99340
99392
99473
99587
99755
99812
99928
99961
99979
100015
100022
100050
100065
100103
100217
100409
100519
100767
100789
101073
101111
101205
101208
101314
101351
101408
101424
101437
101517
101524
101581
101589
101600
101610
101711
101768
101897
101912
101929
101948
101967
101984
101989
102018
102040
102099
102234
102294
102316
102510
102549
102781
102844
102905
102912
102916
102944
103064
103070
103089
103113
103116
103190
103192
103266
103296
103373
103407
103409
103434
103453
103478
103506
103561
103570
103592
103606
103607
103649
103714
103735
103826
103833
103865
103946
103958
104048
104098
104268
104297
104311
104337
104465
104472
104537
104755
104774
104782
105091
105100
105207
105254
105331
105346
105358
105381
105415
105649
105670
105885
106000
106553
106556
106726
106732
107202
108546
108633
108655
108910
109095
109195
109196
109209
109245
109337
109360
109810
109842
110060
110061
110671
110685
110709
110713
110778
110784
111543
112108
112581
112958
113325
113389
113438
113450
113485
113566
113574
113613
113617
113859
113970
113976
114112
114208
114253
114447
114875
114943
114999
115202
115273
115327
115383
115402
115438
115562
115631
115838
116254
116322
116340
116410
116721
117447
117465
117569
117710
117856
118195
118242
118256
118286
118451
118549
118757
118879
118926
119024
119070
119281
119340
119517
119994
120054
120244
120449
120486
120490
120547
120601
120632
120669
120790
120822
120887
121139
121154
121182
121424
121425
121428
121431
121561
121676
121733
121736
121753
121801
121804
121963
121974
122018
122019
122083
122351
122637
123050
123151
123330
123706
123748
123821
123941
123948
124070
124088
124558
124917
124959
125030
125037
125680
125853
125865
125920
125938
125945
125953
125998
126036
126102
126153
126218
126325
126666
126782
127015
127026
127044
127061
127322
127324
127371
128025
128107
128118
128168
128206
128553
128614
128620
128696
128722
128752
128833
128854
128870
128887
129055
129166
129338
129659
129666
129696
129763
129777
129826
129908
129920
130218
130277
130371
130633
130698
130759
130805
130979
131020
131205
131381
131442
131504
131933
132000
132203
132602
132881
132895
133045
133060
133086
133174
133284
133548
133564
133598
133637
133712
133816
134263
134349
134489
134657
134727
134733
134742
134753
134776
134792
134795
134798
134851
134865
134933
134945
134985
135200
135205
135381
135435
135461
135576
135772
135805
135827
135839
135889
136006
136039
136054
136246
136438
136446
136646
136732
136824
136848
137021
137252
137371
137395
137397
137486
137965
139228
139292
139315
139352
139428
139475
139742
139803
140090
140273
140367
140599
140608
140766
140805
140985
141036
141041
141243
141246
141278
141300
141453
141502
141531
141571
141732
141791
141902
142115
142289
142485
142834
142876
142954
143170
143218
143227
143527
143623
143706
143716
143772
144315
144376
144550
144551
144568
144631
144835
144839
144890
144893
144894
144920
144951
144953
145159
145178
145197
145310
145346
145352
145378
145472
145624
145790
145866
145932
145938
145968
145979
145988
146029
146031
146062
146326
146360
146554
146599
146647
146670
146671
146739
146820
146878
146983
146990
146991
147012
147051
147074
147081
147084
147097
147234
147252
147361
147368
147376
147513
147539
147628
147806
147826
147901
148179
148184
148228
148315
148370
148412
148544
148563
148632
148641
148679
148744
148887
148933
148965
149031
149104
149231
149386
149395
149409
149587
149657
149663
150012
150049
150191
150217
150472
150617
150740
150836
150844
150858
150861
150867
150940
150960
150975
151001
151492
151643
151695
151756
151863
151899
152029
152035
152106
152226
152240
152386
152548
152570
152576
152591
152762
152919
152923
152970
153073
153076
153105
153273
153276
153289
153465
153507
153714
153798
153879
153898
154040
154082
154089
154146
154264
154278
154285
154448
155048
155118
155221
155253
155486
155528
155778
155858
155927
156233
156505
156572
156596
156640
156778
156791
156922
156939
156942
157028
157073
157106
157156
157175
157293
157431
157451
157524
157569
157819
157926
157986
157987
158258
158430
158559
158564
158748
158779
158813
158941
159002
159003
159022
159093
159211
159379
159426
159626
159702
159704
159993
160082
160177
160194
160229
160240
160259
160277
160307
160343
160451
160460
160526
160571
160684
160906
161019
161032
161033
161075
161225
161227
161245
161307
161333
161370
161448
161680
161718
161728
161819
161822
161879
162001
162058
162240
162242
162250
162305
162325
162360
162385
162750
162770
163043
163120
163130
163180
163399
163463
163476
163692
163737
163742
163831
163843
164141
164738
165211
166507
168148
168327
170189
170191
170320
170445
170926
171416
171628
172496
173044
173061
173255
173320
174031
174110
174197
174264
174379
174438
174460
174798
174860
174912
175039
176372
177330
177639
177680
177689
177807
177943
178037
178236
178819
178871
178950
178984
179040
179353
179440
179567
179734
179791
179871
179874
179957
180013
180030
180086
180090
180140
180254
180259
180378
183632
184180
184227
184246
184291
184395
184715
184732
184811
184889
185719
185735
185856
185886
185917
185952
186174
186591
186598
186819
186934
186988
187399
187487
187537
188289
188292
188303
188326
188430
188470
188555
188569
188574
189731
189808
189817
189845
189890
190356
190413
190417
190510
190561
190600
190629
190701
190702
190708
191178
191214
191247
191312
191318
191389
191495
191553
191634
191644
191853
191861
192188
192450
192509
192547
192650
193031
193801
194985
195028
195176
195465
196257
196385
196422
196502
196552
196691
196738
196952
197417
197552
197604
197648
197671
198224
198312
198742
198869
198906
198913
199016
199671
199733
200042
200225
200232
200427
200431
200784
200785
200808
200837
200930
201276
201297
201356
201470
201696
201735
201826
202017
202068
202071
202101
202148
202151
202159
202164
202179
202191
202196
202208
202218
202219
202265
202418
202433
202462
202494
202551
202639
202642
202645
202648
202661
202667
203059
203189
204436
204447
204532
204619
204629
204645
204819
204835
204970
205082
205579
205684
205701
205706
205788
205833
205934
206105
206257
206461
206680
206866
206885
206902
207183
207212
207249
207251
207314
207362
207368
207436
207531
207603
207634
207750
207802
207826
208046
208296
208634
208821
208988
209348
209371
209483
209603
209774
209840
209935
209993
210101
210139
210226
210253
210484
210494
210634
210853
211030
211045
211057
211105
211275
211321
211337
211351
211391
211437
211477
211497
211507
211698
211781
211951
212033
212057
212278
212456
212559
212561
212598
212630
212663
212697
212698
212781
212849
212875
212911
212921
212942
212959
212977
213092
213221
213422
213435
213446
213448
214218
215880
215987
216349
216394
216598
216777
217013
217268
217396
217592
217597
218045
218085
218166
218254
218258
218443
218564
218855
218921
218926
218951
218959
219321
219420
219541
219552
219600
219694
219772
219947
220381
220743
220778
220976
221409
221468
221505
221699
221703
222013
222081
222083
222244
222301
222342
222366
222397
222430
222446
222545
222558
222619
222639
222878
222964
223466
223656
223712
223939
223963
224516
224548
224624
226162
226172
226568
226589
226604
226616
226741
226896
227018
227056
227079
227236
227434
227562
227565
227707
227873
227907
227998
228330
228510
228583
228628
228716
228929
228934
228941
228952
229408
229479
229489
229622
229683
229697
229707
229717
229754
229768
229911
229923
229926
229934
229938
229942
230100
230135
230163
230749
231052
231185
231377
232083
232276
232499
232534
232656
233165
233201
233249
233384
233417
233678
233780
234364
234726
235004
235368
235490
235494
235553
235566
235579
235624
235744
235985
236017
236128
236248
236255
236307
236318
236396
236507
236671
236717
236994
237002
237028
237041
237312
237364
237409
237414
237617
237652
237837
237961
238001
238181
238236
238279
238457
238491
238628
238766
238827
238880
239096
239177
239308
239320
239543
239561
239612
239619
239678
239763
239779
239827
239852
239917
240006
240054
240064
240211
240308
240440
240652
240725
240903
240941
241011
241175
241522
241865
241994
242076
242099
242113
242119
242143
242201
242305
242584
242594
242841
242892
242955
243064
243092
243116
243710
243900
244260
244473
244491
244521
244750
244921
244923
245052
245064
245077
245080
245097
245245
245482
245755
245793
245857
246179
246203
246271
246472
246521
246556
246644
246658
246789
247141
247190
247293
247855
248365
248611
248631
248642
248695
248706
248715
248723
248731
248736
248929
249378
249557
249568
249744
249941
250172
250411
250727
251293
251429
251500
251516
251553
251599
251609
251865
251870
252018
252190
252294
252420
252643
252649
252675
252687
252730
252891
253169
253284
253440
253897
253924
254108
254156
254234
254358
254659
254670
254981
255039
255309
255336
255376
255419
255605
255609
255783
255853
255890
255915
255939
255989
256296
256413
256698
256830
257036
257070
257118
257125
257161
257267
257657
257999
258071
258121
258262
258365
258603
258695
258787
258934
258951
259025
259193
259218
259275
259372
259426
259460
259481
259510
259567
259601
259935
259977
260487
260737
260760
260808
261249
261406
261579
261641
261915
261988
261995
262030
262390
262396
262792
262908
262909
263190
263248
263271
263404
263457
263484
263492
263726
263749
263750
263754
263895
263977
264151
264444
264531
264724
264731
264757
265010
265334
265336
265393
265403
265451
266208
266233
266234
266256
266395
266413
266540
266545
266556
266561
266593
266610
266624
267162
267394
267419
267507
267508
267749
267757
267847
267926
267984
268384
268632
268737
268768
268979
269132
269181
269252
269369
269542
269572
269583
269991
270602
270634
270791
270867
271532
271615
271620
271704
271726
271776
271799
271967
272654
272795
272907
273005
273045
273097
273259
273866
273950
273951
274154
274233
274316
274318
274659
274774
274792
274965
275099
275494
275656
275753
275796
276158
276335
276469
277021
277132
277543
277695
277840
278130
278318
278446
278833
279155
279276
279546
279970
280432
281411
281420
282000
282467
282495
283201
283204
283264
283457
283459
283476
283541
283916
284019
284285
284409
284545
285042
285046
285496
285789
286041
286230
286595
286629
286643
286780
286861
287556
287708
287774
288242
288435
288475
288614
289152
289430
289536
289669
289764
289791
290775
290803
291822
291833
292153
292165
292270
292492
292966
293491
293600
293764
293776
293857
293900
294099
294234
294311
294595
294839
294928
294965
295506
295611
297009
297409
297678
297679
298620
298647
298669
298776
298778
298893
299039
299146
299161
299184
299198
299388
299440
299450
299544
299625
299626
299910
300176
300247
300370
300374
300428
300625
300736
300809
300907
300950
300967
300970
301012
301084
301195
301243
301261
301278
301323
301511
301749
301779
301835
301840
301851
301882
301884
302035
302231
302238
302498
302517
302531
302539
302612
302638
302673
302778
302825
303005
303131
303137
303407
303559
303668
303761
303785
304055
304096
304335
304390
304482
304631
304699
304854
304903
304913
305100
305198
305273
305520
307566
307864
307972
308064
308797
309196
309610
309923
310446
310537
310844
310912
311109
311110
311815
311988
312262
312356
312412
313786
313790
313802
313807
314064
314066
314311
314733
314735
314862
314873
314955
315120
315289
315383
315531
315862
315955
316391
317101
317106
317412
317442
317496
317674
317707
317795
317866
317872
317899
318023
318052
318097
318098
318150
318156
318169
318191
318408
318556
318562
318838
318850
319183
319216
319573
319586
319644
319671
319718
319764
319765
319833
319844
319905
319917
320370
321084
321676
321846
322021
322079
322106
323317
323437
323625
323796
323865
323883
324625
324650
325896
326056
326069
326093
326285
326717
326915
327225
327241
327246
327442
327537
327542
327543
327550
327585
327595
327801
327870
327918
328085
329026
329046
329071
329109
329228
329361
329504
329589
329602
330030
330036
330970
330983
331077
331167
331230
331251
331255
331301
331379
331382
331457
331472
331598
331714
331815
331916
332054
332279
333054
333634
333686
333692
333920
334047
334071
334082
334271
334292
334452
334679
334714
334719
334737
334894
334932
335001
335135
335334
335597
335697
335749
335789
336087
336099
336118
336176
336340
336463
336524
336754
336864
337095
337736
338767
338852
338927
339004
339054
339141
339154
339267
339269
339291
339396
339407
339431
340021
340089
340141
340172
340622
341510
341884
342243
342319
342467
342513
342928
342961
343001
343040
343146
343404
344065
344252
344320
344524
344547
344588
344871
346020
346107
346142
346148
346592
346758
346985
347028
347041
347223
347670
348261
348372
348429
349026
349376
349421
349634
349814
350097
350333
350384
351185
351338
351482
351551
351841
352500
352569
352617
352628
352688
352830
353352
353411
353841
353854
353906
353914
353955
354096
354394
354510
355030
355075
355303
355333
355353
355390
355558
355992
356323
356377
356475
356765
357098
357404
357437
357440
357482
357629
359115
359580
359589
359953
360343
360778
361497
361583
361659
361749
361799
361841
362141
362278
362295
362460
362557
362558
362654
363278
363489
363699
363749
363900
364068
364297
364300
364309
364322
364419
364667
365224
368349
369051
369265
369836
369894
372936
375194
377076
381056
381374
381412
381453
381564
381831
381875
382037
382209
382344
382660
382742
383644
385112
386364
386426
386630
386927
387085
387582
388001
388290
388486
388551
388895
388925
389064
389528
389562
389956
390033
390235
390309
390859
391427
391604
392266
392418
393123
393388
393510
394099
394427
395619
395778
395896
396039
396454
396815
397258
397493
397699
397725
398007
398283
398416
398548
398558
398599
398606
398620
398663
398860
400238
401157
401627
401911
402109
402163
402199
402200
402560
402587
402675
402812
403363
403515
405940
406164
406815
409274
409398
410923
414530
416123
416157
416595
416820
417395
418435
418665
419250
419367
419669
419766
419768
419818
420576
423935
424451
424473
425116
425127
428140
428923
429568
430587
430926
433393
433444
433593
434426
435490
438065
438776
438925
439107
439255
439300
439783
440203
440233
440260
440276
440482
441401
442839
442846
442861
443540
444800
445290
445460
445704
445735
445748
445764
446124
446183
446189
446526
448595
449337
449643
449780
449979
449988
450201
450301
451387
451560
451743
451754
451785
451917
452947
453234
453420
453468
453601
454140
454747
454751
454934
455205
455295
455888
456293
457803
458145
458276
458549
458875
459466
459771
460872
461376
462185
462200
462327
462328
462405
462419
462519
462726
463195
463370
464069
464354
464910
465006
465033
465041
466080
466137
466145
466777
467358
467407
467744
468244
468561
468726
468803
468983
469438
469544
469658
469713
470972
471250
472378
472435
472525
473434
473444
473633
473776
474273
475351
475663
476066
476129
476763
477011
477923
479684
482029
482941
483461
483786
483955
484712
488829
489861
490330
491580
491668
491964
491996
492842
492892
495732
495788
496806
498389
498795
498994
500031
500155
500196
500259
502539
502974
503173
503323
503342
503717
504123
504201
504419
504445
506336
507489
507734
507885
507918
508819
509697
509945
510203
510561
510646
510745
510851
511194
511882
512324
512336
515515
515517
515647
515711
517422
518254
518361
518527
518700
520841
521549
523297
523312
524161
525883
526129
528802
529334
529605
529699
529710
529722
529726
529765
532300
532589
532802
532803
532830
532899
532904
533674
536817
537159
538493
539554
545238
545915
546497
546639
546738
546770
546782
546812
548493
552139
554431
555833
559095
559839
561021
561624
562331
562334
562491
562953
563774
565274
566825
568633
569096
570009
570653
571473
572432
572643
573085
574908
575881
576312
577267
577439
580807
581242
583216
584039
586624
590194
590338
592043
592468
592933
593055
593341
593360
593649
593856
594853
595711
595769
596400
602093
602425
603151
605183
605236
608890
610063
611052
612126
612458
612937
613654
616820
617984
618076
618152
619582
621285
621620
621725
622266
622270
622791
623453
625006
625852
628023
629443
629966
630307
634294
635129
635251
636483
636544
636869
639907
640030
640046
640654
641813
642008
645104
646990
648158
648668
649477
650909
654458
659328
664345
664802
667305
667318
667330
667871
668499
671810
673224
675260
679235
680532
680939
685571
686183
698927
699687
700187
704691
707224
719121
722398
723906
726074
731453
733795
765086
770061
770767
774090
774994
776743
777364
780742
781820
794438
807279
809988
809993
821881
823944
823976
824664
825319
825962
829114
852061
852258
857698
858880
861929
871299
873254
878521
879706
887143
887370
890465
891428
903010
905078
914157
914384
938301
940350
940646
941210
942863
944509
954702
959755
963064
966794
969755
971075
971506
974514
990070
996240
1027067
1041626
1042816
1055942
1065648
1066368
1067443
1075110
1082622
1101661
1102203
1107832
1122805
1126836
1130739
1132767
562
578
726
771
826
964
1092
1121
1305
1372
1379
1460
1497
1587
1758
1764
1823
1913
1922
1971
1997
2001
2035
2050
2235
2339
2345
2406
2411
2857
2895
2946
3022
3139
3374
3379
3389
3474
3563
3571
3771
3919
4057
4093
4271
4272
4288
4323
4324
4467
4656
4674
4721
4726
4774
4815
4937
5893
5926
5969
5979
6026
6078
6218
6341
6480
6836
6904
6960
7034
7052
7117
7403
7427
7431
7467
7538
7557
7753
7815
7923
7928
7957
7994
8049
8077
8080
8168
8196
8222
8225
8232
8253
8343
8356
8360
8408
8448
8484
8560
8600
8650
8704
8776
8797
8937
9044
9080
9110
9122
9150
9155
9195
9206
9210
9296
9387
9480
9482
9557
9576
9613
9701
9765
9787
9791
9904
10051
10196
10238
10359
10576
10613
10618
10678
10760
10790
10870
10995
11003
11145
11163
11191
11195
11344
11530
11536
11577
11674
11726
11774
11796
11864
12094
12129
12243
12263
12427
12451
12459
12500
12605
12746
12929
12970
12979
13009
13022
13025
13141
13149
13175
13181
13202
13211
13222
13233
13234
13256
13308
13324
13379
13451
13578
13606
13638
13923
13935
13957
14017
14154
14169
14173
14236
14247
14252
14323
14913
16674
16702
16743
16777
16960
17090
17107
17228
17596
17668
17674
17787
17798
17837
17865
17902
17930
17947
17961
18095
18397
18501
18514
18534
18577
18599
18750
18874
18895
18897
18928
18932
19032
19294
19347
19462
19481
19780
19783
19858
19905
19913
20006
20054
20063
20106
20178
20197
20249
20260
20307
20312
20373
20389
20392
20491
20532
20571
20632
21013
21038
21078
21089
21125
21178
21204
21245
21293
21299
21312
21341
21496
21540
21544
21548
21558
21560
21674
21692
21749
21760
21786
21847
21858
21867
21884
21991
22001
22037
22182
22266
22287
22306
22381
22406
22412
22432
22440
22449
22564
22600
22617
22646
22690
22767
22782
22814
22885
22908
22916
23015
23073
23105
23331
23343
23432
23520
23697
23746
23753
23772
23796
23801
23852
23905
23952
23992
24034
24090
24136
24248
24290
24366
24426
24447
24535
24576
24618
24674
24726
24840
24872
24904
24954
24978
24997
25049
25058
25080
25134
25342
25360
25468
25512
25710
25730
25779
25780
25836
25853
25881
25910
25929
25938
25939
25962
25981
26097
26123
26142
26158
26180
26184
26236
26262
26498
26571
26621
26659
26725
26765
26886
26888
26897
26906
26910
26944
26996
27030
27092
27106
27116
27139
27157
27183
27294
27435
27543
27568
27600
27619
27679
27758
27870
28027
28036
28070
28109
28117
28127
28243
28248
28269
28309
28336
28384
28441
28474
28492
28501
28537
28557
28571
28592
28596
28603
28754
28917
28931
28949
29059
29063
29095
29098
29104
29111
29135
29137
29144
29162
29259
29294
29310
29328
29333
29360
29444
29456
29511
29615
29621
29719
29735
29779
29786
29821
29884
29890
29903
30021
30225
30241
30260
30280
30349
30352
30712
30791
30859
30870
30889
30902
30991
31033
31092
31094
31132
31160
31278
31281
31288
31301
31382
31384
31521
31523
31528
31575
31594
31604
31609
31654
31680
31708
31709
31812
31828
31829
31857
31858
31865
31887
31942
32033
32071
32124
32177
32352
32359
32420
32541
32546
32570
32687
32787
32919
32988
32998
33048
33109
33260
33718
33939
33971
34041
34070
34341
34404
34444
34464
34472
34474
34478
34522
34697
34740
34772
35114
35185
35194
35331
35361
35381
35389
35404
35457
35541
35707
35967
36391
36392
36486
36724
36740
36763
36815
36912
37043
37064
37077
37135
37237
37288
37472
37526
37547
37576
37619
37712
37761
37819
37888
37920
38158
38344
38617
38655
38796
38827
38831
38861
39221
39374
39752
39790
39814
39952
39958
39986
40256
40259
40294
40363
40433
40588
40863
41126
41200
41231
41290
41511
41513
41543
41544
41627
41637
41638
41793
41914
42003
42461
42516
42552
42598
42783
42787
42792
42802
42839
42956
43066
43194
43217
43231
43268
43296
43307
43311
43317
43381
43385
43436
43468
43712
43846
43851
43956
43973
44092
44151
44231
44269
44298
44415
44501
44511
44513
44623
44635
44911
44944
45023
45051
45103
45116
45369
45497
45498
45643
45655
45676
45708
45727
45920
46043
46319
46913
46954
47067
47120
47300
47342
47361
47373
47378
47665
47674
47691
47733
47770
47825
47869
47875
48025
48251
48361
48363
48685
48825
48973
48979
49037
49046
49087
49094
49112
49152
49197
49295
49329
50312
50485
50554
50627
50648
50654
50712
50738
50780
50881
50929
50941
50943
51128
51351
51442
51452
51597
51607
51827
51882
52017
52065
52250
52489
52506
52508
52689
52814
52936
52972
53066
53091
53267
53299
53352
53415
53562
53593
53605
53614
53981
54628
54765
54830
54949
55091
55137
55278
55284
55307
55341
55427
55441
55568
55569
55598
55662
55700
55738
55758
55767
55774
55782
55795
55839
55865
55878
55881
55982
55998
56006
56072
56217
56307
56313
56320
56394
56514
56543
56549
56574
56585
56672
56683
56721
56739
56742
56828
56850
56913
56925
56932
56988
57062
57092
57096
57292
57404
57414
57442
57481
57528
57588
57730
57778
57912
58002
58157
58165
58177
58254
58293
58310
58395
58396
58400
58413
58576
58648
58700
58986
58992
59018
59127
59263
59399
59537
59538
59575
59590
59599
59655
59868
60004
60028
60065
60108
60147
60357
60369
60459
60480
60572
61075
61204
61221
61288
61435
61465
61493
61513
61644
61669
61722
61768
61786
61820
61871
61897
61929
61933
62017
62249
62503
62606
62621
62652
62694
62704
62706
62759
62807
62870
62888
63003
63164
63170
63476
63529
63666
63835
63837
63865
64061
64195
64308
64314
64383
64474
64495
64633
64766
64798
64808
64849
64854
64866
64869
64935
64950
64979
65039
65084
65187
65249
65299
65377
65585
65825
65868
66366
66510
66517
66566
66651
66684
66697
66729
66842
66847
66947
66986
67000
67022
67071
67110
67339
67968
68162
68307
68432
68513
68577
68669
68880
68930
69105
69341
69449
69471
69579
69680
69757
69760
69785
69816
69820
69844
69849
69890
69983
70023
70192
70250
70266
70291
70345
70528
70591
70622
70661
70830
70861
70940
71126
71141
71173
71405
71436
71447
71519
71540
71799
71855
71861
71913
71925
71937
71970
71973
71979
71995
72002
72027
72094
72242
72327
73329
73560
73563
73774
73824
73887
73899
74252
74259
74321
74343
74414
74439
74486
74550
74590
74600
74638
74706
74739
74778
74838
74846
74868
74947
74954
74995
74996
75067
75070
75107
75212
75225
75250
75378
75423
75512
75542
75601
75616
75620
75642
75756
75773
75816
75870
75954
75979
76135
76395
76524
76528
76695
76808
76923
77064
77144
77163
77508
77672
78028
78072
78074
78236
78411
78559
78707
78754
78917
78936
78946
78998
79069
79152
79217
79226
79382
79426
79430
79543
80233
80257
80506
80517
80697
80868
80934
81086
81316
81472
81506
81546
81794
81856
81928
81957
82221
82240
82362
82500
82617
82706
82745
82773
82817
82845
83086
83130
83185
83221
83416
83471
83545
83576
83608
83670
83706
83872
83875
83908
84061
84124
84137
84237
84262
84327
84366
84370
84383
84495
84640
84721
84826
84867
85019
85076
85201
85259
85486
85531
85727
85933
86089
86117
86164
86291
86422
86634
87143
87303
87413
87535
87669
87876
87900
87979
88328
88502
88947
89093
89505
89535
89756
89762
90335
90430
90921
90928
90948
90955
91097
91167
91232
91233
91248
91287
91301
91406
91424
91470
91477
91548
91575
91750
91866
91893
91895
91918
91924
91952
91968
92031
92035
92040
92065
92082
92085
92129
92137
92172
92175
92226
92550
92588
92681
92702
92703
92727
92748
92769
92774
92787
92830
92834
92929
92932
92954
93030
93034
93062
93081
93219
93234
93316
93342
93434
93442
93542
93721
93768
93772
93807
93871
93972
93982
94003
94008
94061
94105
94156
94308
94356
94467
94560
94623
94670
94674
94685
94706
94714
94730
94798
94859
94911
94946
95052
95054
95230
95234
95256
95276
95322
95358
95428
95480
95520
95564
95583
95594
95650
95700
95722
95727
95729
95770
95803
95834
95887
95891
95913
95990
96015
96062
96075
96100
96137
96219
96317
96384
96409
96446
96469
96490
96544
96553
96585
96586
96612
96637
96674
96805
96836
96914
96986
97069
97091
97093
97114
97153
97214
97299
97315
97319
97331
97364
97366
97367
97402
97450
97487
97569
97655
97692
97696
97699
97715
97752
97784
97843
97867
97955
97970
97979
97983
98005
98020
98030
98048
98106
98141
98144
98146
98184
98207
98244
98288
98322
98345
98350
98417
98420
98556
98605
98614
98659
98959
99044
99172
99223
99234
99322
99332
99393
99400
99418
99422
99472
99533
99710
99711
99742
99746
99807
99883
99898
99987
100314
100379
100400
100433
100470
100688
100737
100774
100889
100892
101041
101112
101124
101163
101180
101309
101381
101457
101470
101502
101574
101693
101724
101770
101776
101810
101827
101876
101921
102196
102221
102224
102302
102374
102404
102432
102452
102454
102469
102497
102504
102511
102545
102610
102612
102630
102695
102697
102784
102814
102824
102825
102987
102988
103032
103050
103097
103104
103124
103139
103182
103222
103272
103306
103315
103341
103357
103385
103411
103423
103435
103589
103664
103695
103720
103893
104099
104101
104161
104162
104179
104257
104279
104303
104313
104319
104366
104460
104529
104585
104609
104611
104751
104983
105072
105089
105110
105223
105398
105494
105644
105648
105773
105853
105871
108626
108677
108793
108807
108918
108976
109022
109041
109055
109087
109363
109414
109548
109832
109976
109979
110135
110169
110404
110642
110701
110730
110734
110755
111145
112001
112133
112499
112508
112594
112678
112688
112690
112789
112800
112826
112872
112996
112997
113053
113096
113100
113101
113148
113149
113175
113253
113327
113382
113495
113549
113581
113666
113681
113881
113991
114009
114050
114113
114219
114297
114966
115075
115096
115628
115855
116005
116235
116279
116344
116347
116469
116561
116804
116994
117400
117402
117495
117532
117536
118034
118130
118165
118284
118428
118453
118550
118572
118667
119365
119467
119481
119671
119828
120021
120049
120057
120217
120239
120414
120434
120594
120619
120655
120687
120722
120737
120793
120808
120869
121057
121224
121235
121251
121389
121397
121404
121469
121605
121653
121812
121817
121841
121960
122087
122451
122710
122774
122947
122976
122978
122986
123079
123093
123189
123255
123354
123514
123529
123700
123719
123767
123837
123899
123983
124211
124406
124693
124879
124936
125081
125150
125190
125470
125479
125703
125769
125771
125886
125916
126077
126213
126222
126226
126253
126318
126357
126555
126588
126715
126956
127208
127332
127426
127465
127730
127740
127743
128049
128111
128134
128158
128470
128477
128593
128802
128859
128900
129014
129124
129251
129306
129737
129761
129806
129829
129837
129943
129993
130126
130129
130208
130209
130278
130364
130472
130496
130811
130925
130949
130973
130977
130993
131094
131123
131137
131146
131162
131196
131400
131440
131447
131458
131566
131620
131621
131980
131981
132207
132209
132224
132257
132278
132288
132384
132402
132533
132661
132762
132801
132922
133015
133043
133081
133655
133673
133681
133710
133713
133731
133763
134269
134334
134394
134461
134593
134855
134903
134947
135157
135409
135462
135541
135581
135658
135715
135806
135815
135888
135892
135907
135963
136100
136126
136211
136499
136618
136628
136694
136757
136778
136910
136921
136922
136957
136988
136998
137530
137537
137558
137638
137645
137797
138304
138355
138911
138921
138940
139106
139183
139260
139299
139349
139634
139797
139831
139939
139953
140060
140164
140198
140223
140243
140375
140499
140507
140568
140620
140793
141018
141033
141044
141130
141133
141175
141258
141265
141269
141284
141330
141521
141552
141567
141696
141723
141914
141923
141945
142014
142088
142089
142223
142311
142323
142607
142794
142829
142840
142851
143096
143290
143316
143626
143708
143764
143778
143790
143855
143942
143968
144001
144159
144264
144482
144508
144611
144633
144762
144851
144868
144991
145005
145028
145196
145222
145230
145461
145486
145503
145507
145525
145599
145636
145683
145700
145763
145983
145987
146012
146028
146053
146313
146411
146561
146577
146697
146716
146726
146737
146754
146829
147030
147087
147106
147128
147218
147239
147306
147486
147566
147655
147661
147698
147825
147874
147910
148190
148217
148222
148345
148449
148455
148555
148564
148573
148591
148701
148708
148730
148736
148874
148916
148941
149108
149284
149400
149421
149450
149571
149609
149620
150030
150036
150065
150077
150087
150274
150442
150454
150536
150572
150718
150748
150848
150891
150969
150982
150998
151011
151024
151030
151042
151070
151099
151149
151238
151328
151334
151493
151506
151519
151642
151747
151879
151953
152243
152264
152309
152418
152549
152564
152634
152771
152793
152821
152927
152956
153015
153040
153147
153160
153217
153371
153521
153548
153607
153673
153707
153784
153786
153832
153852
153914
153941
154061
154069
154081
154106
154107
154152
154172
154226
154257
154343
154404
154481
154513
154517
154528
154544
154572
154824
154841
154860
154984
155096
155097
155104
155161
155384
155425
155461
155470
155490
155499
155777
155974
156050
156159
156213
156217
156235
156236
156296
156315
156337
156370
156481
156484
156495
156519
156587
156610
156759
156796
156823
156901
156918
157030
157052
157096
157218
157219
157230
157250
157409
157430
157444
157462
157498
157514
157777
157877
158090
158121
158182
158225
158387
158482
158529
158582
158678
158684
158937
159019
159023
159455
159604
159638
160025
160040
160141
160146
160169
160209
160239
160241
160260
160289
160335
160346
160414
160422
160593
160698
160703
160712
160724
160898
160983
161012
161109
161115
161129
161258
161378
161383
161452
161493
161837
161900
162079
162092
162122
162346
162388
162568
162592
162636
162884
162939
163108
163124
163148
163260
163270
163356
163377
163506
163507
163560
163564
163621
163638
163655
163665
163728
163741
164020
164095
164476
164521
164535
164544
164693
164726
164835
165534
166058
166708
170048
170105
170188
170305
171055
171352
171376
171384
171400
171441
171461
171502
171511
172342
172512
172972
172976
173094
173133
173301
173343
174057
174151
174159
174181
174190
174228
174246
174449
174492
174532
174547
174795
174859
174907
174942
174968
174999
175029
175098
177333
177560
177637
177644
177669
177674
177726
177749
177778
177797
177820
177945
178008
178011
178078
178221
178281
178505
178773
178816
178883
178885
178928
178991
179009
179011
179380
179594
179630
179673
179679
179684
179719
179731
179800
179903
179969
180025
180125
180141
180180
180274
180942
183619
184010
184043
184099
184299
184340
184373
184384
184448
185907
185956
185969
186641
186816
186907
186908
186956
187233
187284
187386
187493
187601
188307
188330
188403
188428
188596
188673
189031
189060
189260
189267
189271
189383
189629
189630
189758
189760
189798
190464
190465
190614
190630
190709
190877
191059
191067
191123
191166
191187
191238
191259
191359
191364
191857
191913
191918
191947
191963
191984
192099
192235
192279
192556
192620
192633
192640
193156
193957
194018
195098
195177
195178
195269
195405
195407
195427
195438
195442
195451
195513
195516
195561
195662
195790
195969
196253
196675
196701
196746
197062
197898
197970
198109
198158
198300
198325
198549
199062
199113
199296
199323
199600
200140
200809
200967
200989
201135
201382
201471
201502
201573
201941
201993
202047
202096
202210
202215
202227
202243
202248
202328
202465
202492
202517
202528
202539
202552
202724
202860
203062
203075
203122
203168
204823
205054
205060
205061
205576
205825
205895
205922
206111
206113
206327
206487
206645
206908
207243
207286
207289
207320
207375
207380
207471
207509
207523
207533
207534
207611
207715
207739
208177
208328
208484
208574
208774
208795
209074
209439
209528
209646
209691
209938
209983
209991
210106
210343
210385
210723
210732
211282
211301
211303
211309
211338
211342
211365
211367
211456
211510
211627
211903
212017
212066
212069
212097
212213
212263
212280
212343
212443
212446
212465
212467
212477
212482
212517
212529
212548
212639
212660
212746
212934
212970
213082
213090
213238
213242
213307
213391
213401
213544
214057
214194
214202
214232
214287
215031
215032
215080
215316
215323
215445
215536
215907
216095
216219
216280
216335
216336
216365
216451
216849
217021
217200
217217
217973
218031
218063
218091
218251
218341
218352
218358
218516
218655
218713
218832
218848
218978
218991
219003
219228
219252
219603
219690
219722
219739
219811
219971
219972
220251
220272
220363
220559
220883
220991
221278
221327
221465
221495
221551
221570
221682
221798
221907
221908
221919
222267
222270
222271
222398
222599
222776
223641
224118
225276
225412
225707
225837
225976
226021
226150
226153
226161
226168
226180
226198
226206
226628
226778
226795
226835
226899
226961
227116
227119
227439
227442
227664
227719
227872
228332
228463
228942
229025
229027
229093
229176
229282
229314
229382
229575
229689
229738
229854
229886
229891
229936
229957
230001
230025
230033
230167
230198
230310
230599
230646
230731
230741
231054
231086
231087
231252
231333
231360
231380
231399
231978
232312
232392
232420
232533
232551
232996
233173
233222
233329
233350
233369
233400
233410
233425
233444
233481
233587
233640
233659
233948
234212
234251
235369
235447
235594
235919
235936
236000
236041
236047
236227
236298
236319
236421
236465
236639
236848
236892
237027
237124
237305
237407
237420
237712
237810
238295
238302
238311
238317
238341
238431
238464
238533
238536
238576
238578
238579
238595
239028
239158
239309
239399
239625
239685
239828
239916
239989
240022
240075
240139
240209
240313
240384
240389
240395
240401
240403
240482
240607
240609
240723
240741
240883
240959
241051
241405
241498
241506
241546
241669
241768
241853
241924
241964
242012
242059
242073
242104
242120
242142
242145
242168
242202
242441
242507
242554
242580
242611
242767
242857
243189
243284
243307
243711
243771
244103
244150
244413
244915
245082
245111
245115
245149
245255
245491
246196
246273
246496
246623
246627
246631
247013
247108
247179
247209
247229
247634
247969
248164
248281
248638
248681
248687
248703
248719
248857
249075
249174
249330
249434
249436
249533
249635
249781
249881
249945
250059
250067
250650
250661
250725
251002
251386
251449
251454
251473
251481
251513
251597
251842
251879
251905
251948
252004
252165
252176
252203
252216
252629
252662
252670
252814
252972
253162
253269
253535
253673
253984
254071
254204
254275
254300
254304
254390
254404
254428
254479
254843
254936
254940
254967
254969
255050
255206
255470
255664
255850
255926
256155
256236
256629
256637
256816
257204
257272
257396
257821
257828
257834
257853
257863
257907
258130
258512
258634
258791
258904
258909
258954
259022
259203
259244
259274
259318
259351
259449
259497
259695
259785
259920
259938
260012
260059
260175
260280
260303
260318
260414
260576
260716
260825
260830
260938
261262
261274
261463
261491
261516
261532
261562
261565
261612
261809
261928
261937
262017
262122
262202
262203
262247
262295
262382
262472
262690
262798
262923
263069
263140
263160
263330
263417
263433
263442
263576
263761
263826
264252
264327
264603
264643
264670
264691
264718
264810
265002
265120
265305
265323
265338
265354
265560
265981
266010
266287
266400
266566
266576
266607
266755
267362
267486
267504
267515
267721
267728
267739
267805
267850
267899
268110
268139
268191
268274
268366
268557
268785
268803
268920
268947
268997
269255
269377
269518
269522
269891
269937
269968
270010
270050
270056
270123
270460
270462
270671
270796
270988
271008
271116
271180
271253
271692
271961
272308
273232
273421
273422
273530
273701
273784
274009
274138
274219
274348
274512
274574
274689
274993
275035
275235
275245
275303
275311
275325
275400
275514
275518
275660
275689
275738
275740
275755
275792
275944
276015
276085
276093
276124
276362
276468
276593
277022
277023
277037
277043
277050
277706
277829
277940
278575
278644
278663
279497
279634
279993
280482
280540
280574
280791
280817
281103
281123
281127
281248
281289
281397
281433
281522
281586
281590
281764
282035
282445
282459
282511
283244
283271
283304
283486
283487
283488
283514
283536
283547
285037
285258
285480
285570
285726
285730
285910
286114
286721
286801
286821
286852
286902
287095
287305
287370
288228
288241
288249
288355
288358
288430
288710
288885
289507
289581
289642
289656
290081
290213
290233
290671
290685
290686
290773
290844
291003
291058
291087
291398
291701
291731
292091
292192
292280
292382
292386
293050
293395
293772
293904
293908
294217
294329
294348
294421
294511
294513
294630
294639
294904
295341
295926
296036
296264
296301
296321
296775
297069
297435
297442
297561
297569
297580
297587
297711
297852
297942
298308
298522
298614
298654
298664
298824
298827
298907
298964
299018
299085
299436
299446
299483
299505
299556
299639
299640
299715
299725
299730
299742
299810
300144
300415
300659
300871
300924
301028
301077
301105
301181
301220
301234
301238
301250
301270
301282
301315
301677
301682
301727
301820
301849
301981
302297
302366
302392
302578
302659
302661
302705
302760
302995
303090
303099
303237
303272
303360
303365
303416
303444
303465
303528
303581
303605
303669
303698
303775
303824
303838
303868
303888
303966
304049
304118
304196
304370
304491
304523
304542
304643
304923
304940
305342
305364
305956
305959
305964
305993
306001
306009
306056
306630
306689
307207
307445
307446
307559
307569
307683
307705
307847
307956
307976
307994
308155
308157
308159
308575
308596
308704
309287
310229
310475
310540
310615
310808
311139
311150
311160
311275
311317
311828
311837
311853
312035
312518
312700
313032
313037
313088
313518
313615
313760
314228
314875
314983
315200
315253
315257
315303
315311
315314
315395
315503
315534
315541
315770
315804
316424
316862
316999
317064
317123
317147
317436
317449
317600
317659
317669
317770
317861
317904
317909
317985
318045
318120
318184
318187
318211
318524
318666
318749
318836
318843
319184
319321
319621
319640
319703
319741
319787
319835
319880
319957
319966
319992
320084
320243
320726
320727
320827
320830
321307
321530
321594
321679
321690
321692
321759
322081
322149
322348
322477
323126
324328
324474
324560
324590
326207
326350
326376
326702
327263
327288
327335
327458
327578
327655
327779
327847
327926
327990
328132
328153
328414
329088
329116
329152
329168
329183
329203
329249
329302
329406
329540
329618
329644
329915
330635
330697
330898
331268
331346
331391
331460
331493
331574
331580
331691
331818
331938
332306
332499
332650
332958
333201
333213
333460
333626
333717
333759
333838
333937
334058
334060
334122
334213
334217
334243
334483
334555
334703
334711
334819
334882
334970
335147
335297
335350
335352
335432
335453
335705
335889
335965
336085
336157
336160
336161
336254
336255
336320
336443
336653
336748
336910
337144
337627
338175
338213
338216
338267
338346
338858
338948
338966
339261
339266
339306
339358
339364
339391
339451
339469
339865
340241
340292
340529
340621
340786
340817
340972
341131
341617
341699
341729
341934
341959
342011
342480
342958
342981
343039
343147
343674
344142
344300
344516
344525
344527
344833
344885
344962
345704
345859
346039
346101
346290
346448
346573
347167
347232
347267
347270
347800
347884
348226
348250
348318
348394
348505
348746
348781
349004
349328
349349
349368
349369
349565
349782
349788
349818
349856
349878
349960
350180
351199
351235
351322
351555
351860
351916
351953
352103
352105
352229
352403
352493
352619
352642
352759
352771
352887
353104
353462
353603
353645
353653
353704
353709
353809
353877
353880
354100
354151
354438
354448
354622
354626
354629
354692
354714
354761
354878
354928
354944
355360
355459
355950
356264
356548
356639
356753
357004
357332
357507
357612
357637
357649
358296
359170
359611
359668
360584
360597
360673
361251
361725
361794
363404
363441
363452
363457
363546
363552
363665
363744
363859
363906
364002
364258
364388
364646
364647
365793
365937
366350
366359
367771
367936
368040
368273
368648
368896
368913
368934
369052
370092
371720
377195
377807
380826
381027
381347
381366
381573
381575
381688
381724
381768
381868
381984
382837
383042
383652
383719
384306
384362
384389
384713
384791
384879
384918
385003
385428
385568
385661
386002
386368
386638
386640
386837
387104
387470
387572
387573
387970
388213
388337
388450
388795
389048
389136
389155
389157
389319
389612
389811
389915
389932
390143
390165
390177
390237
390515
391496
391498
391913
391917
392137
392313
392384
392868
393067
393096
393499
393685
393699
393701
393997
394110
394412
394414
394415
394967
395063
395522
395576
395706
395775
395875
396299
396528
396758
396801
397447
397773
398003
398126
399713
400394
400987
401565
402144
402167
402245
402311
402556
402873
402906
403037
403925
404614
404812
405421
405473
406721
406770
408981
409052
409231
409389
410739
410782
416604
416773
416819
416832
417388
418410
418487
418524
419453
419907
420147
420246
420614
423724
423952
424793
427715
428139
429453
429474
430493
431134
431222
431329
432467
433642
433671
433722
434122
434264
435135
435837
436597
436998
437322
438188
439139
439857
439959
439974
440140
440168
440686
441469
441472
444090
444169
444459
444768
445112
445300
445778
445958
446632
446775
447004
447998
448043
448406
449032
449341
449378
450157
450194
450859
451066
451211
451388
451888
452410
452448
454525
454729
455010
455882
456342
456723
456765
457460
457776
457797
457986
458270
458445
458458
458800
460650
460696
461375
462193
462260
462313
462314
463793
463935
464217
464218
464274
464394
464515
464638
464911
465052
465597
465681
465899
465991
466264
466385
466396
466488
466610
467302
467591
468001
468281
468943
469642
469695
469781
469833
469879
469880
471183
471346
471348
472100
473123
473257
474154
474162
474515
474668
474868
474875
474929
475365
477870
478256
478341
478382
478404
478449
478557
479200
479505
479748
479937
480315
481271
481710
482240
482839
483169
483419
484357
484736
485477
486837
487498
488191
489105
489124
489156
490226
490305
490325
490440
490573
491453
491587
492221
492876
493331
493410
493925
494170
494909
494920
495000
496745
497021
497712
499554
499848
500885
500909
501050
501072
501613
502672
503279
503551
503581
503619
503631
504182
504378
506220
506536
506604
507074
507469
507799
507848
507886
507899
508378
510371
510618
511035
511299
512105
512222
513257
514081
514592
515887
518100
518533
519650
519741
519974
520811
521555
521933
521957
522366
522578
523790
524250
526248
528438
528487
529003
529015
529048
529627
529679
529689
529756
529895
531015
531022
532485
532890
533206
533304
533314
533428
533905
534501
534612
537184
537305
537685
538752
539421
540113
541663
543244
545101
545679
546761
548170
550494
551297
551682
551995
552538
552728
553564
553810
556085
556274
557903
558037
558766
561601
562355
562401
563372
563706
565364
567932
567997
568781
569291
569499
570137
570193
570678
570909
572999
573057
573804
573963
574431
575301
575339
576203
578295
578348
578354
578535
579268
582425
582665
583440
584137
585321
585538
588088
590459
591083
591281
591491
594197
595626
596000
596607
598218
600058
600266
601512
603889
606291
606563
607140
607364
608223
608278
609760
611872
611912
611961
612325
612988
613489
614854
617021
617214
617592
618110
621693
622302
622748
622753
623040
623286
624517
624592
624596
624983
626112
626809
628226
628377
628861
629726
629736
630051
630202
630734
633323
633994
634514
634707
635216
635509
636399
636986
637145
637242
639509
641272
641357
645363
649501
650174
651183
652533
653444
655377
655517
655518
656974
658123
658176
659900
660113
661830
662897
662943
663451
664235
666579
666687
667918
668267
671287
673870
678231
679775
685168
687671
688906
689445
691443
691476
691762
692886
698233
699491
701573
704959
704975
707053
711606
712126
713653
716162
716262
725796
727276
738177
739757
740637
742610
743183
750603
755773
762577
763609
763702
764949
768563
769704
772216
773519
776385
776739
783544
786429
787793
788164
789141
792850
792989
797908
803728
804044
805768
808192
816492
821940
829025
829115
830943
839283
842038
842740
845114
851176
851838
854839
856692
857530
866504
868747
872644
884730
886584
897854
902366
909277
914248
918147
918160
921516
921960
947061
954703
954709
960568
974283
981918
982010
985334
993402
996242
996542
998452
1007228
1013736
1013830
1020193
1054810
1060602
1061278
1074350
1082810
1098977
1099999
1100770
1103070
1113228
1123584
174
177
191
280
288
483
633
640
688
710
718
787
810
856
906
1080
1185
1188
1298
1330
1340
1507
1602
1668
1677
1867
1885
1895
1961
1987
2020
2034
2045
2051
2080
2090
2093
2094
2177
2300
2495
2919
3035
3089
3103
3127
3133
3224
3355
3465
3530
3661
3671
3707
3839
3842
4033
4045
4098
4108
4155
4177
4187
4189
4232
4242
4252
4283
4334
4336
4387
4472
4492
4512
4570
4611
4661
4668
4671
4749
4766
4813
4830
4833
4870
4890
4981
5306
5889
5900
5902
5913
5918
5954
5972
6018
6095
6143
6163
6179
6181
6247
6257
6325
6452
6866
6880
6930
6939
7063
7249
7310
7400
7402
7444
7575
7719
7863
7868
7872
7938
8028
8119
8127
8218
8252
8282
8423
8424
8468
8480
8531
8654
8667
8725
8854
9063
9301
9427
9550
9624
9686
9755
9772
9795
9862
9892
9953
10068
10114
10126
10201
10255
10267
10333
10360
10387
10388
10392
10523
10531
10577
10642
10671
10702
10707
10938
11046
11139
11154
11223
11234
11318
11369
11452
11453
11455
11459
11477
11544
11548
11571
11580
11599
11613
11629
11736
11793
11948
11952
12034
12065
12120
12126
12171
12450
12462
12521
12524
12594
12759
12768
12783
12869
13002
13052
13083
13099
13163
13183
13218
13219
13250
13262
13268
13281
13338
13347
13349
13418
13485
13496
13613
13807
13888
13967
14078
14084
14109
14148
14185
14227
14791
15232
15789
16548
16604
16720
16763
16768
16828
16948
16961
16984
16990
17029
17036
17044
17065
17071
17111
17125
17184
17189
17259
17271
17431
17465
17610
17660
17708
17712
17719
17733
17789
17797
17808
17844
17867
17905
17932
18009
18015
18229
18270
18272
18274
18295
18297
18318
18520
18548
18549
18591
18630
18684
18701
18915
18993
18994
19006
19198
19234
19328
19375
19391
19474
19485
19586
19641
19650
19855
19877
19898
20023
20145
20154
20232
20292
20382
20394
20454
20523
20547
20574
20621
20813
20906
20948
20951
20965
21036
21040
21049
21055
21183
21226
21230
21240
21324
21347
21359
21406
21410
21442
21448
21459
21524
21571
21578
21584
21595
21655
21729
22032
22097
22124
22144
22199
22209
22299
22317
22364
22417
22419
22457
22481
22482
22487
22496
22513
22570
22574
22655
22757
22794
22863
22887
22945
23054
23061
23062
23154
23156
23202
23207
23308
23309
23365
23498
23594
23596
23599
23616
23724
23769
23779
23989
24025
24122
24254
24370
24377
24527
24570
24571
24593
24616
24643
24670
24687
24690
24807
24825
24846
24849
24873
24901
24926
24972
24988
25070
25182
25248
25472
25496
25528
25548
25645
25672
25768
25771
25807
25812
25848
25851
25860
25985
26001
26006
26012
26022
26029
26042
26052
26054
26064
26080
26081
26110
26130
26169
26191
26208
26375
26416
26425
26431
26469
26575
26578
26597
26622
26625
26700
26714
26774
26828
26834
26852
26907
26974
26987
27000
27114
27198
27303
27314
27756
27768
27818
27863
27864
28007
28184
28203
28205
28220
28270
28271
28406
28420
28422
28458
28459
28503
28539
28541
28610
28651
28704
28718
28728
28738
28807
28859
28898
28964
28971
28991
29007
29010
29080
29164
29167
29180
29216
29235
29285
29365
29376
29389
29400
29452
29500
29623
29638
29711
29751
29801
29838
29952
29981
30222
30233
30275
30310
30399
30461
30476
30489
30506
30517
30577
30581
30582
30596
30602
30614
30753
30880
30905
30926
30960
30988
31035
31083
31096
31121
31304
31306
31318
31333
31390
31392
31402
31405
31447
31515
31566
31608
31615
31854
31877
31917
31939
31947
31965
32002
32019
32058
32076
32289
32672
32709
32723
32738
32789
32790
32848
32909
32982
33061
33094
33160
33165
33426
33528
33561
33717
33834
33842
33895
33901
33906
33914
33925
34001
34033
34290
34291
34514
34599
34629
34718
34723
34734
34743
35120
35179
35248
35370
35388
35405
35441
35458
35475
35752
35802
36146
36230
36288
36303
36397
36487
36517
36524
36591
36594
36737
36744
36764
36812
36833
36834
36887
36964
37098
37113
37139
37167
37204
37239
37241
37573
37598
37620
37934
37986
37991
38004
38029
38129
38563
38602
38605
38704
38728
38855
38883
39196
39231
39238
39257
39359
39378
39497
39661
39672
39682
39683
39694
39769
39833
39858
39860
39873
39953
39954
39967
39974
40001
40058
40105
40108
40158
40168
40372
40375
40475
40607
40649
40729
40851
40983
41203
41293
41450
41489
41533
41559
41651
41652
41727
41732
41911
41915
42348
42368
42581
42687
42801
42811
42929
42987
42988
43199
43239
43332
43387
43429
43461
43506
43659
43817
43942
43949
44037
44086
44113
44182
44261
44287
44326
44439
44457
44509
44539
44548
44549
44570
44751
44996
45174
45365
45584
45609
45713
45714
45786
45939
45969
46284
46296
46320
46378
46415
46781
46989
47128
47147
47417
47455
47456
47778
48564
48569
48607
48620
48626
48677
48693
48731
48807
48870
48908
48970
48987
48991
49035
49096
49106
49111
49130
49148
49151
49302
49305
49363
49516
49554
49575
49580
49600
49633
49733
49766
49864
49874
49922
49925
49928
50114
50389
50493
50579
50751
50778
50978
51005
51141
51207
51246
51260
51298
51481
51589
51756
51799
51863
51938
51952
51976
51986
52149
52338
52455
52485
52488
52491
52584
52590
52611
52647
52739
53104
53303
53574
53692
53782
54021
54643
54669
54782
54892
54899
54905
54956
54960
54968
54983
55235
55293
55324
55448
55454
55458
55600
55625
55631
55645
55673
55733
55739
55807
55811
55815
55899
55925
55952
55973
55981
56022
56032
56110
56133
56153
56255
56257
56288
56319
56324
56337
56365
56398
56399
56419
56432
56560
56569
56621
56676
56719
56729
56740
56763
56772
56877
56881
57324
57454
57602
58021
58134
58173
58301
58402
58423
58442
58600
59026
59137
59156
59207
59248
59258
59260
59367
59373
59383
59393
59424
59651
59652
59698
59701
59709
59992
60368
60468
60547
60605
60964
61051
61112
61164
61190
61202
61351
61387
61423
61460
61563
61624
61679
61760
61840
61913
62034
62489
62609
62649
62660
62674
62710
62721
62748
62753
62828
63061
63101
63138
63139
63361
63371
63451
63520
63593
63861
64041
64297
64298
64396
64405
64477
64484
64598
64735
64759
64770
64790
64799
64803
64836
64845
64938
65077
65090
65353
65510
65610
65774
65802
65810
65831
66381
66563
66620
66677
66701
66740
66779
66848
66878
66944
66999
67026
67032
67063
67224
67392
67409
67443
67485
67558
67639
67681
67731
67897
67986
67997
68341
68477
68533
68542
68783
68891
69243
69288
69332
69337
69445
69467
69469
69497
69500
69558
69691
69728
69748
69810
69893
69907
69987
69988
70067
70157
70242
70257
70282
70284
70303
70316
70348
70361
70579
70679
70735
70785
70796
70880
70881
70916
70928
71026
71146
71194
71195
71424
71489
71492
71503
71506
71507
71531
71566
71605
71614
71616
71636
71762
71837
71865
71867
72117
72196
72281
72548
72828
73044
73605
73612
73629
73779
73924
73958
74044
74099
74195
74277
74314
74368
74400
74462
74747
74802
74869
74939
74945
74969
74978
75072
75146
75207
75253
75272
75296
75322
75331
75393
75394
75431
75479
75500
75531
75543
75545
75640
75715
75741
75797
75829
75831
75886
75949
75980
76082
76117
76303
76352
76384
76432
76510
76553
76706
76735
76757
76904
77111
77178
77183
77220
77255
77379
77499
77578
77580
78012
78029
78352
78428
78485
78562
78645
78779
78937
78955
79061
79065
79184
79375
79530
79555
79573
79584
80011
80159
80199
80819
80859
81019
81332
81454
81479
81649
81787
81935
82191
82229
82271
82405
82448
82564
82598
82629
82643
82698
82726
82833
82840
82877
82912
82921
82985
83003
83161
83219
83230
83318
83583
83607
83634
83775
83835
83894
84283
84295
84319
84357
84358
84385
84432
84437
84442
84465
84473
84497
84507
84515
84521
84620
84733
84831
84838
84855
84947
84983
85048
85095
85183
85194
85195
85317
85372
85610
85679
85756
86106
86165
86324
86606
86610
86664
86805
86818
86854
86984
86995
87162
87410
87502
87698
87870
87953
88079
88094
88260
88312
88497
88653
88656
89052
89058
89072
89111
89318
89371
89407
89474
89498
89503
89610
89625
89841
90384
90418
90458
90933
90978
91010
91017
91026
91128
91172
91222
91354
91382
91392
91405
91527
91544
91595
91689
91723
91844
91862
91912
91921
91923
91963
92009
92095
92196
92197
92201
92223
92296
92380
92402
92426
92559
92577
92653
92720
92736
92779
92788
92859
92863
92899
92941
93024
93038
93065
93070
93098
93140
93152
93154
93214
93246
93258
93388
93495
93505
93547
93593
93607
93625
93650
93765
93818
93844
93876
93907
93968
94066
94292
94407
94408
94422
94459
94461
94513
94523
94566
94588
94611
94651
94774
94872
95071
95133
95183
95271
95425
95453
95488
95526
95554
95558
95634
95643
95647
95659
95687
95812
95893
95903
95938
95959
95980
96001
96011
96070
96092
96103
96125
96170
96192
96205
96208
96284
96336
96340
96344
96392
96410
96418
96426
96438
96440
96475
96482
96531
96599
96659
96677
96698
96748
96786
96804
96831
96846
96861
96875
96878
96900
96926
97007
97046
97047
97062
97102
97142
97188
97190
97256
97265
97282
97303
97323
97387
97432
97481
97521
97527
97563
97576
97645
97662
97782
97829
97845
97914
97915
97993
97995
98042
98052
98072
98162
98179
98212
98215
98237
98258
98320
98331
98405
98406
98410
98436
98554
98577
98583
98725
98797
99288
99349
99381
99463
99466
99557
99607
99675
99731
99737
99754
99761
99767
99809
99836
99878
99881
99919
99947
99964
99971
99975
99981
99993
99996
100076
100109
100138
100167
100202
100401
100403
100418
100422
100478
100493
100524
100539
100545
100547
100677
100768
100820
100859
100874
101006
101022
101067
101136
101150
101222
101237
101238
101494
101505
101568
101590
101607
101620
101663
101740
101788
101798
101803
101860
101874
101955
101968
102017
102019
102028
102032
102034
102035
102041
102052
102097
102118
102173
102187
102307
102431
102509
102524
102635
102657
102673
102686
102758
102815
102819
102901
102910
102960
102961
103011
103025
103068
103142
103150
103294
103326
103343
103376
103412
103481
103505
103531
103626
103633
103658
103696
103699
103707
103725
103734
103747
103748
103765
103955
104009
104061
104065
104071
104150
104152
104185
104211
104218
104234
104263
104315
104339
104419
104494
104613
104631
104768
104806
104883
104905
104993
105052
105193
105210
105230
105241
105302
105307
105351
105609
105685
105713
105806
105915
105974
106273
106444
108577
108654
108781
109037
109042
109058
109062
109077
109205
109229
109272
109362
109484
109488
109555
109556
109715
109895
109955
110124
110243
110320
110324
110506
110603
110614
110762
110763
111087
111471
111568
111875
112583
112654
113069
113170
113189
113213
113420
113439
113462
113487
113509
113858
114005
114038
114076
114087
114155
114186
114197
114230
114608
115092
115160
115278
115294
115338
115387
115696
115770
116218
116312
116313
116525
116738
116915
117118
117260
117370
117435
117437
117438
117443
117474
117476
117521
117631
117776
117847
117898
117980
118016
118159
118190
118237
118254
118268
118389
118525
118536
118548
118636
119161
119232
119238
119255
119288
119510
119924
119972
120088
120097
120103
120269
120464
120550
120645
120665
120685
120727
120779
120844
120851
120897
121024
121047
121060
121114
121168
121185
121215
121230
121288
121381
121435
121454
121486
121513
121520
121526
121534
121541
121609
121673
121727
121731
121818
121982
121983
122014
122059
122464
122767
122917
122918
122942
122956
122960
122961
123077
123161
123184
123693
123720
123746
123751
123830
123881
123901
123968
124031
124061
124062
124184
124188
124340
124658
124871
124955
124975
125399
125754
125902
125947
126030
126074
126112
126191
126221
126279
126309
126323
126350
126451
126796
127043
127123
127128
127161
127202
127305
127330
127355
127389
127399
127444
127506
127667
127774
128055
128176
128184
128437
128507
128561
128642
128647
128655
128663
128747
128899
128916
129016
129046
129064
129086
129123
129152
129421
129557
129651
129772
129794
129849
130055
130206
130265
130289
130296
130342
130363
130444
131140
131195
131433
131641
131821
132216
132566
132648
132735
132738
132769
132905
132991
133177
133230
133263
133266
133307
133324
133328
133392
133762
133792
134194
134260
134262
134265
134276
134289
134318
134361
134366
134376
134485
134492
134790
134815
134816
134827
134891
135042
135065
135108
135227
135245
135249
135314
135446
135548
135701
135812
135817
135918
136140
136209
136221
136362
136379
136415
136429
136484
136572
136594
136689
136711
136739
136744
136809
136838
136870
136898
136936
136947
136962
137115
137123
137167
137352
137523
137534
137549
137559
137588
137612
137623
137648
137756
137936
138092
138227
138533
138604
138902
139125
139208
139210
139226
139236
139283
139316
139343
139347
139429
139506
139517
139951
139952
139955
140170
140270
140456
140473
140613
140775
140787
140801
140807
140946
141001
141066
141124
141190
141334
141424
141506
141510
141587
141705
141735
141762
141793
141801
141888
141920
142280
142457
142629
142676
142753
142802
142836
142872
142907
143172
143214
143247
143359
143372
143428
143543
143698
143709
143713
143736
143758
144209
144288
144305
144493
144547
144554
144560
144574
144591
144813
144863
144940
144988
145017
145186
145321
145447
145452
145482
145495
145496
145719
145800
145901
145930
145948
145977
146140
146190
146242
146331
146332
146472
146588
146731
146851
146896
147055
147115
147126
147272
147320
147350
147367
147400
147407
147438
147457
147601
147672
147803
147932
147951
148104
148208
148229
148236
148303
148311
148374
148524
148579
148596
148618
148687
148794
148845
148881
148883
148898
148961
149059
149286
149364
149390
149394
149396
149624
149625
149641
149648
149673
149872
149931
150011
150015
150161
150177
150196
150215
150233
150393
150542
150697
150709
150720
150721
150737
150756
150824
150929
151000
151015
151062
151079
151088
151089
151184
151214
151285
151455
151631
151705
151803
151805
151940
151957
151986
152026
152040
152059
152114
152281
152293
152305
152541
152617
152643
152678
152685
152693
152743
152783
152805
152823
152925
152932
152933
152997
153043
153070
153115
153140
153141
153275
153290
153413
153416
153564
153581
153959
154015
154031
154052
154088
154159
154290
154313
154348
154405
154425
154468
154507
154549
154612
154667
154746
155105
155140
155164
155227
155307
155436
155458
155519
155656
155741
155780
155799
156042
156043
156149
156157
156188
156231
156269
156300
156369
156400
156410
156580
156663
156765
156777
156793
156909
156920
156925
156928
156936
156992
157026
157065
157088
157093
157107
157185
157349
157465
157502
157545
157558
157999
158094
158125
158152
158217
158229
158240
158249
158277
158307
158358
158431
158500
158504
158508
158530
158541
158570
158571
158883
158927
159109
159531
159540
159587
159595
159627
159714
159750
159821
159832
160061
160063
160086
160198
160284
160297
160325
160328
160412
160473
160511
160587
160670
160685
160807
160810
160827
160965
161196
161274
161437
161442
161499
161514
161575
161723
161954
162009
162091
162117
162131
162172
162186
162253
162256
162334
162343
162457
162637
162677
162701
162748
163034
163052
163455
163473
163527
163606
163643
163680
163783
163816
163817
163973
164003
164122
164226
164266
164272
164331
164441
164468
164511
164519
164590
164626
164880
166105
166267
170052
170213
170220
170231
171258
171450
171543
172180
172415
172654
172853
172898
173096
173119
173121
173174
173181
174058
174115
174148
174189
174213
174215
174277
174292
174293
174356
174367
174388
174399
174436
174494
174748
174850
174856
174871
174896
174944
174969
175084
175193
175206
175210
175279
175286
175864
176044
177348
177439
177552
177577
177641
177653
177673
177688
177847
177923
178004
178060
178079
178347
178425
178458
178483
178705
178807
178868
178919
178948
178954
179019
179117
179364
179372
179785
179847
179860
180028
180036
180064
180071
180114
180163
180194
180214
180216
180248
180319
180323
180342
180609
183615
183629
183634
183990
184024
184116
184179
184259
184303
184309
184332
184398
184403
184470
184676
184681
184733
184982
185726
185750
185966
185968
185984
186073
186514
186524
186844
186925
187234
187400
187502
187524
187529
187539
187997
188004
188011
188310
188332
188434
188481
188886
188901
188950
189628
189663
189730
189785
190385
190496
190520
190534
190660
190765
190904
190905
190942
191100
191108
191120
191139
191160
191192
191199
191200
191217
191235
191237
191243
191329
191384
191425
191427
191441
191546
191551
191570
191792
191944
191949
191961
192190
192631
192954
193085
193919
194035
194085
194098
194943
195091
195110
195293
195363
195382
195512
195527
195551
195586
195691
195748
195785
195839
196681
196710
196718
196757
197160
197456
197562
197834
198039
198859
199047
199186
199279
199388
199564
199596
199947
200771
200775
200959
200961
200966
201006
201032
201286
201302
201455
201728
201809
201821
202009
202035
202098
202099
202124
202224
202231
202245
202246
202268
202443
202490
202512
202535
202536
202538
202543
202561
202613
202652
202672
202674
202681
202682
202683
202690
202710
202732
203100
203173
203350
204744
204857
204872
204913
204943
204946
204954
205197
205652
205696
205725
205839
205841
205923
206094
206880
206891
206903
207210
207293
207298
207637
207749
207815
208178
208222
208271
208389
208424
208426
208558
208578
208811
208837
208955
209068
209110
209433
209639
209722
209775
210063
210089
210230
210239
210276
210319
210521
210726
210810
210952
211279
211332
211341
211360
211366
211390
211393
211421
211444
211501
211746
211750
211812
211818
211871
211936
211959
212042
212065
212242
212245
212260
212365
212375
212400
212493
212498
212558
212590
212626
212679
212768
212896
212909
212935
212940
213066
213084
213098
213114
213155
213189
213264
213284
213443
213466
213472
213514
214205
214288
214295
214965
215121
215680
215795
216216
216244
216310
216331
216339
216342
216929
217095
217194
217347
217382
217480
217972
218043
218099
218140
218164
218235
218276
218294
218332
218432
218489
218637
218844
219190
219243
219403
219737
219792
220140
220157
220400
220401
220610
220638
220684
220727
220832
220852
221059
221060
221181
221244
221326
221333
221461
221595
221599
221619
221650
221671
221767
221796
221834
221892
222000
222029
222038
222172
222227
222396
222402
222454
222635
222868
222884
222897
222925
223422
223519
223647
223689
223717
224243
224491
224532
224590
224895
225991
226092
226157
226166
226170
226175
226192
226227
226276
226309
226322
226334
226350
226418
226446
226546
227342
227356
227404
227501
227582
227728
227798
228131
228327
228331
228435
228457
228480
228511
228752
228765
228813
228824
228961
229022
229083
229165
229221
229292
229342
229364
229371
229406
229467
229586
229589
229609
229629
229665
229666
229679
229690
229693
229725
229748
229756
229838
229872
229980
229985
229998
230079
230110
230166
230178
230188
230221
230265
230327
230602
230955
231079
231142
231401
231488
231566
231619
231666
232331
232489
232682
232698
232753
232808
233279
233405
233482
233490
233593
233630
233717
234060
234410
234479
234608
234829
234957
235241
235246
235375
235614
235709
235809
235891
235900
235933
235995
236020
236037
236268
236293
236341
236344
236371
236426
236442
236534
236574
236975
237032
237097
237138
237226
237370
237383
237415
237608
237646
237866
237950
237952
238014
238160
238194
238306
238410
238418
238422
238426
238444
238487
238488
238619
238634
238885
238923
239136
239191
239404
239608
239621
239622
239623
239640
239659
239767
240156
240157
240208
240273
240394
240405
240424
240443
240524
240571
240572
240628
240635
240645
240737
240740
240747
240805
240993
241329
241493
241825
241942
241974
242002
242030
242062
242127
242134
242139
242163
242172
242281
242282
242285
242304
242350
242353
242558
242585
242613
242814
243242
243279
243287
243315
243415
243750
244049
244060
244186
244335
244369
244501
244569
244656
244872
244887
244918
244967
244976
244988
245055
245073
245076
245084
245114
245146
245182
245194
245703
245791
246127
246142
246224
246471
246509
246553
246577
247163
247238
247659
247873
247906
247953
248518
248645
248721
248724
248953
249529
249551
249600
249685
249993
250518
250647
250784
250828
250855
251062
251210
251589
251662
251765
251910
252057
252177
252188
252192
252207
252627
252646
252672
252681
252704
252722
252736
252746
252769
252775
252825
252848
252890
252925
252935
253216
253264
253534
253659
253685
253722
253803
253862
253950
253958
254035
254050
254134
254215
254472
254488
254721
254723
254923
254993
255031
255068
255074
255094
255353
255474
255510
255645
255798
255822
255951
255975
256052
256084
256215
256370
256610
256806
256843
256848
257073
257152
257502
257514
257515
257700
257820
257859
258021
258141
258213
258355
258798
258902
258999
259012
259132
259143
259154
259173
259322
259415
259456
259467
259472
260015
260054
260138
260167
260180
260228
260276
260464
260485
260728
260800
260879
260982
261495
261517
261570
261576
261583
261696
261715
262024
262031
262035
262045
262109
262183
262205
262491
262493
262544
262766
262796
262801
262805
262813
262817
262856
262881
262893
262954
263138
263174
263264
263378
263386
263403
263573
263613
263653
263727
263740
263841
264146
264414
264455
264503
264539
264647
264660
264671
264720
264777
265071
265108
265366
265383
265417
265431
265616
266016
266082
266335
266347
266369
266443
266467
266529
266531
266552
266584
266651
266654
266865
267034
267058
267106
267126
267133
267407
267420
267568
267600
267726
267756
268052
268095
268192
268530
268584
268759
268779
268820
268860
268865
268886
268892
269024
269034
269235
269268
269282
269505
269508
269526
269552
269584
270031
270127
270216
270272
270317
270467
270583
270622
270668
270859
271104
271546
271607
271623
271628
271630
271859
272007
272058
272589
272716
272749
272770
273029
273067
273094
273160
273273
274037
274041
274075
274261
274344
274345
274355
274367
274422
274429
274628
274693
274897
274947
274953
275058
275094
275128
275590
275777
275814
275930
276217
276330
276804
276913
277031
277038
277054
277386
277457
277513
277678
277692
277779
277785
278342
278830
278982
278984
279041
279135
280018
280051
280084
280368
280448
280687
281092
281128
281136
281283
281605
281903
282011
282015
282018
282497
282781
283047
283183
283199
283379
283435
283441
283597
283852
284669
284752
285462
285478
285559
285564
285608
285646
285838
285858
285869
286092
286143
286179
286205
286301
286674
287030
287084
287220
287468
287674
287682
288268
288310
288368
288369
288376
288380
288396
288496
288501
288556
289047
289107
290355
290595
290623
290843
291250
291548
291807
292024
292174
292175
292369
292595
293048
293075
293087
293244
293479
293676
293725
293726
293845
293915
294262
294282
294782
294791
295053
295206
295318
295485
295881
295917
295972
295983
296230
296595
297007
297064
297402
297465
297656
297693
297996
298030
298059
298130
298302
298595
298653
298749
298752
298790
299097
299118
299262
299315
299384
299408
299454
299461
299468
299510
299767
300143
300146
300367
300669
300719
300741
300774
300782
300839
300853
300858
300889
301061
301082
301088
301104
301155
301166
301188
301201
301210
301258
301267
301272
301291
301314
301318
301387
301425
301456
301479
301564
301870
301898
302038
302196
302201
302313
302363
302369
302372
302469
302521
302616
302980
303031
303095
303103
303123
303139
303250
303537
303561
303574
303613
303619
303822
303827
303984
304130
304149
304350
304385
304544
304563
304621
304679
304700
304857
304861
304946
304951
304971
305005
305012
305015
305072
305699
305969
306637
307000
307693
307716
307855
307858
307995
308167
308216
308442
308682
308738
308740
309009
309129
309271
309962
310222
310483
310558
310822
310857
310977
311143
311276
311293
311426
311454
311826
312053
312072
312256
312492
312715
312848
313533
313701
313757
313767
313793
314028
314035
314042
314046
314236
314327
314328
314479
314738
314787
314863
314865
314956
315069
315162
315176
315290
315313
315497
315660
315885
315998
316159
316449
317075
317124
317476
317531
317661
317757
317797
317801
317828
317873
317959
318009
318010
318027
318030
318039
318088
318106
318118
318141
318243
318261
318271
318404
318511
318714
318769
318876
318884
319336
319576
319591
319622
319685
319754
319836
319841
319864
319919
320117
320137
320246
320489
320728
320880
320996
321571
321795
321895
322113
322164
323061
323089
323349
323355
323396
323566
323578
323639
323651
323809
324325
324480
324840
325580
325590
325829
325911
325953
326011
326397
326502
326517
326853
327016
327166
327175
327433
327687
327817
327841
328096
328127
328200
328387
329128
329184
329232
329246
329250
329482
329574
329593
329643
329674
329730
330602
330913
330931
330995
331054
331112
331147
331154
331350
331351
331554
331654
331685
331717
331860
331896
332030
332032
332044
332066
332318
333148
333446
333696
333781
333918
333959
333987
334073
334273
334276
334298
334406
334522
334634
334653
334681
334895
334963
335197
335292
335299
335346
335503
335560
335581
335700
335764
335774
335885
335887
335944
335971
336012
336104
336128
336179
336236
336284
336326
336401
336465
336599
336630
336674
336733
336825
336832
336934
337202
338019
338197
338667
338670
338790
338844
338857
339252
339334
339356
339365
339405
339409
339435
339446
339449
339552
339597
339913
340096
340123
340968
340987
341010
341245
341475
341479
341501
341706
341738
341881
342032
342291
342700
343182
343528
343529
343679
343682
344115
344146
344289
344409
344445
345889
345917
346155
346181
346333
346510
346680
347092
347093
347154
347216
347311
347333
347344
347361
347398
347585
347758
348043
348220
348320
348671
348803
348816
349222
349260
349809
350100
350134
350595
351157
351172
351246
351317
351350
351366
351622
351776
352141
352467
352477
352615
352779
352836
352895
353033
353036
353343
353376
353396
353543
353563
353590
353618
353667
353727
353971
354099
354314
354511
354597
354641
354658
354822
354864
354892
355042
355316
355467
355557
355610
355887
355888
355949
355964
356270
356344
356551
356570
356685
356794
357010
357041
357074
357162
357220
357728
358090
359121
359369
359530
359560
359756
359914
360014
360034
360727
360793
360839
360888
360893
361092
361377
361382
361534
361758
361770
361801
362175
362247
362284
362574
363439
363662
363738
364091
364129
364202
364213
364409
364557
364568
364717
365061
365763
365967
367704
367967
368394
368551
368791
368904
368919
369049
369149
369166
369195
369198
369231
369623
370017
370141
370193
370231
370268
371312
374032
380118
380907
381038
381040
381044
381141
381191
381367
381508
381511
381579
381716
381858
381886
381918
382593
382818
383143
383208
383541
383796
384296
384782
385442
385446
385656
385689
386012
386193
386359
386544
386683
386706
386984
386994
387041
387099
387354
387482
387483
387963
387968
388009
388054
388277
388401
388918
389092
389111
389131
389137
389204
389293
389527
389574
389717
389720
389943
390062
390105
390434
390856
390876
391493
392046
392088
392374
392430
392479
393222
393464
393542
393833
393990
394060
394519
395005
395096
395125
395723
395829
396043
396092
396127
396357
396406
396572
396773
397407
397488
397492
397874
398206
398242
398405
398779
398782
398847
399717
400837
401034
401052
401054
401468
401508
401570
401906
402014
402034
402075
402105
402113
402156
402216
402302
402569
402639
402934
403164
403170
403213
403214
403219
404828
405601
405930
406121
406150
407019
407173
408026
408045
408112
408127
408129
408905
409015
409307
409419
409471
411012
411016
411040
414609
414665
416504
416679
416776
416799
416802
417036
417513
417573
417617
417727
417750
417820
418802
419116
419663
419980
420003
420004
420005
420237
420980
421012
423519
423690
424452
425143
425152
426138
426218
426838
426876
427636
427696
428245
428930
429665
429669
429681
430203
430289
430496
430530
431257
431417
431485
431815
431992
433375
433724
433968
434114
434243
434495
434653
434932
434947
435088
435129
435133
435203
435217
435249
435282
435283
435463
435862
435895
435968
436170
436201
436337
436501
436812
437336
437390
437535
437563
437910
439115
439223
439756
439815
440157
441326
441439
443387
443459
443502
443661
443669
443890
443931
444691
445562
445586
446150
446184
446188
446288
446327
446743
446899
447069
447139
447186
447238
447418
447519
447574
447638
447696
448474
448586
448591
448793
448994
449069
449084
449500
449615
449639
449985
450072
450159
450209
450227
450351
450963
450977
451043
451146
451379
451396
451422
451429
451657
451671
451765
451777
452591
452638
452957
453515
454059
454516
454705
454714
455765
455823
456011
456254
456370
456464
456716
457298
457348
457463
457794
457985
458121
458131
458173
459260
459956
459995
460755
461380
461724
462191
462311
462475
462834
462974
464163
464359
464630
464642
465622
465679
465719
465953
466016
466201
466283
466535
466549
466555
466734
467062
467074
467357
467424
468123
468316
468460
468560
468837
468891
469001
469330
469358
469412
469420
469623
469650
469836
469862
470101
470118
470369
470736
470883
471310
472054
472624
473424
473726
474087
474489
475230
475496
475959
476061
476704
476706
476876
477529
478403
478760
479332
479421
479479
482346
484200
484820
484938
485039
485438
486026
487433
487918
488176
488352
488568
488569
488850
489079
489265
489841
490328
490453
491596
491673
491932
491994
492097
492450
493428
494144
494167
494169
494200
494997
495470
496447
496699
497170
497980
498086
498220
498234
498992
499513
500300
501205
502799
503064
503147
503280
503344
503363
503553
503632
503802
504130
504178
504229
504250
504259
504768
505662
506115
506668
506835
506979
507397
507515
507894
507913
508751
510132
510190
510255
510468
510630
510895
511782
512223
512408
512464
513103
514083
514088
515560
516235
516391
517451
518131
518548
518759
518766
519445
519653
520143
520147
520956
521766
523679
523797
523846
524222
524294
526045
527523
528045
528397
528403
528472
528580
528635
528661
528952
529480
529647
529661
529694
529761
529774
529780
529782
529872
530638
531784
532447
532460
532524
532781
532814
532916
532947
532969
533048
533060
533260
533319
533453
533843
534225
534884
536846
536858
537010
537513
537690
538332
538966
539130
539374
539773
539821
540108
541286
541509
543466
544054
544757
544781
546218
546449
546491
547652
547662
549065
549377
549668
550448
550587
551128
551325
551370
551915
552187
552932
552977
553875
556397
556568
558178
559245
560803
562108
562340
562843
562946
563079
563420
566163
568815
569408
569793
569879
569991
570240
570445
570694
571493
572447
573558
574139
575123
575435
576280
577363
577429
577733
578043
578127
578606
579525
580717
580791
581551
581666
582164
582225
582505
582663
582737
584578
584813
585810
586755
587857
588046
588092
588286
589316
590414
591807
592785
594320
597085
599682
600199
600276
600296
602091
602803
602966
603082
603363
603998
604562
605010
605210
606813
609065
609758
609936
610484
610727
611555
611757
612312
612599
612659
613377
613777
615402
616379
617155
617894
618112
618118
618414
619163
619273
621745
621877
623364
624740
625153
625401
625528
628379
628744
629244
629682
629737
630020
630045
630666
631736
632234
632371
632998
633362
634960
636177
636249
636262
636359
636443
637039
637892
639581
639819
640625
641269
641271
641637
644192
644444
644933
645368
646290
647783
648140
648377
649104
650122
650436
651336
651785
653913
654746
654971
657077
659316
660513
661501
663703
665149
666336
666448
666453
667342
667480
669679
671207
675256
677436
679490
680416
682430
684796
686681
686785
687439
696753
700673
700945
702686
703520
703884
705004
706368
710237
712163
715281
716258
717503
719834
724222
725830
726076
727681
728030
728406
728991
730193
730202
732994
733933
735178
735388
736241
736625
737477
738120
742852
742946
744893
747367
751232
751242
751558
755746
758634
762835
763689
764356
767622
768446
770729
774005
776818
778779
780533
783778
787467
792705
794605
794790
797222
803971
805247
807320
809813
818110
820678
824344
826424
828257
828385
832293
838933
839195
842218
844338
848197
853192
857036
857532
861864
863706
863707
865920
866771
871514
876849
889044
891904
893275
894528
895000
906486
906759
907793
914191
924524
926794
933297
935083
940343
940346
940347
940348
943756
948314
954696
956393
960722
965021
973646
976366
976367
990789
995699
998220
999415
1002933
1006313
1006733
1007795
1029557
1037199
1037815
1039605
1046256
1054122
1057866
1067116
1074403
1075308
1077924
1077957
1079210
1081766
1084137
1087407
1109241
1109482
1110635
1112772
1115736
1118126
1119595
1122504
1123062
1128890
1133189
20
182
429
431
638
720
804
820
876
923
1021
1049
1112
1251
1269
1359
1450
1506
1674
1784
1877
1928
2038
2040
2048
2086
2135
2191
2193
2276
2290
2301
2348
2448
2517
2563
2742
2856
2891
3054
3073
3092
3112
3343
3363
3365
3432
3527
3567
3583
3641
3677
3729
3814
4032
4042
4066
4166
4191
4331
4335
4413
4483
4487
4705
4717
4783
4807
4841
4850
4904
4925
4941
4954
5004
5272
5767
5772
5872
5927
5962
6000
6004
6077
6089
6090
6119
6133
6186
6233
6240
6328
6827
6888
6921
6922
7010
7027
7326
7425
7496
7556
7610
7734
7752
7788
7845
7904
7941
7959
8020
8076
8107
8111
8141
8158
8169
8198
8212
8242
8316
8321
8385
8400
8522
8528
8644
8663
8687
8708
8830
8880
8918
8925
8934
9039
9174
9193
9327
9493
9499
9555
9623
9879
9938
9947
10020
10058
10097
10154
10367
10409
10533
10656
10730
10837
10942
10949
11002
11073
11132
11311
11356
11487
11511
11603
11675
11687
11731
11770
11835
11839
11862
11964
12073
12273
12389
12496
12653
12669
12727
12885
13068
13070
13096
13125
13139
13166
13306
13321
13377
13407
13427
13477
13528
13529
13543
13612
13626
13643
13667
13712
13781
13824
13831
13841
13964
13971
14029
14031
14034
14036
14043
14068
14090
14188
14221
14259
14565
14608
14611
15302
16270
16734
16871
16900
16941
17037
17108
17126
17163
17495
17498
17645
17667
17764
17802
17881
17928
17935
17953
17985
18034
18092
18117
18130
18288
18291
18302
18322
18336
18393
18452
18518
18522
18564
18728
18739
18740
18793
18857
18908
18924
18970
19021
19051
19121
19124
19313
19349
19536
19673
19700
19938
19997
20016
20130
20140
20146
20159
20162
20164
20230
20367
20383
20390
20405
20534
20537
20553
20665
20893
20898
20927
20937
21026
21045
21098
21175
21213
21234
21270
21298
21307
21317
21355
21523
21565
21580
21597
21609
21642
21654
21656
21684
21685
21705
21762
21772
21822
21915
21936
21937
22098
22140
22178
22204
22247
22249
22429
22466
22535
22544
22556
22631
22663
22777
22919
22946
22975
22978
22990
23016
23057
23067
23083
23125
23148
23165
23208
23209
23239
23244
23256
23276
23277
23282
23346
23411
23445
23624
23653
23849
23870
23913
23917
23922
23974
23994
24027
24086
24133
24143
24182
24272
24368
24375
24402
24419
24439
24515
24517
24555
24564
24644
24650
24715
24731
24763
24806
24870
24893
24899
24983
25006
25036
25081
25090
25148
25159
25254
25323
25352
25368
25374
25395
25417
25545
25633
25634
25728
25786
25814
25823
25834
25845
25866
25886
25922
25932
25950
25961
26002
26009
26015
26016
26017
26046
26069
26122
26152
26157
26175
26181
26188
26200
26227
26238
26250
26257
26260
26270
26273
26284
26291
26301
26335
26344
26555
26573
26605
26630
26640
26703
26729
26900
26909
26990
27013
27018
27050
27180
27441
27470
27584
27754
27796
27813
27819
27919
27946
28129
28158
28165
28218
28228
28267
28275
28338
28362
28378
28409
28456
28467
28519
28579
28624
28751
28753
28799
28804
28846
28953
29022
29026
29043
29088
29126
29145
29148
29153
29158
29190
29222
29232
29274
29296
29382
29468
29473
29502
29568
29587
29655
29680
29762
29891
29909
29925
29933
29936
30070
30111
30131
30243
30288
30315
30341
30473
30478
30484
30585
30611
30643
30711
30752
30885
31043
31159
31351
31395
31420
31514
31537
31546
31576
31617
31622
31651
31841
31848
31860
31874
31879
31889
31912
31952
32013
32034
32204
32211
32263
32413
32554
32604
32670
32696
32743
32747
32782
32876
32940
32962
32969
33009
33364
33366
33672
33762
33768
33825
34313
34398
34422
34465
34693
34708
34727
34986
34988
35019
35021
35026
35177
35408
35430
35476
35490
35492
35622
35726
35942
36049
36220
36301
36310
36388
36412
36468
36493
36528
36561
36626
36630
36752
36772
36777
36800
36804
36867
36906
36919
36931
36934
36936
36938
36941
37019
37057
37199
37222
37231
37246
37262
37287
37589
37700
37844
37845
37853
37867
37939
37956
37968
38305
38412
38436
38560
38590
38702
38912
39087
39189
39655
39659
39662
39680
39681
39734
39779
39827
39920
40085
40115
40137
40252
40275
40614
40817
40979
41111
41164
41195
41259
41262
41274
41512
41554
41556
41565
41586
41607
41636
41671
41716
41728
41759
41772
41841
42037
42109
42174
42268
42329
42339
42474
42507
42585
42756
42773
42784
42795
42808
42825
42952
42981
43015
43099
43107
43145
43195
43230
43258
43299
43366
43380
43483
43500
43501
43519
43661
43698
43824
43860
43876
43896
43957
44010
44057
44154
44162
44418
44467
44506
44529
44534
44656
44688
44795
44970
45004
45006
45038
45089
45090
45165
45178
45197
45449
45484
45499
45501
45513
45649
45673
45719
45722
45725
45726
45734
45739
45764
45782
46009
46055
46172
46289
46305
46316
46321
46740
46906
46907
47028
47143
47160
47184
47222
47339
47391
47405
47423
47424
47460
47546
47547
47745
47881
48177
48224
48479
48529
48531
48560
48579
48642
48751
48765
48805
48822
48857
48891
48904
48931
48950
48954
48962
48965
48995
48999
49021
49060
49108
49115
49160
49257
49464
49467
49483
49501
49551
49562
49592
49670
49683
49697
49763
49840
49846
49880
50102
50128
50195
50208
50226
50307
50308
50332
50350
50528
50532
50619
50646
50665
50766
50851
50947
50980
51151
51255
51299
51382
51430
51455
51471
51571
51634
51671
51691
51698
51780
51790
51816
51977
52000
52133
52356
52487
52493
52504
52740
52901
52928
52980
53016
53031
53077
53295
53350
53412
53455
53530
53598
53639
53664
53672
53897
53910
54837
54841
54989
55033
55052
55063
55092
55300
55333
55353
55482
55560
55622
55629
55634
55682
55686
55728
55743
55746
55756
55773
55826
55861
55895
55903
55909
55916
55963
55990
56009
56052
56093
56116
56181
56183
56213
56214
56247
56261
56267
56272
56276
56309
56314
56331
56353
56357
56420
56449
56486
56498
56622
56628
56656
56674
56686
56693
56700
56704
56708
56750
56781
56784
56795
56897
56914
57127
57223
57278
57305
57432
57504
57544
57617
57651
57664
57712
57723
57870
57948
58018
58252
58394
58420
58438
58447
58493
58513
58518
58588
58943
58946
58949
59057
59175
59183
59186
59201
59204
59208
59227
59403
59454
59586
59707
59738
59976
59980
60149
60180
60186
60327
60477
60562
60639
60690
60706
60956
61057
61127
61133
61161
61236
61284
61328
61334
61350
61459
61471
61490
61642
61645
61739
61763
61795
61797
61816
61868
61870
61927
62314
62478
62618
62653
62676
62686
62709
62726
62793
62910
63129
63256
63407
63450
63538
63612
63620
63629
63683
63810
63838
63840
63960
64223
64228
64288
64300
64305
64356
64387
64399
64624
64693
64702
64768
64859
64860
64861
64889
64892
64905
64954
65170
65186
65244
65268
65275
65338
65571
65598
65617
65625
65679
65829
65941
66320
66434
66478
66528
66554
66565
66572
66640
66707
66741
66765
66843
66871
66946
67038
67069
67144
67183
67288
67352
67387
67469
67481
67499
67500
67513
67518
67582
67602
67625
67694
67786
67885
67895
67990
68026
68075
68167
68277
68295
68326
68404
68408
68517
68528
68569
68593
68781
68785
68889
69172
69248
69402
69491
69533
69589
69631
69739
69989
70085
70118
70159
70221
70306
70338
70397
70493
70498
70511
70560
70566
70618
70621
70865
70878
70899
70957
71078
71090
71117
71191
71357
71473
71600
71741
71902
71905
71914
71922
71928
72022
72033
72050
72082
72107
72131
72216
72326
72361
72397
72641
73633
73882
73896
74039
74130
74298
74322
74333
74337
74340
74374
74390
74428
74456
74476
74561
74601
74724
74738
74779
74853
74887
74918
74944
74962
75028
75044
75059
75162
75244
75282
75285
75287
75527
75551
75598
75605
75623
75630
75728
75735
75883
75889
75890
75934
75947
75961
75965
75966
76047
76056
76107
76198
76249
76344
76591
76675
76758
77001
77060
77075
77076
77077
77131
77135
77146
77176
77196
77201
77243
77252
77264
77266
77286
77322
77675
78011
78096
78132
78163
78269
78318
78477
78545
78652
78776
78810
78897
78939
78952
79027
79414
79418
79569
79587
79591
79604
79615
79746
79785
80074
80293
80585
80651
80667
80900
80979
81078
81091
81194
81197
81245
81330
81355
81458
81729
81752
81890
81977
82032
82245
82253
82328
82409
82512
82535
82537
82556
82578
82590
82620
82644
82778
82781
82791
82803
82987
83110
83125
83158
83182
83226
83235
83302
83436
83439
83514
83523
83615
83666
83739
83756
83795
83866
83909
83912
83914
83954
84304
84377
84462
84464
84474
84498
84592
84623
84668
84821
84845
84891
84962
84999
85033
85047
85346
85384
85385
85456
85525
85576
85588
85864
86046
86048
86101
86110
86139
86364
86390
86452
86456
86504
86532
86534
86621
86661
86746
86848
86862
86951
86956
87001
87004
87066
87135
87210
87243
87266
87298
87380
87388
87396
87677
87701
87712
87779
87799
88005
88223
88246
88293
88295
88343
88381
88388
88548
88575
88608
88658
88661
88746
89059
89076
89077
89087
89096
89106
89148
89163
89276
89433
89584
89648
89655
89738
90044
90929
91047
91076
91082
91092
91102
91164
91228
91318
91357
91387
91398
91421
91454
91478
91532
91565
91590
91602
91636
91722
91872
91938
91964
91992
91993
92062
92102
92152
92215
92234
92277
92398
92565
92582
92608
92848
92905
92911
92913
92950
92992
93027
93051
93091
93147
93200
93228
93293
93331
93366
93459
93587
93618
93688
93689
93725
93777
93795
93796
93861
93862
93881
93925
93944
93988
94025
94065
94097
94148
94202
94222
94267
94327
94358
94532
94622
94697
94698
94702
94708
94721
94762
94890
94893
95021
95027
95061
95089
95091
95105
95129
95196
95254
95267
95291
95368
95387
95466
95501
95505
95530
95541
95543
95550
95633
95636
95669
95701
95741
95793
95802
95813
95868
95877
95888
95914
95940
95949
95951
95997
96017
96020
96051
96187
96188
96230
96233
96261
96265
96290
96366
96466
96481
96500
96528
96571
96638
96639
96672
96685
96731
96744
96839
96840
96847
96857
96874
96896
96955
96989
96994
97039
97045
97113
97117
97164
97241
97337
97370
97401
97405
97414
97485
97507
97526
97538
97579
97622
97650
97704
97714
97735
97741
97808
97809
97822
97916
97933
97943
97992
98026
98058
98121
98139
98152
98295
98307
98378
98411
98478
98482
98609
98719
98779
98827
98857
98897
98974
99000
99026
99045
99068
99294
99299
99395
99426
99478
99534
99632
99779
99784
99837
99840
99918
99978
100043
100045
100049
100072
100095
100111
100155
100182
100186
100230
100246
100255
100273
100276
100353
100374
100460
100529
100533
100651
100653
100663
100664
100671
100689
100733
100870
100914
100980
101123
101173
101215
101305
101444
101472
101583
101632
101644
101651
101688
101755
101797
101826
101846
101857
101866
101913
101931
101932
101981
102029
102030
102061
102154
102182
102195
102207
102330
102388
102456
102502
102533
102567
102590
102619
102633
102677
102773
102786
102809
102818
102855
102931
102947
102986
103015
103091
103184
103208
103235
103267
103316
103320
103333
103347
103348
103388
103402
103430
103597
103654
103661
103698
103749
103840
103856
103858
103903
103908
103939
103976
104001
104050
104086
104153
104173
104194
104206
104231
104280
104284
104312
104341
104343
104355
104378
104392
104411
104452
104474
104542
104607
104734
104816
104901
104982
105058
105078
105413
105663
105681
105746
105816
105855
106008
106096
106238
106387
106409
106643
106679
106695
107495
108574
108634
108754
108932
108978
109030
109123
109224
109237
109386
109399
109428
109485
109491
109590
109769
109912
110160
110161
110168
110191
110349
110700
110707
110772
110775
110783
110789
110822
111479
111513
111538
111955
112111
112572
112576
112579
112588
112783
112871
112922
113009
113017
113018
113049
113129
113160
113176
113367
113480
113516
113526
113531
113544
113568
113578
113584
113609
113610
113642
113694
113958
114097
114152
114693
115156
115263
115264
115301
115302
115385
115444
115450
115597
115663
115715
116128
116252
116255
116299
116316
116395
116463
116822
117350
117384
117425
117478
117541
117593
117639
117669
117716
117880
117881
117991
118173
118259
118405
118547
118794
118910
118945
118966
119094
119106
119173
119180
119447
119497
119499
119561
119563
119576
119683
119805
119904
120027
120086
120131
120181
120237
120353
120402
120429
120430
120494
120551
120611
120624
120648
120652
120673
120726
120769
121030
121172
121252
121386
121390
121405
121537
121610
121645
121664
121679
121725
121739
121768
121847
121876
121882
121970
122208
122210
122295
122315
122325
122441
122473
122630
122665
122707
122808
122967
122999
123005
123061
123081
123098
123119
123126
123211
123576
123663
123698
123752
123910
124110
124127
124147
124332
124379
124503
124509
124588
124637
124640
124674
124973
125105
125119
125206
125342
125446
125452
125487
125696
125755
125956
125985
126012
126021
126100
126272
126284
126311
126319
126342
126380
126381
126612
126737
126972
127125
127151
127297
127340
127375
127404
127428
127584
127757
127764
127770
127991
128145
128152
128227
128495
128513
128581
128583
128585
128588
128603
128619
128630
128682
128758
128822
128853
128915
128917
128919
129011
129129
129503
129661
129768
129776
129817
129825
129944
130075
130117
130122
130315
130485
130579
130921
130934
131006
131050
131087
131157
131282
131367
131370
131430
131444
131478
131489
131495
132037
132347
132390
132591
132873
132894
132983
133014
133070
133170
133180
133282
133379
133631
133759
133790
134198
134252
134271
134380
134441
134479
134497
134539
134661
134771
134901
134911
134963
135007
135164
135253
135460
135483
135809
135820
135878
135894
135908
135935
135959
136055
136066
136090
136102
136125
136227
136229
136332
136347
136365
136409
136423
136463
136478
136497
136562
136605
136665
136687
136706
136708
136751
136780
136791
136794
136882
136904
136981
137182
137310
137361
137370
137560
137589
137656
138123
138256
138271
138387
138575
138621
139130
139141
139207
139371
139417
139435
139532
139984
140058
140099
140204
140248
140285
140376
140382
140469
140503
140673
140824
140864
140993
140998
141008
141082
141187
141201
141234
141248
141275
141286
141374
141391
141478
141499
141543
141603
141701
141929
141948
141984
142266
142301
142315
142484
142504
142603
142805
142939
143147
143161
143289
143317
143451
143458
143559
143638
143776
143783
143811
143826
143873
143881
143943
144037
144200
144205
144298
144537
144561
144637
144645
144903
145018
145136
145175
145182
145207
145266
145297
145342
145345
145370
145467
145579
145750
145905
145933
145939
145984
146035
146068
146101
146120
146192
146257
146261
146309
146318
146341
146486
146496
146499
146603
146607
146608
146780
146794
146818
146971
147094
147169
147262
147298
147304
147385
147409
147449
147477
147495
147529
147555
147592
147691
147700
147705
147706
147813
147818
147827
147854
147860
147889
148028
148055
148057
148105
148121
148202
148286
148338
148386
148457
148503
148572
148651
148667
148678
148732
148779
148848
148853
148862
148888
148891
148905
148949
148953
148955
149028
149079
149107
149132
149170
149189
149195
149252
149321
149420
149439
149572
149626
149649
149651
149668
149719
149727
149740
149772
149846
149952
149994
150031
150047
150052
150073
150086
150088
150096
150131
150188
150193
150246
150389
150398
150450
150706
150775
150782
151021
151028
151256
151340
151454
151460
151525
151622
151694
151706
151713
151812
151829
151867
151882
151898
151960
152030
152071
152135
152138
152165
152184
152225
152260
152263
152269
152280
152282
152340
152380
152389
152425
152516
152569
152573
152616
152633
152740
152842
152843
152862
152955
152979
152999
153005
153129
153179
153270
153306
153364
153373
153400
153431
153453
153457
153537
153552
153559
153590
153592
153731
153785
153905
153935
154004
154006
154027
154067
154199
154274
154308
154334
154356
154493
154534
154562
154564
154584
154655
154769
154828
155059
155090
155163
155215
155258
155323
155347
155393
155435
155457
155485
155504
155517
155788
155813
155851
155986
155990
156056
156110
156165
156178
156189
156199
156330
156366
156384
156527
156532
156661
156734
156820
156941
156949
157038
157066
157081
157102
157110
157131
157154
157196
157205
157234
157310
157443
157812
158055
158073
158298
158398
158401
158455
158461
158581
158639
158681
158687
158732
158777
159084
159308
159378
159397
159516
159597
159598
159715
159878
159879
159900
160166
160206
160283
160285
160312
160588
160714
160728
161069
161080
161214
161238
161327
161338
161353
161411
161422
161456
161474
161505
161555
161566
161580
161683
161799
161831
162011
162012
162110
162115
162135
162173
162307
162326
162341
162380
162597
162643
162645
162716
162734
162791
162902
163025
163031
163133
163143
163150
163276
163300
163366
163456
163526
163538
163557
163563
163619
163636
163695
163704
163761
163781
163795
163906
163926
164041
164080
164085
164139
164415
164481
164565
164609
164676
164841
164874
168296
170158
170237
170301
170306
170313
170435
170436
170559
170563
170938
171212
171229
171249
171253
171377
171424
171447
171484
171637
172351
172477
172495
172598
172612
172618
173151
173170
174034
174060
174066
174138
174175
174229
174284
174294
174300
174328
174349
174407
174446
174503
174514
174553
174584
174775
174786
174787
174788
174815
174881
174894
174935
174946
175146
175287
175294
175300
175406
176039
176234
177514
177559
177561
177591
177651
177672
177714
177743
177799
177810
177997
178010
178013
178061
178081
178136
178199
178304
178441
178521
178729
178850
178853
178860
178866
178882
178889
178890
178906
178915
178956
178965
179003
179048
179056
179569
179612
179659
179672
179674
179696
179717
179794
179808
179835
179878
179940
179961
180001
180043
180073
180075
180096
180119
180182
180334
180372
180554
180581
180818
180879
180914
181126
181551
183799
183965
183986
184008
184018
184031
184228
184268
184281
184320
184348
184377
184386
184397
184399
184400
184444
184618
184678
184687
184901
185002
185741
185752
185753
185754
185785
185787
185809
185895
185982
186034
186062
186533
186538
186565
186631
186670
186873
186926
186928
186987
187236
187239
187241
187315
188068
188299
188335
188347
188380
188422
188449
188723
188777
188928
188948
188976
189076
189081
189302
189309
189315
189325
189328
189632
189711
189726
189875
190468
190523
190572
190640
190669
190688
190752
190770
190777
190917
190938
191101
191202
191430
191449
191450
191466
191569
191587
191593
191594
191612
191729
191777
191873
191880
191886
192004
192070
192305
192677
193177
193251
193334
193569
193748
193861
193918
193973
194005
194026
194082
194257
194949
195209
195244
195266
195319
195360
195371
195398
195424
195430
195535
195536
195598
195605
195616
195661
195678
195819
195842
195874
195941
196423
196425
196473
196855
196964
197451
197607
197640
197827
197936
198110
198313
198324
198491
198867
198917
199046
199081
199145
199594
199667
199672
199734
199756
199767
199897
200036
200086
200124
200155
200165
200830
201293
201415
201444
201459
201499
201671
201710
201741
201766
201808
201820
201939
202004
202018
202121
202127
202147
202183
202250
202257
202469
202475
202550
202578
202610
202618
202694
202695
202712
202787
202793
202831
202974
203046
203099
203110
203184
203191
204512
204632
204637
204906
204907
204948
204989
204995
205087
205619
205627
205745
205803
205857
205892
206035
206047
206123
206338
206476
206494
206790
206865
206870
206893
207235
207239
207292
207394
207407
207453
207520
207522
207553
207752
207793
207822
207901
208227
208391
208403
208591
208751
208819
208822
209020
209239
209418
209512
209632
209785
209936
209984
210327
210443
210465
210708
211285
211288
211297
211336
211380
211453
211555
211568
211631
211699
211908
211975
212067
212104
212232
212274
212341
212397
212398
212412
212439
212452
212454
212460
212468
212484
212523
212562
212589
212593
212614
212621
212624
212657
212725
212780
212881
212924
212958
212982
213055
213229
213253
213254
213262
213312
213394
213991
214223
215109
215126
215230
215303
215426
215602
215702
215783
216045
216228
216274
216293
216311
216340
216385
216833
216913
217058
217308
217593
217643
217672
218015
218134
218154
218248
218281
218504
218614
218846
218901
218965
218979
219002
219114
219188
219573
219630
219693
219733
219814
219826
219851
219879
220207
220211
220225
220409
220493
220629
220632
220972
221028
221234
221517
221534
221694
221712
221751
221765
221766
221802
221855
221945
222009
222031
222045
222085
222086
222100
222178
222182
222307
222308
222324
222404
222515
222549
222861
222881
223659
224060
224525
224536
224542
224566
224791
225146
225989
226000
226036
226205
226259
226269
226458
226770
226855
226975
227038
227245
227307
227475
227568
227587
227605
227667
227864
228017
228030
228549
228553
228740
228781
228787
228797
228820
228960
228962
229031
229075
229305
229329
229352
229387
229463
229495
229585
229596
229631
229669
229671
229684
229691
229718
229723
229775
229804
229824
229895
229899
229937
229989
229993
230020
230056
230058
230073
230080
230151
230174
230200
230232
230233
230238
230591
230617
230747
230934
231090
231092
231254
231365
231371
231460
231995
232233
232303
232315
232463
232468
232480
232751
232863
233010
233069
233103
233220
233221
233337
233338
233364
233370
233449
233451
233485
233495
233502
233523
233526
233574
233622
233639
233660
234266
234311
234724
235421
235428
235446
235545
235817
236044
236117
236256
236334
236336
236339
236460
236518
236678
236764
236776
236826
236861
236954
237005
237033
237294
237330
237362
237382
237394
237641
237751
237836
237867
237883
237948
238058
238097
238200
238201
238273
238369
238478
238499
238526
238530
238857
239004
239204
239213
239241
239246
239260
239295
239306
239434
239447
239559
239617
239676
239679
239775
239860
239910
239975
239995
240041
240261
240277
240381
240391
240580
240728
241015
241500
241517
241525
241736
241743
242042
242094
242111
242131
242171
242184
242186
242188
242197
242210
242246
242278
242303
242511
242538
242575
242601
242770
242972
243032
243118
243207
243385
243893
243912
244326
244365
244433
244443
244791
244893
245119
245542
245676
245800
245854
246189
246306
246329
246355
246478
246649
246727
247182
247196
247197
247272
247352
247372
247654
247798
247893
248320
248534
248616
248639
248682
248709
248732
248740
249142
249365
249757
250083
250374
250480
250575
250590
250651
250657
250666
250726
250729
250734
250944
251202
251218
251256
251370
251374
251469
251522
251541
251546
251616
251676
252015
252041
252204
252628
252645
252774
252789
252799
252851
252852
252859
253266
253303
253438
253439
253570
253664
253700
253711
253734
253778
254036
254119
254146
254203
254272
254363
254392
254996
255124
255290
255680
255756
255864
256020
256189
256244
256305
256771
256833
257077
257182
257248
257835
257847
258134
258173
258175
258265
258388
258431
258508
258518
258522
258832
258950
259120
259142
259174
259652
259789
260087
260132
260446
260465
260550
260559
260658
260774
260796
260871
260947
261055
261066
261090
261095
261317
261449
261473
261503
261674
261682
261687
261713
261722
261737
261776
261925
261949
262007
262075
262188
262335
262343
262345
262562
262580
262763
262788
262819
263243
263309
263731
263790
263797
264064
264243
264250
264270
264464
264534
264629
264787
264789
264932
265014
265127
265165
265260
265268
265304
265337
265340
265397
265621
265947
265972
265999
266286
266296
266406
266509
266557
266577
266579
266582
266599
266844
266856
266863
266888
267037
267127
267161
267229
267248
267501
267639
267782
267886
268207
268275
268276
268633
268723
268786
268822
268876
268934
269141
269163
269243
269247
269249
269253
269327
269386
269621
269874
270152
270765
270814
270883
270905
270964
271049
271099
271101
271112
271248
271317
271682
271794
271880
271953
271965
272282
272568
272602
272768
272915
272917
273036
273264
273299
273372
273379
273389
273532
273534
273582
273869
273889
274044
274166
274368
274433
274434
274456
274503
274523
274652
274656
274753
274787
274829
274835
274904
275242
275315
275567
275916
275975
276002
276033
276131
276560
276611
276715
276790
276818
276929
277323
277562
277795
278552
278574
278836
278843
279260
279327
279657
279733
279777
279928
279997
280592
280681
280712
281298
281311
281389
281542
281619
281651
281660
281727
281869
282228
282294
282488
282580
282873
282916
283251
283308
283351
283504
283538
283553
283565
284369
284487
284682
285039
285126
285518
285668
285738
285748
285790
285841
286202
286233
286277
286331
286373
286473
286645
286794
287102
287160
287196
287216
287472
287547
287648
287663
287672
287680
287685
287773
288120
288224
288225
288365
288399
288462
288659
289030
289520
289589
289734
289746
289776
289944
289965
290237
290628
290805
290815
291044
291336
291710
292156
292220
292265
292490
292804
292810
293031
293127
293723
293848
294010
294236
294517
294621
294948
294949
295183
295189
295230
295275
295291
295874
295927
296796
296855
297268
297316
297317
297336
297348
297395
297429
297698
297831
297987
298136
298460
298657
298672
298734
298737
298753
298770
298820
299147
299175
299182
299185
299188
299387
299402
299441
299463
299500
299565
299595
299623
299781
300135
300408
300424
300436
300539
300603
300675
300790
300793
300893
300919
300928
300948
300956
300957
300966
301015
301038
301059
301083
301194
301208
301254
301300
301525
301527
301557
301724
301739
301740
301803
301822
301855
301941
301989
302028
302204
302239
302242
302389
302410
302495
302504
302602
302617
302689
302748
302803
302819
302986
303022
303081
303156
303200
303309
303319
303374
303499
303627
303645
303762
303769
303819
303823
303855
303919
303947
303993
304009
304017
304062
304101
304128
304183
304190
304325
304521
304573
304641
305347
305536
305797
307081
307094
307554
307562
307571
307696
307784
307844
308130
308149
308424
308687
308885
309002
309021
309164
309189
309228
309614
309791
309850
310015
310356
310391
310443
310529
310543
310637
310866
310954
311111
311159
311176
311219
311258
311299
311433
311443
311559
311744
311778
311816
311855
311860
311883
311906
311964
312049
312196
312236
312586
312699
312801
312999
313109
313627
313658
313779
313843
313866
314051
314054
314154
314188
314261
314280
314289
314297
314420
314556
314815
314820
314841
314908
314996
315025
315049
315141
315221
315251
315294
315318
315329
315386
315788
315836
315962
316006
316429
317099
317104
317142
317280
317590
317677
317845
317887
317912
318012
318018
318041
318043
318050
318064
318074
318121
318140
318180
318219
318245
318326
318393
318425
318507
318533
318710
318723
318824
318829
318926
318928
318930
319139
319191
319262
319309
319312
319329
319670
319717
319790
319795
319860
319887
319912
320064
320280
320616
321691
321839
322096
323041
323095
323284
323351
323504
323521
323646
323737
323937
324018
324666
324899
324916
324967
325150
325583
325692
325725
325727
325804
325805
325915
325962
326118
326181
326197
326267
326283
326507
326607
326697
326862
326879
327041
327110
327316
327375
327493
327545
327564
327584
327615
327766
327931
327976
328149
328269
328343
328351
328470
329065
329180
329197
329431
329534
329561
329607
329666
330091
330113
330199
330603
330609
330953
330956
330959
331000
331109
331222
331279
331311
331313
331327
331408
331436
331498
331525
331620
331667
331731
331743
331811
331817
331844
331899
331960
331997
332010
332017
332045
332126
332163
332200
333104
333138
333640
333679
333776
333796
333965
334016
334032
334103
334153
334214
334409
334502
334523
334533
334594
334639
334662
334664
334670
334671
334672
334702
334744
334745
334903
334931
335095
335104
335113
335144
335283
335342
335393
335542
335622
335627
335691
335836
335888
335943
335972
336053
336132
336234
336331
336474
336514
336533
336632
336636
336750
336757
336767
336836
336961
336985
337114
337139
337204
338020
338157
338188
338219
338290
338356
338416
338979
338998
339212
339442
339565
340235
340408
340530
340738
340806
340920
340993
341028
341046
341089
341127
341593
341620
341622
341685
342351
342550
342714
342811
342891
343089
343521
343522
343530
343701
343859
344169
344287
344526
344539
344865
344892
344912
344949
345068
345619
345888
345921
346043
346169
346170
346232
346304
346452
346597
346599
346775
346849
347095
347381
347479
347744
348039
348095
348160
348219
348241
348375
348422
348427
348439
348465
348562
348572
348645
348652
348659
348698
348753
348782
348829
349266
349287
349358
349452
349524
349687
349813
349821
350184
350196
351280
351314
351319
351374
351417
351758
351805
351937
352037
352190
352265
352501
352543
352728
352832
353013
353041
353145
353375
353406
353562
353607
353615
353721
353842
354082
354262
354318
354325
354503
354545
354616
354875
355004
355018
355046
355068
355340
355495
355551
355618
355680
355708
355926
356007
356074
356180
356199
356424
356482
356530
356569
356659
356769
356808
356999
357029
357157
357378
357460
357706
357742
357744
357872
357981
358230
358487
358491
358525
358586
358648
359084
359558
359617
359958
359969
359987
360393
360634
360638
360819
360862
360912
361465
361597
361757
361769
361792
362370
362461
362504
362624
363401
363562
363891
363895
364016
364019
364034
364262
364320
364415
364460
364470
364523
364598
365927
365961
367236
367651
367778
367964
368239
368275
368410
368432
368554
368555
368567
368654
368870
368955
369193
369491
369493
369513
369561
369722
369877
369897
370018
370109
370308
370674
371638
372885
375918
378738
380770
380798
380850
381037
381063
381103
381192
381195
381404
381763
381864
381876
382139
382303
382422
382528
382553
382741
382890
383144
383750
384202
384309
384342
384579
384657
384758
384943
385146
385415
385420
385688
385691
385807
385867
385934
386050
386086
386299
386852
386979
387082
387254
387279
387347
388309
388402
388412
388414
388446
388459
388569
388923
389025
389057
389317
389867
389895
389916
389968
389986
390016
390323
390610
390723
390776
390867
391057
391372
391378
391398
391445
391467
391573
391625
391649
391916
392043
392083
392265
392407
392429
392532
393081
393089
393090
393201
393530
393551
393927
393974
394240
395006
395206
395471
395574
395795
395827
396246
396397
396442
396618
396784
397210
397260
397263
397558
397727
397870
397929
398250
398431
398533
398797
398802
398838
399621
399730
399856
399884
400351
400889
400963
400966
401117
401305
401573
401651
401684
401968
401995
402076
402138
402231
402232
402268
402554
402558
402576
402862
403103
403286
403672
404063
404600
404768
405936
406030
406112
406238
406767
407023
407404
408128
408273
408751
409191
409255
409288
409601
409618
410209
410707
411002
411157
411300
411719
411848
411869
414558
414668
414836
416594
416601
416809
416811
416825
417025
417039
417040
417427
417449
417564
417574
417618
417654
418097
418314
418379
418465
418515
418562
418574
418627
418820
418829
418857
419322
419358
419455
419757
419860
419937
419977
419997
420113
420114
420405
421026
422035
422087
422459
423548
424413
424429
424526
424731
426224
427585
427637
428542
428937
429495
429781
430207
430362
430492
431078
432490
433493
433853
433857
434265
434377
434626
434694
434779
435041
435155
435164
435188
435202
435271
435324
435408
435416
435606
436077
436271
436413
436587
436886
436904
437920
438478
438708
439133
439210
439281
439606
439658
439684
439945
440158
440163
440178
440189
440211
440222
441444
441499
442820
443338
443507
443663
443936
443940
444439
444460
444498
445486
445870
445873
446086
446195
446242
446296
446495
446685
446786
446837
447019
447136
447270
447286
447608
447611
447631
447633
447730
447987
448683
448735
448780
448883
449004
449098
449176
449582
449658
449666
449693
449786
449919
450018
450021
450040
450085
450130
450139
450210
450218
450818
450828
451030
451033
451424
451444
451522
451526
451697
451746
453680
453798
454614
454704
454807
454942
455017
455058
455277
455367
455527
455940
455978
456238
456290
456625
457598
458314
458624
458871
459885
460115
461041
461335
462134
462321
462836
463006
463046
463321
463369
463443
463471
463585
463693
463756
463811
464075
464102
464234
464437
464551
464664
464743
464888
464892
464908
465421
465423
465580
465653
465781
465890
466205
466334
466583
466622
466664
466676
466716
466749
466764
466890
467157
467361
467419
467598
467603
467727
467864
467875
467883
467954
468037
468115
468294
468437
468505
468960
469065
469078
469400
469624
469708
469848
470284
470387
470605
470767
470773
470875
470915
471094
471154
471287
471432
471507
471944
471969
472210
472316
472391
472678
472893
474594
475304
476760
476926
477199
477284
478051
478962
478977
479161
479212
479713
479747
479875
481580
483131
484041
484074
484168
484268
484358
484433
484607
484761
484793
484937
485232
486504
486608
486747
486779
486904
486969
487196
487544
487555
488149
488169
488259
488455
488820
488956
488993
489076
489106
489689
490611
491285
491286
491534
491969
492359
492519
492854
492890
492939
493038
493107
493340
493366
493409
493548
493569
494022
494913
495031
496383
496439
496712
497131
497246
497362
497705
497828
497892
497961
498169
498434
498647
498683
498798
498832
499206
499824
500500
500770
500965
501076
501080
502864
502978
503340
503605
503770
503815
504145
504154
504169
504195
504214
504392
504940
504947
504970
505252
505392
505493
505846
505995
506034
506222
506238
506597
506876
506982
507199
507889
508316
508367
508377
508399
509949
510035
510102
510183
510239
510247
510369
510569
510631
510850
510852
510855
510987
511220
511926
511997
512191
512255
512398
513156
514084
514345
514694
515599
515733
516035
516064
516603
516614
517400
517416
517585
518153
518657
518717
518736
518745
518984
519728
519766
520213
520659
520739
520817
521251
521662
521663
521702
521713
522260
522454
523275
523711
523783
523853
524366
524407
525894
526084
527276
527762
528680
528681
528700
528950
528996
528998
529053
529248
529276
529297
529594
529707
529819
530397
530474
530840
531079
531160
531347
531442
531490
531639
531847
532051
532335
532808
532891
532932
533014
533015
533226
533295
533621
533648
533664
533724
534231
534547
536029
536248
537286
537450
537500
537563
537581
537645
537916
537948
537959
538813
538858
538905
539287
539903
541479
541496
541677
542740
542786
543141
543325
543477
543631
545657
546773
546799
547695
548925
549392
549840
549980
550345
550667
551237
552138
553698
554130
554880
554928
555552
556336
557892
557900
558091
558470
558489
559521
559604
559739
560385
560959
561209
561576
562676
562726
562776
565363
565969
565972
566864
567240
567963
568127
568194
569031
569413
569435
570175
570416
570965
571435
571513
571534
572976
573064
573193
573261
573594
573785
574254
574268
574450
576209
576294
576309
577258
577778
577845
578541
579007
579204
580655
581295
581443
581948
582058
582396
582635
582692
583221
583496
583519
583751
583839
584435
586195
586306
586466
586792
587074
587490
587514
587914
588029
588070
588292
588499
588508
588560
588901
589016
589487
589940
590174
590493
590647
591550
591967
592754
593408
593494
594936
595732
595972
596037
596310
596355
597086
597145
598149
598154
598282
598710
599411
599674
600258
601445
602094
602721
603370
604001
605301
605523
606388
606633
606800
606804
606842
607041
607834
608082
608240
609320
609539
609544
609607
610181
610349
610423
610545
610558
610724
610833
611040
611098
611916
612100
612280
612453
612663
613471
613555
613582
614317
614621
614673
616080
616153
617763
618408
619157
619167
619283
619572
620379
621099
621409
621428
621726
622577
622876
623043
623052
623139
623176
623222
623238
624200
624545
624771
624928
625223
625623
625767
626365
626781
627195
627288
628964
629235
629694
629739
629957
630092
630439
631259
631810
632372
632475
632750
632777
632891
633582
633963
634117
635127
635576
635967
636025
636095
636436
637114
637894
638115
640336
641078
641359
641897
643063
643577
646344
646454
646612
648736
648825
650282
650405
650542
650648
650753
651164
651290
651333
653131
653722
655275
655319
656840
659158
661923
662211
664389
664719
665204
665496
667634
668270
671366
671998
672580
674329
676876
677898
678065
678591
680537
682316
682370
682958
686103
686345
688956
692730
693366
696885
699041
700955
701113
702661
703404
703419
703523
703558
704986
704993
706182
706236
711391
715410
716611
716836
716905
720695
722055
722178
722724
723902
725971
727646
728158
728616
729339
730718
731422
731519
732576
733391
738890
740565
742821
744010
744120
747557
749696
759318
762423
762939
763525
763700
763850
769807
770226
772166
772167
772936
773856
774310
775260
775403
776997
777861
778791
780023
780229
784236
785348
797359
800988
807109
807181
808452
809469
809973
810847
810908
811551
812791
816231
820313
820327
822581
824824
828418
828652
833353
837075
837295
838720
840503
842843
843687
848220
848320
849268
852042
852307
852317
853273
857799
860371
863063
866460
867935
871539
872442
873146
874061
878879
879295
879415
880203
882568
884482
888449
894113
894376
896070
896851
897566
904035
905201
906696
906934
911051
913301
914583
918164
926602
930675
931790
933576
935062
940344
942424
947265
949208
952811
954704
954705
954706
954707
954708
956248
958869
962438
964043
968045
969283
974606
974607
974619
975618
975953
979981
979983
980535
980564
980793
981984
983058
984586
986198
986366
996187
998962
1000235
1000317
1002036
1002735
1006275
1011262
1018197
1020721
1022051
1023886
1030660
1031943
1033296
1035105
1037000
1037204
1039296
1040156
1041640
1046283
1050327
1050442
1055319
1056422
1058745
1065242
1072597
1075871
1077114
1079532
1079845
1084496
1085019
1091692
1093331
1096830
1102663
1103809
1108775
1112616
1118078
1122538
1126613
1126627
1129540
1132650
2
155
163
584
599
716
798
806
824
847
894
899
925
1029
1238
1266
1322
1375
1569
1601
1651
1660
1695
1783
1898
1981
2401
2429
2443
2720
2823
2852
2871
2915
3051
3100
3210
3295
3351
3467
3502
3522
3540
3688
3689
3718
3736
3899
4052
4117
4144
4160
4235
4246
4264
4330
4339
4366
4378
4432
4452
4501
4505
4520
4521
4544
4572
4588
4609
4624
4737
4747
4757
4784
4788
4822
4894
4911
4964
4985
5823
5839
5852
5887
6040
6055
6082
6092
6153
6156
6222
6304
6390
6399
6408
6852
6854
6917
6926
6988
7056
7058
7074
7203
7261
7285
7334
7405
7424
7446
7512
7531
7533
7572
7693
7698
7723
7760
7768
7787
7792
7903
7915
8103
8179
8180
8189
8228
8239
8279
8300
8492
8549
8552
8664
8895
8997
9000
9022
9051
9158
9199
9217
9266
9356
9373
9515
9542
9547
9669
9694
9715
9721
9759
9779
9810
9847
9917
9988
10109
10243
10257
10347
10427
10445
10469
10621
10714
10750
10925
10945
10954
10992
11030
11120
11184
11285
11306
11327
11367
11460
11482
11519
11555
11661
11932
11963
11986
12058
12066
12124
12194
12274
12349
12383
12449
12452
12501
12550
12599
12622
12627
12691
12718
12732
12740
12753
12772
12852
12857
12894
12913
12948
12983
13017
13032
13077
13111
13144
13241
13246
13261
13331
13350
13362
13371
13438
13455
13512
13549
13665
13706
13748
13907
13925
13959
13983
14013
14024
14079
14100
14110
14129
14143
14168
14193
14215
14420
14642
14872
15118
16188
16343
16594
16624
16757
16760
16775
16793
16806
16814
16845
16872
16883
16971
17032
17039
17109
17116
17138
17170
17196
17215
17460
17463
17691
17725
17738
17741
17777
17818
17861
17916
17917
17920
17926
18068
18109
18116
18165
18175
18178
18200
18239
18271
18313
18413
18428
18429
18447
18485
18506
18544
18563
18595
18620
18644
18655
18689
18712
18718
18723
18779
18882
18960
19292
19383
19400
19422
19426
19640
19827
19882
19899
19920
19949
19973
20019
20112
20119
20143
20186
20209
20219
20239
20302
20365
20466
20467
20489
20524
20558
20567
20614
20982
21042
21059
21091
21117
21146
21149
21246
21326
21342
21356
21368
21369
21379
21385
21436
21464
21493
21537
21669
21732
21830
21855
21876
21878
21920
21939
21959
22012
22025
22033
22035
22068
22088
22116
22122
22192
22236
22260
22319
22361
22363
22382
22415
22433
22476
22543
22595
22610
22672
22695
22703
22741
22753
22789
22810
22840
22853
22922
22923
22963
22989
23000
23006
23010
23030
23082
23087
23181
23227
23281
23307
23352
23363
23374
23434
23444
23474
23484
23533
23552
23588
23598
23610
23634
23636
23760
23788
23845
23914
23927
23935
23944
23954
24153
24204
24225
24292
24296
24298
24301
24344
24410
24414
24442
24450
24480
24532
24651
24730
24752
24762
24865
24900
24907
24969
25038
25043
25052
25082
25153
25192
25256
25301
25319
25332
25336
25495
25592
25704
25732
25808
25818
25825
25827
25833
25933
25967
25970
25999
26090
26093
26105
26125
26129
26160
26174
26197
26199
26211
26217
26244
26303
26324
26334
26336
26340
26368
26386
26421
26422
26442
26464
26465
26562
26574
26582
26643
26689
26740
26839
26854
26892
26901
26914
26917
26918
26928
26932
26956
26961
26968
27028
27038
27047
27122
27156
27169
27173
27245
27337
27393
27415
27445
27464
27525
27551
27572
27597
27771
27920
27987
28001
28017
28137
28216
28264
28296
28298
28340
28435
28440
28483
28484
28499
28506
28518
28526
28559
28576
28584
28594
28599
28615
28631
28672
28674
28702
28750
28756
28766
28796
28847
28853
28866
28888
28889
28968
29042
29054
29070
29086
29099
29107
29108
29113
29173
29184
29188
29236
29252
29281
29302
29324
29326
29334
29413
29423
29434
29454
29469
29548
29591
29617
29708
29722
29723
29733
29740
29777
29783
29805
29819
29826
29883
29889
29913
29916
30010
30013
30055
30056
30097
30191
30231
30263
30298
30345
30385
30441
30457
30496
30514
30559
30590
30615
30619
30795
30866
30888
30920
30946
30957
30976
30980
31019
31077
31136
31282
31294
31308
31310
31425
31437
31450
31553
31611
31669
31805
31822
31926
31959
31981
32021
32050
32112
32130
32166
32197
32228
32231
32257
32260
32293
32460
32508
32563
32653
32908
32921
33021
33026
33125
33144
33271
33353
33418
33434
33455
33461
33465
33536
33608
33661
33676
33792
33869
33909
33936
34055
34066
34119
34148
34155
34179
34316
34318
34324
34448
34497
34581
34725
34889
34892
35151
35184
35224
35333
35396
35424
35478
35523
35555
35628
35719
36167
36327
36419
36428
36605
36618
36731
36736
36766
36768
36786
36798
36823
36824
36872
36921
36982
37014
37106
37156
37176
37194
37213
37251
37400
37401
37480
37585
37625
37633
37654
37702
37734
37837
37869
37887
37905
37921
37965
37970
38016
38068
38074
38116
38244
38295
38359
38762
38866
38892
38921
38923
38958
39016
39179
39183
39192
39223
39232
39425
39615
39620
39671
39729
39804
39989
40019
40079
40121
40154
40161
40163
40164
40176
40255
40290
40295
40357
40385
40457
40559
40591
40636
41202
41245
41265
41353
41515
41518
41557
41610
41673
41676
41731
41743
41855
41970
41997
42123
42155
42245
42424
42577
42578
42599
42826
42882
42945
42957
42980
43088
43092
43111
43314
43326
43340
43351
43359
43379
43421
43474
43476
43494
43508
43532
43579
43918
43978
44030
44130
44244
44297
44330
44344
44430
44478
44482
44516
44541
44566
44622
44958
44985
45019
45082
45108
45152
45510
45628
45662
45679
45717
45765
45810
45902
45930
46005
46006
46079
46094
46106
46135
46169
46244
46298
46315
46568
46634
46701
46925
47002
47023
47140
47235
47305
47346
47369
47371
47375
47392
47395
47400
47458
47459
47480
47504
47507
47612
47693
47707
47729
47752
47871
48146
48246
48275
48324
48448
48541
48578
48651
48737
48841
48854
48921
48923
48982
48984
48986
48996
49056
49065
49120
49175
49258
49291
49297
49335
49369
49384
49455
49459
49486
49555
49558
49573
49611
49617
49651
49659
49749
49764
49785
49858
49878
49911
49915
50019
50095
50107
50198
50221
50227
50265
50280
50416
50449
50549
50634
50674
50923
50965
50970
51092
51153
51240
51259
51348
51449
51553
51554
51616
51665
51694
51706
51795
51817
51818
51899
51903
51916
51926
51932
51982
52025
52122
52185
52327
52349
52362
52368
52472
52474
52500
52510
52589
52593
52774
52787
52902
52974
53121
53155
53157
53284
53296
53348
53490
53547
53627
53676
53805
53817
53822
53846
53859
53913
54154
54267
54640
54646
54766
54902
54931
54975
54992
55003
55222
55277
55418
55579
55677
55703
55737
55766
55790
55833
55845
55859
55901
55937
55957
55959
55960
55991
56000
56014
56031
56112
56203
56210
56216
56227
56234
56239
56329
56332
56347
56356
56359
56370
56375
56429
56436
56438
56444
56477
56481
56542
56592
56602
56610
56616
56645
56703
56733
56734
56760
56821
56847
56856
56862
56873
56928
56957
57041
57043
57047
57069
57079
57233
57241
57253
57352
57374
57448
57478
57522
57550
57572
57573
57574
57596
57682
57761
57817
57842
57987
57990
58121
58150
58188
58299
58348
58354
58407
58448
58480
58544
58548
58591
58608
58625
58637
58652
58655
58727
58945
58981
58991
59071
59283
59391
59394
59582
59628
59736
59753
59789
59996
60077
60183
60221
60281
60339
60397
60430
60436
60471
60486
60494
60573
60699
60971
61001
61141
61165
61201
61212
61243
61259
61302
61397
61434
61451
61482
61489
61501
61508
61534
61564
61579
61580
61599
61632
61643
61666
61681
61749
61767
61821
61845
61873
61878
61923
62168
62228
62508
62515
62607
62610
62666
62701
62731
62822
62922
62942
63018
63026
63100
63183
63262
63283
63625
63670
63690
63711
63841
63842
63850
63900
63970
63996
64187
64204
64280
64340
64362
64400
64441
64539
64575
64641
64642
64644
64715
64738
64784
64867
64887
64901
64913
64929
64961
65014
65048
65075
65269
65289
65357
65376
65509
65702
65793
65845
66327
66328
66342
66353
66373
66395
66413
66430
66516
66601
66649
66655
66662
66669
66689
66699
66716
66733
66757
66758
66767
66789
66940
66950
66992
67034
67108
67217
67255
67263
67404
67521
67524
67739
67789
67907
67984
68306
68317
68399
68463
68511
68568
68692
68713
68842
68908
68929
68972
69014
69046
69166
69204
69229
69267
69410
69439
69454
69488
69505
69514
69585
69596
69781
69782
69805
69944
69964
70001
70002
70060
70087
70102
70158
70164
70180
70181
70196
70246
70262
70299
70329
70346
70353
70442
70593
70607
70619
70633
70644
70670
70758
70776
71032
71046
71118
71363
71376
71555
71571
71604
71785
71836
71908
71940
71978
71990
72001
72122
72218
72323
72389
72414
72420
72568
72895
73118
73333
73456
73512
73584
73613
73627
73662
73667
73682
73692
73846
73862
73871
73903
74080
74106
74295
74305
74358
74378
74455
74579
74640
74672
74718
74851
74855
74879
74891
74979
75040
75102
75248
75254
75260
75427
75445
75457
75464
75497
75510
75515
75524
75635
75668
75683
75691
75817
75894
75905
75915
75927
75928
76022
76051
76061
76074
76077
76115
76164
76175
76217
76223
76348
76517
76537
76597
76855
76922
76972
77040
77056
77140
77155
77157
77184
77185
77222
77224
77240
77242
77321
77323
78047
78091
78116
78277
78348
78377
78550
78618
78626
78638
78674
78808
78822
78835
78924
78991
79112
79143
79211
79279
79297
79407
79408
79602
79626
79636
79710
79718
79772
79826
79889
79907
79931
80003
80150
80209
80549
80702
80843
80844
80853
80875
80910
81097
81296
81389
81430
81441
81509
81806
81836
81906
82016
82128
82522
82541
82657
82694
82748
82771
82809
82818
82822
82827
82870
82884
82889
82981
83004
83043
83068
83080
83124
83127
83166
83228
83248
83317
83455
83476
83506
83631
83663
83698
83721
83790
83937
83958
84076
84105
84158
84164
84175
84200
84229
84303
84350
84399
84429
84440
84493
84750
84789
84807
84930
85214
85230
85359
85415
85460
85508
85743
85792
85837
85850
85859
85877
85917
86019
86053
86094
86185
86260
86306
86497
86629
86651
86785
86827
86884
86916
86924
87014
87037
87155
87351
87393
87525
87725
87746
88101
88129
88213
88215
88299
88314
88325
88471
88498
88614
88626
88675
88886
88981
88991
89054
89135
89214
89713
89715
89718
89870
90455
90905
90950
91025
91032
91033
91064
91131
91176
91273
91422
91426
91455
91458
91481
91526
91697
91834
91835
91857
91867
91899
91902
91985
92133
92141
92166
92169
92220
92222
92257
92424
92452
92455
92484
92512
92641
92667
92699
92793
92838
92881
92901
92903
92934
93019
93048
93087
93117
93249
93284
93326
93334
93348
93452
93455
93456
93469
93497
93499
93520
93556
93597
93610
93626
93628
93643
93699
93724
93729
93755
93932
93957
93962
93996
94011
94051
94113
94166
94199
94215
94298
94300
94311
94319
94320
94420
94429
94492
94617
94663
94788
94803
94855
94918
94933
94981
94983
94996
94998
95031
95045
95047
95116
95122
95144
95179
95255
95371
95423
95447
95451
95475
95487
95517
95557
95595
95606
95618
95628
95673
95677
95688
95698
95704
95768
95805
95848
95850
95857
95869
95960
95970
95995
96029
96104
96112
96150
96155
96196
96207
96227
96352
96374
96377
96396
96401
96431
96499
96664
96680
96759
96832
96920
96929
96956
97083
97087
97135
97172
97194
97231
97238
97279
97306
97313
97378
97416
97421
97426
97428
97498
97542
97567
97590
97593
97599
97630
97646
97688
97690
97711
97747
97749
97823
97844
97901
97917
97919
97948
97949
97953
97959
97976
98043
98066
98074
98089
98109
98124
98158
98230
98253
98269
98339
98353
98359
98400
98423
98441
98450
98461
98476
98619
98753
98812
98861
98884
98893
98922
99015
99027
99051
99153
99316
99328
99414
99425
99474
99477
99532
99677
99720
99750
99752
99760
99770
99796
99825
99866
99959
99969
99972
100002
100040
100069
100104
100183
100205
100240
100242
100268
100275
100291
100301
100351
100395
100431
100453
100488
100496
100504
100623
100659
100708
100765
100784
100785
100810
100834
100879
100902
100908
100933
101078
101097
101127
101168
101194
101260
101294
101300
101306
101420
101428
101461
101488
101507
101598
101659
101736
101787
101812
101844
101867
101885
101930
101966
102004
102013
102047
102050
102056
102113
102133
102143
102152
102167
102170
102197
102202
102279
102300
102303
102308
102310
102324
102340
102355
102444
102478
102495
102508
102514
102555
102616
102753
102807
102846
102885
102891
102892
102900
102925
102954
102958
102966
102979
102994
102996
103016
103022
103051
103079
103152
103162
103228
103262
103269
103400
103406
103421
103426
103428
103432
103448
103460
103491
103500
103545
103559
103586
103650
103667
103674
103709
103712
103723
103724
103726
103750
103766
103783
103848
103869
103873
103943
103959
103977
104011
104049
104115
104182
104184
104188
104199
104247
104281
104317
104332
104340
104354
104438
104468
104521
104554
104569
104588
104610
104614
104668
104786
104791
104841
104858
104882
104953
105102
105205
105240
105274
105300
105312
105639
105690
105768
105776
105788
105842
105875
105877
105918
105940
106080
106083
106192
106200
106271
106331
106349
106477
106533
106538
106552
106640
108557
108563
108583
108631
108666
108721
108760
108785
109021
109028
109078
109121
109294
109296
109300
109620
109902
109918
109987
110056
110142
110215
110264
110347
110375
110437
110549
110583
110596
110704
110705
110719
110754
111175
111508
111517
111859
112457
112486
112553
112558
112591
112651
112670
112725
112831
112891
112974
113144
113163
113223
113283
113295
113330
113356
113374
113496
113572
113582
113716
113941
113977
114031
114033
114040
114107
114140
114142
114167
114231
114411
114614
114733
114744
114929
115276
115408
115641
115657
115681
115694
115701
115738
115809
115864
115932
116004
116022
116034
116243
116256
116289
116301
116326
116369
116377
116383
116495
116588
116692
116951
117035
117347
117365
117381
117524
117618
117628
117661
117700
117758
118054
118101
118188
118224
118230
118282
118378
118441
118450
118523
118538
118590
118682
118694
118779
118798
118844
118987
118996
119097
119098
119111
119148
119230
119275
119361
119437
119543
119586
119629
119664
119682
119733
120038
120172
120231
120294
120366
120383
120400
120463
120476
120552
120561
120640
120660
120688
120708
120709
120730
120754
120786
120803
120823
120861
120865
120872
120873
120889
121073
121088
121109
121119
121135
121186
121243
121297
121327
121339
121340
121349
121504
121517
121538
121622
121639
121658
121682
121723
121816
121829
121888
121904
121928
122071
122126
122278
122289
122332
122435
122725
122782
122792
122990
123031
123140
123214
123228
123329
123353
123768
123869
124071
124130
124169
124232
124419
124459
124539
124920
124934
124949
124972
125282
125329
125456
125707
125760
125870
125889
125890
125925
126015
126023
126123
126140
126232
126259
126275
126285
126289
126297
126305
126328
126335
126346
126348
126367
126419
126545
126682
126741
126786
126812
126854
126909
126961
127042
127095
127178
127199
127303
127345
127476
127563
127754
127756
128021
128141
128373
128461
128549
128559
128607
128615
128624
128639
128713
128740
128755
128759
128811
128858
128865
128905
128954
129079
129091
129097
129142
129439
129471
129597
129624
129697
129765
129790
129832
129868
129952
129955
130030
130101
130115
130294
130787
130831
130990
131049
131082
131390
131403
131436
131465
131466
131470
131582
131607
131778
131793
131830
131835
131986
132231
132349
132504
132619
132888
132921
132932
132974
133016
133176
133296
133336
133356
133427
133641
133709
133968
134048
134245
134272
134331
134360
134396
134428
134514
134569
134671
134786
134824
134826
134833
134929
134955
135025
135038
135103
135114
135228
135332
135347
135413
135432
135434
135444
135459
135485
135685
135704
135841
135915
135916
135940
136030
136043
136059
136104
136115
136205
136285
136293
136294
136388
136422
136424
136426
136456
136467
136470
136504
136508
136556
136578
136587
136591
136656
136766
136777
136793
136818
136825
136842
137026
137047
137317
137324
137325
137574
137608
137634
137641
137674
137713
138043
138174
138903
138933
139300
139365
139368
139372
139398
139440
139657
139919
140051
140078
140292
140444
140455
140478
140483
140564
140566
140584
140616
140694
140872
140945
140979
141231
141270
141279
141326
141376
141503
141548
141550
141556
141578
141579
141639
141657
141694
141882
141931
141942
142016
142166
142219
142298
142312
142369
142456
142553
142660
142765
143149
143222
143281
143318
143355
143421
143438
143460
143562
143629
143686
143770
143813
143817
143835
143860
143967
144007
144025
144125
144178
144311
144339
144515
144598
144667
144691
144706
144733
144772
144819
144822
144829
144849
144886
144933
144957
145032
145299
145329
145366
145427
145489
145530
145639
145746
145829
145863
145898
145925
145927
145965
145986
146069
146094
146116
146186
146188
146256
146325
146397
146414
146589
146606
146641
146645
146661
146682
146736
146741
146759
146856
146861
146867
146904
146923
146992
147002
147139
147167
147319
147324
147468
147512
147538
147609
147660
147663
147671
147716
147855
147938
147979
148050
148093
148166
148211
148284
148382
148414
148421
148475
148526
148586
148605
148629
148631
148642
148703
148823
148834
148836
148877
148892
148935
149135
149152
149172
149220
149279
149417
149433
149435
149592
149638
149771
149830
149832
149934
149970
149979
150072
150098
150199
150200
150203
150236
150308
150338
150443
150448
150582
150734
150798
150805
150892
150895
150919
150924
150935
150986
150990
151010
151224
151349
151384
151449
151480
151534
151568
151573
151577
151637
151656
151679
151712
151738
151772
151797
151801
151889
151947
152295
152349
152352
152385
152553
152575
152607
152742
152774
152812
153006
153114
153124
153165
153372
153423
153551
153556
153678
153732
153744
153779
153805
153861
153933
153955
154063
154078
154126
154139
154177
154182
154186
154227
154462
154464
154469
154546
154563
154773
154986
155065
155123
155134
155147
155179
155224
155232
155236
155289
155293
155298
155404
155407
155508
155529
155540
155645
155694
155769
155837
155847
155913
155958
155961
155962
155982
156058
156080
156083
156169
156179
156241
156268
156312
156372
156373
156488
156536
156552
156586
156643
156709
156772
156815
156821
156851
156888
156898
156911
156917
156946
156956
157004
157035
157083
157116
157199
157207
157226
157251
157313
157449
157887
158048
158122
158153
158212
158265
158273
158385
158395
158419
158503
158528
158534
158840
159026
159100
159203
159228
159263
159380
159435
159461
159463
159474
159475
159529
159620
159631
159668
159717
159869
160023
160083
160172
160175
160193
160196
160282
160295
160309
160336
160391
160397
160420
160446
160488
160514
160536
160620
160688
160788
160801
160803
160823
160824
160997
161026
161077
161212
161218
161288
161289
161301
161334
161379
161553
161592
161630
161690
161771
161788
161892
161973
162062
162114
162125
162126
162147
162252
162296
162349
162456
162477
162480
162684
162784
162967
162973
163015
163141
163183
163185
163410
163450
163454
163494
163523
163555
163629
163653
163683
163714
163738
163746
163863
163936
164073
164078
164363
164444
164522
164536
164635
164652
164695
164722
164774
166407
167999
168257
168684
169731
170208
170321
170323
170401
170462
170485
170980
171370
171399
171495
171634
172292
172401
172464
172580
172655
172861
173109
173148
173153
173154
173184
173186
173267
173270
173670
173938
173957
174105
174137
174173
174266
174287
174305
174357
174368
174401
174406
174409
174476
174590
174824
174833
174835
174998
175057
175195
175282
175840
175924
177418
177419
177428
177430
177567
177656
177681
177682
177769
177782
177795
177812
177835
177988
178057
178084
178094
178232
178282
178313
178319
178488
178499
178713
178719
178881
179000
179437
179528
179529
179593
179606
179607
179608
179732
179820
179850
179921
179930
179966
180024
180088
180135
180167
180174
180178
180250
180252
180260
180270
180284
180317
180395
180444
180497
180546
180680
180706
180719
180783
180831
180842
181026
181141
183889
183989
184062
184184
184230
184301
184335
184338
184407
184428
184431
184517
184907
184920
184934
184949
184972
185723
185740
185749
185759
185905
185914
185934
186018
186030
186124
186610
186621
186820
186881
186979
187276
187302
187514
187525
187596
187608
187996
188015
188019
188020
188037
188287
188321
188345
188364
188377
188378
188397
188400
188474
188490
188595
188601
188693
189046
189057
189074
189296
189299
189658
189705
189710
189891
190366
190376
190419
190471
190485
190841
190863
190865
190907
191118
191135
191180
191196
191254
191316
191330
191358
191403
191472
191578
191624
191733
191750
191754
191758
191814
191817
191883
191954
191955
191993
191998
192038
192132
192208
192238
192259
192304
192482
192485
192551
192641
192644
192652
192667
192689
192984
193230
193266
193331
193544
193920
193978
193997
194041
194109
194116
195083
195227
195255
195426
195435
195457
195462
195498
195554
195572
195578
195726
195769
195858
195880
196057
196392
196395
196555
196705
196719
196747
196956
197077
197463
197797
198105
198185
198902
198934
199027
199075
199123
199390
199412
199475
199542
199731
199735
199736
199753
199782
200132
200163
200169
200742
200782
200792
200796
200800
200807
200847
200851
200913
200928
201123
201208
201249
201281
201325
201396
201552
201673
201740
201755
201772
201780
201833
201861
201984
202041
202061
202072
202190
202192
202207
202213
202276
202346
202394
202415
202423
202464
202466
202542
202546
202586
202593
202660
202662
202713
202824
202843
203123
203177
203190
203222
203223
203232
203259
203272
203620
204449
204631
204749
204762
204858
204864
204901
204916
205843
206002
206136
206145
206146
206236
206341
206443
206466
206475
206558
206884
207111
207236
207258
207278
207340
207373
207377
207379
207415
207430
207435
207465
207599
207609
207618
207678
207765
207796
207797
207809
207811
207814
207830
207846
208039
208133
208214
208257
208441
208529
208595
208755
208883
208916
209107
209235
209351
209525
209718
209821
209822
209829
209965
209997
210014
210102
210178
210251
210269
210471
210481
210774
210934
211013
211132
211144
211213
211293
211318
211322
211363
211378
211389
211416
211418
211420
211509
211549
211570
211573
211606
211621
211722
211741
211744
211775
211819
211874
211890
211940
211946
212071
212099
212212
212349
212353
212402
212453
212534
212567
212732
212738
212889
212891
212913
212981
213028
213043
213060
213087
213112
213152
213222
213272
213311
213339
213367
213382
213402
213418
213428
213439
213476
213724
213790
213986
214229
214239
214249
214920
214964
214976
215027
215195
215509
215575
215805
215955
215956
216012
216154
216283
216323
216329
216346
216371
216493
216617
216656
216994
217030
217143
217175
217195
217223
217274
217289
217416
217468
217634
217902
217978
218033
218089
218138
218155
218204
218259
218304
218552
218584
218595
218695
218830
218856
218862
218929
218935
218966
219141
219175
219176
219218
219350
219364
219366
219483
219484
219514
219531
219563
219571
219578
219666
219965
220255
220329
220344
220435
220444
220445
220447
220469
220494
220720
220762
220982
221001
221100
221296
221397
221446
221521
221566
221571
221633
221639
221647
221740
221821
221994
222010
222030
222116
222120
222248
222288
222309
222310
222424
222438
222476
222671
222707
222720
222744
222762
222800
222867
223204
223424
223438
223611
223631
223690
223754
223843
223930
223966
224484
224497
224576
224588
224826
224888
224912
224937
225036
225177
225703
225718
225776
225985
226307
226401
226437
226455
226576
226578
226748
226766
226856
227017
227025
227135
227167
227235
227244
227441
227567
227721
227770
227952
227954
228033
228455
228620
228623
228806
228936
228958
229048
229095
229156
229230
229296
229358
229392
229398
229433
229472
229630
229709
229710
229722
229730
229737
229763
229868
229958
230004
230030
230081
230107
230111
230170
230252
230255
230294
230311
230637
230644
230776
230781
230851
230852
230933
230993
231103
231117
231169
231366
231375
231591
231706
231898
232253
233100
233355
233378
233413
233447
233466
233471
233509
233541
233552
233620
233748
234126
234435
235054
235296
235452
235495
235565
235588
235592
235613
235732
235743
235815
235895
235903
235954
235979
236031
236070
236260
236289
236370
236425
236452
236456
236461
236493
236602
236720
236819
236850
236952
237006
237012
237030
237067
237084
237088
237186
237205
237215
237224
237225
237307
237311
237368
237392
237400
237436
237512
237607
237658
237711
237735
237876
237907
237955
237963
238031
238182
238202
238235
238325
238477
238503
238513
238518
238552
238567
238574
238583
238603
238625
238653
238941
238992
239079
239089
239092
239172
239196
239242
239422
239663
239687
239729
240058
240069
240081
240082
240175
240196
240207
240392
240430
240487
240614
240639
240724
240755
240860
240980
240992
241032
241431
241556
241620
241944
241971
241988
242017
242051
242123
242160
242224
242296
242443
242509
242563
242568
242707
242709
242899
242959
243191
243271
243334
243466
243504
243563
243598
243653
243665
243696
243745
243883
244053
244064
244525
244642
244734
244821
244825
244883
244999
245029
245083
245126
245170
245240
245554
245587
245932
246121
246185
246246
246269
246284
246294
246323
246336
246374
246391
246420
246462
246475
246486
246489
246516
246544
246558
246561
246590
246591
246618
246621
246839
246898
246935
246950
247198
247260
247348
247391
247622
247778
247801
247814
247842
247850
247896
247934
247977
248134
248270
248400
248680
248698
248781
248957
249045
249233
249291
249372
249438
249547
249555
249732
249952
249959
249967
250054
250296
250311
250681
250776
250790
250893
251263
251313
251478
251489
251501
251515
251594
251703
251716
251777
251864
251969
252178
252213
252243
252680
252686
252741
252747
252760
252779
252834
252844
253004
253086
253088
253172
253191
253280
253518
253532
253555
253768
253829
253843
253960
254122
254391
254400
254418
254691
254710
254960
254998
255016
255046
255073
255080
255100
255237
255300
255302
255468
255574
255668
255735
255789
255791
255839
255925
256179
256191
256199
256416
256508
256648
256687
256692
256980
257104
257169
257239
257462
257532
257594
257806
257993
258093
258142
258216
258271
258351
258354
258385
258436
258500
258528
258614
258647
258714
258788
259011
259042
259068
259141
259153
259177
259196
259217
259220
259228
259239
259242
259251
259253
259337
259360
259418
259568
259645
259723
259947
259949
259954
260024
260083
260084
260170
260182
260356
260400
260439
260445
260560
260624
260672
260691
260717
260805
260967
260969
261088
261120
261250
261269
261492
261578
261897
261919
261931
261940
261965
261966
261979
262133
262140
262259
262474
262624
262811
262854
263029
263036
263050
263089
263150
263161
263385
263526
263564
263579
263601
263649
263768
263773
263829
263831
263876
264045
264075
264123
264314
264550
264611
264662
264663
264692
264693
264732
264824
265342
265352
265477
265493
265632
265949
265950
266053
266077
266101
266298
266405
266433
266448
266575
266581
266589
266647
266664
266812
267026
267286
267434
267438
267509
267565
267566
267591
267622
267706
267888
267924
267997
268129
268202
268380
268416
268418
268420
268457
268471
268501
268634
268637
268814
268825
268880
268926
269004
269073
269154
269260
269312
269339
269358
269467
269468
269511
269543
269550
269577
269610
269897
269911
269915
269924
269967
270261
270268
270337
270421
270521
270555
270689
270852
270990
271004
271032
271033
271035
271100
271113
271402
271414
271440
271447
271504
271513
271555
271626
271647
271670
271735
271770
272151
272159
272294
272626
272645
272680
272690
272693
272702
272760
272761
272774
272814
272853
272988
273048
273156
273241
273279
273320
273405
273424
273429
273544
273549
273756
273764
273797
273924
273945
274045
274070
274188
274194
274197
274217
274283
274332
274356
274358
274432
274588
274823
275095
275270
275272
275517
275619
275672
275859
276065
276219
276457
276612
276911
276972
277010
277026
277040
277115
277126
277265
277378
277470
277476
277498
277503
277808
277809
277841
277902
278134
278329
278402
278588
278599
278699
279055
279171
279400
279402
279485
279562
279611
279628
279629
279919
280340
280409
280522
280556
280659
280668
280825
280938
281055
281098
281121
281132
281216
281435
281501
281579
281634
281645
281684
282003
282027
282046
282435
282501
282508
282625
282635
282651
283240
283316
283352
283365
283574
283580
284202
284377
284384
284537
284698
284740
284848
285131
285166
285257
285428
285441
285458
285472
285542
285610
285691
285706
285866
285876
285891
285899
285968
286112
286262
286343
286351
286613
286615
286639
286654
286725
286743
286745
286774
286791
286840
286916
287000
287064
287091
287108
287118
287159
287174
287488
287497
287656
287684
287691
287705
288137
288244
288250
288283
288346
288404
288416
288605
288844
288874
288912
289031
289151
289259
289318
289470
289765
290115
290699
290755
290791
290839
291036
291071
291181
291202
291622
291693
291823
291906
291940
291988
292196
292232
292336
292374
292383
292587
292635
292963
293032
293471
293586
293903
293906
293960
294310
294321
294512
294636
294686
294775
294812
295030
295280
295295
295641
295642
295899
295988
296086
296286
296387
296898
296946
296968
296973
297319
297360
297503
297564
297612
297972
297991
298238
298359
298520
298639
298684
298710
298744
298756
298758
298777
298880
298937
298975
298988
299136
299165
299349
299357
299362
299398
299484
299491
299498
299555
299560
299590
299598
299621
299645
299998
300138
300154
300216
300232
300273
300295
300354
300385
300425
300447
300579
300688
300805
300874
300884
300885
300898
300922
300990
301039
301090
301092
301098
301116
301117
301143
301168
301187
301193
301263
301275
301290
301301
301330
301383
301474
301562
301614
301750
301763
301808
301811
301907
301988
301998
302007
302054
302071
302109
302214
302248
302276
302286
302319
302365
302383
302548
302567
302609
302690
302938
302965
303019
303034
303061
303108
303117
303133
303347
303358
303378
303414
303417
303424
303625
303631
303696
303700
303701
303749
303751
303835
303849
303894
304022
304024
304032
304039
304051
304052
304075
304086
304100
304104
304171
304211
304317
304374
304410
304432
304651
304652
304695
304696
304864
304895
305033
305037
305103
305134
305172
305210
305358
305401
305607
305682
305688
305721
305724
305775
305803
305837
306047
306064
306091
306106
306311
307425
307591
307601
307670
307842
307857
308041
308102
308461
308625
308651
308674
308691
309025
309163
309498
309532
309653
309733
309867
310012
310127
310322
310361
310402
310466
310493
310525
310526
310535
310547
310668
310719
310737
310841
310856
310883
310885
311112
311158
311163
311174
311177
311200
311267
311348
311428
311431
311436
311440
311592
311749
311834
311844
311914
311940
311981
312001
312008
312070
312128
312235
312290
312396
312488
312489
312541
312542
312665
312779
313031
313599
313614
313772
313782
313876
314027
314116
314162
314306
314569
314571
314779
314783
314797
314832
314870
314916
314918
314976
315020
315022
315030
315098
315146
315160
315161
315209
315259
315331
315450
315485
315502
315783
315895
315934
315943
316189
316257
316586
316644
316707
316937
317018
317098
317110
317117
317485
317553
317685
317736
317798
317825
317862
317869
317885
317922
317924
317960
318014
318026
318070
318079
318085
318107
318108
318160
318302
318321
318323
318515
318633
318768
318778
318785
318808
318892
318923
318931
319025
319038
319146
319154
319197
319323
319615
319638
319656
319711
319848
319851
319898
319911
319925
319928
319938
319971
319972
320025
320058
320276
320375
320498
320615
320856
321072
321140
321166
321169
321309
321444
321580
321729
321938
322095
322104
322922
322975
323008
323100
323345
323388
323427
323446
323468
323472
323508
323548
323597
323609
323664
323679
323686
324043
324051
324223
324460
324669
324681
324688
324828
324831
324843
324981
325125
325133
325325
325621
325788
325789
325807
325849
325886
325905
326009
326054
326055
326120
326198
326327
326356
326478
326554
326662
326706
326724
327009
327021
327070
327102
327465
327483
327583
327606
327625
327632
327768
327881
327911
327988
328017
328277
328287
328323
328380
328518
329142
329170
329173
329196
329240
329243
329333
329367
329377
329422
329507
329517
329522
329539
329586
329599
329617
329625
329640
329783
329839
329929
330006
330041
330060
330491
330596
330915
330932
330943
330948
330965
330971
331002
331041
331117
331125
331140
331150
331226
331238
331298
331303
331381
331384
331455
331480
331515
331544
331588
331621
331652
331781
331878
331995
332128
332147
332159
332188
332213
332222
332311
332411
332488
332722
332788
332924
333240
333254
333622
333632
333688
333701
333702
333863
333881
333912
333960
334063
334086
334095
334188
334264
334272
334355
334407
334466
334514
334530
334575
334616
334705
334754
335000
335094
335140
335167
335279
335365
335458
335525
335646
335688
335750
335791
335857
335860
335877
335883
335884
335893
335902
335940
335973
335975
336005
336098
336102
336257
336272
336299
336300
336306
336460
336466
336468
336471
336520
336522
336626
336681
336700
336766
336774
336824
336867
336966
337031
337102
337225
337450
337633
338135
338192
338353
338512
338769
338798
338907
338967
338978
339005
339041
339146
339158
339265
339303
339317
339413
339519
339614
339950
339997
340023
340078
340144
340151
340343
340354
340483
340606
340913
340984
340997
341049
341108
341166
341179
341615
341661
341703
341845
341865
341987
342249
342260
342334
342466
342483
342677
342725
342856
342950
342951
342982
342983
343606
344075
344089
344123
344139
344171
344179
344181
344215
344517
344521
344528
344629
344823
344899
344909
345158
345160
345218
345305
346096
346140
346159
346163
346450
346454
346615
346935
347099
347135
347241
347249
347298
347524
347845
347905
348035
348227
348248
348253
348357
348451
348629
348633
348769
348827
348963
349203
349214
349261
349286
349387
349460
349522
349889
350046
350049
350099
350121
350206
350614
350700
351362
351369
351371
351862
351890
351990
352119
352186
352298
352614
352662
352706
352714
352859
352885
353025
353093
353347
353412
353455
353456
353560
353564
353585
353598
353621
353675
353747
353763
353862
353907
354199
354354
354461
354479
354529
354591
354779
354836
354880
354931
354966
355050
355081
355111
355120
355281
355301
355329
355351
355357
355363
355423
355669
355748
355873
356045
356064
356167
356178
356269
356335
356340
356571
356792
357071
357135
357319
357408
357435
357598
357618
357670
358210
358251
358311
358351
358580
358699
358722
358827
359252
359439
359703
359774
359798
359853
359865
359871
359881
359957
359973
359980
360003
360050
360236
360424
360435
360577
360598
360647
360730
360764
360776
361025
361049
361126
361201
361206
361270
361273
361513
361566
361736
361741
361804
361850
362085
362109
362127
362166
362420
362483
362503
362519
362546
362867
363314
363436
363473
363576
363885
363890
364208
364267
364298
364341
364435
364461
364463
364550
364650
364651
364695
364728
364755
365140
365241
365831
365957
366064
366178
366486
366492
367371
367654
367768
367769
367990
368082
368083
368266
368284
368616
368630
368649
368668
368775
368778
368817
368818
368823
368852
368858
368875
368997
369185
369312
369401
369428
369521
370031
370053
370067
370106
370203
370209
370218
370228
370257
370304
370374
370434
370448
371000
371034
371306
372021
372071
374130
376634
377282
377966
379302
379686
380910
380955
380993
381034
381035
381078
381108
381265
381327
381414
381432
381615
381671
381794
381825
381930
381957
381961
382004
382080
382081
382194
382197
382216
382581
382640
382685
382705
382793
383411
383515
383833
383835
384209
384359
384394
384398
384412
384537
384923
384946
385045
385116
385414
385424
385558
385597
385642
385695
386114
386302
386537
386593
386641
386656
386729
386765
386853
386877
386909
387110
387182
387351
387506
387594
387918
388148
388307
388441
388485
388576
388607
388903
389055
389058
389067
389098
389105
389163
389277
389314
389668
389710
389725
390017
390255
390448
390523
390688
390693
390709
390713
390714
390716
391005
391049
391123
391162
391194
391302
391486
391519
391574
391607
391813
391816
391841
391967
391969
392191
392201
392202
392222
392732
393055
393095
393463
393533
393706
394012
394992
395047
395512
395541
395607
395688
395837
395881
395985
396078
396180
396250
396460
396615
396733
396774
396859
397159
397233
397257
397346
397494
397726
397999
398131
398207
398208
398306
398311
398325
398349
398407
398420
398569
398602
398653
398913
398919
399573
399669
399718
400041
400993
401011
401016
401089
401521
401563
401598
401929
402228
402233
402238
402299
402570
402602
402645
402713
402764
403006
403163
403172
403184
403220
403368
404019
405417
406018
406123
406146
406191
406704
407183
408054
408132
408239
408267
408903
409237
409567
411749
412349
412399
414147
414176
414225
414290
414607
415515
416516
416710
416777
416782
416813
416816
416999
417032
417066
417132
417145
417360
417528
417535
418052
418083
418214
418489
418579
418764
418824
419041
419076
419163
419251
419332
419451
419548
419623
419824
419952
420564
421046
422048
422146
423559
423794
424465
424740
424782
425706
426252
426889
427654
428898
428939
428951
429039
429476
429659
430023
430030
430204
430290
430361
430366
431079
431226
431568
432449
432710
432740
432754
432767
432870
433377
433494
433502
433603
434121
434254
434561
434695
434960
435035
435104
435301
435313
435398
435457
435742
435753
436031
436190
436291
436296
436437
436504
436671
436983
437186
437323
437937
438199
438237
438308
438341
438417
439096
439104
439113
439222
439302
439635
439667
439794
440162
440173
440945
441319
441471
441495
441535
441553
442021
442812
442813
442934
443044
443118
443497
443500
443655
443774
443928
444722
444778
444790
445172
445681
445860
445966
446053
446141
446291
446416
446481
446494
446505
446803
446882
447134
447156
447197
447217
447288
447382
447417
447771
447801
447845
448156
448408
448572
448577
448588
448592
449205
449283
449364
449399
449474
449493
449563
449897
449983
449984
450044
450145
450205
450325
450362
450371
450550
450555
451049
451246
451351
451393
452592
452804
452876
452891
453443
453461
453517
453766
453803
453804
454335
454470
454701
454716
454781
454990
455272
455385
455396
456016
456155
456382
456746
456786
456848
456884
457439
457647
457749
457937
458338
458444
458578
458773
458828
459664
460039
460829
461918
462190
462308
462352
462562
462807
463503
463516
463582
463792
464285
464414
464587
464912
465080
465848
465988
466012
466620
466761
466775
466891
467103
467107
467109
467349
467356
467723
467891
467975
468066
468292
468372
468394
468410
468550
468878
468991
469004
469136
469161
469185
469267
469403
469620
469636
469662
470357
470457
470594
470805
470836
470894
470913
470978
471055
471222
471246
471328
471424
471466
471468
471953
472056
472248
472306
472677
472784
473215
473411
473543
473629
473761
474137
474227
474259
474274
474278
474320
474541
474882
474911
475005
475061
475117
475315
475323
475442
475487
475492
475982
476076
476136
476195
476220
476253
476460
476583
476758
476779
476826
477855
478303
478809
478924
479351
479493
479499
479513
479629
480316
482013
482282
482448
482755
483102
483429
483764
483966
483976
484403
484440
484685
484788
484916
485070
485437
485613
485910
486607
486694
486754
486782
486846
486991
487510
487533
487937
487939
488204
489074
489186
489635
490350
491494
491497
491842
491848
491849
491948
492099
492381
493163
493346
493508
493586
493606
494037
494042
494143
495027
495494
496005
496313
496462
496481
496506
496598
497173
497301
498252
498486
498561
498574
498787
498796
498894
498902
499374
499403
499667
499896
500117
500295
500363
500399
500491
501048
501077
501180
503365
503606
503731
504136
504150
504183
504227
504409
504414
504493
504719
505577
505630
505699
505909
506103
506231
506369
506595
506679
506735
506987
507034
507212
507505
507559
507710
507811
508187
508208
508408
508651
509925
509947
510532
510572
510639
510765
511010
511189
511281
511310
511924
512117
512254
512258
512374
512393
513055
513080
513109
513155
514092
514197
514406
515579
515653
515886
516811
516892
517113
517629
518086
518403
518413
518450
518558
518580
519721
519804
519876
520698
521006
521028
521550
522019
522171
523471
523600
524027
524248
524251
524281
524347
524387
524435
526116
527117
528040
528046
528419
528506
528752
528764
529676
529690
529712
529721
529730
529741
529743
529750
529763
529816
529817
529838
530241
530405
530530
530575
531033
531093
531154
531372
531526
531543
531785
532125
532198
532384
532456
532829
532894
532930
532970
533202
533729
534085
534340
534564
534631
534840
534876
534914
535511
535995
536081
536151
536645
536802
536847
537083
537202
537430
537497
537667
538034
538366
538486
538659
538668
539200
539431
539436
539768
540171
540246
540361
541225
541475
541836
541975
542260
542388
542739
543039
543398
543644
543735
545622
545792
545885
547184
547402
548518
549735
549839
550077
550261
550495
550668
551348
551920
551973
551993
552050
554050
554428
555754
555808
556325
556392
556573
558430
559244
559341
559894
560621
560805
560955
561174
561779
561962
561980
562178
562740
562780
562923
562999
563335
563341
564088
564553
565340
565981
566705
567212
568655
568681
568771
568818
568967
569957
569985
570067
570196
570288
570695
570756
571128
571349
571536
572057
572431
572974
573324
573547
573587
573749
573780
573815
574709
575182
575752
576273
576282
576302
576329
577362
577567
578170
578310
578312
579059
580778
581281
581769
582103
582370
582403
582584
582815
583012
583075
583133
583272
583446
584408
584630
584721
584958
585332
585340
586192
586676
586791
586801
586826
586951
587274
587519
587929
588287
588412
588507
589082
589092
590056
590703
590958
591707
591820
592189
592698
593372
593834
594111
594181
594593
595096
595261
595413
595648
595703
595721
595997
596054
596983
597090
597124
597392
597414
597907
598390
598934
599311
599758
599908
599928
600012
600255
600368
600491
600495
600579
601071
601112
601261
602200
602383
602486
602691
602793
602887
603038
603285
603359
603890
604697
605259
605439
605900
606423
606454
606694
607826
607872
608200
608961
610183
610194
610526
610926
611758
611764
611820
611867
611896
612376
612472
612603
612638
613014
613231
613343
613683
614728
615212
615748
616295
616404
616862
616868
617472
617976
618115
618328
618678
619376
621991
622123
622359
622670
623223
623405
623687
623976
624065
624126
624199
624809
625399
625615
625644
626214
626446
626504
626650
627127
627333
628098
628207
628217
629308
630444
630590
630642
631112
632693
632768
633359
633815
634247
634366
634458
634753
634821
635058
635268
635577
635663
635668
635702
635717
635788
636528
636558
638145
638610
639166
639861
640589
640606
641270
641280
642571
642663
643491
644435
644834
645064
645405
646128
646609
646681
646770
646864
646989
647349
647352
647412
649166
650411
650536
650596
651162
651250
651338
651340
651407
652493
652634
652635
652838
653721
654438
655098
655160
655562
656866
658121
658568
658897
659814
661339
661756
662098
662464
667767
668247
668842
670316
670420
670650
671115
671191
671258
671345
671492
673970
674237
674799
675284
675801
677227
680269
680928
681395
684049
685569
685576
686338
688440
688459
689089
689964
690121
691238
692307
692971
693342
694208
695420
696921
698364
698416
699085
699654
700892
705788
706134
706282
706645
708571
711000
711007
711569
711964
712961
714174
715000
716506
717028
717184
717343
717352
717936
718537
718732
721631
723518
726567
726866
728034
730230
730386
730387
731353
732104
735818
736525
736862
738392
738925
738945
742589
743525
744159
746041
746746
747638
750116
751364
751662
752218
752704
761542
763734
763745
763863
764346
764709
766687
768455
769419
770781
770883
772917
773241
773323
773778
774043
775452
776380
776737
776744
778499
780115
784237
785379
785699
788177
790014
790200
790866
792301
796583
797777
801002
802659
806650
807982
811054
814287
814404
814712
815420
817706
818181
818448
819682
821149
822520
822889
822945
825438
827636
828233
831066
832656
836228
836564
839418
840384
841721
841727
841772
841981
842503
845073
848737
848738
850161
850715
851780
851798
851810
856695
857745
858429
862452
862961
863359
863708
867374
867908
868310
870243
876974
880979
882183
885065
887050
887144
887194
887794
888874
889937
893266
894051
894395
899510
900425
900695
908241
909954
910325
910640
914164
914771
916186
917258
921736
930497
932802
933134
934860
936522
936726
937363
937381
940345
940349
946877
949056
951598
958086
959073
962083
965065
965178
968365
969934
974418
974617
975220
975616
977794
978000
982518
984584
985337
985835
988182
989229
989684
994521
996624
1001968
1006276
1006401
1007121
1014581
1017024
1017991
1018754
1024515
1026710
1027376
1028153
1029162
1039604
1040416
1041422
1041600
1044391
1046273
1046282
1046865
1050044
1050182
1056153
1056757
1058431
1062809
1069883
1070674
1071521
1073246
1076829
1083836
1084087
1085495
1089235
1090359
1093169
1097714
1097718
1100308
1101664
1101665
1102337
1102522
1103976
1110779
1111557
1115491
1116753
1120281
1121273
1125357
1125370
1125555
1127582
1128669
1129106
1129692
1130987
1132422
1133993
172
248
522
602
648
649
840
910
920
924
1009
1067
1122
1161
1163
1207
1245
1321
1325
1403
1437
1489
1526
1610
1612
1890
2059
2064
2068
2128
2142
2203
2212
2219
2238
2239
2319
2430
2437
2551
2611
2629
2650
2849
2998
3010
3012
3150
3170
3190
3238
3253
3337
3367
3382
3401
3472
3582
3588
3590
3628
3632
3636
3834
3875
3886
3978
4030
4085
4095
4195
4230
4240
4262
4319
4332
4485
4554
4616
4623
4647
4664
4727
4745
4765
4791
4804
4855
4923
4928
4933
5068
5071
5092
5334
5512
5824
5828
5840
5856
5908
5914
5949
5957
5963
5992
6022
6045
6099
6116
6155
6195
6225
6236
6264
6289
6368
6391
6409
6418
6453
6491
6790
6844
6856
6864
6884
6898
6996
7019
7050
7057
7092
7161
7188
7189
7399
7417
7487
7523
7689
7725
7763
7772
7793
7840
7841
7850
7881
8003
8043
8050
8156
8195
8197
8230
8247
8271
8330
8334
8431
8443
8536
8584
8632
8651
8657
8689
8691
8707
8726
8734
8749
8795
8811
8843
8856
8985
8986
8996
9004
9045
9046
9108
9201
9219
9273
9302
9346
9370
9440
9469
9510
9548
9638
9678
9906
9911
9944
9990
9994
9995
10003
10131
10146
10161
10165
10175
10191
10500
10535
10540
10582
10646
10652
10693
10743
10782
10815
10905
10961
10966
11043
11102
11142
11211
11221
11322
11384
11500
11503
11565
11567
11579
11616
11721
11744
11787
11944
12008
12016
12042
12137
12150
12160
12228
12258
12266
12271
12291
12394
12502
12551
12618
12654
12667
12671
12683
12724
12736
12749
12816
12855
12911
12921
12968
13021
13029
13057
13063
13105
13178
13179
13225
13244
13252
13264
13336
13346
13395
13440
13452
13525
13548
13636
13670
13696
13734
13743
13833
13842
13859
13890
13895
13903
14008
14080
14136
14139
14172
14235
14258
14405
14419
15440
15840
16126
16444
16633
16795
16874
16949
16967
17007
17015
17021
17084
17106
17127
17130
17179
17426
17615
17722
17726
17766
17783
17899
17934
17964
17967
18049
18167
18195
18218
18290
18323
18386
18403
18468
18681
18688
18767
18770
18774
18822
18830
18843
18856
18962
18992
19106
19144
19145
19188
19207
19254
19265
19361
19442
19556
19594
19663
19668
19719
19726
19745
19807
19844
19850
19867
19869
19921
19972
19978
20015
20032
20035
20036
20044
20050
20059
20060
20180
20262
20288
20305
20309
20317
20339
20348
20350
20410
20412
20453
20471
20514
20552
20562
20563
20586
20883
20888
21004
21012
21051
21083
21102
21109
21123
21169
21207
21275
21278
21280
21303
21306
21315
21320
21401
21440
21458
21460
21466
21481
21487
21506
21531
21562
21579
21612
21660
21691
21748
21780
21797
21821
21913
21949
22005
22029
22091
22128
22143
22251
22257
22278
22315
22334
22339
22377
22394
22517
22526
22555
22696
22709
22710
22711
22718
22722
22723
22765
22792
22804
22827
22835
22972
22994
23056
23058
23097
23134
23161
23200
23247
23254
23266
23298
23316
23324
23345
23449
23462
23548
23572
23623
23630
23756
23802
23826
23837
23866
23948
23960
23964
24011
24057
24058
24059
24070
24085
24116
24210
24239
24281
24299
24335
24340
24341
24406
24421
24434
24441
24460
24469
24487
24489
24566
24637
24662
24681
24721
24791
24854
24915
24967
25003
25019
25026
25033
25044
25047
25061
25063
25093
25151
25166
25205
25287
25296
25410
25498
25609
25639
25677
25690
25723
25745
25750
25765
25766
25791
25800
25854
25877
25903
25923
25957
26056
26120
26147
26161
26172
26173
26195
26198
26246
26259
26261
26288
26317
26339
26349
26394
26407
26454
26455
26470
26560
26583
26644
26653
26670
26694
26702
26713
26718
26919
26921
26937
26952
26967
26993
27006
27019
27074
27081
27123
27135
27146
27168
27498
27511
27550
27571
27608
27615
27628
27725
27748
27820
27845
27986
28002
28151
28195
28247
28361
28365
28396
28402
28421
28429
28461
28465
28488
28514
28527
28535
28550
28588
28637
28668
28677
28699
28709
28724
28747
28781
28789
28813
28844
28861
28922
29046
29073
29083
29097
29105
29123
29125
29156
29240
29273
29283
29305
29364
29368
29387
29395
29428
29437
29462
29486
29510
29549
29576
29583
29622
29683
29753
29756
29791
29792
29912
29924
29927
29958
29964
30090
30108
30157
30304
30371
30408
30454
30470
30501
30578
30612
30620
30623
30701
30721
30733
30973
31014
31057
31084
31095
31106
31141
31156
31163
31197
31208
31259
31263
31303
31307
31423
31601
31627
31628
31660
31666
31673
31700
31832
31898
31922
31923
31924
31931
32036
32052
32119
32134
32222
32278
32411
32505
32562
32680
32740
32795
32942
32975
32997
33036
33241
33281
33285
33295
33408
33448
33670
33675
33707
33723
33730
33820
33849
33860
33874
33875
33972
34064
34115
34196
34321
34340
34427
34450
34510
34691
34716
34732
34744
34935
34966
35007
35076
35187
35416
35427
35451
35518
35594
35623
35633
35773
35783
35881
35921
36061
36124
36394
36398
36459
36507
36522
36531
36546
36575
36635
36735
36747
36778
36788
36797
36807
36873
36893
36945
37003
37011
37037
37091
37111
37126
37155
37163
37164
37209
37236
37244
37337
37448
37505
37577
37696
37701
37732
37875
37886
37895
37947
37955
37963
37993
38019
38036
38048
38147
38216
38252
38271
38277
38321
38491
38570
38572
38765
38822
38841
38846
38852
38857
38877
38922
39127
39228
39234
39338
39414
39555
39577
39679
39771
39844
39942
39978
39997
40028
40148
40171
40180
40195
40240
40262
40341
40361
40384
40412
40471
40529
40620
41081
41139
41188
41229
41496
41507
41520
41532
41649
41702
41707
41714
41719
41745
41755
41757
41773
41783
41798
41967
42142
42145
42184
42285
42379
42463
42513
42522
42793
42805
42809
42810
42827
42969
42984
43039
43070
43082
43089
43125
43129
43158
43191
43203
43219
43229
43321
43335
43345
43356
43363
43364
43392
43410
43439
43490
43515
43537
43610
43651
43689
43823
43829
43836
43882
43886
43901
43908
43913
43946
44089
44108
44121
44180
44190
44229
44267
44455
44459
44495
44532
44628
44917
44934
44962
45158
45191
45230
45431
45519
45605
45715
45731
45747
45763
45835
45858
45859
45879
45884
45925
45991
46008
46059
46097
46174
46205
46288
46294
46391
46465
46475
46770
46776
46908
46909
46949
46972
46999
47051
47102
47136
47139
47150
47187
47227
47333
47348
47355
47360
47402
47412
47440
47457
47469
47470
47553
47556
47675
47696
47739
47812
47872
47897
47957
48242
48288
48456
48568
48596
48600
48608
48752
48781
48790
48810
48889
48932
48934
48937
48947
48964
48993
49015
49040
49063
49109
49119
49128
49131
49132
49158
49171
49271
49298
49314
49322
49331
49492
49499
49599
49657
49661
49663
49665
49681
49717
49719
49781
49784
49786
49836
49923
49968
50123
50135
50140
50210
50220
50261
50327
50375
50392
50440
50469
50475
50531
50583
50640
50676
50703
50740
50744
50795
50809
50811
50855
50887
50950
50969
51036
51150
51181
51248
51676
51717
51729
51736
51747
51774
51814
51896
51954
51958
51959
51969
51975
52024
52030
52042
52060
52090
52121
52199
52237
52254
52369
52379
52382
52581
52585
52634
52688
52757
52761
52763
52879
52882
52998
53002
53008
53012
53063
53074
53117
53156
53276
53353
53466
53469
53487
53563
53581
53582
53584
53674
53675
53685
53918
53959
54010
54132
54781
54896
54963
55059
55135
55280
55288
55339
55374
55510
55596
55653
55655
55672
55704
55751
55757
55772
55801
55827
55843
55862
55882
55893
55922
55954
55968
56024
56049
56053
56058
56082
56091
56092
56118
56142
56155
56206
56271
56275
56281
56302
56362
56404
56421
56435
56484
56559
56568
56601
56637
56659
56754
56782
56836
56837
56853
56864
56868
56874
56902
56926
57059
57106
57118
57175
57333
57359
57403
57437
57457
57479
57489
57492
57518
57525
57537
57540
57568
57571
57607
57630
57659
57710
57718
57783
57838
57895
57993
58050
58132
58152
58175
58195
58196
58202
58230
58244
58250
58300
58382
58397
58401
58403
58406
58421
58437
58496
58498
58532
58535
58609
58617
58621
58704
58729
58740
58969
59044
59065
59080
59083
59170
59230
59232
59312
59329
59387
59397
59446
59448
59484
59486
59602
59654
59729
59740
59763
59931
59947
59965
59975
59998
60060
60155
60239
60342
60345
60350
60447
60463
60528
60548
60567
60665
60666
60905
60933
60947
60983
61037
61056
61064
61132
61250
61264
61331
61517
61537
61592
61647
61660
61668
61695
61733
61742
61743
61776
61785
61827
61837
61921
61922
62311
62406
62654
62717
62744
62794
62803
62836
62876
62929
62944
63136
63145
63169
63175
63178
63474
63693
63843
63869
63880
63954
64047
64087
64176
64183
64202
64231
64278
64283
64366
64392
64427
64561
64605
64632
64649
64676
64743
64794
64851
64868
64922
64947
64970
65034
65043
65073
65091
65115
65166
65273
65339
65371
65575
65590
65629
65801
65824
65828
65945
66195
66288
66335
66345
66362
66433
66440
66498
66505
66533
66538
66541
66596
66598
66613
66627
66663
66681
66722
66776
66866
66882
66888
66898
67027
67142
67283
67289
67403
67441
67450
67554
67568
67647
67684
67746
67798
67815
67846
67868
67889
67945
67969
68156
68300
68401
68500
68512
68534
68535
68545
68594
68662
68693
68725
68934
69029
69042
69077
69173
69195
69256
69324
69542
69568
69600
69651
69741
69835
69904
69908
69959
69966
69981
69995
70027
70111
70113
70143
70171
70174
70200
70263
70273
70288
70317
70319
70355
70459
70481
70484
70553
70659
70716
70847
70870
70963
71004
71030
71051
71197
71250
71315
71372
71375
71397
71671
71892
71938
71977
72011
72032
72071
72139
72161
72212
72213
72315
72324
72484
72807
72869
72931
72953
72983
73349
73561
73578
73601
73625
73686
73715
73831
73886
73907
73953
73988
74000
74018
74078
74197
74268
74272
74278
74297
74344
74351
74384
74430
74450
74495
74542
74547
74677
74715
74767
74924
74930
74984
75052
75096
75171
75224
75234
75256
75278
75326
75344
75395
75396
75603
75633
75666
75716
75825
75837
75853
75854
75887
75888
75906
75911
75930
75938
75960
76035
76068
76095
76235
76363
76397
76440
76523
76547
76579
76595
76605
76607
76703
76713
76771
76821
76871
76980
77104
77139
77154
77217
77277
77329
77579
77581
77633
78051
78069
78077
78079
78135
78335
78413
78423
78433
78536
78657
78678
78730
78747
78773
78781
78782
78850
79063
79107
79181
79195
79213
79244
79277
79434
79533
79590
79593
79619
79762
79912
80028
80062
80229
80641
80717
80899
80914
80996
81005
81093
81257
81286
81410
81477
81632
81726
81798
81807
81874
81881
81975
82014
82072
82088
82254
82256
82525
82534
82569
82605
82653
82664
82735
82742
82746
82805
82807
82917
82934
82975
82995
83061
83078
83097
83102
83116
83119
83136
83140
83199
83233
83515
83521
83525
83565
83650
83689
83798
83919
83924
83928
84139
84153
84234
84240
84249
84253
84302
84324
84390
84398
84439
84441
84482
84511
84551
84563
84606
84712
84739
84743
84753
84754
84784
84870
84907
84924
84997
85018
85027
85058
85133
85137
85196
85298
85386
85418
85516
85617
85620
85647
85681
85783
85825
85862
85957
85962
85976
85978
85989
86020
86083
86331
86348
86465
86490
86516
86527
86591
86881
86898
86997
87007
87047
87253
87255
87321
87326
87335
87389
87400
87403
87409
87441
87555
87820
87871
87918
87940
88250
88268
88281
88311
88368
88392
88543
88569
88628
88641
88680
88685
88719
88738
88833
88867
88876
88946
88985
89079
89330
89369
89540
89659
89661
89981
90409
90453
90759
90999
91000
91020
91051
91071
91104
91174
91241
91242
91255
91260
91396
91409
91460
91461
91479
91484
91534
91543
91571
91606
91611
91811
91818
91856
91869
91915
91944
92006
92024
92043
92060
92132
92148
92183
92186
92275
92278
92338
92345
92358
92361
92372
92422
92439
92440
92458
92462
92466
92469
92490
92495
92524
92562
92574
92612
92642
92671
92679
92691
92715
92871
93094
93149
93155
93182
93225
93233
93235
93239
93313
93345
93353
93374
93413
93427
93438
93473
93518
93522
93573
93594
93602
93653
93655
93695
93734
93760
93767
93804
93808
93834
93853
93863
93920
93935
93946
93949
93961
93976
94068
94085
94104
94132
94147
94157
94179
94180
94400
94401
94405
94415
94417
94421
94431
94486
94502
94514
94563
94574
94643
94660
94725
94745
94754
94782
94817
94820
94854
94912
94914
94936
94947
95018
95065
95068
95125
95177
95219
95237
95242
95248
95304
95314
95319
95347
95372
95383
95416
95443
95490
95534
95563
95577
95605
95613
95646
95648
95681
95697
95740
95775
95778
95854
95917
95919
95950
96025
96077
96079
96123
96131
96136
96141
96179
96211
96243
96245
96256
96270
96276
96283
96304
96349
96378
96403
96427
96454
96473
96545
96547
96594
96607
96627
96745
96747
96755
96766
96770
96830
96864
96987
97070
97072
97081
97084
97094
97101
97118
97250
97257
97277
97381
97434
97454
97473
97486
97571
97607
97656
97673
97680
97701
97702
97738
97761
97774
97777
97779
97792
97828
97855
97861
97886
97890
97918
97952
98003
98017
98025
98050
98055
98176
98247
98250
98268
98270
98303
98347
98358
98377
98401
98409
98447
98488
98509
98601
98678
98714
98804
98872
98894
99032
99075
99159
99174
99227
99261
99293
99295
99298
99357
99380
99391
99401
99415
99445
99449
99470
99480
99562
99659
99847
99897
99915
99950
99958
99973
100000
100007
100036
100056
100058
100064
100088
100159
100184
100237
100257
100263
100277
100302
100303
100308
100310
100315
100402
100410
100450
100477
100481
100553
100630
100679
100693
100701
100712
100717
100722
100746
100750
100776
100801
100806
100850
100858
100893
100901
100952
100997
101035
101101
101120
101126
101139
101151
101178
101190
101217
101224
101226
101241
101243
101429
101453
101467
101483
101491
101538
101540
101551
101561
101573
101647
101675
101686
101710
101725
101753
101809
101842
101927
101934
101949
101964
101969
101985
101995
101998
102021
102025
102074
102106
102158
102192
102199
102278
102286
102291
102417
102446
102455
102492
102503
102535
102618
102645
102676
102678
102688
102744
102771
102779
102795
102796
102806
102827
102854
102894
102921
102955
102963
103058
103074
103087
103125
103171
103183
103209
103212
103213
103249
103250
103278
103289
103312
103317
103353
103356
103437
103445
103459
103472
103473
103474
103487
103499
103516
103542
103571
103577
103599
103615
103646
103656
103663
103688
103703
103713
103754
103761
103767
103834
103898
104002
104021
104022
104043
104066
104075
104102
104112
104134
104137
104139
104141
104160
104181
104191
104204
104227
104238
104294
104295
104333
104424
104428
104499
104513
104555
104576
104605
104608
104661
104745
104748
104777
104845
104921
104940
104949
104978
104979
105018
105033
105219
105228
105239
105244
105253
105258
105305
105357
105388
105419
105556
105748
105866
105883
105889
105924
105942
105948
106009
106044
106114
106130
106142
106248
106314
106408
106527
106688
106707
106785
107334
108055
108549
108582
108610
108639
108662
108683
108720
108763
108935
108966
109060
109139
109249
109263
109381
109406
109687
109726
109788
109855
109926
109961
109963
110109
110334
110371
110415
110456
110650
110668
110721
110757
110780
110792
110793
111484
111758
112101
112505
112787
112860
112881
112953
113040
113156
113220
113275
113311
113434
113494
113507
113538
113634
113643
113709
113718
113769
113997
114147
114187
114207
114318
114371
114591
114697
114704
114852
114908
114917
114991
114995
115111
115281
115299
115300
115346
115347
115543
115591
115600
115686
115692
115881
116017
116191
116268
116284
116292
116321
116375
116379
116397
116425
116907
117084
117247
117299
117429
117434
117489
117579
117623
117625
117717
117788
117800
117815
117817
117972
118022
118096
118181
118182
118349
118350
118398
118445
118492
118614
118648
118664
119051
119066
119151
119154
119256
119378
119401
119487
119538
119581
119813
119918
119955
119990
119992
119999
120031
120059
120149
120222
120370
120376
120380
120397
120413
120470
120473
120505
120510
120629
120634
120650
120667
120670
120674
120681
120691
120695
120700
120714
120749
120776
120819
120828
120838
120840
120946
121085
121147
121266
121287
121316
121347
121377
121380
121394
121525
121568
121683
121711
121749
121893
121905
121941
121992
122265
122298
122312
122354
122425
122472
122581
122631
122633
122640
122730
122892
122939
122954
122958
122984
123159
123217
123269
123280
123472
123535
123537
123545
123713
123889
123917
123962
124117
124157
124197
124506
124508
124765
124770
124937
124979
125185
125253
125335
125698
125712
125855
125862
126006
126089
126117
126119
126197
126235
126301
126315
126324
126327
126345
126372
126402
126513
126845
126869
127020
127028
127068
127103
127106
127130
127296
127302
127409
127637
127699
127752
127767
127768
127772
127782
127869
128046
128129
128163
128178
128328
128337
128387
128405
128413
128426
128486
128496
128500
128746
128754
128780
128803
128861
128903
129027
129075
129096
129111
129138
129158
129270
129454
129553
129562
129620
129654
129692
129780
129807
129814
129831
129838
129840
129909
129914
129946
129996
130119
130239
130273
130349
130367
130370
130807
130944
130987
131036
131093
131097
131103
131108
131148
131180
131326
131387
131398
131452
131484
131578
131785
131894
132034
132142
132217
132249
132265
132308
132459
132496
132598
132703
132707
132900
132977
133001
133109
133111
133226
133261
133285
133408
133435
133734
133803
133970
134137
134339
134363
134371
134391
134440
134454
134472
134609
134696
134829
134839
134857
134875
134882
134887
134906
134995
135016
135024
135057
135066
135084
135106
135177
135211
135254
135284
135392
135398
135405
135450
135469
135597
135711
135734
135768
135823
135906
135927
135976
136016
136044
136117
136130
136235
136242
136243
136295
136330
136418
136474
136509
136579
136582
136636
136690
136717
136742
136752
136771
136772
136789
136819
136837
136847
136853
136881
136885
136899
136911
136913
136928
136967
136970
137368
137446
137517
137594
137596
137602
137605
137657
137675
138351
138556
138603
138628
138995
139050
139232
139244
139249
139259
139356
139363
139366
139395
139617
139675
139832
139909
139987
140109
140168
140201
140291
140356
140432
140516
140545
140619
140757
140850
140866
140956
140960
140996
141024
141084
141120
141177
141184
141186
141228
141250
141259
141273
141274
141358
141421
141429
141459
141477
141636
141644
141664
141682
141751
141803
141822
141828
141906
142040
142059
142121
142276
142297
142506
142557
142569
142591
142617
142670
142752
142767
142810
142877
142881
143117
143155
143246
143306
143423
143468
143507
143512
143518
143684
143775
143812
144017
144071
144102
144294
144296
144326
144332
144387
144630
144653
144661
144675
144711
144727
144750
144806
144807
144854
144873
144901
144927
144949
144955
145281
145290
145336
145339
145348
145402
145492
145493
145534
145640
145756
145782
145788
145899
145908
145926
145957
146006
146064
146178
146193
146233
146246
146284
146320
146339
146345
146369
146416
146511
146594
146642
146719
146733
146769
146772
146870
146934
146935
146938
146960
147048
147092
147104
147131
147165
147171
147222
147328
147329
147360
147372
147386
147474
147657
147684
147697
147834
147863
147906
148051
148171
148197
148238
148249
148353
148371
148388
148505
148560
148589
148638
148647
148659
148671
148710
148734
148802
148814
148832
148837
148846
148851
148867
148871
148945
149055
149131
149232
149233
149299
149418
149525
149574
149581
149603
149706
149708
149821
149885
150039
150078
150092
150125
150152
150268
150353
150396
150435
150449
150534
150546
150590
150595
150640
150672
150752
150839
150887
150932
150936
151031
151035
151043
151065
151078
151082
151085
151150
151228
151247
151290
151327
151333
151348
151426
151488
151553
151567
151569
151692
151701
151702
151748
151754
151790
151920
152000
152005
152033
152123
152185
152237
152259
152285
152287
152318
152329
152354
152414
152446
152504
152602
152611
152716
152735
152883
152960
153004
153010
153053
153090
153112
153125
153215
153296
153297
153298
153307
153357
153368
153437
153484
153586
153587
153615
153668
153703
153783
153829
153897
154001
154019
154079
154093
154324
154364
154399
154410
154484
154508
154631
154770
154797
154820
154858
155051
155067
155069
155110
155131
155202
155235
155429
155495
155578
155598
155635
155688
155693
155696
155767
155791
155816
155826
155831
155832
155833
155841
155931
156063
156181
156232
156267
156316
156363
156516
156530
156657
156667
156689
156835
156875
156972
156985
157015
157040
157067
157069
157076
157108
157113
157163
157197
157268
157417
157418
157452
157571
157643
157728
157754
157779
157809
157822
157888
157976
157979
158009
158077
158157
158175
158325
158362
158366
158374
158413
158468
158533
158554
158568
158726
158796
158823
158839
158852
158931
158936
158945
159001
159018
159062
159080
159097
159354
159389
159407
159457
159526
159535
159590
159596
159618
159666
159669
159697
159723
159739
159766
159771
159885
159887
159906
159928
160090
160113
160152
160156
160186
160216
160218
160243
160270
160319
160418
160444
160449
160485
160497
160547
160549
160566
160736
160818
160874
160908
161000
161085
161111
161200
161220
161305
161436
161449
161468
161485
161488
161731
161774
161824
161878
162022
162077
162090
162109
162175
162187
162222
162263
162265
162278
162368
162588
162620
162722
162843
162844
162905
162946
163024
163040
163157
163160
163266
163371
163390
163408
163444
163465
163467
163531
163622
163674
163717
163754
163757
163776
163782
163798
163821
163885
163962
164013
164094
164118
164142
164225
164373
164412
164413
164442
164449
164479
164494
164589
164603
164675
164749
164766
164820
164875
164939
164983
165430
165876
166742
167114
167272
167467
168244
168878
169292
170050
170054
170165
170192
170194
170254
170255
170322
170949
171008
171066
171326
171329
171382
171389
171393
171413
171470
171512
171607
171611
172228
172285
172337
172357
172424
172585
172588
172615
172651
172876
172879
172913
173011
173164
173251
173280
173288
173918
174062
174155
174199
174225
174251
174258
174280
174282
174295
174303
174311
174391
174395
174397
174424
174433
174444
174445
174451
174464
174468
174470
174479
174502
174763
174800
174922
174948
174958
175001
175075
175094
175163
175202
175360
175374
175388
175400
175915
176029
176165
176347
177327
177338
177467
177518
177521
177593
177640
177645
177654
177718
177753
177760
177818
177845
177926
177933
177985
178092
178098
178203
178204
178228
178288
178305
178307
178350
178380
178454
178478
178509
178510
178512
178534
178727
178856
178872
178880
178921
178930
178974
179012
179015
179051
179061
179199
179497
179501
179616
179624
179662
179769
179805
179827
179884
179977
179994
179997
180003
180014
180027
180040
180049
180066
180139
180144
180152
180166
180210
180217
180283
180337
180384
180386
180511
180518
180549
180585
180599
180764
180825
180880
180988
181080
181508
181571
183639
183863
183865
183961
184029
184035
184177
184239
184272
184307
184331
184374
184455
184637
184655
184656
184686
184690
184696
184807
184870
184882
184891
184897
184904
184928
184960
185021
185052
185060
185763
185766
185779
185806
185822
185831
185904
185923
185948
185961
186532
186592
186629
186746
186901
186909
186910
186912
186923
186964
186990
187036
187240
187316
187325
187453
187471
187512
187534
187554
187579
188007
188060
188067
188069
188089
188091
188279
188301
188312
188327
188344
188363
188369
188410
188436
188467
188475
188476
188980
189052
189237
189274
189337
189522
189671
190451
190521
190522
190542
190581
190618
190673
190771
190869
190870
190880
190924
190929
190950
191072
191201
191218
191252
191279
191309
191317
191354
191356
191365
191402
191418
191435
191499
191503
191533
191549
191557
191732
191743
191791
191893
191904
191928
191957
191992
192043
192141
192468
192552
192560
192678
192680
192683
193017
193056
193064
193077
193136
193244
193302
193366
193412
193697
193781
193898
194002
194938
195049
195082
195148
195208
195212
195232
195245
195292
195315
195318
195400
195422
195444
195447
195449
195460
195461
195542
195570
195573
195725
195739
195753
195767
195777
195795
195829
195993
196039
196168
196520
196556
196716
196739
196743
196745
197002
197586
197624
197796
197802
197803
197892
198055
198107
198399
198516
198661
198793
198857
198858
198903
199043
199092
199137
199142
199220
199242
199315
199455
199473
199483
199597
199707
199910
199965
200191
200454
200458
200580
200806
200841
200858
200898
200934
201306
201405
201428
201468
201584
201590
201670
201744
201774
201775
201830
201945
201967
201998
202051
202075
202155
202165
202198
202206
202216
202238
202251
202279
202290
202369
202445
202482
202487
202510
202518
202529
202531
202555
202627
202653
202718
202731
202890
203115
203134
203179
203180
203196
203210
203261
203377
204459
204464
204491
204625
204634
204677
204713
204719
204848
204861
205012
205057
205071
205667
205709
205762
205817
205821
205822
205874
205912
205914
205971
206030
206095
206125
206127
206331
206345
206391
206442
206607
206666
206775
207072
207222
207223
207265
207267
207282
207294
207336
207383
207516
207538
207579
207657
207736
207755
207772
207820
207829
207834
207872
207982
208036
208071
208179
208186
208267
208297
208319
208336
208398
208454
208562
208760
208797
208817
208843
208852
208869
208891
208924
209205
209481
209484
209507
209614
209659
209698
209712
209727
209815
209850
209966
210003
210142
210305
210313
210487
210560
210771
210909
210982
210994
211001
211121
211163
211193
211195
211199
211292
211307
211357
211442
211462
211468
211488
211518
211521
211524
211527
211559
211564
211587
211651
211743
211764
211792
211832
211972
211986
212006
212013
212034
212055
212064
212107
212226
212271
212272
212322
212325
212338
212347
212370
212393
212411
212422
212469
212488
212528
212537
212542
212604
212616
212617
212619
212633
212741
212744
212786
212885
212890
212947
212960
212980
213038
213039
213080
213118
213177
213223
213247
213271
213352
213419
213424
213430
213458
213473
213497
213499
213506
214200
214240
214258
214264
214914
215418
215441
215473
215577
215837
215889
215967
215969
216024
216029
216100
216156
216190
216292
216338
216375
216453
216462
216982
217036
217169
217177
217242
217273
217400
217602
217632
217678
217779
217974
218027
218032
218158
218161
218194
218198
218321
218348
218492
218593
218641
218788
218850
218861
218864
218882
218892
218946
218983
218995
219119
219192
219212
219283
219411
219477
219478
219536
219664
219702
219721
219755
219831
219846
219878
219943
219975
219977
219978
220001
220240
220269
220378
220380
220588
220750
220759
220808
221021
221129
221139
221239
221387
221494
221533
221560
221580
221631
221635
221644
221649
221681
221741
221772
221910
222012
222061
222106
222145
222236
222237
222300
222481
222552
222553
222598
222710
222715
222730
222873
222912
222932
223012
223498
223648
223651
223654
223655
223670
223680
223686
223701
223702
223714
223923
223960
224115
224392
224501
224503
224559
224699
224764
224908
225328
225528
225709
225995
226177
226212
226225
226277
226278
226284
226331
226348
226412
226618
226907
226963
227023
227260
227310
227482
227553
227665
227761
227856
227948
228274
228355
228357
228383
228445
228753
228808
228848
228940
229233
229307
229319
229336
229360
229365
229637
229672
229681
229706
229713
229715
229747
229816
229861
229873
229944
229978
230005
230014
230016
230040
230070
230074
230086
230103
230148
230160
230181
230185
230187
230613
230626
230719
230754
230793
230820
231071
231085
231091
231137
231195
231378
231391
231683
231739
232171
232273
232350
232455
232520
232612
232619
232620
232854
233033
233096
233286
233324
233345
233367
233382
233407
233411
233422
233427
233460
233492
233524
233525
233531
233571
233628
233650
233657
233661
233766
233834
234008
234022
234052
234388
234402
234430
234459
234646
234790
235003
235091
235128
235143
235547
235568
235583
235630
235770
235873
236005
236027
236055
236163
236194
236254
236328
236335
236356
236358
236403
236454
236501
236543
236674
236716
236815
236860
236893
236951
237235
237280
237287
237298
237321
237339
237355
237360
237384
237397
237412
237502
237514
237616
237654
237682
237708
237714
237717
237737
237781
237805
237890
237940
237943
237972
238319
238354
238465
238469
238482
238490
238517
238534
238544
238580
238587
238607
238624
238629
238776
238823
238917
238926
238929
238935
238938
238943
239067
239178
239262
239299
239319
239405
239511
239707
239782
239853
239969
239987
240027
240068
240129
240160
240183
240186
240260
240359
240447
240454
240474
240477
240632
240739
240766
240812
241169
241190
241330
241350
241362
241373
241413
241472
241487
241499
241542
241635
241734
241745
241824
241826
241970
241998
242005
242025
242065
242091
242231
242233
242239
242261
242273
242394
242562
242602
242762
242794
242823
242978
243049
243050
243123
243124
243125
243132
243232
243241
243288
243323
243610
243721
243976
244020
244045
244101
244124
244143
244241
244428
244438
244524
244783
244787
244903
244916
244941
244947
245015
245017
245117
245131
245142
245143
245177
245183
245217
245409
245457
245656
245721
245769
246110
246117
246133
246255
246282
246343
246351
246382
246386
246394
246491
246515
246547
246617
246807
246936
247184
247187
247213
247263
247351
247612
247757
247786
247804
247820
247835
247930
247945
248117
248130
248141
248263
248445
248506
248591
248635
248663
248735
248767
249041
249054
249501
249518
249691
249768
249782
249802
249884
249922
249943
249953
250421
250587
250660
250672
250707
250749
250949
251006
251057
251063
251165
251193
251392
251441
251458
251532
251641
251781
251784
251813
251868
251875
251933
252024
252048
252115
252152
252185
252195
252228
252248
252265
252676
252685
252702
252714
252755
252763
252783
252843
252896
252913
253007
253008
253014
253071
253073
253178
253180
253225
253238
253371
253454
253486
253594
253647
253651
253669
253891
253965
253997
253998
254132
254231
254245
254316
254373
254698
254823
254941
254979
254995
255072
255082
255085
255154
255209
255245
255367
255459
255676
255687
255759
255833
255838
255842
255845
256093
256156
256316
256338
256360
256420
256765
256834
256835
256922
257088
257108
257245
257298
257399
257463
257485
257667
257690
257727
257774
257826
257946
257949
257975
257983
258095
258140
258195
258208
258649
258683
258804
258920
258959
258965
258989
259108
259114
259155
259159
259167
259175
259176
259186
259188
259249
259317
259359
259397
259402
259421
259430
259448
259471
259539
259604
259669
259780
259945
260014
260048
260058
260142
260146
260245
260260
260346
260347
260361
260452
260454
260461
260518
260580
260620
260621
260660
260668
260681
260715
260765
260802
260886
260914
261125
261142
261201
261261
261435
261450
261455
261464
261504
261512
261519
261520
261535
261600
261636
261834
261865
261890
261975
261977
262023
262088
262144
262184
262190
262193
262291
262336
262349
262486
262488
262505
262509
262542
262550
262577
262821
262834
262838
262849
262898
262924
262940
262965
263158
263213
263307
263359
263367
263478
263507
263530
263569
263734
263764
263814
263868
263873
263877
263960
263992
264088
264098
264303
264427
264447
264471
264533
264698
264708
264754
264758
264816
265114
265116
265195
265245
265356
265363
265384
265391
265439
265565
265580
265887
265948
265989
266058
266117
266159
266242
266282
266356
266417
266432
266454
266510
266518
266520
266526
266534
266538
266600
266604
266729
266976
267001
267007
267059
267185
267270
267277
267314
267334
267477
267489
267573
267675
267679
267753
267990
268066
268193
268209
268254
268263
268347
268407
268413
268452
268622
268724
268778
268789
268821
268841
268850
268925
269006
269060
269063
269102
269240
269333
269356
269364
269399
269575
269589
269593
269596
269767
269809
269829
269845
269908
270041
270102
270171
270191
270223
270225
270273
270276
270332
270372
270414
270447
270696
270790
270793
270813
270892
271003
271036
271047
271103
271122
271132
271184
271498
271500
271612
271758
271763
271792
271796
271873
271951
271957
272000
272026
272260
272311
272323
272326
272573
272651
272694
272798
272799
273013
273033
273202
273207
273346
273509
273588
273654
273733
273763
273941
274006
274036
274038
274040
274144
274260
274286
274315
274366
274384
274457
274501
274514
274520
274532
274577
274600
274756
274959
275088
275091
275122
275277
275292
275324
275541
275582
275617
275756
275793
275816
275817
275820
275863
275897
275915
275948
276069
276111
276203
276218
276361
276470
276500
276708
276916
277017
277029
277249
277260
277276
277310
277599
277607
277614
277676
277723
277798
277932
278530
278580
278584
278804
278868
279086
279170
279269
280023
280037
280058
280068
280071
280201
280362
280363
280388
280399
280406
280505
280583
280695
280746
280875
281043
281237
281262
281296
281312
281321
281438
281505
281699
281999
282034
282052
282422
282483
282614
282801
282997
283324
283355
283430
283462
283485
283492
283524
283528
283556
283590
283598
283853
283994
284020
284359
284362
284695
284708
284783
285022
285092
285098
285442
285444
285482
285562
285578
285594
285624
285642
285752
285801
285826
285828
285905
285959
286235
286236
286275
286283
286453
286472
286576
286622
286630
286738
286747
286748
286757
286845
286893
286894
287006
287009
287052
287087
287122
287225
287314
287378
287399
287437
287442
287467
287490
287554
287591
287596
287646
287687
287707
287713
287831
288069
288102
288200
288227
288238
288279
288302
288357
288363
288411
288429
288484
288580
288623
288624
288630
288869
288970
289009
289174
289366
289382
289383
289391
289465
289522
289526
289560
289748
289768
289877
289912
289996
290074
290120
290238
290302
290311
290631
290687
290689
290743
290751
290808
290848
290880
291038
291138
291272
291277
291288
291553
291632
291659
291816
291848
291933
291942
292060
292135
292189
292200
292391
292394
292405
292480
292623
292672
292856
292961
293067
293092
293308
293313
293362
293394
293405
293608
293737
293740
293809
293868
294303
294344
294514
294524
294616
294657
294694
294841
294842
294885
294946
294997
295033
295040
295042
295047
295137
295140
295152
295207
295284
296378
296430
296642
296776
296777
297046
297063
297121
297205
297220
297309
297407
297416
297504
297545
297598
297653
297677
297699
297864
297882
297969
297977
298102
298301
298421
298485
298674
298832
298842
298846
298910
298946
298986
299114
299132
299203
299226
299337
299400
299412
299532
299605
299657
299682
299706
299783
299913
300046
300191
300199
300268
300290
300337
300391
300671
300698
300806
300939
301020
301025
301060
301131
301179
301207
301219
301222
301288
301324
301361
301401
301459
301489
301502
301542
301556
301584
301619
301655
301695
301705
301720
301801
301852
301893
301901
301923
302002
302186
302200
302226
302343
302367
302396
302401
302452
302509
302537
302620
302622
302668
302720
302739
302741
302836
302932
302935
302936
302942
302967
303023
303134
303223
303433
303565
303597
303726
303770
303811
303816
303880
303910
303945
303989
304020
304026
304029
304050
304102
304120
304142
304160
304178
304351
304358
304376
304379
304392
304496
304505
304569
304585
304608
304681
304713
304847
304878
304945
304983
305177
305251
305261
305448
305552
305580
305642
305756
305871
305961
305984
306086
306624
306996
307084
307115
307205
307505
307522
307531
307564
307643
307667
307706
307792
307793
307870
308050
308456
308469
308488
308513
308534
308553
308580
308587
308669
308812
308821
308838
309004
309034
309185
309194
309434
309674
309792
309801
310208
310390
310453
310646
310675
310828
310879
310906
311113
311155
311167
311172
311203
311437
311590
311728
311820
311838
311839
311920
312003
312237
312400
312477
312562
312670
312673
312949
313116
313607
313766
313809
313824
313844
314030
314047
314053
314107
314195
314252
314298
314445
314497
314736
314831
314922
314931
314987
315002
315024
315034
315065
315130
315227
315252
315363
315500
315679
315784
315787
315834
315846
315847
315915
315930
316293
316453
316456
316708
316770
316945
317060
317066
317097
317122
317125
317463
317599
317666
317720
317777
317783
317834
317841
317894
317926
317940
317941
317948
318033
318060
318067
318077
318136
318153
318198
318204
318230
318265
318300
318317
318385
318386
318395
318409
318410
318445
318541
318548
318629
318659
318732
318744
318759
318775
318925
318986
319164
319333
319354
319420
319540
319669
319678
319763
319854
319934
319935
319980
319999
320061
320109
320203
320369
320393
320870
320943
321148
321161
321242
321322
321454
321493
321498
321499
321581
321634
321663
321689
321735
321753
321838
321849
322084
322151
322192
322261
322309
322359
322397
323007
323132
323230
323232
323233
323357
323392
323497
323507
323544
323551
323565
323603
323632
323634
323635
323643
323652
323674
323689
323769
323952
324037
324142
324503
324668
324717
324760
324844
324855
324857
324979
324991
325016
325017
325039
325120
325184
325349
325606
325917
326136
326304
326427
326465
326482
326564
326580
326593
326614
326632
326692
326701
326810
326938
326961
327098
327253
327359
327488
327694
327700
327795
327966
327987
327989
328008
328086
328098
328139
328255
328352
328354
328463
328794
328840
329181
329182
329212
329247
329386
329502
329530
329544
329584
329626
329639
329642
329661
329662
329698
329706
329781
329920
330040
330056
330155
330405
330633
330904
330947
330989
331053
331079
331122
331124
331202
331205
331209
331275
331304
331319
331347
331383
331387
331452
331479
331481
331486
331508
331543
331551
331565
331568
331577
331730
331778
331842
331843
331855
331905
331929
331943
331969
331981
331992
332018
332022
332048
332083
332134
332140
332141
332143
332288
332565
332696
332816
333484
333618
333624
333674
333684
333697
333854
333855
333866
333909
333951
333955
334180
334197
334203
334226
334237
334293
334297
334335
334384
334389
334451
334560
334606
334609
334612
334622
334676
334721
334971
334973
335007
335025
335045
335065
335111
335180
335185
335187
335201
335203
335208
335222
335258
335298
335343
335522
335563
335585
335587
335602
335694
335704
335754
335757
335759
335822
335869
335951
335978
335989
336121
336131
336134
336218
336250
336350
336412
336415
336437
336447
336511
336525
336637
336662
336691
336704
336745
336761
336800
336834
336846
336854
336959
337055
337057
337411
337769
337957
338119
338198
338222
338248
338366
338551
338690
338716
338920
338935
339011
339071
339142
339159
339166
339288
339293
339398
339434
339468
339563
340088
340357
340422
340474
340476
340521
340544
340787
340967
340969
340971
341107
341251
341370
341447
341560
341576
341683
341782
341835
341850
341942
341966
342028
342320
342380
342390
342519
342642
342652
342696
342814
343027
343028
343031
343047
343056
343133
343257
343266
343289
343344
343886
344207
344219
344225
344378
344430
344432
344464
344506
344508
344520
344610
344733
344812
345135
345624
345890
346208
346346
346485
346591
346616
346621
346786
346962
347059
347097
347103
347153
347155
347160
347208
347243
347246
347339
347430
347443
347474
347490
347851
347866
348037
348246
348364
348426
348571
348574
348589
348824
348993
349334
349379
349489
349572
349640
349757
350113
350141
350144
350612
350623
351126
351200
351205
351215
351315
351414
351497
351557
351796
351831
351848
351863
351876
351980
351999
352043
352058
352136
352180
352220
352228
352504
352519
352616
352825
352888
352970
353018
353346
353355
353364
353448
353539
353559
353572
353586
353606
353682
353708
353717
353753
353769
353790
353819
353905
353908
354086
354323
354333
354450
354493
354551
354638
354728
354759
354845
354859
354907
354965
355053
355105
355294
355304
355309
355314
355323
355492
355562
355647
355737
356020
356177
356226
356290
356390
356628
356633
356747
356764
356807
356959
357318
357346
357383
357438
357511
357535
357570
357684
357750
357791
357887
357924
358044
358793
358918
358921
358954
359446
359453
359468
359534
359623
359646
360007
360018
360029
360219
360220
360265
360425
360578
360641
360642
360645
360649
360651
360668
360706
360742
360891
361043
361254
361259
361358
361518
361562
361780
361787
361788
361809
361889
361894
361994
362157
362404
362704
362712
363419
363424
363486
363742
363752
363782
363870
364049
364051
364130
364178
364194
364301
364397
364467
364471
364556
364636
364725
365088
365260
365745
365796
365798
365859
365899
366714
366905
367421
367683
367862
368109
368160
368313
368430
368461
368485
368564
368787
368861
368867
368903
368905
369171
369404
369436
369569
369629
369648
370047
370055
370125
370139
370212
370256
370441
370756
372422
372864
374047
374715
375210
376335
378138
378186
380036
380335
380766
380789
380908
380920
380929
380984
381064
381079
381105
381317
381330
381399
381485
381504
381517
381524
381587
381677
381748
381757
381813
381855
381895
381956
381962
381994
382048
382160
382195
382212
382213
382225
382226
382232
382334
382477
382691
383087
383137
383152
383167
383224
383314
383526
383810
384186
384283
384311
384334
384401
384421
384430
384484
384515
384546
384580
384589
384727
384772
384892
385301
385369
385541
385559
385582
385757
385852
385877
386052
386447
386458
386672
386826
386891
386893
387036
387087
387125
387242
387244
387364
387368
387387
387501
387532
387562
388005
388015
388026
388116
388149
388152
388188
388303
388313
388339
388344
388567
388611
388757
388836
388870
388897
388906
388951
389089
389124
389197
389209
389233
389273
389275
389707
389778
389779
389845
389891
389946
390260
390266
390601
390602
390678
390698
390726
391101
391111
391136
391266
391336
391384
391396
391443
391955
392069
392109
392114
392189
392207
392373
392798
392993
393001
393052
393079
393088
393153
393254
393262
393488
393539
393767
393862
393975
393992
394000
394573
394627
394748
394997
394998
395027
395036
395180
395224
395536
395566
395950
395959
396024
396227
396257
396373
396403
396464
396535
396613
396760
396816
397090
397197
397217
397251
397261
397406
397425
397489
397503
397559
397598
397616
397700
397709
397731
397757
397847
398252
398440
398451
398547
398593
398600
398628
398747
398760
398773
398793
399553
399571
399599
399635
399714
399830
399844
399886
399903
400251
400835
400866
400908
400995
401024
401053
401221
401288
401289
401436
401458
401464
401486
401491
401538
401566
401572
401595
401596
401653
401689
401985
402101
402357
402557
402613
402641
402708
402832
402903
402942
403034
403093
403105
403195
403456
404622
404772
404781
404888
405199
405534
405809
405991
406021
406160
406725
406744
406764
406953
406961
406967
407022
407039
407139
407454
408055
408286
408719
409016
409036
409246
409254
409320
409570
409792
410741
410748
410767
410785
410921
411172
411278
411531
412581
414219
414228
414231
414504
414559
414671
414819
414847
416134
416214
416631
416681
416804
416986
417052
417055
417130
417549
417703
418068
418096
418345
418392
418428
418601
418644
418811
418903
418917
419051
419109
419243
419456
419567
419704
419706
419764
419816
419873
419874
420071
420119
420137
420142
420232
420956
422030
422158
422250
422998
423786
423992
424386
424509
424530
424754
424758
424930
425135
426470
426830
427134
427633
427670
428085
429598
430185
430242
430425
430599
431112
431351
431494
431649
431729
431881
432096
432488
433304
433322
433594
433644
433693
433710
433942
434076
434192
434205
434224
434273
434624
434663
434814
434888
434908
434913
434945
435130
435134
435149
435302
435563
435678
435844
435866
435959
436095
436241
436383
436605
436977
437051
437359
437927
437936
439080
439197
439599
439607
439826
439957
440139
440226
440232
440269
440385
440694
441224
441225
441334
441508
441516
442735
442739
442808
442833
443226
443232
443503
443590
443818
443935
443945
444082
444184
444490
444520
444610
444654
445185
445286
445474
445544
445728
445755
445876
445894
445934
446066
446113
446128
446143
446164
446238
446298
446314
446425
446427
446502
446520
446536
446570
446588
446637
446688
446913
447044
447188
447289
447369
447439
447576
447818
447828
447928
448039
448109
448165
448166
448226
448348
448487
448498
448515
448868
448905
449031
449156
449382
449879
449986
450363
450664
450830
450899
451032
451128
451250
451383
451405
451415
451520
451659
451686
452223
452293
452364
452833
453523
453545
453604
453636
453681
453741
453765
453770
453917
453994
454242
454472
454498
454591
454710
454803
454809
454921
454933
455280
455362
455470
455486
455737
455741
455802
455890
455987
456075
456264
456443
456626
456667
456699
456759
456970
456971
457487
457755
457829
458047
458057
458136
458273
458363
458608
458676
458701
458705
458791
458831
458907
459122
459127
459415
459524
459707
460010
460196
460255
460656
461038
461387
461431
461487
461534
461731
461775
462186
462312
462318
462506
462525
462534
462555
462587
462686
462693
462708
462739
462959
463220
463225
463244
463451
463463
463492
463500
463628
463723
463912
463931
463945
464097
464114
464157
464426
464440
464491
464579
464716
464730
464938
464956
465396
465594
465643
465906
465949
465962
465989
466010
466240
466302
466383
466453
466472
466487
466851
466869
466941
467027
467145
467477
467628
467761
467833
468105
468114
468137
468143
468383
468479
468562
468683
468759
468780
468947
468969
468988
469012
469026
469128
469555
469617
469673
469682
469693
469717
469742
469815
469849
469870
470409
470422
470450
470640
470684
470763
470951
471116
471223
471291
471454
471500
471534
471544
471612
471673
472024
472069
472212
472317
472444
472623
473066
473363
473476
473618
473648
473723
473886
474062
474088
474458
474494
474513
474534
474598
474954
475155
475314
475544
475579
476087
476107
476888
477316
477412
477598
477959
478066
478079
478141
478635
478699
478736
478998
479029
479056
479254
479310
479380
479455
479637
479682
479708
479755
480340
480388
481282
481284
482297
482337
482444
482671
482756
483073
483083
483115
483175
483375
483411
483805
483915
483929
483980
484067
484325
484352
484408
484660
484675
484753
485138
485442
485475
486918
487986
488166
488174
488454
488551
488566
488636
488921
488955
489087
489376
489859
490186
490496
491317
491372
491379
491493
491552
491574
491598
491625
491657
491939
492284
492308
492309
492411
492483
492518
492529
492561
492743
492875
492880
493004
493059
493216
493411
493482
493843
493848
493855
494627
494704
494898
494951
495007
495669
496254
496318
496320
496377
496508
496680
496685
496754
496763
496769
496770
496912
496925
496982
496997
497012
497183
497300
497688
497824
498085
498254
498280
498478
498573
498595
498655
498727
498736
498750
498873
498897
498899
498971
499038
499066
499397
499535
499591
499937
500091
500151
500193
500387
500546
500901
500939
500980
501078
501337
501340
502853
503018
503143
503254
503269
503285
503321
503382
503965
504168
504179
504277
504853
505150
505419
505434
505648
505663
505920
506296
506339
506356
506535
506593
506602
506670
507116
507300
507499
507892
507893
507962
508380
508382
508589
508655
510222
510285
510316
510334
510359
510529
510565
510686
510912
510986
511111
511117
511121
511880
512046
512187
512448
513248
513514
513999
514079
514621
515522
515879
516191
516278
517350
517616
517722
517743
518067
518251
518653
518676
518725
519524
519717
519787
519790
519812
519884
520229
520718
521200
521463
521529
521551
521607
521858
521902
522359
522377
522384
522576
523090
523419
523556
523567
523581
523651
523774
523838
523875
524046
524060
524062
524109
524223
524269
524270
525208
526720
526991
527087
527146
527777
527789
528027
528461
528471
528587
528662
528751
528756
528889
528910
528951
529283
529307
529308
529531
529573
529616
529706
529718
529740
529783
529870
530340
530434
530541
530600
530915
531025
531108
531389
531555
531714
531848
531894
531907
532145
532336
532896
533310
533626
533670
533782
534375
534423
534521
536077
536295
536418
536421
536483
536616
536700
536715
536735
536918
537085
537205
537424
537594
537621
537810
537933
538019
538041
538071
538273
538274
538584
538743
538763
539323
539422
539481
539487
539852
539910
540365
541434
541699
541965
542027
543097
543443
543751
544999
545071
545131
545215
545532
545599
546032
546035
546260
546502
546769
546842
547394
547489
547685
548136
548139
548494
548501
548885
549829
550297
550790
550952
551774
551798
552028
552525
552752
552789
552814
553097
553575
553630
554423
554589
555326
555371
555393
555474
556010
556310
556315
556677
558036
558465
558739
558743
558756
558776
558811
558998
559000
559021
559102
559103
559270
559391
559486
560212
560241
560283
560391
560433
560614
560826
561210
561632
562031
562431
562573
562729
562772
563171
563218
563292
563371
563377
563448
563516
563697
563772
564118
565154
565164
565318
565379
565620
565640
565672
566134
566557
566559
566764
566899
567202
567294
567808
568774
568819
569110
569162
569275
569309
569495
569500
569765
569929
571108
571452
571524
571564
571750
572412
572772
572894
573313
573530
573570
573759
574017
574288
574573
574711
574768
575207
575442
575897
576281
576726
577262
577535
577815
578653
578790
579006
579318
579488
579971
580433
580474
580555
580594
580789
580809
581476
581541
581614
582311
582375
582401
582443
582614
583332
584120
584299
584323
584525
584632
585005
585079
585114
585347
585515
585717
586036
586136
586469
586703
587325
587418
587684
587715
587916
588083
588142
588143
588640
588969
589849
590142
590480
590574
590815
590878
591529
591972
592026
592053
592247
592367
592626
592683
592690
592736
592912
593079
593417
593669
593671
593953
594106
594198
594416
594561
594827
595144
595720
595939
596015
596053
596120
596342
596603
596863
597156
597162
597164
597463
597805
598167
598303
598332
598361
598624
598657
598884
598986
599114
599132
599257
599339
599408
599522
599530
599549
599564
599707
600013
600464
600659
600817
601018
601023
601038
601602
602052
602564
602606
602827
603244
603258
604007
604201
604673
605182
606072
606480
606586
606757
606994
607027
608199
609049
609127
609244
609543
610330
610963
611141
611159
611206
611642
611959
612199
612459
612619
612708
612727
612894
613695
614598
615427
615895
616241
616743
617089
617156
617169
617591
618043
618074
618471
618610
618648
618983
619158
619168
621233
621388
622025
622576
622654
623012
623064
623283
623291
623404
624105
624201
624232
624389
624430
624474
624811
625244
625347
625485
625791
625841
625921
626333
626762
626822
626931
626951
627102
628047
628088
628374
628929
629409
629447
629697
629913
630447
630589
631056
631254
631306
631327
632306
632575
632618
632713
632776
633738
633939
633946
634373
634374
634464
634559
634598
634769
635119
635187
636227
636434
636480
636485
637144
637561
638360
639367
639953
640283
640290
640412
640651
641473
641850
641876
642266
642759
642760
642785
643484
643687
643700
643783
643957
644212
644305
644547
645180
645475
645630
646080
646101
646137
646201
646288
646296
646848
647759
647837
648161
648232
648421
648437
648820
648909
650414
650482
650537
650686
650854
651411
652397
652499
652514
652835
653882
654770
654796
654799
655292
655419
655806
656245
656478
656975
657033
657151
657375
657677
657873
658007
658318
658375
658551
658721
659297
660092
660132
660576
661195
661344
661894
662603
663538
663766
663830
663835
663838
663923
664341
664375
664809
664812
665184
665513
666240
666550
667236
668261
669231
669479
669718
671996
672319
673173
673758
673810
674239
675876
676120
677903
678016
678437
678515
678966
679258
679410
679449
680291
680638
681888
682745
682876
683330
683646
684163
685389
688549
688895
689174
689597
689743
689764
692534
694144
695669
696260
697916
697968
698238
699036
700674
700889
700937
701948
702101
702362
703402
704424
704838
710743
711001
711009
711366
711369
711387
711584
713034
713821
714235
715657
716154
716510
716636
716825
717540
718674
719264
719267
719759
720349
723228
723266
725427
725501
726886
728379
728634
728935
730297
730298
732424
733685
733761
734802
735176
735991
736276
736406
736957
737640
742824
742875
743564
744162
744956
745284
746457
746609
748033
749316
750785
750829
751025
751538
751588
752096
752110
752788
753157
758505
758746
758846
763376
764060
764098
768707
768710
770250
770383
770873
771238
771446
771586
772206
772214
772521
772763
773016
773056
773813
774988
775450
776327
776738
776971
778792
779645
780654
780736
781262
781543
781592
783381
783629
784657
784847
786024
787593
787809
788323
788457
790913
791730
792022
792449
792722
792848
794299
796328
796543
797316
804196
805766
807623
808009
814284
814427
814592
815428
815529
816343
817042
818179
820017
820194
821124
822335
822396
824095
824468
825762
827294
828432
829571
832405
832468
834292
835984
836254
837595
837739
837825
838453
838644
838790
842212
842607
845713
847347
847379
848693
848767
848898
848955
849782
850555
851127
852507
852510
852511
853164
854711
854813
856644
857630
857726
857913
859185
859663
860370
860595
860609
863705
864674
864938
865277
866184
867995
868213
870181
871939
872159
872311
877089
877091
879024
879149
880685
883411
883893
885301
887003
889613
890809
892872
893110
893650
893924
893946
894304
896436
897963
898844
899455
901292
903703
904181
904280
906265
908116
908463
913597
913670
918150
918482
918787
919374
919615
920760
920799
921741
921961
927005
933665
934029
934611
938751
938797
938861
939654
939767
940323
944373
944897
947259
949340
949464
954157
955356
956215
957272
960276
960762
964653
973399
976612
979291
979980
981728
982255
982287
984909
985834
987391
988773
989324
991382
992781
994465
999704
1000859
1007497
1009195
1009206
1009919
1015348
1016017
1016153
1018282
1022595
1024137
1024906
1027942
1030791
1032021
1034141
1039147
1039219
1040521
1041262
1042197
1042838
1044642
1046773
1047522
1051677
1051696
1056415
1056650
1057854
1061300
1062863
1065323
1067002
1070502
1073245
1073483
1075706
1076545
1077137
1080005
1081284
1084102
1087534
1087936
1089251
1090486
1090932
1095009
1097921
1098661
1099143
1101663
1102537
1104390
1105388
1107718
1109052
1113880
1117046
1119386
1119501
1119877
1120661
1120984
1121146
1121747
1121898
1122384
1122811
1128435
1131999
1133802
25
142
162
291
514
622
634
850
886
1051
1053
1148
1201
1208
1308
1358
1429
1462
1516
1591
1676
1714
1716
1718
1908
1915
1940
2057
2061
2079
2149
2158
2167
2168
2324
2460
2536
2638
2649
2845
2925
3007
3058
3085
3104
3178
3185
3263
3310
3327
3330
3354
3435
3479
3489
3531
3580
3626
3679
3690
3706
3713
3757
3777
3824
3848
3865
3872
3896
3962
3999
4012
4016
4024
4039
4072
4090
4146
4169
4174
4342
4344
4349
4398
4427
4503
4567
4568
4613
4627
4644
4645
4655
4720
4722
4740
4758
4775
4800
4806
4846
4921
4922
4939
4946
4948
4975
5025
5131
5377
5610
5830
5867
5877
5878
5892
5896
5899
5943
6003
6011
6021
6024
6080
6101
6128
6138
6196
6263
6288
6361
6375
6395
6421
6711
6773
6805
6893
6943
6990
7049
7062
7076
7095
7225
7269
7294
7305
7316
7323
7530
7600
7621
7702
7716
7729
7743
7767
7809
7856
7945
8055
8087
8092
8122
8143
8147
8164
8178
8207
8248
8280
8293
8314
8327
8425
8482
8605
8635
8662
8665
8674
8741
8859
8865
8887
8905
8916
8930
8959
8973
9027
9029
9135
9191
9221
9230
9255
9277
9315
9368
9393
9423
9425
9445
9484
9504
9524
9543
9573
9725
9735
9739
9740
9741
9742
9753
9814
9826
9827
9886
9912
9916
9919
9973
10009
10019
10072
10123
10134
10163
10327
10332
10345
10346
10358
10364
10381
10414
10522
10525
10534
10575
10632
10817
10830
10850
10866
11037
11042
11051
11075
11097
11126
11128
11136
11190
11286
11319
11324
11330
11337
11374
11383
11405
11435
11436
11442
11472
11491
11554
11645
11682
11693
11709
11714
11720
11741
11771
11784
11795
11799
11818
11877
11968
11971
11972
12063
12118
12144
12163
12168
12188
12191
12260
12265
12319
12391
12465
12466
12477
12486
12565
12572
12596
12601
12615
12797
13007
13037
13058
13082
13146
13150
13153
13155
13187
13249
13265
13380
13447
13503
13520
13530
13570
13589
13624
13642
13644
13664
13673
13718
13738
13757
13789
13793
13815
13839
13844
13852
13897
13966
13979
13997
14014
14050
14058
14072
14074
14142
14144
14178
14218
14220
14254
14266
14338
14510
14566
14730
15059
15112
15186
15561
16393
16465
16544
16639
16671
16683
16764
16824
16888
16922
16953
17014
17099
17102
17110
17121
17136
17306
17372
17377
17416
17505
17517
17755
17855
17879
17903
18020
18053
18093
18158
18162
18171
18253
18307
18347
18354
18367
18388
18475
18494
18503
18592
18656
18657
18721
18768
18787
18789
18842
18879
18898
18922
18941
18957
19027
19204
19258
19269
19345
19394
19522
19611
19624
19627
19629
19669
19694
19728
19799
19818
19828
19841
19887
19971
19976
19999
20040
20047
20068
20072
20173
20182
20332
20340
20357
20425
20459
20510
20533
20540
20548
20559
20584
20616
20633
20990
21056
21063
21065
21099
21129
21244
21294
21360
21408
21416
21445
21474
21488
21503
21529
21546
21566
21583
21637
21641
21690
21733
21743
21788
21792
21800
21835
21863
21873
21900
21928
21940
22004
22047
22156
22163
22166
22184
22226
22258
22273
22333
22355
22383
22387
22390
22428
22431
22450
22488
22507
22539
22542
22560
22562
22582
22585
22589
22623
22626
22768
22779
22882
22888
22927
22947
22980
22993
23070
23132
23190
23314
23337
23381
23405
23424
23425
23435
23447
23456
23549
23600
23651
23661
23695
23698
23708
23754
23829
23846
23898
23928
23940
23951
24018
24038
24050
24076
24078
24093
24156
24198
24258
24315
24319
24326
24350
24363
24392
24393
24412
24417
24428
24461
24471
24492
24520
24547
24549
24558
24586
24589
24592
24613
24642
24671
24733
24781
24788
24795
24817
24834
24886
24887
24966
24986
25020
25045
25109
25154
25181
25263
25316
25329
25346
25405
25416
25424
25439
25445
25460
25469
25470
25475
25505
25570
25683
25737
25762
25774
25782
25793
25798
25801
25816
25819
25824
25839
25841
25843
25850
25861
25874
25878
25896
25904
25906
25912
25949
25955
25975
25986
25996
25998
26019
26087
26118
26168
26186
26187
26221
26222
26234
26241
26251
26264
26276
26279
26292
26293
26297
26312
26319
26326
26466
26496
26543
26545
26601
26607
26649
26682
26727
26759
26779
26871
26903
26943
26945
26966
27017
27021
27029
27093
27098
27103
27107
27138
27161
27405
27472
27488
27567
27593
27614
27782
27906
27909
27949
28037
28090
28108
28136
28307
28323
28449
28502
28509
28533
28619
28666
28670
28676
28730
28786
28828
28851
28884
28897
28901
28903
28912
28925
28937
28955
28970
29028
29066
29092
29160
29165
29213
29231
29253
29299
29337
29342
29375
29407
29420
29449
29463
29471
29513
29533
29544
29546
29552
29569
29589
29590
29605
29627
29628
29647
29653
29660
29714
29730
29731
29739
29748
29758
29761
29770
29772
29793
29815
29893
29918
29919
29940
29955
29956
29960
29985
30044
30299
30339
30354
30387
30433
30435
30485
30516
30568
30583
30586
30646
30708
30739
30776
30777
30781
30786
30823
30883
30884
30893
30916
30984
31030
31130
31165
31195
31203
31228
31322
31336
31344
31434
31477
31536
31547
31567
31580
31626
31630
31649
31653
31701
31838
31871
31872
31893
31907
31951
31954
31966
32004
32026
32037
32043
32049
32206
32209
32213
32226
32242
32269
32282
32345
32391
32397
32423
32447
32549
32557
32572
32573
32618
32692
32722
32730
32748
32752
32754
32816
32832
32872
32935
32948
32987
33069
33193
33202
33220
33242
33246
33274
33277
33410
33527
33541
33571
33595
33613
33655
33682
33732
33774
33775
33855
33866
33933
33938
33942
33956
33977
34025
34027
34057
34117
34118
34120
34227
34326
34425
34434
34439
34462
34523
34535
34553
34653
34826
34883
34942
35075
35264
35277
35298
35395
35495
35497
35508
35512
35536
35597
35765
35870
35879
35930
36136
36216
36323
36326
36395
36400
36508
36596
36702
36753
36805
36825
36858
36909
36928
36947
36999
37002
37039
37054
37105
37145
37178
37181
37186
37190
37206
37216
37217
37248
37511
37552
37557
37582
37592
37632
37780
37804
37817
37826
37846
37871
37881
37893
37899
37923
37944
37994
38050
38061
38114
38120
38256
38273
38345
38379
38438
38479
38502
38532
38546
38739
38767
38810
38814
38818
38900
38906
38975
39158
39296
39328
39406
39423
39445
39543
39669
39760
39802
39826
39859
39888
39985
39994
40007
40026
40027
40086
40111
40155
40236
40318
40533
40535
40560
40564
40593
40619
40637
40765
41167
41514
41552
41603
41678
41680
41725
41751
41829
41866
41889
42018
42031
42106
42315
42471
42502
42551
42609
42656
42728
42796
42815
42819
42974
43009
43010
43072
43113
43160
43189
43233
43271
43273
43318
43349
43383
43396
43450
43465
43518
43554
43660
43662
43664
43670
43678
43705
43715
43723
43729
43961
44023
44054
44124
44139
44246
44289
44317
44420
44421
44440
44493
44494
44503
44558
44630
44712
44726
44744
44810
44841
44884
44919
44928
44937
44951
44969
44987
45003
45095
45151
45334
45429
45502
45506
45523
45565
45616
45618
45668
45688
45718
45723
45728
45784
45795
45804
45870
45955
46045
46084
46177
46188
46260
46310
46314
46474
46614
46696
46791
46869
46927
47006
47034
47082
47158
47166
47173
47191
47345
47397
47418
47463
47466
47488
47501
47516
47596
47670
47672
47698
47859
47870
47894
47930
47990
48137
48155
48309
48475
48572
48593
48615
48678
48855
48858
48867
48885
48893
48915
48930
48936
48945
48952
48974
48983
49027
49034
49049
49051
49070
49085
49099
49116
49154
49178
49394
49427
49588
49620
49625
49632
49694
49723
49759
49832
49859
49863
49963
49979
50001
50062
50079
50157
50205
50288
50361
50427
50459
50476
50585
50618
50628
50629
50684
50702
50803
50885
50889
50894
50967
51031
51163
51224
51269
51367
51417
51472
51564
51672
51680
51690
51749
51788
51803
51842
51849
51850
51853
51862
51866
51890
51911
51912
51930
51950
51990
52032
52113
52140
52155
52190
52212
52247
52277
52377
52383
52387
52438
52592
52604
52666
52696
52744
52760
52770
52772
52783
52933
52945
53096
53139
53171
53301
53370
53380
53488
53494
53500
53580
53585
53587
53588
53602
53669
53694
53709
53809
54126
54255
54411
54528
54531
54560
54603
54649
54656
54661
54670
54722
54769
54779
54855
54884
54919
54950
54977
55119
55323
55376
55443
55527
55644
55762
55864
55875
55910
55953
55966
56040
56068
56085
56098
56111
56115
56132
56140
56208
56223
56259
56287
56295
56317
56352
56391
56400
56437
56445
56462
56466
56473
56491
56507
56579
56584
56593
56626
56639
56644
56671
56675
56699
56705
56711
56714
56717
56735
56744
56749
56779
56791
56825
56831
56838
56872
56915
56951
56983
56993
57080
57085
57185
57298
57392
57456
57470
57491
57512
57531
57553
57580
57605
57615
57631
57637
57711
57728
57775
57804
57858
57869
57994
58007
58013
58140
58170
58220
58263
58264
58306
58327
58351
58393
58433
58434
58435
58444
58491
58538
58560
58583
58592
58634
58989
59009
59015
59087
59146
59177
59182
59199
59319
59413
59455
59518
59563
59621
59634
59662
59671
59674
59678
59690
59697
59761
59877
59974
60022
60075
60091
60134
60194
60244
60307
60347
60349
60374
60412
60415
60450
60481
60496
60499
60501
60546
60556
60609
60668
60669
60676
60694
60761
60769
61042
61227
61272
61278
61408
61422
61500
61504
61542
61556
61634
61640
61670
61673
61692
61718
61800
61826
61848
61872
61879
61888
61895
61907
61930
62282
62457
62677
62724
62765
62773
62784
62824
63010
63011
63032
63147
63179
63209
63393
63539
63559
63610
63618
63660
63830
63903
63918
63963
63976
63981
64096
64161
64249
64342
64369
64373
64596
64601
64625
64733
64832
64871
64912
64925
64941
64982
65002
65009
65050
65065
65106
65108
65130
65195
65207
65208
65263
65264
65272
65303
65356
65363
65450
65600
65711
65799
65884
66163
66243
66297
66329
66364
66379
66420
66546
66567
66583
66621
66626
66654
66706
66709
66713
66718
66754
66759
66787
66828
66849
66851
66876
66957
66997
67021
67030
67072
67098
67146
67220
67299
67367
67370
67448
67463
67590
67654
67680
67706
67748
67758
67794
67796
67797
67804
67836
67854
67932
67938
67956
67998
68081
68084
68278
68284
68334
68362
68390
68437
68497
68498
68501
68520
68527
68557
68641
68711
68850
68978
68981
69028
69164
69193
69258
69263
69289
69298
69345
69448
69515
69537
69563
69572
69586
69617
69624
69629
69683
69706
69758
69797
69827
69856
69860
69868
69870
69876
69888
69991
69999
70004
70010
70013
70034
70069
70097
70119
70144
70186
70188
70231
70347
70351
70520
70598
70604
70652
70655
70676
70698
70898
70979
71023
71056
71116
71193
71219
71331
71344
71557
71587
71615
71838
71846
71859
71870
71930
72006
72010
72038
72052
72063
72068
72078
72101
72124
72204
72222
72335
72428
72487
72513
72716
73225
73278
73408
73436
73564
73565
73603
73611
73738
73755
73787
73839
73860
73956
74024
74028
74056
74064
74085
74135
74250
74296
74316
74370
74389
74416
74464
74496
74515
74544
74553
74589
74606
74649
74676
74743
74765
74808
74998
75008
75062
75064
75085
75094
75195
75204
75247
75305
75313
75315
75440
75456
75481
75484
75498
75553
75576
75611
75628
75632
75679
75699
75760
75778
75779
75842
75844
75852
75912
75919
75922
75923
75974
75986
76052
76089
76126
76139
76185
76289
76347
76354
76380
76416
76502
76592
76698
76750
76755
76839
76854
76867
76877
76879
76910
76938
76991
77035
77134
77142
77189
77225
77229
77270
77272
77304
77359
77491
77572
77623
78023
78024
78034
78060
78067
78071
78078
78097
78099
78112
78131
78182
78187
78195
78200
78242
78291
78333
78344
78397
78424
78447
78489
78543
78568
78605
78613
78614
78625
78689
78701
78703
78767
78829
78907
78908
78931
78963
78971
78983
78989
79062
79158
79175
79193
79243
79267
79372
79378
79404
79409
79492
79506
79512
79539
79589
79608
79691
79730
80015
80040
80056
80089
80277
80315
80323
80453
80652
80740
80751
80791
80921
81092
81122
81172
81370
81423
81459
81692
81693
81700
81859
81910
81918
81951
82151
82153
82242
82264
82270
82281
82339
82340
82423
82499
82539
82568
82586
82596
82692
82736
82774
82866
82875
82911
82927
82935
82963
83010
83120
83129
83137
83206
83232
83236
83447
83501
83508
83517
83582
83585
83591
83601
83618
83629
83682
83714
83780
83930
83931
84125
84244
84250
84306
84344
84347
84403
84409
84460
84468
84516
84542
84562
84564
84610
84683
84736
84749
84758
84762
84854
84894
85098
85212
85236
85288
85426
85470
85478
85484
85485
85596
85807
85869
85915
85998
86004
86047
86061
86147
86161
86183
86197
86287
86341
86675
86735
86812
86834
86847
86890
86895
86996
87078
87127
87171
87184
87214
87262
87339
87407
87440
87469
87505
87567
87628
87730
87818
87839
87853
87856
87861
87874
87921
87983
88019
88022
88134
88143
88156
88171
88177
88244
88332
88366
88393
88519
88562
88563
88708
88726
88760
88913
88933
88954
89064
89102
89151
89166
89191
89226
89374
89414
89473
89517
89649
89702
89734
89741
89764
89766
89768
89940
90513
90596
90739
90907
90909
90946
90990
91091
91121
91156
91161
91193
91226
91229
91234
91235
91258
91282
91336
91370
91402
91408
91423
91441
91459
91531
91557
91572
91573
91601
91630
91684
91691
91762
91845
91859
91865
91914
91943
91965
92154
92185
92216
92250
92276
92337
92365
92432
92446
92465
92483
92507
92591
92600
92651
92658
92685
92719
92780
92786
92843
92861
92879
92890
92951
92972
92974
93018
93054
93072
93078
93086
93159
93218
93287
93368
93398
93401
93402
93523
93537
93582
93583
93622
93668
93670
93681
93687
93697
93701
93780
93811
93869
93883
93908
93910
93918
93924
93999
94006
94013
94044
94055
94064
94072
94078
94084
94128
94134
94145
94170
94190
94254
94303
94307
94315
94341
94365
94406
94428
94442
94457
94518
94552
94554
94629
94656
94661
94677
94680
94695
94757
94768
94923
95008
95063
95110
95123
95142
95164
95171
95186
95195
95215
95220
95236
95272
95284
95289
95303
95365
95446
95471
95531
95608
95626
95652
95711
95783
95835
95844
95873
95899
95909
96071
96085
96110
96129
96154
96169
96176
96178
96199
96200
96247
96267
96274
96299
96333
96364
96388
96400
96462
96477
96479
96527
96533
96540
96549
96551
96555
96565
96570
96573
96577
96628
96658
96671
96697
96722
96761
96765
96773
96812
96820
96824
96829
96844
96845
96863
96877
96883
96888
96892
96975
96997
97024
97025
97104
97121
97129
97183
97219
97229
97261
97284
97304
97336
97346
97358
97365
97368
97395
97411
97531
97573
97578
97594
97618
97640
97664
97721
97725
97727
97760
97772
97796
97797
97832
97866
97899
97906
97920
97947
97975
97987
98021
98023
98088
98117
98134
98220
98256
98264
98283
98332
98415
98440
98508
98587
98627
98669
98693
98695
98700
98824
98888
98943
98945
99054
99097
99115
99119
99139
99145
99184
99210
99221
99226
99236
99304
99330
99348
99364
99367
99394
99406
99424
99535
99546
99550
99623
99637
99686
99688
99719
99738
99757
99769
99771
99776
99869
99874
99914
99924
99965
100011
100020
100083
100124
100146
100175
100292
100305
100377
100393
100448
100459
100464
100494
100498
100546
100555
100681
100690
100698
100704
100710
100715
100744
100770
100795
100884
100998
101051
101109
101121
101258
101396
101443
101454
101485
101501
101529
101545
101648
101654
101662
101667
101671
101672
101766
101868
101872
101918
101924
101963
101965
101972
101994
102007
102055
102072
102080
102090
102094
102109
102131
102155
102165
102174
102176
102180
102185
102280
102339
102343
102347
102377
102386
102395
102414
102438
102443
102447
102450
102496
102674
102690
102692
102720
102742
102757
102834
102852
102867
102877
102893
102903
102917
102927
102946
102983
102989
103017
103029
103036
103078
103138
103140
103202
103206
103223
103226
103246
103268
103270
103277
103311
103349
103354
103364
103397
103410
103449
103535
103548
103579
103603
103625
103629
103687
103721
103742
103743
103768
103888
103907
103947
103949
103980
104038
104067
104076
104085
104142
104148
104180
104201
104216
104233
104239
104252
104269
104270
104310
104344
104357
104396
104404
104439
104475
104476
104502
104562
104570
104592
104595
104616
104656
104707
104736
104739
104749
104753
104823
104846
104860
104948
105004
105005
105042
105065
105067
105068
105070
105086
105107
105115
105183
105196
105200
105213
105225
105256
105259
105293
105296
105319
105340
105372
105401
105410
105428
105664
105672
105714
105754
105760
105795
105809
105818
105834
105848
105879
105900
105997
106026
106046
106060
106073
106113
106135
106162
106190
106208
106215
106237
106285
106294
106329
106337
106396
106472
106521
106582
106696
107219
107241
107266
108114
108555
108571
108588
108649
108685
108698
108719
108752
108759
108772
108775
108779
108916
108970
109025
109039
109065
109073
109075
109158
109197
109219
109236
109288
109299
109346
109369
109437
109465
109469
109540
109676
109745
109794
109843
109854
109934
109940
110053
110152
110185
110367
110380
110392
110602
110673
110702
110708
110715
110745
110759
110760
110920
111089
111595
112109
112110
112223
112237
112336
112527
112567
112665
112741
112781
112867
112903
112929
112966
112968
113038
113174
113241
113261
113263
113298
113338
113359
113373
113383
113404
113405
113431
113562
113620
113646
113647
113665
113692
113777
113782
113843
113963
113975
113990
114004
114024
114074
114102
114109
114139
114159
114173
114181
114206
114252
114260
114274
114488
114541
114644
114755
114992
115043
115059
115071
115093
115105
115117
115147
115205
115206
115254
115286
115298
115329
115456
115569
115728
115797
115810
115818
115830
115845
115987
115989
116087
116318
116362
116365
116392
116424
116444
116499
116632
116936
117051
117162
117167
117191
117307
117484
117529
117531
117533
117573
117575
117626
117656
117660
117687
117712
117849
117905
117932
118239
118300
118343
118355
118366
118372
118509
118544
118552
118561
118635
118688
118923
118949
119061
119090
119110
119192
119250
119321
119326
119327
119347
119488
119539
119540
119618
119697
119708
119710
119714
119765
119939
119961
119980
120004
120061
120076
120078
120119
120141
120142
120256
120301
120327
120377
120421
120469
120484
120519
120527
120584
120602
120680
120713
120742
120750
120795
120800
120812
120820
120858
120923
121071
121181
121187
121257
121317
121318
121421
121434
121471
121476
121482
121514
121549
121559
121640
121646
121821
121823
121849
121862
121946
121980
122038
122060
122067
122092
122168
122219
122304
122334
122352
122405
122562
122635
122693
122704
122775
122793
122922
122970
123199
123207
123229
123319
123358
123460
123503
123516
123702
123714
123715
123730
123784
123786
123791
123939
123984
124079
124080
124094
124140
124173
124177
124518
124548
124655
124689
124977
125017
125080
125103
125307
125341
125527
125728
125756
125791
125857
125858
125923
126017
126085
126147
126171
126174
126175
126198
126293
126307
126316
126330
126341
126364
126397
126454
126502
126723
127013
127027
127031
127117
127215
127249
127337
127400
127454
127480
127791
128000
128027
128130
128192
128197
128202
128214
128254
128302
128311
128329
128332
128406
128484
128578
128650
128693
128724
128737
128800
128812
128855
128857
128875
128891
128907
128976
128984
129040
129109
129119
129127
129147
129177
129509
129748
129770
129839
129893
129911
129949
129968
130017
130094
130099
130120
130121
130123
130168
130169
130259
130274
130295
130323
130355
130359
130574
130859
130931
130937
130998
131004
131043
131056
131085
131101
131107
131120
131138
131296
131368
131369
131405
131411
131429
131460
131479
131515
131776
131812
131827
131935
131967
132065
132274
132322
132343
132387
132542
132599
132643
132680
132692
132708
132788
132803
132804
132901
132913
133096
133276
133297
133301
133312
133339
133363
133386
133441
133495
133591
133628
133668
133735
133737
133789
133884
133989
134163
134187
134195
134221
134237
134257
134275
134288
134364
134379
134386
134401
134408
134457
134459
134470
134486
134556
134577
134625
134693
134755
134756
134801
134852
134943
134958
134975
134978
134983
135076
135080
135112
135148
135161
135251
135255
135273
135323
135345
135362
135399
135423
135467
135481
135484
135499
135573
135595
135608
135721
135724
135740
135741
135824
135833
135837
135864
135881
135911
135924
135977
136034
136047
136048
136058
136088
136106
136359
136370
136407
136411
136420
136485
136570
136596
136736
136740
136749
136750
136787
136857
136893
136900
136932
136935
136966
136982
136984
137180
137217
137250
137387
137393
137403
137488
137532
137536
137555
137564
137606
137651
137822
137885
137925
138198
138208
138319
138509
138614
138646
138885
138976
138984
139007
139052
139055
139056
139087
139104
139150
139227
139231
139267
139274
139282
139401
139432
139496
139508
139601
139615
139694
139745
139776
139800
139889
139900
139902
139920
139963
140049
140091
140130
140147
140159
140200
140212
140224
140262
140373
140428
140433
140446
140454
140465
140481
140492
140565
140574
140583
140686
140700
140733
140794
140931
141048
141095
141117
141148
141161
141239
141261
141311
141372
141460
141544
141569
141590
141625
141719
141721
141830
141903
141941
142044
142261
142282
142288
142460
142466
142487
142495
142505
142601
142621
142761
142879
142938
142993
143021
143081
143158
143160
143209
143427
143478
143517
143536
143569
143639
143735
143784
143792
143857
143864
143900
143933
143934
143979
143981
143994
144034
144095
144149
144309
144485
144513
144626
144646
144662
144674
144741
144782
144789
144817
144877
144942
144946
145036
145051
145142
145146
145216
145228
145242
145338
145356
145361
145368
145403
145414
145417
145483
145487
145535
145538
145596
145837
145859
145865
145873
145874
145876
145903
145941
145967
146177
146203
146273
146278
146290
146316
146349
146372
146389
146391
146492
146495
146497
146522
146551
146593
146644
146706
146727
146728
146748
146761
146845
146854
146863
146874
146875
146892
146900
146939
146957
147015
147024
147089
147095
147099
147113
147120
147129
147159
147170
147176
147244
147334
147335
147344
147357
147401
147440
147442
147470
147475
147480
147501
147528
147641
147656
147692
147715
147728
147743
147766
147769
147774
147775
147781
147822
147866
147870
147893
147900
147912
147935
147948
148094
148102
148203
148293
148312
148316
148337
148354
148387
148440
148476
148480
148531
148551
148617
148650
148658
148702
148706
148707
148711
148723
148758
148801
148838
148897
148899
149115
149187
149228
149238
149287
149291
149328
149369
149415
149575
149599
149611
149631
149652
149667
149686
149738
149838
149843
149844
149851
149864
149874
149895
150003
150023
150028
150043
150080
150102
150109
150165
150198
150218
150293
150306
150311
150336
150427
150436
150453
150509
150537
150673
150698
150792
150823
150830
150833
150979
150984
151128
151144
151153
151162
151206
151292
151430
151458
151528
151744
151753
151776
151864
151886
151943
151968
152068
152069
152098
152153
152189
152197
152254
152356
152438
152584
152689
152698
152704
152769
152775
152806
152985
153018
153024
153279
153284
153340
153350
153404
153440
153450
153575
153619
153644
153652
153734
153762
153830
153916
153934
153949
154022
154028
154033
154047
154068
154114
154124
154149
154163
154174
154200
154365
154370
154478
154480
154520
154535
154694
154844
154850
155074
155107
155108
155121
155159
155171
155269
155326
155328
155385
155398
155413
155491
155498
155589
155638
155650
155666
155670
155687
155721
155746
155794
155822
155854
155862
155909
155930
155944
155965
156094
156160
156168
156182
156193
156271
156304
156332
156480
156507
156518
156537
156542
156556
156608
156636
156651
156736
156757
156780
156804
156863
156879
156885
156916
156932
156947
156969
157003
157009
157047
157049
157085
157095
157127
157141
157200
157233
157239
157247
157362
157368
157459
157489
157494
157495
157580
157613
157655
157725
157789
157827
157878
157960
157988
158057
158120
158223
158422
158439
158516
158521
158560
158587
158631
158656
158683
158711
158841
158855
159006
159008
159110
159118
159204
159220
159272
159281
159312
159569
159589
159632
159645
159679
159784
159809
159843
159852
159873
159886
159905
159929
160006
160021
160138
160143
160174
160248
160290
160337
160370
160440
160447
160476
160478
160491
160499
160515
160598
160608
160713
160723
160739
160781
160785
160796
160826
160861
160940
161001
161025
161030
161035
161074
161092
161223
161293
161300
161406
161429
161459
161492
161495
161506
161602
161721
161775
161802
161818
161829
161859
161905
161914
161955
161963
161968
162019
162028
162078
162100
162137
162170
162177
162191
162221
162254
162269
162297
162308
162317
162333
162347
162354
162363
162366
162373
162572
162574
162585
162591
162606
162642
162652
162662
162664
162891
162943
163038
163103
163146
163277
163361
163363
163370
163414
163487
163498
163501
163569
163594
163618
163624
163627
163647
163678
163690
163697
163707
163751
163778
163799
163846
163852
163854
163857
163866
163887
163901
163902
163956
163977
163996
164007
164019
164023
164086
164097
164117
164149
164168
164219
164295
164301
164361
164402
164460
164466
164493
164500
164631
164647
164727
164764
164944
164954
165131
165301
165698
166508
167120
167200
167639
168146
168906
169060
169249
170037
170092
170113
170126
170155
170207
170218
170315
170386
170437
170562
170597
170881
170931
171063
171070
171080
171096
171266
171269
171363
171407
171422
171443
171454
171465
171548
172222
172225
172363
172390
172498
172659
172687
172893
172895
172926
173015
173045
173047
173049
173053
173105
173113
173118
173158
173163
173187
173243
173302
173716
173993
174028
174102
174103
174108
174123
174126
174133
174146
174152
174166
174230
174243
174259
174269
174286
174290
174298
174321
174354
174363
174373
174473
174482
174496
174545
174609
174610
174751
174823
174836
174858
174865
174908
174959
174964
174982
174989
175050
175073
175157
175169
175191
175241
175266
175288
175304
175326
175338
175341
175870
175880
176213
176350
176579
177046
177574
177668
177696
177730
177755
177944
177946
177969
177976
178041
178065
178219
178223
178224
178306
178351
178438
178467
178504
178600
178634
178735
178764
178786
178857
178887
178891
178892
178909
178940
178952
178959
178962
178997
179046
179418
179655
179667
179669
179683
179753
179779
179804
179873
179899
179900
179939
180020
180039
180048
180050
180052
180137
180176
180181
180265
180322
180427
180447
180448
180563
180671
180702
180755
180801
180824
180871
180983
181513
182247
182250
183621
183801
183873
183877
183962
184034
184060
184100
184154
184173
184255
184275
184315
184357
184358
184359
184405
184406
184659
184682
184685
184702
184802
184810
184842
184844
184877
185065
185179
185638
185714
185720
185721
185788
185854
185897
185912
186042
186227
186572
186605
186642
186671
186877
186935
186939
186949
186958
187230
187243
187260
187290
187308
187332
187369
187375
187390
187396
187405
187500
187540
187973
187977
188039
188040
188045
188047
188097
188293
188304
188485
188514
188524
188547
188949
189082
189320
189340
189342
189358
189645
189683
189688
189709
189728
189752
189803
189823
189886
189907
190381
190406
190420
190469
190472
190479
190535
190545
190553
190568
190620
190666
190768
190812
191138
191149
191221
191249
191272
191307
191379
191381
191426
191665
191686
191697
191708
191744
191772
191796
191854
191879
191927
191953
191956
191973
192057
192079
192122
192193
192209
192253
192548
192581
192630
192684
192729
192832
193146
193192
193659
193798
193869
193900
193912
193923
194022
194023
194027
194044
194076
194939
194986
195025
195126
195152
195174
195195
195274
195421
195429
195445
195547
195594
195600
195692
195727
195786
195789
195835
195862
195881
195943
195964
196050
196203
196238
196393
196406
196446
196560
196734
196735
196742
196980
196998
197365
197403
197495
197623
197627
197693
197953
198049
198093
198133
198138
198141
198177
198182
198197
198295
198323
198589
198810
198886
198922
199022
199025
199144
199212
199229
199250
199411
199445
199527
199548
199550
199568
199569
199595
199601
199727
199732
199769
199878
199988
200075
200115
200123
200230
200614
200678
200779
200780
200786
200820
200827
200842
200900
200932
200969
200979
200985
200986
200987
201004
201035
201067
201133
201229
201339
201361
201362
201377
201384
201390
201397
201638
201644
201647
201677
201693
201739
201788
201935
201991
202006
202010
202128
202166
202189
202226
202260
202267
202274
202447
202493
202532
202549
202558
202592
202596
202624
202632
202651
202669
202676
202692
202701
202711
202737
202841
202852
202955
203069
203161
203165
203252
203275
203288
203363
203379
204462
204490
204533
204672
204683
204700
204799
204936
204963
204980
205009
205026
205110
205303
205452
205578
205751
205809
205823
205828
205845
205849
205856
205911
205918
205926
205974
206020
206024
206058
206116
206118
206232
206242
206255
206329
206332
206384
206440
206452
206478
206521
206617
206763
206768
206826
206856
206898
207018
207213
207257
207364
207404
207439
207445
207495
207504
207530
207656
207673
207709
207798
207806
208011
208012
208078
208083
208286
208386
208388
208464
208469
208572
208577
208585
208596
208655
208712
208800
208857
209134
209172
209269
209332
209374
209392
209501
209577
209589
209593
209645
209687
209695
209702
209820
209916
209981
209992
210057
210115
210171
210181
210247
210382
210475
210489
210561
210722
210841
211054
211194
211202
211265
211299
211306
211333
211372
211374
211387
211402
211411
211422
211443
211472
211511
211582
211593
211609
211655
211723
211725
211747
211773
211806
211810
211813
211825
211835
211836
211888
211921
211924
211938
211977
212088
212100
212109
212121
212128
212137
212217
212233
212239
212314
212331
212361
212420
212428
212458
212459
212462
212475
212518
212521
212539
212560
212568
212581
212586
212599
212600
212674
212693
212745
212783
212793
212836
212872
212946
212950
212951
212955
213017
213032
213073
213106
213160
213186
213202
213240
213274
213276
213278
213279
213360
213385
213399
213480
213496
213519
213744
214003
214233
214234
214248
214602
214918
215019
215108
215277
215299
215344
215446
215634
215798
215895
216226
216279
216326
216356
216360
216403
216448
216456
216484
216503
216506
216638
216753
216767
216876
216916
216923
216936
216947
217003
217033
217093
217467
217490
217491
217546
217608
217718
217827
217848
217903
218071
218146
218172
218291
218350
218380
218413
218423
218424
218457
218478
218575
218649
218770
218806
218835
218879
218889
218952
218994
219027
219039
219053
219112
219118
219124
219150
219195
219414
219479
219555
219636
219658
219738
219801
219886
219923
219927
219974
219994
220004
220202
220226
220247
220253
220261
220338
220417
220436
220440
220443
220596
220783
220810
220937
220983
220987
221027
221055
221178
221337
221410
221445
221462
221480
221485
221522
221548
221593
221607
221725
221749
221769
221783
221794
221874
221936
222001
222173
222198
222273
222509
222555
222566
222611
222618
222699
222722
222724
222750
222754
222817
222896
222900
222918
222919
222946
222955
222957
222962
222973
222975
222986
223003
223604
223708
223720
223933
223942
223968
224055
224074
224221
224247
224347
224584
224740
224839
225133
225210
225730
225738
225978
225981
225997
226006
226169
226171
226193
226376
226397
226519
226553
226565
226567
226577
226598
226665
226779
226859
226904
226916
227060
227087
227323
227349
227440
227807
227877
227908
227917
228072
228088
228200
228427
228436
228440
228496
228795
228804
228945
229080
229120
229154
229160
229201
229293
229320
229370
229376
229386
229396
229411
229431
229605
229654
229661
229678
229698
229702
229703
229735
229771
229856
229879
229889
229924
229927
229946
229948
229954
230009
230015
230145
230162
230239
230262
230344
230593
230649
230670
230703
230718
230745
230791
230896
231116
231171
231182
231367
231382
231400
231509
231637
231697
231711
231736
231893
231922
231930
232001
232134
232297
232407
232568
232576
232679
232714
232946
233203
233289
233327
233363
233396
233432
233433
233438
233439
233446
233453
233461
233472
233473
233474
233477
233483
233518
233555
233557
233589
233652
233905
234005
234267
234271
234468
234610
234656
234795
234988
235138
235150
235309
235390
235402
235413
235424
235430
235438
235444
235445
235459
235477
235489
235647
235672
235794
236028
236083
236122
236160
236249
236253
236302
236331
236365
236372
236445
236459
236464
236469
236494
236526
236558
236598
236772
236790
236810
236866
236879
236913
236938
237021
237024
237078
237101
237146
237204
237249
237367
237377
237416
237460
237470
237542
237644
237724
237725
237728
237730
237743
237750
237774
237879
237894
237924
237941
237945
237967
238053
238066
238089
238144
238198
238199
238223
238250
238274
238305
238312
238363
238390
238428
238452
238453
238459
238468
238474
238476
238506
238522
238568
238569
238584
238597
238637
238639
238656
238687
238856
238879
238921
238934
238937
238993
239012
239050
239195
239296
239300
239436
239438
239440
239448
239642
239695
239711
239745
239896
239941
240011
240025
240066
240127
240136
240162
240182
240195
240197
240198
240202
240203
240213
240240
240409
240418
240431
240432
240436
240438
240450
240515
240559
240601
240622
240636
240721
240751
240882
240900
240902
240969
240979
240982
241199
241279
241307
241327
241524
241711
241737
241932
241949
241966
242008
242020
242056
242057
242068
242077
242116
242144
242167
242182
242183
242195
242213
242227
242238
242245
242290
242315
242347
242438
242556
242620
242685
242844
242845
242889
242966
242969
243097
243099
243160
243198
243305
243463
243592
243611
243664
243766
243813
243889
244066
244072
244107
244209
244220
244362
244448
244466
244479
244530
244537
244547
244634
244659
244888
244912
245020
245039
245053
245110
245137
245148
245215
245430
245989
246096
246138
246153
246197
246250
246290
246314
246334
246378
246444
246526
246528
246538
246541
246554
246586
246619
246624
246628
246645
246684
246709
246790
246804
247002
247007
247173
247219
247248
247256
247276
247292
247302
247406
247481
247572
247709
247735
247792
247809
247823
247853
247865
247960
248209
248256
248361
248439
248462
248606
248674
248691
248705
248741
248754
248779
248877
248961
249197
249409
249433
249507
249622
249669
249801
249852
249887
249940
249964
250072
250081
250168
250291
250353
250397
250410
250557
250586
250609
250622
250699
250706
250719
251199
251204
251214
251217
251320
251342
251420
251427
251448
251561
251645
251840
251845
251874
251922
251964
252022
252025
252151
252166
252198
252341
252369
252429
252558
252660
252677
252683
252703
252729
252781
252782
252787
252838
252926
252931
252964
253009
253011
253035
253065
253159
253253
253311
253313
253326
253379
253504
253637
253678
253776
253830
253868
253934
254015
254028
254123
254128
254145
254216
254244
254336
254359
254372
254380
254431
254470
254518
254752
254778
254779
254791
254943
254957
254986
254988
255027
255076
255095
255132
255160
255212
255299
255314
255332
255425
255484
255486
255572
255594
255752
255757
255760
255785
255828
255858
255877
255942
255960
255999
256036
256079
256188
256315
256380
256402
256431
256609
256612
256630
256684
256742
256759
256853
256873
256903
256932
256966
257098
257186
257214
257260
257270
257284
257327
257406
257494
257572
257643
257652
257688
257735
257740
257792
257795
257805
257813
257816
258004
258057
258108
258117
258393
258426
258461
258472
258533
258576
258648
258650
258721
258799
258827
258829
258864
258891
258894
258905
258908
259063
259072
259081
259124
259134
259150
259163
259180
259235
259243
259289
259368
259398
259399
259400
259413
259440
259441
259599
259663
259713
259877
259888
259948
259968
260064
260081
260092
260093
260149
260179
260330
260348
260350
260357
260359
260596
260635
260650
260652
260653
260688
260848
260987
261200
261233
261263
261346
261556
261705
261729
261743
261745
261802
261810
261815
261830
261974
262136
262238
262246
262363
262381
262479
262538
262758
262832
262890
262896
262949
263025
263098
263114
263193
263216
263247
263267
263281
263310
263349
263395
263425
263480
263555
263610
263823
263896
263900
263920
264027
264039
264043
264068
264162
264257
264520
264536
264631
264635
264687
264702
264753
264784
265100
265139
265191
265274
265301
265326
265329
265343
265359
265398
265575
265885
265956
265992
266024
266067
266120
266142
266202
266210
266222
266393
266431
266512
266535
266551
266558
266591
266595
266609
266650
266707
266727
266728
266771
266817
266848
266948
267013
267043
267092
267135
267159
267164
267211
267292
267491
267526
267645
267678
267680
267733
267759
267928
267947
267985
268011
268062
268101
268213
268236
268280
268289
268344
268359
268373
268376
268503
268571
268578
268670
268679
268707
268777
268818
268819
268856
268931
268945
268952
269026
269031
269072
269097
269116
269157
269162
269170
269187
269256
269283
269432
269437
269480
269540
269619
269793
269804
269838
269928
270007
270178
270347
270428
270454
270546
270551
270640
270644
270805
270808
270880
270901
270942
271039
271108
271192
271254
271466
271476
271569
271604
271635
271636
271742
271795
271847
271876
271877
271883
271985
271989
272079
272157
272160
272258
272276
272279
272356
272484
272684
272721
272838
272892
272949
273021
273035
273057
273131
273133
273162
273217
273256
273257
273258
273261
273300
273349
273443
273547
273608
273646
273715
273732
273737
273822
274042
274117
274148
274218
274321
274458
274590
274690
274850
274872
274902
274927
274983
275009
275036
275143
275162
275253
275294
275362
275369
275417
275465
275535
275765
275864
275910
275931
275947
276045
276160
276162
276193
276460
276485
276491
276550
276598
276904
276907
276925
277009
277020
277034
277044
277045
277052
277367
277383
277384
277403
277553
277556
277557
277705
277796
277797
277837
277845
277915
278022
278131
278272
278426
278473
278480
278696
278844
279011
279015
279059
279109
279132
279139
279255
279342
279484
279616
279625
279633
279747
279943
279950
279956
280086
280360
280361
280411
280689
280741
280747
280757
280863
281003
281422
281612
281641
281668
281812
282006
282029
282059
282124
282251
282506
282610
282631
282633
282634
282636
282885
282986
283235
283361
283404
283451
283455
283456
283494
283616
283775
284055
284317
284440
284649
284666
284715
284882
285005
285020
285026
285129
285233
285386
285445
285454
285544
285565
285819
285827
285865
285873
285908
286014
286131
286175
286180
286224
286278
286280
286321
286402
286461
286470
286550
286555
286688
286755
286841
286843
286854
286862
286867
286889
286913
286917
286974
287060
287093
287115
287127
287162
287178
287258
287346
287360
287461
287465
287484
287501
287599
287627
287779
287798
287806
288113
288199
288248
288336
288343
288409
288490
288536
288554
288583
288744
288881
289159
289266
289392
289479
289543
289565
289630
289753
289782
289947
290218
290234
290269
290371
290563
290577
290650
290694
290697
290728
290748
290756
290765
290800
290840
290849
290865
290955
291054
291262
291274
291412
291425
291615
291616
291625
291691
291708
291847
291855
291889
291914
291920
291941
291966
291968
292012
292117
292157
292163
292272
292393
292457
292542
292564
292602
292605
292610
292632
292806
292869
292993
293090
293165
293178
293196
293230
293351
293399
293493
293537
293628
293675
293702
293794
293804
293881
294134
294212
294264
294394
294609
294614
294666
294776
294777
294819
294823
294925
294926
295035
295041
295072
295136
295203
295204
295320
295529
295621
296005
296026
296085
296102
296233
296408
296454
296479
296480
296977
297312
297392
297401
297574
297650
297655
297664
297726
297843
297857
298143
298300
298487
298504
298533
298550
298651
298658
298698
298718
298728
298822
298844
298850
298942
298947
298951
299003
299047
299075
299076
299110
299125
299180
299397
299414
299462
299538
299588
299603
299622
299656
299675
299716
299759
299771
299780
299830
299847
299916
299933
300040
300153
300333
300411
300430
300527
300555
300768
300794
300848
300863
300909
300912
300927
300935
300969
301026
301030
301037
301054
301069
301087
301130
301138
301147
301148
301253
301264
301266
301268
301289
301298
301309
301319
301360
301391
301404
301457
301467
301494
301558
301571
301624
301665
301697
301699
301701
301702
301752
301759
301760
301790
301809
301810
301848
301865
301891
301904
301909
301930
301995
301997
302012
302024
302066
302075
302077
302081
302121
302148
302159
302195
302218
302234
302261
302384
302385
302709
302804
302827
302850
302899
302926
302952
302960
303000
303041
303062
303087
303096
303104
303105
303111
303120
303142
303296
303297
303430
303448
303520
303590
303703
303710
303734
303812
303830
303860
303873
303892
303924
303939
303944
304027
304042
304070
304073
304105
304107
304116
304166
304192
304217
304230
304275
304303
304375
304377
304383
304386
304447
304556
304605
304628
304653
304670
304707
304708
304725
304738
304790
304805
304849
304867
304870
304907
304921
304949
304973
305020
305096
305194
305226
305230
305256
305387
305409
305449
305464
305476
305665
305713
305955
305957
305966
305968
306079
306115
306535
306642
306645
306958
307195
307467
307551
307605
307652
307711
307742
307993
308043
308140
308169
308178
308219
308266
308410
308445
308458
308524
308547
308554
308590
308632
308638
308646
308655
308700
308702
308781
308803
308835
308992
308999
309283
309454
309476
309535
309599
309602
309622
309673
309694
309702
309737
309955
309963
310283
310450
310474
310596
310721
310738
310764
310769
310786
310794
310981
311120
311141
311148
311218
311246
311261
311264
311266
311313
311346
311361
311390
311427
311449
311554
311673
311770
311810
311817
311843
311864
311907
311935
312046
312114
312233
312242
312243
312246
312264
312300
312336
312480
312490
312522
312543
312712
312794
312952
313040
313045
313115
313586
313616
313765
313778
313828
313839
314016
314125
314296
314313
314555
314575
314587
314894
314895
314921
314958
315060
315063
315067
315075
315102
315103
315124
315194
315203
315206
315210
315249
315254
315261
315360
315472
315509
315510
315543
315547
315565
315639
315684
315761
315860
315932
315939
315944
315945
315959
315982
315984
316241
316291
316338
316366
316416
316418
316432
316482
316519
316633
316775
316889
316904
317062
317080
317153
317335
317523
317524
317569
317651
317699
317768
317791
317796
317811
317833
317849
317859
317884
317892
317920
317954
317972
318015
318092
318137
318151
318170
318186
318239
318248
318268
318279
318289
318296
318372
318530
318532
318540
318622
318636
318663
318677
318687
318713
318753
318781
318793
318815
318842
318846
318906
319029
319155
319251
319271
319286
319304
319331
319476
319593
319595
319623
319631
319646
319688
319697
319725
319805
319834
319852
319868
319882
319886
319922
319973
319975
319989
320068
320226
320227
320335
320564
320570
320887
321011
321016
321160
321164
321243
321287
321379
321575
321749
321828
321885
322126
322177
322232
322854
322939
323368
323373
323375
323389
323438
323452
323465
323486
323549
323623
323711
323736
323753
323820
324029
324121
324231
324303
324481
324496
324543
324600
324644
324646
324665
324879
324911
325057
325257
325540
325589
325746
325895
326015
326050
326164
326173
326190
326194
326276
326291
326314
326318
326381
326429
326479
326480
326485
326521
326854
326908
327010
327227
327309
327338
327420
327467
327484
327501
327510
327521
327568
327579
327596
327605
327624
327631
327639
327642
327689
327761
327772
327821
327823
327837
327929
328023
328060
328125
328250
328270
328290
328297
328298
328321
328358
328490
328516
329119
329133
329189
329223
329239
329312
329633
329637
329649
329768
329784
330038
330065
330110
330124
330487
330502
330547
330587
330946
330963
331008
331023
331156
331178
331194
331281
331308
331343
331369
331424
331427
331450
331535
331536
331631
331648
331724
331825
331876
331930
331951
331957
331996
332049
332137
332171
332194
332223
332260
332289
332303
332448
332453
332640
333002
333115
333364
333641
333691
333705
333748
333797
333828
333850
333952
333957
333958
334159
334367
334394
334408
334552
334553
334554
334557
334567
334600
334641
334669
334707
334743
334760
334764
334780
334946
334977
335008
335042
335044
335076
335101
335196
335206
335217
335221
335285
335313
335325
335345
335355
335392
335434
335445
335481
335491
335501
335559
335576
335612
335787
335966
336065
336068
336070
336082
336112
336151
336158
336352
336396
336399
336429
336506
336526
336563
336693
336707
336826
336842
336938
336947
337003
337007
337090
337157
337168
337186
337216
337218
337715
338115
338170
338182
338196
338281
338315
338357
338400
338406
338543
338557
338573
338627
338643
338761
338763
338777
338817
338869
338885
338887
338991
338996
338997
339001
339042
339061
339082
339137
339143
339144
339227
339260
339272
339285
339360
339371
339375
339394
339406
339440
339460
339518
339559
339971
339993
340237
340514
340528
340536
340573
340642
340649
340674
340694
340709
340782
340797
340838
340868
340950
341001
341009
341027
341178
341317
341379
341443
341449
341859
341880
341889
341912
342138
342221
342310
342330
342534
342606
342613
342803
342818
342830
342847
342953
342959
342963
343061
343307
343458
343527
343533
343599
343601
343625
343867
343873
344141
344177
344183
344222
344242
344254
344255
344257
344302
344317
344419
344428
344478
344510
344535
344536
344619
344664
344668
344716
344819
344873
344928
345168
345240
345879
345886
345905
346041
346113
346119
346136
346235
346332
346483
346507
346613
346674
346720
346755
346771
346815
346993
347038
347133
347190
347195
347224
347302
347356
347366
347462
347723
347728
347846
347856
348030
348033
348040
348084
348106
348189
348191
348238
348256
348333
348355
348368
348380
348437
348446
348508
348518
348593
348693
348722
348788
348809
348843
348865
348899
348940
349066
349127
349345
349360
349372
349398
349420
349495
349614
349624
349635
349772
349796
349797
349801
349922
349961
350026
350462
350657
350791
351340
351345
351407
351409
351556
351743
351777
351826
351828
351858
351905
352005
352073
352149
352266
352340
352471
352497
352499
352559
352578
352618
352626
352708
352719
352726
352739
352780
352794
352834
352883
352894
353129
353168
353341
353409
353438
353453
353487
353605
353628
353660
353703
353731
354104
354147
354168
354188
354343
354376
354426
354465
354468
354540
354542
354624
354694
354707
354738
354756
354776
354781
354783
354831
354842
354858
354895
354923
354946
354947
354954
354994
355044
355146
355150
355177
355183
355239
355277
355286
355296
355308
355362
355424
355496
355502
355506
355609
355706
355823
355842
356019
356068
356077
356116
356136
356378
356431
356556
356573
356644
356670
356745
356761
356784
357188
357285
357305
357369
357604
357650
357668
357689
357712
357972
358033
358107
358232
358326
358437
358439
358795
358819
358890
358917
358931
358957
358991
359068
359138
359139
359301
359346
359394
359548
359616
359704
359804
359866
359873
360012
360021
360033
360040
360042
360196
360205
360209
360228
360520
360636
360646
360652
360665
360840
360943
361463
361527
361574
361586
361660
361731
361765
361785
361795
361808
361821
361924
361956
361964
362029
362102
362225
362265
362283
362285
362287
362334
362389
362426
362486
362509
362541
362610
362655
362673
362716
363270
363437
363491
363555
363700
363781
363896
364020
364023
364053
364139
364190
364229
364269
364272
364381
364431
364473
364622
364623
364696
364852
364902
365063
365076
365233
365334
365746
365764
365814
365948
366131
366310
366879
367317
367341
367639
367644
367655
367732
367743
367774
367834
368002
368116
368172
368208
368272
368285
368478
368528
368548
368560
368590
368591
368628
368632
368637
368645
368646
368684
368717
368788
368872
368941
369050
369059
369081
369168
369202
369224
369282
369313
369316
369370
369462
369511
369555
369774
369925
370044
370056
370144
370167
370210
370216
370224
370247
370423
370462
370693
371671
371930
372234
372268
372436
373448
373658
373798
373904
374499
374509
374577
374998
375139
375636
379100
380801
380830
380847
380855
380906
380909
380911
380932
381050
381072
381133
381170
381179
381306
381322
381455
381456
381580
381583
381585
381591
381752
381859
381879
381935
381963
381986
382005
382012
382013
382284
382388
382418
382420
382496
382520
382647
382790
382850
382950
382972
382986
383233
383291
383405
383572
383650
383765
383790
384092
384286
384532
384619
384891
384919
384937
385075
385076
385081
385277
385419
385592
385671
385736
385897
385913
385915
385928
385969
386051
386305
386385
386410
386560
386703
386704
386738
386743
386828
387257
387692
387811
387946
388185
388214
388252
388301
388302
388343
388456
388570
388602
389018
389042
389047
389153
389164
389205
389262
389266
389274
389289
389310
389320
389357
389447
389534
389538
389570
389630
389651
389828
389881
389899
389903
389909
389914
389999
390043
390051
390116
390187
390222
390259
390308
390462
390486
390578
390597
390647
390718
390730
390850
390863
390868
390941
391014
391030
391141
391196
391375
391379
391385
391388
391487
391494
391507
391630
391632
391762
391941
391954
391973
392038
392042
392070
392086
392099
392110
392155
392388
392447
392529
392608
392817
393149
393150
393162
393264
393278
393547
393711
393727
393750
393786
393917
393993
394390
394410
394458
394470
394492
394668
394706
394726
394736
394810
394873
394949
394987
395102
395123
395248
395347
395542
395587
395625
395717
395779
395864
395865
395868
395992
396091
396148
396153
396226
396329
396374
396411
396508
396523
396566
396635
396695
396697
396745
396761
396781
397330
397362
397381
397420
397752
397879
398098
398138
398163
398172
398175
398204
398227
398240
398310
398314
398319
398370
398419
398443
398445
398554
398596
398616
398761
398822
398898
399044
399568
399581
399707
399771
399779
399827
399885
400834
401013
401235
401302
401307
401325
401437
401513
401597
401620
401860
401926
401983
402044
402096
402146
402243
402337
402339
402609
402640
402714
402778
402872
402915
402926
403011
403251
403265
403285
403287
403410
403607
403695
403906
404758
404811
404814
405607
405795
405923
406032
406148
406182
406204
406232
406534
406722
406807
406821
407094
407141
407469
407519
407847
408046
408135
408137
408171
408737
408780
408877
408878
409008
409068
409386
409562
409689
410096
410740
411024
411189
411254
411304
412116
412427
414125
414288
414306
414503
414673
415434
415482
416131
416215
416499
416580
416598
416637
416686
416774
416805
416829
416844
417037
417056
417334
417442
417481
417558
417577
417653
417668
417739
417815
417818
418049
418074
418165
418209
418223
418366
418466
418649
419100
419112
419336
419441
419452
419534
419618
419685
419713
419718
419983
419992
419993
420039
420057
420123
420185
420428
420667
420994
421061
422047
422116
422176
422221
422832
423506
423599
423677
423767
424026
424185
424292
424325
424426
424454
424476
424518
424539
424755
425115
425410
425902
426382
426835
426854
427639
427680
427741
428888
429284
429466
429571
430106
430146
430365
430712
431083
432471
432472
432560
432615
432732
432751
432752
433186
433858
433879
434215
434221
434602
434604
434699
434702
434742
434891
434971
435058
435083
435086
435139
435174
435252
435269
435276
435417
435431
435568
435736
435778
435803
435829
435842
435988
436097
436099
436142
436295
436297
436339
436495
436732
436850
437175
437211
437260
437354
437360
437389
437452
437453
437684
437765
437889
437906
438346
438557
438559
438772
438779
438900
438911
439069
439105
439808
439834
439835
439939
439970
440142
440156
440170
440544
440651
440919
440949
441120
441168
441266
441357
441367
441408
441422
441440
441473
441492
441509
441560
441936
442007
442791
442804
443229
443241
443246
443276
443370
443418
443446
443510
443513
443560
443602
443817
443889
443926
444313
444483
444692
444725
444784
444992
445482
445510
445580
445596
445638
445846
446055
446070
446080
446193
446317
446397
446428
446478
446516
446583
446815
446831
446842
446848
447052
447075
447079
447081
447089
447105
447171
447367
447440
447676
448169
448180
448203
448435
448468
448473
448510
448608
448724
448855
448934
448945
449012
449074
449113
449164
449167
449192
449240
449367
449380
449534
449547
449588
449893
449927
450094
450200
450203
450296
450367
450406
450439
450686
450748
450939
450949
450975
451036
451045
451134
451190
451230
451364
451368
451389
451408
451417
451447
451452
451480
451496
451524
451547
451863
451918
452045
452274
452288
452434
452484
452856
453138
453332
453365
453432
453433
453467
453476
453551
453614
453694
453797
453898
453900
453985
453993
454139
454548
454725
454750
454768
454941
455255
455355
455403
455734
455956
456287
456297
456576
456850
456853
456890
457065
457451
457493
457693
457861
457874
457954
458159
458165
458277
458345
458426
458574
458602
459139
459489
459529
459647
459675
459994
460120
460166
460226
460871
461496
461522
462273
462330
462430
462490
462527
462570
462644
462684
462727
462828
462849
462855
462913
462982
463007
463147
463234
463414
463579
463794
463818
463934
463969
464159
464257
464370
464374
464375
464417
464487
464512
464644
464749
464790
464799
464823
464833
465084
465273
465578
465599
465767
465770
465820
465867
465885
465902
465956
466314
466476
466483
466499
466561
466630
466659
466675
466690
466836
466843
466853
466878
466943
466982
467024
467025
467117
467354
467513
467687
467693
467701
467743
467902
467971
468077
468117
468239
468290
468501
468529
468690
468737
468753
468854
468952
468970
468984
469017
469071
469114
469278
469292
469320
469346
469440
469559
469598
469643
469644
469645
469655
469669
469684
469691
469729
469771
469811
469828
469850
469885
470085
470172
470408
470641
470686
470825
470878
470880
470906
470914
470985
471029
471140
471174
471206
471227
471248
471252
471279
471295
471304
471313
471437
471519
471599
471736
471795
472140
472267
472417
472476
472961
473174
473248
473259
473450
473646
473888
473899
474161
474570
474583
474669
474686
474888
475046
475395
475408
475435
475722
475723
475745
475749
475777
475916
476033
476096
476116
476223
476310
476564
476616
476655
476782
476855
477505
477524
477618
477711
477796
477820
477895
477964
478147
478258
478280
478319
478419
478432
478622
479011
479215
479301
479318
479325
479418
479494
479641
479778
480057
480338
480403
482213
482220
482302
482828
482854
482905
482919
482934
483086
483095
483129
483137
483397
483544
483644
483750
483861
483863
483975
484039
484045
484172
484302
484384
484480
484524
484794
484865
485429
485482
485489
485592
485815
485974
486493
486604
486633
486767
486777
486844
486917
487078
487340
487385
487509
487522
487680
487681
487687
487773
487955
488203
488268
488316
488369
488396
488443
488444
488641
488803
488845
488846
489073
489118
489215
489262
489269
489322
489411
489583
489590
489593
489839
490017
490117
490332
490348
490639
490646
490684
491373
491463
491499
491571
491588
491594
491671
491691
491795
491837
491850
491877
492027
492131
492192
492263
492413
492521
492525
492537
492579
492621
492748
492903
493058
493527
493547
493595
493666
493836
493857
493926
494252
494265
494448
494562
494576
494809
495013
495080
495449
495652
496124
496253
496466
496599
496643
496682
496729
496994
497313
497314
497316
497492
497639
497752
497805
498074
498133
498264
498367
498437
498450
498455
498463
498578
498716
498738
498771
498788
498808
498825
498831
498882
499077
499260
499523
500128
500178
500267
500336
500414
500455
500458
500466
500928
500944
501200
502543
502575
502848
502867
502931
502954
503096
503259
503329
503377
503547
503578
503603
503660
503748
503794
503834
503849
503905
504129
504138
504220
504240
504247
504261
504781
504854
504873
505098
505103
505108
505286
505289
505401
505445
505481
505596
505604
505643
505709
505757
505822
505873
506036
506229
506361
506532
506656
506849
507065
507082
507145
507190
507248
507404
507680
507715
507732
507736
507902
508161
508186
508332
508368
508422
508432
508445
508452
508492
508661
508680
508773
508820
509528
509886
510002
510136
510155
510161
510224
510238
510259
510282
510349
510367
510368
510563
510635
510717
510826
510901
510978
511027
511034
511100
512009
512162
512237
512411
512458
512469
512909
513092
513097
513099
513543
513828
514071
514104
514144
514978
515038
515749
515958
516184
516250
516264
516912
517090
517409
517597
517811
518405
518559
518702
518726
519077
519079
519484
519740
520084
520142
520905
521001
521045
521242
521266
521348
521469
521496
521524
521553
521554
521989
522172
522381
522760
522793
522794
522891
523147
523169
523233
523240
523352
523701
523805
523847
523858
523939
524275
524293
524314
524332
524359
524873
526090
526490
526493
526611
526979
527095
527889
528026
528113
528119
528462
528495
528515
528610
528614
528685
528811
528895
529042
529154
529210
529225
529277
529335
529424
529572
529649
529672
529692
529693
529695
529731
529732
529767
529781
529789
530444
530581
530619
530796
530842
530876
530993
531125
531374
531601
531700
531734
531966
532028
532192
532421
532560
532785
533042
533207
533306
533316
533532
533624
533634
533704
533943
534044
534094
534216
534233
534389
534431
534507
534539
534573
534580
534759
534929
534935
534938
535493
535518
536143
536343
536805
536940
536975
536984
537013
537139
537171
537208
537223
537347
537360
537573
537588
537762
537820
538043
538463
538506
538828
538837
538891
538899
538940
538948
539151
539187
539337
539360
539385
539397
539707
539730
539750
539838
539859
539895
540174
540264
540364
540384
540769
541230
541244
541267
541380
541433
541522
541613
541974
542391
542741
542855
542895
543027
543028
543140
543396
543546
543961
544009
544533
544612
544690
544772
544969
545210
545241
545583
545790
546055
546604
546627
546640
546752
546775
547183
547310
547313
547341
548123
548171
548229
548316
548396
548439
549407
549551
549682
549709
549844
549857
550015
550239
550593
550596
551247
551313
551659
551821
551926
551994
552315
552628
553139
553192
553382
553664
553763
553815
554142
554332
554408
554467
554712
555050
555679
555760
556311
556345
556366
556385
556403
556563
556565
556917
557853
558087
558433
558448
558789
558821
558982
559050
559258
559280
559649
559878
560204
560284
560310
560397
560568
560779
560787
560804
560950
561186
561325
561596
561736
561778
562167
562282
562775
562778
562798
562900
563057
563189
563302
563656
563674
563752
564496
565165
565260
565394
565580
565845
565965
566032
566468
566491
566750
566911
567020
567115
567373
567902
567983
568020
568037
568183
568202
568405
568409
568611
568619
568778
568960
568979
569095
569115
569245
569312
569583
569783
570046
570049
570328
570356
570507
570591
570623
570893
571202
571354
571504
571515
571530
571541
571625
572409
572665
572940
573216
573221
573254
573323
573551
573622
573650
573654
573760
573781
573869
574037
574164
574285
574373
574497
574521
574524
574645
574687
574801
575003
575187
575210
575616
575621
575622
576117
576200
576208
576215
576289
576311
576321
576340
576345
576351
577264
577278
577285
577435
577835
578068
578076
578123
578542
578668
578714
578729
578881
578883
579034
579517
579563
579867
580067
580264
580367
580386
580557
580779
580899
580971
581244
581635
581668
582079
582405
582510
582577
582928
583553
583897
583929
584055
584371
584503
584928
585164
585703
585712
585715
586019
586163
586175
586206
586348
587077
587210
587329
587351
587384
587405
587535
587591
587723
587961
588082
588180
588226
588504
588513
588631
588647
588778
588980
589105
589269
589442
589449
589785
589852
589853
589911
589953
590042
590146
590307
590346
590361
591485
592424
592494
592699
592702
592705
592707
593066
593376
593464
593618
593627
593876
594009
594342
594764
594857
595295
595572
595697
596119
596201
596270
596272
596396
596397
596565
596598
597059
597070
597121
597159
597623
597656
598157
598348
598615
598860
599248
599258
599356
599684
599764
600017
600307
600339
600440
600469
600505
600729
600776
600922
601033
601050
601259
601385
601446
601450
601474
601572
601735
602010
602109
602351
602419
602497
602567
602679
602689
602730
602816
603238
603624
603811
604982
604988
605643
606370
606389
606597
606612
606693
606794
606825
606862
606884
607067
607343
607528
608025
608070
608180
608531
608660
609021
609053
609134
609141
609275
609547
609558
609764
609856
610205
610419
610490
610573
610631
610695
610886
610936
610961
611080
611185
611314
611445
611786
611891
611906
612125
612365
612475
612613
612624
612804
612974
613072
613131
613210
613308
613728
613820
614154
614296
614546
614597
614615
614963
615262
615985
616635
617259
617295
617449
617525
617673
617816
617962
618073
618274
618280
618385
618650
619288
621271
621975
622500
622549
622747
622894
622921
622997
623063
623974
624191
624386
624440
624488
624624
624803
624812
624937
625579
626077
626378
627014
627079
627095
627235
627490
627540
627654
628142
628346
628878
628963
628967
629009
629396
629640
629728
629969
630470
630634
630975
631049
631113
631465
631850
631874
631875
632108
632109
632270
632835
632843
633175
633209
633257
633625
633908
633940
633999
634127
634148
634164
634287
634297
634337
634710
634745
634918
634975
635060
635128
635303
635805
635847
635853
636181
636298
636353
636442
636477
636883
637210
637349
637565
637573
638036
638081
638278
639351
639453
639809
640268
640345
640718
640843
640914
641049
641281
641769
641820
641848
641853
641927
642113
642368
642780
642841
644187
644492
644981
645114
645145
645154
645192
645351
645503
645831
646227
646343
646375
646721
647281
647643
648143
648195
648339
648359
648770
649105
649606
649830
650534
650683
650694
650883
651092
651118
651334
651337
652474
652535
653218
653333
653569
653866
654416
654423
654864
655000
655293
655346
655421
655590
655649
655678
655782
656057
656484
656682
656842
656971
656973
657207
657357
657363
658315
659532
659871
660040
660104
660536
660677
660972
661352
661887
662019
662294
662864
662883
663500
663747
664364
664691
664726
664803
665075
665770
665902
666120
666180
666188
666209
666215
666230
666334
666359
666363
666384
666523
667537
667688
667967
668722
668799
668928
669166
669224
669233
670643
670860
671114
671296
671396
671668
671840
672613
672651
672798
673127
673135
673443
673612
673836
674131
674223
674234
674245
675049
675267
675493
675730
675804
676066
676363
676692
677550
677714
677765
677829
677891
678336
678636
679979
679992
680280
680413
680443
680868
681038
681165
681210
681296
681750
682102
682128
682138
683070
683275
684824
685156
685167
685215
685497
685574
687881
688103
688861
689153
689157
690570
691668
691846
692167
692224
692770
692923
694254
694887
695124
695197
695274
695282
695344
697721
697723
697962
698098
698545
698550
698984
699252
700328
700771
701029
702437
702548
705003
705531
706088
706239
707429
709922
711385
711574
711575
713646
714426
714494
715474
715570
715573
715666
717406
717954
718572
719254
719352
719853
722030
722831
724118
725179
725308
725654
726836
726991
729067
729379
729425
729428
729439
729678
730125
730237
731371
731450
731579
732144
733620
735752
736604
737356
737405
737491
737703
737928
737936
738809
742951
742952
742957
743116
743410
745025
746446
748048
749578
750438
751474
752095
754004
754041
754076
754242
755048
758204
758727
759466
761586
761603
762521
763319
763392
763712
764096
764850
767030
767051
767125
767176
767629
768771
768972
770125
770879
771023
771187
771718
771724
772483
772683
772884
773641
773812
774281
774964
774990
775405
776496
776509
776742
776750
776970
777044
777460
777603
778348
778506
779230
779503
779785
780071
781783
781841
783460
783463
783651
785443
786978
787229
787496
787837
788130
788166
788360
788562
788598
789674
789740
789805
790847
793832
793906
794601
794606
794661
795559
796592
797073
797596
798447
799928
800559
802834
803854
805204
806822
807615
807946
808193
808922
809212
809991
811645
815647
816954
817267
817361
817939
818151
819558
819713
820183
820296
821976
822226
822392
824185
825802
826128
827212
827477
827893
828565
828724
829128
829428
829609
830561
830681
831334
831745
833560
836530
836662
836682
836762
837493
837742
839199
839795
840307
841551
841780
841890
841940
842178
842423
842471
842905
843289
843855
843908
844878
849015
849021
851796
852083
852354
852423
852488
853013
853674
853706
853886
853937
854525
854587
855593
861326
861975
862395
863704
863888
865004
865039
865156
865467
865768
867101
867936
868149
868715
868968
870736
870821
871941
872243
872444
874007
877112
877240
879131
879593
879670
879730
880928
881610
885107
886279
887141
887482
888610
888777
890174
890951
891885
891897
892199
893462
893867
894116
894396
894535
895069
895816
896165
896208
897224
900666
901147
904680
906135
908237
908981
910927
911881
912204
913232
914592
917405
918151
919540
919587
920136
922189
924426
925425
926684
929518
931858
932549
940342
942315
943639
944807
946268
947275
949167
949525
950771
951780
952079
952413
952970
956045
957274
960683
960989
963115
965168
965614
968612
969281
969368
972081
972893
973233
974549
975615
979599
980210
982009
982565
983040
984559
984596
988823
989995
992133
993539
994406
995701
997901
999049
1000066
1001130
1001360
1001470
1003512
1006310
1006315
1006343
1007747
1007805
1009205
1009209
1009780
1009797
1010492
1010709
1017307
1019848
1019853
1020203
1020912
1023114
1023455
1024021
1027955
1030924
1031201
1032569
1036482
1036970
1038790
1039103
1039680
1041614
1042493
1042594
1045982
1045996
1047840
1051377
1053620
1054133
1054700
1056655
1057013
1057538
1057852
1063686
1065278
1069821
1070906
1076175
1077265
1083259
1083578
1083695
1085043
1086529
1086741
1089163
1090896
1090925
1094676
1097360
1097654
1102544
1103343
1104040
1104401
1104578
1107231
1109384
1109685
1113362
1116747
1117195
1117661
1117984
1118736
1118953
1119064
1120919
1121587
1122006
1124034
1124532
1124607
1127200
1130924
1131807
1132055
1132756
1133005
1133112
1133362
1134762
110
197
286
632
654
776
832
895
956
991
1060
1106
1128
1392
1398
1449
1472
1498
1527
1580
1698
1712
1745
1754
1795
1962
1994
2013
2117
2131
2157
2245
2252
2361
2376
2500
2504
2745
2918
2936
2961
2992
2994
3124
3137
3159
3193
3353
3464
3501
3516
3536
3577
3635
3638
3650
3651
3669
3681
3702
3720
3725
3728
3741
3799
3905
3943
4035
4059
4100
4153
4188
4243
4245
4248
4277
4286
4316
4318
4322
4327
4329
4341
4353
4357
4377
4383
4396
4402
4417
4422
4423
4450
4462
4464
4480
4488
4495
4500
4524
4539
4555
4558
4590
4598
4602
4612
4615
4621
4622
4657
4662
4676
4687
4707
4725
4743
4752
4761
4767
4794
4798
4853
4873
4889
4917
4931
4936
4958
5012
5013
5057
5058
5093
5145
5148
5421
5674
5851
5866
5876
5907
5944
5959
5995
6009
6027
6048
6049
6086
6098
6114
6117
6134
6145
6221
6228
6252
6522
6632
6652
6755
6870
6905
6950
6952
6971
6975
7014
7069
7071
7078
7081
7096
7197
7212
7217
7244
7259
7437
7447
7494
7558
7574
7641
7705
7739
7745
7876
7884
7925
7930
7978
8041
8072
8084
8088
8110
8131
8161
8170
8173
8188
8273
8299
8331
8382
8422
8453
8507
8508
8539
8578
8610
8649
8695
8702
8730
8787
8813
8892
8913
9016
9019
9024
9030
9037
9076
9106
9121
9168
9171
9178
9179
9207
9233
9271
9279
9354
9378
9396
9475
9529
9616
9683
9716
9718
9836
9880
9920
9958
10007
10017
10040
10055
10067
10086
10117
10220
10232
10240
10266
10352
10424
10441
10458
10488
10497
10516
10541
10585
10590
10627
10655
10695
10715
10724
10736
10775
10802
10878
10883
10885
10971
11032
11066
11095
11098
11099
11130
11201
11249
11301
11351
11543
11706
11712
11722
11735
11812
11833
11879
11883
11923
11924
11938
11945
11961
11966
11988
12036
12038
12044
12139
12204
12236
12286
12325
12442
12473
12508
12520
12576
12609
12633
12638
12712
12731
12738
12745
12848
12902
12909
12989
13035
13062
13097
13120
13130
13162
13180
13208
13221
13238
13326
13384
13393
13406
13413
13424
13492
13510
13515
13523
13542
13556
13565
13571
13582
13594
13614
13647
13676
13759
13760
13767
13771
13776
13786
13813
13846
13847
13850
14054
14064
14151
14160
14182
14216
14224
14246
14286
14305
14319
14342
14398
14414
14448
14704
14848
14951
15285
15329
15457
15977
16042
16088
16089
16340
16350
16411
16586
16620
16637
16640
16893
16933
16935
16965
16991
17053
17057
17061
17089
17117
17151
17159
17255
17322
17346
17492
17514
17561
17673
17707
17729
17761
17786
17876
17923
17958
17959
18010
18031
18037
18062
18063
18074
18128
18157
18169
18172
18247
18289
18363
18383
18395
18446
18454
18482
18486
18507
18559
18596
18612
18708
18769
18811
18814
18887
18896
18903
18907
18913
18930
18954
18988
19004
19020
19114
19120
19168
19343
19360
19445
19450
19454
19457
19614
19646
19696
19711
19789
19809
19820
20053
20103
20215
20265
20362
20370
20408
20413
20436
20442
20458
20463
20487
20542
20546
20550
20599
20601
20606
20613
20668
20746
20907
20971
20980
21003
21006
21039
21054
21060
21076
21108
21114
21220
21229
21236
21277
21284
21302
21309
21331
21339
21352
21367
21391
21476
21482
21507
21518
21602
21630
21677
21678
21699
21725
21726
21795
21845
21869
21872
21890
21895
21951
21963
21987
21989
22009
22034
22089
22104
22105
22141
22167
22181
22214
22215
22310
22343
22356
22402
22407
22418
22454
22460
22503
22532
22545
22546
22550
22553
22558
22569
22586
22616
22622
22643
22665
22705
22707
22743
22758
22793
22808
22811
22842
22845
22857
22891
22901
22939
23031
23034
23049
23066
23081
23092
23119
23137
23150
23197
23226
23240
23257
23285
23340
23375
23394
23446
23464
23524
23531
23551
23568
23615
23664
23665
23673
23709
23728
23737
23744
23747
23751
23763
23797
23812
23818
23825
23858
24002
24023
24044
24055
24062
24079
24098
24118
24148
24184
24229
24238
24249
24302
24307
24337
24362
24364
24404
24405
24409
24422
24456
24472
24505
24518
24572
24591
24657
24663
24678
24688
24697
24717
24858
24876
24882
24884
24952
24974
24980
24996
25050
25150
25160
25163
25258
25273
25290
25318
25353
25393
25427
25463
25474
25480
25527
25549
25575
25611
25631
25655
25694
25719
25738
25749
25763
25770
25817
25847
25852
25856
25890
25893
25894
25930
25971
26033
26034
26050
26075
26094
26095
26111
26117
26138
26151
26189
26204
26243
26267
26277
26280
26321
26331
26348
26353
26373
26401
26423
26430
26457
26502
26540
26542
26584
26608
26610
26613
26615
26626
26646
26678
26695
26698
26704
26719
26720
26925
26948
26953
26985
26994
27045
27149
27171
27182
27317
27427
27442
27576
27577
27631
27663
27847
27869
27894
27917
27926
27938
27989
28009
28011
28030
28067
28089
28146
28201
28209
28215
28259
28268
28315
28356
28368
28375
28408
28460
28463
28479
28547
28549
28563
28565
28569
28664
28700
28741
28749
28757
28770
28771
28775
28791
28892
28943
28983
29002
29003
29071
29078
29110
29114
29117
29138
29182
29200
29210
29260
29280
29301
29325
29329
29343
29378
29388
29398
29457
29481
29482
29488
29498
29504
29516
29586
29603
29618
29634
29693
29697
29710
29750
29789
29799
29808
29931
29942
29949
29978
30003
30026
30043
30053
30082
30122
30248
30272
30284
30287
30332
30365
30370
30402
30434
30597
30647
30746
30754
30755
30774
30798
30865
30867
30871
30903
30906
30924
30959
30979
31000
31046
31048
31051
31069
31071
31115
31116
31143
31155
31209
31213
31267
31298
31424
31432
31456
31471
31511
31525
31552
31555
31598
31614
31781
31792
31815
31850
31902
31936
31941
31970
31975
31990
32082
32084
32090
32092
32156
32193
32203
32208
32256
32332
32341
32343
32350
32355
32386
32412
32475
32495
32504
32550
32566
32651
32679
32711
32769
32780
32839
32874
32889
32946
33035
33054
33075
33118
33136
33145
33166
33183
33186
33194
33204
33252
33292
33294
33314
33316
33321
33351
33361
33370
33384
33399
33440
33500
33516
33564
33814
33815
33822
33876
33890
33935
34003
34005
34011
34019
34035
34044
34112
34131
34237
34276
34387
34641
34762
34829
34872
34927
35099
35208
35240
35334
35335
35374
35413
35419
35422
35423
35429
35446
35471
35563
35590
35611
35665
35688
35963
36005
36099
36183
36202
36287
36304
36329
36439
36572
36595
36601
36607
36636
36703
36730
36732
36748
36767
36826
36831
36836
36847
36900
36953
36973
36984
36985
37024
37049
37055
37059
37074
37082
37100
37118
37175
37177
37193
37229
37249
37256
37339
37369
37427
37444
37476
37509
37561
37604
37608
37663
37773
37849
37868
37877
37913
37973
37980
37992
38001
38082
38117
38131
38132
38165
38167
38194
38232
38261
38280
38287
38335
38362
38370
38397
38427
38547
38610
38651
38673
38748
38777
38781
38793
38801
38811
38826
38835
38845
38876
38917
38920
38934
39002
39018
39095
39154
39198
39215
39269
39280
39281
39486
39686
39701
39704
39722
39930
39948
39981
40000
40018
40077
40078
40095
40144
40145
40179
40254
40322
40382
40543
40860
40980
41069
41109
41114
41135
41275
41529
41534
41564
41568
41609
41653
41657
41681
41687
41691
41698
41701
41706
41741
41752
41786
41805
41875
41991
42033
42048
42066
42096
42114
42150
42189
42208
42335
42360
42422
42445
42456
42478
42497
42512
42554
42565
42586
42616
42749
42762
42789
42829
42940
42958
42985
42997
43020
43021
43043
43046
43068
43141
43156
43181
43232
43334
43343
43358
43368
43398
43420
43448
43451
43562
43614
43714
43741
43814
43825
43837
43877
43880
43916
43919
43924
43933
43937
43983
44011
44014
44191
44250
44349
44422
44427
44450
44452
44465
44468
44523
44540
44544
44546
44572
44627
44761
44765
44818
44863
44876
45061
45112
45139
45173
45182
45183
45189
45209
45434
45531
45572
45604
45617
45624
45626
45637
45641
45669
45672
45677
45704
45707
45712
45758
45949
45957
45972
45994
46001
46010
46076
46130
46131
46138
46141
46178
46181
46184
46201
46262
46285
46678
46717
46856
46929
46934
46957
46996
47000
47005
47007
47018
47033
47053
47172
47233
47347
47436
47461
47467
47478
47483
47545
47664
47676
47704
47712
47747
47758
47783
47833
47896
47917
48112
48124
48129
48133
48135
48378
48384
48430
48470
48592
48601
48602
48618
48641
48695
48754
48846
48935
49001
49012
49074
49147
49176
49253
49274
49339
49477
49612
49639
49645
49688
49780
49824
49889
49962
49964
49981
50076
50137
50178
50247
50290
50356
50727
50734
50735
50782
50796
50836
50911
50921
50939
50945
50968
50983
51048
51085
51109
51165
51202
51208
51209
51244
51258
51313
51347
51352
51375
51377
51380
51469
51491
51492
51515
51522
51531
51569
51576
51582
51593
51602
51651
51667
51678
51679
51692
51695
51705
51710
51812
51826
51955
51956
51978
51980
51992
51997
51998
52008
52010
52028
52274
52307
52339
52363
52380
52453
52710
52751
52762
52874
52909
52955
52970
53027
53094
53123
53138
53179
53186
53274
53306
53342
53481
53485
53652
53659
53684
53742
53777
53795
54128
54136
54201
54611
54629
54657
54667
54675
54753
54768
54778
54784
54791
54822
54826
54846
54857
54875
54911
54925
54928
54953
54961
54967
54974
55004
55045
55046
55275
55296
55398
55419
55578
55620
55627
55638
55722
55730
55747
55829
55856
55869
55879
55932
55945
55956
55970
55992
55997
56015
56023
56025
56041
56102
56106
56129
56200
56228
56254
56264
56265
56321
56339
56380
56382
56385
56389
56390
56412
56417
56451
56546
56570
56575
56642
56696
56697
56732
56736
56741
56745
56755
56762
56789
56796
56808
56818
56824
56829
56844
56858
56860
56987
57002
57017
57089
57165
57239
57267
57288
57300
57317
57450
57483
57493
57542
57549
57551
57563
57581
57603
57633
57638
57660
57683
57684
57780
57805
57818
57925
57935
57969
57971
58031
58047
58067
58109
58146
58194
58257
58262
58328
58329
58373
58390
58411
58416
58445
58490
58551
58579
58587
58589
58615
58678
58728
58744
59003
59135
59136
59155
59164
59198
59229
59328
59330
59353
59380
59608
59656
59724
59875
59977
59979
60007
60050
60064
60358
60413
60418
60441
60444
60673
60677
60702
60737
60754
61058
61086
61138
61142
61168
61179
61229
61232
61285
61347
61378
61400
61409
61461
61475
61498
61523
61587
61588
61591
61648
61689
61701
61703
61709
61716
61727
61731
61753
61757
61761
61762
61808
61815
61841
61854
61861
61867
61876
61883
61935
61973
62005
62010
62052
62134
62367
62463
62516
62572
62683
62689
62725
62727
62728
62733
62735
62737
62791
62878
62914
62921
62978
63006
63020
63031
63059
63080
63160
63184
63312
63377
63398
63400
63442
63586
63685
63697
63898
63901
63984
64058
64075
64098
64151
64239
64247
64318
64324
64610
64617
64619
64779
64814
64826
64857
64862
64908
64926
64975
65008
65081
65100
65177
65285
65292
65293
65349
65365
65496
65503
65505
65555
65557
65607
65614
65705
65724
65739
65775
65794
65820
65854
65855
65866
65944
65983
66118
66238
66264
66351
66360
66506
66581
66591
66614
66628
66648
66708
66717
66728
66762
66790
66817
66826
66863
66883
66939
66952
66993
67070
67149
67185
67194
67214
67241
67266
67267
67349
67378
67383
67389
67515
67544
67599
67718
67721
67769
67773
67792
67833
67912
67920
67922
68005
68017
68147
68332
68339
68367
68398
68413
68536
68537
68634
68652
68690
68882
68924
68950
68953
68966
69075
69109
69110
69160
69187
69207
69209
69225
69226
69272
69275
69290
69394
69409
69428
69482
69499
69541
69574
69587
69656
69666
69679
69729
69732
69747
69815
69830
69862
69872
69880
69916
69925
69933
69965
69970
69992
70000
70049
70074
70109
70230
70309
70490
70512
70522
70540
70610
70624
70631
70667
70768
70790
70863
70885
70946
71053
71103
71182
71190
71208
71278
71383
71532
71565
71766
71809
71891
71927
71969
72045
72133
72143
72206
72215
72226
72288
72289
72301
72319
72365
72457
72550
72787
72855
72871
72940
72943
72966
73079
73244
73331
73396
73447
73507
73510
73518
73568
73570
73571
73573
73583
73636
73654
73726
73743
73809
73849
73859
73866
73894
73934
73968
73983
74019
74049
74057
74104
74238
74248
74267
74324
74341
74388
74394
74440
74482
74503
74506
74516
74533
74540
74560
74568
74576
74621
74686
74695
74748
74750
74792
74801
74803
74822
74850
74902
74917
74921
74927
74936
74999
75004
75012
75043
75071
75088
75117
75122
75143
75149
75161
75191
75198
75239
75264
75346
75375
75450
75487
75521
75546
75567
75585
75586
75610
75710
75736
75765
75766
75785
75801
75858
75866
75950
75952
75975
76013
76026
76050
76076
76119
76132
76233
76257
76302
76353
76356
76368
76421
76427
76501
76504
76506
76545
76556
76557
76603
76632
76668
76691
76702
76740
76769
76773
76790
76802
76811
76816
76826
76860
76874
76919
77080
77093
77106
77169
77175
77195
77203
77212
77213
77245
77292
77299
77336
77558
77570
77575
77612
77619
77922
78030
78038
78039
78055
78169
78176
78181
78270
78381
78439
78453
78467
78504
78552
78574
78579
78665
78677
78680
78723
78755
78762
78848
78899
78911
78948
78984
79051
79074
79199
79235
79312
79329
79381
79417
79435
79567
79574
79581
79598
79609
79611
79649
79706
79713
79747
79783
79874
79896
79899
79963
80044
80121
80252
80279
80376
80385
80427
80434
80463
80534
80911
80932
81021
81191
81256
81278
81369
81581
81880
81931
81944
81946
81986
82065
82268
82356
82378
82421
82518
82540
82571
82574
82627
82679
82683
82686
82704
82723
82734
82753
82858
82923
82980
82993
83007
83109
83152
83153
83202
83250
83433
83503
83544
83616
83627
83652
83679
83725
83734
83746
83772
83796
83804
83825
83849
83853
83936
83938
83951
83956
83963
83982
83996
84008
84114
84207
84231
84266
84273
84333
84336
84349
84353
84354
84360
84361
84365
84373
84381
84452
84467
84471
84477
84483
84506
84513
84548
84741
84768
84775
84809
84992
85023
85079
85180
85213
85238
85253
85282
85289
85428
85483
85507
85510
85762
85785
85797
85799
85805
85809
85824
85840
85841
85903
85922
86027
86030
86082
86093
86098
86103
86170
86175
86191
86277
86295
86338
86372
86405
86429
86437
86487
86498
86554
86570
86603
86645
86695
86707
86781
86872
86894
86910
86917
86940
86941
86952
86988
86991
87016
87018
87049
87106
87131
87197
87213
87216
87233
87290
87293
87328
87338
87350
87361
87404
87412
87537
87626
87659
87681
87692
87697
87706
87720
87737
87763
87811
87845
87941
87967
88006
88015
88046
88068
88112
88212
88220
88230
88255
88303
88331
88364
88406
88409
88466
88478
88501
88560
88579
88648
88660
88702
88749
88755
88786
88804
88887
88890
88903
89009
89074
89091
89092
89154
89157
89183
89202
89230
89456
89507
89544
89599
89662
89767
89784
89794
89808
89901
90042
90055
90158
90321
90434
90900
90919
90935
90943
91081
91103
91107
91136
91223
91271
91285
91312
91347
91372
91450
91510
91533
91625
91663
91674
91680
91692
91700
91709
91717
91740
91746
91768
91774
91779
91800
91840
91860
91864
91875
91891
91925
91933
91954
92003
92015
92030
92144
92176
92232
92260
92268
92271
92349
92379
92383
92384
92386
92453
92494
92543
92665
92673
92687
92689
92862
92866
92869
92893
92912
92926
92935
92939
93022
93041
93089
93106
93181
93210
93216
93227
93243
93257
93263
93264
93268
93280
93319
93436
93437
93441
93508
93519
93521
93531
93533
93535
93544
93585
93600
93624
93635
93642
93657
93678
93679
93702
93703
93743
93747
93757
93773
93778
93793
93799
93805
93838
93852
93872
93873
93899
93905
93923
93947
93971
94007
94017
94026
94036
94054
94062
94100
94119
94171
94197
94272
94294
94304
94309
94336
94361
94368
94371
94418
94433
94464
94473
94477
94487
94491
94621
94649
94664
94681
94722
94741
94761
94771
94795
94843
94844
94881
94928
94951
94966
94972
94994
95005
95085
95155
95165
95202
95211
95240
95243
95274
95275
95309
95333
95342
95391
95427
95429
95450
95467
95569
95610
95661
95690
95734
95800
95808
95859
95870
95882
95889
95937
95958
95979
96008
96032
96064
96072
96084
96093
96102
96140
96147
96156
96159
96175
96182
96201
96225
96228
96250
96324
96330
96353
96430
96560
96578
96603
96611
96623
96642
96649
96665
96683
96730
96751
96780
96816
96834
96842
96916
97030
97049
97156
97376
97393
97445
97488
97546
97550
97572
97577
97611
97615
97671
97679
97681
97708
97729
97742
97744
97758
97800
97825
97826
97836
97849
97869
97874
97891
97894
97978
97981
97996
97998
98001
98031
98033
98045
98051
98057
98085
98113
98137
98155
98159
98167
98178
98182
98193
98210
98248
98277
98299
98306
98325
98360
98387
98396
98490
98524
98561
98576
98651
98662
98666
98685
98702
98726
98745
98769
98772
98825
98831
98848
98853
98859
98905
98924
98926
98985
98987
98990
98999
99021
99024
99069
99147
99155
99186
99191
99199
99212
99244
99252
99265
99292
99345
99359
99362
99366
99434
99456
99487
99521
99541
99559
99561
99580
99612
99643
99656
99657
99668
99683
99726
99743
99818
99860
99879
99899
99917
99920
99942
99986
100052
100055
100061
100110
100152
100158
100174
100192
100193
100204
100222
100226
100235
100262
100271
100280
100331
100365
100412
100427
100436
100441
100468
100469
100535
100552
100566
100615
100666
100668
100686
100697
100706
100775
100794
100811
100822
100842
100845
100881
100897
100899
100907
100925
100927
100938
100941
100950
100963
100968
100983
100987
101004
101007
101020
101032
101049
101065
101077
101125
101138
101154
101169
101172
101232
101261
101271
101283
101316
101400
101441
101448
101450
101462
101496
101514
101526
101557
101569
101576
101597
101602
101636
101640
101679
101692
101723
101738
101795
101982
101993
102014
102020
102068
102076
102083
102135
102145
102189
102222
102238
102252
102260
102267
102284
102288
102365
102371
102382
102408
102415
102441
102461
102463
102470
102480
102489
102519
102526
102534
102539
102544
102550
102560
102600
102613
102636
102651
102723
102756
102782
102794
102842
102848
102860
102898
102911
102973
102977
102984
102990
102993
103013
103028
103033
103035
103055
103065
103076
103081
103096
103108
103131
103132
103188
103210
103234
103241
103253
103260
103281
103282
103301
103336
103370
103371
103383
103414
103417
103427
103438
103440
103454
103492
103502
103551
103565
103572
103580
103583
103605
103614
103618
103627
103637
103673
103678
103689
103733
103752
103775
103781
103814
103852
103927
103932
103933
103968
104014
104079
104082
104106
104108
104157
104209
104220
104248
104277
104292
104302
104314
104377
104400
104421
104522
104564
104603
104654
104679
104754
104762
104763
104769
104772
104785
104787
104792
104793
104795
104798
104808
104817
104821
104862
104906
104987
104991
105035
105048
105063
105069
105077
105096
105104
105185
105211
105215
105248
105257
105272
105310
105323
105327
105333
105335
105343
105383
105386
105399
105435
105612
105627
105674
105682
105711
105737
105743
105745
105759
105775
105794
105800
105802
105824
105843
105876
105884
105888
105912
105920
105923
105932
105944
105946
106025
106029
106033
106071
106094
106100
106140
106196
106234
106252
106265
106415
106430
106494
106498
106551
106617
106628
106638
106693
107185
107289
107433
107486
108580
108597
108648
108656
108668
108680
108783
108817
108943
108967
108986
109004
109008
109086
109091
109094
109104
109150
109188
109248
109284
109343
109370
109383
109398
109413
109550
109605
109618
109695
109699
109717
109790
109816
109849
109951
109973
110029
110059
110128
110235
110260
110270
110327
110431
110487
110632
110653
110683
110695
110718
110732
110741
110756
110761
110774
110812
110824
110838
111078
111187
111194
111248
111327
111370
111468
111469
111474
111488
111527
111594
111605
111771
111795
111821
111972
111980
112114
112132
112144
112163
112277
112322
112334
112406
112509
112548
112554
112585
112586
112641
112704
112707
112774
112808
112839
112861
112927
112971
112977
113091
113103
113133
113161
113194
113286
113354
113384
113403
113435
113508
113539
113552
113605
113631
113652
113678
113865
113884
113921
113953
114026
114039
114077
114093
114141
114161
114203
114216
114227
114228
114238
114292
114375
114419
114642
114663
114689
114813
114815
114827
114828
114874
114901
114918
114974
114977
115057
115058
115060
115072
115073
115123
115142
115280
115284
115296
115315
115321
115322
115325
115353
115364
115369
115481
115561
115563
115566
115610
115614
115643
115655
115683
115697
115727
115730
115755
115924
115933
115958
116079
116082
116179
116184
116189
116426
116438
116441
116575
116654
116814
116876
117115
117151
117372
117396
117424
117439
117444
117448
117467
117504
117509
117517
117586
117614
117657
117715
117778
117809
117887
117914
117951
117965
118082
118087
118170
118220
118248
118288
118436
118460
118528
118612
118700
118799
118848
118849
118850
118858
118867
118903
119017
119021
119082
119116
119144
119201
119210
119228
119303
119337
119338
119410
119415
119457
119505
119523
119530
119575
119607
119673
119721
119766
119795
119801
119962
119978
119987
120036
120060
120080
120098
120106
120120
120162
120210
120322
120371
120384
120405
120454
120455
120458
120477
120495
120589
120639
120647
120654
120676
120733
120736
120746
120777
120801
120805
120810
120830
120864
120884
120908
120912
120936
120953
120964
120974
120975
120977
120998
121253
121256
121267
121275
121323
121333
121354
121379
121392
121414
121417
121453
121543
121623
121635
121655
121677
121686
121693
121776
121856
121894
121995
122028
122037
122046
122051
122057
122088
122099
122125
122166
122339
122374
122395
122397
122434
122483
122526
122545
122563
122593
122800
122912
123022
123133
123213
123301
123316
123340
123361
123392
123393
123420
123454
123513
123847
123895
123942
123953
123964
123996
124012
124024
124052
124089
124102
124304
124394
124414
124432
124471
124474
124559
124568
124623
124650
124668
124743
124772
124788
124791
124947
124984
124985
125005
125034
125045
125063
125075
125151
125159
125197
125226
125314
125338
125514
125552
125722
125867
125887
125935
125940
126042
126062
126134
126139
126151
126164
126207
126219
126260
126283
126329
126347
126354
126359
126366
126400
126418
126539
126547
126675
126688
126886
126944
126977
127009
127105
127109
127142
127182
127188
127311
127475
127482
127624
127798
127825
127840
128007
128016
128045
128048
128052
128122
128188
128241
128257
128271
128288
128307
128331
128409
128480
128572
128605
128606
128608
128637
128641
128644
128646
128668
128681
128700
128720
128762
128795
128814
128851
128884
128886
128898
128932
129013
129039
129048
129067
129135
129146
129155
129163
129358
129532
129560
129604
129608
129633
129703
129717
129720
129733
129747
129764
129800
129841
129875
129905
129979
129997
130045
130048
130058
130060
130088
130166
130184
130203
130213
130245
130282
130297
130331
130362
130573
130587
130895
130952
131025
131040
131086
131151
131201
131254
131309
131389
131407
131431
131437
131450
131472
131490
131491
131497
131514
131580
131733
131782
131794
131803
131883
131944
132109
132134
132213
132292
132450
132517
132559
132606
132626
132638
132640
132664
132705
132714
132721
132806
132814
132946
132967
132984
132997
133002
133069
133078
133124
133166
133224
133268
133279
133294
133331
133358
133372
133395
133401
133462
133557
133590
133684
133687
133721
133726
133868
134059
134135
134182
134256
134264
134402
134422
134480
134584
134735
134879
134921
134930
134941
135021
135029
135030
135048
135098
135113
135125
135135
135173
135195
135218
135226
135279
135385
135407
135411
135418
135419
135474
135475
135478
135480
135544
135572
135583
135596
135603
135604
135691
135698
135800
135825
135855
135883
135904
135930
135933
135938
136061
136123
136234
136237
136271
136283
136321
136336
136357
136458
136527
136549
136563
136595
136680
136683
136705
136831
136833
136845
136884
136891
136912
136974
136975
136999
137038
137052
137073
137121
137165
137187
137402
137429
137435
137436
137541
137578
137598
137632
137633
137664
137939
138038
138108
138169
138184
138460
138481
138504
138574
138606
138607
138636
138793
138896
138918
138944
138957
139006
139010
139108
139112
139131
139132
139179
139251
139252
139285
139312
139524
139529
139600
139614
139687
139740
139801
139814
139817
139860
139941
140045
140232
140257
140259
140261
140323
140345
140434
140461
140471
140490
140540
140546
140572
140590
140624
140774
140781
140785
140881
140902
140959
140972
140983
140986
141040
141069
141112
141119
141152
141183
141281
141313
141336
141377
141387
141399
141407
141427
141461
141497
141498
141522
141588
141611
141645
141689
141690
141796
141880
141885
141886
141900
141926
142011
142086
142127
142192
142290
142318
142509
142536
142552
142667
142668
142796
142852
142858
142971
143078
143182
143305
143310
143328
143341
143397
143417
143456
143462
143487
143523
143526
143547
143609
143624
143691
143711
143728
143823
143879
143895
143940
144024
144084
144127
144129
144147
144152
144214
144240
144281
144306
144318
144319
144348
144433
144572
144587
144619
144642
144643
144684
144695
144720
144767
144818
144856
144952
144959
144976
145034
145149
145187
145189
145191
145233
145239
145294
145330
145367
145387
145398
145500
145523
145547
145586
145694
145781
145819
145845
145856
145862
145916
145962
145991
145993
146076
146096
146134
146148
146171
146181
146235
146380
146395
146489
146529
146539
146556
146618
146648
146667
146684
146689
146723
146740
146745
146746
146768
146812
146849
146850
146903
146924
146968
146969
146974
146981
147086
147100
147111
147123
147168
147181
147223
147253
147337
147397
147421
147446
147509
147545
147567
147571
147614
147632
147637
147638
147662
147667
147688
147808
147816
147926
148014
148020
148042
148095
148106
148136
148149
148150
148201
148237
148267
148279
148350
148357
148384
148471
148487
148506
148508
148523
148557
148633
148719
148721
148893
149036
149070
149109
149112
149175
149200
149208
149263
149270
149271
149282
149297
149314
149316
149374
149387
149437
149444
149569
149618
149619
149628
149768
149814
149826
149881
149897
149941
149980
150041
150061
150068
150082
150099
150154
150169
150181
150201
150209
150335
150447
150578
150638
150641
150712
150780
150800
150853
150885
150888
150922
150981
151006
151007
151014
151057
151064
151132
151222
151244
151248
151362
151393
151424
151444
151446
151469
151483
151494
151558
151562
151570
151571
151592
151610
151627
151696
151765
151773
151798
151799
151831
151849
151888
151900
151912
151919
151954
152042
152052
152062
152066
152073
152110
152122
152155
152156
152204
152210
152271
152298
152312
152353
152388
152394
152431
152513
152531
152590
152600
152673
152692
152746
152809
152816
152881
152912
152980
152986
153046
153061
153110
153145
153168
153198
153272
153295
153321
153352
153359
153397
153426
153511
153567
153641
153642
153698
153721
153796
153828
153849
153883
153903
153921
153930
153932
153936
153939
153942
154032
154035
154048
154066
154080
154084
154101
154129
154223
154265
154282
154283
154311
154312
154472
154525
154547
154715
154768
154836
155011
155033
155125
155199
155209
155210
155246
155252
155262
155277
155285
155366
155375
155383
155386
155422
155484
155493
155511
155521
155532
155559
155609
155615
155639
155647
155682
155685
155703
155860
155871
155937
155938
155941
155956
155970
155979
156031
156040
156078
156134
156148
156214
156254
156306
156364
156525
156534
156613
156655
156656
156683
156784
156834
156882
156962
157027
157044
157111
157119
157129
157189
157212
157235
157242
157243
157248
157252
157259
157287
157303
157347
157423
157441
157487
157499
157522
157547
157727
157776
157790
157900
157915
157925
157972
157977
157992
158015
158052
158137
158227
158274
158303
158393
158406
158471
158496
158553
158555
158556
158565
158566
158575
158611
158666
158764
158809
158894
158949
159028
159060
159096
159259
159271
159280
159283
159288
159345
159347
159387
159429
159515
159578
159599
159700
159713
159749
159780
159805
159806
159815
159823
160022
160026
160034
160154
160167
160173
160203
160227
160300
160311
160326
160332
160345
160463
160813
160817
160834
160871
160877
160878
160939
160959
160975
161011
161021
161052
161202
161347
161554
161561
161568
161571
161599
161673
161685
161815
161853
161863
161893
161971
162111
162112
162136
162142
162190
162244
162264
162270
162345
162364
162374
162377
162465
162573
162584
162788
162809
162833
162838
162890
162903
163026
163028
163036
163047
163056
163136
163147
163151
163152
163167
163173
163365
163372
163381
163385
163417
163423
163437
163449
163451
163458
163469
163495
163504
163554
163567
163586
163604
163617
163671
163686
163698
163710
163766
163835
163856
163880
163882
163916
163921
163923
163943
163948
163954
164035
164038
164152
164166
164204
164206
164262
164286
164287
164298
164324
164334
164457
164459
164490
164546
164645
164692
164701
164707
164709
164710
164711
164802
164813
164815
164828
164847
164857
164869
164882
164895
164931
165287
165506
165579
165822
165924
166097
166110
166469
166497
166704
167357
167572
168245
168254
168298
168451
170047
170106
170131
170145
170154
170157
170176
170190
170253
170273
170281
170293
170418
170538
170555
170556
170801
170858
170937
171012
171065
171238
171274
171302
171414
171415
171442
171476
171490
171491
171499
171513
171522
171525
171528
171564
171645
172233
172267
172339
172356
172510
172569
172583
172591
172603
172608
172663
172852
172894
172896
172907
172932
173001
173023
173132
173141
173143
173145
173147
173149
173159
173162
173168
173182
173232
173246
173287
173289
173338
173920
173931
174004
174059
174165
174236
174256
174358
174370
174372
174374
174431
174459
174466
174483
174490
174580
174598
174767
174772
174784
174799
174807
174826
174872
174882
174888
174934
174971
174978
174987
174990
174994
175025
175136
175159
175217
175228
175301
175343
175371
175409
175411
175826
175981
176054
176066
176163
176304
176359
177394
177423
177446
177470
177520
177569
177655
177663
177729
177752
177775
177784
177805
177814
177822
177826
177932
177956
178001
178046
178047
178205
178217
178283
178374
178417
178482
178533
178542
178695
178726
178738
178789
178904
178993
179034
179050
179080
179352
179379
179404
179494
179615
179652
179689
179703
179737
179756
179809
179830
179849
179855
179877
179908
179931
179950
179954
179967
179972
179984
180008
180016
180019
180044
180059
180068
180079
180110
180118
180128
180170
180211
180234
180257
180273
180331
180388
180435
180461
180541
180542
180618
180659
180814
180835
180845
180863
180869
180873
180915
180928
180949
181042
181135
181403
181444
181859
183166
183594
183605
183608
183616
183641
183996
184013
184033
184054
184148
184166
184221
184322
184333
184337
184345
184440
184482
184617
184631
184670
184674
184803
184885
184888
184894
184913
184930
184945
185015
185712
185890
185906
185918
185970
185983
186006
186027
186043
186057
186061
186121
186241
186541
186569
186584
186586
186608
186614
186620
186665
186735
186814
186933
186954
186967
186994
186999
187000
187228
187235
187274
187280
187298
187299
187340
187376
187389
187398
187481
187499
187553
187617
188002
188061
188072
188083
188104
188109
188209
188329
188342
188343
188358
188368
188385
188389
188394
188405
188435
188463
188466
188493
188504
188505
188531
188548
188587
188590
188613
188655
188957
189054
189072
189301
189308
189316
189324
189332
189347
189378
189516
189517
189550
189598
189648
189665
189673
189737
190370
190435
190495
190497
190538
190641
190714
190724
190733
190787
190827
190876
190883
190885
190967
190973
191061
191089
191113
191122
191170
191234
191275
191301
191308
191391
191394
191456
191564
191574
191630
191639
191663
191683
191704
191720
191730
191784
191856
191874
191878
191914
191915
191990
191995
192008
192034
192040
192112
192121
192128
192136
192185
192204
192234
192281
192365
192583
192592
192610
192613
192643
192649
192665
192668
192673
193034
193129
193139
193210
193332
193415
193578
193668
193739
193813
193906
193915
193937
193964
193971
193977
194064
194163
194166
194173
194195
194253
194274
194960
195013
195051
195057
195106
195132
195193
195214
195251
195308
195323
195379
195384
195406
195425
195437
195454
195560
195563
195582
195708
195804
195807
195820
195899
195970
195991
195996
196019
196054
196240
196407
196414
196424
196559
196658
196677
196697
196713
196753
196897
196951
196963
196993
196999
197493
197526
197591
197670
197711
197794
197832
197835
197932
198124
198140
198159
198162
198278
198283
198342
198379
198515
198529
198565
198624
198751
198930
198931
199012
199034
199038
199070
199082
199135
199163
199193
199197
199293
199368
199387
199472
199477
199515
199604
199684
199730
199740
199775
199868
199990
200010
200031
200034
200130
200133
200185
200203
200204
200404
200426
200432
200675
200749
200781
200797
200799
200802
200815
200816
200822
200833
200849
200864
200879
200889
200915
200991
200993
201055
201079
201198
201231
201277
201282
201442
201473
201491
201501
201548
201571
201592
201607
201684
201723
201733
201773
201791
201810
201818
201864
201874
201936
201980
201995
201996
201999
202060
202066
202113
202152
202178
202184
202195
202199
202236
202244
202259
202304
202348
202353
202368
202428
202438
202452
202461
202470
202502
202537
202554
202562
202675
202678
202705
202747
202779
202789
202792
202821
203030
203109
203125
203127
203166
203186
203268
203361
204519
204520
204523
204603
204622
204623
204635
204636
204638
204649
204661
204675
204737
204859
204885
204919
204962
204969
204977
204991
205016
205023
205040
205108
205177
205637
205813
205832
205846
205863
205916
205935
205961
206008
206114
206154
206156
206161
206238
206328
206333
206352
206404
206421
206445
206513
206561
206721
206810
206871
206876
206889
206917
207157
207228
207229
207231
207317
207328
207344
207366
207440
207451
207489
207515
207566
207589
207655
207661
207663
207666
207716
207722
207740
207803
207810
207828
207848
207930
207938
208017
208020
208180
208218
208252
208260
208302
208402
208518
208535
208579
208638
208652
208653
208710
208832
208884
208919
208976
209150
209224
209255
209494
209498
209549
209825
209895
210012
210022
210054
210067
210169
210172
210210
210220
210248
210291
210324
210383
210386
210559
210585
210636
210818
210945
210976
211022
211036
211075
211164
211191
211198
211264
211314
211331
211348
211375
211381
211388
211409
211410
211419
211515
211552
211563
211566
211574
211583
211599
211643
211682
211709
211761
211779
211814
211882
211962
211971
211979
211983
211992
212009
212062
212078
212080
212090
212091
212124
212133
212140
212234
212334
212391
212399
212445
212447
212474
212485
212489
212522
212533
212583
212627
212659
212726
212737
212771
212869
212878
212882
212884
212919
212943
212969
213023
213026
213069
213072
213096
213099
213104
213111
213113
213134
213154
213156
213176
213181
213260
213322
213335
213406
213421
213433
213445
213449
213454
213504
213576
213594
213878
214199
214226
214238
214245
214298
214606
214913
215118
215122
215289
215310
215351
215366
215408
215479
215521
215527
215537
215712
215789
215892
215896
215911
215968
216008
216044
216052
216158
216212
216261
216263
216491
216595
216623
216625
216665
216759
216797
216854
216900
216931
216940
216977
217032
217088
217120
217221
217359
217377
217413
217443
217452
217481
217482
217646
217673
217893
218026
218044
218260
218287
218312
218360
218375
218427
218438
218586
218592
218617
218719
218746
218809
218816
218853
218869
218897
218931
218968
219090
219108
219109
219185
219215
219244
219337
219363
219367
219368
219369
219468
219474
219532
219649
219752
219753
219817
219855
219861
219915
219925
220035
220072
220094
220138
220146
220268
220317
220347
220372
220427
220587
220649
220657
220682
220702
220900
221058
221171
221238
221246
221305
221328
221339
221422
221444
221464
221487
221496
221568
221648
221658
221677
221683
221774
221795
221844
221856
221860
221867
221906
221922
221930
221942
221963
221999
222122
222123
222134
222211
222275
222276
222286
222287
222431
222441
222474
222498
222522
222567
222617
222623
222664
222675
222690
222694
222696
222733
222794
222869
222907
222914
222937
222978
223001
223013
223202
223459
223610
223679
223684
223716
223973
224149
224194
224205
224345
224462
224552
224555
224583
224620
224625
224833
224870
224887
224960
225086
225195
225287
225402
225624
225712
225714
225722
225984
226013
226065
226121
226186
226194
226195
226213
226220
226238
226248
226404
226419
226426
226521
226548
226746
226865
226870
226884
226914
226953
227042
227047
227076
227109
227162
227248
227334
227382
227385
227419
227453
227488
227497
227505
227543
227566
227577
227609
227745
227801
227817
227852
227863
228067
228153
228175
228234
228371
228442
228500
228532
228599
228676
228677
228709
228758
228780
228794
228910
228986
229005
229044
229084
229173
229181
229186
229239
229246
229289
229310
229331
229354
229366
229374
229377
229378
229391
229394
229410
229447
229448
229473
229474
229480
229505
229549
229584
229590
229597
229733
229762
229814
229866
229869
229900
229929
229950
229969
229972
230044
230057
230059
230076
230090
230114
230152
230161
230177
230184
230193
230197
230201
230242
230254
230285
230301
230332
230519
230645
230662
230669
230674
230675
230683
230692
230740
230778
230850
230926
230951
230991
230992
231049
231101
231129
231134
231140
231161
231193
231393
231403
231543
231553
231652
231653
231664
231665
231713
232003
232158
232262
232269
232293
232370
232386
232441
232552
232563
232705
232709
232829
232865
232885
232893
232907
232917
232936
233020
233202
233212
233252
233321
233353
233381
233434
233448
233455
233475
233497
233515
233520
233534
233542
233553
233558
233572
233579
233594
233601
233617
233653
233665
233694
233703
233709
233817
233923
233972
234118
234177
234243
234269
234408
234432
234450
234518
234528
234542
234547
234666
234734
234742
234767
234787
234793
235014
235059
235093
235098
235193
235231
235237
235415
235417
235439
235453
235534
235550
235582
235657
235731
235753
235992
236172
236200
236252
236269
236277
236284
236325
236359
236413
236433
236488
236519
236530
236535
236551
236559
236573
236634
236691
236692
236791
236808
236833
236843
236880
236904
236970
236974
237034
237051
237151
237207
237223
237260
237276
237279
237303
237318
237328
237347
237349
237357
237366
237421
237425
237438
237439
237476
237500
237534
237536
237638
237669
237747
237764
237862
237871
237874
237959
237985
238271
238297
238307
238320
238355
238356
238357
238365
238423
238472
238479
238481
238515
238519
238532
238538
238571
238609
238622
238631
238651
238670
238680
238702
238818
238828
238840
238968
238994
239008
239027
239042
239061
239069
239173
239226
239259
239283
239292
239315
239316
239360
239398
239417
239595
239597
239643
239657
239658
239668
239672
239681
239688
239696
239761
239776
239844
239901
239937
239965
239980
240008
240055
240120
240144
240154
240170
240215
240269
240270
240315
240333
240375
240390
240393
240411
240414
240446
240464
240512
240643
240644
240662
240663
240720
240744
240804
240824
240856
240880
240884
240968
241002
241012
241092
241163
241252
241262
241278
241320
241326
241333
241349
241374
241375
241381
241383
241389
241406
241428
241435
241441
241486
241503
241504
241530
241534
241700
241717
241823
241909
241916
241945
242022
242033
242063
242074
242082
242093
242101
242102
242110
242122
242124
242173
242205
242206
242264
242266
242370
242414
242457
242582
242595
242608
242612
242619
242621
242734
242755
242797
242831
242851
242896
242913
243093
243157
243178
243238
243272
243375
243453
243663
243717
243888
243911
244044
244077
244081
244137
244243
244310
244441
244499
244504
244523
244629
244648
244719
244769
244773
244797
244801
244808
244859
244870
244905
244906
244908
244910
244934
244998
245013
245022
245043
245078
245085
245101
245139
245160
245164
245296
245298
245306
245348
245411
245459
245468
245498
245626
245650
245728
245771
245784
245808
245986
246090
246143
246181
246192
246214
246266
246337
246340
246361
246371
246390
246408
246589
246643
246848
246857
246900
247037
247264
247280
247287
247289
247303
247307
247321
247335
247342
247360
247482
247552
247633
247728
247737
247789
247846
247907
247908
247947
247962
247965
248028
248136
248207
248218
248269
248504
248548
248653
248658
248689
248700
248750
248795
248958
249002
249053
249083
249211
249284
249435
249463
249511
249515
249624
249630
249686
249710
249734
249813
249923
249933
249942
249951
249954
250042
250105
250118
250201
250315
250359
250367
250637
250652
250674
250676
250820
250959
251073
251108
251194
251211
251311
251351
251439
251468
251485
251514
251544
251550
251551
251644
251689
251698
251800
251833
251837
251883
251973
251978
251986
252087
252136
252154
252161
252184
252193
252209
252210
252219
252247
252252
252270
252290
252329
252402
252710
252742
252753
252802
252804
252895
252996
253120
253261
253268
253279
253287
253302
253489
253514
253521
253540
253586
253622
253625
253692
253779
253800
253834
253925
253930
253966
253972
253990
253991
254011
254059
254065
254144
254213
254376
254412
254429
254440
254450
254684
254959
255067
255069
255171
255281
255471
255518
255576
255656
255663
255762
255844
255871
255882
255908
256066
256130
256198
256239
256279
256284
256376
256409
256461
256598
256603
256679
256708
256710
256728
256844
256919
256987
257066
257090
257165
257211
257614
257622
257624
257701
257703
257709
257714
257726
257807
257855
257858
257911
257912
257940
257965
257967
257973
257991
258082
258156
258196
258210
258221
258232
258288
258328
258336
258340
258342
258529
258617
258684
258704
258713
258775
258906
259003
259074
259083
259101
259121
259136
259195
259222
259223
259227
259237
259382
259437
259444
259462
259469
259483
259518
259523
259525
259531
259688
259721
259901
259955
259990
259991
260036
260060
260082
260085
260086
260141
260147
260151
260187
260253
260281
260296
260322
260433
260459
260543
260598
260604
260609
260619
260622
260637
260646
260719
260729
260743
260766
260768
260794
260853
260890
260899
260900
260923
260939
261102
261182
261303
261367
261432
261466
261489
261525
261545
261559
261560
261610
261709
261719
261775
261789
261801
261803
261807
261826
261909
261942
261946
261963
262000
262050
262130
262172
262239
262280
262283
262359
262375
262388
262389
262481
262600
262736
262815
262822
262825
262837
262947
262967
262976
263052
263062
263099
263132
263159
263175
263352
263365
263371
263373
263432
263441
263493
263571
263640
263745
263755
263822
263869
263922
263969
264016
264060
264114
264120
264125
264147
264208
264282
264370
264431
264527
264588
264599
264685
264701
264782
264790
264819
265059
265098
265131
265133
265149
265217
265375
265405
265421
265517
265539
265543
265598
265714
265886
265892
265946
265951
265991
266018
266061
266063
266066
266177
266245
266365
266371
266513
266528
266532
266553
266568
266612
266620
266655
266697
266821
266824
266826
266827
266896
266903
266923
266943
266946
266995
267050
267073
267080
267088
267098
267129
267196
267276
267293
267295
267406
267432
267437
267439
267456
267487
267531
267588
267589
267601
267609
267624
267727
267730
267789
267890
268003
268097
268170
268259
268299
268334
268401
268411
268414
268419
268429
268453
268491
268570
268576
268686
268688
268736
268741
268757
268780
268800
268843
268950
268965
268968
268971
269000
269002
269061
269098
269261
269266
269314
269323
269408
269471
269525
269547
269836
269850
269946
270015
270028
270097
270105
270172
270176
270226
270250
270290
270302
270325
270368
270379
270403
270425
270557
270707
270750
270777
270809
270811
270994
271029
271040
271041
271048
271064
271102
271114
271125
271171
271176
271212
271250
271280
271293
271430
271444
271495
271559
271594
271669
271671
271693
271711
271736
271834
271910
271931
271945
272088
272110
272216
272292
272467
272530
272532
272564
272574
272617
272635
272783
272805
272864
272926
273008
273030
273032
273043
273065
273071
273100
273107
273150
273165
273301
273426
273466
273480
273503
273564
273593
273602
273652
273706
273760
273762
273777
273832
273906
273986
274119
274150
274157
274168
274354
274387
274455
274469
274524
274546
274554
274560
274576
274664
274776
274821
274822
274841
274874
274957
275033
275043
275059
275171
275176
275224
275265
275278
275305
275377
275402
275447
275496
275554
275573
275575
275597
275613
275618
275674
275769
275795
275806
275815
275833
275900
275955
276003
276091
276118
276172
276215
276288
276315
276449
276463
276487
276492
276575
276595
276605
276908
276969
277033
277149
277235
277247
277261
277380
277445
277474
277491
277501
277680
277707
277708
277720
277793
277971
278026
278040
278216
278302
278418
278485
278544
278593
278623
278715
278825
278837
278862
278870
279007
279082
279107
279183
279384
279487
279620
279782
279949
279964
279996
280270
280330
280350
280397
280473
280484
280492
280565
280600
280657
280658
280674
280742
280795
280862
280894
280981
281034
281087
281093
281268
281276
281286
281363
281412
281481
281494
281534
281591
281765
281787
282017
282041
282043
282160
282218
282352
282427
282474
282500
282505
282584
282628
282673
282796
283118
283242
283270
283276
283325
283417
283433
283454
283484
283490
283501
283537
283549
283551
283558
283569
283584
283594
283611
283707
283818
283844
283859
284115
284120
284188
284270
284398
284418
284429
284490
284518
284587
284675
284679
284700
285249
285452
285453
285491
285498
285524
285545
285569
285580
285583
285643
285648
285674
285741
285849
285852
285863
285872
285879
285880
285975
286048
286113
286344
286387
286390
286460
286486
286599
286614
286644
286656
286722
286735
286737
286759
286775
286798
286808
286847
286851
286885
287177
287193
287208
287226
287229
287263
287396
287417
287418
287558
287589
287765
287775
287785
287815
287822
288017
288127
288151
288155
288202
288232
288263
288295
288303
288347
288388
288438
288612
288765
288812
288839
288845
288999
289048
289138
289155
289244
289367
289446
289450
289467
289472
289477
289547
289556
289645
289663
289698
289699
289779
289941
289973
289984
290111
290126
290131
290172
290215
290304
290420
290440
290510
290624
290630
290635
290649
290711
290726
290769
290836
291006
291012
291094
291131
291166
291188
291205
291306
291313
291314
291337
291578
291580
291621
291793
292008
292046
292068
292161
292162
292166
292237
292275
292313
292334
292471
292546
292562
292667
292683
292706
292771
292773
292863
292939
292964
293109
293144
293216
293254
293492
293538
293542
293543
293597
293667
293677
293734
293791
293796
293797
293802
293803
293855
293899
293910
293946
293953
294214
294220
294238
294301
294364
294367
294800
294825
294840
294848
294859
295154
295160
295209
295211
295268
295272
295278
295299
295308
295457
295616
295618
295647
295902
295987
296022
296039
296096
296101
297197
297365
297379
297384
297399
297403
297421
297428
297554
297571
297688
297703
297817
297960
298009
298049
298067
298197
298395
298492
298498
298507
298525
298530
298545
298629
298630
298635
298679
298817
298847
298930
298941
298943
298944
299010
299023
299153
299202
299205
299256
299300
299404
299425
299457
299512
299531
299655
299676
299679
299709
299711
299945
300048
300145
300148
300175
300270
300364
300376
300495
300512
300517
300607
300690
300696
300703
300706
300769
300826
300833
300837
300860
300880
300930
300931
300981
301002
301064
301067
301081
301100
301102
301113
301124
301127
301134
301136
301165
301174
301197
301198
301199
301200
301251
301262
301277
301284
301321
301337
301392
301429
301449
301475
301508
301518
301548
301553
301560
301609
301674
301688
301781
301782
301817
301839
301862
301883
301892
301894
301926
301944
301977
302044
302047
302057
302065
302068
302074
302078
302082
302097
302207
302327
302361
302364
302371
302382
302409
302435
302449
302465
302479
302482
302484
302487
302519
302524
302528
302544
302554
302563
302576
302645
302663
302682
302878
302946
302951
302961
302976
303021
303025
303066
303085
303093
303138
303146
303151
303164
303335
303369
303389
303455
303573
303576
303660
303664
303690
303771
303794
303831
303841
303917
303937
303948
304040
304056
304067
304071
304082
304088
304098
304110
304126
304127
304145
304185
304205
304227
304316
304337
304344
304360
304363
304365
304367
304414
304455
304528
304531
304623
304636
304640
304646
304663
304675
304676
304720
304731
304778
304856
304862
304875
304884
304899
304931
304932
304981
304990
305010
305013
305016
305035
305038
305094
305222
305258
305281
305327
305338
305339
305408
305424
305470
305531
305554
305643
305655
305723
305725
305851
305865
305876
305894
305912
306010
306012
306024
306061
306105
306143
306212
306300
306335
306629
306999
307069
307100
307122
307159
307169
307200
307206
307213
307371
307443
307469
307568
307572
307584
307594
307611
307655
307675
307687
307741
307786
307822
307830
307854
307863
307877
307910
307967
307974
307988
308027
308086
308089
308096
308117
308136
308152
308198
308244
308447
308466
308472
308483
308511
308528
308548
308579
308607
308626
308635
308710
308794
308795
309158
309188
309262
309278
309341
309441
309551
309587
309741
309751
309802
309876
309878
309930
309959
310055
310056
310286
310373
310384
310462
310470
310539
310644
310711
310715
310773
310783
310864
310880
310949
310986
311114
311122
311181
311253
311270
311301
311330
311343
311441
311448
311451
311462
311539
311557
311598
311606
311660
311674
311689
311755
311796
311798
311835
311865
311911
311984
311998
312110
312267
312275
312532
312553
312606
312656
312677
312890
312963
313003
313128
313314
313478
313514
313565
313585
313593
313611
313756
313762
313840
313865
313877
314065
314169
314190
314209
314240
314299
314305
314307
314312
314346
314554
314566
314570
314630
314659
314693
314800
314821
314833
314979
314989
315027
315032
315051
315064
315068
315079
315091
315094
315099
315107
315121
315127
315198
315225
315258
315260
315264
315282
315284
315310
315330
315530
315697
315745
315848
315942
315994
316021
316028
316038
316234
316235
316237
316240
316339
316435
316446
316653
316976
317063
317072
317093
317140
317508
317521
317652
317656
317667
317680
317683
317705
317716
317734
317738
317744
317806
317840
317863
317867
317931
317970
318005
318031
318038
318040
318042
318046
318047
318053
318075
318101
318113
318133
318201
318215
318220
318223
318293
318322
318383
318391
318397
318455
318512
318544
318722
318752
318780
318801
318807
318820
318851
318863
318944
318978
318995
319112
319115
319360
319363
319373
319396
319398
319407
319454
319499
319580
319581
319582
319620
319630
319634
319643
319647
319696
319720
319743
319747
319778
319816
319838
319839
319850
319889
319890
319894
320106
320213
320224
320359
320364
320395
320396
320490
320494
320580
320585
320775
320776
320797
320801
320803
320875
320879
320906
320916
320945
321023
321043
321116
321318
321344
321441
321459
321548
321616
321650
321680
321694
321730
321731
321746
321787
321804
321816
321826
321868
321907
322032
322090
322152
322171
322293
322295
322396
322548
322597
322638
322695
322825
322861
322999
323005
323105
323173
323199
323213
323222
323274
323371
323376
323383
323435
323502
323520
323545
323610
323624
323645
323647
323661
323688
323861
323980
323984
324057
324123
324235
324240
324357
324380
324622
324639
324649
324664
324751
324753
324787
325027
325198
325240
325304
325323
325416
325418
325430
325611
325673
325740
325741
325745
325780
325784
325845
326004
326150
326280
326282
326310
326369
326474
326487
326495
326512
326939
326987
327023
327061
327179
327244
327357
327401
327403
327445
327472
327473
327475
327562
327616
327638
327656
327725
327808
327842
327844
327895
327908
327932
327967
328003
328133
328142
328359
328485
328491
328509
328790
329063
329210
329316
329328
329364
329434
329447
329448
329518
329519
329576
329582
329587
329596
329598
329631
329635
329641
329650
329660
329897
330022
330039
330042
330118
330130
330227
330307
330312
330380
330431
330467
330559
330568
330665
330907
331024
331028
331030
331092
331119
331130
331137
331139
331148
331228
331315
331355
331371
331492
331538
331545
331578
331600
331674
331679
331729
331747
331861
331871
331882
331958
331975
332013
332052
332071
332150
332155
332181
332187
332204
332250
332259
332282
332290
332321
332324
332329
332507
332570
332672
332765
332809
332821
332977
332995
333055
333063
333133
333141
333158
333308
333449
333453
333567
333619
333630
333644
333673
333714
333734
333753
333856
333907
333927
333931
333961
334012
334035
334044
334066
334072
334077
334087
334105
334110
334111
334132
334144
334182
334211
334215
334239
334267
334281
334431
334499
334540
334558
334559
334595
334637
334647
334652
334655
334667
334675
334684
334687
334696
334728
334735
334797
334878
334879
334898
334933
334951
334987
335043
335046
335081
335096
335099
335102
335112
335168
335267
335326
335439
335447
335497
335574
335680
335737
335761
335765
335766
335770
335781
335793
335797
335801
335813
335835
335842
335850
335854
335878
335882
335890
335930
335941
336018
336079
336103
336123
336137
336165
336172
336174
336249
336252
336308
336315
336367
336402
336420
336425
336452
336479
336482
336502
336530
336532
336676
336723
336731
336770
336795
336818
336819
336841
336843
336861
336882
336965
336978
337037
337040
337047
337060
337142
337158
337179
337251
337252
337286
337670
337978
338116
338167
338169
338194
338220
338227
338268
338273
338300
338359
338383
338397
338466
338522
338642
338736
338787
338867
338892
338916
338922
338959
338965
338971
338974
338988
339010
339036
339052
339058
339109
339157
339220
339226
339234
339246
339268
339292
339299
339300
339314
339366
339387
339411
339466
339537
339949
339959
339981
340122
340145
340451
340455
340512
340593
340644
340650
340866
341020
341037
341205
341241
341426
341557
341564
341584
341585
341616
341638
341669
341795
341883
341900
341958
341990
342059
342235
342285
342313
342381
342388
342389
342465
342541
342778
342812
342819
342827
342903
342954
342988
343101
343104
343132
343177
343237
343261
343519
343540
343610
343664
343864
343866
343882
344006
344138
344216
344237
344284
344413
344442
344511
344514
344605
344634
344831
344840
344876
345161
345219
345228
345274
345395
345429
345927
345967
345975
346156
346162
346183
346288
346337
346417
346424
346453
346475
346494
346504
346645
346729
346737
346743
346756
346813
346937
347021
347030
347109
347145
347207
347229
347341
347402
347405
347412
347555
347610
347618
347704
347774
347891
347912
348047
348050
348161
348168
348229
348297
348428
348434
348438
348450
348497
348507
348519
348543
348594
348660
348670
348704
348823
348949
349187
349309
349382
349510
349541
349548
349551
349582
349652
349660
349736
349767
349857
349866
349909
349980
350101
350103
350106
350108
350235
350363
350382
350383
350451
350626
350669
350688
351098
351178
351234
351244
351255
351463
351781
351787
351834
351879
351883
351927
351929
352046
352086
352111
352114
352183
352230
352261
352365
352384
352385
352389
352393
352400
352409
352410
352516
352548
352730
352749
352764
352769
352826
352880
352924
352988
353020
353117
353123
353161
353292
353385
353402
353509
353516
353544
353578
353650
353698
353745
353748
353838
353846
353876
353912
353947
354000
354045
354053
354098
354313
354412
354462
354483
354497
354527
354563
354568
354654
354672
354750
354754
354766
354867
354906
354942
355023
355056
355060
355070
355094
355132
355181
355192
355204
355214
355255
355345
355410
355413
355497
355504
355573
355574
355585
355689
355710
355711
355716
355896
355969
356023
356040
356163
356165
356338
356427
356446
356452
356506
356538
356613
356646
356672
356731
356782
357046
357068
357167
357237
357266
357376
357434
357495
357500
357520
357522
357547
357561
357593
357621
357662
357665
357683
357715
357819
357919
357991
358058
358106
358431
358459
358562
358570
358613
358674
358769
358988
359001
359202
359209
359230
359497
359579
359584
359632
359645
359721
359734
359762
359879
359880
359952
359995
360022
360227
360293
360316
360416
360571
360772
360797
360803
360813
360851
360859
360987
361045
361053
361112
361124
361193
361246
361290
361399
361588
361743
361763
361828
361839
361846
361853
361960
362028
362125
362263
362280
362296
362365
362369
362385
362416
362418
362501
362524
362534
362628
363239
363295
363449
363459
363488
363718
363725
363762
363768
363772
363788
363834
363976
363979
364025
364029
364067
364151
364166
364183
364191
364209
364374
364394
364423
364474
364637
364730
364744
364828
364869
364876
364880
364887
364920
364947
364977
365052
365113
365236
365285
365310
365650
365733
365756
365757
365759
365804
365841
365878
365960
365970
366004
366034
366036
366062
366079
366639
366661
367207
367235
367256
367258
367393
367410
367779
367910
368005
368014
368128
368268
368296
368316
368346
368375
368390
368399
368409
368428
368465
368491
368549
368570
368572
368579
368592
368631
368642
368662
368669
368678
368690
368721
368726
368735
368798
368800
368876
368928
368939
369055
369063
369140
369165
369210
369334
369348
369352
369372
369454
369464
369465
369466
369469
369482
369512
369519
369546
369567
369631
369640
369725
369745
369786
369807
369829
370019
370069
370088
370111
370126
370270
370321
371821
372718
372719
372818
372852
372973
372979
372981
374106
376290
376339
376429
376816
377334
377476
378102
378702
380569
380784
380832
380836
380840
381006
381051
381055
381066
381266
381267
381274
381275
381339
381378
381392
381410
381426
381480
381502
381513
381523
381626
381631
381645
381667
381711
381733
381743
381801
381812
381917
381953
381977
381996
382044
382138
382196
382208
382215
382220
382221
382291
382333
382372
382391
382536
382576
382693
382773
382855
382859
382864
382873
382962
382984
383146
383394
383440
383441
383574
383596
383614
383664
383711
383714
383812
384181
384182
384287
384324
384386
384397
384486
384510
384573
384650
384889
385041
385051
385067
385079
385141
385334
385383
385438
385490
385644
385673
385704
385739
385806
385888
386327
386384
386432
386471
386594
386757
386759
386771
386915
386954
387133
387228
387335
387365
387366
387491
387504
387513
387544
387557
387577
387609
387645
387654
387695
387817
387925
388008
388028
388052
388057
388129
388147
388304
388308
388358
388366
388398
388534
388568
388571
388653
388807
388879
388919
388960
389049
389051
389154
389250
389283
389380
389526
389624
389635
389645
389670
389706
389711
389783
389827
389843
389860
389911
389960
389988
390024
390034
390134
390153
390267
390276
390316
390429
390440
390445
390454
390463
390484
390671
390680
390817
390842
390851
390853
390854
391062
391229
391287
391295
391341
391391
391392
391408
391431
391436
391492
391513
391593
391847
391922
392039
392050
392072
392117
392267
392298
392348
392428
392492
392510
392523
392527
392533
392594
392759
392998
393129
393135
393165
393640
393928
393998
394004
394027
394405
394416
394432
394718
394740
394994
395069
395093
395173
395175
395187
395192
395567
395784
395826
395839
395856
395889
395908
395968
396023
396156
396313
396381
396440
396465
396541
396616
396620
396757
396779
396785
396799
396851
397146
397220
397247
397253
397554
397604
397629
397642
397656
397771
397775
398001
398004
398093
398210
398216
398268
398334
398369
398506
398508
398534
398591
398595
398626
398662
398811
398854
398871
398896
398901
398909
398922
399534
399556
399572
399629
399659
399842
399859
399864
400138
400208
400359
400365
400819
400828
400902
400941
400967
401012
401015
401051
401065
401151
401220
401245
401342
401343
401452
401535
401556
401568
401594
401615
401619
401633
401722
401726
401755
401809
401833
401949
401950
401952
401996
402111
402114
402135
402174
402178
402180
402239
402241
402318
402333
402354
402540
402545
402550
402553
402583
402584
402751
402753
402833
402898
402921
403067
403072
403122
403167
403186
403222
403697
403891
404035
404612
404838
405006
405084
405403
405462
405567
405605
405775
405783
405791
405960
405982
405984
406006
406056
406209
406351
406723
406776
406816
406817
407014
407044
407060
407158
407310
407422
407467
407565
407734
408025
408242
408282
408888
408899
409054
409061
409065
409232
409292
409415
409620
410742
410760
410793
411080
411162
411183
411739
411755
411840
411852
411917
412060
412197
412271
412276
412333
412405
412779
414053
414122
414149
414155
414156
414245
414663
414692
414712
415455
415502
416094
416161
416494
416527
416581
416619
416671
416684
416685
416735
416784
416785
416795
416797
416808
416890
416982
416996
417026
417067
417092
417337
417339
417340
417533
417641
417652
417669
417701
417747
417817
418134
418137
418141
418182
418215
418249
418291
418292
418391
418396
418413
418420
418422
418525
418600
418761
418778
419160
419527
419621
419671
419730
419760
419763
419823
419841
419881
419893
419991
420000
420002
420029
420187
420192
420201
420370
420426
420546
420574
420578
420584
420607
420977
422133
422164
422225
422272
422340
422584
422780
422834
423521
423557
423630
423855
423891
424385
424460
424559
424692
424807
425077
425128
425133
425134
425147
425162
425178
425889
426348
426557
426789
426871
426879
427287
427418
427507
427513
427684
428104
428170
428204
428931
428933
428965
429003
429153
429165
429169
429790
430264
430288
430314
430514
430538
430617
430841
430849
430950
431055
431069
431108
431278
431341
431436
431563
431624
431671
431680
431694
431796
431890
432033
432481
432765
432780
432847
433437
433508
433515
433526
433676
433727
433855
433873
434184
434201
434218
434331
434334
434584
434605
434658
434664
434700
434720
434754
434780
434830
434871
434899
434900
434957
435044
435078
435136
435144
435194
435216
435275
435335
435401
435410
435483
435517
435604
435643
435748
435758
435775
435850
435940
436045
436048
436064
436361
436403
436460
436479
436551
436849
436851
436980
436997
437009
437116
437201
437215
437220
437337
437392
437473
437486
437488
437572
437664
437689
437740
437760
437793
437909
437913
437915
438084
438114
438201
438602
438633
438758
438841
438882
438902
439095
439156
439202
439238
439245
439280
439296
439308
439321
439620
439669
439685
439915
439921
440079
440193
440313
440359
440918
440948
441299
441416
441450
441451
441467
441470
441478
441501
441530
441539
441547
441602
441798
441808
441989
442102
442167
442406
442573
442845
442860
442874
443119
443372
443380
443405
443501
443523
443719
443724
443776
443805
443846
443847
443865
443878
443903
443938
443947
444317
444450
444470
444492
444577
444890
445173
445557
445595
445763
445842
445844
445849
445959
445980
445988
446048
446073
446161
446167
446190
446194
446203
446210
446241
446276
446297
446299
446409
446414
446423
446532
446585
446784
446817
446819
446898
447064
447092
447098
447114
447179
447432
447484
447533
447609
447634
447637
447666
447695
447753
447769
447834
447871
448054
448274
448282
448583
448587
448602
448794
448826
448907
449005
449040
449104
449173
449236
449282
449290
449311
449387
449494
449660
449772
449776
449889
449895
450029
450039
450224
450315
450342
450369
450435
450442
450596
450667
450919
451056
451111
451188
451400
451459
451468
451762
451787
451948
452132
452179
452190
452267
452279
452286
452302
452369
452521
452702
452921
453041
453221
453235
453328
453495
453512
453514
453522
453537
453600
453618
453773
453925
453940
454265
454484
454486
454487
454731
454753
454935
454936
455009
455013
455048
455092
455208
455263
455271
455352
455356
455361
455366
455419
455440
455559
455560
455619
455712
455970
456022
456042
456110
456157
456189
456192
456225
456347
456636
456681
456696
456714
456972
457009
457012
457027
457042
457146
457188
457296
457381
457382
457467
457480
457602
457642
457716
457841
458139
458221
458316
458342
458459
458506
458688
458710
458829
458893
459123
459412
459445
459549
459583
459772
459954
459955
460072
460189
460304
460346
461342
461381
461384
461535
461730
461765
461907
462184
462222
462317
462324
462362
462406
462408
462417
462471
462479
462531
462821
462914
462966
463043
463215
463246
463426
463551
463577
463639
463660
463667
463704
463864
463911
463928
463976
464046
464059
464073
464219
464235
464259
464299
464332
464502
464527
464601
464646
464656
464739
464886
464920
465027
465104
465150
465206
465240
465379
465414
465583
465588
465756
465903
466019
466022
466054
466153
466183
466346
466347
466386
466387
466416
466484
466504
466582
466631
466642
466730
466735
466778
466814
466841
466901
466905
466907
466946
466992
467030
467115
467362
467374
467449
467483
467576
467708
467745
467746
468109
468112
468243
468319
468381
468382
468386
468401
468423
468438
468498
468536
468605
468700
468764
468805
468833
468882
468944
469019
469077
469121
469138
469174
469343
469381
469411
469413
469441
469616
469619
469638
469640
469653
469660
469725
469793
469829
469830
469843
469846
469869
469936
470109
470121
470123
470162
470367
470439
470741
470792
470802
470881
470888
470898
470921
471005
471079
471082
471221
471301
471330
471341
471781
471947
472071
472076
472093
472101
472265
472295
472353
472369
472404
472547
472582
472746
473010
473088
473109
473118
473219
473226
473331
473410
473470
473534
473564
473624
473846
473878
474163
474191
474215
474390
474406
474440
474607
474694
474778
474811
474815
474878
474974
475181
475205
475251
475253
475433
475471
475605
475779
475786
475832
475928
475965
476012
476093
476115
476141
476157
476299
476404
476496
476526
476576
476604
476624
476628
476689
476713
476824
476825
476829
476873
476878
476902
476978
477212
477219
477224
477242
477305
477470
477523
477527
477599
477617
477738
477869
477995
478248
478408
478452
478763
478872
478878
478949
479039
479076
479122
479142
479192
479235
479252
479258
479324
479481
479661
479845
479846
480048
480320
480329
480343
481415
481692
481726
481946
482134
482489
482774
482836
482900
482998
483081
483173
483180
483280
483571
483580
483582
483659
483752
483906
483912
484038
484163
484170
484234
484269
484354
484355
484789
484855
484888
485222
485312
485333
485335
485443
485484
485504
485608
486498
486616
486620
486621
486794
486851
486906
486998
487033
487152
487297
487315
487499
487525
487534
487562
487902
487931
488137
488167
488192
488299
488312
488427
488428
488471
488478
488571
488627
488761
488778
488833
488963
488978
488987
488999
489014
489019
489091
489160
489360
489601
489849
489872
489880
489955
490012
490091
490379
490461
490463
490704
491264
491311
491377
491455
491485
491506
491551
491560
491595
491624
491626
491667
491862
491878
491928
492049
492370
492620
492631
492679
492710
492732
492822
492891
492900
492901
492995
493134
493175
493289
493354
493578
493623
493662
493663
493704
493711
493729
493736
493760
493761
493852
494002
494013
494016
494019
494142
494171
494251
494554
494583
494603
494607
494660
494893
494942
495015
495066
495200
495499
495850
496256
496347
496392
496491
496673
496735
496804
496887
496929
496957
497031
497080
497124
497126
497495
497633
497684
497771
497783
497798
498004
498159
498203
498259
498426
498458
498557
498664
498703
498713
498730
498749
498764
498895
498942
499000
499002
499005
499039
499233
499251
499292
499295
499353
499447
499522
499811
499839
499915
500176
500186
500203
500243
500249
500316
500384
500409
501010
501022
501030
501117
501208
501213
501216
501318
502559
502852
503060
503159
503219
503310
503332
503371
503378
503455
503608
503768
503785
503832
503835
504047
504056
504114
504118
504173
504242
504254
504380
504394
504407
504845
505036
505110
505111
505187
505230
505352
505379
505431
505707
505917
506045
506171
506375
506594
506690
506819
506853
506878
507018
507032
507050
507432
507471
507481
507580
507723
507974
508169
508181
508352
508365
508409
508695
509328
509450
509879
509958
510001
510075
510147
510173
510207
510248
510281
510333
510455
510520
510588
510621
510652
510741
510780
510783
510838
510839
510842
510898
510915
510941
510967
510980
511066
511324
511333
511790
511881
511920
512017
512036
512113
512210
512357
512389
512407
512449
512450
512494
513077
513130
513508
513549
513586
513701
513810
513827
514015
514068
514785
515357
515493
515654
515680
515736
515777
515789
515807
515881
516001
516186
516210
516240
516245
516248
516414
516549
516633
516873
517341
517426
517484
517623
517631
517638
517735
517829
518072
518167
518270
518512
518557
518602
518654
518670
519113
519509
519584
519722
519723
519981
520085
520245
520539
520693
520714
520821
520834
521013
521150
521203
521243
521257
521283
521407
521451
521482
521494
521544
521561
521934
521941
522059
522126
522206
522232
522371
522373
522403
522443
522717
522744
522781
522994
523242
523298
523333
523420
523427
523433
523451
523458
523468
523554
523612
523690
523716
523793
523978
524017
524018
524157
524255
524354
524371
524390
524877
525212
525884
525898
526103
526319
526480
526549
527089
527491
527537
527597
528002
528087
528379
528415
528433
528483
528582
528626
528631
528740
528748
528750
528765
528768
528864
529011
529254
529293
529338
529363
529388
529395
529432
529433
529445
529571
529617
529675
529701
529719
529724
529728
529748
529753
529784
529795
529800
529827
529991
530268
530334
530406
530588
530612
530635
530653
530780
530874
530878
530898
530912
531181
531223
531363
531479
531529
531612
531645
531697
531741
531772
531955
532043
532117
532136
532323
532337
532350
532414
532455
532584
532623
532629
532683
532791
532797
532805
532828
532917
532926
532946
532949
533056
533098
533308
533337
533380
533387
533616
533668
533753
533831
533836
533913
534184
534220
534343
534361
534444
534455
534515
534552
534557
534770
534822
534847
534878
535541
535974
535987
535990
536394
536401
536586
536588
536608
536737
536745
536830
536854
536868
536962
536977
537030
537049
537056
537180
537196
537215
537292
537351
537388
537554
537564
537568
537634
537703
537721
537727
537782
537946
537955
538005
538073
538103
538124
538235
538236
538381
538485
538513
538526
538636
538637
538739
538791
538820
538942
538967
538989
539102
539135
539154
539325
539362
539440
539445
539696
539728
539777
539826
539857
539863
539951
540112
540166
540229
541187
541215
541347
541366
541396
541442
541443
541467
541510
541697
541818
541968
541991
542004
542431
543241
543263
543327
543430
543473
543718
543955
544079
544441
544473
544475
544640
544693
544758
544759
544777
545002
545104
545222
545236
546005
546050
546127
546131
546245
546427
547285
547441
547573
547626
547728
547910
548160
548489
548506
548924
549270
549333
549639
549696
549762
549815
550014
550022
550031
550211
550222
550372
550787
550956
551101
551262
551320
551633
551776
551840
551849
552454
552821
553142
553306
553402
553450
553464
553582
553619
553654
553672
553701
554087
554623
554734
554836
554915
554989
555044
555273
555343
555402
555498
555514
555562
555727
555763
555824
555861
555948
556011
556144
556564
557082
557089
557885
558019
558022
558041
558069
558073
558371
558515
558772
558922
558978
559234
559298
559424
559912
559932
560081
560207
560210
560392
560394
560437
560485
560520
560716
561134
561191
561481
561499
561569
561571
561712
561836
561869
562126
562184
562221
562256
562303
562511
562533
562559
562566
562635
562655
562779
562986
563011
563027
563179
563198
563338
563495
563517
563545
563639
563658
563696
563765
563853
563855
563921
563926
564700
565163
565273
565283
565295
565330
565358
565701
565783
565949
565964
566012
566041
566176
566219
566403
566409
566434
566649
566659
566696
566795
566827
566869
566895
567109
567210
567315
567319
567846
568151
568382
568466
568501
568603
568642
568964
569052
569104
569147
569271
569339
569573
569655
569861
569909
569984
570020
570034
570047
570337
570862
570894
570958
570994
571057
571068
571139
571713
572405
572443
572833
572852
573278
573444
573458
573460
573544
573621
573669
573770
574018
574329
574398
574530
574582
574631
574638
574806
574892
575013
575116
575126
575149
575183
575265
575292
575321
575448
575474
575509
575625
575685
575780
575863
575869
575902
576212
576297
576715
577306
577360
577653
577754
577808
577822
578100
578262
578414
578567
578999
579107
579200
579274
579564
579839
579847
579849
579857
579940
580048
580094
580225
580255
580654
580678
580679
580787
580837
580860
581088
581377
581452
581469
581694
581755
581835
582007
582043
582358
582629
582853
583077
583211
583302
583405
583421
583425
583641
583783
583835
583870
584250
584606
584613
584622
584737
584859
584929
585078
585093
585155
585224
585294
585328
585358
586021
586090
586123
586208
586273
586349
586529
586533
586786
586800
586802
586930
587353
587357
587392
587445
587636
587637
587655
587742
587746
587865
588035
588085
588182
588293
588332
588474
588497
588509
588563
588719
588815
588950
589027
589033
589416
589455
589867
589886
590090
590115
590219
590278
590350
590426
590518
590562
590657
590701
590736
590744
590797
590977
591143
591212
591293
591642
591684
591847
591852
591968
592089
592443
592500
592696
592704
592706
592708
593356
593416
593619
594204
595133
595180
595265
595272
595298
595569
595702
595714
595741
595805
596091
596121
596331
596687
597058
597155
597255
597418
597591
597647
597672
598155
598318
598356
599247
599397
599416
599966
600055
600262
600312
600394
600622
600745
600876
600939
601179
601321
601466
601521
601734
602011
602226
602342
602345
602363
602440
602725
602841
602968
603159
603393
603701
603819
604232
604310
604384
604456
604465
604578
604681
604954
605199
605437
605668
605672
605960
606029
606079
606108
606293
606324
606386
606410
606512
606529
606608
606609
606819
606885
607115
607361
607428
607457
607670
607719
607778
608060
608085
608097
608175
608209
608548
608592
608960
609034
609200
609324
609339
609345
609567
609593
609608
609613
609685
609759
609765
609920
610147
610336
610703
611036
611062
611082
611209
611290
611348
611384
611386
611588
611838
611922
612038
612060
612061
612194
612362
612451
612531
612584
612748
613180
613181
613340
613477
613594
613686
613960
613976
614401
614472
614510
614584
614767
614974
615073
615376
615747
615779
616182
616438
616496
616620
616778
616787
616788
616823
617244
617399
617412
617530
617767
617796
617956
617966
618048
618063
618098
618114
618640
618887
619179
619287
619551
619589
620963
620974
621137
621411
621542
621887
621987
622042
622167
622185
622306
622348
622349
622358
622395
622399
622574
622643
622749
623035
623039
623051
623056
623195
623358
623407
623416
623622
623651
623653
623810
623914
623929
624128
624396
624455
624466
624555
624604
624917
624977
625108
625258
625300
625413
625426
625427
625794
625896
625897
626005
626018
626030
626092
626127
626480
626732
626897
627078
627192
627307
627517
627602
627783
627908
627915
627960
627988
627997
628024
628044
628490
628529
628662
628692
628853
629256
629567
629626
629931
629947
629962
630055
630081
630261
630702
630937
631158
631620
631814
632094
632546
632629
632785
632899
632952
633007
633091
633360
633393
633581
633812
634161
634178
634348
634351
634410
634484
634616
634620
634709
634832
635037
635104
635134
635331
635531
635828
635838
636010
636119
636144
636235
636350
636437
636580
636612
636825
636898
637172
637359
637719
638006
638028
638620
639294
639547
639688
639693
639709
639862
640047
640150
640304
640355
640966
641039
641064
641177
641294
641304
641348
641387
641447
641803
643548
643673
643688
643866
644001
644058
644180
644322
644822
645101
645220
645308
645331
645365
645554
645712
645717
645978
646015
646613
646647
646906
647051
647640
647712
648015
648016
648196
648361
648466
648476
648530
648586
648684
648730
648791
648988
649243
650452
650630
651029
651103
651261
651335
651468
651493
651590
651713
652488
652539
652633
652713
652766
652771
653573
653586
654311
654436
654447
654763
654845
654866
655034
655241
655267
655280
655534
655613
655640
655650
655767
655823
655827
656414
656477
656517
656532
656577
656591
656983
657047
657195
657344
657418
657434
657559
657884
657950
657998
658235
658401
658423
658512
658777
658875
658916
658993
659061
659251
659683
660109
660439
660587
661349
661481
661571
661724
661991
662134
662325
662456
662964
662979
663315
663346
663768
663924
664144
664271
664447
664675
664815
664856
665019
665250
666410
666449
667264
667369
667397
667474
667602
668082
668271
668300
668414
668823
669081
669365
669366
669489
669496
669642
669790
670459
670544
670580
671018
671304
671684
672904
673047
673420
673755
673756
673794
677299
677813
677880
677935
678244
678639
680176
680252
680419
680427
680431
680633
680641
680664
681153
681678
681726
681954
682039
682104
683253
683362
683522
683676
684083
684294
684340
684501
684525
684567
684988
685191
685390
685514
685721
685859
686045
686253
686376
686472
686638
686887
687803
687995
688038
688039
688411
688513
688713
688763
688908
688965
689088
689123
689552
689888
689995
690137
690142
690199
690497
690597
691653
692060
692375
692717
693009
693913
694335
694689
695046
695065
695164
695230
695249
695357
696259
696875
696878
697470
697536
697600
697648
697780
697924
698034
698220
698235
698693
699913
700031
700167
700186
700199
700280
700703
700770
700784
700894
700907
700928
701348
701651
701740
702183
702509
702739
704170
704444
704633
704985
705199
705651
705796
705986
707057
707460
708566
708749
708922
709627
710118
710261
711302
711708
711918
712111
713077
714808
714888
715233
715283
715469
716357
716458
716575
717021
718402
718496
718643
718911
719619
719836
719845
720531
721417
721474
721625
722923
723170
723387
723410
723474
723486
723626
723657
723660
724044
725750
725797
725959
726046
726065
726516
726874
726917
727179
727397
727406
727421
728200
728472
728490
728545
729496
729556
729605
730036
730068
730098
730242
730597
730753
731633
731860
732011
732787
733072
733204
733796
734289
735299
735517
735519
735596
736402
736578
736610
736678
737550
737602
737642
737801
738047
738303
738364
739122
739707
739975
740225
740291
740426
740492
740501
741335
741502
741617
741890
742303
742747
742798
743010
743166
743388
743655
744371
744420
745431
749144
749374
749396
750142
750725
751410
752063
752111
752112
753370
754234
755117
757334
757396
758684
758867
760267
762641
764348
765159
765707
766151
766311
766332
766464
766680
767436
767608
767864
768536
768578
768795
768796
769070
769574
769656
769786
769791
769799
769801
769940
770122
770445
770780
771531
771720
771997
772096
772233
772346
772732
773058
773328
773655
773776
773997
774255
774571
775351
775562
777022
777048
777253
777579
777670
777686
778396
778874
779398
779865
779890
780337
781535
781821
783144
783442
784264
784353
785248
785253
785356
785970
786026
786193
786290
786960
787217
787790
787938
788045
788127
788227
788350
788381
788656
788716
789507
789693
790133
790143
790290
791207
792273
792692
792701
794812
796829
796867
797027
797528
799756
800390
800785
801202
801215
801250
801391
802412
802746
803848
804456
804744
805504
805692
806319
806415
806807
806969
807686
807830
808178
808994
809732
809998
810821
811648
812364
814057
814266
815177
815525
815869
816024
816495
816789
816812
816898
817357
818232
818462
819131
819400
820006
820519
820647
821069
821125
821268
821524
821926
822189
822760
823125
823329
823948
824103
824105
824129
824212
824437
824471
824870
825005
825031
825254
825655
825725
825818
826426
826656
827554
827576
827583
828676
828689
828811
828964
829944
830004
830505
831114
831502
831919
832620
832745
832914
833575
834338
836191
836533
836646
836987
837822
838578
838602
838665
839078
840252
841106
841158
842059
843159
843191
843535
843585
843637
844043
845096
845614
846402
847321
848335
848586
848951
849206
849745
850122
850244
850358
851009
852022
852025
852030
852316
852350
852729
853650
854186
854366
855030
855509
855928
856199
856618
856632
856910
857445
857700
857727
857790
858283
859079
859173
860051
860578
861178
861225
861841
861878
862994
864557
864564
865354
865818
866065
866191
867430
867446
868313
868382
869271
869846
869988
870676
870977
871430
871513
872153
872309
872674
873329
873339
873462
873749
876874
877102
877137
877390
877507
878009
878240
878438
878536
878666
878703
878804
878860
879141
879374
880084
880713
880853
880975
880977
881494
881524
881664
882539
882570
882635
883241
883378
883668
884239
884286
884287
885332
885592
885712
885966
886593
887400
888821
890228
890333
890897
891327
891985
892328
893107
893174
893374
893450
893515
893547
893556
894118
894477
894527
894661
895882
896379
896427
896606
897133
897212
897288
897393
899779
899965
901764
901910
902025
902449
903097
903620
903672
903770
904049
904366
904602
904662
904939
905054
905869
906169
906245
906698
906700
906704
906800
907325
907671
907875
907884
908319
908331
909956
910438
911017
911060
911114
911908
911939
913181
914221
914586
914879
915548
915779
915878
916263
917253
917338
917363
917634
918132
918145
919591
920065
921215
921247
921742
921906
923066
926741
928315
929217
929478
930688
933411
933525
933538
937551
938285
938594
939323
939867
939902
940460
940578
943161
943725
943850
944476
945180
945533
946098
947150
948058
948153
948519
948848
950419
950570
950920
950954
952541
952640
953257
953829
953917
954156
954397
954911
956929
957576
957821
959040
959199
960294
961427
962624
962876
963830
964554
964718
966731
966987
966996
968264
969519
969918
970051
971592
972497
972643
972857
973010
973248
974167
975198
975467
975620
975875
976853
978589
978726
978782
979313
981142
981580
981647
981757
983014
983050
983653
984136
984823
985324
987223
988216
988357
988538
989602
989729
994004
994570
994625
994759
997458
997619
998622
999050
1000545
1006316
1006564
1006785
1007450
1007875
1008058
1008706
1008737
1009221
1009264
1009399
1009422
1009495
1009536
1011214
1012346
1012845
1013935
1014347
1015931
1016334
1016794
1016888
1017449
1017800
1018888
1019628
1019990
1020464
1021222
1021388
1021910
1022670
1023096
1024488
1024920
1025216
1028377
1029006
1029282
1029808
1032022
1033215
1035205
1035414
1035800
1035813
1036829
1037168
1039288
1039688
1040399
1042006
1042154
1042529
1042883
1045112
1047077
1048531
1048656
1048781
1048872
1049322
1050453
1051529
1051906
1052117
1052253
1052619
1054897
1057051
1059553
1059636
1061358
1062156
1062184
1062515
1063111
1065000
1066488
1067111
1069820
1070832
1071696
1072583
1073486
1073640
1075381
1078307
1078690
1081076
1081864
1082475
1084959
1084990
1085657
1088436
1090712
1090926
1092586
1093342
1094050
1094839
1097566
1097759
1097859
1100417
1101212
1102173
1103872
1106787
1107581
1108460
1111223
1111821
1112102
1112429
1114736
1115747
1116365
1117185
1118306
1118489
1118946
1121230
1121257
1121341
1121677
1123585
1124846
1126867
1127280
1127383
1128011
1128565
1129492
1130690
1131475
1132319
107
135
264
289
484
701
783
851
957
969
1041
1062
1194
1233
1270
1283
1333
1343
1353
1400
1420
1466
1495
1653
1700
1734
1736
1926
1959
1975
2000
2011
2019
2033
2072
2075
2076
2085
2115
2133
2138
2154
2166
2176
2221
2268
2326
2341
2432
2480
2509
2652
2696
2737
2740
2759
2784
2917
2974
2980
3034
3055
3088
3117
3147
3149
3319
3388
3506
3587
3670
3687
3705
3731
3765
3790
3974
3993
4015
4026
4076
4103
4133
4209
4213
4282
4328
4338
4397
4457
4478
4525
4548
4551
4577
4578
4592
4597
4608
4637
4638
4651
4663
4675
4702
4738
4756
4759
4790
4802
4837
4845
4879
4881
4899
4909
4924
4929
4966
4972
5002
5019
5027
5033
5040
5104
5122
5130
5138
5211
5368
5469
5564
5572
5740
5775
5817
5820
5857
5863
5871
5975
6002
6020
6061
6065
6131
6142
6183
6188
6245
6248
6280
6287
6320
6342
6382
6398
6401
6457
6492
6528
6739
6840
6862
6882
6901
6923
6938
6993
7028
7044
7089
7100
7115
7200
7213
7366
7367
7451
7457
7503
7525
7573
7585
7599
7680
7727
7733
7736
7947
8099
8125
8153
8172
8235
8277
8278
8296
8319
8332
8384
8396
8562
8588
8616
8717
8753
8792
8816
8906
8947
8966
8990
8998
9036
9047
9050
9073
9078
9081
9083
9249
9270
9303
9351
9371
9375
9390
9468
9492
9507
9521
9532
9535
9592
9595
9633
9660
9666
9706
9724
9736
9757
9782
9913
9914
10008
10026
10042
10087
10124
10130
10140
10177
10294
10309
10397
10543
10550
10551
10606
10645
10651
10669
10674
10685
10687
10735
10747
10799
10828
10848
10912
10946
10958
11023
11035
11047
11100
11110
11122
11134
11182
11183
11189
11252
11268
11297
11303
11331
11350
11375
11418
11429
11449
11461
11492
11512
11535
11600
11601
11624
11769
11773
11798
11823
11863
11905
11930
11934
12000
12009
12026
12075
12157
12183
12192
12195
12224
12229
12234
12278
12282
12303
12311
12324
12329
12386
12404
12412
12437
12503
12558
12567
12571
12584
12620
12630
12686
12700
12705
12757
12794
12829
12849
12883
12924
12928
12932
12981
12991
12992
12996
13054
13091
13113
13115
13142
13201
13271
13285
13288
13313
13322
13367
13368
13373
13387
13402
13408
13422
13439
13449
13450
13454
13481
13491
13516
13536
13539
13575
13609
13630
13654
13666
13693
13694
13752
13756
13761
13784
13829
13860
13863
13887
13896
13909
13958
13965
13982
13990
14023
14086
14102
14118
14124
14133
14146
14177
14179
14232
14268
14269
14354
14360
14426
14501
14508
14521
14575
14603
14610
15094
15220
15745
16059
16398
16684
16799
16813
16866
16869
17005
17012
17023
17025
17059
17066
17074
17086
17154
17225
17229
17275
17276
17387
17523
17620
17685
17776
17782
17838
17842
17885
17900
17919
17943
17954
17955
17986
17990
17996
18021
18038
18045
18058
18066
18099
18119
18198
18212
18325
18333
18335
18462
18467
18523
18532
18547
18568
18582
18648
18653
18671
18677
18699
18702
18724
18784
18792
18794
18799
18816
18820
18835
18852
18855
18863
18881
18884
18889
18914
18925
18985
18999
19039
19044
19119
19212
19235
19255
19275
19288
19290
19332
19446
19598
19602
19616
19752
19763
19804
19808
19843
19854
19875
19970
20046
20061
20073
20139
20179
20184
20251
20287
20310
20323
20329
20364
20375
20385
20432
20493
20568
20576
20615
20811
20901
20974
20986
20999
21024
21028
21073
21085
21172
21225
21264
21265
21321
21322
21378
21411
21437
21441
21477
21514
21552
21610
21622
21650
21708
21709
21738
21757
21787
21812
21839
21887
21896
21911
21916
21946
21993
22036
22046
22053
22063
22067
22080
22082
22099
22127
22147
22171
22183
22191
22198
22201
22274
22283
22289
22326
22353
22388
22423
22495
22515
22516
22536
22581
22613
22640
22641
22686
22725
22752
22772
22780
22809
22834
22839
22860
22879
22890
22895
22899
22911
22925
22949
22996
23074
23090
23114
23117
23123
23141
23164
23169
23204
23225
23229
23230
23259
23301
23319
23330
23366
23416
23417
23443
23501
23567
23570
23574
23591
23612
23617
23618
23633
23652
23680
23693
23745
23759
23793
23808
23814
23834
23835
23838
23854
23873
23884
23904
23925
23939
23963
23970
23975
24020
24028
24071
24123
24138
24163
24196
24200
24209
24221
24257
24267
24268
24269
24270
24283
24309
24311
24313
24374
24407
24415
24430
24436
24465
24467
24484
24494
24502
24503
24504
24508
24529
24543
24557
24574
24582
24583
24614
24625
24648
24669
24680
24686
24700
24709
24724
24738
24782
24804
24818
24835
24866
24869
24891
24902
24909
24971
24999
25002
25008
25055
25086
25089
25092
25105
25111
25112
25122
25137
25158
25173
25278
25303
25325
25449
25451
25502
25619
25622
25666
25667
25670
25722
25734
25739
25755
25835
25857
25863
25876
25887
25901
25902
25936
25966
25969
25995
26038
26051
26058
26065
26067
26102
26137
26139
26233
26255
26283
26286
26296
26307
26345
26352
26415
26432
26449
26456
26468
26576
26577
26612
26614
26647
26650
26651
26666
26672
26680
26699
26726
26791
26817
26931
26950
26959
27078
27088
27102
27108
27137
27144
27152
27158
27170
27181
27369
27505
27533
27579
27588
27596
27630
27996
28069
28082
28087
28261
28273
28426
28427
28430
28432
28478
28486
28513
28530
28531
28560
28586
28589
28616
28628
28680
28731
28740
28755
28797
28810
28820
28836
28845
28863
28867
28874
28881
28910
28926
28948
28974
28989
29009
29027
29030
29035
29045
29050
29056
29064
29132
29139
29150
29154
29166
29194
29224
29238
29242
29254
29267
29278
29286
29298
29313
29322
29327
29332
29380
29385
29390
29404
29417
29435
29438
29443
29455
29503
29521
29530
29537
29550
29566
29575
29648
29649
29654
29677
29729
29757
29795
29807
29809
29814
29864
29923
29926
29947
29967
29970
30005
30006
30018
30059
30083
30086
30130
30176
30204
30214
30268
30286
30311
30321
30331
30343
30344
30356
30361
30397
30403
30409
30427
30452
30486
30580
30617
30627
30639
30670
30771
30785
30815
30820
30828
30829
30846
30910
30990
31056
31058
31065
31104
31152
31153
31172
31192
31201
31257
31302
31314
31323
31341
31439
31451
31457
31468
31474
31481
31482
31488
31517
31565
31588
31638
31640
31658
31664
31714
31740
31764
31835
31863
31867
31875
31880
31896
31901
31908
31932
31979
31985
31999
32003
32044
32080
32099
32114
32120
32196
32288
32299
32314
32335
32389
32407
32430
32478
32491
32510
32517
32560
32578
32588
32615
32646
32682
32698
32707
32916
32934
32943
32963
33022
33025
33030
33037
33050
33056
33076
33104
33130
33132
33216
33249
33401
33420
33423
33441
33464
33498
33507
33534
33535
33543
33546
33550
33581
33584
33606
33609
33615
33665
33674
33716
33750
33766
33771
33798
33800
33847
33896
33904
33908
33918
33928
33948
33952
33954
33985
33995
33997
33999
34036
34144
34152
34207
34245
34268
34334
34384
34429
34456
34467
34528
34575
34588
34628
34655
34664
34667
34724
34765
34813
34909
34983
35023
35094
35113
35134
35136
35202
35209
35256
35321
35340
35362
35382
35392
35436
35444
35447
35464
35477
35494
35525
35529
35530
35600
35681
35801
35915
35982
36088
36137
36155
36205
36280
36319
36474
36550
36551
36577
36588
36600
36613
36656
36690
36750
36754
36756
36762
36783
36796
36820
36840
36842
36866
36874
36877
36881
36929
36935
36969
36994
37005
37022
37023
37040
37066
37084
37101
37123
37162
37165
37184
37188
37224
37267
37274
37352
37404
37409
37413
37414
37489
37502
37512
37513
37548
37555
37566
37569
37572
37579
37609
37631
37641
37697
37716
37729
37771
37820
37833
37854
37859
37863
37896
37907
37914
37948
37987
38014
38044
38060
38063
38070
38096
38097
38111
38162
38185
38208
38240
38249
38283
38293
38385
38401
38520
38528
38539
38559
38567
38596
38631
38646
38664
38677
38699
38737
38746
38782
38783
38792
38869
39070
39115
39117
39119
39125
39131
39199
39209
39230
39241
39304
39452
39499
39505
39509
39546
39569
39579
39595
39598
39622
39634
39707
39739
39741
39750
39764
39787
39862
39875
39950
39962
39970
39996
40094
40107
40113
40165
40170
40182
40185
40207
40250
40268
40327
40396
40402
40420
40462
40498
40536
40541
40563
40606
40622
40736
40873
40949
41070
41073
41093
41110
41212
41273
41335
41354
41355
41434
41492
41498
41517
41530
41542
41545
41549
41562
41574
41611
41614
41635
41639
41647
41692
41699
41729
41739
41740
41748
41800
41803
41810
41852
41929
41950
41973
41985
42032
42074
42187
42255
42279
42288
42337
42382
42417
42455
42479
42487
42611
42719
42731
42744
42786
42931
42970
42977
43013
43059
43060
43084
43155
43262
43309
43350
43402
43426
43455
43469
43472
43478
43496
43533
43590
43631
43632
43635
43681
43704
43722
43850
43873
43890
43917
43926
43934
43958
43964
43972
43981
43987
43993
43996
44015
44042
44050
44056
44079
44136
44158
44168
44194
44221
44238
44240
44264
44342
44419
44431
44458
44481
44519
44533
44537
44542
44543
44565
44589
44619
44670
44707
44721
44753
44772
44776
44820
44830
44833
44836
44847
44852
44885
44898
44925
44941
44953
44976
45013
45015
45075
45117
45133
45140
45142
45149
45156
45177
45219
45329
45377
45408
45432
45512
45559
45621
45640
45647
45657
45661
45772
45865
45926
45943
45984
46017
46023
46046
46066
46101
46125
46128
46192
46204
46269
46299
46312
46490
46542
46648
46690
46827
46855
46857
46889
46923
46930
46979
46997
47039
47052
47065
47076
47083
47085
47107
47157
47201
47238
47294
47341
47363
47370
47383
47388
47437
47443
47468
47489
47491
47499
47503
47532
47562
47595
47684
47837
48048
48148
48217
48240
48335
48590
48591
48597
48603
48613
48621
48634
48768
48892
48913
48920
48926
48942
48955
48978
48988
49042
49044
49053
49090
49104
49110
49118
49127
49134
49137
49157
49186
49280
49323
49327
49330
49541
49547
49566
49594
49647
49660
49720
49795
49800
49842
49851
49882
49942
49984
50007
50008
50057
50113
50162
50168
50186
50284
50320
50323
50324
50341
50359
50365
50515
50537
50557
50580
50652
50719
50720
50731
50762
50779
50798
50807
50840
50925
50933
50951
50971
50994
51016
51029
51041
51157
51179
51220
51254
51270
51328
51369
51421
51441
51559
51565
51673
51791
51802
51861
51867
51884
51902
51937
51942
51957
51968
51999
52035
52156
52188
52222
52225
52236
52321
52324
52376
52378
52393
52404
52445
52448
52505
52511
52547
52596
52612
52690
52773
52792
52868
52919
53022
53035
53062
53070
53079
53107
53131
53160
53287
53340
53369
53420
53429
53577
53625
53626
53647
53689
53784
53790
53813
53814
53861
53880
53915
53934
53942
53999
54067
54455
54610
54664
54679
54695
54733
54755
54825
54885
54966
54981
54997
55000
55006
55039
55062
55086
55170
55207
55267
55273
55294
55428
55430
55447
55472
55508
55583
55639
55658
55680
55808
55813
55853
55872
55969
55977
56013
56039
56121
56139
56145
56182
56197
56235
56283
56290
56296
56297
56316
56326
56333
56343
56348
56351
56366
56384
56387
56388
56403
56413
56415
56416
56422
56439
56442
56470
56502
56515
56520
56535
56536
56551
56557
56599
56641
56648
56687
56692
56718
56731
56743
56748
56752
56757
56767
56769
56771
56776
56814
56846
56851
56857
56886
56903
56917
56984
56994
57004
57046
57103
57192
57197
57199
57242
57277
57330
57362
57369
57471
57510
57515
57519
57559
57577
57601
57614
57623
57632
57640
57656
57704
57764
57784
57806
57812
57923
57952
57992
58011
58042
58268
58278
58305
58307
58321
58349
58374
58405
58412
58414
58415
58418
58465
58468
58536
58550
58559
58568
58590
58626
58628
58677
58751
58762
58882
58930
58961
58973
59063
59132
59140
59206
59221
59295
59401
59410
59425
59429
59470
59471
59594
59606
59613
59631
59658
59758
59772
59795
59830
59870
60040
60055
60184
60234
60314
60341
60376
60427
60472
60476
60478
60483
60487
60538
60553
60557
60571
60608
60671
60678
60679
60687
60691
60768
60914
60959
61109
61130
61139
61145
61163
61186
61238
61287
61291
61353
61366
61389
61426
61503
61552
61584
61589
61636
61652
61662
61667
61671
61674
61683
61684
61696
61698
61723
61734
61747
61771
61811
61819
61843
61847
61884
61885
61887
61889
61997
62001
62077
62097
62111
62129
62241
62268
62274
62368
62374
62417
62484
62523
62526
62671
62762
62897
62913
62915
62959
62962
62982
63056
63097
63140
63168
63180
63181
63198
63199
63206
63331
63335
63455
63523
63606
63663
63727
63787
63846
63858
63884
63929
63969
63973
63993
64004
64057
64069
64081
64254
64261
64279
64315
64321
64348
64357
64381
64410
64652
64669
64686
64751
64754
64757
64761
64771
64793
64796
64802
64853
64877
64878
64886
64894
64900
64930
64940
65031
65104
65118
65155
65202
65271
65346
65433
65451
65487
65491
65506
65529
65738
65784
65808
65847
65849
65876
66122
66230
66311
66358
66363
66376
66479
66487
66549
66562
66584
66605
66608
66615
66658
66691
66693
66752
66764
66777
66778
66793
66794
66827
66835
66839
66845
66860
66874
66877
66892
66893
66945
66966
66987
66988
67006
67043
67066
67083
67097
67143
67154
67178
67189
67203
67257
67276
67291
67314
67329
67394
67454
67462
67467
67477
67528
67539
67540
67575
67581
67619
67754
67759
67765
67870
67927
67989
68003
68301
68496
68504
68514
68515
68523
68544
68647
68728
68741
68748
68788
68808
68828
68874
68947
68948
68952
68955
68973
68974
69037
69139
69162
69214
69261
69264
69268
69273
69279
69287
69303
69328
69329
69354
69378
69458
69460
69517
69529
69588
69604
69639
69645
69658
69740
69766
69771
69836
69910
69922
70018
70021
70047
70071
70114
70121
70138
70162
70173
70183
70193
70245
70296
70320
70334
70366
70368
70387
70390
70407
70471
70509
70517
70611
70638
70673
70681
70695
70784
70857
70860
71008
71099
71168
71174
71295
71324
71353
71388
71404
71476
71546
71548
71853
71872
71900
71919
71923
71950
71957
71974
72058
72079
72085
72091
72118
72214
72285
72290
72316
72377
72408
72443
72445
72453
72461
72633
72651
72655
72670
72801
72898
73205
73226
73237
73260
73363
73427
73509
73589
73712
73768
73851
73873
73897
73930
73931
73943
73972
74037
74052
74103
74112
74122
74207
74222
74309
74310
74376
74381
74539
74543
74581
74681
74744
74752
74759
74784
74786
74796
74817
74825
74888
74890
74912
74946
74973
74977
75024
75076
75095
75113
75145
75152
75165
75175
75181
75185
75208
75258
75298
75323
75336
75352
75382
75390
75407
75482
75483
75493
75494
75522
75562
75607
75617
75622
75648
75663
75711
75768
75792
75838
75840
75867
75898
75903
75914
75918
75963
75964
76024
76054
76078
76092
76110
76149
76222
76237
76266
76499
76512
76514
76529
76532
76585
76602
76674
76696
76722
76746
76858
76873
76896
76908
76971
76973
76982
77005
77061
77103
77118
77133
77151
77198
77199
77223
77235
77253
77256
77280
77317
77328
77332
77339
77360
77413
77415
77448
77531
77567
77586
77598
77601
77630
77644
77665
77871
78014
78048
78053
78076
78085
78086
78157
78179
78198
78219
78250
78265
78289
78305
78308
78334
78336
78364
78406
78430
78435
78557
78566
78650
78669
78693
78704
78715
78721
78791
78809
78930
78944
78957
78968
78969
79022
79053
79060
79070
79096
79141
79160
79165
79173
79261
79282
79283
79291
79295
79311
79360
79374
79422
79438
79442
79455
79501
79503
79527
79637
79692
79723
79732
79901
80025
80130
80137
80264
80342
80355
80366
80393
80409
80485
80504
80507
80518
80571
80607
80664
80674
80728
80750
80759
80885
80922
80928
80931
80957
81070
81152
81255
81341
81354
81450
81452
81469
81540
81595
81685
81688
81691
81715
81786
81833
81882
81920
81923
81987
82007
82049
82070
82098
82129
82184
82215
82230
82243
82275
82288
82348
82353
82361
82374
82430
82479
82482
82507
82527
82536
82572
82607
82625
82655
82671
82688
82701
82712
82714
82797
82811
82842
82862
82871
82925
82960
82964
83047
83056
83073
83079
83081
83131
83159
83160
83169
83220
83247
83269
83346
83534
83568
83575
83600
83611
83624
83648
83678
83686
83693
83745
83769
83787
83815
83833
83837
83842
83852
83889
83925
83947
83948
83950
83953
83960
83965
83977
84028
84183
84193
84196
84204
84221
84233
84239
84247
84296
84311
84317
84328
84368
84375
84378
84386
84400
84402
84420
84423
84424
84456
84520
84603
84627
84628
84632
84646
84745
84800
84816
84837
84852
84887
84900
84935
84956
84969
85045
85060
85108
85260
85264
85276
85279
85296
85332
85354
85360
85410
85434
85437
85452
85529
85530
85548
85563
85569
85590
85600
85636
85637
85652
85682
85755
85800
85801
85817
85843
85863
85865
85886
85895
85913
85972
85997
86115
86133
86194
86281
86283
86308
86309
86321
86349
86369
86436
86450
86464
86476
86485
86494
86495
86499
86531
86571
86581
86612
86615
86636
86714
86720
86724
86737
86768
86771
86819
86829
86871
86896
86897
86921
86929
86939
86947
86999
87071
87072
87097
87176
87211
87212
87239
87272
87285
87296
87300
87330
87343
87384
87433
87496
87507
87520
87606
87607
87614
87654
87675
87689
87764
87804
87821
87822
87832
87880
88092
88115
88122
88153
88195
88216
88270
88276
88302
88306
88336
88351
88385
88398
88440
88455
88456
88475
88506
88530
88570
88586
88797
88803
88835
88840
88896
88917
88994
89012
89023
89056
89071
89104
89115
89123
89152
89171
89180
89181
89295
89322
89418
89450
89452
89461
89470
89475
89478
89494
89512
89569
89645
89710
89732
89749
89758
89805
89809
89813
89818
89837
90181
90208
90415
90423
90442
90456
90550
90560
90570
90622
90889
90920
90923
90938
90972
90981
90983
91029
91116
91153
91191
91192
91211
91264
91278
91308
91340
91341
91358
91401
91418
91502
91551
91555
91585
91607
91644
91648
91654
91659
91661
91666
91682
91711
91720
91748
91757
91785
91791
91807
91813
91830
91839
91874
91907
91926
91948
91971
91977
91987
91991
91994
92016
92059
92077
92086
92168
92171
92211
92239
92266
92273
92356
92371
92382
92389
92433
92450
92481
92487
92499
92505
92553
92570
92571
92620
92652
92718
92735
92738
92784
92807
92839
92852
92854
92860
92875
92924
92942
92999
93009
93011
93017
93092
93139
93143
93162
93213
93250
93269
93308
93317
93324
93327
93362
93381
93390
93396
93399
93400
93421
93449
93451
93466
93484
93487
93489
93491
93503
93509
93527
93541
93550
93571
93605
93612
93619
93634
93663
93664
93672
93675
93690
93692
93731
93752
93798
93801
93821
93825
93832
93864
93868
93955
94004
94020
94029
94046
94081
94108
94111
94196
94207
94228
94233
94258
94271
94276
94306
94310
94316
94357
94375
94377
94440
94509
94526
94600
94631
94647
94669
94673
94675
94699
94709
94716
94718
94736
94775
94847
94851
94899
94976
94984
94988
94989
94999
95010
95026
95029
95082
95103
95106
95121
95151
95200
95222
95226
95232
95278
95305
95377
95382
95418
95477
95502
95513
95556
95560
95587
95625
95637
95649
95654
95689
95706
95712
95716
95735
95736
95750
95751
95761
95821
95858
95862
95867
95948
95969
96013
96019
96057
96081
96095
96133
96138
96149
96184
96191
96214
96242
96251
96393
96416
96422
96459
96470
96487
96508
96522
96532
96537
96581
96583
96598
96613
96615
96634
96644
96667
96678
96696
96704
96706
96714
96760
96793
96882
96886
96897
96941
97021
97052
97079
97108
97109
97124
97125
97126
97150
97182
97218
97230
97237
97301
97420
97429
97436
97502
97523
97595
97619
97637
97803
97840
97842
97850
97881
97923
97940
97950
97966
97968
97984
98008
98034
98056
98084
98086
98115
98127
98130
98142
98149
98153
98186
98189
98202
98208
98213
98234
98251
98265
98267
98282
98333
98343
98376
98389
98394
98468
98530
98537
98595
98622
98631
98660
98664
98724
98816
98818
98828
98830
98851
98871
98873
98903
98918
98928
98956
98970
98977
99052
99074
99166
99202
99247
99262
99369
99396
99410
99436
99471
99481
99491
99509
99517
99529
99536
99572
99578
99595
99602
99611
99636
99648
99663
99690
99691
99694
99699
99717
99721
99808
99814
99828
99853
99868
99887
99944
100017
100019
100033
100059
100073
100096
100097
100113
100126
100129
100131
100148
100172
100209
100250
100293
100295
100321
100333
100340
100394
100462
100463
100480
100491
100534
100563
100570
100572
100657
100661
100665
100669
100734
100756
100780
100782
100792
100800
100830
100841
100883
100887
100962
100999
101031
101033
101036
101050
101092
101114
101119
101155
101191
101236
101242
101272
101293
101334
101343
101367
101409
101469
101473
101500
101515
101528
101536
101550
101554
101560
101565
101586
101596
101608
101616
101639
101649
101657
101660
101673
101690
101728
101747
101756
101771
101774
101775
101782
101796
101811
101815
101854
101939
101940
101970
101992
101999
102058
102060
102066
102084
102119
102138
102181
102193
102214
102233
102253
102264
102306
102341
102350
102360
102363
102368
102399
102435
102439
102453
102457
102477
102493
102505
102507
102547
102640
102672
102682
102694
102696
102699
102719
102745
102749
102772
102774
102797
102801
102810
102826
102929
102930
102938
102941
102942
102956
102981
103046
103053
103054
103095
103151
103169
103185
103189
103211
103219
103224
103261
103338
103355
103374
103403
103420
103433
103436
103456
103466
103490
103562
103593
103610
103616
103621
103631
103645
103672
103690
103730
103739
103799
103818
103844
103867
103877
103881
103922
103934
103942
103994
104028
104055
104062
104078
104083
104087
104089
104100
104140
104149
104172
104210
104226
104261
104264
104289
104290
104296
104304
104316
104329
104375
104376
104389
104430
104445
104446
104449
104450
104477
104507
104527
104531
104556
104573
104623
104685
104686
104687
104726
104742
104744
104752
104757
104765
104805
104811
104834
104839
104869
104914
104952
105010
105032
105073
105092
105098
105103
105109
105127
105189
105233
105246
105247
105250
105264
105268
105337
105397
105409
105414
105470
105655
105657
105659
105671
105691
105693
105694
105717
105719
105721
105728
105741
105742
105777
105785
105786
105790
105791
105826
105831
105835
105860
105902
105909
105938
105939
105958
105962
105980
105982
106040
106045
106053
106064
106108
106118
106144
106166
106269
106290
106300
106304
106305
106313
106374
106381
106398
106425
106455
106511
106524
106537
106540
106621
106717
106836
107225
107947
108072
108186
108541
108551
108575
108613
108681
108690
108695
108808
108810
108812
108974
108987
109001
109032
109056
109099
109129
109171
109179
109194
109208
109218
109225
109226
109257
109304
109347
109390
109529
109600
109623
109624
109650
109664
109678
109690
109700
109753
109795
109872
109908
109958
110067
110213
110218
110222
110234
110295
110309
110332
110356
110397
110422
110466
110475
110476
110541
110584
110638
110687
110690
110693
110729
110744
110753
110766
110800
110850
110965
111148
111179
111253
111368
111378
111507
111535
111565
111664
111765
111914
111988
112004
112021
112102
112192
112200
112235
112330
112448
112543
112574
112590
112608
112620
112655
112657
112668
112692
112754
112756
112796
112874
112915
112919
112924
112933
112981
113015
113033
113097
113140
113247
113285
113305
113334
113393
113423
113425
113441
113464
113479
113545
113571
113580
113626
113677
113808
113924
113972
113982
113999
114006
114021
114103
114115
114125
114129
114164
114209
114210
114213
114229
114245
114313
114338
114362
114542
114555
114578
114668
114695
114793
114832
114865
114924
115018
115074
115091
115227
115249
115282
115314
115326
115344
115386
115388
115429
115453
115467
115468
115469
115471
115483
115523
115534
115613
115652
115707
115746
115774
115779
115787
115833
115884
115921
115930
115969
115988
116010
116086
116119
116132
116153
116247
116385
116387
116509
116511
116512
116516
116682
116683
116769
116845
116869
116873
116887
116947
116983
116985
116998
117022
117097
117357
117407
117454
117455
117481
117487
117535
117638
117658
117726
117744
117745
117747
117759
117777
117786
117787
117804
117807
117843
117926
117997
118000
118003
118005
118076
118081
118113
118141
118177
118192
118233
118238
118281
118298
118446
118504
118607
118706
118744
118773
118790
118804
118839
118886
118909
118947
119006
119012
119026
119181
119183
119193
119254
119325
119409
119453
119522
119565
119597
119601
119667
119791
119792
119807
119820
119837
119845
119875
119876
119879
119895
120026
120135
120140
120145
120148
120192
120196
120281
120312
120335
120355
120404
120409
120468
120520
120559
120606
120612
120628
120641
120671
120677
120701
120717
120740
120745
120764
120794
120806
120809
120813
120817
120836
120845
120850
120874
120880
120890
120891
120896
120918
121148
121184
121219
121248
121274
121376
121387
121441
121512
121524
121536
121641
121671
121680
121692
121704
121716
121728
121784
121796
121838
121842
121853
121897
121907
121979
122064
122065
122184
122231
122259
122267
122280
122318
122450
122480
122536
122539
122556
122573
122608
122610
122661
122675
122826
122893
122936
122955
123020
123027
123072
123123
123180
123200
123242
123251
123256
123288
123615
123671
123780
123793
123811
123829
123839
123846
123888
123913
123934
123957
123973
123986
124046
124109
124150
124180
124207
124212
124362
124423
124450
124469
124478
124488
124755
124775
124817
124823
124918
124986
125019
125033
125044
125062
125086
125093
125115
125139
125149
125174
125179
125209
125211
125214
125466
125467
125557
125738
125770
125842
125892
125912
126016
126058
126078
126079
126091
126109
126125
126127
126135
126154
126202
126302
126308
126312
126371
126404
126408
126423
126460
126467
126501
126576
126579
126638
126785
126793
126819
126852
126910
126929
126964
126985
127005
127040
127167
127245
127354
127370
127376
127445
127453
127526
127540
127556
127577
127652
127672
127688
127692
127711
127712
127737
127747
127759
127762
127874
127993
127996
128108
128121
128132
128139
128165
128175
128207
128209
128225
128236
128261
128300
128324
128342
128344
128359
128368
128423
128565
128601
128631
128672
128673
128686
128753
128773
128782
128799
128810
128828
128845
128869
128881
128885
128913
128958
128970
128979
128985
128986
129009
129012
129036
129082
129150
129157
129162
129213
129248
129250
129377
129456
129459
129522
129551
129552
129595
129599
129678
129708
129759
129810
129830
129836
129894
129900
130032
130059
130071
130124
130131
130132
130149
130165
130211
130262
130280
130281
130290
130291
130333
130341
130383
130404
130416
130421
130538
130541
130570
130908
130964
131041
131099
131169
131177
131185
131211
131303
131312
131382
131385
131388
131420
131427
131441
131443
131537
131567
131579
131696
131775
131790
131807
131885
131926
131985
132137
132141
132146
132154
132167
132219
132243
132376
132411
132421
132458
132490
132595
132693
132720
132739
132749
132768
132826
132883
132885
132887
132890
132899
132947
132963
133013
133017
133074
133089
133211
133228
133270
133278
133295
133341
133342
133347
133348
133384
133387
133388
133390
133414
133429
133503
133645
133693
133703
133714
133872
133978
134014
134016
134122
134170
134197
134273
134293
134519
134559
134664
134794
134842
134845
134905
134918
134926
134928
134935
134952
134961
134966
134972
135002
135040
135067
135071
135154
135235
135243
135250
135339
135356
135365
135377
135422
135514
135524
135527
135579
135677
135696
135697
135780
135926
135932
135945
135950
135957
136033
136111
136230
136361
136399
136460
136465
136479
136493
136494
136545
136553
136557
136573
136678
136731
136746
136758
136761
136839
136886
136895
136907
136923
136956
136978
136983
137000
137065
137079
137099
137114
137185
137203
137320
137346
137351
137504
137519
137545
137546
137573
137581
137585
137595
137643
137655
137665
137668
137685
137707
137830
137835
137836
137846
137895
137987
137998
138013
138018
138021
138121
138150
138334
138451
138455
138547
138608
138615
138617
138618
138626
138787
138792
138886
138893
138895
139013
139049
139061
139083
139103
139116
139118
139133
139146
139205
139257
139277
139303
139335
139336
139346
139438
139445
139474
139476
139492
139541
139559
139607
139618
139619
139627
139628
139636
139658
139673
139778
139796
139812
139816
139834
139848
139868
139890
139923
139928
139964
139966
139985
140028
140177
140299
140321
140447
140470
140482
140527
140531
140534
140538
140556
140577
140578
140581
140600
140603
140604
140652
140665
140667
140851
140858
140871
140913
140939
140952
140966
140976
140977
141135
141153
141171
141179
141191
141194
141236
141289
141371
141473
141547
141584
141599
141604
141609
141629
141631
141646
141651
141662
141717
141739
141752
141769
141771
141780
141786
141811
141939
141960
141989
142015
142039
142099
142146
142158
142170
142270
142335
142411
142429
142474
142503
142549
142594
142611
142628
142632
142671
142696
142763
142791
142823
142824
142848
142880
142914
142920
143200
143201
143203
143234
143240
143274
143394
143441
143463
143513
143538
143548
143576
143594
143671
143687
143688
143719
143801
143903
143919
143923
143935
143937
143958
143978
144097
144106
144107
144220
144320
144328
144373
144386
144396
144413
144419
144427
144477
144487
144505
144512
144610
144627
144650
144664
144665
144669
144722
144725
144726
144729
144786
144791
144792
144869
144913
144985
145011
145038
145060
145137
145234
145265
145320
145335
145343
145354
145371
145388
145391
145404
145474
145488
145536
145548
145563
145598
145610
145641
145654
145680
145703
145769
145848
145955
145958
145964
146077
146082
146201
146204
146232
146243
146259
146272
146289
146310
146350
146373
146381
146390
146418
146427
146485
146507
146526
146537
146540
146552
146555
146573
146612
146666
146729
146747
146750
146755
146837
146847
146883
146902
146936
146937
146955
147021
147059
147090
147118
147178
147194
147224
147307
147330
147341
147393
147394
147410
147462
147478
147482
147493
147594
147610
147613
147627
147639
147690
147693
147709
147712
147726
147777
147847
148001
148003
148107
148110
148116
148140
148225
148226
148243
148271
148307
148333
148422
148511
148538
148567
148588
148644
148654
148675
148684
148688
148695
148696
148762
148783
148830
148854
148863
148906
148921
148928
148929
149009
149065
149145
149146
149162
149165
149192
149206
149217
149264
149266
149273
149278
149295
149306
149367
149385
149392
149438
149514
149519
149533
149591
149616
149644
149690
149712
149723
149749
149757
149761
149763
149769
149789
149882
149954
150014
150058
150071
150108
150143
150160
150174
150180
150221
150258
150261
150322
150369
150381
150386
150412
150429
150451
150452
150539
150541
150580
150613
150616
150680
150700
150746
150835
150902
150903
150966
150976
150988
151069
151086
151138
151145
151207
151227
151253
151357
151359
151389
151541
151564
151572
151589
151601
151607
151611
151618
151645
151661
151685
151689
151746
151757
151758
151868
151880
151901
151923
151955
151956
151980
152148
152214
152253
152276
152278
152313
152355
152392
152422
152434
152453
152473
152529
152532
152542
152593
152644
152695
152697
152707
152715
152724
152726
152738
152756
152760
152777
152788
152795
152822
153079
153087
153119
153208
153258
153287
153375
153429
153433
153447
153501
153557
153563
153568
153571
153667
153676
153729
153899
153901
153909
153920
153947
153987
154000
154005
154050
154051
154056
154058
154085
154104
154120
154125
154153
154169
154201
154251
154291
154301
154368
154428
154470
154503
154505
154526
154538
154548
154554
154576
154621
154826
154852
155056
155081
155120
155153
155211
155217
155218
155226
155230
155243
155276
155292
155342
155489
155502
155523
155550
155585
155618
155689
155697
155798
155849
155859
155864
155873
155885
155887
155911
155923
155966
156064
156097
156192
156197
156249
156303
156353
156385
156429
156431
156562
156566
156568
156604
156638
156648
156799
156826
156861
156880
156897
156934
156943
156950
156979
156983
156993
157002
157062
157112
157118
157120
157139
157158
157173
157232
157238
157245
157246
157256
157263
157267
157332
157350
157375
157401
157435
157448
157454
157506
157535
157538
157605
157611
157615
157621
157639
157698
157737
157899
157914
157927
157970
157989
158028
158088
158151
158154
158162
158169
158226
158228
158231
158237
158251
158261
158281
158306
158348
158353
158381
158397
158428
158433
158459
158502
158510
158578
158579
158603
158669
158814
158933
158947
158965
159007
159017
159027
159030
159095
159106
159174
159221
159225
159264
159295
159317
159404
159408
159427
159439
159458
159471
159477
159481
159520
159530
159586
159608
159659
159731
159765
159773
159792
159814
159834
159876
159934
159937
159947
160024
160062
160080
160149
160155
160201
160221
160242
160291
160340
160341
160344
160365
160372
160380
160403
160508
160592
160727
160733
160769
160777
160797
160812
160814
160815
160830
160909
160968
160982
160999
161006
161018
161027
161029
161091
161153
161331
161346
161368
161385
161435
161458
161463
161473
161476
161578
161591
161686
161734
161816
161846
161882
161908
161910
161952
161962
162030
162093
162121
162124
162132
162153
162205
162227
162261
162314
162316
162355
162370
162383
162464
162577
162580
162596
162608
162639
162657
162671
162680
162730
162792
162805
162807
162831
162914
162931
163042
163104
163116
163119
163165
163166
163171
163175
163191
163232
163273
163351
163376
163388
163415
163419
163429
163433
163468
163528
163529
163543
163545
163553
163582
163603
163632
163640
163651
163687
163701
163706
163724
163725
163729
163785
163792
163802
163815
163818
163824
163830
163847
163849
163850
163853
163860
163891
163895
163933
163938
163946
163955
163970
163976
163998
164022
164025
164039
164045
164083
164089
164093
164112
164137
164155
164259
164263
164271
164303
164304
164321
164330
164342
164344
164346
164391
164401
164436
164470
164489
164492
164525
164550
164560
164618
164632
164642
164646
164648
164663
164667
164673
164679
164716
164750
164790
164808
164837
164851
164903
164919
164926
164929
164952
164972
164982
165085
165115
165179
165256
165422
165609
165923
166025
166403
166404
167119
167304
167598
167692
167802
168137
168154
168166
168251
168255
168273
168332
168351
168536
168668
170067
170124
170200
170238
170302
170316
170317
170326
170411
170433
170438
170454
170486
170564
170936
171028
171044
171048
171117
171213
171227
171270
171340
171341
171379
171406
171437
171456
171471
171473
171479
171494
171497
171505
171542
171551
171560
171562
171566
171567
171603
172237
172360
172404
172476
172501
172543
172601
172617
172626
172680
172865
172886
172889
172902
172923
172928
173020
173038
173048
173056
173112
173183
173185
173206
173210
173258
173290
173310
173335
173397
173907
173954
174021
174033
174061
174127
174130
174164
174179
174180
174195
174254
174257
174278
174315
174322
174326
174386
174421
174448
174467
174478
174480
174575
174596
174752
174762
174804
174831
174837
174839
174844
174849
174866
174867
174869
174874
174899
174909
174920
174950
174952
174984
175011
175054
175064
175097
175165
175181
175221
175222
175240
175267
175274
175321
175339
175342
175368
175372
175438
175484
175529
175841
175872
175897
175926
176053
176232
176238
176348
177389
177401
177410
177426
177438
177440
177473
177515
177571
177646
177647
177659
177687
177698
177699
177764
177766
177800
177811
177813
177840
177863
177975
178040
178068
178097
178202
178284
178308
178311
178318
178321
178344
178387
178452
178457
178460
178481
178497
178501
178506
178523
178525
178535
178539
178739
178776
178780
178787
178788
178806
178815
178818
178852
178867
178870
178884
178899
178920
178986
178988
178989
179021
179024
179025
179047
179197
179354
179359
179360
179382
179600
179619
179622
179666
179710
179711
179735
179736
179749
179750
179751
179760
179768
179777
179796
179803
179880
179889
179896
179897
179928
179934
179952
179956
179963
179991
180031
180034
180045
180080
180097
180116
180120
180121
180133
180162
180197
180267
180296
180302
180308
180335
180376
180400
180441
180457
180459
180460
180469
180486
180491
180492
180510
180530
180607
180636
180645
180661
180743
180768
180799
180811
180834
180862
180904
180947
180955
180962
180974
180976
181009
181010
181022
181071
181114
181139
181162
181485
181570
181857
182246
182325
183618
183660
183846
183850
183890
183897
183956
183968
184028
184063
184101
184110
184120
184139
184218
184240
184288
184300
184311
184323
184327
184329
184396
184411
184426
184434
184436
184438
184441
184534
184602
184619
184654
184671
184680
184780
184832
184872
184883
184911
184921
184925
184939
184947
184981
184986
185018
185023
185067
185071
185291
185539
185684
185707
185725
185743
185760
185808
185815
185876
185949
185955
185971
185992
185998
186001
186286
186590
186594
186600
186606
186617
186618
186632
186633
186658
186815
186920
186947
186960
186980
186985
187006
187269
187272
187393
187479
187492
187543
187621
188056
188057
188071
188081
188090
188159
188280
188284
188295
188306
188333
188334
188350
188357
188374
188381
188386
188402
188452
188478
188486
188487
188530
188543
188554
188562
188674
188951
189042
189070
189078
189289
189339
189357
189380
189549
189555
189558
189601
189607
189702
189704
189713
189757
189826
189902
190398
190432
190439
190450
190454
190499
190500
190512
190580
190583
190613
190647
190700
190725
190728
190732
190774
190796
190834
190957
190972
190984
191206
191207
191233
191246
191263
191273
191295
191331
191333
191336
191361
191385
191442
191446
191451
191469
191537
191539
191568
191615
191647
191698
191721
191739
191764
191778
191848
191858
191868
191870
191935
191966
192017
192021
192033
192107
192125
192211
192214
192301
192318
192521
192523
192525
192535
192568
192597
192626
192658
192664
192757
192827
192926
192998
193083
193123
193441
193518
193520
193525
193572
193814
193896
193907
193914
193925
193936
193962
193963
193999
194025
194106
194194
194941
194957
194998
195072
195089
195103
195115
195181
195256
195262
195263
195284
195377
195393
195432
195441
195475
195480
195500
195525
195540
195556
195592
195614
195728
195744
195746
195772
195801
195802
195848
195851
195868
195953
195974
195999
196042
196233
196264
196370
196390
196411
196500
196569
196674
196731
196752
196758
196961
196976
196991
196995
197024
197320
197353
197362
197422
197499
197588
197592
197649
197769
197838
197853
197862
197885
197894
197915
197935
198021
198051
198064
198066
198154
198171
198294
198327
198340
198377
198396
198419
198421
198494
198524
198637
198761
198762
198819
198849
198889
198914
198918
198960
199008
199112
199117
199196
199228
199251
199358
199391
199417
199429
199453
199547
199621
199694
199698
199758
199896
199914
199995
200040
200043
200168
200184
200187
200195
200207
200457
200465
200573
200767
200791
200804
200824
200946
200957
200981
200999
201013
201027
201048
201104
201107
201115
201170
201201
201206
201210
201225
201287
201311
201322
201380
201391
201395
201416
201418
201537
201545
201564
201574
201575
201646
201651
201667
201743
201776
201782
201841
201863
201957
201981
202042
202069
202084
202119
202153
202177
202203
202211
202212
202258
202283
202284
202289
202316
202330
202352
202384
202385
202388
202407
202410
202417
202431
202439
202486
202496
202511
202519
202533
202545
202564
202580
202581
202616
202623
202638
202640
202646
202647
202658
202668
202706
202715
202717
202726
202730
202733
202743
202752
202768
202782
202786
202798
202837
202895
202957
202971
203061
203086
203137
203183
203207
203220
203221
203236
203264
203276
203281
203295
203326
203401
203580
203875
204448
204529
204531
204564
204572
204618
204646
204662
204671
204733
204736
204801
204806
204850
204984
204997
204999
205010
205041
205051
205053
205077
205096
205105
205187
205192
205301
205499
205716
205733
205764
205789
205805
205858
205906
205990
206117
206120
206124
206142
206160
206200
206283
206290
206291
206317
206343
206468
206892
206911
206930
206932
207163
207261
207295
207318
207330
207333
207334
207348
207350
207389
207405
207417
207419
207434
207450
207467
207470
207486
207487
207556
207571
207587
207615
207623
207648
207658
207674
207704
207712
207767
207778
207790
207792
207988
207993
208002
208038
208087
208116
208164
208173
208182
208194
208269
208393
208437
208459
208463
208466
208501
208503
208645
208648
208684
208767
208771
208776
208788
208844
208854
208856
208876
208937
208968
208970
209031
209037
209060
209066
209119
209237
209249
209325
209327
209344
209347
209380
209435
209443
209444
209487
209495
209497
209565
209590
209610
209635
209641
209671
209693
209776
209784
209867
209929
209931
209963
210116
210143
210238
210306
210348
210431
210447
210538
210543
210575
210684
210689
210729
210809
210865
210890
210954
211002
211028
211048
211127
211157
211236
211326
211346
211362
211396
211438
211439
211441
211446
211464
211513
211584
211601
211612
211626
211637
211646
211672
211710
211711
211731
211800
211896
211978
212035
212077
212089
212155
212219
212235
212315
212319
212329
212389
212405
212431
212444
212448
212449
212510
212516
212553
212556
212578
212587
212601
212606
212632
212681
212702
212708
212716
212729
212752
212756
212835
212908
212930
212949
213059
213088
213102
213123
213142
213168
213192
213282
213336
213341
213393
213404
213479
213498
213508
213629
213831
214069
214186
214219
214221
214251
214265
214266
214306
214402
214617
214622
214894
214910
214974
215016
215068
215084
215113
215158
215278
215322
215378
215380
215464
215481
215561
215586
215590
215601
215826
215830
215904
216066
216073
216116
216151
216251
216255
216282
216296
216302
216348
216374
216412
216424
216442
216449
216461
216530
216557
216631
216645
216669
216671
216741
216798
216826
216829
216834
216870
216895
216961
216976
216993
217048
217057
217168
217192
217219
217224
217278
217286
217321
217324
217387
217404
217419
217420
217487
217500
217530
217534
217575
217619
217633
217635
217747
217840
217955
217993
218005
218025
218051
218081
218093
218094
218105
218141
218252
218305
218362
218412
218431
218436
218475
218494
218566
218578
218597
218663
218775
218847
218865
218872
218895
218903
219001
219055
219178
219184
219199
219232
219245
219259
219279
219302
219344
219372
219481
219549
219554
219562
219564
219574
219577
219638
219656
219657
219754
219774
219775
219795
219798
219812
219819
219836
219942
219945
219953
219956
219957
219970
220038
220089
220208
220214
220319
220328
220359
220376
220395
220432
220490
220528
220553
220563
220567
220580
220647
220669
220685
220785
220831
220880
220902
220921
220922
220930
220945
220949
221003
221081
221090
221096
221111
221112
221113
221156
221200
221222
221264
221331
221341
221407
221559
221672
221695
221723
221727
221744
221805
221807
221822
221823
221841
221926
221931
221938
221967
222040
222068
222078
222115
222117
222151
222165
222180
222190
222199
222246
222247
222283
222289
222384
222493
222576
222600
222647
222653
222727
222728
222732
222742
222759
222789
222803
222815
222822
222882
222889
222906
222921
222922
222976
223011
223262
223491
223534
223652
223660
223705
223709
223725
223765
223828
223840
223934
223961
224084
224128
224153
224218
224222
224320
224357
224423
224563
224565
224853
224938
225020
225054
225371
225444
225471
225491
225493
225503
225517
225698
225973
225986
226075
226197
226204
226210
226214
226329
226340
226442
226528
226537
226559
226566
226569
226722
226751
226763
226773
226775
226792
226797
226902
227026
227049
227051
227061
227066
227132
227146
227153
227259
227290
227390
227418
227456
227457
227459
227496
227527
227537
227573
227589
227638
227669
227697
227787
227794
227828
227830
227898
227937
228052
228062
228071
228260
228372
228459
228570
228588
228674
228699
228726
228744
228759
228786
228819
228825
228872
228887
228898
228955
228963
228971
228984
229021
229033
229034
229042
229071
229078
229079
229102
229116
229164
229199
229209
229210
229229
229269
229277
229291
229344
229362
229383
229388
229390
229402
229419
229439
229478
229563
229577
229581
229594
229599
229610
229670
229675
229714
229720
229727
229758
229781
229850
229857
229902
229919
229920
229939
229959
229968
229973
229991
230002
230010
230069
230112
230157
230158
230172
230189
230215
230244
230300
230374
230682
230691
230706
230748
230766
230767
230774
230785
230797
230848
230907
230908
230927
230969
230979
231007
231032
231046
231089
231098
231118
231196
231385
231406
231411
231563
232119
232274
232281
232298
232322
232442
232542
232562
232585
232645
232654
232685
232703
232801
232938
233039
233050
233057
233060
233104
233107
233248
233277
233318
233339
233351
233361
233375
233390
233418
233505
233533
233556
233578
233581
233591
233602
233637
233669
233670
233677
233710
233884
233893
233939
233967
234161
234346
234361
234370
234407
234461
234474
234498
234543
234602
234638
234714
234738
234770
234778
234797
234935
234986
235021
235048
235090
235229
235248
235292
235301
235353
235362
235399
235408
235469
235491
235516
235523
235548
235557
235725
235735
235787
235810
235822
235829
235834
235908
235947
235980
235981
235989
236018
236030
236067
236145
236161
236170
236171
236237
236239
236306
236333
236337
236340
236415
236417
236432
236448
236451
236455
236468
236472
236474
236505
236517
236531
236545
236652
236654
236727
236763
236781
236793
236812
236821
236871
236905
237003
237015
237016
237026
237042
237055
237068
237091
237129
237136
237187
237192
237246
237261
237288
237310
237315
237316
237317
237332
237381
237389
237393
237544
237561
237639
237653
237736
237777
237795
237881
237909
237927
237956
237957
238057
238063
238064
238083
238095
238117
238126
238176
238195
238228
238303
238364
238419
238434
238445
238456
238492
238495
238520
238535
238548
238560
238562
238572
238582
238598
238599
238606
238621
238640
238655
238684
238712
238732
238767
238775
238909
238928
238932
238936
238966
238969
239088
239090
239129
239134
239168
239169
239249
239274
239351
239391
239419
239430
239451
239457
239568
239626
239634
239691
239692
239716
239755
239781
239812
239831
239857
239869
239887
239899
239936
239939
239951
239991
240020
240026
240130
240159
240210
240212
240241
240244
240335
240402
240453
240467
240498
240510
240527
240578
240625
240667
240743
240748
240952
240963
240983
241001
241293
241353
241366
241393
241397
241432
241445
241520
241557
241671
241681
241702
241780
241817
241938
242014
242031
242086
242087
242098
242112
242136
242137
242141
242153
242157
242176
242180
242249
242260
242300
242314
242335
242362
242385
242391
242420
242447
242470
242526
242567
242598
242605
242642
242743
242769
242775
242809
242812
242824
242838
242859
242866
242888
242993
243067
243086
243113
243117
243134
243161
243173
243250
243332
243333
243357
243364
243369
243442
243467
243627
243639
243760
243777
243979
243984
244022
244057
244082
244238
244240
244334
244338
244439
244484
244495
244503
244532
244542
244553
244565
244567
244663
244706
244798
244858
244867
244961
244971
244984
244991
245002
245011
245036
245045
245046
245056
245058
245060
245061
245075
245099
245122
245134
245136
245163
245181
245188
245277
245402
245618
245678
245948
246031
246058
246081
246102
246137
246215
246232
246238
246265
246272
246302
246320
246342
246403
246485
246492
246504
246518
246519
246540
246562
246564
246568
246574
246655
246657
246662
246667
246669
246840
246893
246941
246969
247075
247136
247279
247301
247340
247447
247455
247493
247504
247587
247624
247635
247759
247788
247810
247849
247862
247894
247932
247936
247968
247970
247971
247981
248099
248239
248249
248283
248288
248295
248306
248339
248373
248379
248572
248588
248664
248667
248675
248711
248717
248733
248734
248739
248936
248979
249047
249079
249145
249281
249345
249348
249440
249478
249565
249618
249625
249692
249718
249739
249777
249780
249832
249850
249901
249947
249977
250030
250035
250038
250051
250066
250171
250204
250295
250306
250362
250364
250365
250366
250368
250378
250389
250543
250585
250601
250625
250695
250711
250720
250751
250764
250766
250775
250999
251000
251083
251085
251089
251131
251134
251138
251143
251213
251247
251321
251339
251347
251372
251422
251424
251428
251456
251509
251535
251590
251683
251685
251696
251719
251749
251852
251866
251887
251960
251963
252010
252012
252061
252097
252138
252202
252211
252237
252297
252342
252388
252417
252425
252434
252436
252487
252488
252592
252631
252647
252666
252720
252738
252793
252795
252812
252827
252832
252833
252841
252849
252863
252898
252928
252944
252947
253140
253184
253185
253188
253285
253363
253424
253482
253533
253537
253584
253591
253606
253642
253648
253667
253759
253764
253765
253878
253955
253956
254006
254033
254055
254067
254093
254107
254131
254147
254168
254211
254235
254258
254262
254274
254413
254427
254439
254441
254449
254559
254593
254605
254612
254660
254663
254673
254702
254808
254950
255045
255056
255170
255365
255395
255480
255554
255623
255650
255682
255829
255846
255888
255909
255947
255976
255988
256033
256065
256176
256192
256196
256241
256291
256460
256536
256543
256554
256665
256782
256807
256817
256909
257027
257049
257091
257092
257103
257115
257209
257227
257274
257295
257297
257322
257344
257394
257404
257409
257418
257432
257451
257559
257560
257595
257638
257654
257666
257787
257976
257997
258056
258079
258100
258106
258139
258201
258219
258250
258285
258312
258345
258395
258410
258442
258445
258473
258494
258538
258574
258630
258635
258669
258699
258709
258734
258738
258747
258764
258809
258833
258834
258888
258900
258912
258973
258991
259006
259069
259113
259147
259209
259211
259215
259250
259324
259361
259411
259436
259445
259454
259458
259509
259544
259610
259643
259649
259682
259775
259803
259810
259849
259937
259960
260030
260049
260061
260075
260079
260106
260139
260162
260171
260290
260315
260319
260360
260375
260555
260603
260639
260666
260723
260738
260773
260795
260833
260893
260922
260935
260971
260972
260978
260980
261025
261054
261067
261245
261372
261476
261509
261530
261557
261566
261567
261585
261622
261688
261708
261733
261734
261783
261794
261853
261916
261935
261983
261984
262003
262021
262039
262042
262054
262096
262124
262164
262204
262208
262209
262243
262476
262478
262489
262541
262551
262566
262591
262720
262764
262906
262918
262922
262968
263013
263017
263026
263074
263086
263151
263211
263394
263408
263416
263421
263458
263464
263495
263536
263566
263659
263663
263720
263798
263834
263875
263976
264144
264254
264284
264292
264300
264301
264326
264404
264454
264478
264496
264500
264528
264582
264606
264619
264642
264675
264760
264768
264806
264825
264974
265042
265187
265249
265296
265327
265362
265395
265425
265437
265453
265456
265457
265498
265508
265561
265642
265718
265725
265891
265939
265953
265964
266000
266081
266085
266098
266130
266188
266252
266357
266398
266446
266537
266549
266550
266554
266565
266735
266744
266833
266864
266889
266895
266897
266933
267062
267096
267184
267261
267348
267455
267468
267500
267502
267513
267563
267574
267681
267705
267734
267838
267887
267996
268054
268070
268116
268169
268258
268333
268406
268443
268502
268524
268535
268548
268616
268678
268742
268813
268840
268861
268867
268877
268879
268909
268943
268948
268987
269038
269110
269174
269231
269251
269288
269345
269361
269362
269438
269456
269463
269510
269515
269569
269570
269574
269586
269611
269631
269646
269651
269707
269827
269877
269966
269971
269978
269987
270001
270025
270053
270096
270121
270128
270157
270228
270231
270233
270308
270342
270348
270367
270389
270390
270399
270455
270502
270503
270620
270632
270645
270670
270716
270747
270823
270922
270961
271037
271042
271095
271110
271120
271123
271181
271183
271200
271203
271219
271222
271256
271261
271273
271291
271301
271328
271369
271415
271416
271439
271449
271452
271501
271524
271587
271608
271643
271672
271684
271710
271737
271837
271858
271905
271930
271934
271935
271946
271952
271956
272024
272042
272084
272215
272295
272302
272307
272328
272331
272481
272483
272512
272637
272650
272677
272687
272790
272792
272794
272796
272977
272987
273024
273038
273051
273058
273066
273102
273111
273142
273168
273235
273263
273277
273312
273338
273363
273545
273610
273611
273616
273626
273695
273698
273783
273792
273857
273865
273910
273925
273952
273976
274136
274146
274147
274158
274169
274295
274359
274414
274529
274581
274594
274607
274661
274673
274849
275002
275070
275098
275120
275121
275237
275250
275289
275300
275314
275317
275326
275340
275373
275393
275421
275540
275544
275565
275788
275824
275874
275964
276321
276357
276360
276431
276456
276471
276488
276549
276596
276604
276731
276914
276930
276942
276968
277028
277039
277051
277062
277148
277208
277250
277278
277373
277444
277471
277579
277617
277668
277743
277832
277839
277898
277944
277990
278004
278023
278050
278063
278136
278207
278303
278452
278535
278625
278865
278989
279063
279110
279111
279116
279127
279140
279213
279283
279284
279321
279410
279415
279446
279551
279574
279601
279670
279801
279991
280076
280102
280354
280498
280743
280745
280840
280979
281042
281115
281225
281226
281227
281287
281318
281355
281361
281409
281450
281508
281517
281553
281600
281602
281720
281783
281816
281868
281895
281974
282047
282108
282129
282164
282286
282305
282473
282481
282586
282588
282591
282611
282622
282627
282652
282775
282875
283004
283236
283255
283267
283269
283354
283368
283448
283460
283468
283473
283474
283478
283497
283505
283510
283513
283517
283531
283548
283550
283592
283608
283622
283629
283671
283851
283855
283926
283984
284007
284015
284132
284141
284158
284274
284275
284331
284373
284654
284665
284714
284737
284868
284876
285058
285062
285065
285071
285148
285438
285446
285461
285471
285486
285509
285529
285535
285551
285557
285589
285639
285663
285689
285731
285732
285764
285820
285867
285877
285878
285894
285909
285962
286046
286066
286094
286121
286125
286141
286232
286246
286250
286267
286462
286474
286476
286484
286583
286647
286675
286716
286742
286744
286853
286883
286914
286923
286970
286978
286991
287024
287067
287142
287143
287219
287255
287260
287329
287338
287379
287401
287415
287466
287492
287513
287523
287555
287566
287581
287632
287738
287777
287781
287818
287823
287828
287835
288055
288142
288267
288278
288289
288319
288337
288372
288387
288417
288425
288432
288510
288606
288618
288621
288628
288662
288723
288796
288882
288911
288973
288987
289154
289213
289386
289492
289496
289513
289528
289570
289583
289605
289612
289708
289718
289745
289769
289784
289785
289787
289789
289809
289839
289869
289892
289933
289943
289948
289977
289985
290091
290226
290570
290679
290680
290713
290720
290745
290754
290762
290781
290782
290824
290826
290828
291123
291145
291209
291304
291396
291401
291432
291434
291441
291446
291501
291558
291603
291663
291806
291819
291820
291825
291831
291904
292007
292062
292074
292121
292126
292164
292177
292195
292198
292286
292349
292381
292516
292523
292568
292588
292696
292833
292870
292881
292914
292969
292990
293003
293004
293033
293103
293114
293135
293189
293284
293300
293363
293386
293499
293511
293518
293536
293599
293605
293763
293771
293834
293835
293858
293954
293962
294034
294109
294305
294317
294323
294355
294365
294376
294417
294430
294516
294598
294628
294641
294675
294683
294717
294733
294784
294794
294815
294849
294872
294874
294901
294906
295007
295015
295036
295038
295050
295067
295144
295186
295212
295219
295225
295276
295322
295327
295406
295460
295518
295525
295612
295624
295630
296037
296095
296178
296237
296267
296284
296385
296386
296633
296695
296779
296959
297070
297164
297233
297238
297276
297364
297400
297405
297411
297420
297427
297431
297468
297517
297525
297532
297540
297596
297597
297659
297833
297847
297968
297975
297990
298064
298111
298225
298326
298362
298378
298413
298414
298464
298602
298612
298642
298675
298685
298700
298712
298713
298730
298757
298772
298833
298834
298875
298936
298955
299009
299048
299081
299126
299129
299135
299138
299186
299201
299258
299314
299375
299389
299447
299513
299545
299546
299624
299633
299701
299712
299770
299775
299819
299931
300105
300178
300196
300335
300392
300412
300464
300506
300510
300514
300516
300551
300587
300593
300615
300730
300742
300783
300786
300788
300789
300850
300861
300864
300865
300895
300906
300910
300953
300972
300978
300994
301007
301052
301066
301078
301110
301121
301122
301125
301153
301178
301189
301203
301204
301212
301260
301271
301295
301310
301329
301362
301374
301379
301389
301439
301477
301480
301488
301495
301543
301547
301549
301559
301581
301596
301605
301634
301680
301712
301733
301734
301762
301786
301807
301831
301860
301868
301880
301906
301915
301929
301953
301999
302001
302013
302072
302085
302093
302095
302103
302115
302156
302158
302189
302203
302205
302289
302362
302379
302414
302415
302483
302503
302505
302507
302508
302536
302538
302565
302599
302619
302647
302675
302703
302723
302735
302757
302879
302958
303043
303049
303079
303094
303109
303122
303143
303252
303273
303288
303302
303316
303348
303364
303381
303398
303412
303426
303427
303454
303464
303527
303546
303556
303686
303707
303715
303728
303742
303747
303772
303774
303776
303815
303817
303829
303856
303865
303867
303902
303927
303951
303959
303967
303973
303979
303990
303994
304007
304014
304028
304044
304058
304065
304066
304069
304079
304093
304112
304113
304117
304143
304147
304148
304172
304184
304218
304224
304228
304234
304258
304266
304327
304368
304384
304405
304413
304415
304506
304516
304519
304522
304541
304571
304609
304612
304649
304718
304723
304729
304730
304837
304876
304934
305017
305023
305024
305026
305027
305050
305064
305066
305104
305112
305125
305129
305154
305184
305229
305236
305254
305454
305494
305509
305515
305526
305587
305600
305680
305805
305816
305832
305850
305925
305948
305967
305976
305977
306018
306037
306040
306073
306074
306084
306227
306264
306272
306302
306400
306498
306541
306543
306633
306926
306951
307026
307140
307334
307407
307424
307441
307475
307514
307515
307535
307539
307561
307567
307574
307577
307578
307647
307654
307657
307700
307740
307836
307838
307841
307851
307856
307869
307930
307968
308013
308030
308057
308145
308158
308187
308234
308418
308421
308474
308532
308542
308543
308584
308592
308593
308595
308600
308690
308705
308739
308777
308857
308905
309108
309121
309193
309229
309281
309303
309305
309445
309474
309598
309604
309605
309643
309672
309734
309753
309758
309762
309767
309794
309845
309982
310132
310224
310312
310336
310380
310417
310442
310456
310495
310503
310551
310578
310708
310710
310722
310781
310801
310852
310854
310948
310969
311117
311123
311149
311165
311193
311226
311254
311271
311284
311297
311310
311327
311358
311359
311381
311439
311455
311458
311651
311747
311772
311781
311785
311819
311822
311832
311845
311856
311908
312027
312029
312069
312080
312090
312157
312175
312288
312289
312333
312347
312462
312561
312578
312583
312609
312657
312679
312682
312721
312814
312902
313017
313035
313041
313114
313127
313162
313180
313222
313273
313522
313652
313745
313785
313826
313956
314052
314055
314061
314099
314168
314180
314326
314350
314355
314382
314396
314400
314410
314518
314521
314548
314596
314723
314739
314762
314796
314818
314828
314839
314852
314858
314872
314890
314904
314905
314915
314917
314924
314940
314953
314986
315028
315047
315058
315085
315108
315136
315137
315152
315205
315213
315216
315234
315293
315299
315340
315454
315781
315829
315856
315861
315880
315940
315947
315953
315956
315966
316043
316161
316238
316297
316313
316421
316460
316464
316484
316710
316836
316923
316990
317028
317048
317092
317094
317111
317114
317258
317361
317388
317414
317491
317499
317512
317587
317708
317717
317718
317743
317751
317763
317794
317826
317846
317848
317882
317916
317923
317929
317932
317950
317993
317994
318007
318024
318028
318034
318035
318037
318044
318061
318072
318081
318086
318163
318166
318167
318229
318257
318274
318285
318286
318308
318316
318338
318357
318371
318377
318378
318380
318466
318521
318529
318531
318546
318570
318660
318684
318743
318745
318779
318783
318839
318976
318996
319020
319022
319035
319042
319148
319160
319194
319204
319205
319223
319226
319378
319448
319460
319569
319602
319616
319626
319654
319709
319737
319821
319824
319825
319832
319849
319855
319875
319881
319909
319916
319937
319986
320036
320060
320066
320272
320325
320356
320360
320373
320409
320444
320492
320526
320623
320735
320947
320972
321017
321037
321056
321123
321158
321226
321237
321241
321295
321468
321508
321639
321716
321738
321766
321811
321819
321821
321881
321908
321911
321992
322022
322030
322111
322112
322124
322183
322186
322208
322228
322292
322360
322391
322400
322430
322733
322835
322877
322883
322894
322906
322966
323023
323057
323066
323077
323131
323133
323208
323326
323365
323367
323382
323407
323434
323441
323458
323459
323477
323538
323555
323558
323564
323577
323628
323654
323658
323665
323667
323680
323700
323716
323750
323762
323828
323881
323965
324221
324410
324435
324475
324478
324551
324640
324641
324647
324670
324801
324836
324845
324924
325028
325032
325051
325117
325134
325143
325266
325290
325297
325316
325321
325338
325525
325533
325545
325612
325665
325677
325681
325728
325785
325790
325838
325856
325873
325875
325888
325892
325900
325923
325944
325959
326003
326005
326045
326062
326100
326140
326172
326189
326277
326319
326411
326422
326433
326467
326544
326565
326567
326714
326725
326741
326849
326967
326992
327020
327047
327122
327297
327336
327340
327352
327412
327463
327476
327495
327507
327580
327599
327613
327617
327621
327659
327697
327730
327742
327760
327778
327822
327850
327886
327892
327946
327948
327958
328005
328021
328095
328099
328109
328259
328286
328335
328363
328385
328401
328402
328451
328457
328513
329008
329108
329172
329205
329206
329224
329225
329283
329326
329388
329415
329433
329437
329439
329461
329503
329523
329532
329550
329564
329573
329578
329580
329628
329646
329659
329722
329760
329786
329803
329804
329821
329896
329898
329921
329941
330027
330031
330047
330082
330095
330102
330111
330116
330177
330200
330254
330333
330560
330584
330595
330901
330921
330961
330980
330990
330993
330994
331016
331033
331045
331058
331083
331149
331164
331217
331229
331267
331322
331338
331393
331412
331415
331464
331468
331539
331560
331579
331607
331677
331722
331764
331792
331850
331865
331887
331904
331907
331973
331977
332020
332038
332060
332065
332090
332108
332116
332119
332125
332144
332157
332255
332274
332275
332278
332283
332297
332320
332340
332377
332424
332445
332457
332530
332562
332580
332645
332657
332679
332753
332861
332880
332900
333021
333135
333285
333625
333699
333706
333711
333719
333720
333754
333822
333860
333872
333873
333879
333906
333943
333976
334000
334057
334078
334079
334093
334115
334124
334125
334136
334181
334205
334279
334294
334362
334375
334395
334445
334457
334477
334556
334564
334584
334617
334623
334657
334685
334690
334738
334761
334791
334814
334824
334848
334853
334888
334907
334918
334924
334947
334966
334969
334972
335009
335010
335097
335098
335115
335119
335143
335153
335162
335182
335225
335468
335511
335513
335526
335545
335575
335684
335693
335710
335718
335720
335752
335780
335784
335788
335820
335828
335831
335841
335846
335851
335880
335881
335886
335908
335910
335926
335939
335995
336035
336057
336081
336101
336109
336164
336233
336248
336314
336370
336379
336385
336394
336416
336423
336453
336488
336503
336510
336521
336542
336568
336594
336628
336641
336677
336711
336740
336743
336747
336749
336760
336768
336771
336779
336811
336820
336828
336835
336863
336891
336990
337030
337062
337068
337072
337080
337086
337087
337194
337212
337220
337222
337364
337390
337457
337480
337482
337707
337721
337770
337842
337930
337999
338025
338033
338053
338156
338199
338207
338212
338218
338234
338241
338518
338593
338604
338607
338610
338727
338760
338762
338786
338800
338856
338886
338958
339033
339057
339096
339150
339185
339248
339276
339372
339388
339397
339429
339459
339504
339546
339555
339569
339841
339868
339960
340097
340113
340129
340137
340192
340214
340230
340252
340289
340355
340409
340539
340602
340643
340687
340845
340992
341000
341031
341042
341088
341223
341248
341257
341348
341412
341424
341458
341472
341590
341640
341674
341693
341698
341802
341847
341864
341898
341911
341916
341943
341983
341997
342034
342233
342261
342387
342391
342404
342479
342560
342563
342624
342675
342688
342722
342724
342740
342820
342821
342825
342845
342923
342941
342960
342969
343017
343019
343024
343063
343079
343156
343163
343187
343209
343214
343216
343219
343235
343239
343256
343262
343268
343274
343286
343393
343432
343520
343541
343568
343581
343594
343605
343683
343684
343697
343869
343875
343885
343909
343931
344145
344195
344233
344294
344296
344299
344301
344323
344381
344475
344504
344585
344603
344608
344652
344679
344738
344834
344886
344894
344895
344903
345015
345129
345246
345453
345629
345694
345784
345801
345936
345939
345943
345951
346078
346102
346132
346215
346233
346236
346284
346342
346402
346513
346565
346587
346610
346691
346727
346739
346778
346791
346830
346939
346960
346971
347084
347187
347205
347275
347291
347346
347348
347376
347383
347415
347426
347427
347497
347529
347552
347780
347782
347795
347871
348036
348070
348072
348089
348123
348187
348232
348235
348262
348284
348336
348356
348415
348419
348448
348452
348567
348576
348584
348613
348649
348674
348680
348716
348800
348815
348821
348885
348917
348919
348921
348923
348971
348994
349149
349182
349268
349277
349282
349316
349327
349359
349361
349429
349445
349505
349556
349557
349561
349596
349662
349668
349690
349711
349820
349890
349894
349934
350015
350016
350036
350092
350117
350137
350208
350213
350361
350369
350377
350387
350638
351119
351129
351242
351330
351341
351347
351352
351360
351373
351494
351515
351563
351567
351946
351991
352050
352159
352176
352192
352276
352415
352447
352454
352470
352486
352498
352502
352509
352526
