381
40
25123
31
2141
2606
374
3162
24833
28065
6765
2399
19551
60491
46
358
7396
392
458
2398
57
170
25790
28366
325
20843
60541
539
28353
3242
20194
28150
123758
408
29323
5109
188455
3
353
303
315
322
20687
19584
19535
24829
39
409
50
61657
410
54812
19559
19475
49457
28157
52395
380
27644
13744
3877
27260
16993
20838
25925
49634
2932
488
112963
91530
27877
3161
354
5797
27231
404
97591
19537
406
3392
21
95
52
73
43
223673
23655
2883
20626
177920
91495
66
31802
595
50901
3408
27254
357
143470
19510
68836
55373
368
370
342
24830
52120
26745
58369
70
26372
64201
161651
49334
29686
188454
3493
29830
19736
7395
42888
92255
27689
29265
27670
26820
17792
71706
20096
43285
213251
29293
19555
557
19509
67
150977
2362
228
9213
179384
402
505
17715
63
19751
56446
2973
2297
398
29517
2889
71708
3889
21517
334
25064
1097
300
813
27745
48709
65326
75
3938
132954
159491
7246
26787
394
729
3393
7594
17651
6760
19777
19757
415
19692
29321
27672
65327
60534
47809
26631
2886
60535
64194
75725
7393
399
286837
22
607
237
19492
350
69
6761
19833
3885
54810
779
12035
19704
416
31861
49520
3511
27673
349
45
11115
42
16921
32395
30734
339
13889
150654
72
346
550
96
210550
26797
70530
376
3915
29716
48
6855
693
20839
3876
223
20417
19836
329
57929
27850
92982
76
7441
29895
19486
210584
432
2527
86
52291
7561
139549
25703
109061
579
3935
44291
3250
387
19686
221531
6787
5805
6770
119462
92708
27936
471
3240
3903
7337
19468
11106
3243
2224
22374
355
27640
419
19401
19528
2583
29785
42874
130960
17613
91485
480
260407
64
366
19569
3164
499
52285
580
121167
3420
7519
37
6299
72026
31593
70745
53
19370
487
20237
36769
118502
91
530
24545
27669
64698
26329
459
19680
20208
174158
19511
7814
533
150974
7434
75892
7102
71041
23122
1030
69017
21258
30491
19698
49515
296
6509
19449
43078
58
7592
23118
213249
29685
47796
22435
2921
7351
92073
395
174026
250
14135
26783
43280
29842
61
20155
28138
30691
517
19837
25145
51
26869
54757
55266
318
523
3410
219051
3947
49408
31843
19942
7376
28393
20902
26777
151216
363
19566
27373
185930
140445
19665
55409
7806
27723
152640
19950
19500
19372
65324
54761
3273
7180
25926
139968
62
108594
3297
6332
58669
70020
71136
258985
52944
7391
430
16938
749
582
37538
42906
20214
6813
49418
20862
58166
84325
7356
734
7368
301
42939
27876
149997
58699
49770
2931
453
221693
26776
1776
47338
30687
1599
20875
29320
241761
7819
57860
95352
4373
5790
477
19419
2894
13003
74780
21344
27641
20712
42878
3270
29692
9726
420
7712
27249
1990
6777
79709
7821
19738
428
3510
26632
61192
184937
54775
249938
63786
3584
5812
19541
149310
78
10718
92311
306
91436
20623
32067
64166
154438
42992
149081
7675
40544
144845
3176
19678
96968
20758
117
19792
364
53090
57926
19580
19712
16994
49411
20577
6347
141541
3562
19418
6784
2945
5801
2989
7818
128764
14007
20790
49421
314
19926
54762
152926
60540
94035
659
43152
58379
57884
23910
26941
117390
198302
192
1544
19957
29612
31285
20781
18948
28252
145293
6782
83238
7501
546
1748
7286
29421
20583
20760
164520
3602
195207
71185
25232
71985
108776
97
396
71751
455
71092
253
25074
68709
174233
7954
268807
3314
49460
55562
20272
26595
203082
74301
3258
157761
19518
30443
705
19658
188602
1777
7389
10316
1538
92244
16708
2349
6811
28143
2780
7183
565
7358
49584
20826
25069
150010
71975
295
49451
227346
162839
226
19781
70909
7390
49739
185823
7382
173981
323
8134
54760
76190
3271
1042
19772
20500
222126
359
372
3276
22085
64494
95832
336
460
740
6803
46992
331935
7643
48645
118459
16998
20347
92046
260126
26935
65647
92227
37831
160392
356
3946
29804
121101
7179
19883
65666
145389
31277
215368
33368
97425
17832
185793
4125
92984
17619
20170
19765
27274
20634
27255
47813
223678
19621
24939
64129
401
39852
49022
60991
21727
54608
96244
153745
17805
26384
79
258976
53316
23
28476
58123
70819
157117
3075
66650
71737
95159
151
92958
174023
56467
2018
6789
6810
49497
60987
93877
880
3052
19744
27678
28055
57851
7858
19672
27637
29837
42875
55367
19408
151080
256
75863
369
20120
407
3232
39936
658
3421
29258
29788
68860
71095
662
3272
109844
149312
26487
43832
212385
1361
6339
11894
30448
17
2935
248613
7458
28295
49419
68998
152010
29878
42841
185777
1013
19397
42834
141577
49673
150678
213226
3283
16913
37835
174422
696
57863
149
20596
65
3300
24725
60977
123667
5778
134663
31393
49655
8805
25075
48756
173986
19708
54622
132993
16705
97326
224618
400
1688
11305
25180
60536
152230
3299
27321
203
3083
7104
71805
151709
42856
49512
59584
470803
20649
75213
31728
60940
92968
96180
629
20858
49463
49758
7346
27072
77
351
26513
43118
158667
41288
54986
19857
20782
27099
19453
132870
61653
155800
49437
16917
42901
58104
95360
58114
91087
19483
92230
263085
68
7900
57706
7476
3227
91224
760
52282
784
3415
49430
16915
24693
9943
19756
20797
64454
65541
26365
332
3434
3936
19433
20814
32011
149071
154450
246108
822
20833
28345
28024
54758
534
49583
202509
223650
59077
147435
21857
528
750
20765
26493
29816
43077
49410
49461
767
821
2513
9034
145379
16717
50847
53118
40411
417
26747
29839
69004
92976
20635
12919
29921
130885
133031
174441
132939
318821
5788
29225
55101
92404
3425
27300
27643
20735
91143
303801
64504
64718
3970
6774
7609
20742
58108
65032
31187
54887
55102
236
509
2363
145393
84
12187
71377
18453
20395
91215
3214
23513
43275
62678
7567
17590
20740
46283
91501
8022
20653
26452
151870
266998
3231
58110
123142
240048
979
3933
20692
143800
677
4196
20705
27066
27406
47354
1073
103521
217
49496
91909
97178
223724
439
3278
29662
49505
52987
72190
76130
83
7962
20503
26383
27049
91879
157064
27691
27921
19571
64111
19643
20624
27639
27652
92410
3180
27410
64109
151068
743
27995
49608
60544
189535
269229
27235
39736
159752
49630
92075
92194
58266
151704
3195
20494
27312
42864
85
19568
26633
27403
71576
3412
224
19516
19564
20530
26414
42943
218562
481
24778
25227
54944
71653
92188
117362
3298
37883
257064
294271
313
3917
20713
20728
68782
1604
20446
20750
27322
44
154
1976
7473
19625
20847
79474
64102
71665
1295
20331
26867
27658
42881
475
4113
26060
26793
28058
54763
10818
27930
31703
49675
41641
43005
95070
128102
1849
20730
25188
30242
49424
95356
155661
8612
61189
149969
186048
184
27692
46291
386258
972
1227
14097
20508
27698
31839
49504
38
2622
38067
248401
20637
27932
41072
43838
64501
112528
20282
43001
49426
92971
1496
50935
57980
71341
135325
3173
6818
24861
44441
64696
71780
97140
148627
26800
301442
302194
61031
17078
19968
346572
94818
133052
50884
157153
6148
142600
268371
3321
28663
160802
161390
29907
30675
3130
91898
207
76503
212438
215335
19886
31655
136620
97210
2434
68886
131122
6758
52209
91266
19437
20664
139327
3448
24880
49495
50812
134763
102643
130970
134807
19769
29841
42844
91146
95350
97174
119970
1717
19467
21730
52244
68997
123147
140779
7663
59580
209587
19679
91038
131059
6354
30209
49333
151309
27699
3449
19701
19939
50900
57855
67201
91013
91206
144834
213354
42897
157957
281393
26684
48113
64487
84219
120642
14051
27934
28056
53266
91085
257060
22255
37597
58003
155660
286210
16928
19628
20238
37648
19530
22774
71621
75273
97158
184679
542
627
2351
20719
151871
736
19393
28302
42923
54750
112957
155879
172472
212876
223518
1072
3884
7347
12112
27638
43323
49628
53174
123724
179839
219447
345866
1786
2904
49676
68289
71750
204
19440
51631
70889
494
3087
3287
17793
20805
25917
27801
58106
70732
75100
141490
106
22714
57861
133011
134679
27416
63951
70897
71755
119969
121169
133030
19514
28319
34714
49623
49731
92405
425108
59
388
4633
20769
69011
103467
145396
2243
7278
16916
53317
58101
63952
150675
227996
269910
363111
675
47623
302031
95302
97333
125914
149051
237237
512
7542
19298
19638
19801
26858
49730
150692
16672
40266
58163
69483
6762
19684
68995
71426
241730
1929
7439
7972
13092
33603
58226
64687
134607
507
3416
3565
8375
19768
71033
97334
35
572
17696
42910
64226
144848
259435
448
54771
70917
92592
113471
1744
2067
7823
26866
27394
29831
7997
20818
40612
97342
112550
228479
238272
258962
271639
6350
20717
20796
58149
92195
99443
121494
188462
209731
2342
3223
20681
62635
71740
152631
1773
24652
93815
141542
150571
254196
3419
21197
27958
28020
35533
91231
152227
219
418
1996
27696
92409
97271
162306
178518
19469
20643
31692
52210
56685
64550
92975
103275
117552
7545
10222
23303
25789
26868
41555
63953
64822
70914
91151
150063
281078
1169
17533
68796
136645
264433
16614
19434
19464
19652
20498
262727
274742
17598
144612
845
42903
42907
43842
65646
70927
91338
92400
150681
206211
55
19540
43822
65325
93119
7381
26687
49443
1133
7635
9812
29687
64695
96852
151728
241728
1938
3116
46325
47628
49582
57978
118709
318702
3248
17028
20379
23895
23946
58111
60992
64110
65548
72016
206129
571
3520
135006
7392
24032
29399
91098
20644
20659
33049
64502
75153
151755
235372
347
570
1879
19874
20856
25220
42995
49513
59733
112920
160686
348
7668
17160
19778
19969
21535
31330
60951
112571
121092
156966
210310
308
12108
20501
22869
68893
92798
97123
99156
125974
3247
16654
20657
27793
50897
60950
62761
75798
92213
121121
145229
145476
177772
241732
302202
340916
20679
64468
66685
147426
281394
495
10603
20345
20630
27399
31400
64462
117451
153952
721
2892
42862
70984
135848
953
2118
3964
14077
30572
43243
64505
68833
71166
75738
91880
96951
138926
206489
237004
257112
1774
2483
7551
16951
143808
147424
20504
39849
42949
1866
22048
51762
59752
60946
141495
143336
2148
3277
7199
7986
9127
16627
19041
25224
26591
49521
64120
64476
119067
148183
7864
27929
31385
121112
134623
163176
172403
240422
383
2402
7618
19438
21097
27063
31783
64897
71595
91066
160
2412
6768
7975
19670
26686
33636
43081
48326
55269
145030
212873
276905
281390
7540
20700
42911
64801
76609
91201
93127
96962
100578
299368
2968
3209
6771
7490
19410
20020
20640
20707
20825
23188
27302
49725
97568
206151
208144
405167
175
918
8061
11984
13641
20789
29652
49726
52988
64658
71786
136985
19398
19761
20857
21260
42859
47686
64152
64491
92297
164465
1345
2887
3168
3552
7406
7991
20113
26690
51273
64526
68849
71667
91063
117360
163209
228721
4321
21047
25157
53471
60990
70818
78959
99441
140467
3241
7751
16942
19463
24933
27401
27671
49872
64446
64843
66491
121772
151205
248607
4171
20581
25113
59121
60931
141818
145395
178524
310
3666
4256
7520
8904
19943
36401
40353
47832
259465
140
2304
7410
11665
31260
31276
31413
52483
189539
606
21976
27418
42872
71003
94255
135679
147388
174114
3895
17835
19386
20708
23242
26857
56663
401743
2508
2596
16621
19263
19715
27253
31562
43062
70888
71668
92845
249343
434
3503
6309
16629
40824
53461
57854
64830
71791
71840
74742
19951
25127
28899
53567
70513
75377
117442
125816
142107
185821
217220
552
3080
27953
31545
64448
64739
92049
124213
129550
3750
6920
8093
16973
19520
20792
29712
71233
91218
129068
131048
148927
187254
299773
5831
7442
8896
20612
20851
27808
42848
43282
59664
60943
71610
148056
223703
196
16718
57859
64126
64488
64711
97213
221020
541507
605
17826
24632
26564
27311
50932
92235
92247
93810
156055
7470
7817
20650
24317
68999
71266
71497
92636
129674
136624
150021
19961
20808
49398
49740
68852
96089
318847
205
2298
2884
3949
7873
11620
17963
25072
42919
44000
64828
76025
91250
91345
121582
206208
228728
259248
20141
42890
43041
66488
71253
72059
92219
92980
134634
149623
150568
561
795
2054
6266
7416
19760
31406
42914
49316
56787
60969
68887
70959
92758
96022
157962
160883
714
1781
3987
19702
20809
20995
76511
92819
101888
134635
149913
299430
451432
304
609
769
6759
7670
10014
24927
26410
30235
37813
41551
49601
76496
104620
132944
152245
255010
267621
2417
3514
3564
10563
19563
26518
30722
40263
42909
58107
68994
70895
259543
402603
7874
8227
20252
21701
23968
53450
57496
58364
64699
64730
64824
67585
71255
91499
94058
218970
3519
19814
71167
75832
121089
133073
179001
264609
281082
344414
1737
17285
17836
44456
49436
54258
58100
65650
71322
94567
120180
133700
213378
264786
2303
17076
17602
17931
28023
31808
54774
70581
71359
71360
92364
92603
141551
173989
184380
241742
304813
304988
74
320
24030
24453
40565
54898
71222
71678
71712
91141
93749
269896
9877
20670
25183
25414
27904
31412
49741
53642
55750
64167
95600
117352
185814
202039
326819
9596
23778
59173
62605
64155
64216
71226
71956
98010
318736
1
698
1002
1771
2743
11888
20714
20827
21710
27350
29737
37591
55388
71310
91031
91148
95680
217185
218923
259189
3424
4260
6766
17743
20528
24922
42854
89687
121822
147425
221284
394397
98
753
1406
2942
7187
20168
20531
20807
20824
20841
20945
28004
28250
60303
92619
117348
124928
129773
134722
268378
30702
59648
64466
91112
93116
100473
148727
223756
326
373
421
7379
7890
25030
33957
42884
48522
55142
57000
62638
64115
70852
71620
91492
102747
131482
222434
248759
346576
555
1872
7744
16697
24838
29018
42860
48109
49452
57874
57982
72055
113318
318804
179
761
7835
10711
19675
43126
49734
55386
59732
64481
68696
71022
71104
71210
94572
94802
335852
2775
9642
16696
17875
19630
19941
20114
29492
31699
47610
64224
74534
91463
100483
102522
113638
123539
130917
139201
151412
188878
267019
735
7839
14253
17318
18987
19344
19958
20529
27065
27602
69227
71660
99175
286836
513809
426
1930
1948
19436
20267
26127
41539
42597
49519
53457
75658
114889
139638
350192
815
7730
17820
20844
24947
27390
31596
37536
139220
150186
370013
2778
220192
261832
281416
19697
27693
27959
66585
3233
3370
134642
143704
301445
6820
154293
222350
4
451
27071
30638
101525
188379
222314
417283
28287
40549
64833
67316
151217
536
1708
19448
27367
27697
139182
209683
212409
231126
264188
2073
7565
19747
29311
30230
47625
71137
93557
119560
139143
252682
6162
7345
207640
261302
16800
20706
91100
92084
124491
145143
150037
156771
173984
239800
263
7696
19416
27176
39855
60030
65645
94167
188495
576
5808
8000
12987
19545
19766
27027
61118
74903
94153
118104
13973
24956
26790
27661
38005
92627
97181
120529
134186
134628
135299
136641
162672
241739
418042
148
3547
6330
24563
29093
47716
58131
64145
118500
119567
139218
151876
153071
173992
202506
1296
2498
3599
3614
27276
28321
55497
72188
91988
92150
152229
163250
189319
230893
103
338
3267
31577
70862
77115
79400
92581
92981
93158
120184
131110
161848
174352
180292
231160
274655
360603
7112
7426
10579
24180
27206
40465
49417
62633
96007
131031
188465
268609
365
7709
14604
17181
19824
22470
27055
39927
68962
69562
71113
91444
97228
120024
163075
211280
249
2144
3922
7350
7645
27272
27646
31407
43047
49529
66674
70816
70832
75746
92639
94424
123139
212582
299415
7301
7371
7764
22783
48788
54770
69001
70590
70810
75123
75907
141538
157405
206207
259501
281391
614
8254
20819
49415
49808
57930
59411
68861
70110
91075
92628
121399
188904
237011
327978
5795
5809
19546
19748
21405
23896
26827
49409
49414
50050
50893
70978
92254
94658
97041
133570
134656
240028
559
8902
11647
64471
70844
121116
134674
159031
178981
198517
116
361
524
6792
6815
7198
20642
20688
22367
25858
26567
71460
144853
177704
188323
210150
289582
364307
246
4290
6351
7831
13390
19710
20834
29115
29829
48664
49456
51496
65162
72293
75139
75286
92508
120752
125992
141159
147510
643570
243
441
631
11996
13129
16940
20641
24897
27887
28490
43868
53629
63479
64729
135286
155028
158109
173983
209970
269920
292259
763
868
2964
6508
19695
20579
22426
25071
42930
46905
52351
64552
68996
89684
99451
188355
248628
267659
270222
89
3921
5796
7177
7380
19303
20669
23427
27329
49737
59122
64445
65543
91237
92088
269800
286838
558349
258
2241
6847
20652
21336
21608
21620
22602
25913
26844
45666
48547
49671
52989
59150
71501
135887
140778
140811
154319
266363
276333
596
2039
3976
4587
7369
7638
7822
8066
20699
26512
27642
37891
47805
55257
71517
77784
84458
89720
96894
96961
103328
131434
139177
142111
204842
347357
60
257
6931
8008
9813
22843
36765
38897
47328
50788
54877
70903
91462
91962
134329
134647
135236
145322
187370
307452
2296
7113
7344
8094
14629
20277
24964
27097
27334
29957
50603
60162
64509
64724
91204
91910
92061
92969
96600
128198
132934
145399
157125
170942
503783
445
1387
3115
3257
3386
5786
11194
11619
13870
16868
17984
19456
19653
19750
20695
25011
25068
26381
27172
49445
49618
58147
93121
95280
99312
134606
141804
147600
270227
423
526
1869
17604
19651
20226
20683
20867
47561
47639
50898
64217
71274
83588
92961
93997
134691
134757
212380
268805
273093
289561
6819
11495
19572
19787
27381
42842
42883
43149
69086
70869
71465
75879
92145
139089
145754
158246
164666
210300
250406
265564
1487
2306
3955
20289
20675
20680
20778
25196
25216
28079
31011
42937
49422
52245
55104
56634
58122
61406
70051
70808
71644
71707
91310
154422
160483
178487
346569
41
504
17796
17910
19238
20801
22694
30380
31268
44950
54823
60492
71577
92117
97134
101585
123118
132938
134637
135281
145518
152971
160305
470782
3647
7475
7552
8048
13385
21662
26833
31509
47630
52815
55452
60978
64572
68799
71516
80655
92857
132979
154447
218687
258204
298617
318832
510491
227
1448
1568
2400
3676
7440
7506
19604
20678
25178
26530
27075
29212
45185
68784
70815
75929
99447
121120
147494
154490
186968
215347
274439
340558
2347
2355
3037
18474
19570
20773
23733
24391
27062
28938
30186
40530
42951
55106
64536
67058
71813
91974
95572
119537
121011
134651
163611
210469
231159
249761
6834
11398
20763
20933
24766
24960
42743
43197
45606
49423
68894
69012
94591
154419
190769
220199
222630
269557
346584
382701
384
589
852
3505
6812
8463
16839
19362
20721
20849
26798
28475
29057
31859
51935
54984
55268
58145
64483
72008
115311
254177
255
702
6877
7612
19944
21364
21649
26536
27945
50182
50781
53152
64112
64527
92764
117353
133104
143276
159223
239416
249699
520
3485
12670
19732
35442
42879
59191
61017
64725
68868
70997
71482
71676
90463
91200
101865
134774
135295
136386
173991
257062
351775
425
7837
8021
8800
13425
14256
20391
29727
31548
42847
52219
57881
59544
65175
70842
71267
72167
84320
95359
96935
103520
152022
154446
164527
183800
210147
218777
223593
1770
4138
8417
19706
20082
20820
29418
29520
34676
42922
47453
49508
51722
58404
64553
64714
96792
119494
122055
134335
134743
135424
140767
206139
240975
545
3165
4099
7293
7386
7454
13004
19359
20603
20737
26492
27227
42876
47671
48961
49742
54883
64117
65651
95199
98407
104165
121201
121552
135640
157023
160507
227355
271
697
2916
2920
3977
5815
7707
10172
10202
20274
22650
42924
43065
44265
49901
52877
54259
64186
74911
95589
96976
120177
120465
156616
170203
178226
184032
228538
277497
82
2056
17040
20462
20861
24944
26510
26710
29691
41238
43305
47651
57983
70962
90931
91118
92229
92411
97176
134844
152031
162958
178038
281039
287089
317
3667
7224
7433
7550
19622
19966
21144
26855
28285
29522
30802
33480
40394
49473
53589
59434
71077
71239
71748
72014
75780
78009
123089
206152
208573
219895
239765
241731
242004
257063
300165
346574
346586
503
3385
6779
7388
7456
7582
7624
10115
12893
19334
19659
20693
24985
29555
31585
38278
43008
61631
64138
64716
74615
97162
97221
97769
104006
109220
114317
119997
125846
143314
147419
152161
301967
382135
145
527
600
1903
2344
2984
4261
7477
16706
23297
40292
42887
47617
57984
62640
65033
65642
66326
68863
91435
118573
121303
129676
129783
134653
136654
149959
151226
178990
200126
217976
231904
246130
264432
348412
2734
3394
8136
12729
14030
18083
19946
20720
21349
29047
30335
52220
64191
70954
71048
71234
71303
71594
91084
91095
91199
101019
120391
125767
134595
136733
139809
147395
154323
163177
208575
529
739
1852
1911
3275
3942
8019
13075
14117
16996
20734
20757
21334
25129
28508
30751
47826
52301
53493
55109
69450
70904
71283
113229
134802
148132
188008
238224
261
731
4698
11524
18989
19429
20724
22744
26628
27873
28790
49875
50892
75275
95510
95920
101831
109352
121040
139405
145589
155317
173022
178522
210138
351485
524149
585325
121
3169
5850
6763
12509
17822
26757
26927
40727
41090
42870
52870
60999
69082
70234
71496
75429
90912
92025
92607
108905
133264
135302
145279
240434
246585
298
454
816
7532
19329
20080
20646
26788
27005
27375
29352
30535
36208
42894
45472
54268
61025
64143
64664
65373
71238
75491
95059
95412
95516
132171
135421
179590
248757
255230
256965
260317
273285
301788
321678
476872
311
405
1871
2938
4237
7265
7664
19526
20830
21048
25223
28292
32648
42895
49506
59184
65542
70988
71963
74303
74899
117461
117526
218512
342944
1720
21158
99763
139927
155017
123662
140764
159758
160220
217524
240426
269902
1767
52900
96389
141833
143435
177705
212227
238172
551
13769
16607
25040
27772
92825
92922
97407
123665
144765
150851
258958
1969
6370
7099
8012
19331
23780
24959
27091
30224
69000
95332
118497
134640
145897
148548
175139
238203
275537
3285
7516
16628
29523
29840
30695
40258
42057
47719
58148
65352
71343
92778
129755
149054
178279
207460
236897
239282
258960
345863
401455
19502
21329
30606
44801
49736
60993
69899
91990
97283
120578
136677
140773
143818
145533
145550
149205
156948
158177
174408
185928
210679
299733
318754
2458
3494
7504
7513
7665
7998
12343
20754
24385
26623
49895
74596
75226
93012
94373
96862
128113
140647
145133
190632
221539
287124
388882
472608
3539
19725
24206
43054
64225
92313
148099
151352
151411
157146
185932
274658
1289
2944
3612
6868
7328
9764
10357
19412
19902
20696
20764
20914
22027
24560
26444
29835
30216
30419
32540
34007
43267
47685
61026
69433
70410
71153
71753
71790
91908
93114
95421
95641
97272
101580
121600
134922
136627
137372
217548
282469
301789
353820
390865
90
1048
4295
5429
17592
20698
21542
25164
25247
26629
27981
29211
42941
49407
49511
49526
56564
64116
70179
71398
71633
75730
82739
92832
121031
146001
207274
216848
259425
270012
348435
364645
297
593
738
1579
3274
5799
5845
14656
18858
19682
23564
56237
64147
69034
91221
91365
96992
97932
99182
101873
109131
116376
123111
125941
137373
143433
151235
171328
185010
203076
227704
302034
303718
344417
777
1614
5785
6778
7479
8502
16925
20709
24940
27242
27690
37226
40370
42904
48662
49796
49853
50793
50963
50966
68831
69724
70589
132959
134591
146810
147857
150660
180865
248773
257944
268391
269969
288236
725
2394
2956
7924
17340
21238
23147
23222
24569
25236
27035
35398
42779
46498
49462
52816
61514
64134
64158
64182
64834
71778
71829
91040
92734
97491
110551
119542
119975
121010
122714
123110
131098
131449
134672
135018
137384
139216
144756
158706
161679
189344
216005
222332
285414
273
449
573
612
1769
3216
7421
7505
12842
19415
21463
26537
26998
34014
43163
51226
54881
57879
68286
69036
71134
95582
99457
120626
121018
134730
139189
139199
157068
159332
174252
174427
202448
203208
208547
265566
270217
287123
71
436
476
485
666
1444
2747
4116
20655
20689
20958
27129
49428
54880
64692
64705
65243
65372
68272
71038
74045
74818
91149
91205
91375
91503
99230
120089
126212
134728
142889
144945
145392
155659
185925
221544
256488
268993
275220
296602
381387
284
518
990
1310
1993
3189
4040
4069
7107
7627
8799
9181
19431
20570
26494
36863
40371
42918
42928
53596
58113
58410
64459
65059
68900
71385
91263
92097
92204
92814
94238
96876
96940
97288
99745
127214
128864
143315
149129
153065
161874
185737
201243
212223
257252
302985
308443
340607
345820
393054
395783
543
730
1803
2170
2353
2463
2516
3430
6757
19471
19723
25208
25222
27056
34424
47806
48537
49082
49609
49754
53804
57995
61925
62623
64140
69071
70835
70911
91305
91959
95478
96720
98009
116183
117731
121591
122726
131011
135010
137339
143799
156295
242021
272528
296636
309775
347331
383418
377
673
766
818
2027
3989
4363
5833
7724
8550
16848
19487
19667
19813
27978
28714
28716
30657
30800
31602
37616
42913
43205
49615
52227
54780
64458
70061
71652
71769
79721
94517
97057
97071
117032
123085
123365
134703
139101
139221
144698
147274
160696
223687
273749
287657
311858
318701
498732
551856
173
239
3383
3761
7502
7825
9778
11550
13213
13359
26408
27195
28768
47673
54803
63922
69088
70290
71630
71752
85643
92534
94636
95258
97096
104024
177712
183909
189796
214060
318719
339271
381712
423488
94
340
1370
2352
4163
11502
19681
24167
26216
27043
27392
30432
30584
30949
33350
39968
43316
61032
64463
65615
69919
71819
73881
75509
95470
95925
103372
120357
143831
148820
150034
151200
153547
160695
183834
225576
240419
244644
263123
318709
341154
351514
398417
105
1810
1824
7984
8024
8245
10520
17095
17178
19785
20191
20788
26020
27204
27298
39951
41204
42889
43260
49548
49755
49862
54879
56563
61187
64567
65545
65652
71321
74933
81908
93013
94579
96606
110192
123725
139810
141221
141823
142250
149042
149128
228918
229506
237588
261642
330952
384762
391
492
1037
1174
3403
4091
5792
5860
8060
14002
18790
19396
19816
20499
20677
21005
22346
32065
49420
49743
50197
53460
60936
69080
70851
71374
71717
85353
92796
93783
95535
99146
121028
129548
130945
134601
210312
229368
258535
259255
295526
304942
171
422
665
759
785
965
1212
2071
2839
3222
3286
4062
6799
7529
7543
7804
18407
20022
20672
21968
25915
27358
28580
32009
41104
45757
49900
51768
56215
60965
60997
64174
64498
65004
65172
65238
68780
70971
71082
71086
71138
75009
95348
96871
97928
103532
118621
120206
124350
134442
135378
136138
141406
191372
221541
241735
251817
318708
787900
2042
3171
3963
4274
7385
7468
7912
7968
9147
12090
19687
20223
20509
20639
24941
26785
30560
31846
41760
43374
47608
60968
64456
64503
70804
70872
71064
71079
86424
91419
95035
95468
95819
121500
121626
125764
132940
137375
172359
191154
227597
334055
466
5781
7770
14020
17788
20752
20783
21715
24896
26385
26780
27408
29409
32702
36389
39809
42873
49494
54945
55114
59551
63662
64125
64205
64563
71419
71538
71553
71729
75216
91889
92109
96153
102063
117734
121468
132937
144623
147317
151977
190459
216502
218433
281120
301787
351344
353461
381878
395679
1006006
1785
2088
2416
3282
3453
7313
19384
20024
20736
20846
23603
24531
25057
27252
28329
28453
29609
31348
31597
33318
37527
39983
41094
42900
42908
44417
46302
49765
55271
59682
64193
64525
69745
71085
71229
71693
71723
74895
91395
103537
118551
118553
121652
134345
134687
134904
140378
140788
142169
144865
152233
153103
188328
203080
215330
218973
246384
254697
261597
354452
429369
1126352
309
567
950
1837
3166
3477
6814
6963
8234
8709
10253
19956
20525
20722
20733
20798
21421
21774
22225
24842
25171
25686
26924
27395
27865
27933
31080
31698
32063
34690
43925
47828
48732
49432
58136
59744
68624
69002
69018
71582
85425
93074
97204
101432
113844
119456
130968
131065
134655
140431
143863
145907
147517
153420
155200
160258
177792
204837
207754
222683
248610
248683
270224
277549
299731
299787
341879
444452
1443
3167
3918
6822
6873
11927
13001
20280
23525
25139
29436
30570
30950
31693
37250
39204
47169
47687
49653
49848
55144
59745
61016
64286
71135
71474
71520
75386
96928
97258
99346
99740
101165
117664
121497
125933
130618
130962
134645
140439
141816
162339
199529
210370
440153
443671
319
674
2005
7642
7843
7987
8029
11456
13093
19369
19633
20779
22197
26848
27795
29014
30628
31573
42858
43269
43300
49449
49614
49903
53470
55145
61247
62628
64210
64690
69067
71158
71351
71603
71934
75748
86865
90951
91077
92593
92757
99446
101122
102684
112531
128143
134597
134667
134797
136655
143796
147546
203274
210467
228714
238843
282487
318699
413231
489
506
660
2087
2902
3265
5834
9644
17801
19409
19954
21860
23732
25004
30727
31579
34433
36593
41713
47618
49517
52433
55112
58103
60963
64465
66633
69978
70833
71066
71237
71491
72054
93921
163369
164280
203253
258578
277262
628846
40365
40601
70318
70496
91111
91373
99320
111514
120509
126108
143924
160512
217199
221761
260013
265504
431332
712233
3311
18947
20273
21849
25918
28064
31729
40159
52436
71320
71661
71685
72233
100041
117367
120525
121809
155878
233244
239886
242387
267167
286408
345858
807
1918
2114
3711
3916
7343
19770
31419
63611
68965
74974
75784
75872
95330
108673
113228
120536
136626
143738
151225
154452
186616
238301
241962
246959
289511
292139
302030
450013
564
3413
4273
16736
18762
19478
20970
21257
21545
24577
25133
26735
31274
61289
70286
70972
86950
95069
96285
97489
99179
102523
136801
140752
141245
147635
154594
155824
156774
164794
184150
186965
207327
227258
275236
351170
395070
811
3218
8291
16698
20828
31705
48792
52975
71350
71767
71987
75030
95325
97092
98011
127429
128116
134800
146862
150302
157101
189631
198094
203095
220737
257924
259429
277835
325904
431412
510246
13
34
462
1894
3482
3606
6764
7517
7826
7861
8065
16972
26330
27226
27705
27977
27993
28372
29906
31950
36560
40350
49073
59535
62602
65171
69435
71434
81863
92206
95315
96981
97152
104084
109813
119482
119562
123679
134624
140799
144928
155389
174801
204841
231166
239909
241744
264115
267101
269503
271124
345883
401163
476875
2391
2769
3260
3358
3937
7605
19432
20084
20225
20741
24633
25960
26343
29255
30416
30603
31415
32014
41242
42946
47794
49571
54889
58102
64825
66887
69442
70894
71102
71125
71709
92613
95339
97285
97598
117363
121498
124238
134665
142206
156811
157897
158703
161280
188494
198860
204688
227438
228790
238050
255134
262110
342815
347747
403
2903
3429
3533
6798
6817
17819
19465
20794
20840
22328
26717
29667
30279
39388
45549
49666
54808
55850
55880
59547
59550
60953
65165
70191
70375
71500
72039
78054
80010
89683
91109
91247
91399
91881
93209
99171
120201
121043
123157
135193
141489
145421
155063
188309
190693
200167
230581
231127
243497
266368
293333
318766
318837
395840
576308
270
2389
2907
5818
7291
7306
13131
16927
18550
19413
19610
20064
20749
20996
28581
29205
31675
38886
41504
43900
49837
60290
61033
63834
69238
70999
71152
71421
71590
79711
83605
92208
92539
94138
94553
101201
117471
120542
120625
136394
138923
153418
160304
160615
207642
216804
233356
241727
342943
351363
364558
406120
419959
423556
446049
510332
378
1873
7384
7462
7679
10794
12358
12737
12923
13325
16860
17433
17618
19392
20536
20732
20950
23246
27177
30206
32436
39684
40242
44442
47678
49404
49579
49610
50488
53636
59197
61223
63664
63684
66937
70906
71075
71147
71451
71534
71689
71730
75415
75826
92606
92629
93111
94154
94544
96504
97287
97309
97495
101845
104020
113466
130967
133624
134676
134682
134698
139223
145353
149967
156358
171045
178500
179938
199599
207731
218021
225549
240449
241725
246134
258055
302049
303552
346590
382936
450874
473828
316
442
808
934
1101
1559
3704
5821
6348
7397
16841
19714
19794
19911
20631
20850
23789
25140
26711
27054
27233
29917
34436
37522
37626
41550
42896
58939
64198
65157
65654
71014
71691
89682
91195
91323
91328
91329
92063
94609
97001
117766
118501
119983
131379
137376
139225
143334
143833
147387
150195
152700
157406
159443
161269
175234
185731
210298
217188
220749
229077
229864
231177
232545
240445
248686
252772
268817
274657
289540
302070
313753
318803
345855
351779
353034
355550
423566
436130
47
362
6828
7570
7633
7812
8478
10631
11925
13328
16701
16840
16843
17018
18423
19775
21564
24920
25179
25916
26697
27067
27268
28894
42912
43845
47615
52386
57873
58702
63182
64104
64519
65649
68829
69217
70822
71367
73987
79847
83444
91117
91154
91431
92755
93788
94161
95301
104019
119276
121129
121165
125068
125995
130634
147414
159883
163562
201242
210311
219654
254137
288215
324724
758913
411
2017
4000
7319
7893
16852
19330
19677
20057
20611
20673
20748
20864
20917
21689
23159
24921
27112
27319
27412
27423
35630
37892
49738
52297
60533
64511
64806
68811
68856
70985
71273
71554
76419
76525
92099
92299
92616
96068
96557
97335
98287
99486
101370
110210
121737
131264
134600
134680
138774
141545
143897
147420
151447
152580
155027
159982
164285
183900
209198
227115
231130
232049
234154
235899
237233
237304
238290
244594
269999
297994
314842
346578
351794
362245
490778
80
260
708
1814
3204
3316
3957
6255
7629
7694
16631
19435
20049
20718
20786
21174
21479
24946
25012
25132
25142
26521
27031
30677
31280
37232
42973
48518
51743
56468
58622
60976
62714
64175
64418
64581
64600
65559
67776
68862
73604
73884
77398
91911
96746
97112
99331
101832
114273
117378
119451
119985
123101
132251
134799
135410
136109
136337
143153
144954
146055
149998
150659
156529
185950
187594
191575
204516
242453
246654
263122
267646
299494
352773
382445
455456
1430
3352
3446
7330
7498
8026
8283
11926
19773
20393
20770
22715
24934
24943
27214
27374
27944
28542
29185
29794
47763
49672
52843
53473
55356
59542
60985
61191
61515
64133
70884
71128
71248
75839
75878
76346
90995
91115
92563
92635
92711
93113
96725
96931
102861
117490
127132
134658
134768
141553
145326
148175
150831
152272
159219
178515
202372
207737
218974
220784
223947
239593
239778
277846
281079
281418
290260
303806
309226
317540
346611
359926
412117
451385
14
54
510
592
621
797
1405
2810
7045
7509
7803
9097
9298
10485
17593
19009
19974
20774
20939
21736
24516
24732
27611
28330
28987
31001
43210
45508
47781
51771
59539
62636
63058
64457
64742
66574
68818
70302
70823
71150
71271
71654
71655
91361
92214
92621
95738
95864
96082
96258
96574
118025
119446
121803
127006
130914
134599
135118
145227
145985
147389
152235
152921
160224
183839
216837
220847
224117
257234
257996
264191
351359
492940
104
604
728
794
933
1038
2986
4776
7372
7536
7683
7961
7963
16894
16995
20663
20784
21380
24924
28381
30259
43812
49425
52583
57907
61024
68290
69769
70843
71783
78933
89685
89781
93928
94556
99336
100201
104738
120105
121367
121470
121587
121926
122709
129754
129762
134747
136382
136709
138925
139099
139798
141486
149653
174112
188694
188944
212304
219040
241723
241724
257061
274680
346100
346571
355350
49
183
560
694
745
1191
1195
4004
7302
7370
8681
13996
16710
17408
19512
19527
19636
20055
20564
21639
22107
23497
24962
25014
25377
27202
27702
28290
30731
30942
31428
36585
37539
37687
41074
43375
47327
48011
49399
49813
50504
50896
54265
57856
58112
59570
60995
63680
64153
64424
64732
64758
64923
69130
70011
70497
70845
71131
71695
90918
92328
93989
95062
95351
96699
97004
97423
97525
101824
103769
108611
120003
120663
121426
121489
121761
122971
127998
132950
135014
136700
136965
142108
145400
145980
147390
147415
148113
148852
150738
156615
189323
202463
210648
228521
240192
244907
251284
259131
261304
263374
263923
283628
289404
345897
529664
576303
242
413
782
823
1675
3340
8306
8953
12950
17893
17894
17918
19480
19506
19912
20445
20455
20647
20759
20816
21870
23741
27109
27247
27761
28450
40257
41646
46833
49416
49502
49525
49844
49907
51518
52821
57461
58940
60952
60989
63533
64268
64464
64717
65060
65643
65796
69633
70744
70838
71236
71431
71626
71643
71680
71722
72046
73820
74993
75042
87653
91289
91738
91817
91841
91877
92740
95364
96777
102413
121594
127339
134724
158426
159824
189892
190804
203084
221538
259428
262757
280332
405906
681
6397
26778
28221
55244
60333
71452
95855
108535
117464
121209
121295
121920
123223
141728
142187
147908
157345
158506
197415
210141
270221
289243
302069
389861
2302
3369
4429
6172
6356
7842
17831
19691
27994
28936
33922
47717
49522
51568
52734
60979
61104
61220
64656
69058
71812
94592
95947
96294
98335
117971
118853
119995
121621
122785
135242
135882
137369
145522
148930
149211
151297
157021
158420
162005
173990
180212
188082
219539
233177
253649
261299
579447
1927
3349
7634
7990
19395
20165
20255
21094
21527
22413
26364
26460
26561
26635
27232
27340
27359
30318
30436
31706
35460
37524
39832
40532
45518
50890
57852
58117
64114
64240
65526
70120
74875
92816
93060
93859
95670
96879
102249
119350
120325
123105
128612
128835
129743
135056
144213
161953
164539
184838
186929
189326
239599
253006
270563
286364
292267
295354
299574
313805
319667
347365
359972
408235
558347
816305
1027132
508
3179
3486
3568
3995
6362
7589
17104
17617
19895
20058
20200
24327
27033
27315
30735
43140
43286
49812
58640
64588
65420
69093
71761
74915
90989
92580
94378
95671
117620
120158
121420
125850
128173
134700
136607
141192
142480
143283
144625
148795
151741
153067
153529
155085
158805
160487
160573
161329
164503
173985
174790
177650
205907
207577
223694
224499
241322
299684
299728
304817
390413
414605
540
1811
1820
6176
7797
11612
16619
17094
19430
19557
19574
20127
21332
22044
22769
25161
25228
27352
29945
31557
49668
54249
58105
61352
64180
67701
69016
70592
71011
71318
71773
71820
72202
73842
74950
80442
91202
91508
92034
92792
95454
96957
110229
118069
123282
137572
139059
139332
141504
141891
143226
144539
145612
156967
157404
185924
196711
203048
212426
212901
218292
222347
226152
229652
230779
239591
240376
240420
240427
246656
248528
262101
394350
474153
546034
130
817
861
2105
2965
3284
4135
6776
7070
7564
10334
13064
13579
16636
18870
19830
20034
20235
20527
20660
22731
22786
26638
27386
30329
30336
30686
31386
42892
43146
49626
52218
54630
55263
58604
61918
64731
67634
68867
69434
70516
70891
71039
71573
71599
71833
73585
79743
84475
90916
91443
92644
96097
97927
99177
99196
99976
103390
104058
109105
116232
121344
129729
131080
132953
134659
134767
136445
139373
140541
141815
145831
150032
151927
152763
153104
155220
158647
161798
162733
169577
178699
178932
207428
210592
224543
233219
246396
261536
272152
274120
277005
286436
287083
289317
826437
1017832
109
252
1494
1870
2585
2625
2710
3589
3622
4101
6345
7649
7979
9997
16745
16890
17587
19582
19759
20149
20976
22070
26789
27353
29704
30265
30562
31329
31418
33079
35631
41169
43680
47616
47715
48512
48663
49438
49530
52997
53437
58497
61520
68801
69662
70503
70821
71080
71084
71160
71464
71682
74273
74607
75600
75742
76983
77173
78232
80416
84691
84692
86520
92363
92960
103329
109212
120406
120521
121068
121357
123083
127413
129740
136327
139137
142537
143220
144357
147311
147413
148407
151408
155026
155111
160331
163023
178782
184290
188311
191508
197909
198527
215315
225974
228933
231125
238230
244833
248609
268804
277049
281077
299521
299589
340917
381856
436484
439108
168
275
393
397
553
615
620
1033
1477
3360
3923
3958
4149
5912
6364
13681
17864
19387
20684
21165
24401
24628
25212
26507
28446
30724
31469
31849
40249
42885
42915
43905
47658
49332
50918
52475
53319
53599
53998
56238
58325
59195
59548
64496
65525
66384
68853
69085
70137
70813
70944
71384
71455
71625
71634
71656
71688
71732
71866
72009
72127
74549
75233
82251
82588
90803
91073
91400
91473
92051
92125
94570
95328
95934
97245
99954
100694
115360
117499
118781
123291
123666
123669
134649
139391
140748
141015
141218
143804
151237
152953
154424
157537
162309
190749
195949
207769
212216
219286
226550
239598
241514
241764
263894
271823
272730
277081
299721
329616
346456
354060
416692
445665
599694
736861
385
498
502
1205
1778
2041
3082
3203
6883
7051
7507
7591
7769
7914
9565
10423
12221
12613
20835
20853
26024
26504
27193
27222
29668
30719
31551
39928
40545
43971
48753
49622
50737
54827
54878
54985
58141
64105
64124
65556
69804
70271
70902
71027
71675
71716
71719
71725
75228
81932
91316
92418
95060
95397
95817
95972
97165
97240
97482
100796
101889
102209
103471
104110
109817
117583
119998
120614
121042
121065
121495
130275
134675
134714
134715
139214
145298
146322
148224
150563
151234
151409
152846
158655
159728
159892
160708
160964
161197
161455
173150
184990
209217
219041
222590
235631
258644
276786
277629
289401
292134
345860
347105
347314
353460
388797
444223
447125
468761
471360
475063
56
650
2009
2899
2922
3281
3883
4106
7186
7658
7741
7879
8639
10526
11281
13000
13360
13430
13546
13596
16811
17019
17114
17824
18151
21052
21067
21392
24942
25973
26810
27356
27927
28289
29041
30698
31300
31403
36552
41785
42891
42916
49748
49775
50296
54772
58004
60996
64113
64177
64520
64823
65648
66938
70017
70811
70932
71544
71826
78593
84363
84393
86971
87561
91520
91980
92561
92933
95355
96498
96798
97197
97560
97581
102228
108586
108670
116281
116462
117386
119981
120000
121033
121176
121286
121598
123672
130959
134959
135861
135866
136325
136603
137089
140800
140808
143142
144803
147463
148109
152768
155662
157074
171394
180261
202015
218653
220585
227473
231998
239725
259529
261676
262215
268365
274504
275252
289324
289398
340918
355548
395751
398060
88
93
482
568
656
764
780
803
1772
3094
3526
4139
6115
11615
16622
19513
20822
21228
21325
22410
22668
23911
25066
25162
26516
26541
27194
27357
27905
27972
30221
30369
31883
32068
36325
43201
43227
45611
46993
49534
49767
50292
50663
51683
52582
54874
57866
64173
64188
68786
69068
69532
70148
70502
70912
71171
71293
71449
71624
73836
84101
85057
86697
91050
91360
91371
92293
92610
94460
95207
95994
96420
97120
97187
109186
118394
119513
120374
120718
121037
121350
121521
126818
127275
130907
131074
136755
136977
139187
141508
148133
155019
157422
158460
171043
190509
210140
217992
218924
227251
228724
237184
241485
261222
264763
271662
301444
308032
318796
326813
357407
414205
431777
99
1831
1857
1941
2016
3268
3893
6791
6794
7637
8059
11889
18969
20638
20771
20799
20829
20872
20926
22442
24919
25067
26958
27296
27704
27744
28257
28357
28649
32016
32595
36403
36728
39935
42846
42866
42920
49535
49899
51345
53451
55204
58116
59534
60930
64132
64562
64603
66644
69605
70931
71105
74858
74910
77602
78698
83216
83623
83696
87157
91057
91079
91853
92167
92307
92648
95426
96503
96562
97003
97247
99333
110064
110560
120522
121200
130615
130961
131474
133705
134822
134934
135209
136402
139140
143745
145383
147841
151223
151708
151872
152166
152231
158746
161303
172224
188281
188286
190696
196661
202186
202525
208581
209069
217205
218322
222445
229913
230143
240201
240236
241729
242018
248763
266367
281403
283383
285054
293120
295517
314308
318826
327171
351449
359328
368357
474470
30
642
790
805
1732
1920
2873
3090
4122
7181
7563
7740
8181
9064
11657
12581
13374
17601
18292
19427
19656
19953
20234
20738
20832
20852
21574
24950
26357
26490
27034
27087
27126
28552
28717
30633
31145
31571
32454
33513
41495
41723
43030
47807
49890
50906
53794
54809
68838
69614
71029
74872
89703
91169
94195
109905
112333
123675
134894
134999
149647
158664
160465
178543
178662
189909
195431
215079
239424
259332
285538
395508
490629
906458
908228
913507
9337
13287
19755
27237
28532
37723
39864
54505
55830
59382
60903
61149
63211
68821
71272
71857
72163
91858
92110
92601
93485
94559
95508
97274
97324
99160
105202
121507
123188
123718
134660
136328
140423
146943
146989
150060
154011
154026
157223
161127
174362
174793
175172
177667
178532
210597
223674
229859
246358
252877
260229
261741
281080
294280
309799
310531
315806
329195
336678
339502
351107
361932
418637
888879
2912
3534
3545
6800
7171
10464
14115
20618
23495
26878
30232
30571
45652
49401
49674
49831
50808
57867
57998
59834
66823
67017
68819
71025
71298
74819
91778
96145
97603
98060
100004
103382
105229
114179
117990
120008
120360
123833
127102
133708
134810
135795
143224
144773
145286
145470
147805
148129
160313
161649
173046
187249
203574
205038
205919
212229
228924
240386
256229
261221
262192
263329
274482
281086
296864
327891
351817
385890
396022
441238
492101
656335
738607
1071176
547
748
786
3028
3504
4297
5112
7257
9584
10321
17614
18690
19018
19591
19647
20029
20772
21826
22176
22228
24141
24898
26715
26902
28187
28647
30716
40390
42865
45706
48719
49453
49591
49819
52440
57876
57897
58934
59000
60089
61654
63515
64142
64573
68794
69530
69720
70836
71065
71178
71214
71326
71425
71735
81015
91220
92116
96964
97291
97493
98435
101886
104010
104018
114673
116320
117598
120315
126137
128011
129657
130529
132004
134636
136345
141220
142808
144936
147849
148436
149243
150599
155046
157823
174375
177942
190514
190602
190697
191783
203073
215900
230982
238191
244914
246895
247629
259365
276101
277967
299789
301434
302237
303512
351351
351455
402612
444372
606793
889257
225
959
3473
3542
3945
3984
6795
7206
14035
18223
19661
20485
20507
20803
21834
22612
23272
24812
24961
25794
26782
27118
27287
27695
28174
28921
30035
30428
36574
37562
40603
42561
42843
49434
50912
50958
53750
57899
59735
64558
64685
64712
65851
69626
70812
71205
71459
71502
71692
74339
74826
78833
79365
84189
91144
91847
92069
92476
92622
93000
94142
94155
95176
96700
96954
97105
97195
104034
106689
113484
117440
121292
125718
128171
128846
131936
135259
139171
139385
142249
144492
147520
153569
158427
158697
161322
188600
206164
215066
215831
219876
221549
223541
229863
238918
241852
252778
256492
274694
279250
286409
299562
319597
344166
347104
395620
419960
446279
521511
1017191
101
345
525
667
830
1432
1791
1937
2024
2476
3335
3762
5804
6804
6849
6979
7185
7697
8167
9300
9419
10328
12047
14069
16721
16754
18873
20666
20956
21371
21429
24512
25815
25935
26043
26519
27003
27094
27292
27618
28283
29886
30303
30690
31844
35421
36409
48527
49871
52923
54519
54789
55066
57463
58073
58138
58653
61013
61910
61912
63511
63512
64148
65001
65804
66503
66647
66678
71035
71076
71669
71686
71710
71772
71877
75783
83700
91009
94568
95991
96162
96272
96614
96826
98346
101313
101863
102254
103509
105646
109251
112982
113022
117356
117696
120262
120535
121234
121581
122016
133992
135140
136454
136707
138482
139198
141817
143472
146147
149047
149986
150510
155025
158119
162938
164549
172341
184902
195423
195514
203094
205712
207667
209986
216378
217983
220223
221901
237252
241009
241377
241521
241947
246464
252865
255288
258806
265497
265506
276971
277786
281117
281273
295546
303618
314861
326818
329127
336584
348021
361260
456147
458798
568197
691362
10
134
1202
1724
1896
2350
3496
3523
7584
7647
7666
7888
7988
8007
9654
13015
13332
16626
16729
16920
18698
19026
19703
19734
20078
20087
20190
20231
20291
20658
20715
20964
21272
23671
24963
26310
26691
27110
28054
28601
30253
30680
30997
31574
31735
33497
37046
42867
43254
44325
45646
49092
49480
49886
50146
51134
51714
54802
57857
59705
61735
64281
64691
64720
66702
68837
68846
69013
70583
70837
70915
70939
71006
71087
71439
71458
71749
71758
71842
74578
74768
75104
75345
79371
88048
89693
91056
91281
91337
91855
91878
92240
92568
92729
92970
94023
95117
95640
97056
97254
98073
98091
99282
102100
117604
117995
118522
118944
119971
120393
120568
121104
121370
126940
127308
130307
131010
132942
133271
134719
134806
135283
135846
135886
139178
139295
139329
139397
141558
141582
141814
144777
144925
147433
151419
151556
153873
162783
174183
201837
217417
221070
221167
224560
227411
231162
241954
252292
255852
266025
282496
299554
312227
314244
314830
353886
419957
487086
664863
1106508
206
519
646
752
1796
1854
1880
1901
3968
3992
6327
7432
7593
7640
8517
9720
9965
10104
11165
12419
12899
16632
16746
17267
17605
18043
18267
19842
20126
20802
21386
21628
23332
25335
26501
27256
27650
28018
28444
28703
29122
30678
31312
32054
33428
35531
39865
42868
42955
43169
43202
45483
46292
48544
50838
50903
52221
53806
60945
64162
64517
64722
65644
66248
66507
66696
67078
68329
69310
69640
69926
70310
70825
70893
71106
71216
71306
71401
71696
71728
71953
74901
75281
75759
91065
91083
91155
91500
92990
94146
94558
95034
96135
96591
96631
96810
97529
101185
101207
101535
102884
118800
120576
121102
121179
121547
134365
134668
134782
134849
134993
135843
141208
142757
146311
148857
148948
149026
151075
152147
153219
158184
159580
162746
171067
174250
176606
177965
179947
185736
187250
197714
215510
217186
219335
219686
220521
220845
220948
221460
222111
232030
237238
237606
239774
240379
241747
241980
244566
247766
248899
251580
257713
259146
263487
267079
268345
273170
296021
297890
299393
311349
334525
346582
348348
350188
395025
406719
451416
463524
618240
885279
156
166
437
447
493
497
628
678
770
1314
4011
4430
4690
7352
7375
9807
9817
10483
13537
16625
16911
20002
20123
20124
20268
20591
20685
20854
21882
24005
25077
25302
27020
27162
27674
28154
28495
28720
29143
29541
35504
43226
46186
48652
49797
53478
56456
58386
61009
61649
64513
64590
66783
70952
71107
71457
71674
71802
74479
79728
85961
86702
91014
91196
91209
91493
92521
92817
93404
95476
95901
99977
100778
103600
103701
114075
117456
119493
120401
121016
121017
121285
121491
121496
128110
128262
129730
129732
130951
131024
131058
131462
131512
133072
134731
135813
140651
140780
141794
143141
144932
145429
146819
148381
148767
149209
152182
152246
152506
153432
153985
154023
160214
160225
180294
186952
189540
218949
222400
226518
242452
257992
260418
260883
261906
264579
265512
274752
275337
275726
276770
289469
299737
299746
300180
301335
320099
344196
347265
349362
357635
358473
388335
394037
472205
532889
622248
693603
764616
220
800
1609
1821
1884
2081
2539
2721
2990
4143
4267
5858
6369
7854
12682
12756
16707
17745
19390
19441
20118
20437
21311
21462
23996
25230
25954
26645
26860
27044
31258
31326
34317
42181
42893
44552
44975
45683
47643
47683
48759
49309
49595
49762
50248
50410
50586
58128
58238
60970
61018
64168
64707
64721
64749
64898
65823
67353
69033
69056
69915
70841
71864
74421
74953
74975
76063
86944
91367
92189
92315
92747
93040
94538
95241
95308
95336
96980
97297
99450
100024
101878
102428
117527
121628
121871
123664
126148
130948
130974
131070
131118
134330
134481
134685
134793
136632
139070
139850
141905
143889
145676
147245
147276
148336
150007
150789
152207
152517
153960
156033
156990
171501
173052
186249
191865
209737
217595
228951
240484
246332
251863
252919
253147
271529
276808
285435
285676
295898
351346
361684
370190
402916
792863
6865
8313
8611
12455
12864
20181
22196
25147
30405
31634
31816
49804
50800
53329
55116
58242
64674
69573
70666
71469
82544
91327
92522
95260
96684
101588
119474
134689
135086
135934
136338
151873
165046
188502
203260
207570
213536
214192
216445
220908
226851
238192
242007
242799
273028
274248
276976
281085
281395
281405
290738
351354
419975
488992
836153
858326
860659
875391
516
625
1735
1950
1952
6474
7811
8013
11900
12719
15066
17960
19240
19829
20111
20440
20795
21115
21281
24679
24923
26231
26491
26526
27175
27409
28762
29344
30472
30967
31910
37112
39867
52985
61010
61098
65532
68823
70989
71559
71581
72279
92709
92782
92809
94160
94625
96590
97476
99305
101158
121045
124473
135285
136461
139053
139195
141533
141534
141608
141896
143184
143726
144904
146105
146802
147134
152428
154297
155012
155061
160621
171116
175314
179457
184652
184835
185786
187595
206387
210308
213184
215067
215094
218543
223979
230886
240460
242054
248608
251096
255291
258585
261207
262724
263935
269810
273298
291422
310490
318841
340914
367952
396247
456344
600035
673170
692705
744158
951010
974277
979456
111
213
276
1550
1763
3256
3471
3478
3674
5763
6044
7857
9151
13884
17204
17410
18943
20283
20403
22323
22525
23921
24212
25237
25635
25802
26315
28253
28493
28655
28993
29690
30226
31105
36971
37650
39731
40274
40323
40540
41500
41510
42780
43049
47810
49603
49664
49735
49747
49918
55105
58982
59404
60297
60960
62659
63679
64146
64230
64847
67523
68371
68687
68720
68875
69022
69422
69829
71254
71396
71441
71483
71651
73825
74854
81448
83197
89499
92112
92412
92617
92771
92966
94141
94366
94632
94753
94758
95357
95993
96602
98426
99437
102743
104090
121027
121555
122779
127261
127402
132210
133376
140448
141554
143454
145450
146005
147843
149834
150022
151629
151915
153894
159988
160580
170308
174220
174890
177675
184159
190730
197462
207622
208364
210302
212491
217485
219341
237374
238054
258361
267064
289539
298086
298618
298640
311145
318417
318885
340900
345873
348272
349642
351780
354059
358956
369514
394440
402568
436164
443937
448004
576305
645599
679209
735106
739097
860001
901784
544
639
645
706
1229
1390
1452
1535
1780
1904
4105
5794
5906
7672
8287
9612
9763
9786
9954
10153
11510
11656
13563
16715
16930
17077
18946
19688
19888
20369
20598
20654
20768
20775
20899
21139
21154
21651
22588
23577
23880
24202
26361
26692
27289
29718
31283
31659
32012
36809
37211
37543
40359
41075
41631
41906
41983
42948
43847
47814
47842
49921
55118
60098
61197
61516
65005
69196
70866
70925
71264
71609
71736
71890
75737
79392
84535
92414
95988
96907
100779
100787
101009
101715
101904
115292
117468
118496
120090
121025
121233
125268
134648
134673
135828
135876
139620
143307
144544
145377
147273
147927
150579
151731
153266
155020
155040
156583
160393
161266
162300
171327
173116
173219
174993
176568
188591
192024
192337
201400
206395
206490
207357
210294
212085
213185
215075
227257
229082
229852
230609
238394
239415
239433
242165
251953
256542
259166
261218
261371
262418
263719
269483
269892
286972
290011
292378
299496
299583
303163
310729
327361
327423
330567
347318
353413
354857
355227
356735
357206
358365
361783
362172
362253
393185
396033
398385
406716
468814
492237
503573
611883
612655
618150
629080
692740
709905
729155
789800
942515
1122183
235
238
742
1138
1189
1422
1883
1892
1909
2003
2337
2888
3016
3313
3887
4109
4677
6997
7256
7639
7720
7939
8027
8240
10045
10689
11295
13048
13333
13372
13710
14183
16882
17172
17360
17664
18906
19489
19865
19948
20067
20648
20848
20859
21239
21572
22161
22447
23644
23897
24121
24420
24753
25016
25785
25803
26528
27059
27278
27306
27336
27344
27417
27656
28125
28934
36008
37534
40356
40590
41108
42065
42982
43102
47109
47505
49729
50997
51213
52863
53592
54993
55107
55336
61002
61143
62642
63441
65030
65160
67147
68328
68855
68872
70974
71057
71211
71448
71586
71677
75026
75061
75235
78032
83437
91145
91488
91511
92054
92179
92615
93079
93163
94396
95818
96259
96292
96523
96866
97144
97225
98078
98443
100005
100437
101820
103310
103913
104064
113854
116370
119443
120178
123112
123674
126141
127032
130207
130527
131030
131068
131119
132960
134605
134885
135580
136826
139194
141209
141288
141509
141557
141907
142700
143296
144636
145291
145355
145432
145835
146091
146379
146649
148340
148792
151814
152249
152579
152694
153142
157918
158507
159446
161215
187247
188399
188404
190627
201702
210303
211272
221169
222011
222467
222554
224230
224984
238438
239596
240292
240421
241726
241741
242006
246119
247952
257089
258597
259144
260918
261300
273543
281417
287141
294308
300185
314951
327904
327925
348025
351370
414670
512190
593479
628473
662348
663836
770102
1081818
1083932
1111560
158
556
699
792
1801
1843
1886
2738
3208
3439
3691
3920
4259
6796
7897
8190
10503
10827
12863
13018
16969
17119
17328
17336
19609
20171
20220
20941
21274
22056
23133
23306
23442
24278
24821
24836
25005
25810
26488
26535
27362
27366
27446
27700
28758
29843
30319
31570
33411
36407
37765
37779
39658
43206
47620
47632
47714
52742
53320
55123
58181
58229
59167
59189
60988
61244
63959
64232
64252
64565
64666
64723
64842
65241
65528
66657
67062
68718
69023
69790
69939
70953
71175
71227
71340
71552
71575
71637
74120
74849
75011
75029
82162
91055
91876
93285
94040
94750
94807
95108
95578
96833
96913
96946
97168
99271
100429
108930
110694
116323
117385
117911
120532
121058
121190
121222
125090
126129
126264
130911
131548
134729
134893
134902
134913
135406
136241
136358
140734
143320
148101
148181
148332
148452
148833
149818
151896
152007
155070
156600
157546
160255
174910
186059
188285
189860
192231
192484
212210
217189
222652
227117
227141
228734
241476
241490
241738
242108
243899
246411
247266
259434
261277
264759
265496
267940
274646
274945
275372
276303
280198
286720
296262
300341
303152
314737
314891
326814
344890
345841
345912
355988
448157
458504
491501
512452
633006
774954
193
549
616
704
853
1232
1306
1427
1899
2969
3264
3953
4343
7283
7357
7677
7918
8292
9202
11649
12978
17270
17453
17536
19645
19705
20039
21191
21283
22735
23339
23736
26377
26378
27076
27338
27736
28188
28604
29118
29483
30285
30317
30421
40534
42500
43063
43071
43211
44588
45775
47662
49567
49745
50902
52211
55094
58127
61069
61208
64277
64473
65069
65085
66984
69005
69598
70349
70538
71202
71244
71432
74893
75937
78507
91254
91331
91960
92252
92761
92994
93490
94557
94603
95798
95910
95952
96312
96483
96950
97031
100449
101614
102048
103255
104171
117376
118340
120567
121411
123205
128408
130924
132603
133669
134618
134707
134982
135277
135811
136462
139085
140771
141566
143432
143718
143741
144291
144425
144956
145923
146979
147516
150479
153867
154463
161438
161560
162257
164657
174340
178530
179698
184734
190761
192646
205000
206150
207696
208449
213467
216637
217523
218243
218955
219332
221401
222356
227503
231164
237376
246222
252864
263854
264721
268111
270924
273904
276332
287522
299537
299727
301386
307222
318704
340741
345885
347349
347478
356448
386825
413360
418330
449976
570645
570765
938282
198
618
676
1291
1513
1766
1790
1807
1861
2282
2901
2909
3074
3140
3333
3543
3610
4078
7995
9038
13227
19365
20108
21235
22142
22999
23012
23387
28500
30713
31409
31599
40744
45093
49809
55111
56284
70402
71787
91429
94773
94863
95506
98062
101012
102102
108906
117361
121604
134877
139348
139621
139623
141777
142482
143837
144278
145394
145463
150611
150677
151711
153467
153764
154407
155015
155047
156302
160971
198173
200770
200776
221519
223693
224061
227138
227666
227920
236189
248764
256144
258805
267703
275742
280599
289518
302027
303406
303692
331931
433269
435120
523472
529508
1249
1917
2993
3381
3423
3988
4021
4154
5780
7404
7632
7853
7899
10066
10666
10804
11114
12240
12629
17222
17804
18737
19707
19990
20676
21185
21199
21255
22950
23489
23936
23991
24728
24913
25343
25757
26532
26734
26750
26786
27606
27954
28498
30196
30197
30212
30762
33113
36625
37125
37230
39933
41624
41779
42886
46994
49829
49897
49971
50058
50189
50960
54119
54613
55314
59212
62613
64646
64835
65341
70003
70272
70315
71054
71257
71269
71380
71679
71713
71738
75041
91005
91134
91173
91513
92103
92812
92823
93322
94136
94545
95058
96437
97145
97208
99152
100854
101192
101518
101638
102353
109421
110428
113316
113395
120023
121499
121577
130928
130985
139203
139230
139631
140453
140772
140964
143151
148148
148479
151874
153508
179854
179906
184648
189703
195372
203081
208588
208868
212932
218077
219557
222337
222448
222449
225068
227771
230182
238266
241937
241972
249733
252197
257454
261225
265017
271129
271999
274010
274437
285742
290039
290342
299361
299551
327071
328185
329150
337083
345903
352055
393682
395045
469647
492522
492720
532351
546490
583073
795175
885410
1108301
143
1176
2786
2864
2885
2929
3163
3615
3954
4268
4360
4421
5544
5880
7671
7684
7949
7976
13020
13351
19823
20954
21295
21510
21825
22638
23590
24109
24935
25193
25213
26367
26709
26728
26973
27346
27388
27908
28291
30681
36725
37746
37785
39831
40401
42754
46286
49891
50787
52287
52743
53337
53465
53476
57862
58119
59460
60967
64154
64179
68820
69440
71181
71356
71515
71703
71848
72035
73567
74873
74976
75242
75530
75827
76125
77036
81960
83895
91021
91210
91284
91515
92055
92113
92173
92611
92977
93682
95406
95408
95422
95900
96973
97035
98430
99476
99696
99788
101011
101665
104518
114264
118234
118447
118713
118866
120501
121346
121579
121648
126053
132935
134690
135296
135340
136329
136622
139388
139967
140760
141546
144382
146801
147359
147562
148018
148810
149413
149600
151512
153546
153870
156167
156836
159614
173927
174877
178285
190517
191057
206467
207933
208498
209772
210048
210107
216092
216836
218076
219486
229304
231084
235982
237299
240514
240956
241908
246261
246501
255732
261749
263553
271142
273371
273495
274267
275786
278295
278573
294530
298644
318742
319579
319956
329187
337208
345880
346577
388404
438173
451655
471798
475858
545592
552347
553585
639908
893952
626
773
881
1635
1782
1847
2028
2037
2240
2569
2709
2930
3625
4179
4504
4875
5097
5783
6110
7055
7267
7625
7780
7951
7985
13376
16989
18574
19414
19960
20018
20099
20115
20656
20812
20940
21209
21223
21330
21719
22162
23361
24146
24824
25240
26207
26796
26939
27060
27261
27275
27372
27913
27979
28824
29106
29768
29963
30237
30264
31541
31811
31868
32069
35455
39838
39857
40408
40615
42869
43245
45199
45682
47030
47619
47695
50151
50882
51752
51783
52300
52921
54811
54962
58115
58164
60718
60974
61194
64246
64497
64586
64604
65655
68812
69230
70908
71089
71212
71414
71549
71724
71827
71943
74830
74923
75091
75249
75454
88257
90898
91208
91325
92324
92510
92517
92602
92751
94423
94578
94834
95519
95579
95874
95942
96419
96917
96939
97040
97876
97969
100381
103201
104103
104447
112112
114099
115098
117371
117512
119357
120108
120591
121157
121170
121202
123155
124456
125954
126013
126182
127034
127144
128204
134234
134590
134596
134616
134777
135191
136341
136374
137374
137513
138906
139077
139100
139192
139234
139276
139328
140758
140994
141217
141819
144553
144778
144909
145003
146329
146826
147213
147840
147845
148212
148766
149320
149360
149817
150575
150735
151239
151693
153847
153872
154300
161282
178077
178541
189312
189715
190516
191306
195369
196410
201757
207624
207757
207804
210227
215354
222007
227895
229893
237236
239524
239594
242041
242109
246260
247278
247574
247631
252473
254270
258205
259111
259934
261813
262432
266270
272753
274145
275140
275595
286733
289353
289466
290325
295149
299689
300162
303839
304952
318706
333663
344129
345861
346455
364266
364305
385937
390427
405420
406951
406990
416781
417515
445758
483433
510256
512016
526126
542896
570418
571262
662957
744135
763861
946686
1102592
1114462
12
371
781
2975
3645
3652
3764
4128
4140
4141
6272
6376
6403
7005
7218
7236
7287
7482
7510
8009
8266
9148
10661
12540
13165
13421
16704
17616
17806
18605
18700
19634
19806
19947
19964
20253
20791
20823
20863
21167
21248
21750
22131
23510
23933
24701
25233
25491
26741
26992
27200
27208
27694
27792
28905
29767
30423
30425
30573
31010
33788
34029
35671
37551
40074
40392
40461
49454
49574
49631
49635
51096
51241
52994
53281
53518
53597
53775
57880
58068
58314
59684
61131
61661
61766
62963
64229
64447
64470
64518
64697
64850
65551
66668
68297
69063
71019
71485
71781
71792
72005
74008
75007
75219
75223
76027
76114
78682
78927
84222
84517
88080
91138
91332
91710
91966
92799
92889
94819
94835
95298
95334
95363
95976
96293
96376
96938
97088
97327
97339
97830
97931
100037
100440
100577
101452
101792
101933
103894
105064
113032
114086
119444
120007
120228
120528
120549
120566
121034
121107
121334
121475
121527
123150
124087
128136
128154
131064
131106
134249
134683
134780
135307
135542
136944
139012
139239
139820
139821
140797
140984
143806
144618
145292
145327
146030
146767
147130
147190
147220
147851
148507
150330
150749
151410
152299
153860
153888
154034
154322
155013
155365
156980
158308
159884
160205
172343
173980
184799
190467
190541
191091
191378
191931
197610
201202
216017
216657
218982
219544
219545
220569
222330
227255
227454
228873
229928
230684
231368
232178
238296
239549
239726
242047
242088
242115
245123
247828
249382
255917
256201
258823
265970
268601
271118
275921
285036
334056
341920
346644
350095
389249
390707
393085
396116
440154
446004
463647
589164
593339
670340
389
513
686
858
1919
1943
1982
3483
3495
3616
3656
3914
3952
4094
4280
4361
4718
5822
7355
7656
7674
9637
10106
10633
10643
13787
13812
14245
14287
14424
16815
16997
17871
17978
18197
18783
18848
19671
19674
19720
19779
19915
19934
20017
20261
20967
20968
21157
21376
22148
23650
24874
24912
24914
25168
25219
25743
27234
28792
30451
30684
31331
31346
31834
33913
34460
38896
40407
41144
41548
43175
44085
48778
49093
49319
50849
50914
52138
53023
58228
58638
59541
60034
60934
61185
61217
62149
62627
62644
62752
64214
64449
64486
64508
64556
64564
65156
65333
66855
67060
68993
69025
69438
70969
71005
71157
71413
71584
71684
71721
71734
71782
71794
71880
73698
73986
74755
75036
75055
75084
76028
83092
89705
91039
91110
91516
92317
92676
92835
94135
94416
95156
95349
96474
96668
96729
97028
97141
97340
97620
97965
98391
99329
101116
101609
101618
102022
102036
102442
102788
103303
104740
108570
112542
114049
118938
118955
120533
121625
123254
123687
128354
130100
132878
134621
134641
135272
135871
136355
136448
139353
140768
141570
143340
143590
145584
146576
149319
151979
154037
155667
156051
157092
157932
158266
160041
163472
174170
174196
180143
187297
189306
209792
216381
219318
224004
227642
229240
240412
240437
241757
245141
246345
248994
254078
256225
256570
260690
261220
261685
265982
267423
268379
274757
293849
299240
299523
321155
326308
346180
410695
424397
455499
477675
485097
496960
534058
605388
739837
975916
996572
1034652
1091068
1652
3177
3738
4409
5793
6075
7211
7576
7608
13047
16753
16919
19573
20222
22003
23640
24506
25761
26096
26986
27191
27305
27983
28059
28545
29020
30717
36242
43000
43869
47654
47779
49927
50268
50904
54795
58099
68945
70806
70949
74063
74276
75799
84026
84405
85431
89759
90924
91521
94164
94638
95599
95863
97770
101259
103274
108616
116306
119077
120597
121457
121699
121762
127427
128562
130912
132951
132952
134923
135139
135834
136316
139032
139912
140997
141528
142604
143272
143707
145376
145408
145747
146833
147444
149604
150577
151922
153421
153470
155076
156044
157022
157967
161198
162080
162102
170209
174382
177779
178342
183861
185931
190586
190695
190746
191323
191417
192399
206032
206326
215506
216765
218437
220614
220844
220846
229303
229745
232324
239557
242836
258968
263263
263551
268504
269551
270417
270646
272285
278546
281083
281119
282471
292187
299470
300897
302062
316562
320365
322077
346600
349650
355295
363993
364554
383400
389229
439892
445767
447483
503791
510702
586350
630594
632564
635704
209
312
450
601
635
789
1173
1234
1713
1818
2618
3291
3979
4375
6775
6859
6965
7534
7973
10320
12242
12734
13908
15971
16819
16820
16956
18263
18340
18869
18920
18923
19965
20079
20116
20304
20327
21285
22636
22755
22796
23491
23500
24479
27159
28156
30424
30587
30788
31317
31538
31595
33171
34342
35197
36774
37814
42917
43963
45479
45809
48747
49561
49607
50267
54257
55258
57320
58623
58974
61063
61246
62192
63681
64049
64159
65006
65067
69474
69948
70054
70738
70854
70890
71042
71480
71720
72015
73745
73885
74306
74877
75209
75824
76491
82402
91072
91197
91998
92421
92725
92870
95414
95674
95773
95878
96183
96381
97138
97967
99468
99894
104097
108782
109125
110430
115277
117839
118047
118793
122053
127129
127424
128382
130345
131015
134644
134708
134746
134764
135301
136615
138079
139370
139904
141212
141214
141591
141684
142103
143219
144301
144763
145220
145541
146679
146827
147308
148092
149508
150331
151213
152419
152635
153025
153163
154221
155432
157968
159449
159882
160799
160832
160966
162744
163051
170120
171273
171432
174812
175200
177966
178855
185733
195320
198669
200787
203087
207455
209204
211514
211998
216839
217006
218829
218851
219529
219655
220252
220367
222501
227557
229324
229749
236742
238061
238188
239602
240423
242151
244574
247955
248614
248615
248790
258203
258307
258921
261108
263832
266199
270626
274505
287366
292499
297234
299519
301446
301784
309167
318798
327079
340149
345865
353446
357316
357973
359922
390708
395062
421047
451418
476874
527600
533142
661332
662381
730199
759207
1030028
1070203
537
554
598
685
961
1087
1099
1799
1819
2062
2528
3201
3395
3509
4180
7195
7321
7419
7602
7778
7833
7894
7913
7926
7969
8200
8647
9588
11272
11424
11473
12811
13006
13505
16797
16826
16827
17307
17714
17874
19784
19952
20211
20250
20865
20973
20985
21470
21582
22620
22764
23410
24764
25778
26360
26474
26754
27010
27128
27251
27414
27620
28773
28887
29551
29950
30340
31142
34976
34990
36153
37544
37642
38734
39660
40283
40861
42201
42235
43105
46626
46897
47078
49841
49884
53268
53312
53645
54261
54607
54821
55133
56178
58055
58457
59540
61004
63513
64425
64700
64734
65045
65562
66846
68757
68797
68870
69108
69778
70129
70170
70279
70923
70938
70993
71062
71311
71325
71348
71648
71694
71702
71874
71911
74275
74781
75170
75631
75802
82624
89082
91194
91302
91969
92248
92477
92596
92731
92737
94489
95163
95398
96517
96923
97227
99197
99467
99980
101175
104026
105653
108619
108915
114163
114232
117910
118244
118495
120497
120524
120649
121015
121117
121301
121519
121620
123092
124329
127336
129646
129724
130966
131144
131353
131453
134511
134598
134688
134745
134931
135027
139174
139212
139273
141295
141586
141924
144542
145231
145284
145401
145931
146481
146646
147447
148086
148306
148774
148911
148944
149133
149222
149577
150044
154314
154451
155643
158253
158665
160213
161381
177918
178848
184244
190524
191226
203256
208782
209084
210292
218421
218826
220741
222636
226573
227265
228595
229625
233604
236400
237172
238080
239604
241495
241755
242037
242815
247799
248524
249496
251035
251768
251914
255704
260633
265031
265455
265986
267762
268215
274451
277544
277810
281328
284996
286820
287259
287483
289559
289590
291461
293552
293664
298483
298623
299449
299757
325052
326843
329157
346567
347131
348414
349825
362275
369099
387545
423909
428466
445941
446810
484393
498793
546150
585718
627484
641901
722140
738610
806294
891395
1082302
1108099
1127148
32
474
563
1061
1254
1267
1865
1935
2139
2202
2548
3120
3535
3925
4148
4185
5885
5989
6030
6825
7216
7260
7631
7667
7692
7970
7999
8176
9132
11814
17093
17162
17381
17599
17774
17812
19764
19791
20187
20505
20694
20703
20836
20842
20972
21025
22548
22651
23320
24130
24841
24894
25046
25229
26784
27070
27133
27211
27212
27230
27316
28629
28882
28935
30236
30323
31635
33460
37618
40116
40430
42898
43370
44993
45607
47350
47439
47633
47773
49328
49491
49605
49669
49805
49881
50078
52430
53634
54776
54817
54882
58151
59264
59370
61188
61469
64065
64507
64510
64532
64538
64568
64574
65176
65489
65653
67733
67844
68727
69155
69252
69424
71045
71279
71433
71523
71593
71664
71800
71982
72225
75116
75301
75320
76509
79269
81983
82247
85789
86677
91069
91101
91147
91427
92151
92637
93100
93472
94624
94790
95072
95138
95318
95756
95765
96012
96105
96360
96520
96737
97006
97954
97990
99287
99955
100067
100516
100848
100934
101203
101802
101941
103495
103518
113460
114166
114233
117681
117829
117857
118558
120066
120689
121098
121211
121531
121813
122578
123741
126167
128148
129647
130916
130941
130947
133660
134341
134342
134669
134984
135047
135199
135870
136063
136417
139184
139202
139209
139811
139851
140940
141530
142371
142477
143271
144929
145023
145282
145337
145759
146574
146673
148215
148439
148821
149212
150776
151202
151489
151752
152019
152687
153020
154460
155041
157122
157128
157265
158688
160663
161336
162083
163117
163344
173018
175231
178844
185748
190483
193916
195747
197681
201683
205826
217151
218325
227532
228717
228931
231081
237590
239215
240155
241518
242467
246223
255420
258843
261298
262198
262531
263163
263568
263856
265576
266975
267057
269393
269794
270572
270856
274668
274818
277860
280564
281421
285263
292116
296627
300389
300410
301774
302711
308131
313819
318805
331937
338774
342269
345918
347570
347687
359621
360602
362281
365754
386322
391373
392416
393166
395033
417663
419978
448357
451514
454717
461364
463519
524252
532870
534037
598423
1053353
1115550
1130252
190
216
382
641
801
1063
1384
1388
1540
1616
1658
1804
1840
2502
3095
3183
3460
4092
4355
4426
6928
7568
9231
9311
9322
10048
10275
10684
12997
16776
17448
17699
18324
19544
19713
19811
19863
20003
20495
20625
21043
21304
21468
21485
22096
22716
22968
22977
22983
23453
23694
23762
24559
24683
24765
24856
24973
25516
26202
26596
26930
27079
27131
27197
27240
27309
27586
28189
28265
28485
29547
29752
30705
31554
31569
31581
33416
37861
38133
40147
41580
42725
47647
48250
49296
49350
50846
50964
55276
57871
58234
61639
64130
64235
69010
69059
69101
70874
71601
71718
71744
71784
74940
76738
79737
80100
83613
84220
85534
88307
91272
91342
92264
92394
92614
93129
93372
94399
95221
95837
96719
97137
97292
102159
102210
112432
112622
118123
118208
118671
119486
120005
120418
120592
121188
121758
123068
124994
125943
131113
134604
135240
135708
135896
138620
139255
140967
142292
143794
144788
145479
145693
149715
150569
152626
156963
157145
159496
160217
161867
162581
163132
171367
174194
174745
175031
178536
184347
195151
195967
200244
208272
209588
210254
216447
218307
220425
222315
223607
226960
231128
231132
235598
239222
242052
242152
244778
246530
251592
251970
252391
253890
255140
258072
262057
263453
264542
274253
274257
276280
276809
287511
297171
302032
310779
326563
337138
348863
353024
362276
396276
401528
426896
430097
447844
451384
471335
475871
476630
500883
528544
571356
576201
579848
679568
843293
885278
971047
1013411
1019194
1082386
147
443
831
1346
1749
1797
1900
3029
3892
4086
4582
7606
7646
7952
8848
10433
10919
13128
13541
16846
19524
19891
19909
22385
24710
25060
25141
26823
27333
27982
28551
28873
28900
29237
30306
31349
31559
37138
37169
39853
40042
40600
42853
42880
43151
43209
47668
47681
49794
50610
51494
52479
53438
54764
54952
55121
58326
58478
59991
60163
61574
63799
64741
66743
66934
68293
69946
70365
71314
71328
71539
71959
72021
74727
74867
75277
75787
77197
78035
78840
79739
82449
85467
88149
89487
90911
91160
91286
91307
91932
92038
92081
92200
92292
92309
92527
93289
94087
94475
94515
94813
95459
95814
96873
97151
97518
100101
101973
104215
104253
105195
108682
109404
110785
115449
118508
121125
121261
121444
121763
122068
122489
123281
130919
131046
131071
131953
134615
134737
134754
135311
135897
137360
139138
139145
140480
141743
143270
143437
143769
144769
145177
145349
146285
146683
146839
147162
147416
147511
149038
149223
150674
150841
151459
151559
153881
154431
156968
157142
158472
158658
160572
160650
161112
161213
161367
161674
162116
170205
170311
174917
179599
180760
180851
183644
183661
187476
190513
190699
191212
191393
192629
196401
199534
212466
215863
216057
216819
216944
218023
218987
219740
220903
220929
222502
222637
235896
238268
242106
247183
255806
258346
259628
260809
262197
263600
266522
268388
273541
275805
276937
277036
287394
288269
290000
290740
291923
292848
293112
299797
300183
302844
303608
303615
303685
305225
311106
314952
315295
320993
331656
333126
339258
340608
344234
347031
353840
360969
362178
364326
389066
403215
404868
405418
412446
424455
451390
452260
470536
482938
498201
498778
506001
563796
584057
633736
636970
713950
730195
809542
872697
890368
1050759
113
575
709
1129
1946
2338
2532
3018
3212
3387
3411
3512
4431
4771
6260
6895
7202
7657
7844
8071
8116
8516
9241
9983
10046
11627
13330
13472
13920
15444
17662
17868
18352
19795
19922
20056
20321
20691
20776
21279
22151
22190
22337
22671
23290
23575
24486
24514
25051
25206
26362
26418
26733
26988
27012
27293
27343
27625
28400
28480
28614
29749
29817
30373
30442
30444
30522
30536
30937
31067
33230
34330
34984
35428
37535
38561
39121
40128
40181
40273
41095
44507
47646
47655
48517
49602
49835
50424
51156
51603
51677
52039
55127
58298
58980
59555
59741
60894
60935
61030
61050
61222
61245
64063
64144
64453
64472
64515
64549
64602
64613
64811
64839
65026
65036
66378
66564
66977
69045
69194
69896
70182
70280
70311
70314
70328
70393
70601
70803
70848
70873
70987
71074
71199
71243
71249
71291
71379
71743
71894
71909
73368
74006
75053
77063
79726
79727
81868
82521
83513
84300
91150
91219
91428
91438
91507
91517
91903
92131
92218
92333
92795
92853
92923
93333
94123
94165
94393
94501
95431
95620
95790
96121
96465
96647
97166
97170
97189
97520
97551
97989
98064
98190
99386
99795
100312
100407
101959
101975
103052
103573
104271
108625
108792
114191
117289
117976
118707
119976
120150
120410
120557
120571
120623
121550
121627
123102
123106
127755
128532
128756
128765
128852
129716
131027
131079
131413
134328
134612
134717
134725
134759
134784
134803
135862
136349
136651
139269
139330
139981
140876
141293
141535
144011
145307
145975
146073
146799
147427
147490
147496
148100
148156
149103
149262
149987
150566
151074
151700
151764
152407
152547
153066
154030
154467
155380
156285
156896
157071
158701
159400
159472
161281
161801
162356
163474
164150
178235
186903
187324
187326
188316
189307
190515
191328
194942
195388
196215
198786
200176
203254
206204
207227
208570
208583
208584
210304
217454
218343
218828
218858
219880
220144
220426
221389
221630
221918
227506
227894
230863
231358
235991
236002
236242
236862
237007
237869
238062
238860
239985
241678
242424
242806
246695
248650
248776
248988
251582
252246
256362
256985
259110
260128
261595
261735
263207
263612
264610
264788
267378
268493
272902
274808
281114
285443
287080
292380
298660
301056
301412
313771
318407
318852
325064
334030
334039
340452
342678
344070
345904
346082
347582
352469
362699
381761
387507
395984
402234
402632
406784
418176
424727
429664
431515
450810
458300
459667
472370
472599
478392
505930
509883
542910
587039
604709
609437
609935
623042
686152
1020183
1055602
1096536
262
379
414
691
724
1806
2421
2653
3695
3759
3934
3948
4013
4891
5879
6331
6808
6878
7109
7231
7414
7886
8015
8223
8258
8971
9086
9240
11153
11235
11365
11729
12436
14264
17273
17828
17898
18778
18978
19139
19455
19488
19592
19940
19994
20275
20399
20686
20977
21328
21713
22066
22396
22628
22647
22664
23370
23454
23679
24026
24607
24685
24881
25013
25031
25215
25727
26388
26544
26723
27130
27184
27397
28120
28945
29168
30875
31157
31411
31657
32199
32977
33826
34315
35215
35481
36396
36510
40432
40538
42990
43007
43142
43250
43283
44454
44964
46952
48730
49017
49550
49752
49924
50555
50888
50961
52365
54635
54752
58129
60308
61015
61081
61084
61205
61207
61276
61348
61421
61443
62626
64101
64514
64529
64543
64864
64904
65035
65360
66976
66989
67064
67340
68795
68883
68895
68989
69299
69612
69809
70293
70834
70849
70967
70973
71081
71179
71221
71240
71261
71286
71390
71407
71726
71754
71796
71854
74847
75333
75771
75782
79708
79768
80265
80613
81016
82504
84224
86455
89706
90965
91078
91090
91311
91324
92057
92304
92713
94360
94694
94705
95353
95362
95373
95653
95764
96000
96050
96144
96620
97235
97958
99820
99966
100066
101650
101676
102227
102548
104803
107231
109100
113199
114069
114111
115345
116233
116258
117940
119662
121035
121217
121630
121654
121732
121759
121836
122313
124554
126068
126227
127273
127369
127628
128414
128866
129066
129644
131009
132560
133508
134146
134654
134692
135857
135877
136005
136614
136950
137521
138487
138773
139098
139845
140207
140749
141329
141617
144379
144696
145600
145868
145978
146664
146675
146831
147489
147658
147853
148860
149311
149536
149608
150751
151199
151560
151846
151950
153815
153863
154423
156006
156770
157149
159316
161090
161264
162593
163131
164012
164497
164598
168461
172888
174075
174794
178000
183905
187273
188372
188588
190914
191339
196962
207595
208470
208753
210314
210482
212236
218231
218825
219247
220611
220906
221069
221375
222956
223612
227450
229995
235913
238300
239263
239600
240185
242064
242464
245132
247253
249495
252673
255014
255289
256795
257113
257251
257513
259191
259247
260440
261822
265500
265994
267661
269105
269337
274331
275440
275491
285063
289554
289988
294539
295321
299422
299577
299736
304850
308116
309931
318849
326815
339957
355348
355487
383098
389147
391624
394929
396216
401686
451269
451476
489077
495387
496961
519720
563770
585582
588097
622470
623741
655156
736170
739716
770017
788285
863780
888597
950406
1045061
1095103
1106652
687
1043
1339
1424
1775
2007
2078
2512
3417
4296
4440
4926
5791
6334
6989
8057
8144
8246
13444
13728
13924
14042
16926
17339
18642
18846
19363
19718
19722
20264
20427
20931
20993
21080
21105
22687
23877
25191
26154
27090
27201
27404
27662
28399
29127
29217
30410
30460
30553
33601
38780
40566
40597
41558
43866
43951
45588
45685
47332
47918
49852
50430
50775
50844
50924
51776
52999
53791
58573
58650
58709
59256
59323
59751
61029
61750
62091
64709
65168
65717
68298
68824
69048
69241
69436
69485
69779
70225
71235
75492
75507
75772
75913
80325
85893
89690
91928
92775
94024
94561
95205
95975
96060
96185
96223
96280
96394
96567
96666
96742
96984
97013
97184
97232
97614
98076
98398
99300
100367
100447
100500
101028
101556
102009
102124
102263
102914
104138
105761
114679
116285
117450
118155
120555
121391
123107
123668
124464
125993
127537
128112
128119
128805
129120
129779
130577
130989
131559
134821
135262
135822
136393
138891
139602
140621
141809
143757
143862
144383
144852
145300
145380
146282
146809
147161
147285
147345
147931
149207
150192
150486
150626
151673
151734
152682
156289
156342
156884
159083
159403
160215
160349
160492
160672
162017
172352
174957
179782
183633
187604
200030
200171
200769
203083
204961
205753
206109
207748
209721
216954
217638
218484
219331
221316
221739
227368
233335
235441
236471
237025
238855
243330
243465
247008
249012
255308
259457
259936
260623
261308
261514
262504
264260
266390
267844
270636
273012
274448
274552
274791
275034
278448
278488
285725
285934
289408
292015
298638
299445
299602
299677
304584
308448
309453
309573
323011
327695
329521
334504
340605
346570
347316
347319
347320
347330
347906
349354
349810
351337
352335
359083
360972
384313
386325
387965
388055
389328
390216
391468
391623
394945
409621
451633
468775
470424
474495
478996
479143
494015
574482
626741
668308
777600
874091
150
330
341
511
548
577
585
590
772
809
1264
1334
1829
2220
2404
2428
2756
3246
4041
4061
4299
4897
6107
6333
6842
6874
7304
7353
7566
7604
7626
7794
8215
11692
11832
12360
12661
13386
14257
16975
17827
19405
19576
19601
19834
20014
20324
20377
20785
21095
21122
21186
21723
22058
22188
22327
22615
22784
22962
23271
23463
24091
24289
24312
25128
25144
25146
25708
25752
25948
26531
26533
26794
27002
27295
27651
27984
28173
28175
28193
28320
28914
29065
29228
29288
29579
29935
30282
30301
31266
31613
32251
32830
32991
33523
34721
35619
37525
40162
40822
41088
41849
42462
42852
45694
47642
47873
48776
49523
49810
50957
52289
52820
52976
54903
55126
55371
56209
56278
56839
57932
57970
58558
58938
59872
60980
60986
61027
61150
61193
61911
64199
64284
64415
64469
64485
64703
64719
65003
66350
68869
70578
70600
70826
70875
70882
71052
71154
71438
71622
71759
74036
74053
74791
74892
74956
75751
75794
75945
76041
78158
82567
83537
88245
90922
90962
90976
91004
91129
91163
91306
91334
92217
92339
92357
92482
92497
92566
93221
93407
93637
93929
95198
95340
95672
95936
96096
97934
98069
99323
99433
100415
100676
100741
102038
102148
102240
102244
103950
104063
104170
105673
105765
105864
109176
113409
114279
114322
114539
114619
115248
115637
117192
117428
118493
118770
120006
120364
120560
121038
121741
124255
124761
128057
128808
130930
134909
135849
135928
137377
139147
139186
140430
140468
141206
141238
141576
143820
143828
143911
144297
144385
145344
145741
145777
146653
147599
148447
148913
148946
149032
149198
150741
150893
151036
151914
151981
153098
153771
154059
154436
155014
155165
155811
158394
158399
159328
159523
159677
160310
160800
160894
160895
163145
163161
164491
170212
174426
176578
178227
179811
180185
184919
190816
191362
195957
196763
196983
203055
203103
204522
208472
211325
215325
215511
216711
218428
219813
220971
222371
223672
224598
227107
227339
228525
230750
231077
233352
236257
239540
240193
243327
246123
246537
246943
248660
252153
253005
253049
253286
254022
254092
254094
254121
257995
259024
261716
263418
264313
264785
266346
267063
270334
270419
273113
273444
274176
275822
278394
278835
281116
281335
287079
287668
297694
298571
299499
299511
300847
302243
303327
306108
308290
309577
310741
318705
319660
319662
319967
329070
329114
331602
336371
338110
343366
345928
346568
346601
355443
355619
356651
361132
364312
369374
369403
381340
385735
388003
389623
390149
394944
416548
424193
431984
441542
446250
455770
458293
482451
493095
498936
543485
573814
575888
593261
597153
630566
665907
668318
773514
838436
873718
933302
976640
1019837
1043317
1073899
165
463
478
1433
1480
2706
2934
3245
3359
3418
3481
3631
3950
4631
5835
5861
6111
6358
6475
6767
7336
7499
7980
8044
8058
8089
9478
9517
9921
10193
11278
11293
11960
12850
12868
12971
13094
13193
16744
16752
16825
16912
17473
17606
18193
18417
18477
18601
18864
19350
19379
19497
19593
19955
20285
20326
20449
20484
20597
20627
20780
20815
20855
20942
21173
21210
21291
21394
21909
22552
23171
23775
24052
24466
24878
25108
25742
25963
26355
26539
26657
26721
27052
27973
28053
28078
28414
28908
28954
29271
29289
30217
30600
30766
30814
30854
31017
31646
31696
31836
32055
33879
35410
37322
37418
37490
37903
38022
39194
40589
41634
41674
41945
42257
42947
43037
43164
43884
44448
47058
47636
49439
49589
49904
50345
50644
50756
50956
51252
51725
52116
52381
52992
53384
54751
54759
54906
55115
55355
55518
57921
58001
58155
58717
58972
58976
59001
59372
59573
59591
60311
61123
64160
64221
64245
64272
64302
64544
64579
64746
64821
65052
65173
66870
67449
68826
68919
69078
70400
70934
71013
71338
71386
71463
71466
71760
71797
71804
71917
71972
72185
73288
74239
74605
74894
74925
74992
75039
75186
75294
76770
78571
78845
79229
79507
81371
83785
84138
84227
89069
89545
89719
90937
91290
91446
92092
92136
92177
92209
92300
92370
92480
92546
92598
92877
93244
94163
94924
95050
95057
95113
95384
95430
95627
95789
95827
96372
96486
96767
96922
97059
97161
97548
98271
98355
99351
100886
102065
102528
102687
104013
104025
105304
108539
111494
112557
116341
117430
118402
119029
119484
120446
120537
120585
120684
121095
121305
121372
121384
121483
121554
121795
121811
122033
123138
123160
123421
124460
125854
126011
126081
127113
127509
127596
128591
129712
129789
131060
131075
133115
134340
134477
134588
134610
134681
134950
136331
136390
136400
136666
136668
139609
140617
140763
140869
141487
141488
143653
144617
144635
145742
145753
145830
146279
147815
147824
148334
149114
149259
149630
150387
151083
151236
151644
151762
152713
155318
156053
156832
157217
157965
158361
159729
160151
160329
160438
160504
160699
160961
161302
161323
162178
162594
163480
164529
170206
171420
172266
174052
174474
177676
179620
186876
190908
190913
191211
191771
192206
192244
195185
195368
195780
201787
206485
207501
208555
208563
208590
209440
210499
212214
214201
216717
217191
218008
219820
220161
230877
231131
233215
233284
235396
235938
238507
239607
240015
240385
240415
240879
241394
242900
244538
246956
250815
252999
259040
259135
260399
262527
262844
265568
267851
268904
269509
270712
272156
274193
274843
285440
289316
292569
295008
296640
299744
304442
309917
315274
319359
322083
329291
332542
332635
335762
343011
343836
347746
359630
359672
364317
364340
367698
369641
382938
395061
405463
412439
419967
436589
446140
446537
454740
458673
463202
463241
464055
474751
488283
533731
569105
576383
590267
624614
665157
744881
821245
838683
954691
954698
971989
1082190
1090884
1127989
169
610
682
1608
1830
2274
2340
3249
3269
3598
4215
6168
7048
7311
7847
7934
7946
10824
10894
11542
12091
16650
16836
16985
17282
18364
19364
20043
20447
21243
22041
22662
22776
23072
23373
23685
23823
23908
24660
25189
25799
27025
27297
27842
28524
29023
29209
29741
30195
30664
30725
31296
31818
33085
33404
39919
40253
40276
40495
42498
43834
45175
48710
49320
50791
53497
61450
61540
61554
61892
62719
63836
64547
64909
66619
67999
68027
69447
70649
71294
71875
71906
71946
74274
74418
75133
75230
75599
77207
78603
79047
79159
82531
84159
90969
91011
91203
91359
91464
91465
91491
91497
91542
91581
91953
92026
92105
92246
92308
92597
92626
93124
94618
96319
96601
97586
99785
100300
100579
100747
100994
101266
101439
101703
102184
102451
102646
103239
103369
104169
113254
114804
120046
120572
122035
123065
123070
124234
124941
127073
128183
128560
131100
131406
132005
133094
133222
135303
135305
135796
136340
136369
136392
137480
140241
140740
141032
141526
142376
143803
145303
146852
147271
148902
148936
149053
149595
149759
149991
150004
150005
150461
150683
151240
151720
153123
155700
156144
157469
158016
159330
160327
162088
162179
163018
163261
163551
163576
170065
170279
173027
173982
182081
184841
185744
188584
189694
191431
195509
197458
201760
201794
207313
207675
208553
208566
208589
210367
215334
216627
217170
218799
221179
222640
227586
230319
230660
235894
237195
240238
241323
241957
243695
244539
246545
251318
255933
256573
257221
257868
258383
258490
258646
259642
259705
260880
261226
261244
261260
261345
261609
261780
265614
266309
266573
268002
268231
268367
269082
270718
270849
272898
273395
273731
273948
274139
274807
274952
277398
277861
278550
279129
281407
283452
287345
296008
298648
298688
299800
301385
302061
303677
305657
309572
310696
313751
319614
325908
331108
334953
338985
339437
343181
345871
346164
347173
348034
348411
349028
349030
351813
352627
353351
353722
355180
355420
355946
357088
360639
364343
364466
381396
381500
383092
389115
390702
401162
403107
416158
431216
433438
436458
443636
461365
473592
474081
476233
483187
503575
526027
529650
532590
546499
578475
596016
624280
631446
661294
718965
722137
772211
772224
788378
841696
842259
857760
917332
973808
1021524
1034018
1085431
1088491
1106842
1118741
344
390
438
587
668
1324
1755
1846
1910
2371
2478
4238
4249
4896
5103
5758
5841
6047
6783
6806
6863
7003
7059
7110
7374
7408
7409
7455
7630
7687
7827
7907
7943
8157
8175
8186
8426
8548
8655
10765
11790
12920
12925
13442
14039
16817
16914
16981
17791
18379
18521
18583
18800
18845
18918
19525
19788
19835
20102
20166
20415
20745
20870
21111
21151
21683
22150
22325
24174
24294
24303
24822
24827
25725
25804
26053
26196
26240
26522
27036
27124
27199
27219
27419
27710
28044
28149
28416
28818
28911
28939
29037
29187
30205
30239
30411
30564
30901
30940
31690
32325
32685
34312
35510
37060
37131
37140
37649
39180
39354
39972
40555
41521
41715
42759
43241
43244
43492
43894
44055
46518
46948
47156
48523
48539
49122
49470
49753
49823
49830
50334
50692
50919
52292
52699
53792
54858
55124
55357
56218
58315
59004
59123
59743
61136
61219
61251
61269
61360
64233
64236
64537
64621
64661
64736
64745
64787
64812
65079
65838
67373
68633
68951
69040
69622
70022
70093
70374
70571
70597
71067
71123
71698
71745
71948
73618
74820
75187
75193
75882
76519
77343
78022
78929
79361
84246
86044
88558
89692
90427
91061
91159
91385
91522
91842
91920
91950
91975
92160
92190
92306
92353
92595
92768
92978
93259
93298
94827
95509
95597
95849
95865
96031
96218
96262
96305
96616
96687
96905
96952
97051
97149
97154
97224
97280
97759
97991
98216
98363
99290
99751
99789
100687
101186
101479
101621
101727
101762
101862
101943
102391
102748
103276
103365
103405
103595
103875
103910
104770
108908
109371
110263
110675
111960
113722
113851
116021
117349
117927
119485
120658
121039
121076
121130
121563
121576
121608
121850
123723
124958
125242
127204
127548
128100
128590
128640
129115
130915
130922
131023
131028
131104
131416
133625
134359
134662
134732
134760
134773
135037
135802
136496
136506
136685
140055
140098
140539
140795
141397
141416
141568
142275
143452
143750
143763
143947
144377
145040
145221
145289
145372
145436
146491
147643
147796
147873
148477
149408
149833
149995
150567
150736
151209
152006
152021
152178
152393
152417
152754
153303
153577
153813
154183
154427
155641
155734
156311
156382
156669
156964
158747
158801
159712
160474
160569
160707
161330
161805
162357
171225
179863
179978
184006
186932
187267
187395
188451
188459
189811
190698
190754
190954
191534
196853
197251
199598
200122
207519
207598
208174
208420
215313
216667
217628
218349
218472
219487
220200
220907
221173
221891
222075
222557
222583
226740
227490
228328
229977
235882
238225
238450
238878
239536
240396
240537
241963
242048
242170
242207
242465
243691
244718
245394
246218
246226
247195
248765
252287
254233
255831
255848
257207
257459
259161
259716
259856
260625
260692
260952
263097
263722
263965
264094
264450
264641
265254
267065
267379
269109
270844
271963
273607
274011
274962
278554
279462
280345
280355
282494
283411
285485
285609
286823
287195
287670
289545
289592
290254
290833
291542
295298
298746
298915
299668
303092
303337
304846
309600
310552
310732
313105
318058
318717
318725
319054
319661
320633
323378
327256
331968
334106
343457
344197
344437
349371
349637
355089
359907
360779
364000
364321
364560
367656
381651
385916
389912
390144
390549
417022
446146
454760
464563
471309
473026
473328
475870
498848
503781
510257
510343
511923
518684
523779
556307
568235
570412
575865
576398
581566
586804
590568
651497
738923
971557
973573
979944
988582
1052796
1058118
1098166
1108430
1126153
178
302
427
452
663
1111
1126
1517
1600
2405
2408
2490
2494
2794
2897
2948
3266
3288
4351
4369
5405
6271
6329
6380
6837
6908
7178
7875
7992
8053
8244
8286
9069
9705
9809
9889
10031
11292
11538
12722
12942
13189
13453
13918
16909
16986
17399
17476
17482
17965
19378
19466
19605
20301
20729
21119
21176
21215
21252
21931
22392
22398
22462
23098
24288
24925
24955
24994
25136
25185
25809
25870
26294
26495
26550
26775
26850
27007
27120
27134
27331
27335
27903
27928
28229
28239
28445
28544
28597
29149
29401
29825
30199
30229
30392
31429
31430
31694
32046
32073
32370
32677
32892
32912
33155
34720
36184
37143
37610
37777
37841
39177
40251
40299
40511
41096
41194
41599
43143
43274
43308
43328
43497
43830
44502
44554
46704
47641
47819
48134
49336
49500
49537
49727
49746
49843
49877
50534
50886
50944
50955
51058
51148
51529
51687
51688
52663
53120
53796
54777
55507
56029
57933
58120
58398
58651
58941
58978
59005
59078
59748
60309
60975
61005
61007
61254
61628
62632
64200
64421
64524
64589
65016
65097
65530
65558
66520
68938
69072
69253
69535
69886
70058
70289
70924
70977
71282
71445
71450
71453
71521
71551
71835
72024
73372
73655
74076
74244
74836
74932
75217
75243
75306
76183
78832
88341
89721
91188
91411
92305
92647
92826
94338
94510
94595
95269
95338
95666
96083
96343
96385
96441
96501
96996
97733
98002
98336
99444
99695
99786
100576
101563
101697
101853
102086
102125
102256
102740
102760
104004
104467
105359
105968
110593
115095
115993
120013
120202
120744
121180
121226
121280
121516
121612
122237
123681
123854
126292
127200
129788
130204
131619
133720
134393
134568
134611
134684
135129
135149
135316
135692
135713
135859
135885
136226
136350
137622
138030
139215
139219
140153
140441
141301
141580
141589
142661
143508
143717
144279
144614
144680
144770
146655
147216
148498
148521
148822
148882
148923
149050
149633
150507
151218
151666
151730
151885
151926
152136
153424
154007
154350
155030
155058
155390
156139
156152
157050
158434
159278
159284
162745
163142
163485
164817
170982
174088
174861
177477
178531
180205
180971
188053
188278
189595
189687
190762
191762
191972
198868
201350
207555
208509
210510
215355
217038
217459
218936
219251
220970
221007
221385
222338
229166
230783
232104
232467
235607
238055
238214
239627
240463
244989
246146
247806
249583
251598
252156
255935
255968
257028
258911
258922
259648
260294
262134
263634
264748
265606
267288
268918
269469
270838
271572
271739
271757
272561
273809
274758
276890
277024
278075
278439
285468
286234
289320
290768
291979
294273
301423
301928
308035
309187
310742
318806
318822
319188
321649
326560
328152
332277
332302
333616
333998
336159
341485
343597
345908
345926
351506
354109
355369
361614
381732
382292
385585
391477
395782
395803
402577
405469
416775
419963
434261
440192
446068
450573
460060
461371
476328
493343
499825
531038
532948
556643
566193
576317
627477
649094
684423
759381
842753
878869
919909
941651
978829
1034683
1116127
521
647
689
754
1035
1750
2833
3722
4074
4173
4382
4465
5826
6035
6850
7090
7118
7159
7895
8018
8045
8082
9137
9338
10071
10121
10849
12205
12223
13137
13392
13581
13969
16809
16934
17272
17697
17830
17863
18471
18926
19623
20161
20492
20569
20620
20702
21218
21316
21457
22505
24069
24745
24831
25187
25689
26342
26417
26773
27196
27846
28050
28254
28632
29598
30348
30420
30966
31003
31678
31851
31869
31878
31894
32008
33319
33451
36390
38144
39670
39957
40051
40354
40378
40409
40416
41089
41253
41733
44530
46317
46835
47511
47761
48526
49721
52013
52326
52745
52876
53633
54915
55470
55780
57872
57977
58657
59288
60161
60941
60962
61003
61419
63619
63797
63892
64528
64755
66998
67003
67019
68841
68905
69549
70089
70853
70886
71149
71313
71505
71511
71514
71733
71771
71823
71828
71847
71871
72292
73576
73918
74618
75237
75469
75657
76507
76527
76950
78018
78349
81997
84269
84323
85299
85605
85787
88063
89095
89681
89770
90917
90927
90997
91012
91326
91979
92181
92242
92251
92329
92385
92417
92513
92855
92956
93267
94290
95486
95542
95603
95737
95809
95921
96024
96496
96566
96819
97768
98281
99193
99739
99778
101742
101767
101956
102231
102959
103340
103444
103926
104583
106047
108777
110480
110627
113399
114149
114193
115554
116356
117530
118507
118939
119572
119642
119968
120582
121108
121422
121556
121586
121791
121802
122791
123196
125875
126080
127660
128115
128638
128874
129110
130533
131052
131054
131069
131091
131451
131547
133260
134828
135102
135264
135854
136391
136502
136546
139224
139689
140282
141162
141224
143740
143949
144322
144704
144752
144947
145288
145419
145675
145846
145951
145981
146065
146659
146835
147283
147603
148058
148221
148827
148847
148858
148859
148940
149041
149111
149124
149153
149182
149416
149666
150001
150676
150939
151019
151022
151220
151916
152619
152924
153064
153152
153285
153822
154003
154070
154325
155034
155514
156310
156601
157029
157143
157229
158686
159102
159279
159486
159888
160165
160322
160390
160480
160705
161071
161472
161832
161875
162249
162598
162829
162969
163022
163140
163212
163412
163800
170193
172969
175984
177565
178003
178345
178445
179831
180117
185742
186904
188336
188599
188853
189515
189518
190466
191669
192805
193344
196497
198326
201561
201770
203074
205050
206324
207738
207805
208047
208207
216518
217293
217299
217618
219111
221540
221569
222395
223320
228938
229321
233190
236959
240194
240314
240373
242001
242096
242148
244055
247315
247764
248984
249347
249745
251968
252642
253447
254360
254965
256070
257082
257087
258367
259257
260135
260140
263813
263881
266026
268874
269223
271196
271581
272899
274350
274553
274755
275163
275920
276319
276329
276338
280260
281404
281406
283262
283469
287671
289407
289538
290692
293810
298628
298821
299474
299561
300729
300820
302241
305039
311831
316384
317120
319668
319672
320798
324578
325882
326703
329749
331910
338171
340911
346449
348236
354838
360583
363824
369183
370115
385440
386737
387479
389148
391686
392263
396820
402773
402940
404780
405992
433451
435287
436487
436494
438643
443808
445454
456869
459702
478428
483371
486741
487516
492416
503780
506587
512297
513246
520844
521097
522629
523666
529769
541292
551799
559018
572659
578083
596433
619180
621273
635837
636293
659901
728427
730194
762960
783496
824003
825525
859054
877904
893297
899693
899712
919382
934434
954697
954841
979323
1011505
1053677
1117655
1124262
81
244
440
531
574
755
1077
1802
1893
1934
1956
2151
2515
2550
2714
2983
3234
3390
3601
3924
4037
4212
4234
4304
4519
4754
5981
6324
6493
7106
7220
7394
7459
7701
7773
7848
7906
7993
8132
8590
8682
8928
9118
9408
9562
10037
10174
10209
11117
12184
12245
13055
13086
13087
13429
13916
14095
14261
15573
16726
16918
16936
17004
17716
17800
17821
18090
18372
19286
19389
19504
19642
19644
19853
19992
20085
20138
20242
20411
20526
20573
20645
21211
21268
22370
22401
23236
23342
23396
23459
23504
23931
24286
24511
24814
24828
24979
25039
25167
25286
25714
26178
26328
26332
26509
26511
26534
26724
26813
26837
26957
27153
27267
27379
27398
27660
27767
27935
28115
28359
28582
28643
28794
29091
29152
29582
29636
29641
29763
30367
30422
30467
30565
30592
30640
30671
30718
31037
31220
31584
31766
31940
32312
33397
34470
34706
35368
36240
36442
37119
37545
37768
38848
40092
40355
40418
40425
40550
40635
41563
43042
43484
44444
45470
45654
45900
47829
48513
48644
48741
49606
49849
49854
50169
50841
50848
50954
51063
53271
53462
54625
54654
55241
55364
55712
56196
56260
56684
57979
58260
58631
58948
59158
59261
59686
60005
61359
61633
61712
62250
62705
63506
63678
63851
63961
64121
64255
64546
64576
64727
65072
65813
66349
66429
66589
67664
68008
68857
68902
69871
69928
69932
70339
70396
70485
70828
70922
71139
71285
71319
71336
71478
71742
71920
72089
74592
74909
74958
74968
75408
75409
75495
75807
77091
78500
78523
78934
79421
81945
82618
82860
84359
89080
89549
89810
91052
91246
91249
91350
91498
91523
91890
92000
92012
92193
92221
92249
92323
92544
92661
92811
92883
93241
93933
94149
94593
94644
95119
95252
95472
95499
95571
95725
95754
96049
96065
96249
96332
96669
96681
96692
96865
96953
96969
97207
97448
97712
97753
97875
99321
99775
100283
101855
101887
101900
102044
102212
102541
102957
103259
103772
104737
105424
108609
108652
108746
110848
112595
114073
114361
115676
116810
118186
118506
118567
118571
119620
120176
120453
120556
120580
121013
121093
121106
121156
121205
121218
121398
121429
121430
121675
121740
121826
121870
122084
123135
124057
124961
125356
125697
125772
125901
126159
128579
128610
129187
129738
129813
130935
130975
131026
131467
132337
132791
133592
133694
134678
134694
135210
135276
135719
135917
135939
136094
136248
136398
136401
136542
136691
137487
137600
138890
139075
139176
139278
139822
140777
141216
141665
142854
143509
145333
145364
145462
146415
148137
148185
148189
148444
148446
148451
152224
152234
152845
153041
153482
153742
154449
156523
158408
158535
159612
160076
160489
160496
161380
162014
162155
167517
170484
170952
173017
174086
176212
176216
178778
179568
183891
184910
187117
188362
188453
188471
191190
191516
191572
192378
202969
203078
203291
209688
216630
217421
217623
218333
218591
218654
221253
222331
226410
228481
228851
229286
231073
237855
238298
239611
239892
240078
240404
240457
240472
241538
241872
242100
242150
242802
244493
244508
244952
246097
249006
252232
252912
253001
253382
253609
254254
254303
255702
255924
256574
257059
257102
257181
257232
257961
260118
260656
261355
261523
262058
263521
263629
264769
266134
269349
270875
271336
274427
275189
276473
277381
280653
285501
285831
286797
287784
290725
291078
292585
293961
295969
298788
304950
304953
318734
319675
326222
331927
339482
340899
340923
341497
342402
347875
347941
355384
355947
361845
363649
368689
368754
370342
380769
386448
390135
391472
393122
394946
408053
408721
414124
417096
419961
420374
439100
444547
446341
448502
449217
453573
457524
459126
459161
462601
471122
474685
478988
479933
491351
498823
499082
505287
508763
510225
513093
524015
530964
537707
539418
543226
554485
568438
569493
576228
580758
587693
604019
610969
618499
623640
628762
634372
634596
637209
641314
645357
647690
666335
685536
706121
771473
809682
869956
879179
914573
917552
970809
982284
984016
1002621
1092095
1097889
1115654
1133867
100
112
124
129
744
1115
1303
1768
2967
3024
3031
3322
3640
3698
4060
4112
4257
4530
5844
6410
7066
7548
7710
7830
8412
8601
9237
9428
10027
10129
10545
10914
11881
12267
12410
12775
13010
13156
13172
13396
16983
17155
17321
17833
19246
19443
19479
19649
19906
20065
20221
20300
20520
20535
20572
20955
21090
21118
21686
21763
21996
22508
22669
22683
23149
23328
24395
24851
25218
25914
25977
26025
26059
26190
26338
26500
27068
27228
27391
27535
27711
28382
28397
28442
28726
29203
29572
29637
29944
30276
31556
32061
33376
33463
33648
33705
34719
35031
39856
40013
40403
40427
41553
42300
42572
43251
44436
44492
45435
45743
45756
46282
47614
48003
49447
49715
49799
49827
49869
49888
50786
51581
52918
53130
53339
53417
53496
54632
54856
56576
58933
59371
59645
63517
64066
64213
64287
64582
64599
64788
64827
64910
65431
65540
66798
67738
68473
69791
69845
70083
70850
70935
71263
71329
71477
71618
71700
71747
71901
71949
72049
73609
73935
73977
74508
75017
75129
76180
76286
77095
77400
79073
79722
82342
83167
85458
89397
91386
91420
91905
91989
91995
92091
92094
92415
92545
92572
92967
93445
93648
93723
94520
94831
95073
95335
95410
95953
95977
95982
96279
96515
97199
97613
99158
100018
100479
100650
101204
101506
101664
101997
102281
102512
102789
102915
103457
104222
105339
106705
108784
108912
110155
112978
114257
117410
118914
120110
120415
120575
120721
120910
121493
121767
122192
122989
123790
124129
124209
125702
127274
127279
127397
128208
128418
129652
129883
130205
131077
131178
131930
132432
133098
133099
133208
134467
134603
134608
134622
134686
134704
134711
134762
134796
134811
135794
135845
135856
136222
136342
136356
136387
136629
136633
136701
139188
139211
139243
139258
139823
139855
140551
140882
141211
141536
141575
141707
141810
142068
143298
143333
143762
143785
143859
144143
144359
144538
144699
144721
144861
145280
145448
145761
146602
146825
146828
147432
147515
147795
147861
148220
148285
148796
148825
148844
148917
148943
149030
149318
149627
149665
149692
149733
149877
149999
150024
150141
150175
150292
150682
150743
150806
150810
151471
151474
151672
152275
152390
153100
154271
154272
154305
154989
155278
156816
157424
157966
158545
159298
159448
159581
160212
160306
160495
160710
161088
161324
161428
161450
162108
162241
162340
163118
163125
163436
163711
164046
166290
174139
174316
175223
177922
178215
180557
180763
184274
184800
186582
186953
186983
187231
188308
188373
188646
189028
189708
189716
190582
190643
191210
191288
191387
192215
194184
195328
195409
199528
199591
200960
201278
201489
204615
204981
206258
207260
207367
207468
207525
208559
209994
215114
215881
215941
218297
219847
220573
222718
226163
226470
227504
227861
227869
229004
229668
229766
230168
230619
232644
233082
235370
236247
236490
238429
239690
240387
240978
241331
241983
242881
244268
244990
245092
245095
245102
246304
246583
246652
247610
247636
247768
250614
251919
252170
252179
254049
255754
256775
257419
257930
257955
261069
261349
261943
262038
262206
262337
263724
264024
264215
264581
266362
267511
267643
267986
268023
268393
268490
271699
272288
273108
273415
273609
275139
275789
275834
276285
277164
277914
279113
280654
281408
281419
285346
285495
285536
285587
287092
287667
287704
289891
289981
290579
291809
292221
293958
294549
294574
295653
296375
296876
296922
298835
299050
299508
299601
299638
301433
302359
303334
315177
316865
319450
319585
319609
319610
319665
323086
324604
326462
326654
329475
329497
330935
331332
331375
334238
334526
339140
339556
343238
347334
347368
348049
350004
351224
351358
351490
351604
355332
355736
359053
362587
364421
368825
382650
383139
384868
386696
390136
394395
398396
402093
408972
414083
416718
419125
425081
430140
434588
437277
440161
440191
445895
446937
448769
451386
452275
457036
458566
462484
464909
465195
465993
467210
474642
475614
479240
483460
483968
484294
490451
498777
498789
503574
503769
506533
510342
510370
511288
516922
521522
522682
531063
553020
554440
565958
570187
584314
600563
602546
611889
612646
617848
619571
622439
627328
631387
636521
642816
643554
647658
653506
700890
717051
727195
731401
731501
831426
842270
889391
969620
999779
1035147
1064004
1064417
1075075
1113247
1116836
18
241
251
486
608
679
1456
1493
1723
1753
1813
1828
1891
1923
1925
1942
2153
3071
3121
3455
3717
3961
4147
4162
4181
4796
5777
5807
6802
7016
7079
7318
7896
7937
8250
8833
9003
9090
11205
11349
11887
12424
12506
12808
13023
13079
13286
13473
13562
13607
13637
13905
13988
16879
17048
17882
17962
18374
18971
18973
18982
19493
19660
19790
19868
19986
20094
20337
20496
20671
20697
20932
21673
21695
22114
22441
22829
23077
23153
23166
23223
23429
23517
24068
24819
24932
25000
25001
25017
25235
25249
25369
25471
25515
25849
25965
26104
26183
26411
26620
26824
26898
26913
27069
27100
27360
27458
27717
28063
28386
28722
28785
29308
30201
30218
30281
30289
30446
30685
31215
31316
31408
31410
31586
31837
31845
31892
32660
32803
32843
33962
35385
35502
35743
36211
36281
36540
37529
37550
37743
37874
39847
40397
41606
41675
42217
42851
43139
44241
45478
45481
45555
47635
47649
47808
47852
48786
49478
49484
49524
50371
50746
51562
51949
52146
52224
52278
52298
52305
54933
55389
56629
57943
58005
58139
58391
58425
58436
60958
60984
61014
61028
61135
61336
61492
61675
62009
62742
63234
63856
64106
64541
64728
64841
65419
65561
65582
66561
66700
66936
66982
68318
68707
68792
69169
69446
69750
69754
69937
70739
70807
71049
71098
71189
71302
71387
71443
71536
71562
71596
71632
71666
71831
72040
72205
73827
74990
75051
75109
75150
75221
75232
75810
77279
78732
78839
80469
83234
83253
86305
86989
87379
89060
89746
90897
90899
91028
91042
91045
91060
91062
91123
91440
91668
91997
92050
92108
92202
92256
92282
92420
92630
92712
93112
93220
93335
93369
93959
94162
94169
94605
94919
95112
95327
95399
95710
95757
95795
95896
95941
95987
96004
96066
96165
96282
96453
97055
97243
98437
99409
99749
99901
100735
101195
101202
101613
101646
101763
101765
101793
101894
101979
102211
102490
103469
104272
108671
108822
109459
109688
110479
112529
113147
114008
118533
120359
120783
121366
121618
121619
121851
122456
123086
123704
124490
125957
127280
128020
128212
129159
130956
131035
132457
132871
134639
134720
134738
134761
134765
135187
135229
135448
136334
136518
137365
137514
139357
139720
139943
139974
140452
140487
140543
141302
141563
141765
143774
144145
144810
144987
145459
145751
146173
146195
146484
146690
146855
147563
147659
147933
149229
150157
151736
151897
153518
153543
153752
154523
154831
155102
155315
156524
156746
156883
157811
158232
158382
158416
159245
159423
159727
159826
160223
160667
160702
160897
161284
162272
162586
162810
163054
163123
163497
163859
164630
164810
164816
173979
174897
175148
177710
177806
178322
178365
178540
179042
184193
185916
186587
187303
188297
188340
189273
189343
190559
190605
190707
190773
192192
193339
194981
195070
195380
195394
200154
200764
200777
201292
201720
202948
205488
205933
207540
207735
208765
209303
210071
210491
212142
212222
215321
216720
216750
217042
217644
218601
218993
220167
220969
221799
222399
224234
225708
225975
225999
226358
226852
228531
229325
229694
229996
230109
230641
233099
235440
235897
236240
238292
239615
240417
240970
241416
241828
242009
242067
242588
242616
242855
243366
243891
246162
247285
247748
249499
251839
252026
252221
252862
253167
253690
254997
255643
256141
257777
258167
258580
258828
259197
259319
260383
260449
261869
261877
261924
262785
263229
264041
264640
265900
266133
266161
267083
268810
269781
269833
270902
270959
271668
271791
272025
272097
272298
272519
272539
272706
272867
274511
274754
277613
278445
281081
285425
286884
289773
289813
291427
291433
292709
293041
295084
296623
297045
298372
298624
299378
299755
300610
301399
303616
303620
307969
309754
314039
319118
322086
325011
325502
329059
330032
333845
336313
340640
342303
343645
344411
345856
345857
345919
347106
348321
348430
348528
351349
352736
352790
353449
355372
355960
370425
380912
381713
381863
382787
383630
385887
385980
387650
394429
394443
396340
402116
404742
405466
406703
408116
408900
408996
413463
414317
417000
418763
424453
430488
430885
437261
439942
441525
443224
444469
445234
445567
447727
448822
449049
451478
454284
463621
464072
465180
468774
470613
471036
475821
475834
477250
477467
477708
498903
504134
510502
510651
510656
512292
512373
513505
517739
520270
531822
543082
553348
556634
570581
579978
587108
593144
609541
632338
636976
644965
645633
666563
709431
738895
790211
805512
824438
842510
859438
868724
968259
978180
1053223
1084786
1099516
1114464
1120846
1124791
87
161
233
299
433
490
661
1214
1394
1488
1556
1826
2216
2395
3174
3665
4159
4305
4780
5931
6005
6310
6340
6934
7047
7537
7571
7855
7877
7908
7983
8062
9225
9305
9358
9856
10170
12592
13369
13441
13457
13459
14196
15820
16896
17312
17362
17692
17857
17858
17927
17997
18729
19352
19388
19403
19496
19657
20069
20109
20144
20423
20817
21033
21100
21104
21333
22126
22138
23216
23621
23731
24365
24816
24889
25170
25477
25775
25821
25875
26099
26182
26443
26481
26722
26758
26940
27236
27376
27402
27648
27924
28371
28511
29189
29573
29658
29812
30188
30293
30401
30429
30700
31166
31676
32311
32606
32840
33140
33965
35414
36408
36760
37243
37405
37553
37568
38408
40518
41668
41688
41708
43167
43304
45674
46895
46912
47212
47340
47689
49413
49777
50275
51037
51748
52817
54666
54897
55136
55331
57883
58526
58741
58985
59523
59562
60154
60164
61039
63024
64003
64108
64263
64688
64852
64855
65051
65437
65916
66512
66935
66963
66996
68400
68896
69032
69284
69427
69490
69967
70941
70947
71231
71395
71461
71486
71487
71512
71537
71834
72112
72200
72332
73007
74740
74970
75065
75203
75763
75935
78127
78458
82526
84242
86617
87064
88265
89073
89356
90914
91058
91158
91297
91352
91378
91442
91559
91819
91956
92041
92044
92127
92302
92316
92478
92529
92643
92645
92721
92760
92995
93207
93397
93633
93683
93980
94102
94129
94444
94463
94626
94744
94789
95389
95576
95617
95683
95731
95763
95840
96038
96056
96080
96086
96216
96395
96783
96806
96880
97078
97206
97270
97511
97878
98068
99062
99365
99465
100106
100206
100399
101698
101799
101864
101962
102110
102889
102922
102936
103455
103462
103477
103524
104005
104125
104221
106037
106687
108979
109120
109244
110330
110350
110764
112582
112962
113236
115341
116029
116231
117382
117432
117680
117968
118232
118246
118569
119200
119408
119483
120012
120121
120144
120224
120280
120362
120498
120508
120543
120586
120679
120719
120775
120778
121074
121082
121445
121515
121624
121634
121773
121807
121874
122013
122745
123075
123277
123350
123459
123770
123979
124293
125306
125852
125879
126063
126132
127271
127277
127632
128785
128789
130522
130923
130933
131033
131076
131373
132374
133206
133675
134594
134726
134770
134886
135146
135170
135204
135872
136071
136225
136302
136352
136682
136698
137396
138889
139193
139387
139399
140171
140555
140992
141909
143326
143729
143766
144307
144552
144644
144805
144844
144924
145302
145382
145484
145692
145740
145752
146643
146669
147366
147466
147650
147811
147871
147934
148114
148245
148509
148876
149062
149084
149106
149225
149283
149601
149605
149606
150411
150444
150896
151193
151453
151743
151767
152376
152411
152669
152734
152757
152963
153000
153274
153789
153890
153997
154025
154075
154198
154454
155512
155842
156141
156290
156528
156769
156944
156981
157215
157400
157552
158272
158364
158435
159213
159444
159447
159735
160706
160786
161664
161684
161834
161959
162082
163019
163122
163224
163426
163929
164731
170472
171466
172622
174838
174977
175395
177652
178450
178783
183955
184252
184792
185927
185976
187998
189352
189700
189764
190599
190603
190635
191121
191941
192039
193262
195249
195830
197946
199532
201200
201274
201417
201577
204639
205795
206143
207276
207680
207753
208467
208473
208851
209051
209513
209622
211290
216266
216496
216818
216953
217031
218036
218079
218692
218834
219349
220205
220373
220572
221170
221332
221562
222475
222658
222736
224131
226281
228745
228774
229574
229732
231099
231163
231980
232379
235371
236210
237264
237729
238829
239062
239288
239632
239867
239908
240234
240822
241207
241960
242000
242430
242928
244073
244085
246278
246392
247174
247941
248302
249756
251490
251596
251618
251900
253255
253442
255849
255860
256233
257022
257458
258001
258808
259202
259619
260067
260133
260198
260425
260779
261091
261232
261285
261920
263388
263479
265962
265976
266643
266649
267452
268881
268893
270366
270865
271505
271610
272808
274104
274110
274449
274473
274788
276522
276785
276909
277014
277016
277269
278541
278822
279150
281023
281076
282654
285038
287088
287549
288495
289474
289986
290653
291984
292152
292356
292707
293624
294527
294679
298709
298849
299612
299637
299705
299741
301772
302197
303045
303782
303803
308451
310730
312248
312249
314208
317676
318792
319577
319584
321460
323269
326576
329207
329525
330964
331001
331804
333672
334876
336829
337945
339538
340128
340964
341393
341946
344870
346647
347721
349633
351175
351339
353394
353865
354467
356031
356529
362258
362705
363422
363918
363955
364362
367945
380856
381857
381877
382788
384500
384877
384917
385364
386331
386428
387966
389313
391800
392423
393947
394990
395846
395990
395995
406957
416135
418094
418436
419736
420077
422051
436505
441277
445443
450910
451763
456202
456314
456950
461774
465155
465983
472597
473987
475082
488156
489828
497178
502533
506933
511776
522076
523836
524163
532476
545062
545621
547373
551702
554492
563176
581489
586258
595607
603572
610561
611785
621201
624982
625788
627745
630931
636023
640248
651233
661513
667914
705963
709849
720991
739721
762937
767617
770349
774061
779924
789745
819208
823671
827062
833904
844342
860405
896804
914816
944597
953163
983532
995700
1026421
1047778
1052516
1059209
1067881
1125215
1133152
159
617
623
664
695
988
1258
1355
1546
1902
1907
1992
2454
2898
3030
3098
3252
3334
3397
3433
3476
3927
3929
3959
4097
4183
4190
4293
4370
4810
5776
6392
6706
6857
7196
7342
7661
7944
7964
8994
9196
9313
9864
10739
10986
11105
11210
11546
11556
11704
12270
12321
12417
12878
13074
13652
13723
13806
14016
14800
16716
16858
17122
17471
17611
17852
19371
19498
19803
19901
19935
20027
20089
20512
21030
21202
21227
21242
21262
21439
21716
22760
23312
23832
24036
24080
24844
24888
24992
25390
25696
25885
25921
25972
26106
26639
26876
27058
27132
27244
27633
28019
28520
28593
28759
28832
29315
29341
29509
29557
29559
30117
30210
30238
30519
30541
30943
31040
31401
31467
31549
31600
31777
31882
32006
33887
34042
34158
34430
36322
36799
37045
37235
37596
37839
37862
37902
38434
38684
38873
39937
40351
40352
41263
41738
42850
42877
43006
44329
45540
45619
46307
47010
47431
47611
47621
47815
49510
49648
49839
50483
50668
50987
52147
52756
52887
52996
53442
54623
54647
55636
57594
57878
57910
57954
58485
59320
59536
59543
60096
60355
60570
61224
61317
62631
62675
62951
63699
64264
64516
64548
64791
64896
65188
65189
66361
67310
68519
68700
68859
68909
69015
69069
69141
69452
69477
69534
69634
70062
70537
70831
70910
70960
71192
71223
71276
71417
71427
71428
71444
71495
71803
72017
72284
74920
75027
75169
75190
75268
75321
75324
75455
75847
76037
76349
76516
77872
79177
80947
81947
82188
83934
88082
89372
89712
90945
90954
91106
91298
91366
91934
92074
92143
92664
92704
92773
92810
92985
93960
94323
94549
94607
94613
95124
95210
95235
95367
95434
95609
95964
95992
96166
96174
96257
96264
96334
96444
96448
96489
96546
96561
96621
96655
96728
97588
97929
97982
98061
98067
99161
99188
99195
99352
99371
99372
99936
100361
100595
100743
101003
101090
101183
101915
101935
101957
102005
102088
102120
102476
102506
102761
103909
104060
104612
105037
106023
106558
106714
108958
109254
109316
111566
112547
113682
114127
114520
114820
116137
116192
116440
117359
117377
117572
117724
117754
118097
118511
120011
120045
121236
121268
121364
121382
121415
121590
121616
121873
122946
123148
123156
123655
124205
124762
125028
125948
126192
127621
127777
127989
128103
129672
129699
130347
130524
130913
131021
131089
131375
133815
133921
134004
134294
134740
134783
134819
134820
135271
135865
136009
136519
136569
136844
139181
139268
139272
139337
139679
139980
140194
140466
140560
140891
141207
141808
142110
142211
143235
143475
143768
144150
144303
144549
144774
144941
145779
146004
146043
146581
146678
146928
146929
147083
147629
147823
148108
148125
148308
148448
148489
148522
148545
148568
148841
149632
149993
150027
150342
151201
151317
151526
151740
151982
152739
152804
152844
152981
153042
153532
153588
153697
156126
156496
156634
156694
156839
156894
157104
157344
157539
157723
157983
158280
158429
159989
160633
160978
161349
161451
161964
162089
162266
162311
162312
162669
162925
162966
163303
170434
172338
174805
174885
175126
175857
177670
177791
177934
178005
178355
180129
180933
184092
184132
186874
187221
187356
189542
189723
190694
191916
195878
195919
197008
198310
198328
199172
199195
200958
201408
202975
204521
206159
206241
206325
206457
207365
207608
207651
208820
209537
209995
210307
210332
210364
210594
212050
212305
212384
212441
216325
216547
216928
216941
218576
218688
220222
220719
221393
222268
222888
223609
226219
226943
226956
227316
228907
229340
229746
230656
232029
237713
238924
238931
239099
239877
239935
240039
240398
240876
240996
242055
242579
243363
244894
245091
245233
246107
246253
247615
248204
249093
249461
249779
251022
252684
255137
255359
255967
257129
259363
259439
259463
260136
261668
261821
263331
263721
263735
264026
264571
265256
266030
266059
266060
266391
266546
267033
267157
269089
269516
269713
270256
270267
272531
273456
273907
273922
273977
274406
274497
274519
274637
275097
275146
275263
275620
275708
275737
275939
276434
277015
277812
278322
279879
281277
281396
283192
286437
287814
290264
295227
298433
298527
299471
299790
303671
304793
309292
319021
319587
319680
320008
321014
323318
324562
326590
326618
328285
330043
332096
335220
336419
339301
340551
341185
341198
341466
345948
346138
347379
350182
350348
352267
356481
360039
361937
362291
362294
368245
382758
387064
387953
389951
390681
391501
391538
394406
395100
396345
396347
402928
414064
416547
418841
419333
422781
423589
429601
434764
438327
441288
443231
445464
446606
448172
448668
449562
449881
451410
451682
453348
453595
456680
457386
458797
467688
471205
471239
473216
476809
478140
478458
482870
488300
490774
491649
493636
496489
498156
500149
508727
521761
522458
528964
529206
531123
532639
532979
554441
555087
556827
559277
562770
566778
578426
579117
582432
583832
590533
590998
599521
605540
605888
610750
616487
631422
631931
632775
634806
635314
639949
649106
650119
658759
673338
680119
717476
747146
753077
755078
764125
776108
778595
809987
821001
831616
842838
848259
851792
877339
904098
910926
913390
918144
955563
963712
1013178
1027502
1041547
1046287
1050829
1051185
1054528
1061374
1078166
1081393
1083856
1108025
1109619
1123570
274
558
637
657
684
692
768
901
1426
1548
1816
1939
1963
2299
2529
3228
3443
3658
3966
4102
4107
4124
4126
4137
4176
4333
4508
4581
4829
5108
5806
5829
6127
6366
6781
6788
6816
6846
7013
7373
7754
7791
7966
8011
8318
8882
8945
9657
9834
10043
10064
10118
10581
10650
10907
11481
11586
11710
12211
12292
12916
12917
13375
13460
13471
14018
16805
17035
17549
17678
17825
18018
18139
19491
19721
19762
20074
20217
20372
20400
20430
20636
20716
20762
20946
21087
21217
21241
21811
21960
22069
22139
22244
22324
22359
22366
22486
22490
22524
23017
23595
23861
24246
24376
24398
24665
24820
24855
24890
25041
25199
25211
25695
25769
25781
25822
25952
26393
26441
26523
26730
26769
26946
26960
27053
27086
27189
27526
28167
28182
28333
28424
28436
28487
28522
28721
28765
29013
29442
29661
29728
29784
29973
30185
30187
30227
30346
30400
30418
30488
30665
30706
31642
32165
32966
33234
33839
35538
36317
36837
37847
38139
38613
39011
39737
39877
40102
40127
40279
40417
40422
40557
41016
41506
41537
41582
42299
42570
43019
43157
43186
43237
43270
43310
43644
43841
43881
43910
44471
44517
44526
45147
45582
45670
46115
46938
47008
47362
49435
49533
49549
49578
49828
49932
50064
50173
50412
50506
50917
50936
50982
51266
51326
52283
52296
52459
52484
53924
54014
54256
54641
54682
54785
54942
55103
55265
57901
58363
58570
58599
58694
58724
58730
59174
59499
59553
59588
60001
60942
60972
61117
61162
61199
61218
61314
61487
62460
63587
63665
64068
64452
64701
64753
64763
64782
64809
64831
64846
64927
65163
65169
65245
65329
65552
65569
65583
66704
66795
66861
67005
68623
68655
68676
68715
68807
68813
69003
69244
69719
70204
70326
70605
70956
70986
70990
71206
71418
71530
71563
71673
71687
71774
71807
71910
71958
71967
72004
72217
72236
74042
74240
74356
75073
75236
75379
75548
75550
76029
76563
78070
79075
79223
79748
79760
79936
79942
84294
84331
85216
86021
86659
87110
91213
91243
91252
91296
91353
91384
91434
91824
91906
91929
92032
92130
92280
92401
92523
92599
92733
92808
92887
92917
92993
93107
93403
94453
94547
94604
94668
94717
94950
95075
95231
95345
95388
95461
95720
95787
95974
96111
96193
96390
96736
96991
97058
97466
97935
98337
98382
98499
99098
99908
99985
99994
99998
100359
100474
101206
101587
101945
101946
101947
102006
102026
102206
102309
102364
102532
102579
102800
103199
103392
103540
103676
103832
104012
104207
104267
104525
104540
105224
106221
108562
109057
110328
110467
110605
112809
113006
113856
116296
118132
119022
119535
119825
120010
120474
120577
120697
120829
121335
121597
121601
121792
124479
127436
128185
128592
129623
129852
129854
130116
131005
131032
131037
132957
133300
133661
134613
134627
134751
134781
135000
135293
135297
135300
135361
136301
136364
136413
136515
136584
136871
137465
138235
139204
139394
139606
140549
140759
140897
141325
141415
143323
143696
143723
143930
144280
144302
144615
144676
144760
144923
145002
145464
145973
146266
146662
146674
146931
147110
147279
147417
147429
148389
148438
148443
148513
148593
148745
148815
149048
150607
150739
150868
150980
151232
151881
151883
152164
152251
152288
153056
153138
153549
153859
153998
154002
154217
154310
155031
155082
155101
155146
155162
156287
156773
157724
158146
158505
159329
159334
160077
160219
160222
160226
160585
160701
161114
161285
161326
162006
162013
162120
162171
162225
162279
162342
163358
163548
163561
163953
164418
164574
173021
173114
173942
174770
175196
175833
178225
179882
179933
184225
186550
186924
187242
187333
188046
188597
189045
189712
189736
190480
190944
191077
191433
192503
193597
193993
194129
195417
195511
198586
200162
204517
206128
207691
207801
207812
207871
208651
209637
210011
210166
210321
213237
215349
216476
216843
217198
217206
217479
218565
218605
218790
219258
219359
220745
220973
222017
222892
226854
227400
227435
227645
228747
232215
235902
236009
236890
237655
237860
238218
238396
238971
239458
239784
240016
240092
240378
240406
240425
240958
241430
242015
242024
242129
242132
242179
245418
246508
246587
246660
249352
249957
250098
250801
251186
251518
251579
251671
251783
252867
252868
253828
253968
254115
255356
256524
256537
256572
256731
256916
257065
257799
258308
258782
259431
259658
260697
260710
261186
261679
261933
262083
262699
263603
263879
265955
266472
267992
268284
268492
268746
269101
270103
270237
270751
270982
271190
271571
273023
274143
274410
274500
275149
275653
278041
278263
278324
279666
285261
285636
285768
286728
286827
287086
289990
290078
290822
293234
293860
294267
294293
294532
294738
296035
298458
298740
298993
299317
299488
302716
303330
303340
307633
309192
310805
311671
311812
313754
313798
314490
315301
320487
320627
320734
323216
324726
325541
327518
328016
328146
328454
329053
331597
331925
333891
335541
335589
336156
336600
336796
339051
339427
339479
339934
339962
342701
345804
345907
347294
347308
348369
349136
349659
351440
351480
352057
352452
352721
354366
355383
359599
360392
362632
363217
363467
364518
368246
368593
368847
370175
370189
370232
381336
381913
381925
382356
384305
385845
386044
386329
387547
387660
388415
391421
391956
393558
395068
395742
396491
398092
398574
399831
402043
405441
406717
416712
418517
419758
420013
423784
424421
430835
430997
431989
433496
434156
434703
437458
443543
444533
447703
448163
448183
450974
451382
452510
453258
454790
463020
463309
468777
472181
472443
475055
476216
476469
478993
483165
486781
487738
492247
492733
493582
494539
497660
500171
505437
511892
512019
517741
518511
518547
520523
532766
539473
543264
546871
554083
560776
565385
570388
571641
571831
575399
576290
578350
578434
578909
580861
592041
594071
600264
601352
606591
607263
611882
613864
615976
616821
618116
627203
632315
632795
636223
637523
637551
642693
642836
652839
654813
663890
684271
696479
710879
715662
739133
739706
744334
746753
782777
792768
795690
827598
843862
845707
857547
861547
868658
872441
874214
895704
954700
985322
996588
1029007
1047125
1048093
1053486
1090184
1105810
472
1054
1351
1543
1825
1931
1947
2123
2132
2159
2284
2310
2409
3107
3114
3373
3440
3517
3639
3881
3940
3985
3990
4129
4223
4643
4792
5991
6112
6824
6876
7067
7162
7251
7703
7732
7800
7905
8091
8224
9483
9841
10029
10090
10249
11177
11360
11363
11602
12014
12495
12828
13026
13028
13240
13497
13830
13974
15459
16880
16980
17000
17123
17131
17679
17757
17877
18396
18710
19052
19304
19377
19532
19539
19567
19654
19689
19717
19967
19975
20070
20240
20366
20401
20506
20869
21081
21116
21127
21198
21346
21569
21591
21626
21717
21721
21815
21850
22121
22146
22230
22264
22654
23251
23984
23988
24285
24747
24759
24847
24929
24936
24957
25124
25201
25214
25964
26149
26193
26406
26505
26508
26529
26781
26934
27150
27610
27645
27797
28494
28605
28711
29338
30296
30561
30563
30579
30635
30783
30899
31135
31704
31707
32212
32831
32898
32931
33196
33248
34906
35008
35418
36475
37471
37590
38786
38836
38858
40191
40248
40368
40605
41848
42310
42782
42840
43927
43982
44033
44045
44733
45850
46037
47358
47637
47652
47801
47827
48691
48779
49441
49527
49750
49751
49756
49768
49818
49938
50287
50909
50948
50992
51234
51319
51425
51732
52124
52293
53650
54624
54815
54886
54894
54921
55361
56565
57891
57918
58387
58472
59068
59474
60205
60955
60973
61035
62073
62634
62693
62769
62821
63171
63456
63519
63857
64135
64209
64395
64419
64493
64570
64580
64694
64744
64856
65038
65058
65253
65842
66439
66624
66854
67150
68729
68936
69407
69540
69593
69734
69794
69935
70077
70218
70283
70814
70945
71097
71196
71292
71305
71347
71392
71524
71598
71663
71697
71701
71746
71765
71899
71939
71944
73280
73595
73964
74034
74110
74350
74799
74831
75121
75325
75513
75769
75823
75896
75904
76248
77350
79209
79782
80812
81950
81993
82239
82848
83566
84309
84619
86322
86731
86985
87526
87766
88441
89359
89650
89688
90903
90932
90985
91080
91108
91187
91275
91490
91504
91567
91940
91951
91967
92071
92294
92378
92416
92448
92479
92623
92710
92979
93122
93279
93330
93361
93576
93588
93691
93891
93991
94354
94571
94590
94619
94627
94765
95518
96109
96114
96120
96164
96197
96399
96414
96415
96541
96651
96676
96757
96850
96858
96944
97099
97545
97606
97926
97964
97980
98199
99085
99106
99113
99483
99735
100099
100136
100319
100324
100371
100421
100654
100700
100736
100754
101095
101319
101442
101533
101555
101779
101830
102059
102265
102421
102634
102689
103057
103109
103324
103479
103488
103494
104046
104051
104159
104336
104524
105226
105643
105724
106731
108909
108964
109090
109124
111584
113841
113909
114156
116126
116611
117449
117463
117854
117878
118048
119108
119385
119921
120025
120694
120782
121012
121023
121061
121118
121492
121501
121505
121529
121771
121900
121922
121990
122233
122778
123078
123656
124807
124872
125958
127461
127999
128411
128493
128653
128892
130632
131186
131358
131612
133287
133394
133701
134208
134602
134620
134736
134766
134813
134817
134880
134936
135121
135214
135403
135702
135807
135868
135891
135910
135920
136236
136648
136748
137539
137593
139086
139279
139290
139688
140076
140154
140436
140464
140552
140582
140962
141037
141182
141583
141836
142478
142643
143680
143807
143822
143827
143941
144392
144543
144943
145332
145357
145410
145528
145953
146174
146286
146302
146490
146660
146898
147001
148283
148466
148486
148565
148826
148835
148938
149075
149204
149376
149384
149589
149721
150162
150241
150333
150604
150886
150973
151301
151404
151436
151641
151750
151875
152003
152228
152567
152996
153016
153524
153541
153699
153854
153885
154156
154296
154402
154409
155036
155053
156034
156558
156899
157079
157155
157255
157446
158304
158526
158787
159305
159479
159868
160389
160413
160509
160627
160697
160998
161608
161800
162180
162238
163508
163904
164146
164717
170214
171372
172522
172891
174223
174232
174234
174868
175024
175140
177642
177858
178376
179664
179685
179713
179825
179834
180058
183880
183958
184157
184256
184890
185729
185751
185755
188034
188052
188592
189356
189554
189556
190753
191512
191899
193103
195439
195587
195981
196438
196551
196781
201179
201432
201479
201790
202094
204741
204971
206249
206351
206422
207641
208422
208458
208871
210476
211069
212259
212268
212351
215009
215616
216505
217020
218556
218573
218905
219204
219530
220424
220434
220571
220703
220791
221403
221692
221803
221873
221979
222285
222538
222578
222739
223608
223844
223955
224622
226144
227705
227763
227790
228524
228870
229197
229907
230192
233225
237008
237406
237605
239081
239082
239214
239439
239752
239757
239944
240455
240506
241519
241967
242010
242135
242490
243509
244978
245000
245130
245461
246176
246557
246673
246679
246932
246985
247135
247218
247518
248688
248783
249043
249394
251537
251548
252023
252776
252901
253010
254317
255090
255293
255932
256151
257250
257310
257994
258362
258482
258877
259119
259941
260410
260448
260586
260950
261137
261282
261513
262100
262104
262153
262298
262676
263880
264375
264690
265270
265589
266107
266198
268293
269566
269900
269912
269947
269952
271893
272002
273316
273636
273752
273824
274452
274629
277385
277981
278424
279413
280194
280705
280762
283359
283845
285805
286637
287082
287393
289551
291293
292351
292591
293590
293729
293829
295054
295266
296676
297675
298468
298879
299571
299698
299729
299735
299749
299990
300949
301472
310484
310536
312580
313783
314840
315375
317081
318840
319339
319752
320877
321231
322128
322263
325909
326809
326811
328458
329073
330929
331179
331432
333789
334168
334266
336358
337085
339247
343359
343538
344602
346579
346596
347181
347380
350476
351201
351219
351521
352271
352343
352711
359610
360341
361111
363262
369344
372808
381070
382521
385554
386011
386286
386420
390029
391395
393200
393999
394948
395060
395702
396004
396146
396520
400994
402033
402555
402611
402902
403108
406992
408778
409058
419765
419985
420032
420080
420429
420983
424792
430098
430167
430319
430494
431350
433199
435403
435405
436488
436490
437541
439143
445777
446349
446509
449220
451717
451789
452704
456056
457333
457442
463592
464773
468380
469456
473250
474211
474305
474776
475319
476014
482033
482745
482791
482899
483200
483751
483816
487253
489075
492357
492533
492838
493198
498847
498997
499090
505964
506992
511995
515994
523439
524160
528393
531044
532822
537014
540115
541477
544798
546033
549978
552306
558038
562063
567980
568566
570568
579513
579950
580790
581715
585755
592621
600471
608542
618223
623322
626443
626560
629829
640690
643699
644099
644493
645042
648138
658491
661172
672673
683585
684209
694093
697506
697897
714106
715458
722139
727807
733552
735105
737190
743377
747959
763656
776740
776754
781039
791794
823497
838501
841947
866664
872074
910915
921055
949968
957587
972810
978228
984170
1021665
1030300
1058502
1065403
1085214
1092313
1108440
1115130
1124841
327
352
360
613
624
758
884
1589
1951
2006
2030
2100
2242
2446
2893
3072
3490
3515
3595
3685
3975
3997
4005
4082
4270
4376
4473
4724
4741
4906
5827
6125
6442
6848
6860
6941
7053
7387
7461
7603
7628
7690
7828
7981
8005
8056
8102
8148
8459
8618
9053
9092
9100
9114
9288
9885
9998
10112
10250
10406
10751
11009
11096
12032
12175
12355
12388
12733
13205
13501
14025
16812
16829
16837
16842
16887
16944
16970
17406
17686
17735
17929
18890
18950
19287
19472
19617
20051
20185
20298
20361
20404
20513
20521
21086
21096
21816
21914
22052
22250
22303
22590
22734
23026
23157
23372
23460
24033
24187
24245
24474
24608
24617
24714
24809
24965
25177
26314
26517
26520
26671
26706
26731
26767
26771
27178
27179
27220
27284
27387
27407
27575
27605
27787
27851
27956
28022
28080
28451
28566
28744
28992
29264
30334
30468
30682
30928
31270
31397
31674
31930
32301
32913
33189
34047
34440
35049
35616
36241
37227
37755
39191
39195
39340
39688
39963
40084
40728
40947
41686
41954
42083
42536
42790
42994
43133
43236
43279
43487
44138
44274
45516
45608
45629
45766
46936
47194
47389
47560
47700
47760
47804
48469
48761
48784
49440
49489
49616
49621
49728
49787
49807
50895
50952
51191
51278
51335
51338
51342
51745
51845
52142
52371
52786
53797
54964
55077
55866
55980
55996
56562
57885
57908
58158
58225
58258
58488
58630
59491
60066
60937
60938
61011
62164
62760
63091
63636
63706
64545
64571
64837
64848
64899
64998
65102
66427
66582
67649
68793
68816
68834
69386
69519
69917
69954
70037
70082
70322
70846
70926
71058
71114
71446
71484
71556
71641
71645
71662
71926
72023
72296
73517
73904
74093
74190
74308
74408
74696
74751
74841
75432
75743
75908
75936
76009
76049
76515
76795
76961
78641
78702
78932
81962
81963
82131
83162
83435
83497
84165
84223
85409
86090
87327
87767
87809
89375
89520
89561
89707
91113
91168
91185
91309
91315
91330
91390
91397
91509
92187
92191
92245
92287
92391
92496
92551
92714
92749
92800
92910
92997
93598
93730
93913
94168
94351
94530
94602
94628
95602
95853
95881
96061
96300
96521
96617
96910
96983
97005
97014
97033
97064
97209
97343
97356
98065
98312
99170
99309
99399
99843
100025
100185
101086
101176
101405
101417
101552
101567
101681
101749
101942
102481
102780
102869
102870
102871
103232
103321
103569
103686
103952
104096
104217
104229
104236
104309
105680
105906
109130
109177
109866
110669
110699
111829
112835
112921
112959
114085
114089
114256
114426
114650
116176
116850
117269
118516
118634
118642
119900
119923
120668
121020
121162
121307
121352
121365
121528
121602
121668
121765
121788
122015
122020
122061
122769
123122
123164
123272
123729
124239
124375
124511
124538
125047
125184
125929
127206
127227
128613
128797
129625
130029
130098
130210
131012
131019
131446
132955
133004
133084
134643
134670
134713
134791
135090
135153
135355
135389
135425
135723
135818
135913
136439
136490
136535
136642
136643
136863
137183
137312
137550
138990
139076
139115
139120
139217
139396
140254
140443
140449
140463
140563
140655
141163
141277
141328
141353
141431
141524
141649
141881
141898
142036
142279
142502
142855
143795
143874
143948
145141
145605
145671
145849
145854
145940
145999
146002
146187
146198
146275
146276
146494
146652
146672
146722
146800
147237
147289
147436
147492
147905
147954
148138
148818
148842
148925
148950
148960
149191
149193
149269
149389
149639
149656
149988
150105
150138
150562
150570
150658
150745
150764
150826
150879
151204
151543
152020
152379
152525
152737
153113
153425
153452
153578
153871
153918
154038
154136
154400
154458
154821
154994
155054
155270
155369
155431
156060
156212
156215
156483
157132
157211
157549
158049
158383
158466
158515
158520
158542
158702
158789
159004
159212
159338
160249
160308
160625
160979
161068
161314
161487
162010
162906
163765
164307
164806
170224
170489
170583
171064
171339
172426
173100
174054
174329
174810
174854
174923
174955
175089
175192
175208
175233
176930
177636
178058
178442
178779
179861
180037
183612
184026
184251
184858
185959
186523
186913
187271
187286
187300
187627
188313
188356
188370
188407
189012
189069
189643
189765
190911
191239
191296
191366
191476
195101
195370
195562
195791
195863
197852
198156
198161
198297
199079
200110
200145
200389
200566
200744
201059
201781
203167
203205
204681
205729
205757
205797
205987
206471
206658
207259
207271
208554
209594
211324
212423
212887
215007
217298
217610
218302
218693
219177
220507
221342
221439
221862
222245
222659
223993
224190
224973
226590
227340
227967
228718
228723
228920
229017
229204
229357
229755
230603
230681
231206
232515
233192
235584
235589
235733
235819
236021
236399
237090
237123
237221
237239
237263
238824
239624
239747
239904
240845
241242
241919
241959
242032
242268
242392
242565
242599
243974
244062
244588
246460
246614
247162
247203
248260
250409
250831
251445
251850
252189
252711
252962
253118
253262
253300
253944
255305
255854
255859
255938
256546
257126
257210
257649
257864
258206
258466
258703
258852
259123
259427
260099
261448
261461
262344
262911
263059
263126
263709
264241
264381
265068
265353
265432
266021
266055
266246
267084
267752
267849
268375
268793
269258
269524
270118
270943
272073
272712
272816
273143
274268
274335
274353
274683
274861
275267
275365
275625
275787
275791
275888
275979
276318
276326
276944
277065
277897
278421
279075
280352
281762
282557
283453
285513
286111
286281
286650
286848
287004
288331
289113
290009
290970
294774
296481
296632
298826
298845
299772
300673
300680
303579
303628
313166
313837
318596
318637
319302
319684
320367
320822
321896
324574
325563
325679
326163
326858
327681
327928
328251
329363
329457
330148
330954
331459
331666
334651
334875
334877
335859
335866
336071
336424
336775
337028
339257
339278
339560
339986
340324
341023
341710
343038
343616
344796
346410
346414
347116
347560
348020
348201
348374
348413
349632
351806
351815
352994
352996
354883
355987
356175
356324
356339
356733
357448
359332
359827
361249
362119
364234
364342
369463
370554
381283
381567
382554
383584
384300
384499
386320
386812
389052
392693
393107
394355
395121
397082
397399
398151
400726
401509
404593
405464
406768
416688
416729
417579
419407
419865
419979
424405
434124
437208
438644
443681
445453
445765
445936
446522
446553
447266
448108
451411
455227
455509
455858
456118
457832
458503
459068
463671
464841
468776
469393
476217
479612
481275
492345
493097
496962
498560
498856
499868
501137
503330
503364
503607
503649
504932
506178
508235
509938
509943
514377
517470
520843
521003
523578
524195
526127
528616
532467
532807
536651
542892
547624
552137
552766
557103
569140
569412
572064
576327
580761
581609
585331
586803
599396
599526
600291
604266
608853
617717
625880
626441
626950
631829
632773
634409
638869
639959
641970
645167
648391
650897
662618
666386
670116
689155
690118
691761
694146
699505
704984
710258
722616
732297
733691
734601
739905
742057
751379
751539
766184
775012
784059
785437
807802
824461
829306
831130
839284
848082
849060
852309
863703
869840
879684
893682
915672
917774
936620
975260
983588
991873
996241
997077
998698
1020718
1021652
1024720
1026661
1031235
1034098
1042074
1047148
1070926
1092871
1094502
1095725
1099517
1101662
1104808
1115236
1130821
1133745
0
202
245
541
1154
1213
1272
1376
1625
1672
1845
1905
1916
1924
2021
2031
2121
2152
2246
3184
3199
3368
3529
3557
3760
4119
4200
4294
4326
4380
4441
4595
4852
4880
4882
4886
4888
5813
5882
6067
6206
6251
6337
6359
6381
6833
6916
7157
7226
7284
7659
7883
7942
8073
8115
8204
8373
8451
9194
10313
10602
10788
10846
10910
11056
11336
12264
12549
12884
13509
13856
14134
16600
16748
17083
17113
17250
17952
18164
18241
18865
19012
19376
19529
19552
19560
19565
19583
19606
19730
19884
19929
19937
19962
20088
20107
20175
20195
20228
20352
20428
20472
20580
20592
20918
20978
21009
21010
21188
21212
21256
21396
21836
21883
22468
23032
23191
23341
23426
23526
23649
24042
24132
24300
24801
25010
25107
25210
25733
26228
26389
26585
26816
27032
27121
27190
27205
27290
27400
27601
27860
28122
28144
28152
28417
28602
28705
29084
29215
29611
29836
30028
30302
30308
30412
30417
30858
31052
31066
32214
32450
33360
33736
33899
34455
35013
35020
37541
37559
38300
38537
38558
39171
39840
39926
40175
41091
41116
41257
41501
41628
42246
42732
43553
43857
43935
43945
44049
44051
44094
44425
44555
44992
46322
46366
46920
46935
47303
47631
48036
49503
49587
49619
49641
49913
50052
50940
51049
51065
51144
51624
51719
51742
51751
51797
52178
52367
52432
52435
53302
53325
53678
54804
54871
54939
55229
56038
56556
57865
57936
58261
59688
59989
60179
60966
61023
61358
61582
61677
62682
62723
62886
64137
64248
64293
64322
64479
64492
64585
64630
65070
65531
65867
66404
66532
66590
66646
66671
66676
66773
68366
68628
68703
68942
69103
69665
69677
69882
69986
70090
70096
70244
70294
70313
70386
70405
70559
70588
70627
70824
70992
71007
71044
71070
71119
71252
71525
71558
71659
71841
71935
71971
72197
72208
73597
74107
74254
74261
74616
74914
74959
75060
75098
75151
75194
75257
75262
75399
75490
75608
75800
76072
76554
76861
77327
78438
78824
79319
79712
80170
80968
81294
81892
82263
82511
82610
82779
83494
83504
83622
84404
84453
85167
85333
85412
85900
85970
86838
86961
87042
87087
87230
87645
88089
88106
88342
89070
89642
89716
89733
90971
90996
91189
91268
91335
91388
91848
91850
91894
91913
91930
92010
92098
92101
92170
92178
92180
92192
92290
92326
92567
92868
93064
93389
93439
93543
94137
94158
94432
94519
94812
94829
94931
94967
95097
95180
95192
95361
95376
95380
95473
95614
95699
95733
95748
95796
95963
96027
96074
96087
96266
96289
96411
96421
96529
96635
96653
96776
96789
96851
97011
97017
97202
97278
97314
98077
99192
99281
99448
99758
99790
99940
100030
100035
100347
101189
101404
101530
101562
101564
101623
101627
101699
101704
101712
101772
101838
101850
101899
102108
102146
102235
102241
102248
102326
103493
103552
104053
105075
105242
106220
106267
108612
109146
111487
111520
112746
113849
114123
114145
115951
116976
117202
117355
117584
117918
118026
118236
118302
118729
118999
119274
119289
119445
119740
120225
120369
120456
120531
120675
121163
121210
121216
121551
121660
121684
121730
121872
121924
123551
123685
124214
124463
124858
124974
125095
125327
125888
125996
127064
128793
128901
129662
130624
130926
130946
130999
131112
131197
131276
132299
132889
133665
133711
134805
135819
135821
135873
136281
136305
136339
136378
136440
136514
136581
136609
136851
137610
137904
138476
138907
139191
139196
139293
139323
139682
139846
139854
140268
140451
140462
140486
140509
140513
140567
140746
141210
141237
141505
141507
141574
141700
142144
143839
144216
144282
144573
144739
144787
144811
145047
145145
145287
145375
145407
145466
145504
145946
146258
146598
146886
147491
147950
148089
148216
148218
148431
148464
148819
149063
149116
149365
149380
150017
150035
150211
150235
150391
150685
150815
150938
150995
151034
151441
151544
151657
151660
151760
151924
152043
152163
152274
152277
152391
152550
152581
152745
152758
152761
152938
153055
153126
153360
153591
153950
154008
154071
154184
154195
154289
154488
155029
155143
155472
155547
155817
156153
156180
156291
156517
156895
157191
157824
157963
157974
158053
158133
158386
158536
159314
159362
159785
160236
160315
160472
160502
160709
160787
160953
161086
161434
162245
162338
162378
162396
163139
163154
163565
163685
163762
164011
164364
164664
166463
168467
170111
170221
170463
171268
171395
172287
172350
174226
175144
175209
175373
176338
177335
177970
178076
178233
178280
178314
178514
179006
179467
179924
180430
183952
184039
184170
184226
184234
184253
184658
184899
184998
185758
185880
187474
188314
188322
188460
188468
188489
188628
189268
189330
189743
190606
190626
190634
190755
190764
191300
191370
191373
191376
191471
191515
193444
193726
194952
195314
195455
195459
196955
197674
199476
200653
200975
201569
201915
202050
202644
202820
203197
204630
206157
207187
207466
207547
207562
207639
207789
208587
209365
210146
215336
215345
215348
216004
216515
217275
217391
218244
218769
218786
218881
219319
219360
219561
219747
220204
220781
220911
221071
221567
221668
221789
221837
221858
221935
222556
222737
222862
222877
224219
226176
227471
227643
227897
228324
230106
230140
230156
230164
230302
233067
235462
235901
236481
236541
236688
236869
237029
237152
237232
237251
237379
237385
237408
237877
238258
238440
238451
238577
239425
239973
240019
240036
240468
240881
241950
242075
242164
242192
242211
242235
242723
243215
243381
243690
245113
246495
246536
246648
247171
247367
247625
247912
249789
250680
251224
251585
251776
251841
252148
252205
252697
252903
253150
255104
255254
255907
256227
256230
256404
256613
256680
256842
257474
258423
258821
258997
258998
259076
259158
259185
259433
259461
261341
261624
261784
261932
262532
263153
263295
263311
264025
264117
264206
264577
264733
265341
265369
265499
265540
265721
267249
267633
269156
270254
270274
270941
271111
271484
272871
273326
273434
273533
274351
274369
274558
275093
275298
275633
275719
276512
277197
277400
278817
280652
280998
281401
281459
285537
285832
286128
286642
287104
287121
287789
288570
289377
289411
289544
289756
290270
290391
290594
290661
292295
293030
293948
294366
294411
295556
297989
298249
299022
299061
301764
307895
307987
308438
308839
318480
318733
318748
318788
318969
318997
319133
319166
319853
320966
323703
324261
325998
326335
326944
327402
327485
327927
328223
328494
329067
329217
329411
330054
330973
331082
331421
331919
332098
334410
338134
339455
341059
344175
344502
344802
346108
346171
346226
346457
346612
347310
347338
348421
349378
349698
349775
349783
351554
351778
351810
351824
352257
352264
353672
353814
354429
355170
355306
356736
359924
360792
361123
361740
361759
361836
363293
368081
368254
368458
368725
368799
369078
369390
380994
381788
381792
382262
382687
382915
385593
387505
387575
388779
389865
390012
391500
392335
395710
395800
396311
396392
397661
401308
402298
402581
402582
405962
406774
414107
414676
417236
418207
418220
418848
419986
422151
424395
430019
430815
431140
431549
433315
435159
435213
436787
446900
447444
447540
447607
447754
448160
451658
453769
454102
456224
457732
466036
470745
471584
472055
474002
474057
476881
477372
479625
479960
482430
485313
487855
488440
491647
492532
494162
494220
494786
497354
498007
498615
498671
498967
499870
499878
500088
504717
505923
507107
507301
511283
512001
512475
513051
513100
513672
523549
523689
529674
530611
532470
532804
532806
532897
533333
536744
537572
537628
538850
539358
542020
543985
543986
543991
544749
545477
545569
546825
553358
559976
562407
563762
566133
568196
570036
571161
571807
576301
581886
583923
585329
588873
590757
600016
606458
607772
609124
609537
610047
612662
616813
625561
626445
628228
629209
633002
634365
634391
635619
639145
640335
646037
646658
648614
651634
653216
659930
662574
666364
667747
667950
667977
701053
701104
716610
721004
722265
731478
732014
736785
738339
757923
757969
766183
769197
772710
773844
788946
791787
809359
816412
821532
822363
840432
844839
845569
862017
880995
888156
893137
893245
896100
897573
897641
905736
910925
911906
915809
919922
925457
947756
949753
951694
963334
975822
980880
995511
1003510
1007397
1016561
1018352
1050753
1060121
1060397
1064059
1074175
1091972
1099581
1102726
1114353
1123711
1125148
1125868
199
259
328
700
762
775
793
878
974
1260
1276
1301
1664
1727
1808
1848
1858
1945
1978
2008
2343
2924
3289
3302
3414
3447
3559
3683
4002
4065
4205
4302
4591
4716
5079
5143
6174
6377
6400
6476
7172
7222
7411
7495
7522
7583
7616
7682
7695
8184
8274
8541
8802
8860
9398
9518
9793
9816
11062
11254
11277
11560
11585
11668
11906
12070
12138
12151
12173
12475
12761
12804
12905
13254
13275
13279
13304
13635
13998
14081
16686
16703
16722
16735
16881
16977
17132
17794
17811
18904
19382
19439
19470
19618
19709
19846
19847
19848
19870
19890
19907
20041
20132
20157
20296
20330
20344
20479
20629
20651
20723
20751
20761
20806
20929
20969
21074
21130
21181
21208
21214
21254
21455
21759
22100
22129
22168
22173
22533
22573
22877
22896
22951
23001
23047
23499
23654
23667
23723
23758
23986
24111
24244
24958
25130
25143
25186
25231
25726
25974
26145
26170
26213
26252
26458
26459
26554
26701
26905
27011
27073
27082
27145
27213
27269
27304
27447
27604
27653
27714
27875
28123
28314
28383
28505
28523
28635
28652
28710
29039
29171
29496
29601
29632
29663
29782
29896
30194
30324
30326
30458
30599
30692
30693
30723
30822
31090
31319
31391
31470
31524
31540
31542
31620
31691
31885
32040
32254
32607
32810
32980
33046
33409
33485
33818
33846
34015
34335
34389
34423
34688
35403
35431
36081
36193
36995
37166
37197
37537
37627
37901
37924
38603
38867
39169
39190
39959
39977
40166
40264
40424
40445
41132
41560
41577
41949
43287
43367
43389
43401
43444
44510
44757
45610
45658
45699
46303
46761
47629
47824
48280
48489
49293
49429
49498
49627
49682
49894
49919
50117
50165
50343
50428
50784
50818
50930
51297
52125
52977
53050
53477
53637
54662
54663
54710
54727
54940
57853
58054
58355
58431
58735
58736
58947
59022
59129
59187
59194
59241
59318
59435
60919
61012
61286
61830
61928
62715
62939
63047
63521
63833
64107
64156
64219
64270
64475
64577
64920
65012
66346
66661
66782
66948
67039
67057
67674
67947
68028
68681
68716
68931
68935
69030
69044
69087
69262
69437
69504
69637
69703
69789
69911
69956
69973
70269
70788
70809
70858
70994
70996
71010
71073
71162
71213
71339
71366
71393
71410
71811
71832
71882
71984
72120
73994
74031
74397
74524
74536
74785
74880
74991
75105
75156
75192
75218
75222
75398
75462
75541
75609
75674
75846
76118
76888
76957
77136
77159
78017
78976
79198
79494
79770
79953
82940
83100
83628
83871
84225
84544
84625
85956
86002
86229
86344
86656
86777
87895
89067
89836
89842
90940
91114
91257
91277
91322
91344
91412
91524
92291
92377
92532
92538
92605
92765
92820
92847
92882
92955
92973
93662
94185
94299
94419
94550
94573
94576
94620
94877
94961
95214
95310
95326
95619
95904
96028
96034
96115
96142
96226
96238
96335
96467
96596
96691
96785
96885
96902
96930
96949
96988
97048
97061
97160
97540
97553
98204
98290
98317
98373
98455
99243
99325
100485
100501
100541
100730
101480
101541
101791
101990
102079
102101
102177
102251
102262
102396
102527
102543
102759
102790
103007
103951
104016
104027
104128
104779
105059
105301
105352
105375
105928
106014
106416
106534
108548
108907
109143
110359
112674
112964
113974
114282
114422
115062
115348
116353
116758
117343
117364
117366
117460
117806
117825
118263
118295
118540
118556
118622
119109
119225
119419
119450
120250
120361
120394
120459
120544
120562
120811
120847
121014
121094
121096
121183
121283
121369
121532
121580
121636
121766
121819
121824
121865
121909
121923
122220
122317
122762
122783
123141
123740
123788
123965
124931
125236
125946
125950
126304
127233
127306
128281
129572
129668
129774
130631
130824
130918
130965
131029
131038
131053
131365
131678
132456
132792
132975
133100
133583
134242
134483
134587
134626
134712
134812
134867
135194
135402
135694
135799
135851
135875
136108
136419
136616
136979
137461
137582
137759
139173
139250
139256
139289
139291
139354
139382
139558
139594
139799
139913
139970
140179
140533
140973
141118
141226
141230
141513
141515
141527
141805
141930
142116
143474
143511
143725
143765
144335
144628
144686
144825
144837
144862
144934
145134
145347
145776
145970
146097
146152
146268
146269
146575
146713
146836
146857
147080
147177
147383
147422
147483
147505
147615
148130
148434
148441
148817
148843
148884
148919
149268
149819
150000
150206
150340
151670
151725
151763
152205
152238
152409
152714
152750
152801
152920
153884
154043
155112
155443
155503
155607
156631
157086
157440
157581
157750
157885
158941
158942
159005
159363
159778
159902
160145
160448
160490
160805
160963
160974
160981
160992
162085
162587
162787
163020
163029
163432
163592
163631
163807
163848
164728
170217
170276
170541
171514
174022
174032
174136
174873
174914
174936
175033
175322
177432
179597
179678
179724
179836
180002
180326
183987
184055
184250
184280
184868
185885
186570
186636
186807
186989
187301
187345
188288
188298
188351
188382
188497
188558
189310
189766
189778
190474
190611
190612
190636
190674
191087
191334
192090
192119
192236
192344
192367
193007
193368
193922
195392
196379
196384
198937
199848
200121
200430
201102
201354
201454
201559
201560
201801
202823
203059
204616
205375
206862
206912
207186
207335
207745
208619
209356
209511
210678
215546
216319
216446
217009
217012
217091
217201
217457
217591
218087
218318
219765
219808
219809
219884
221964
222147
222284
222450
222451
223658
225983
227240
227359
227431
227756
228746
228937
229023
229214
229323
229508
229576
230087
230743
231245
232377
232604
232833
233206
233287
235536
236056
236369
236401
237618
237962
238112
238113
238178
238564
238825
239181
239414
239605
240428
240444
241017
241407
241448
241648
241868
242050
242095
242125
242133
242255
244331
245168
245522
246120
246254
246423
246555
246567
246651
246875
246966
246978
247177
247193
247935
247958
248246
248766
249009
251229
251872
252158
252780
252869
253777
255857
255881
256047
256234
257455
257722
258563
258656
258948
259008
259168
259356
259438
260208
260263
260417
260424
260772
261219
261284
261785
262189
262416
262746
263304
263348
263522
263565
264201
264724
265016
265197
265348
265572
265601
265930
265978
267032
267283
267510
267564
267813
268346
268788
268999
269071
269573
269989
270350
271141
271506
271756
272468
272607
272752
272994
273400
274116
274273
274499
274974
274985
275302
275549
275823
276090
276367
276458
277008
277032
277715
277782
279141
279155
279261
280036
280225
280418
280507
280796
281032
281336
282990
283229
284927
285056
285500
286181
286651
286778
289749
290095
290790
290838
292492
292713
292725
293701
293792
294241
294793
295106
295476
295506
295673
296629
297009
297367
298536
299580
299750
300334
300417
300811
300862
301418
309250
309463
310527
311137
311220
312613
313829
314849
315924
317566
317907
318686
319639
320731
321132
322123
322156
323748
324414
324625
325655
325671
326503
327019
327290
327534
328439
328970
331349
331356
331946
335478
335855
335872
336400
336428
336446
336505
336833
339359
339989
340577
341797
341806
341809
343025
344276
344806
346148
346441
347295
347309
347473
347522
347539
348786
349026
349613
349673
349762
350104
351056
351553
351632
351774
351797
352194
352263
352942
354828
355958
359365
360909
361664
362165
362288
362415
364427
366024
367818
368113
370077
380774
381581
381588
381929
382775
382791
386003
387391
387488
388060
388685
389607
390234
393063
394413
394937
395064
395066
395711
395981
397204
397249
398505
398815
400813
401067
401613
401859
401989
402240
406701
409055
410770
414065
414604
414636
416183
416537
417397
419073
422085
423935
430188
430255
431630
433393
434129
434666
435117
435315
437171
437312
438065
438925
439101
441401
443223
443303
445460
445818
446030
446187
446261
446503
446818
447541
447624
448020
449179
451398
451625
451743
451754
452226
452960
453710
455232
456293
456932
458491
460810
460862
464220
464972
466181
466942
468144
468953
470808
471240
472613
473245
473439
475431
476066
476420
477011
477511
477616
477767
477827
482029
483123
483786
484102
485235
487566
488250
490647
492583
492842
495121
499026
500031
500155
502974
508586
510331
510896
511875
513033
513054
513098
515515
515553
516251
523302
523561
524151
528993
529494
530766
530823
532793
539032
544726
545324
545521
547336
547600
551251
551838
553443
554141
554451
558164
560786
561902
569107
569111
569773
571131
575881
576156
580482
585910
586624
588288
592762
592933
593077
593341
593649
597661
598425
600053
600756
605177
606484
606602
606795
608968
611565
612096
622266
622270
622396
622605
623059
626215
630075
630710
630885
631013
631616
632198
632319
635057
636389
636544
636869
640030
640654
641813
642008
645104
647876
648392
655313
671810
674201
679235
684096
686183
698927
700997
704691
706232
719121
724653
731453
733795
753364
765086
770061
774090
781820
806301
821881
823976
825962
830784
844353
852258
854182
863709
873254
878521
879706
887370
890465
891428
903010
914384
918179
940350
940646
941210
942863
944124
944509
951781
954701
959755
963064
966794
971506
974514
983013
990070
996240
1027067
1041626
1042816
1055942
1066368
1067443
1075110
1082622
1102203
1107832
1126836
1130739
1132767
36
343
636
683
836
860
890
940
1095
1378
1800
1878
2491
2605
2829
2908
3188
3254
3315
3492
3624
3627
3673
3675
3880
3930
3944
3956
3982
4009
4046
4130
4168
4202
4214
4425
4493
4494
4809
4849
4961
6058
6404
6780
6853
6958
7011
7035
7094
7248
7354
7412
7834
7911
7931
7950
8653
8780
9162
10190
10214
10495
10538
10605
10918
10948
11081
11270
11345
11427
11514
12583
12822
12943
13014
13033
13036
13133
13282
13361
13954
14226
16616
16644
16761
16779
16821
17096
17140
17148
17164
17479
17597
17873
18170
18360
18483
18643
19011
19043
19326
19385
19597
19666
20177
20241
20328
20338
20409
20443
20539
20755
20837
20874
20928
21014
21145
21153
21219
21271
21296
21563
21589
21616
21861
21964
22024
22300
22514
22719
22817
22915
22958
23013
23051
23318
23321
23347
23486
23576
23604
23720
23735
23764
23776
23950
24117
24232
24261
24361
24464
24640
24729
24754
24769
24937
25054
25100
25126
25165
25373
25455
25898
26155
26220
26308
26419
26558
26559
26756
26819
27016
27039
27192
27218
27241
27243
27380
27612
27687
27812
28015
28223
28392
28546
28621
29090
29109
29121
29186
29450
29620
30213
30219
30277
30374
30375
30407
30413
30445
30630
30714
30830
30838
30869
31113
31320
31497
31689
31814
32354
32624
32647
32861
32893
33607
33639
34021
34339
34397
34421
34992
35272
35292
36123
37017
37150
37170
37581
37740
37922
37925
38202
38230
38324
38807
38862
39182
39735
39931
39932
40050
40362
40436
40524
40901
41129
41196
41268
41622
41765
42394
42574
42595
42849
43053
43094
43297
43452
43582
43843
43867
43870
44059
44508
44520
44538
44649
44989
45137
45146
45802
46212
46896
46914
46939
47352
47711
47784
48649
48676
48821
49006
49481
49493
49643
49677
49773
49821
49885
49940
50077
50373
50590
50660
50682
50797
51325
51641
51750
51793
52249
52284
52288
52359
52447
52754
52973
52993
53646
53914
54971
55141
56374
57941
57965
58424
58470
58649
58750
58983
58987
59149
59151
59157
59581
60565
60681
60703
61034
61065
61100
61116
61137
61255
61810
62641
62984
63196
63802
64100
64171
64482
64829
64921
64999
65049
65254
65255
65259
65792
66032
66437
66763
67488
67965
68740
69008
69121
69203
69251
69271
69330
69429
69518
69555
69569
69698
69752
69853
69857
69979
69994
70042
70674
70817
70975
71036
71083
71094
71187
71323
71371
71391
71561
71580
71607
71629
71672
71810
71821
71921
72044
72100
72135
72209
73490
73598
73614
73826
74038
74198
74323
74452
74591
74643
74771
74951
75035
75079
75083
75114
75944
76016
77000
77119
77153
77227
77561
78010
78386
78768
78837
79367
80321
81955
82246
82749
83718
83729
84075
84337
84917
85352
86015
86258
86933
87387
87936
89458
89482
89700
91044
91049
91068
91074
91214
91238
91319
91351
91364
91380
91518
91816
91947
92022
92028
92036
92072
92115
92158
92231
92281
92334
92514
92547
92624
92631
92743
92801
92964
93049
93120
93344
93548
93758
93812
93974
94038
94127
94370
94610
94689
94747
94822
94898
94902
95169
95286
95366
95381
95405
95413
95574
95766
95845
95866
95916
95984
96198
96220
96229
96268
96320
96461
96505
96569
96741
96769
96993
97132
97171
97480
97517
97530
97587
97957
99176
99296
99765
99773
99861
99893
100008
100259
100307
100695
101193
101463
101532
101634
101635
101674
101689
101713
101769
102141
102394
102487
102517
102564
102683
102913
103161
103218
103243
103291
103322
103345
103617
103653
103705
103857
103972
104017
104088
104297
105306
105394
105596
106553
109118
110623
110660
111799
112006
112552
112596
113238
113611
113764
113847
113853
114051
115342
115944
116230
116445
117622
117697
117742
118094
118505
118539
118835
119152
120001
120365
120471
120496
120518
120633
121075
121099
121146
121328
121371
121603
121617
121713
121717
121746
121748
121799
121806
122021
122023
122093
122455
123025
123082
123097
123109
123146
123177
123528
123697
123711
123726
124406
125049
125092
125701
125758
125856
125931
125939
125942
125997
126105
126118
127112
127430
128037
128106
128365
128867
128914
128928
130939
130958
131017
131492
131993
132982
134478
134499
134779
134976
135128
135452
135801
135840
135853
135890
135919
136343
136368
136389
136397
136436
136590
136630
137252
137389
137592
137672
138199
138530
138908
139139
139301
139616
140145
140388
140887
140895
140958
141189
141205
141222
141496
141585
141839
141855
143275
143286
143727
143772
143825
143832
143938
144300
144621
144673
144753
144758
144776
144781
144926
144980
145384
145411
145679
145866
146139
146191
146383
146545
146677
147012
147031
147281
147297
147452
147456
147713
147830
147839
148176
148182
148562
148931
149057
149080
149226
149296
149996
150019
150064
150255
150420
150519
150825
150925
151416
151511
151522
151555
151680
151732
151821
151941
151978
152013
152143
152256
152582
152639
153080
153108
153469
153657
153876
153880
154024
154042
154074
154185
154539
155222
155274
155324
155438
155449
155563
156049
156177
156187
156314
156339
156535
156606
156731
156822
157075
157293
157438
157775
157783
157991
158518
158733
158748
159621
159665
160158
160334
160486
160506
160616
160684
160954
160988
161002
161278
161682
162128
162310
162582
162770
162899
162910
163035
163121
163187
163270
163574
164010
164236
166007
170161
170189
170239
170445
170460
170951
172683
173320
174073
174345
174840
174891
174945
175147
175277
177722
177790
177971
178784
179665
179770
179775
180026
180124
180366
185724
185739
185813
185922
186174
186905
186914
187238
187304
187358
188319
188430
188569
189300
189662
190631
191105
191162
191380
191401
191490
191566
191820
192188
192216
195136
195184
195276
195838
196925
197392
197417
197783
198108
198224
198298
198322
198582
199377
199402
199895
200170
200232
200758
201069
201399
201470
202818
202839
203187
203206
203219
204470
204707
204998
205475
205812
205946
206473
206851
206867
207703
207743
208418
208450
208650
209105
209143
209379
209528
209603
209819
210043
210234
210253
210275
210965
211026
211120
211951
212275
215160
215346
216475
217259
217704
217767
218030
218422
218690
219029
219334
219559
219954
221710
221937
222018
222269
222477
222545
222719
222853
222964
223466
223931
226756
227136
227261
227327
227414
227627
227826
228443
228512
228637
229176
229194
229338
229397
229479
229828
230241
230247
230651
231165
232041
232317
233181
235378
235431
235562
235946
236017
236043
236101
236332
236430
236443
236560
236681
236863
237278
237375
237386
237715
237947
238181
238385
238508
239413
239531
240064
240143
240383
240878
241023
241162
241378
241380
241754
241763
241865
241911
241993
242003
242089
242178
242408
242544
242577
243002
244502
245005
245162
245205
245751
246484
246498
248198
248396
248630
248737
248959
249205
249530
249744
249762
250646
251250
251583
251609
251917
252163
252175
252294
252430
252668
252761
253293
253425
253769
253964
254108
254136
254156
254255
254405
254699
255419
255783
255843
255930
256163
256203
256296
257125
257495
257803
258103
258849
258934
259183
259265
259935
260231
260444
260775
260847
261347
261506
261522
261623
262121
262380
262737
263545
263780
263878
263916
264042
264252
264318
264371
264446
265010
265115
265169
265560
266208
266381
267666
267722
267757
268205
268351
268510
268737
268768
268784
268896
269236
269907
269918
270411
270423
270491
270634
270637
270659
271180
271480
271688
272534
272654
272818
272929
272989
273061
273315
274027
274140
274279
275322
275818
276134
276336
276593
277071
278095
278130
278572
278657
279944
279970
280385
281271
281292
282470
282472
282493
285047
285415
285436
286634
286915
286997
287120
287498
287640
287703
288418
289684
290578
290715
290793
290806
292165
292442
292920
293776
294213
294965
295604
295606
296321
298771
298779
299424
299549
299550
299678
299690
299702
300274
301443
301741
301830
303342
303807
306622
308028
308047
308912
309195
312516
314789
314857
315171
315935
317116
317675
318562
318676
319371
319424
319589
319612
319676
319677
319706
319736
320802
321923
322364
325013
325985
326115
326398
326522
326656
326716
327008
327320
327367
327407
327442
327457
329266
330981
330996
331055
331334
331340
331444
331495
331599
331608
331623
331895
331983
332019
332721
334006
334096
334130
334468
334599
334748
334901
335856
336325
337001
337196
338189
339305
339331
341347
341391
341793
341897
343497
344410
344547
344833
345923
345965
345983
346604
346985
348408
348418
349478
349970
350123
351185
351191
351474
352103
352197
352249
352494
352496
352630
353141
354088
354256
354475
354933
355198
355199
355291
356377
356445
357006
359331
360030
361256
361659
361725
361768
363278
363690
363739
368812
368900
368950
381453
381575
382660
382742
386123
386278
386364
389271
389330
390278
390450
393259
393265
393720
394008
394021
396109
396254
396322
396350
396408
397605
398613
400238
402074
402962
406149
406228
408115
408266
408910
416604
417024
418435
419250
419556
419595
419766
419768
419818
429568
431137
431454
433316
433593
435467
436101
438130
438188
439919
440233
440260
440482
440686
444115
445456
445748
446934
447004
447644
447698
448738
449424
449484
449527
450212
450883
450976
451168
452411
453042
453420
453772
455279
455882
455889
456136
456723
457155
457986
458276
458740
459120
459130
460908
464217
465391
466417
467184
468781
470139
471000
471349
472403
472525
473434
473627
474603
475351
475663
475775
477884
479477
482582
482946
483461
487239
488430
488851
489100
489267
490228
490443
491580
493025
493408
498795
502672
504374
504375
504925
508811
510235
510646
511035
511299
512336
513032
513522
518071
519741
522366
522578
523312
523782
524161
528487
529003
531430
532589
533674
534782
537522
537937
539554
545679
546130
546497
546812
551995
551996
555833
561876
563055
565178
568781
569623
570172
571904
572432
574431
576322
578500
579552
582425
591491
593055
593360
602093
603889
603926
605183
605236
606555
608890
612937
613533
616805
621355
624515
624978
624983
625542
626112
630307
630734
633631
633994
634376
635216
635251
635642
636399
637145
637242
640046
644193
648668
648997
654448
658176
659328
661830
663230
663451
664802
666579
667305
668499
671039
671287
673097
675824
678285
680231
685168
689445
699687
722398
723906
726074
738177
739757
740637
750603
763609
772216
773519
775015
777364
792850
792989
797056
797908
803728
804044
807279
823944
825319
829025
830943
839283
842740
845114
857530
858880
866504
868747
871299
884730
886584
897854
902366
905078
914157
914248
921516
921960
947061
960568
969755
974283
981918
982010
985334
993402
998452
1007228
1013736
1013830
1020193
1054810
1061278
1065648
1074350
1082810
1098977
1099999
1100770
1101661
1103070
1113228
1123584
92
153
185
305
569
655
757
1064
1211
1307
1348
1397
1402
1482
1788
1794
1812
1838
1995
2052
2358
2396
2452
2811
2890
3060
3129
3296
3376
3470
3544
3621
3637
4001
4118
4172
4312
4411
4522
4697
4708
4768
4789
5779
5842
6198
6344
6881
6894
6969
7037
7054
7064
7087
7338
7407
7491
7588
7655
7721
7722
7749
7910
8108
8150
8378
8798
9009
9111
9365
10449
10480
10494
10700
10759
11257
11909
11993
12856
12915
13030
13072
13319
13320
13383
13616
13992
14228
14332
16689
16713
16838
17064
17101
17202
17600
17640
17785
17869
18047
18966
18983
19230
19461
19501
19521
19817
19826
19893
20005
20048
20227
20258
20355
20378
20477
20516
20575
20610
20674
20710
20711
20753
20921
20936
20957
20963
21082
21131
21203
21206
21287
21318
21875
22049
22330
22349
22372
22452
22766
22833
22943
23007
23009
23096
23215
23219
23391
23571
23727
23961
24100
24211
24387
24588
24949
25197
25238
25245
25246
25333
25370
25668
25760
25862
25871
26023
26086
26363
26380
26566
26681
26707
26736
26807
26882
26896
26938
27083
27084
27154
27270
27635
27765
27828
28304
28439
28554
28795
28850
28940
29069
29082
29102
29116
29218
29433
30220
30244
30262
30669
30939
31131
31605
31639
31663
31667
31681
31682
31684
31833
31870
31873
32890
33268
33369
33443
33444
33587
33685
33894
34012
34386
34458
34622
36404
36623
36784
37001
37158
37607
37753
39206
39330
39430
39542
39870
39960
40272
40332
40391
41612
41615
41974
41986
42979
43220
43564
44149
44213
44453
44789
45100
45286
45369
46096
46155
46271
46304
47744
47776
47777
48188
48368
48733
48780
49442
49465
49590
49629
49636
49847
50413
50839
50843
50988
50990
51030
51035
51118
51351
51370
51388
51462
51533
51567
52123
52226
52240
52878
52953
53005
53336
53464
53483
53635
54767
54835
54839
54900
55255
55395
55742
57850
57914
58000
58126
58708
59018
59210
59278
59384
59398
59524
59908
60086
60088
60294
60957
60961
60982
61125
61235
61261
61307
61354
61416
61570
62017
62162
62692
62703
62749
63053
63536
63761
64149
64184
64190
64215
64489
64499
64512
64530
64660
64786
64863
65054
65178
65277
66228
66382
66643
66712
66972
67029
67926
67971
68791
68845
68851
68884
69257
69757
69816
69842
70265
70337
70340
70341
70491
70500
70586
70907
70950
71028
71047
71050
71109
71111
71161
71204
71265
71349
71412
71429
71475
71529
71578
71699
71705
71801
71816
71858
71868
71916
72013
72018
72048
72182
72189
72302
73014
73638
73864
74023
74092
74494
74499
74961
74963
74981
75251
75271
75290
75327
75473
75775
75959
76062
76216
76287
76497
76719
76889
76960
77002
77081
77101
77128
77138
77282
77330
78780
79066
79259
80180
80895
80919
81909
82250
82302
82307
82520
82772
83492
83589
83709
83966
83971
84146
84490
84494
84719
85764
87139
87699
88286
88418
88952
90829
90906
90947
91178
91256
91417
91437
91707
92100
92142
92153
92332
92554
92753
92777
92856
92891
92896
92915
93043
93123
93197
93315
93515
94346
94564
94642
94824
94830
95041
95054
95079
95132
95233
95296
95316
95457
95479
95651
95719
95753
95767
95807
95968
95985
95999
96108
96113
96139
96146
96206
96260
96295
96327
96363
96660
96750
96795
97008
97122
97185
97186
97192
97273
97290
97504
97552
97723
97724
97994
98361
98399
99164
99165
99190
99326
99442
99475
99984
100029
100065
100325
100419
100424
100662
100703
100738
100742
100771
101166
101410
101434
101542
101575
101781
102093
102153
102171
102226
102236
102242
102471
102488
102610
102628
102681
102856
102948
103056
103203
103264
103590
103644
103760
103776
103956
103998
104246
104422
104774
106556
106726
108567
108924
109092
109731
109976
110024
110066
110288
110462
110769
112814
113746
114056
114066
115335
115719
115838
115882
117561
117610
117798
117943
118034
118160
118365
118379
119376
119577
119580
119677
119887
119996
120064
120095
120134
120169
120198
120261
120448
120516
120538
120608
120610
121087
121090
121127
121166
121246
121279
121304
121306
121309
121374
121502
121606
121642
121649
121689
121878
121915
122185
122641
123049
123091
123114
123919
124187
124189
125700
126101
126138
127208
127373
127410
127625
127689
127985
128144
128242
128767
129073
129160
129793
130092
130688
130738
130920
130943
131047
131062
131396
131414
131620
132176
132224
132402
132695
132762
133008
133169
133621
134270
134320
134586
134617
134631
134989
135009
135028
135288
135312
135349
135409
135706
135718
135880
136360
136451
136560
136799
136803
136941
137486
137563
137613
137650
138249
139190
139298
139326
139826
140239
140245
140442
140460
140790
141144
141215
141244
141271
141537
141559
141679
141702
142014
142109
142157
142190
142281
142602
142634
143143
143152
143251
143721
143744
144210
144406
144905
144921
145306
145385
145465
145790
145928
145954
145996
146066
146104
146572
146578
146822
146834
147091
147163
147648
147723
147833
147842
147901
147930
147939
148344
148609
148689
148942
149281
149400
149545
149642
149859
150016
150365
150439
150527
150773
150820
150849
150877
150931
151198
151628
151671
151986
152196
152541
153072
153267
153276
153406
153448
153513
153582
153896
154146
154316
154327
154328
154476
155022
155095
155458
156313
156632
156995
157084
157103
157114
157130
157170
157175
157286
157425
157509
157540
157562
157961
157975
158147
158532
158582
158641
158657
159321
159353
159484
159524
159987
160012
160163
160259
160324
160338
160374
160437
160460
160716
160821
160987
161110
161129
161295
161407
162023
162127
162243
162262
162301
162385
162939
162944
163050
163427
163659
163673
164399
164601
164984
165009
168148
170048
170518
173077
174115
174611
175016
177967
177980
178007
178236
178505
178763
179701
179714
179988
180063
180254
180576
183643
184117
184118
184262
184265
184276
184643
184833
185665
185711
185735
186573
186643
187475
188302
188315
188596
188612
188673
189661
190367
190489
190600
190709
190871
190896
191067
191116
191247
191559
191603
191684
191884
192207
192614
193012
193591
193911
195289
195458
195588
195987
197788
198285
199281
200042
200177
200755
201003
201260
202016
203075
203342
204730
204819
205788
205815
205816
205973
206110
206131
206260
207183
207315
207361
207493
207523
207546
207799
208396
208545
208556
208783
208846
209109
209201
209336
209420
209545
209726
210006
210101
210173
211578
212321
215032
215080
215116
216018
216267
216598
216642
216904
217080
217217
217268
217587
218004
218414
218443
218730
218836
218837
219242
219722
219804
219885
219947
219964
220051
220257
220399
220743
220761
220883
220986
220992
221034
221061
221153
221302
221408
221411
221505
221518
221671
222029
222172
222619
223471
223473
223853
223939
224632
225721
226371
226739
226795
226835
227362
227434
227439
227562
227710
228438
228583
228628
228719
228896
229213
229284
229363
229483
229591
230248
230596
230614
230650
230892
230955
231052
232083
232488
232618
233199
233611
235744
236223
236291
236317
237244
237301
237726
237885
238269
238310
238627
238972
239525
239543
240308
240388
240935
240977
241051
241853
241943
241956
241968
242156
242410
242860
242892
242895
243116
243900
244260
244413
245857
246116
247108
248101
248365
249393
249675
251002
251553
251870
251948
252004
252016
252146
252165
252183
252678
252894
253284
253317
253440
254124
254944
255530
255609
255851
256204
256374
256413
256754
256848
257094
257099
257233
257348
257389
258071
258262
258603
259127
259187
259190
259432
260184
260279
260451
260716
260788
261057
261249
261641
261913
262490
262544
262885
263167
263248
263457
263481
263736
263760
264457
264757
265190
265239
266089
266394
266465
267027
267081
267243
267252
267394
267486
267655
267701
267739
267756
267898
268139
268956
269132
269222
269506
269913
269941
270755
270835
270900
271220
271549
272255
273094
273097
273139
273180
273259
273701
274154
274362
274429
274638
275796
275949
276158
276261
277061
277463
277940
278193
278318
278577
278619
278833
279115
281100
281113
281392
281414
283166
283382
283391
284107
285001
285259
286423
286721
286777
287519
288475
289402
289489
289514
289952
289983
290842
291058
291808
292138
292182
293035
293360
293481
293600
293761
293831
293916
294234
294421
294504
295053
295881
295926
296092
297007
297051
297172
299452
299659
300678
302238
302701
303596
303658
303678
303699
303711
304976
306630
306699
310797
311326
311520
311824
311876
312250
312757
313838
314914
315404
316216
317442
317449
317541
317910
318465
318553
319592
319611
319666
319895
322623
326101
328450
329490
331036
331344
331704
334592
335697
335848
336016
336725
339281
339526
339865
340790
341131
341510
341532
341578
341617
341914
344065
344130
344588
344911
345704
345802
345827
346321
346619
347429
347471
348022
348366
348407
349737
349854
351171
351953
352500
352569
352617
352688
353138
353157
353574
356516
356622
357004
357205
357315
357404
357439
360289
360343
361125
361583
361841
362386
362460
362608
363691
363712
364241
364653
367730
368648
370299
370326
377195
380935
381197
381385
381413
382837
384389
385581
385583
386019
386049
387970
388806
389932
390074
390177
390492
391466
395096
395649
396264
396446
396497
398416
398523
398814
401986
402836
403022
403363
406815
407173
408110
408901
409389
416595
417174
417388
418412
419440
419798
419968
419982
423690
423724
429474
433642
435156
436337
437563
438774
440144
442846
443669
445778
446150
446327
446724
446775
448043
449378
450201
451211
451347
452448
454277
454525
454934
455205
455765
455823
458553
458805
458875
461724
462480
462726
464354
465041
466004
467515
469438
470132
471317
471506
473277
473726
474515
474868
474929
475059
475407
476061
476763
477923
477944
478557
479684
482941
483221
483362
483972
484700
487229
488227
488284
488352
490325
490330
491996
492790
493214
494246
496447
496490
498181
500468
503667
503717
504445
506109
510371
510618
511791
513257
515647
518361
518527
520770
523572
523781
524222
526129
529048
529305
529334
531887
532830
532920
532969
533428
534612
539113
539421
539937
541689
546761
549362
550681
552538
556085
559265
563895
564503
570137
570240
570345
571126
572643
576106
576280
577429
578295
579525
581551
582164
582737
583216
584137
584813
585538
588585
590194
590414
592468
592785
595769
600058
600254
602966
606455
608278
609758
614854
617592
619273
619582
621285
621745
622753
623286
623386
624592
624596
624740
625852
632694
633323
634514
634960
635509
636177
636262
636986
637039
639819
644192
644933
646990
648140
650506
650909
652533
653913
659316
661501
663703
664235
666448
666687
669679
673870
679490
679775
685571
687671
691762
692886
699491
701573
702686
703884
706368
707053
712126
722141
725796
725830
728406
730202
735178
735388
736625
738120
742610
742852
751242
751558
758634
764356
767622
768446
770767
776225
776818
778779
783544
783778
787467
792705
794790
797222
803971
805247
807320
809988
816492
821940
826424
828257
838933
839195
842218
851838
853192
856692
857036
857532
861929
865920
866771
872644
876849
887143
889044
893275
894528
906486
907793
933297
935083
938301
943756
948314
954699
965021
971075
973646
976366
976367
990789
995699
999415
1002933
1006733
1007795
1029557
1037199
1037202
1037203
1037815
1039605
1054122
1057866
1067116
1074403
1075308
1077957
1079210
1081766
1084137
1087407
1109482
1110635
1112772
1115736
1122504
1122805
1123062
1133189
200
473
491
515
669
713
765
913
1014
1028
1279
1305
1490
1529
1549
1668
1730
1792
1851
1949
1986
2175
2487
2534
2939
2949
3022
3036
3061
3144
3391
3532
3550
3919
4055
4150
4151
4218
4244
4255
4356
4367
4372
4400
4410
4415
4469
4491
4523
4604
4898
4963
5816
5904
6385
6452
6772
6823
6829
6831
6835
6871
6906
7033
7084
7114
7148
7191
7360
7497
7500
7539
7708
7927
7965
8033
8085
8560
8640
8866
9516
9878
9934
9945
10079
10093
10273
10301
10393
10965
11323
11339
11457
11907
12246
12401
12491
12835
12985
13566
13634
13650
13942
14040
14149
14324
16680
16733
16749
16794
16923
16982
17043
17173
17209
17291
17627
17671
17704
17737
17739
17750
17854
18140
18235
18410
18535
18625
18844
18892
18997
18998
19042
19368
19477
19716
19729
19839
20010
20013
20212
20245
20286
20295
20314
20342
20346
20497
20511
20522
20628
20667
20894
20919
21029
21163
21205
21261
21305
21323
21438
21539
21688
21823
21893
21904
21966
22203
22207
22239
22252
22302
22340
22375
22405
22666
22698
22737
22861
22997
23662
23766
23781
23857
24072
24314
24382
24449
24604
24755
24767
24815
24903
24905
24906
24987
24991
25115
25198
25840
25899
25943
25982
26027
26048
26098
26192
26282
26290
26320
26514
26716
26763
26881
26884
26926
26942
26980
27203
27265
27266
27281
27332
27339
27371
27624
27839
28057
28062
28213
28226
28284
28332
28401
28462
28489
28516
28561
28622
28686
28737
28763
28909
28915
29024
29129
29207
29249
29377
29427
29640
29754
29915
30290
30327
30337
30545
30622
30645
30747
30764
30861
31031
31126
31499
31568
31721
31830
31911
32015
32315
32320
32589
32681
32717
32988
33156
33191
33283
33475
33916
34632
34947
35097
35173
35358
35415
35498
35541
35607
36082
36817
36925
37114
37116
37253
37530
37583
37599
37640
37662
37791
37850
38174
38530
38628
38821
39105
39172
39178
39743
39759
39823
40024
40046
40435
41157
41368
41526
41839
42019
42180
42362
42544
42993
43095
43114
43168
43373
43413
43559
43647
43712
43732
43929
43959
44008
44069
44438
44791
44907
44995
45097
45148
45473
47106
47249
47399
47426
47438
47748
47766
47798
47875
47884
47982
48088
48251
48401
48689
48727
48820
49301
49318
49324
49400
49593
49662
49876
49946
49976
49987
49998
50012
50293
50953
51295
51546
51589
51597
51716
51773
51939
52290
52325
52588
52617
52851
53098
53267
53432
53456
54636
54644
54941
54988
55014
55092
55125
56627
57316
57887
58179
58389
58408
58422
58635
58725
58971
59066
59073
59081
59161
59192
59200
59369
59402
59687
60148
60693
61073
61182
61267
61271
61275
61313
61630
61740
62504
62662
62994
63044
63192
63592
63691
63865
63977
64061
64078
64238
64241
64256
64269
64467
64522
64542
64593
64614
64844
64946
65027
65046
65190
65351
65574
65756
65814
65868
66055
66144
66424
66847
66853
66965
67035
67274
68424
68438
68717
68723
68817
69449
69536
70035
70150
70251
70281
70285
70292
70348
70541
70632
70713
70900
71140
71184
71207
71355
71542
71579
71638
71649
71658
71704
71727
71731
71739
71776
71806
71843
71849
71936
72194
72277
72283
73656
73681
73695
73718
74380
74385
74896
74919
75135
75163
75174
75516
75814
75841
75845
75951
75953
75956
76033
76109
76207
76298
76531
76589
76689
76787
76804
76918
77234
77278
77578
78081
78098
78151
78393
78411
78649
78936
79067
79385
80528
81687
82102
82716
83063
83108
83222
83723
83854
84230
84267
84327
84384
85100
86016
86778
87476
87844
88774
89779
90215
90462
90703
90915
91048
91099
91130
91179
91217
91251
91570
91760
91846
91896
91946
91958
92005
92052
92184
92237
92303
92335
92374
92498
92515
92668
92694
92716
92797
92813
92928
93001
93176
93384
93440
93463
93611
93673
93709
94284
94410
94546
94648
95002
95209
95250
95307
95311
95331
95341
95570
95585
95586
95665
95777
95797
95880
95895
95983
96119
96367
96397
96406
96458
96525
96589
96618
96656
96738
96749
96884
97090
97294
97508
97580
97871
97972
98071
98114
98309
98395
98402
99178
99180
99347
99422
99461
99774
100034
100290
100652
100680
100691
100762
100786
100892
100921
101014
101162
101351
101377
101493
101553
101591
101761
101800
101881
101921
101936
102003
102089
102137
102172
102383
102411
102449
102469
102501
102536
102739
103077
103159
103266
103318
103380
103464
103529
103946
103958
104251
104268
104311
104472
104594
104615
105286
105415
105494
105667
105871
108677
108758
108994
109048
109063
109069
109138
109198
109247
109336
109799
110798
112678
113200
113675
113987
114157
114447
115383
115410
115438
115522
115606
115628
115946
116272
116678
117047
117368
117447
117483
117514
117632
117810
117936
117980
118159
118341
118583
118670
118725
118959
119047
119467
119646
119979
120034
120381
120445
120507
120579
120792
121059
121100
121260
121416
121588
121820
122577
122722
123103
123132
123553
123692
123787
124507
124555
124693
124933
125067
125886
125891
126096
127133
127332
128005
128134
128239
128251
128327
128611
128748
128849
129671
129677
130214
130963
131044
131378
131394
131409
131504
131641
131886
132000
132475
132497
132949
133361
133782
134652
134721
134752
134910
134962
135054
135884
135905
136118
136224
136384
136395
136408
136416
136453
136672
136989
137630
138900
139071
139213
139235
139270
139271
139351
139355
139407
139507
139831
139838
139843
140052
140438
140517
140608
141002
141424
141492
141512
141539
141540
141561
141879
142278
142455
142479
142805
142890
143096
143221
143365
143720
143742
143787
143819
144196
144285
144482
144622
144624
144672
144690
144749
145176
145309
145324
145674
145681
145710
145934
145976
146103
146280
146300
146327
146554
146561
146671
146742
146853
146952
147254
147418
147673
147773
147844
147876
147914
148232
148234
148310
148346
148450
148529
148613
148831
148926
149197
149244
150009
150057
150194
150233
150573
150619
150649
151018
151497
151521
151643
151714
151793
152011
152047
152181
152330
152373
152641
152672
152736
152935
153007
153116
153349
153413
153468
153865
153886
153917
153951
154062
154072
154076
154225
154280
154420
154559
155037
155043
155050
155141
155307
155445
155473
155474
155656
155896
156151
156154
156338
156591
156609
156766
156890
157020
157162
157202
157486
157569
157778
157813
157964
158358
158482
158820
159277
159397
159734
159736
159754
160011
160303
160419
160451
160484
160535
160704
160724
160875
160906
160907
160986
161254
161350
161442
161552
162103
162130
162185
162325
162457
162595
162660
163352
163445
163556
163633
163817
163969
163978
164020
170110
170125
170188
170211
171435
171543
172495
172496
172678
172973
173061
173988
174216
174274
174296
174841
174961
175178
176166
176372
177552
177577
177657
178088
178221
178286
178705
178853
178970
179614
179673
179757
179786
179845
179858
180113
180125
180378
183629
184171
185730
185778
186684
186819
187323
187357
187463
187529
187982
188292
188456
188574
189060
189314
189629
189630
189646
189699
189701
189739
189742
189798
189890
190481
190661
190807
191209
191213
191265
191467
191742
191888
193102
193957
193987
194054
195410
196257
196552
197160
197671
198109
198300
198742
199600
199947
200083
200224
200231
200989
201286
201665
201993
202833
204624
204628
204942
204954
205701
205835
206469
206903
206908
206991
207194
207218
207531
207816
208462
208506
208565
208594
209061
209271
209348
209371
209433
209648
209689
210250
210301
210521
210606
210755
211019
211030
211283
211440
211658
212218
212279
214217
215275
216015
216095
216153
216219
216321
216394
216616
216777
217016
217347
218236
218249
218358
218838
218972
219043
219321
219720
220140
220374
220493
220984
221278
221534
221550
221551
221563
222081
222195
222243
222339
222639
222868
223641
224243
224616
225023
225359
226554
227120
227579
227998
228017
228733
228928
229281
229285
229348
229351
229741
229826
230642
230751
231185
231205
231333
231715
232199
232318
232530
232762
233165
233170
233247
233279
235385
235490
236020
236128
236450
236491
236670
237124
237185
237240
237401
238216
238227
238236
238441
238448
238554
239136
239202
239290
239399
239612
239852
239883
240054
240075
240211
240374
240439
240473
240857
240941
241545
241768
241936
241977
242013
242072
242522
242604
242857
243151
243285
243698
244191
244421
244514
244796
244896
244900
245151
245292
245822
246211
246316
246359
246472
246490
246503
246605
246934
247013
247113
247231
247293
249330
249635
250172
250411
250745
251293
251597
251765
251865
252013
252173
252641
252809
253000
254142
254232
254377
254479
255119
255510
255822
255939
256175
256629
256816
256818
256990
257073
257548
257657
257907
258238
258590
258610
258642
258919
258951
258961
259022
259171
259459
259569
259585
259727
259785
259798
259853
260033
260059
260276
260303
260349
260426
260959
261066
261273
261415
262109
262126
262185
262234
262503
262788
262840
262909
262941
263096
263140
263189
263228
263404
263492
263613
263725
263754
263797
263826
264146
264705
264777
265012
265038
265349
265351
265377
265452
265556
265985
266022
266178
266404
267058
267419
267448
267451
267479
267572
267575
267991
268216
268217
268384
268803
268934
269526
269535
269768
269826
270328
270340
270581
270602
270610
270622
270668
270675
270866
271213
271308
271628
271653
271793
271913
272038
272077
272254
272748
272749
272768
273084
273114
273232
273372
273606
273875
274075
274277
274357
274361
274433
274434
274530
274659
274965
275090
275367
275590
275629
275777
276093
276323
276362
276469
277077
277132
278342
278644
278982
279119
279276
279473
279667
280047
280051
280122
280331
281136
281443
282916
283204
283273
283515
283552
283774
284425
284545
285000
285258
285462
285480
286852
287305
287308
287469
287551
287577
287774
288496
288556
288599
288616
288681
289351
289430
289761
289791
290213
290595
292091
292145
292220
292265
292382
292595
293048
293075
293244
293736
293764
293857
294217
294348
294791
295972
296020
296036
296229
296265
296645
296889
297648
297662
297701
298614
298669
298742
298899
299107
299204
299395
299548
299910
302035
302529
303360
303461
303561
304786
305604
306306
307976
308216
309076
310016
312356
312455
313770
314189
314955
315196
316243
317531
317904
318408
318666
319132
319319
319332
319568
319586
319628
319671
319682
319718
321359
321679
322164
323317
324560
325015
325910
326056
326093
327688
327918
327939
328343
329026
329504
330960
330962
331106
331550
334094
334228
334636
334640
334849
335306
335504
335753
336340
336405
336799
337095
338114
339261
339409
339858
340463
340912
341142
341738
341901
341959
342032
342243
343001
343099
344169
344275
344525
344897
345862
345874
345913
345924
346234
347256
347296
347364
347371
347929
348350
348597
349434
349782
349855
351173
351438
351552
351555
351595
351818
352037
352411
352895
353032
353841
353932
353954
354099
354151
354187
354262
354394
354827
354834
355092
355409
355949
356094
356270
356344
356685
357041
357102
360611
360634
360937
361384
361534
361739
362269
363401
363404
363609
364557
365967
367763
368618
368826
368948
369019
369149
369265
369623
370231
371312
380913
381056
381569
381862
381886
382519
382593
382853
384419
385807
385968
386368
386519
386657
386683
387108
387554
387967
388213
388290
388367
388412
388895
389092
392266
392313
392928
393123
393388
393592
393994
394493
395849
396299
396308
396815
398241
400903
401774
401978
401979
402302
402934
404759
408122
409231
412290
414665
416528
418426
424429
425083
427634
431343
431485
433671
434264
436413
436597
439756
439945
440222
440276
442839
443540
445562
445586
445870
446124
446225
446495
446632
446786
447519
447575
447631
447638
448474
449069
449658
449786
449985
450139
450159
450351
450900
451043
451409
451888
451917
452410
452947
454516
455202
455295
456011
456015
456290
456342
456464
457298
457348
458279
458445
458458
458915
462767
464515
464551
464630
464892
464910
465052
465953
466000
466321
466895
467954
468121
469421
469432
469599
471243
472068
472350
472391
472577
472679
473123
473249
473776
474576
475230
476129
477870
478341
479290
479369
479505
481712
485039
486965
489124
490573
493167
494144
496710
497246
497961
498728
498798
498970
498994
499606
499848
500965
502799
503349
503551
503619
503632
503787
505252
506115
506242
506336
506835
506982
507074
507846
509697
509945
510869
512191
512255
512326
512408
512478
516988
518145
518548
518657
519833
519974
520739
520841
520956
521957
523297
524250
528397
528635
529297
529480
529594
529749
530474
532810
532890
533295
533319
533724
535972
536858
538365
539374
541286
542786
544054
545657
546491
546773
546782
551289
552139
553576
554880
555552
555859
556336
558037
558766
559379
559839
561517
563774
565818
566476
566825
568007
569031
569291
569408
569991
570009
570416
571473
573085
573558
575435
576294
576320
576758
577439
577733
577845
578348
579204
582505
582635
582663
583440
583496
583519
584039
586306
587490
587514
587857
587914
588029
588046
588560
589316
590459
591550
592754
593856
595732
600021
603151
606291
606388
606563
606842
610558
611555
612312
612605
612643
613377
613777
615402
616379
617214
619283
621428
621693
622302
622791
623238
624200
625223
625623
626365
627288
628861
629682
629723
630020
630666
636249
636359
636483
637114
639581
640991
641269
641272
641357
641359
641637
645363
645368
646344
646612
648377
648736
648825
650174
650282
650542
651183
651336
653444
654746
655275
655518
655739
658123
659900
660513
661923
665149
666336
667208
667634
668055
671207
673224
678591
680532
680537
682316
686681
686785
688907
691476
696885
700945
701113
703404
703419
703520
707224
710237
712163
716162
716258
716262
717503
720695
724222
728030
729339
733391
733933
736241
737477
740565
744010
744120
744893
747557
755773
762423
762577
762939
764949
768563
769807
772936
773856
774005
774310
775260
775403
776997
778791
780229
780742
785348
794438
797359
809813
809993
810847
816231
818110
820313
820327
822581
824664
828385
828418
828652
840503
842038
842843
843687
844338
848220
848320
849268
852042
852061
852307
860371
861864
866460
871514
871539
877276
878879
879295
879415
884482
888449
895000
897566
904035
905201
906759
909277
911051
913301
914583
924524
926602
926794
931790
933576
940343
940346
940347
940348
942424
947265
949208
956248
956393
958869
960722
962438
964043
968045
974606
974607
974619
975953
980564
980793
981984
983058
986198
986366
996187
996242
998220
1000235
1000317
1002735
1011262
1018197
1020721
1022051
1030660
1031943
1033296
1037000
1039296
1040156
1041640
1050327
1050442
1055319
1056422
1058745
1060602
1075871
1077114
1077924
1079845
1084496
1085019
1093331
1096830
1102663
1103809
1108775
1109241
1112616
1118078
1118126
1119595
1122538
1126613
1126627
1128890
1129540
1132650
125
269
335
464
611
619
791
819
827
871
906
1288
1292
1460
1486
1521
1566
1809
1960
2012
2066
2086
2127
2209
2357
2728
2906
3225
3379
3457
3563
4014
4020
4031
4075
4083
4087
4225
4226
4241
4292
4307
4364
4390
4451
4463
4527
4529
4709
4748
4787
4953
5105
5800
5832
6161
6227
6341
6374
6785
6960
7068
7117
7153
7192
7275
7544
7581
7711
7762
7765
7852
7932
8051
8126
8151
8183
8238
8261
8409
8641
9035
9176
9488
9991
10002
10135
10254
10517
10649
10999
11129
11786
11793
11997
12799
12819
13008
13248
13469
13502
13590
13599
13612
13615
13618
13834
13943
14088
15016
16725
16768
16789
16937
16939
16976
17271
17367
17607
17630
17803
17834
17845
17870
18086
18103
18186
18631
18636
18894
18929
18979
19076
19234
19503
19599
19740
19876
19923
19959
19963
19991
20066
20076
20097
20100
20137
20203
20244
20299
20358
20381
20578
20682
20690
20731
20800
20810
20845
20891
20997
21057
21124
21140
21156
21168
21247
21297
21389
21407
21442
21665
21735
21956
22000
22145
22406
22438
22444
22496
22603
22689
22691
22936
22940
22986
22991
23025
23095
23274
23279
23284
23291
23354
23550
23755
23796
23816
23833
23876
24051
24073
24234
24426
24507
24527
24580
24587
24626
24723
24917
24951
25176
25194
25522
25792
25813
25891
26076
26253
26285
26309
26379
26404
26438
26571
26588
26836
26877
26879
26963
26999
27061
27064
27085
27089
27174
27217
27259
27279
27282
27437
27538
27616
27659
27664
27665
27739
27897
27970
27976
28010
28060
28084
28391
28394
28412
28474
28555
28567
28590
28723
29076
29157
29233
29538
29701
29717
29780
30189
30193
30294
30295
30305
30350
30431
30569
30673
30689
30913
31086
31100
31264
31387
31414
31591
31633
31648
31842
31864
31949
32041
32051
32066
32093
32141
32404
32519
32674
32807
33123
33728
33949
34048
34474
34773
34946
34985
35211
35468
35741
36006
36051
36210
36729
36918
36926
37283
37822
37911
37958
38086
38461
38849
38863
39108
39243
39299
39493
39774
39944
39947
40049
40105
40261
40296
40314
40429
40525
40979
40983
41450
41503
41561
41616
41625
41947
42330
42552
42857
42871
42989
43002
43040
43074
43101
43122
43176
43208
43249
43255
43975
44114
44195
44252
44437
44470
44474
44521
44535
44549
44853
45105
45123
45128
45492
45698
46018
46043
46301
46441
46903
47336
47396
48653
48844
48853
49103
49531
49556
49640
50249
50260
50301
50466
50701
50913
50922
50937
51129
51263
51415
51442
51560
51821
52118
52137
52246
52356
52471
52492
52689
53083
53338
53352
53499
53607
54499
54773
54797
54828
54908
54955
54995
55067
55110
55143
55240
55256
55362
55517
55642
55863
56253
58070
58125
58133
58178
58271
58332
58509
58698
58703
58962
59054
59152
59203
59205
59218
59317
59554
60004
60998
61020
61096
61153
61203
61294
61435
61488
61894
62249
62712
62718
63589
63607
63677
64083
64127
64218
64310
64332
64535
64578
64592
64607
64611
64740
64764
65332
65435
65576
65941
66320
66594
66617
66858
67192
67830
68016
68022
68809
68854
68878
69157
69443
69445
69481
69531
69589
69648
69728
69770
69776
69844
69968
70039
70105
70278
70291
70297
70303
70359
70437
70536
70805
70970
71132
71156
71317
71373
71423
71430
71522
71535
71627
71631
71640
71715
71788
71845
71904
71929
72012
72187
72216
72282
72490
72847
73629
73824
73870
73890
73924
73929
73993
74029
74050
74304
74327
74422
74558
74597
74876
74934
74955
75240
75267
75274
75411
75423
75526
75773
75793
75803
76082
76163
76283
76384
76395
76683
76757
76775
76808
76880
76931
77243
77247
77266
78084
78229
78632
78905
78923
78939
78954
79069
79274
79741
79790
80061
80200
80269
81794
81864
81952
82362
82643
83000
83093
83132
83235
83569
83614
83828
83961
83973
84312
84421
84553
84633
85495
85556
85851
85977
86018
86184
86646
86808
86870
86977
87162
87207
87413
87535
87669
87849
88326
89278
89468
89647
89730
89756
89844
90430
90563
90913
90967
91002
91182
91240
91300
91346
91525
91528
91752
91844
91882
91949
92023
92111
92124
92128
92283
92285
92298
92312
92322
92331
92413
92491
92772
92806
92821
92864
92873
92878
92894
92925
93082
93109
93167
93297
93525
93833
94122
94858
94860
94935
95051
95181
95290
95354
95404
95409
95415
95445
95460
95482
95521
95566
95596
95598
95682
95691
95967
96002
96046
96047
96090
96101
96107
96237
96308
96350
96434
96436
96507
96509
96552
96689
96803
96838
96934
96937
96958
97002
97032
97037
97069
97131
97175
97200
97205
97212
97275
97276
97281
97325
97347
97464
97537
97596
97605
97710
97882
98222
98492
99061
99162
99223
99301
99334
99341
99747
99885
99892
100021
100406
100454
100584
100729
100777
100930
100982
101106
101309
101470
101684
101783
101794
101803
101923
101960
101991
102105
102400
102491
102500
102722
102923
102968
103088
103134
103236
103482
103564
103874
104256
104454
104751
105241
105358
105648
106000
106704
108556
108793
109033
109384
110160
110304
110416
110488
110784
112583
112688
112800
112855
113184
114101
114182
114234
114446
114875
114966
115160
115337
115626
116020
116218
116246
117373
117472
117482
117631
118165
118457
118559
118746
118788
118860
118879
119024
119227
119606
119994
120002
120179
120363
120490
120545
120598
120618
120835
120897
121009
121070
121077
121264
121337
121381
121419
121571
121599
121657
121666
121747
121797
121812
121892
121970
122637
123044
123108
123209
123690
123742
123879
124031
124332
124340
124495
124758
125002
125009
125470
125667
125753
125961
126030
126060
126131
126142
126184
127015
127026
127074
127161
127305
127560
128194
128604
128618
128620
128663
128880
128888
129634
129731
130759
130805
130929
130936
130954
130969
131132
131157
131162
131376
131566
131980
131992
132203
132207
132566
132648
133702
133731
134336
134463
134697
134699
134748
134750
134785
134841
134883
134971
134987
135203
135298
135449
135590
135879
135914
136346
136547
136551
136637
136860
137523
137833
137965
139045
139149
139246
139358
139381
139386
139426
139502
139797
140146
140161
140375
140499
140580
140618
140985
140995
141146
141167
141335
141517
141732
142115
142134
142522
142550
142851
142939
143214
143223
143245
143273
143439
143561
143643
143698
143739
143760
143780
143809
143815
144117
144144
144161
144219
144493
144508
144537
144604
144660
144683
144701
144712
144796
144813
144983
145207
145323
145378
145447
145579
145624
145700
145871
145875
145905
145915
146192
146238
146341
146382
146650
146668
146910
147030
147051
147125
147238
147282
147376
147451
147601
147818
147846
147943
147951
148209
148262
148430
148442
148465
148519
148716
149027
149079
149203
149265
149276
149553
149952
149990
150018
150220
150246
150339
150455
150472
150542
150969
151215
151329
151360
151467
151530
151642
151682
151756
151877
151878
152291
152503
152530
152564
152574
152587
152618
152753
152934
152954
153129
153275
153365
153427
153430
153531
153542
153827
153831
154264
154405
154437
154457
154834
155045
155049
155128
155279
155397
155433
155434
155506
155820
156133
156140
156158
156211
156607
156759
156891
156901
156926
157089
157261
157726
157758
158150
158249
158363
158524
158563
158573
158672
158883
159251
159452
159453
159456
159497
159601
159617
159640
159787
159932
160015
160063
160209
160293
160314
160526
160571
160712
160827
160983
160985
161115
161224
161270
161370
161689
161873
162011
162240
162250
162268
162568
162884
162961
163127
163353
163441
163464
163539
163614
163642
163869
164199
164266
164331
164535
164726
164880
165211
165534
165682
170053
170215
170237
170303
170926
171229
172887
173106
173174
173301
174031
174141
174797
174974
175029
175039
175098
175291
175867
177330
177418
177689
177711
177924
177943
178281
178425
178520
178807
178819
178931
179790
179791
179872
179883
179903
180086
180090
180114
180119
180323
180625
181551
183615
184158
184178
184180
184224
184227
184284
184733
185713
186669
186670
186918
186955
186956
187257
187493
187502
187601
187611
188428
188481
188555
189296
189383
190423
190905
191130
191146
191367
191382
191464
191531
191653
191734
191736
191758
191817
191866
192203
192238
192450
192509
192547
194059
194954
195178
195293
195321
195361
195446
195662
195873
195922
196422
196548
196746
196952
197640
197933
197936
198362
198625
198917
199016
199226
199350
200152
200438
201135
201568
201696
201820
202261
203046
203057
203112
204424
204457
204951
204970
205825
206108
206126
206680
206866
206996
207553
207561
207611
208766
208815
208916
209239
209934
210164
210226
210315
210385
210443
210849
211669
211911
211949
212141
212215
215031
215121
215126
215318
215513
215680
216027
216061
216363
217007
218061
218063
218253
218261
218301
218489
218516
218908
219218
219558
219694
219737
219772
219879
219914
219931
220363
220398
220494
220852
221290
221327
221564
221619
221629
221632
221703
221798
221908
222010
222342
222549
222709
222776
222883
222925
223566
223677
223754
223930
223963
224500
224516
224525
224532
224799
224895
225977
226199
227303
227331
227363
227568
227864
227907
227927
228332
228569
229205
229224
229332
229406
229408
229596
229626
229628
229858
230652
230731
231135
231199
232664
232863
233179
233184
233349
235470
235614
235891
235995
236004
236168
236303
236318
236553
236574
236608
236671
236864
236954
237097
237250
237270
237353
237640
237952
237980
238081
238211
238279
238422
238555
238922
238925
239044
239204
239404
239603
239676
239763
239780
240273
240416
240429
240883
241209
241942
241969
241997
242049
242127
242146
242168
242350
242389
242412
242441
242547
242607
243032
243279
243293
243315
244059
244071
244103
244335
244360
244433
244670
244924
245108
245444
246292
246329
246487
246539
246613
246879
247186
247191
247229
247272
247387
247873
247897
248164
248703
248791
248926
248953
249010
249757
250059
250649
250661
250784
250807
251162
251166
251386
251473
251481
251516
251616
251879
252018
252046
252190
252356
252771
252775
252817
252887
252917
253087
253258
253265
253275
253301
253659
253762
253924
254275
254368
254670
254936
254989
255039
255229
255470
255798
255861
255890
255902
255977
255989
256508
256830
257267
257354
257401
257641
257700
257863
257947
258152
258213
258631
258954
259012
259042
259062
259133
259165
259181
259198
259723
260012
260087
260318
260548
260728
260955
260957
261278
261526
261674
261776
261788
261918
262111
262127
262382
262491
262802
262836
262908
262954
263255
263271
263386
263445
263653
263727
264084
264468
264469
264470
264531
264722
265120
265295
265334
265347
265383
265977
265983
266256
266544
267162
267805
268052
268095
268370
268461
268557
268584
268779
268797
268859
268957
268978
268994
269043
269397
269467
269917
269961
270261
270583
270883
271116
271119
271317
271615
271726
271965
272282
272795
273273
273320
273648
273866
273889
273951
274195
274447
274533
274689
274750
274835
274993
275071
275128
275235
275566
275656
275753
275755
275814
275857
275916
276065
276124
277011
277789
277995
279172
279578
280084
280164
280592
281433
283266
283380
283488
283489
285493
285748
285784
286126
286203
286205
286459
286595
286640
286774
286840
286873
287343
287673
287676
287773
288235
288533
289498
289780
289920
290343
290346
290685
291032
291151
291186
291548
292280
292369
292708
294099
294329
294420
294511
294513
294571
294782
295275
295341
295611
295927
295983
296447
296587
296945
297064
297985
298522
298809
298893
298907
299507
299584
299597
299647
299688
299696
299739
300328
300736
301018
301796
303805
303940
304845
305006
309471
309597
309610
309614
310229
311910
312196
313816
313820
314228
316247
316391
317412
317658
317661
317669
318214
318478
318790
318799
319185
319262
319594
319651
319663
319750
319798
319957
320727
320996
321084
321641
322075
322348
325590
325781
325965
326207
326502
326626
326915
327246
327601
327608
327817
328136
328145
329147
329198
329425
330999
331057
331235
331457
331487
331493
331838
332094
332680
333617
333713
333886
334150
334213
334459
336632
336798
337063
337091
339120
339600
340158
341016
341127
341593
342011
342301
342526
342725
343308
343388
344136
344140
344445
344879
345876
346020
346140
346142
347389
347454
347670
347722
348367
348402
348645
349196
349565
350105
351322
351355
351361
351376
351482
351741
351758
351761
352105
352424
352606
352662
353707
353809
353906
354325
354354
354368
355907
355996
356264
356301
356323
357408
359252
359558
359617
359756
359809
360584
360888
361102
361465
361936
362141
362278
362461
362528
362624
362654
363335
364129
364170
367778
368913
369621
370062
370248
370304
372936
380770
381027
381047
381432
381457
381861
382528
382818
383136
384427
384758
384782
385071
386630
386642
386765
386852
387492
387963
390401
390467
390776
391925
392430
392799
393974
394965
395000
395005
395167
395512
395723
395777
395867
396126
396618
397259
398869
400801
401048
401063
401305
402156
402906
403284
405920
405974
406161
406770
408108
409191
409288
417395
418097
418379
418465
418524
418780
419076
419358
419860
419952
419964
419966
419984
420614
422161
424782
427585
428245
429453
429665
430251
430289
430493
431222
431417
434122
434893
434895
435118
435155
435188
435313
435324
435471
435968
436170
436190
436201
436485
436812
437535
437912
439250
439255
439300
439665
439783
439959
440189
440203
443387
443661
444669
446183
446184
446189
446242
447418
447730
447801
448408
448586
448595
448994
449098
449341
449399
449978
450040
450130
450301
450362
450977
451490
451785
452638
452804
452877
453468
454335
454701
454798
454942
455527
457937
458144
458338
461375
463471
464437
464743
465681
465991
467591
467948
468269
468460
469239
469590
470387
470773
470805
470972
471305
471529
472054
472210
472893
474227
474320
475304
476076
478051
478809
478924
479770
484138
486747
486754
487544
488287
488829
488956
489106
489862
489977
490440
490460
491247
491919
491994
492892
493508
493925
494169
497021
497170
497892
498434
498746
501075
502864
504719
504768
504940
505846
506230
508268
508316
508625
510468
510583
511189
511281
512324
512464
514717
515560
515599
517079
517419
518100
518403
519445
519650
520147
521702
521713
523711
523790
523856
525883
526084
526248
527523
528472
528700
528802
529734
529737
530397
531015
531022
531079
531154
531639
532051
532447
532781
532970
533014
533453
533843
534501
536846
537608
538752
540108
540113
540246
541217
541479
542740
543325
544841
545238
545968
546738
548336
550494
550587
551128
551297
551348
551682
551920
551992
553698
556274
556392
558091
561223
562491
562676
562946
562953
565274
567963
567997
568633
568681
569100
569435
569499
570653
570694
571435
574450
574908
575339
578170
579059
580655
580717
580791
581443
582058
582584
582692
582815
583446
583751
583839
585810
586195
587929
588070
588092
588499
588508
589082
590338
591083
591967
592454
594930
596983
597085
597640
601439
602091
602425
606800
607041
607140
609320
609740
610349
619376
620379
621620
621877
623037
623222
623453
623687
624545
626809
628069
628377
629235
629308
629694
630092
630593
631736
632998
633362
633582
634294
634707
634753
635668
635702
636025
636443
636558
637892
637894
639509
639861
639907
640606
643063
643491
643577
645064
646290
646454
646609
646770
649166
650405
650436
650753
651448
651785
656840
658568
659158
661295
662897
662943
666453
667871
668842
671345
674799
675260
675284
680269
680416
684796
685576
686338
686345
688459
689086
689170
698416
698992
699041
699654
700955
702661
703523
703558
705788
706282
708571
711391
716506
716611
717343
722055
722178
723902
725971
726076
726866
727646
727681
730387
730718
731422
732104
732576
735818
736525
736862
738392
742823
742946
747367
747638
749696
751662
752218
761542
763525
763689
763736
763745
763850
763863
764346
769419
770729
772166
772167
772917
774043
776743
777861
778499
780023
780533
784236
784237
785379
785699
786429
789141
796583
797777
801002
805768
807129
809973
810908
811054
811551
812791
814712
815420
818448
819682
820806
822520
822945
824824
825438
828233
832656
833353
836228
837075
838720
841981
845073
850161
851780
857698
862961
867374
868310
870243
872442
873146
874061
882183
885065
887050
889937
891904
893266
894376
894395
896070
896851
899510
900425
900695
906934
908241
910325
910640
914191
916186
921736
930497
932802
933134
935062
936522
937363
949056
951598
952811
962083
965065
968365
969283
969934
974418
974617
975220
977794
979981
979983
980535
982518
984586
985337
985835
989229
989684
994521
996624
998962
1001968
1006275
1006401
1007121
1017024
1017991
1018754
1023886
1027376
1028153
1029162
1035105
1037198
1037200
1037201
1040416
1041422
1041600
1044391
1046256
1050182
1056153
1056757
1058431
1062809
1065242
1069883
1070674
1071521
1072597
1073246
1076829
1079532
1083836
1084087
1089235
1090359
1091692
1100308
1102522
1103976
1110779
1111557
1115491
1116753
1120281
1121273
1125357
1125370
1125555
1128669
1129106
1130987
1132422
1133993
375
412
424
588
671
717
894
919
963
1100
1120
1184
1200
1224
1439
1512
1638
1686
1704
1722
1833
1985
2002
2020
2023
2045
2641
2828
2914
2952
3089
3096
3186
3294
3343
3362
3426
3518
3593
3594
3837
3873
3994
4028
4051
4115
4186
4269
4287
4389
4497
4574
4635
4641
4857
5306
5819
5836
6068
6303
6809
6861
6880
7254
7378
7465
7521
7524
7562
7623
7673
7742
7790
7838
7880
7921
8035
8101
8146
8165
8219
8284
8358
8471
8496
8643
8847
9454
9797
9868
10158
10247
10300
10304
10318
10370
10373
10410
10450
10501
10857
10953
10983
11055
11162
11452
11854
12065
12122
12402
12512
12710
12717
12795
12998
13080
13088
13190
13196
13211
13233
13389
13428
13443
13526
13533
13611
13700
13705
13941
13993
14003
14913
16584
16623
16743
16751
16807
16886
16895
16978
17398
17698
17713
17728
17815
17839
18033
18408
18567
18662
18862
18876
18965
19425
19444
19595
19648
19676
19693
19845
19864
19927
19932
20028
20042
20045
20134
20156
20163
20218
20246
20279
20407
20881
20965
21135
21142
21161
21166
21187
21192
21193
21232
21555
21634
21711
21879
21906
21938
21994
22120
22284
22309
22474
22619
22635
22637
22800
22885
23008
23020
23104
23238
23356
23421
23582
23656
23699
23952
23976
24025
24049
24322
24702
24777
24813
24843
24945
25099
25125
25195
25221
25234
25680
25688
25715
26074
26194
26239
26269
26272
26350
26461
26679
26688
26795
26805
26809
26859
26875
26887
26975
27009
27141
27271
27283
27330
27347
27348
27370
27411
27435
27566
27764
27830
27872
28092
28096
28238
28339
28562
28575
28623
28811
28852
29131
29270
29275
29397
29408
29500
29584
29615
29822
30215
30263
30278
30455
30475
30495
30715
30730
30743
30827
30837
31111
31287
31381
31416
31421
31521
31609
31619
31645
31654
31825
31876
31929
32211
32778
32875
32886
32923
32933
33280
33324
33429
33616
33885
33910
33927
34739
34973
34981
35085
35433
35489
35534
36196
36228
36420
36435
36734
36751
36808
36828
37135
37241
38116
38462
38622
38702
38741
39375
39420
39744
39833
39929
40256
40451
40588
40851
41255
41266
41598
41718
42003
42392
42464
42756
42763
42799
42899
42933
42964
43130
43188
43278
43322
43441
43532
44073
44151
44244
44320
44461
44499
44550
44623
44698
45099
45152
45365
45563
45564
45612
45750
45764
45917
45937
46293
46300
46309
46315
46568
46634
46730
46925
47073
47248
47473
47648
47660
47680
47697
48295
48363
48736
48777
48785
49321
49325
49402
49468
49577
49644
49791
49965
50397
50493
50508
50928
50972
51100
51260
51281
51314
51317
51382
51455
51502
51813
51858
51933
51947
52114
52126
52299
52373
52434
52766
52781
52984
53115
53921
54830
54864
54956
55091
55249
55460
55601
55962
56572
57868
58219
58413
58429
58524
58575
58576
58648
58697
58977
58979
59041
59043
59263
59405
59579
59689
59722
59913
60033
60281
60944
61041
61184
61230
61288
61374
61581
61669
61794
61817
62666
62673
62679
62736
62756
63061
63122
63588
63595
63605
63919
63956
64207
64258
64359
64554
64566
64648
64726
64840
64916
65039
65040
65077
65527
65547
65550
65584
65800
66336
66414
66529
66649
66689
66705
66770
66786
66791
66986
67042
67141
67409
67685
67871
67982
68167
68268
68440
68480
68533
68843
68891
69074
69083
69098
69265
69291
69337
69457
69471
69491
69500
69558
69565
69579
69608
69644
69697
69748
69785
69983
70298
70385
70566
70820
70827
70856
70955
71093
71120
71129
71183
71280
71334
71358
71470
71499
71583
71650
71681
71789
71793
71878
71924
72096
72210
72281
72291
72817
73233
73391
73639
73858
73919
73958
73980
74277
74313
74487
74654
74683
74823
74837
74839
74846
74952
74966
75033
75050
75068
75103
75106
75130
75155
75227
75238
75253
75369
75406
75519
75598
75786
75891
76019
76058
76418
76498
76653
76776
76856
77076
77129
77146
77181
77201
77240
78015
78074
78110
78262
78446
78785
78822
78935
78955
79064
79065
79335
80034
80160
81316
81546
81915
82319
82355
82877
82916
83072
83289
83495
83522
83681
84061
84163
84205
84364
84372
84414
84614
84733
84769
85011
85524
85870
86431
86583
86825
86945
87038
87317
87458
87876
88297
88521
88947
89085
89120
89315
89572
89738
90902
90908
91043
91053
91135
91295
91299
91301
91348
91349
91389
91466
91512
91739
91852
91870
92017
92042
92065
92261
92284
92295
92301
92310
92314
92336
92354
92451
92548
92583
92588
92634
92680
92759
92776
92936
92952
92959
93025
93382
93560
93572
93595
93943
94074
94107
94116
94139
94144
94441
94458
94490
94495
94599
94612
94751
94823
94932
94946
95109
95153
95312
95337
95396
95424
95433
95440
95456
95474
95481
95520
95565
95639
95708
95726
95758
95843
95847
95877
95943
95945
96052
96215
96232
96239
96296
96297
96316
96358
96373
96456
96502
96543
96558
96633
96662
96673
96762
96817
96899
96933
96947
97018
97027
97073
97198
97241
97251
97260
97320
97321
97352
97478
97484
97617
97790
98013
98296
98297
98304
98305
98331
98388
98438
98464
99187
99225
99402
99430
99464
99737
99756
99782
99903
99926
99943
99995
100039
100338
100409
100423
100726
101073
101197
101222
101267
101502
101589
101693
101706
101757
101759
101814
101920
101974
101989
102008
102037
102051
102096
102099
102294
102307
102316
102518
102679
102750
102866
102868
102901
103005
103373
103381
103423
103425
103478
103508
103592
103979
103993
103999
104009
104023
104030
104037
104068
104132
104224
104287
104392
104452
104585
104826
105203
105230
105271
105609
105644
105885
105913
106065
106080
106096
106444
107202
107495
108735
108760
108774
109089
109216
109272
109360
109485
109556
109909
110060
110770
110807
112162
112577
112580
112811
112872
113004
113420
113966
113976
114011
114047
114055
114076
114105
114188
114235
115054
115092
115634
115681
115700
115864
116030
116255
116330
117351
117400
117459
117465
117776
118045
118183
118195
118284
118453
118563
118966
119070
119361
119617
119904
119977
119982
120021
120097
120375
120379
120452
120511
120588
120646
120723
120789
121115
121124
121152
121244
121282
121403
121461
121464
121633
121687
121705
121798
121931
121983
122072
122083
122126
122706
122863
122961
123136
123162
123219
123236
123259
123707
123830
124193
124439
124809
124814
124948
125150
125246
125851
125902
125930
126026
126077
126102
126124
126230
127061
127202
127584
127764
128118
128124
128184
128227
128452
128689
128713
128772
128838
129074
129085
129591
129718
129734
129878
129908
130209
130218
130229
130265
130622
130639
130971
130994
131014
131061
131073
131088
131096
131456
131821
132209
132257
132602
132619
132801
132971
133032
133062
133207
133277
133655
134239
134247
134337
134343
134629
134809
135144
135239
135258
135400
135488
135577
136007
136013
136244
136372
136491
136511
136548
136650
136660
136688
136862
136926
137123
137216
137310
137695
138043
138046
138304
138911
138921
139078
139162
139206
139253
139299
139374
139742
139919
139986
140198
140475
140548
140614
140694
140798
140804
140824
140846
140945
140993
141128
141227
141264
141278
141305
141560
141678
141680
141696
141705
141723
141770
141779
141888
141892
142105
142369
142481
142491
142660
142750
142837
142885
143170
143227
143233
143247
143262
143372
143771
143797
143858
143939
144200
144292
144313
144783
144798
144822
144876
145043
145193
145334
145507
145539
145683
145709
145784
145938
145952
146069
146265
146319
146541
146647
146656
146803
147277
147298
147322
147423
147428
147485
147497
147539
147602
147706
147803
147826
147913
147918
148165
148179
148309
148331
148342
148412
148433
148515
148540
148626
148712
148816
148828
148875
148878
148879
148880
148932
148939
149213
149313
149386
149435
149617
149636
149878
150059
150074
150076
150274
150454
150538
150640
150687
150975
151065
151071
151449
151518
151637
151733
151759
151863
151867
151917
152040
152141
152242
152340
152386
152792
152797
152843
152964
153015
153099
153160
153270
153353
153506
153714
153777
153895
154016
154046
154077
154199
154334
154429
154823
155023
155060
155097
155105
155118
155142
155259
155347
155404
155488
155767
155814
155838
156042
156050
156083
156217
156361
156370
156505
156544
156645
156911
156913
157078
157185
157204
157262
157367
157387
157416
157430
157542
157555
157622
157719
157720
157785
157797
157917
157926
157993
158090
158094
158271
158461
158525
158537
159025
159424
159518
159714
159733
159776
160211
160256
160330
160335
160395
160584
160823
160969
161067
161315
161321
161437
161454
161497
161566
162313
162359
162456
162607
162645
162684
162748
163034
163108
163137
163148
163180
163530
163609
163621
163636
163638
163737
163760
163783
163843
163861
164003
164041
164141
164415
164441
164468
164827
164835
166267
170158
170191
170213
170257
170401
170462
170563
170938
171055
171376
171511
172512
172976
173044
174288
174747
174806
174944
174946
174969
175084
175206
175216
177333
177348
177439
177591
177725
177735
178061
178084
178093
178328
178548
178850
179602
179617
179726
179734
179758
179785
179808
179860
179871
180001
180174
180180
180259
180342
180546
180609
180680
180914
181026
181141
183889
183988
184008
184901
185818
185875
186124
186538
186610
186631
186926
187276
187399
187486
187557
187976
187995
188018
188068
188326
188422
188433
188470
188595
188723
188777
188886
188948
188950
188976
189037
189659
189697
189760
189852
190356
190413
190487
190561
190756
190879
190938
191101
191155
191229
191270
191282
191326
191588
191745
191749
191776
191959
192190
192667
193031
193569
194048
194937
195145
195365
195378
195413
195551
195593
195609
195787
195798
195846
195874
196058
196691
197062
197474
197834
197970
198321
198837
198913
199046
199062
199113
199186
199504
199754
200036
200431
201032
201246
201271
201276
201284
201573
201755
201939
202009
202141
203110
203122
204836
204935
204989
205082
205627
205684
206113
206790
206884
207195
207239
207408
207425
207503
207534
207583
207693
207822
208227
208451
208582
208869
209068
209439
209483
209639
209664
209935
209991
211160
212075
212251
212342
214231
214899
215230
215445
215536
215987
216006
216216
216352
216483
217002
217416
217468
217532
217597
218034
218140
218235
218341
218713
218787
218832
218971
218996
219110
219284
219403
219733
219851
219971
219989
220397
220469
221150
221333
221409
221581
221599
221646
221712
221800
222013
222083
222107
222182
222762
222881
222897
223631
223923
223966
224623
224912
225177
226446
226520
226770
227053
227055
227167
227307
227441
227501
227582
227605
227798
228033
228741
228818
229012
229317
229347
229627
229683
229705
229726
229901
230265
230661
230739
231142
231619
231666
231898
232253
232489
232499
232533
232960
233183
235579
235592
236485
236975
237028
237041
237215
237243
237294
237352
237589
237617
238186
238558
238930
239523
239561
239608
239619
239684
239783
239827
239837
239917
240180
240395
240440
240992
241175
241405
241437
241506
241546
241669
241953
242026
242038
242113
242159
242197
242220
242236
242296
242303
242609
243064
243092
243235
244088
244150
244717
245072
245166
245976
246115
246147
246420
246478
246521
246553
247141
247209
247352
247775
247892
249568
249781
249935
250480
250805
251031
251423
251515
251589
251662
251716
251842
251864
251871
251969
252128
252188
252203
252207
252216
252431
252853
252890
253169
253438
253535
253685
253722
253734
253766
253958
254036
254204
254993
255189
255302
255574
255680
255789
255835
255937
255953
256020
256022
256084
256244
256698
256833
256980
257104
257152
257169
257204
257239
257248
258002
258021
258134
258265
258355
258431
258436
258918
258950
259885
260280
260576
260760
260947
261274
261491
261737
262205
262542
263190
263385
263407
263484
263520
263526
263594
263739
263761
264503
264532
264605
264659
264718
264997
265142
265417
265440
265493
265621
265954
266335
267001
267277
267850
267886
267899
267984
268110
268257
268724
268824
268979
269096
269141
269275
269462
269505
269520
270216
270369
270689
270791
271034
271440
271532
271626
271961
272281
272576
272683
272761
272901
273160
273241
273379
273405
273582
273654
273733
274009
274238
274285
274332
274374
274432
274523
274904
275056
275058
275245
275400
275617
275756
275930
276002
276085
276560
276790
276804
276929
277010
277027
277041
277115
277141
277543
277562
278402
278552
278600
278830
278843
279500
279919
279993
280018
280335
280668
281055
281090
281869
281903
283201
283441
283633
284019
284409
285055
285675
285738
285968
286576
286613
286615
286654
286738
286779
286781
286861
287085
287196
287460
287490
287666
287678
288627
289471
289484
289542
289589
290815
291398
291807
291940
292136
292192
292480
292587
293479
293586
294276
294282
294595
294792
294839
294885
295040
295230
295284
295294
295318
295874
296230
296796
297063
297561
297691
298359
298626
298627
298647
298691
298776
299196
299198
299575
299686
299761
300436
300675
301749
301805
302753
303318
303323
303837
306014
307081
307995
307997
309850
310736
311701
313701
314027
314038
315291
316242
316870
317064
317147
317476
317594
317881
318059
318800
319181
319183
319309
319327
319567
319598
319749
319754
319908
320371
321140
321166
321530
321895
321906
322372
323041
323100
325896
325995
326197
326632
326692
326702
327034
327847
328019
328414
329071
329152
329159
329211
329491
330913
330927
330976
331009
331223
331261
331348
331392
331438
331692
331817
332317
333807
333838
333973
334060
334243
334265
334610
334642
334653
334682
336087
336382
336454
336463
338966
339251
339306
339376
339565
339895
340241
340609
340817
341244
341575
341661
341671
342714
343105
344123
344171
344303
344430
344524
344904
345854
345902
346043
346179
346290
346304
346334
347374
347385
347430
347479
347524
348153
348247
348261
348320
348465
348633
348746
349029
349227
349522
349687
350206
351174
351235
351522
351624
351792
351890
352136
352591
352615
352706
352714
353747
354314
354479
355323
355748
356335
356530
356570
357001
357319
359121
359170
359439
359530
359560
360236
360862
360893
361406
361597
361749
361800
362518
362867
363330
363562
363916
364013
364304
364311
364409
364556
367745
367936
367964
367967
368327
368636
368934
369056
369058
369159
369195
370092
370227
370246
381042
381141
381195
381272
381320
381374
381412
381510
381573
381875
383042
383541
383719
384334
384362
384515
384537
384874
384936
385597
385688
386856
386909
387041
387347
388589
388613
389105
389277
389574
389915
389998
390062
390523
390699
390723
391493
391574
392202
392336
392429
393500
394110
394414
394991
395047
395063
395125
395471
395776
396615
396733
396773
397488
398102
398250
398306
398913
399757
400987
401054
401187
401789
401968
402004
402088
402587
402873
402942
403037
403103
404600
405930
406721
407403
408045
408981
409006
409274
409398
409464
410739
416680
416710
417427
417564
417617
418083
418227
419251
419704
419706
419973
420004
420081
421046
422146
424473
426838
430030
430362
431092
432467
432490
432710
433493
433603
434254
434377
434626
434779
434960
435088
435163
435203
435249
435753
435866
436886
437322
438478
438776
439115
439765
439815
439857
440211
440232
441326
442813
443118
443226
443497
444459
444460
445735
445755
445860
446053
446086
446182
446288
446296
446298
446494
446526
446882
447197
447382
447633
448226
448498
448683
448735
448780
449004
449084
449337
449364
449382
449643
449988
450021
450072
450157
450325
450363
450963
451246
451250
451671
451765
452957
453489
454749
455010
455277
455385
456158
456370
456382
456626
456667
456765
456884
457647
457749
458871
459885
460115
460650
461366
461775
463046
463321
463369
463585
463720
463935
464163
464285
464359
464587
464713
464911
464956
465190
465386
465421
465719
466145
466385
466610
466990
467302
467727
468295
469065
469078
469412
469420
469556
469876
470284
470767
470895
471116
471356
471432
471468
471876
472100
472580
472695
472784
473257
473424
473444
474152
474259
474497
474541
474875
474882
475487
475579
475959
476136
476220
476460
476760
476888
477316
477529
477959
478066
478079
478404
479212
479408
479875
481271
482448
482671
482756
483131
483375
483419
483805
484420
484937
484938
485910
487433
487918
488176
488259
488272
489105
491286
491453
491596
491668
491854
491932
492381
492520
492586
492743
492875
492939
493366
493410
493548
493848
494273
494510
494918
496383
496745
496770
497824
498234
498796
498992
499513
499622
499896
500459
501050
502644
503173
503254
504154
504414
504947
506103
506534
506916
506979
507116
507786
507811
508208
508355
509947
510102
510630
511782
511880
511882
512222
512258
512448
513155
513248
514081
514694
516102
519766
519876
520811
521529
523783
524060
524062
524294
526045
526116
528438
528553
528661
528996
529276
530541
530600
530638
531093
531108
531160
531347
531784
532125
532198
532460
532792
532900
533048
533260
533621
533648
533664
534547
537184
537497
537947
538493
538788
538858
539903
542739
543039
543097
543644
544039
544757
545792
545915
546639
547394
547625
550345
550373
550448
550495
552932
553097
553577
555808
556325
556397
559244
560385
562780
563079
567932
568967
569162
569413
569793
570193
570678
571349
572447
572999
573261
573547
573815
574268
574768
576273
576282
576304
577815
578127
578310
578312
578354
578653
579007
579268
579318
580433
580555
580807
581281
582443
582614
582665
583012
583272
583332
584435
584578
584630
585713
586466
586792
587274
587519
588083
588088
588142
588143
590056
590647
590958
591529
591707
591972
592026
593079
593669
594111
594936
595096
595413
595626
598154
598218
599682
600368
601512
602052
602200
602564
603890
604562
604697
606423
606813
609065
609244
610526
610545
610724
610727
612325
612472
612609
612623
612647
612649
614673
616404
616743
618076
619572
621099
621388
621726
622123
622748
623139
623176
623291
623976
624065
624199
624201
624474
624771
624811
625401
625485
625767
625841
626762
626779
628045
628226
628929
630439
631112
632713
633738
633963
634117
634247
634559
634769
635187
635576
635788
636095
636227
636434
636480
636485
638360
639166
640283
640589
640651
640999
641078
641271
641473
641850
641876
642571
644834
645180
645405
646080
646296
647412
647783
650122
650482
650854
651162
651164
651250
651290
651407
652635
652835
655098
655160
655319
656866
657873
660576
661195
661756
662098
665184
665204
666197
667318
667342
667918
668247
669718
670316
670650
671258
671366
673173
673758
674207
678231
680291
680939
684163
685408
686103
688549
689743
690121
691443
692307
692730
692971
698364
699085
700937
702362
703402
704424
715000
716154
716905
717028
717936
719264
720349
721631
722138
723518
728158
730230
732424
735991
736276
736406
738890
743564
745284
746041
746609
746746
750116
751232
751538
752096
752704
752788
758746
763376
763702
764060
766687
768707
768710
770226
770883
771238
771446
771586
772206
773016
773056
776739
778792
780115
783381
784657
784847
786024
787793
787809
790014
790866
791730
792301
792722
792848
797316
806650
807109
808192
809469
814287
814404
814592
815428
815529
816343
820017
820194
821149
824344
824468
825762
829571
836254
836564
837295
837595
838790
839418
841772
842503
842607
847379
848197
848737
848738
848955
850555
850715
854839
857630
859663
860370
862452
863063
863359
863706
863707
864674
864938
866184
867995
870181
876974
879024
880203
880685
887144
887794
888874
890809
892872
893110
893650
894304
899455
903703
906265
908116
908463
913670
914164
919374
919615
927005
933665
934029
934611
934860
936726
938751
938797
938861
939767
940323
944897
947259
954157
955356
956215
957272
958086
959073
960276
960762
964653
965178
973399
975618
976612
981728
982255
982287
984909
987391
988182
988773
989324
992781
994465
996542
999704
1000859
1007497
1009919
1014581
1015348
1016017
1016153
1018282
1024137
1024515
1024906
1026710
1027942
1030791
1032021
1034141
1037204
1039147
1041262
1042197
1042838
1044642
1046773
1046865
1047522
1050044
1051677
1051696
1056415
1056650
1057854
1061300
1062863
1065323
1073245
1075706
1076545
1077137
1080005
1081284
1084102
1085495
1087534
1087936
1089251
1090486
1090932
1093169
1095009
1097714
1097718
1097921
1098661
1102337
1104390
1105388
1107718
1109052
1113880
1117046
1119386
1119501
1119877
1120661
1120984
1121146
1121747
1122384
1127582
1128435
1129692
1131999
1133802
2
182
307
594
703
840
875
1080
1110
1121
1142
1262
1379
1484
1507
1539
1587
1787
1815
1913
1965
1972
1997
2038
2043
2413
2473
2724
2777
2792
2880
2905
3014
3019
3035
3040
3091
3150
3187
3221
3484
3537
3620
3684
3697
3771
3981
4043
4054
4131
4152
4309
4337
4368
4479
4510
4573
4605
4674
4749
4793
4850
4894
4904
5004
5114
5272
5838
5922
5977
6029
6202
6208
6352
6353
6408
6422
6491
6672
6807
6933
6995
7058
7108
7262
7297
7359
7383
7492
7527
7607
7644
7686
7726
7761
7784
7786
7829
7846
7867
7878
7885
7922
7989
8023
8109
8133
8209
8260
8303
8495
8835
9123
9164
9200
9263
9304
9470
9758
9791
9896
10036
10085
10119
10251
10416
10481
10557
10723
10856
10865
10995
11060
11138
11170
11193
11300
11635
11652
11772
11808
11910
11948
12027
12037
12045
12281
12396
12507
12664
12725
12847
12929
12960
13042
13182
13327
13348
13353
13736
13848
13892
14032
14233
14577
16641
16675
16709
16774
16801
16822
16849
17036
17144
17177
17228
17235
17396
17495
17500
17516
17534
17763
17823
17850
17866
18061
18343
18400
18609
18675
18716
18776
18786
18839
18981
18984
19348
19399
19417
19515
19523
19534
19596
19612
19615
19635
19690
19771
19776
19892
19918
19987
19988
19996
20037
20183
20198
20199
20306
20359
20502
20609
20725
20739
21013
21062
21077
21110
21141
21148
21150
21155
21180
21190
21195
21200
21221
21259
21292
21395
21692
21705
21749
21804
21844
21858
21927
21974
22001
22174
22246
22311
22316
22344
22397
22412
22480
22540
22564
22587
22757
22974
23067
23106
23127
23231
23353
23393
23432
23515
23540
23692
23715
23777
23929
24015
24090
24157
24440
24544
24676
24750
24908
25021
25037
25053
25207
25225
25226
25292
25599
25648
25744
25751
25886
25924
26008
26113
26135
26184
26235
26275
26306
26313
26482
26486
26515
26621
26677
26708
26755
26815
27104
27106
27116
27215
27224
27324
27325
27424
27762
27773
28003
28326
28441
28477
28515
28517
28564
28633
28736
29159
29163
29381
29506
29623
29643
29666
30157
30328
30338
30345
30363
30474
30588
30595
30614
30637
30688
30732
30779
30787
30807
30832
30907
31061
31114
31328
31383
31405
31572
31622
31697
31745
31757
31810
31848
31881
31884
31891
32045
32132
32215
32216
32486
32534
32919
33172
33298
33347
33505
33712
33863
34231
34428
34497
34694
34905
34975
35179
35245
35438
35859
36207
36487
36503
36739
36976
36986
37014
37141
37231
37576
37764
37836
37919
38534
38640
38773
38775
39186
39197
39229
39357
39470
39615
39654
39685
39793
39941
39965
39969
39986
40001
40044
40282
40290
40320
40367
40428
40447
40448
40457
40483
40558
40607
40620
40729
41078
41285
41508
41573
41579
41703
41960
42339
42516
42988
43150
43315
43434
43445
43508
43848
43888
43921
43973
44130
44182
44286
44287
44467
44500
44545
44724
44795
44970
45603
45968
46216
46911
46949
46972
47235
47305
47405
47411
47417
47521
47613
47622
47745
47823
48025
48136
48177
48224
48552
48684
49329
49446
49507
49552
49563
49596
49597
49692
49698
49769
49792
49870
49906
49970
50030
50389
50449
50626
50633
50790
50802
50813
50851
50974
51005
51105
51128
51418
51452
51485
51553
51626
51659
51757
51789
51860
52065
52584
52650
52730
52737
52881
52990
53350
53472
53627
53630
53651
53807
54616
54837
54932
56202
56245
56921
58135
58207
58215
58394
58426
58450
58481
58499
58591
58600
58935
58993
59148
59169
59188
59207
59211
59258
59322
59368
59394
59399
59440
59602
59713
59766
60115
60466
60560
60699
60920
61006
61047
61054
61114
61180
61231
61263
61290
61306
61364
61629
61726
61840
61868
61899
61933
62489
62503
62650
62709
62730
62801
62876
63164
63188
63672
63852
63870
63891
64136
64169
64220
64253
64290
64294
64383
64478
64594
64657
64747
64813
64838
65029
65147
65209
65268
65348
65573
65709
65827
65834
66195
66673
66699
66720
66765
66781
67024
67059
67387
67500
67629
67676
67838
67868
67979
67995
68643
68704
68708
68832
68865
68885
68915
69007
69073
69267
69423
69441
69631
69681
69763
69849
69890
69959
70085
70087
70101
70180
70242
70270
70287
70299
70796
70883
70928
70937
70961
71016
71060
71088
71228
71299
71435
71468
71490
71589
71612
71657
71815
71824
71893
71995
72000
72003
72082
72134
72161
72328
72790
72833
72869
73118
73329
73381
73579
73580
73625
73635
73707
73724
73752
73756
73776
73879
73949
74105
74252
74455
74480
74517
74779
74838
75001
75002
75019
75022
75178
75215
75245
75328
75331
75559
75601
75629
75634
75688
75726
75735
75740
75762
75884
75909
75921
76042
76348
76477
76508
76536
76593
76682
76741
77075
77156
77216
77219
77286
77508
78618
78754
78761
78816
78904
78924
79191
79268
79362
79414
79457
79563
79573
80233
80586
80702
80875
81205
81479
82166
82245
82253
82500
82515
83439
83471
83515
83620
84111
84124
84198
84305
84366
84376
84905
85019
85194
85460
85620
86051
86291
86497
86593
86836
86924
86956
87030
87257
87277
87336
87747
87900
88020
88328
88497
88795
89135
89701
90410
90921
91003
91273
91291
91514
91712
91770
91843
91973
92096
92161
92199
92352
92387
92395
92419
92525
92594
92655
92662
92732
92790
92803
92957
93090
93118
93144
93232
93347
93360
93458
93505
93647
93765
93938
94041
94117
94257
94398
94407
94562
94666
94715
94810
94991
95012
95096
95162
95184
95208
95245
95297
95317
95346
95374
95469
95483
95491
95496
95538
95551
95555
95629
95657
95667
95745
95811
95842
95879
96048
96078
96246
96273
96307
96348
96369
96409
96445
96463
96469
96476
96488
96559
96588
96674
96872
96906
96936
96970
97012
97020
97074
97169
97442
97474
97475
97549
97616
97722
98048
98111
98258
98284
98369
98852
99185
99306
99350
99478
99812
99948
99990
100006
100023
100032
100070
100245
100274
100326
100355
100416
100745
100820
100889
100922
101022
101163
101180
101447
101524
101624
101626
101682
101685
101707
101733
101737
101768
101797
101912
101916
101967
101983
102018
102203
102374
102379
102404
102633
102639
102695
102741
102859
102934
102950
102995
103064
103235
103265
103269
103302
103357
103393
103396
103408
103505
103519
103865
104054
104206
104313
104315
104319
104343
104470
104537
104983
105072
105078
105089
105219
105307
105351
105413
105642
105763
105764
105788
106331
106533
106552
106643
106695
106732
108546
108689
108704
109037
109042
109078
109121
109162
109262
109414
109552
109832
109842
109955
110243
110404
110447
110506
110642
110697
110822
111145
111517
111709
112001
112116
112572
112592
112902
112965
113120
113903
114009
114012
114032
114050
114180
114219
114230
114395
115202
116316
116721
116977
117521
117654
117699
117788
117959
117972
118130
118282
118451
118525
118557
118844
119088
119148
119161
119275
119288
119306
119543
119555
119664
119671
120009
120101
120115
120263
120428
120570
120600
120609
120687
120766
121103
121161
121207
121213
121427
121609
121715
121787
121793
121804
121810
121974
122080
122115
122222
122295
122351
122435
122956
123061
123151
123255
123352
123663
123733
124188
124379
124509
124510
124539
124730
124770
125036
125037
125097
125098
125452
125603
125748
125752
125865
125952
126136
126140
126588
127123
127128
127151
127178
127199
127278
127297
127320
127330
127340
127393
128025
128146
128160
128495
128722
128757
128822
129064
129099
129471
129767
129784
129785
130212
130215
130472
130492
130831
130888
131013
131078
131129
131155
131180
131370
131372
131400
131447
131835
131986
132288
132735
133598
133664
133713
133803
133816
134183
134355
134491
134551
134633
134798
134823
135287
135401
135434
135701
135715
135803
135935
136003
136296
136438
136469
136507
136554
136568
136605
136608
136638
136673
136703
136796
136850
136903
136927
137317
137352
137371
137537
137620
137656
137797
137936
138575
138628
138933
138940
139074
139144
139175
139260
139313
139316
139469
139561
140159
140243
140356
140367
140457
140485
140961
141129
141309
141326
141587
141592
141682
141701
141948
142040
142089
142223
142265
142319
142569
142617
142629
142809
143218
143225
143306
143530
143730
143802
143854
143885
143932
143943
144007
144194
144284
144574
144620
144714
144766
144768
144919
144998
145136
145181
145266
145305
145452
145561
145739
145789
145800
145829
145863
145901
145904
145935
145948
146008
146053
146178
146188
146190
146193
146239
146267
146318
146542
146642
146657
146737
146754
146766
146840
147055
147139
147215
147367
147568
147699
147900
147909
147979
148139
148177
148187
148240
148299
148376
148414
148776
148853
148887
148920
148961
149059
149187
149215
149227
149286
149317
149407
149433
149641
149657
149822
149934
150006
150038
150042
150846
150982
150993
151062
151079
151197
151242
151337
151488
151534
151552
152226
152425
152430
152548
152637
152693
152704
152862
152922
152979
152998
153102
153155
153179
153217
153273
153278
153289
153371
153416
153507
153527
153565
153878
154012
154064
154126
154277
154455
154555
155018
155090
155093
155096
155123
155149
155164
155428
155486
156602
156633
156635
156902
156959
157157
157201
157307
157512
157558
157982
158038
158048
158055
158179
158758
158779
158840
158943
159019
159093
159211
159336
159378
159445
159704
159715
159802
159863
160086
160240
160269
160295
160346
160361
160617
160703
160736
160788
160824
160995
161016
161033
161212
161304
161431
161499
161593
161729
161735
161788
161821
161865
162062
162079
162091
162135
162186
162278
162326
162334
162343
162620
162677
162973
163163
163182
163442
163502
163503
163606
163655
163730
163926
164363
164580
164766
164767
164841
164983
167114
168244
168684
169292
169731
171008
171265
171359
171484
172342
172598
172653
173097
173120
173124
173127
173181
173184
173957
174132
174212
174275
174434
174497
174795
174824
174856
174907
174995
175215
175279
176044
176234
177561
177593
177641
177674
177688
177769
177923
177998
178444
178456
178488
178544
178729
178921
179567
179593
179679
179719
179741
179800
179847
180013
180073
180075
180141
180182
180216
180248
180317
180332
180497
180842
183799
184010
184018
184179
184233
184249
184618
184850
184972
185726
185732
185749
185785
185895
185941
185966
185968
185984
185989
186073
186598
186641
186881
186919
186928
186940
187036
187524
187537
188307
188335
188347
188376
188378
188483
188601
188928
188980
189076
189237
189632
189726
189845
189875
190534
190618
190742
190750
190881
190887
190981
191059
191117
191135
191139
191163
191166
191235
191285
191424
191472
191593
191672
191719
191729
191779
191876
191897
191952
192235
192253
192304
192552
192677
192678
192680
193334
193967
193973
194026
195121
195244
195271
195375
195390
195412
195428
195516
195527
196213
196425
196473
196502
197451
197624
197889
198165
198306
198859
199145
199564
199672
199897
200086
200132
200151
200191
200747
200964
200970
200985
201244
201382
201455
201821
201941
202278
203069
203099
203115
203189
204459
204532
204633
204762
204946
205667
205706
205725
205861
205934
206107
206236
206443
206666
206902
207208
207212
207236
207533
207603
207634
207715
207736
207752
207765
207796
208046
208219
208561
208757
208988
209507
209614
209690
209840
209915
209969
210239
210484
211132
211144
212220
212241
212245
212255
212317
212938
213189
214176
214202
215323
215426
215577
215674
215783
215880
215907
215956
216037
216156
216322
216451
216621
216849
217242
217400
217480
217678
218015
218019
218033
218099
218150
218194
218204
218281
218552
218595
218840
218843
218950
218951
218953
218960
218978
218989
219045
219141
219190
219252
219287
219541
219552
219665
219800
220157
220255
220409
220440
220560
220638
220727
220759
220778
220808
221001
221369
221370
221643
221649
221783
222000
222009
222061
222100
222106
222178
222447
222558
222724
222744
222750
222878
223204
224060
224542
224554
225528
226198
226455
226741
226856
226975
227017
227018
227033
227056
227119
227236
227245
227342
227356
227404
227475
227727
227845
228777
228930
229328
229345
229350
229359
229367
229382
229452
229456
229495
230135
230583
230594
230643
230646
230754
230787
230821
230933
231071
231195
231460
231488
232612
233200
234207
234295
234700
235368
235447
235588
235624
235825
235895
235954
236035
236294
236319
236421
236435
236602
236714
236716
236819
236892
236913
236920
236946
237084
237607
237616
237723
237950
238014
238190
238273
238306
238311
238325
238366
238581
238593
238885
238941
238979
239224
239659
239663
239673
239775
239828
239969
240006
240021
240058
240381
240392
240443
240477
240602
240724
240803
241011
241015
241032
241156
241635
241902
242002
242029
242059
242073
242076
242111
242123
242134
242166
242201
242202
242210
242281
242282
242285
242305
242353
242395
242611
242767
242770
242814
243242
243323
243406
243447
243665
243883
244525
244680
244921
245065
245098
245120
245165
245245
245587
246098
246127
246142
246210
246312
246382
246577
246898
246960
247263
247276
247348
247372
247391
247654
247901
248518
248710
248842
248929
248934
249142
249174
249365
249732
249755
249802
250374
250518
250776
250855
251202
251256
251263
251313
251421
251446
252024
252213
252621
252674
252689
252801
252840
252866
252925
253088
253303
253570
253652
253778
253954
254119
254369
254432
254435
254843
254923
254946
255206
255543
255668
255687
255791
255840
255853
255913
256052
256416
257036
257108
257214
257242
257272
257492
257514
257667
257690
257805
257853
257949
257999
258195
258271
258388
258512
258801
259025
259118
259207
259274
259320
259385
259449
259789
259938
259958
260054
260142
260439
260485
260559
260629
260681
260774
260808
260968
261269
261366
261504
261541
262112
262226
262396
262473
262493
262690
262794
263050
263216
263417
263729
263738
263768
263868
263938
264028
264098
264200
264327
264448
264537
264560
264564
264603
264658
264665
264720
264725
265181
265329
265565
265972
266010
266120
266210
266282
266287
266296
266369
267043
267082
267126
267334
267420
267569
267570
267675
267706
267733
268118
268254
268272
268637
268723
268830
269073
269106
269237
269248
269394
269522
269565
270048
270127
270372
270696
270768
270803
270859
270867
270880
270892
270903
270929
270964
271043
271555
271569
271630
271776
272007
272680
272690
273004
273042
273202
273413
273532
273753
273764
273941
273950
274070
274276
274298
274498
274588
274983
275303
275362
275445
275541
275672
275931
276203
276459
277038
277126
277599
277779
277788
277915
278018
278268
278329
278335
278584
278588
278663
279407
279485
279763
280074
280115
280432
281043
281091
281291
281599
281727
282492
283174
283183
283351
283352
283365
283379
283435
283459
283464
283476
283491
285066
285608
285787
285789
286143
286202
286351
286402
286703
286725
286974
287000
287030
287108
287216
287656
287675
287677
287679
287831
288069
288462
288484
288614
288869
289465
289490
289509
289567
289669
290237
290773
290775
290839
290843
290844
290880
291036
291087
291553
291988
292140
292156
292270
292374
293087
293196
293676
293740
294235
294264
294311
294349
294521
294630
294737
294997
295042
295136
295152
295206
295280
295917
296086
296090
296097
296430
296776
297046
297069
297268
297336
297430
297569
298572
298703
298734
298832
298931
299118
299167
299349
299500
299528
299552
299813
299830
300141
300625
300782
301126
301698
301779
301799
302036
302054
302230
302231
303698
303802
304049
304947
306646
307956
307972
308118
308575
308799
309184
309190
309653
309835
309855
309923
309962
310526
310615
311988
312337
312518
312556
313758
313786
313818
313825
314037
314188
314239
314892
315807
316707
316862
316945
317280
317485
317496
317797
317909
318445
318687
318833
318974
319154
319191
319216
319621
319755
319831
319912
320005
320489
320498
320856
320880
321072
321663
322261
322303
322359
322975
323578
323602
323769
324590
325060
325881
325953
326118
326350
326478
326717
326718
326734
326736
326879
327225
327375
327525
327542
327870
328151
329116
329118
329128
329168
329185
329226
329250
329419
329431
329482
329609
330967
331038
331109
331279
331347
331385
331525
331691
331916
331970
332123
332176
332177
332186
333446
333634
333640
333759
334032
334059
334273
334679
334895
334903
335352
335560
335605
335705
335965
336085
336179
336259
336306
336326
336404
336460
336599
336733
336864
338175
338852
338932
339358
339364
339519
339552
339614
340172
340325
340422
340476
340738
341049
341089
341108
341441
341475
341501
341525
341620
341703
341845
341865
341881
341884
342319
342480
342534
343056
343133
343344
343608
344115
344252
344317
344378
344412
344464
345160
345821
345895
345911
346042
346107
346510
346594
346753
346786
346807
346849
348038
348044
348095
348372
348432
348456
348493
348505
348629
348678
348827
349260
349357
349495
349788
349856
350134
350183
351551
351788
351796
351841
351860
352477
352501
352619
352628
352771
353014
353093
353411
353862
354082
354376
354438
354761
355423
355424
355492
355558
355823
355926
355964
356269
356340
356390
356551
356571
357318
359115
359321
359533
359767
360219
360220
360435
360578
360891
361092
361201
361731
361760
361850
361889
362277
362295
362370
362404
364049
364309
364523
367639
368040
368082
368083
368109
368239
368410
368415
368630
368635
368640
368791
368919
368997
369051
369081
369561
370053
370124
370278
371638
380790
381046
381485
381716
381791
381825
381930
382139
382418
382523
382890
383143
383411
383572
383632
383644
383652
384791
385568
385687
385689
385852
386410
386426
386544
386891
387368
387582
388044
388106
388486
388870
389098
389116
389124
389324
389572
389703
390255
390421
391427
392109
392189
392384
392407
392418
393081
393162
393975
395006
395992
396298
396357
396442
396523
397263
397489
397503
400966
401565
401627
402076
402560
402571
402713
402812
402862
402926
403034
403093
403220
404764
404812
404828
405473
407156
407183
408112
408273
408903
408905
409052
409792
411848
414228
414231
414235
414306
414606
414607
416123
416545
416580
416601
417360
417603
418214
418312
418820
419109
419367
419567
419663
419976
419987
420057
420379
421026
422174
422998
424413
424509
424526
424930
426889
427637
428926
430290
430530
430926
431134
431183
431329
431494
433693
434114
434426
435252
435283
435457
435490
435742
435895
436077
436099
436383
436904
437336
437910
437920
438199
438308
438346
438708
439107
439121
439667
439684
439939
441319
442804
443044
443502
443890
443940
444184
444592
444610
444781
445486
445681
445873
446055
446195
446481
446543
446637
447289
447369
447417
447427
447818
447928
447998
448156
448406
448593
448793
448883
449164
449176
449547
449919
449927
449979
450205
450218
450550
451032
451033
451066
451526
451697
451777
452364
452484
452591
453770
454472
454548
454614
454704
454705
455367
455940
455987
456786
456848
456850
457463
457859
457985
458131
458270
458608
458705
459466
459771
460039
461522
462834
462974
463220
463443
463811
464102
464157
464638
464730
465423
466734
467519
468891
469128
469330
469358
469400
469458
470684
470733
470736
470825
471136
471424
472316
472317
472417
473215
473543
473633
473761
474162
474273
474489
474513
474686
475117
475496
475722
476706
476779
476826
477284
477412
479200
479421
482297
482337
482346
482444
482755
483365
484168
484325
484916
486837
487252
487510
487555
488369
488868
489841
490226
491494
491497
491587
491673
491964
492359
492450
492748
492890
493163
493428
494909
494938
497300
498086
498574
498647
498894
499397
499554
499591
499824
500117
500770
500909
501048
501072
501080
502978
503147
503547
503553
503614
503631
503794
505419
505493
505577
505822
505909
505920
506222
506231
506238
506687
507489
507559
507799
508378
510190
510285
510569
510631
510686
510895
510987
511034
511100
511310
511997
512237
512254
512458
512469
513055
513156
514092
515579
515887
516235
518067
518405
518580
518676
519812
519884
520143
521200
522359
522576
523090
523567
523581
523701
523805
523846
524046
524223
524251
526090
527891
528040
528889
528910
528950
528952
528998
529248
529531
529703
529895
530434
530530
530575
530796
530840
530993
531025
532192
532334
532456
532524
532802
532904
533782
536616
536700
537010
537621
537645
537667
539422
539481
539487
541836
541965
544999
545101
545532
546218
546260
546640
546799
547662
551774
551915
551932
551993
552138
552525
552789
554332
554423
554428
554431
554589
555208
557903
558470
558821
559245
559604
560803
560959
561596
561980
562108
562401
562726
562772
563166
563341
563420
565164
565340
565640
566163
566911
568020
568774
568778
568979
569765
570288
571536
571564
572976
573780
575207
575622
576126
576329
577567
578668
578883
579867
579971
580474
580899
581244
581614
581666
581769
582103
582375
582396
582510
582577
583133
583553
583897
584055
584299
584721
584928
585164
585515
586136
586206
586469
586676
586801
587325
587351
587384
587715
589092
589449
589849
590042
590346
590480
590493
590703
590878
591485
592053
592698
593408
594181
595261
595972
596400
596607
598390
599132
599258
599408
599411
599674
599908
600276
600319
600776
601023
601043
602010
602606
603811
605900
606454
606633
606884
608240
609021
609049
609053
609760
610423
610631
610695
610886
610926
610963
610983
611141
612109
612597
612708
612727
614598
614728
615895
616786
617022
617156
617449
618112
618471
618648
619288
621233
621409
622359
622876
624105
624191
625153
625615
625921
626214
626333
626378
626446
626822
627102
627333
628744
629722
629731
629913
630045
630634
630642
631056
631259
631420
632306
633908
633946
634164
634287
634297
634458
634918
635268
635967
636436
636477
637210
638036
639367
639809
639953
640290
640345
640914
641820
642113
643687
643783
644212
644435
644547
645154
646101
646137
646681
647871
648158
648421
648770
649104
650596
651118
652397
652514
652838
653721
653866
653882
654458
654770
654796
654971
655517
656975
657033
657575
658318
658551
660040
660132
661894
662019
662294
662603
664364
664375
664726
665496
665902
666180
666363
667537
667767
669231
670420
670643
670860
671396
673836
674237
674239
675876
676692
676876
677227
677714
678336
678966
679992
680280
680638
681165
682745
684049
685167
687439
689964
693366
694144
694887
696921
697916
697968
698545
698550
699252
700673
700892
701029
702101
702437
705004
706088
706236
711964
712961
714235
714426
715281
715410
716510
716636
716836
717184
717540
718537
719267
719834
722831
723228
725308
736604
737640
738945
744159
744956
746457
749578
750785
750829
751364
752095
753157
754242
758727
762521
764098
767176
767629
768771
770781
771023
772763
773241
773778
775405
776327
776509
777460
777603
778506
779645
780071
781262
781543
781841
783651
785443
787496
787593
787837
788164
788323
788360
788457
788562
789740
789805
790847
794299
794601
794661
796543
797596
804196
806822
807615
807982
808452
816954
818179
819558
820183
821976
822335
822392
824095
826128
827893
828432
828565
829609
831066
832468
834292
835984
836530
836662
837739
837825
839795
841551
841780
841890
841940
842178
843289
844878
847347
848693
849021
849782
852083
852488
852507
853164
853273
853674
853706
853886
854525
854711
860595
861975
865004
865156
865277
865467
867101
867935
870821
872243
874007
877240
879593
879730
881610
882568
883411
883893
887003
887194
889613
890174
890951
891885
891897
892199
893462
893867
895816
896165
896208
904280
904680
906135
908237
909954
911881
914771
918482
918787
919540
919587
920136
921961
922189
924426
925425
929518
931858
932549
937381
939654
943639
944373
944807
946268
946877
947275
949167
949340
949464
949525
952079
952413
952970
960683
960989
963115
965614
968612
972081
972893
973233
979599
980210
982009
982565
983040
984559
984584
985834
988823
989995
991382
992133
993539
994406
1001360
1001470
1002036
1006313
1006343
1007805
1009780
1009797
1010492
1019848
1019853
1020203
1020912
1023114
1023455
1024021
1027955
1031201
1032569
1036482
1036970
1038790
1039103
1039219
1039604
1039680
1040521
1041614
1042493
1042594
1045982
1045996
1046283
1047840
1051377
1053620
1054133
1054700
1056655
1057013
1057852
1063686
1065278
1067002
1070502
1070906
1076175
1077265
1083259
1085043
1086529
1086741
1089163
1090896
1094676
1097360
1097654
1099143
1102537
1103343
1104040
1104401
1104578
1107231
1109384
1109685
1113362
1116747
1117195
1117661
1118736
1118953
1119064
1121587
1121898
1122006
1124034
1124532
1124607
1127200
1130924
1131807
1132055
1132756
1133005
1133112
1133362
1134762
114
331
435
456
535
652
737
810
847
938
1010
1068
1145
1198
1238
1569
1647
1793
1839
1850
1874
1944
1958
2032
2036
2055
2068
2090
2168
2191
2448
2464
2576
2681
2708
2717
2821
2919
2950
3020
3045
3064
3073
3086
3100
3279
3348
3432
3472
3567
3582
3611
3629
3653
3932
3941
3960
3973
3983
3998
4053
4175
4203
4258
4284
4300
4306
4347
4443
4449
4540
4617
4646
4691
4715
4746
4785
4788
4830
4903
4925
5926
5929
6010
6095
6711
6769
6826
6867
6869
6872
6888
6939
7004
7010
7025
7052
7074
7234
7247
7253
7549
7577
7601
7611
7650
7681
7691
7747
7796
7799
7801
7941
7971
7974
8004
8034
8114
8185
8263
8369
8972
9043
9054
9104
9238
9296
9321
9336
9540
9580
9715
9789
9941
9953
9956
9975
9980
10105
10127
10137
10151
10392
10468
10493
10544
10843
10990
11296
11379
11453
11616
12120
12416
12527
13012
13013
13056
13100
13112
13204
13245
13295
13342
13483
13737
13751
13890
13926
13987
14041
14150
14234
14323
14730
16610
16630
16669
16700
16756
16762
16763
16778
16793
16898
16946
16954
17138
17352
17595
17646
17657
17674
17680
17717
17718
17742
17765
17847
17849
17891
17908
18126
18246
18312
18313
18339
18401
18549
18555
18558
18836
18912
19002
19035
19047
19314
19340
19404
19411
19447
19458
19460
19473
19484
19494
19577
19699
19782
19852
19933
19945
19981
20063
20086
20129
20154
20169
20192
20205
20207
20380
20387
20398
20418
20433
20475
20726
20727
20747
20787
20831
20871
20951
21015
21137
21147
21194
21216
21224
21288
21319
21430
21444
21472
21486
21570
21760
21853
21854
21955
22030
22057
22185
22195
22206
22222
22278
22342
22440
22526
22696
22746
22805
22814
22826
23003
23005
23023
23061
23085
23105
23140
23142
23172
23322
23355
23363
23389
23462
23530
23632
23691
23760
23806
23836
23879
24012
24014
24019
24086
24344
24366
24413
24427
24450
24480
24522
24651
24690
24715
24731
24811
24823
24850
25312
25319
25532
25548
25594
25606
25615
25747
25754
25828
25846
25873
26003
26042
26119
26126
26144
26180
26219
26258
26274
26366
26597
26665
26752
26814
26851
26972
27015
27156
27157
27183
27186
27221
27257
27294
27345
27349
27363
27486
27542
27589
27622
27629
27668
27720
27727
27737
27755
27777
27794
28048
28105
28192
28286
28294
28395
28404
28419
28428
28492
28577
28587
28651
28715
28807
28973
29223
29235
29360
29671
29676
29852
29908
29948
30315
30477
30643
30709
30726
30801
30812
30853
30905
30918
30926
30956
30988
31079
31107
31110
31122
31134
31160
31333
31399
31615
31709
31741
31753
32025
32143
32155
32204
32222
32289
32295
32304
32653
32696
32817
33008
33091
33448
33707
33809
33906
34000
34319
34444
34718
34882
35022
35187
35416
35430
35432
35626
36146
36417
36468
36529
36696
36803
36815
36835
36867
36934
36964
37109
37136
37181
37523
37589
37783
37793
37858
38036
38048
38130
38255
38474
38823
38850
38903
38927
39087
39174
39260
39734
39790
39942
39964
40079
40134
40137
40158
40341
40433
40564
40614
40649
41079
41092
41241
41538
41617
41773
42461
42594
42802
42811
42839
42861
42926
42944
42959
43026
43085
43121
43161
43180
43194
43200
43397
43483
43615
43651
43652
43840
43902
43948
44269
44270
44317
44433
44518
44534
44741
44780
44934
44944
44996
45174
45178
45482
45620
45638
45645
45693
45742
45939
45969
46021
46030
46135
46185
46306
46613
46614
46701
46776
46869
47062
47137
47177
47369
47634
47638
47644
47691
47707
47729
47770
47802
47822
48115
48132
48566
48654
49291
49386
49405
49469
49472
49487
49516
49633
49778
49943
50043
50102
50274
50308
50473
50677
50705
50710
50740
50751
50941
50984
51153
51181
51449
51571
51612
51734
52144
52294
52598
52739
52761
52980
52998
53125
53296
53299
53351
53353
53422
53452
53513
53787
54411
54650
54801
55238
55375
55456
55739
55820
56440
57931
58175
58230
58236
58385
58438
58498
58513
58652
58655
58942
59114
59131
59156
59170
59186
59260
59455
59582
59636
59661
59704
60048
60159
60572
60609
60706
60939
60954
61051
61226
61253
61332
61465
61510
61524
61592
61713
61719
61897
62228
62478
62609
62681
62716
62738
62807
62820
62822
62836
62910
62942
62953
63101
63145
63283
63613
63798
63869
64067
64095
64103
64165
64227
64243
64271
64450
64455
64506
64521
64635
64651
64654
64748
64781
64783
64866
64869
65041
65061
65345
65361
65494
65560
66366
66445
66516
66565
66656
66675
66711
66732
66740
67224
67392
67450
67602
67712
67739
67814
68015
68162
68408
68505
68542
68798
68822
68864
68901
68956
69019
69289
69461
69680
69702
69945
69988
70171
70181
70257
70274
70316
70329
70332
70427
70481
70498
70499
70528
70636
70679
70864
70871
70877
70918
70980
71100
71220
71262
71284
71354
71381
71467
71508
71569
71636
71763
71775
71814
71851
71862
71887
71914
71925
71931
71966
71988
71989
72131
72201
72218
72329
72428
72548
73613
73626
73633
73779
73942
74018
74403
74674
74739
74747
74778
74802
74939
75003
75038
75067
75131
75148
75199
75261
75313
75418
75508
75520
75715
75716
75727
75857
75910
75980
76043
76056
76073
76090
76185
76296
76303
76537
76618
76727
76998
77024
77162
77193
77242
77580
77675
78485
78562
78652
78804
78810
78962
78965
78989
79152
79364
79426
79532
79731
80014
80899
81271
81389
81453
81716
81746
81759
81836
81859
81957
82528
82598
82612
82782
82822
82947
83031
83182
83189
83229
83467
83480
83621
83691
83905
83912
84024
84076
84250
84307
84592
84663
85195
85201
85346
85508
85618
85933
86185
86422
86504
86638
86848
86925
87209
87210
87298
87799
87937
87953
88471
88676
88685
88746
88844
88998
89021
89093
89175
89694
89713
90335
90991
91024
91239
91265
91269
91313
91317
91321
91421
91474
91656
91792
91849
91885
91895
91901
91924
91957
92039
92095
92122
92156
92253
92277
92319
92388
92403
92472
92537
92582
92586
92650
92706
92722
92723
92746
92805
92934
92962
92983
93031
93075
93203
93649
93829
93863
93982
94202
94250
94512
94514
94583
94587
94633
94655
94686
94729
94779
94798
94804
94855
94859
94878
94911
94981
95045
95166
95174
95224
95285
95292
95343
95428
95432
95435
95488
95489
95507
95544
95559
95562
95573
95635
95703
95705
95752
95846
95892
95898
95902
95907
96127
96168
96181
96310
96380
96423
96425
96433
96447
96491
96495
96497
96516
96519
96568
96599
96604
96609
96694
96805
96898
96900
96918
96927
97113
97114
97234
97310
97479
97641
97877
97937
98158
98316
98605
99198
99322
99339
99344
99767
99921
99970
99987
100048
100095
100103
100138
100143
100155
100167
100238
100242
100287
100306
100336
100678
100784
100914
100928
101026
101238
101397
101422
101611
101637
101683
101695
101726
101748
101752
101754
101758
101764
101770
101821
101901
101907
101930
101978
101986
101987
102034
102050
102111
102154
102218
102229
102302
102303
102355
102503
102567
102590
102630
102641
102754
102783
102844
102908
102945
102947
102961
103030
103075
103157
103197
103268
103287
103313
103341
103348
103556
103558
103588
103612
103726
103735
103866
103893
104065
104145
104193
104204
104228
104255
104468
104576
104592
104755
104786
104982
105052
105068
105100
105193
105207
105223
105346
105696
105776
105879
105915
105997
106060
106083
106314
106538
106640
106702
108563
108574
108759
108772
109126
109167
109205
109224
109230
109555
109715
109912
109940
110099
110614
110652
110719
110755
110778
110783
110789
111158
111479
112153
112499
112581
112953
113506
113850
113977
113997
114158
114488
114552
114608
115096
115105
115263
115347
115350
115352
115402
115562
115597
115600
115686
116005
116951
117247
117342
117402
117441
117462
117476
117628
117669
117815
117831
118054
118182
118285
118286
118355
118366
118538
118547
118636
118648
118656
118664
119061
119097
119106
119173
119232
119236
119378
119682
119828
119986
120086
120220
120385
120392
120411
120424
120447
120480
120506
120517
120547
120601
120833
120914
121026
121136
121214
121231
121238
121241
121263
121360
121449
121467
121561
121610
121631
121638
121647
121650
121696
121714
121815
121890
121901
121941
121960
122210
122219
122332
122464
122473
122581
122630
122767
123069
123079
123088
123163
123206
123214
123218
123330
123331
123576
123727
123774
123869
124140
124448
124455
124545
124637
124871
124879
124959
125119
125190
125254
125853
125947
126056
126117
126224
126741
127324
127389
127404
127408
127699
127740
128101
128114
128129
128155
128176
128553
128614
128682
128696
128750
128859
129072
129645
129829
129936
130069
130216
130223
130890
130955
130986
131000
131042
131111
131196
131367
131398
131422
131436
131445
131464
131496
131582
131933
131981
132347
132451
132643
132921
133036
133304
133622
133637
133762
134198
134241
134244
134258
134265
134271
134333
134657
134666
134792
134818
134888
135031
135075
135189
135197
135246
135247
135249
135256
135329
135711
135740
135841
135844
135889
136008
136371
136403
136406
136450
136591
136617
136644
136675
136791
136962
137115
137403
137446
137530
137577
137612
137658
137675
138208
138271
138319
138902
138931
138995
139048
139109
139172
139208
139247
139286
139359
139456
139605
139615
139657
139675
139804
139935
140060
140080
140170
140382
140435
140599
140931
140947
141077
141259
141285
141334
141374
141478
141521
141550
141636
141639
141735
141822
141882
141931
142266
142753
143081
143290
143318
143355
143532
143737
143743
143747
143798
143967
144014
144166
144541
144554
144598
144609
144702
144737
144762
144930
144948
144951
144986
145005
145025
145138
145139
145147
145178
145219
145310
145346
145370
145374
145427
145482
145483
145509
145517
145532
145899
146271
146274
146313
146483
146697
146719
146741
146794
146797
146811
146816
146923
147015
147082
147093
147112
147126
147165
147234
147340
147385
147386
147499
147666
147698
147717
147727
147771
147932
148028
148050
148093
148112
148135
148171
148173
148217
148339
148352
148393
148583
148669
148874
148885
148891
149214
149220
149284
149381
149525
149891
149980
149992
149994
150012
150040
150046
150073
150087
150269
150306
150672
150718
150762
150847
150996
151064
151099
151128
151184
151285
151326
151481
151516
151525
151554
151631
151772
151805
151829
151899
151974
152137
152268
152569
152610
152628
152764
152925
153062
153106
153133
153141
153368
153437
153484
153550
153748
153762
153782
153798
153908
153922
154010
154040
154045
154152
154202
154266
154275
154513
154797
154865
155024
155179
155253
155269
155374
155475
155504
155510
155640
155647
155698
155769
155785
156110
156157
156178
156185
156532
156605
156610
156621
156622
156642
156657
156709
156785
156798
156831
156833
156889
156908
156965
157024
157030
157032
157047
157072
157073
157106
157131
157134
157140
157193
157230
157313
157437
157443
157445
157465
157498
157777
157795
158125
158241
158298
158500
158559
158649
158677
158678
158937
159063
159203
159308
159421
159451
159515
159595
159598
159638
159645
159668
159702
159716
159821
159887
159993
160164
160228
160342
160473
160546
160555
160723
160899
160901
160958
160993
161008
161271
161422
161474
161555
161580
161602
161892
162058
162092
162252
162307
162358
162360
162368
162380
162388
162701
162750
163052
163366
163473
163526
163564
163647
163675
163731
163738
163741
163742
163772
163777
163816
163936
163973
164118
164122
164139
164301
164361
164511
164590
164676
165131
165301
165430
166105
166407
167639
170059
170155
170204
170249
170881
171238
171377
171400
171502
171634
172228
172612
172654
172898
173119
173151
173670
174057
174110
174121
174131
174208
174215
174356
174396
174802
174921
174999
175075
175164
175193
175374
175924
176029
177046
177327
177518
177639
177932
177945
177997
178440
178600
179595
179656
179663
179696
179814
179966
179997
180029
180030
180088
180096
180163
180194
180210
180214
180217
180284
180386
180511
180549
180599
180706
180879
180988
181080
181513
183873
183877
184035
184805
184811
185179
185787
185791
185883
185900
185939
185952
185969
186018
186030
186629
186911
186917
187236
187243
187283
187487
187514
187539
188009
188017
188289
188290
188364
188380
188397
188400
188434
188436
188751
188901
189057
189305
189311
189686
189817
190417
190493
190494
190535
190614
190629
190640
190702
190703
190772
190869
190909
190910
190915
191399
191466
191495
191503
191594
191880
191955
192004
192038
192132
192202
192640
193251
193861
193918
193944
194022
194027
194035
194041
194085
194986
195025
195209
195401
195407
195433
195465
195538
195586
195598
195661
195784
196050
196234
196392
196855
197002
197456
197797
197827
198039
198295
198894
198920
199043
199075
199106
199123
199411
199481
199769
199782
199965
200124
200189
200230
200406
200614
200982
201208
201325
201326
201552
201587
202420
202483
202824
203134
203210
203222
204645
205619
205652
205762
206440
206775
206865
207199
207465
207516
207637
207749
207834
208078
208133
208469
208760
208789
208795
208818
209110
209134
209200
209332
209712
209727
209997
210014
210063
210089
210145
210148
210313
210471
210481
210561
210723
210810
211199
211286
211676
212231
214229
214264
215926
216385
216767
216833
216982
216994
217120
217382
217396
217467
217771
218032
218085
218137
218154
218332
218389
218575
218637
218655
218935
218979
218991
219027
219339
219361
219483
219484
219532
219536
219972
220001
220207
220390
220396
220436
220442
220610
221181
221239
221461
221533
221628
221650
221694
221725
221740
222085
222086
222148
222288
222366
222481
222547
222618
222720
222754
222932
223003
223954
223968
224347
224491
224503
225036
225412
225729
225738
226036
226855
226953
226963
227135
227235
227482
227664
227707
227728
227877
227954
228030
228463
228953
229183
229201
229392
229589
229623
229640
229817
229819
229825
229980
230198
230243
230257
230637
230677
230782
230934
231103
231995
232312
232534
232698
232905
233010
233141
233334
233350
233426
235492
235594
235613
235999
236083
236255
236285
236441
236639
236678
236815
236826
236848
236951
236958
237009
237308
237361
237407
237514
237646
237652
237708
237746
237854
237867
238001
238200
238410
238418
238431
238470
238916
239004
239150
239449
239621
239625
240260
240269
240313
240384
240394
240405
240424
240447
240482
240559
240572
240897
240903
241026
241035
241199
241472
241481
241975
241991
241992
242012
242016
242019
242036
242116
242131
242163
242172
242184
242246
242278
242304
242556
242845
242854
243207
243261
243362
243466
243610
243711
243750
243766
244052
244143
244186
244209
244365
244473
244521
244656
244750
244915
244988
245097
245255
245482
245542
245554
245769
245800
245854
246100
246110
246282
246323
246336
246355
246374
246494
246509
246591
246593
246629
246698
246789
247219
247264
247389
247634
247728
247808
247831
247957
247966
248209
248606
249075
249233
249291
249533
249555
250072
250421
250719
250728
250790
250949
251370
251513
251517
251532
251599
251777
251910
251967
252149
252628
252687
252786
252891
252913
252935
253065
253180
253273
253555
253664
253669
253711
253953
254015
254050
254134
254404
254488
254960
254981
254995
254998
255245
255300
255309
255353
255376
255769
255949
256093
256189
256199
256311
256420
256796
257066
257077
257399
257485
257652
257912
257946
258095
258365
258385
258472
258695
258827
258989
258999
259172
259184
259206
259242
259337
259372
259415
259418
259426
259481
259539
259652
259713
260024
260084
260178
260228
260316
260414
260428
260433
260461
260653
260709
260729
260871
260938
260969
260987
261010
261200
261449
261503
261521
261576
261612
261636
261687
261826
262008
262123
262140
262193
262211
262486
262590
262763
262766
262817
262847
262917
263150
263160
263213
263264
263267
263309
263314
263504
263573
263814
263831
263864
263900
263992
264162
264243
264250
264437
264520
264538
264643
264667
264789
265116
265245
265268
265350
265366
265393
265403
265451
265477
265632
265907
265922
266024
266082
266222
266347
267034
267104
267133
267185
267434
267487
267508
267566
267624
267639
267749
267928
268192
268457
268521
268578
268634
268771
268785
268892
269063
269072
269097
269163
269239
269305
269364
269471
269480
269583
269645
269804
269845
269940
270014
270102
270123
270152
270171
270225
270245
270460
270852
270942
271046
271104
271444
271466
271647
271834
271847
271877
272602
272645
272651
272693
272770
272788
272814
272907
272908
273421
273429
273530
273553
273593
273756
273797
273924
274041
274149
274219
274316
274368
274600
274829
274947
275294
275325
275582
275597
275613
275660
275689
275740
275769
275915
276003
276131
276160
276335
276463
276486
276818
276966
277006
277023
277040
277063
277260
277265
277323
277378
277614
278530
278599
279041
279044
279059
279082
279171
279277
279777
280368
280658
280659
280712
281097
281122
281130
281237
281397
281411
282004
282228
282445
283047
283271
283316
283430
283529
283536
283607
283691
284317
284377
285037
285048
285126
285166
285233
285428
285482
285741
285869
286041
286092
286229
286262
286453
286628
286841
286887
286993
287081
287095
287102
287122
287258
287461
287501
287591
287660
287708
287765
288120
288554
288874
288885
289502
289581
289734
289764
289765
289877
289947
289962
289965
290120
290234
290563
290623
291138
291250
291272
291288
291562
291848
291906
291942
292024
292137
292490
292806
292966
293362
293395
293405
293702
293848
294010
294236
294616
294636
295059
295137
295140
295189
295529
296005
296286
296378
296946
297317
297351
297560
297711
297888
298001
298143
298266
298620
298639
298785
298801
298880
299142
299371
299419
299451
299466
299530
299587
299708
299766
299769
300147
300199
300216
300579
300603
300669
300741
300795
301296
301387
301416
301822
301898
301907
302218
302242
302401
302748
303405
303574
303621
304183
304573
304809
304973
306634
306689
307000
307550
307994
308064
308424
308704
309129
309271
309791
309792
310015
310283
310480
310596
310912
311041
312244
312513
312562
313583
313806
313865
314042
314154
314876
315565
315915
317080
317095
317123
317436
317535
317659
317757
317777
318410
318622
318633
319164
319251
319321
319407
319413
319638
319644
319703
319717
319865
319935
319983
319992
320117
320370
320870
321011
321148
321164
321169
321309
321322
323006
323061
324328
325116
325349
325789
325805
326055
326120
326190
326285
326328
326482
326554
326607
327070
327098
327102
327779
327795
327801
327809
327966
328200
328323
328387
328516
329235
329302
329361
329538
329613
329915
330915
330956
330965
330970
331056
331112
331122
331147
331194
331346
331361
331436
331489
331508
331568
331598
331811
331835
332044
332066
332194
334016
334047
334073
334095
334109
334122
334151
334153
334235
334271
334335
334555
334604
334606
334665
334719
334741
335005
335858
335979
336250
336691
336753
336832
336867
336934
336985
337067
338267
338670
338844
339432
339518
339563
339971
340096
340104
340141
340573
340606
340782
340806
340968
340972
341027
341046
341179
341246
341576
341699
341706
341835
341912
341977
342652
342677
342961
343040
343177
343257
343404
344215
344320
344507
344534
344610
344629
344733
344823
344949
345158
345619
345805
345829
345864
345875
346101
346155
346169
346237
346717
346720
346771
347028
347098
347398
347568
347744
347800
348189
348227
348241
348253
348406
348543
348652
348659
348692
348799
348829
348849
349066
349214
349326
349387
349631
349772
349809
349889
350184
351157
351172
351414
351424
351557
351622
351858
351892
351980
352079
352190
352229
352719
352885
353025
353543
353571
353649
353732
353748
354097
354100
354199
354970
355239
355303
355327
355459
355502
355557
355735
356007
356064
356431
356808
357010
357157
357188
357243
357305
357378
357437
357482
357507
357629
359068
359534
359580
359589
359646
359671
359721
359798
360196
360205
360209
360265
360598
360742
360776
361025
361049
361193
361382
361513
361566
361574
361736
361772
361809
361821
361924
362085
362293
362673
363419
363546
363552
363576
364130
364139
364297
364381
364419
364461
364568
364646
364650
364667
367703
367862
367990
368208
368275
368433
368478
368623
368634
368685
368731
368852
368954
369171
369224
369316
369575
370021
370196
370214
370308
373005
380633
381078
381170
381317
381327
381392
381671
381724
381752
381934
381952
382004
382200
382388
382668
382793
382986
383087
383765
384283
384573
384579
384923
385806
385877
386593
386853
386893
386954
387501
387506
387946
388001
388188
388303
388309
388450
388807
389131
389293
389317
389333
389562
389916
389943
390032
390132
390222
390578
391607
391762
391917
392114
392155
392374
393153
393165
393201
393278
393542
393551
393585
393685
394099
394405
394439
394949
394992
395206
395248
395347
395541
395607
396127
396440
396535
396613
396859
397559
398126
398311
398314
398325
398548
398602
398609
398663
398919
399044
400394
400889
400963
401089
401157
401906
402113
402556
402576
403067
403105
403368
406191
406704
406967
407139
408026
408046
410707
410767
411719
414125
414290
414503
416134
416679
417002
417031
417033
417130
417145
417528
417558
418052
418096
418428
418466
418487
418562
418778
418802
418903
418917
419051
419112
419455
419764
419816
419837
420071
420667
422030
422048
423506
423519
423548
423677
424530
424539
424692
424758
424793
425152
426470
426876
427636
427654
428140
429598
430146
430190
430314
430425
430587
431351
431729
432449
432560
433304
433377
433512
433722
433879
434205
434693
434699
434814
434971
435041
435149
435217
435269
435271
435431
435463
435563
435643
435829
435959
435993
436095
436671
436732
437323
437488
438237
438341
439080
439096
439826
440651
441266
442934
443276
443662
443846
443847
443889
444490
444498
444520
444722
445595
445959
446066
446070
446113
446188
446203
446291
446505
446583
446588
446688
446784
446803
446842
447136
447139
447288
447367
447574
447634
447753
448203
448435
448473
448515
448592
448855
449032
449104
449192
449205
449240
449283
449474
449639
449879
449977
450210
450227
450367
450435
450828
450939
450975
451520
451657
451746
451863
452223
452286
452369
452434
452833
453221
453234
453614
453741
453765
453766
453798
453804
453917
453993
455272
455362
455403
455486
456016
456443
456576
456699
456716
456853
456890
457487
457598
457693
457762
457874
457994
458047
458145
458549
458574
458602
458676
459139
459260
459707
459956
460010
460166
460226
461041
462273
462352
462483
462982
463147
463500
463756
463790
463912
464075
464218
464299
464370
464426
464642
464644
464716
464823
465006
465033
465084
465597
465899
466137
467864
468105
468115
468244
468284
468294
468316
468726
469017
469663
470422
470605
470640
470836
471454
471499
471507
471534
471736
472024
472212
472248
472353
472435
472444
472678
472961
473066
473331
473646
474087
474534
474668
474694
474911
475745
475916
476087
476107
476116
476253
476600
476655
476704
476758
476855
477219
477242
477305
477524
477598
477711
477860
478432
478949
479029
479142
479215
482013
482282
482839
483086
483115
484034
484865
485138
485572
486904
487773
487937
488444
489079
489186
489635
489861
490439
490445
490459
490496
490611
490684
492221
492579
492620
492854
493004
493059
493331
493341
493482
493527
493569
493578
493799
493855
494167
494554
494562
494704
494898
494920
495912
496377
496462
496643
496699
496769
496912
496982
496994
497362
497712
498107
498133
498252
498437
498561
498573
498683
498787
499002
499066
499328
499535
499937
500128
500151
500183
500466
500546
502853
502931
503018
503346
503363
503604
503610
503802
504130
505150
505648
505699
505995
506171
506536
506679
506981
507050
507885
508820
510572
511121
511920
512105
512210
512450
513092
513103
513508
513810
516614
517597
517722
517743
518254
518413
518653
519728
520200
520213
521203
521257
521266
521283
521496
521607
521858
522171
523298
523471
523679
523716
523797
524018
524027
524435
525208
528046
528461
528490
528587
528685
528752
529225
529293
529395
529573
529699
529735
530915
531125
531223
531389
531490
531543
531714
531848
531907
532384
532560
532629
533042
533207
533304
533310
533314
533831
535493
536645
536918
537159
537424
537563
537950
537959
538366
538584
538668
538837
539397
539431
539707
539730
539768
540384
541380
541396
541434
542260
542741
542895
543141
543443
543477
543735
544612
544640
544781
544969
545241
546627
546842
547652
548316
548501
549377
549840
549980
550015
550668
551370
551798
552050
552315
552628
552814
552977
553139
554928
555285
555498
555760
556310
556315
556677
556917
558743
559095
560241
560950
561632
562573
562843
563218
563292
564553
565580
565845
566032
566491
566899
567294
568611
568619
568960
569147
569275
569500
569583
569783
570034
570049
570175
570328
570507
570756
570909
571128
571354
572057
572405
572665
573064
573622
573759
573804
574139
574329
574373
574709
574711
575182
575187
575301
575448
575616
575868
576212
576215
576281
576289
576340
576351
577359
577778
577808
577835
578123
578714
579034
579107
579563
579839
579847
580067
580225
580557
580594
580860
581377
581452
581948
583075
583211
583302
584408
584632
584958
585005
585079
585294
585347
586019
586036
586123
586791
587210
587357
587405
587418
587636
587637
587742
587746
587865
588082
588180
588286
588507
588631
588640
588719
588815
589416
589442
589487
589785
590278
590574
590701
591143
591684
591807
591847
592247
592736
593376
593464
593876
594106
594561
596342
597145
597907
598303
598348
598356
598361
598710
599311
599339
599356
599707
599764
600258
600729
600922
601261
601735
602094
602383
603034
603082
604953
606293
606324
606389
606480
606586
606694
606794
606804
606825
606862
606994
607027
607343
607670
608012
608082
608180
608531
609134
609200
609558
609764
610063
610490
610936
611034
611159
611588
611764
611961
612125
612894
613308
613343
613471
613582
613683
614621
615073
615262
616620
617155
617169
617259
617591
617673
617962
618110
621271
622167
622348
622349
623223
623283
623404
623651
623653
624126
624232
624555
625347
625399
626005
626092
626127
626732
626781
627014
627078
627095
627490
627988
628023
628088
629447
629495
629947
630051
630440
631306
631734
632618
632750
632768
634366
634598
634821
635037
635058
635060
635331
635531
635838
635847
636298
636353
636612
636883
637144
637172
637359
638028
639547
640625
640718
640966
641064
641177
641281
641447
641848
641897
641927
642368
642759
642760
643484
643548
643688
644322
645114
645503
645712
645717
646128
646201
646288
646848
646986
647837
648339
648466
648730
650452
650630
650883
651092
651333
651411
651468
652493
652634
653586
654423
655292
655562
655806
657077
657207
657677
658007
658512
658721
658777
658875
659683
660677
660972
661339
661887
662325
662456
662864
662979
663747
663768
663830
664271
664345
664389
664809
664812
666120
666188
666215
666230
666240
666359
666384
667236
667330
667480
668300
669224
669479
669642
670580
671492
671998
672651
673420
673794
673970
674240
675493
676066
676363
677903
677935
678065
679258
679410
680252
680868
681038
681395
681750
682128
682138
683070
683275
683362
684525
685156
685721
688440
688861
689597
689764
690570
692224
692923
694208
694254
695046
695197
695230
695282
695420
697723
698220
700187
700674
700889
702739
704633
705531
705986
708749
709922
710743
711302
711385
711708
715570
715573
716357
718643
718674
719254
719352
719759
721625
722030
722724
723266
723387
723410
723660
725179
725427
726567
726917
727179
728034
728545
728634
728991
729067
729556
729678
730068
730237
730297
730298
731353
731519
731633
733685
733761
733796
735176
735519
735596
736578
736610
736678
738047
738925
739707
739975
740225
740291
742589
742747
742819
742954
743166
744162
744371
744420
745431
746446
749144
750438
751410
751588
752063
758204
758251
758684
758846
758867
759466
761586
763392
763700
764850
767030
767051
767436
767608
768795
768796
768972
769656
769786
769791
769940
770250
770445
770873
770879
771531
771724
772233
772483
772732
772884
773058
773812
775450
775562
776744
777253
777686
778396
779230
779398
780654
781783
781821
783442
783629
785356
786026
787938
788130
788350
789507
790133
790143
790290
790913
791207
792449
792701
793906
794605
796328
800988
802412
802834
805504
806807
807830
808178
810821
811645
814266
814284
815525
815647
817267
819131
819400
819713
820296
820678
822226
822889
824471
826426
827294
827576
827583
828724
831114
831334
831502
831745
832620
834338
836191
836533
836646
836682
836987
838453
838578
838602
840307
840384
841727
842059
842212
842471
843585
843637
843855
843908
845614
848586
848898
850122
850244
851009
852025
853013
854366
855030
855509
855593
855928
856199
856632
856644
856695
856910
857445
857799
858283
859079
860609
861178
861326
862395
862994
863888
864557
865039
865354
865768
865818
866191
867430
867446
867908
868149
868313
868382
869271
869988
870736
871430
871513
871939
871941
872159
872444
872674
873329
873749
876874
877089
877091
877102
877112
877507
878009
878438
878804
879670
880084
881524
881664
882539
883241
885107
885301
885332
885712
888610
890897
891985
893174
893374
893450
893515
893556
894396
894527
894535
894661
895069
897133
897963
898844
899965
900666
901910
902449
903620
903770
904049
904366
905869
906696
907671
907884
908319
908331
911114
911939
912204
913181
914221
914592
914879
915878
916263
917253
917338
917363
917634
918132
920065
920760
920799
921741
923066
926684
928315
929217
929478
930675
933525
937551
938285
938594
939867
939902
940460
940578
942315
943161
943725
944476
945180
945533
946098
947150
948058
948153
948519
948848
950419
950771
950954
951780
952541
953829
954397
954911
956929
957274
959040
959199
961427
962624
962876
964554
965168
966731
966987
966996
969281
969368
969918
970051
972497
972643
972857
973248
974167
975467
975616
978000
978589
978726
979291
979313
979980
981142
981647
981757
983050
983653
984823
985324
987223
988216
988357
988538
994004
994570
994625
997458
997619
997901
998622
1000066
1000545
1001130
1006276
1006564
1007450
1007747
1007875
1008058
1008706
1008737
1009264
1009399
1009422
1009495
1009536
1010709
1011214
1012845
1016334
1016794
1016888
1017449
1019628
1021388
1021910
1022595
1023096
1024488
1024920
1025216
1028377
1029282
1029808
1030924
1035414
1035800
1035813
1036829
1037168
1039288
1040399
1042006
1042154
1042529
1045112
1047077
1048531
1048781
1048872
1049322
1050453
1051529
1051906
1052253
1054897
1057051
1059553
1059636
1061358
1062184
1062515
1063111
1065000
1066488
1067111
1069821
1070832
1071696
1072583
1073640
1075381
1078307
1078690
1081076
1081864
1082475
1083578
1083695
1084990
1085657
1088436
1090712
1092586
1094050
1094839
1097566
1097759
1097859
1100417
1101212
1102173
1103872
1106787
1107581
1108460
1111223
1111821
1112102
1112429
1114736
1115747
1116365
1117185
1117984
1118306
1118489
1118946
1120919
1121230
1121257
1121341
1121677
1124846
1127280
1127383
1128565
1129492
1130690
1132319
290
483
690
718
727
774
778
846
978
1009
1011
1029
1051
1207
1275
1396
1435
1437
1498
1574
1677
1856
1862
1989
2014
2092
2128
2130
2135
2183
2290
2407
2896
2925
3159
3172
3251
3382
3583
3600
3608
3668
3708
3736
3741
3850
3986
4023
4029
4044
4056
4057
4080
4156
4170
4182
4197
4216
4250
4395
4405
4418
4424
4455
4483
4501
4593
4656
4705
4726
4765
4928
4948
4981
5013
5092
5132
5674
5774
5810
5942
5979
6004
6031
6050
6082
6201
6214
6242
6261
6349
6390
6421
6480
6632
6801
6893
6904
6921
6926
6948
7046
7057
7072
7086
7184
7210
7263
7270
7296
7508
7547
7610
7676
7725
7735
7813
7865
7898
7919
7929
8010
8269
8392
8544
9040
9044
9046
9119
9120
9191
9206
9257
9356
9407
9435
9485
9550
9752
9771
9806
9830
9906
10147
10148
10179
10224
10238
10428
10444
10482
10514
10702
10732
10763
10768
10835
10859
10875
10895
10950
11064
11104
11247
11285
11459
11496
11519
11608
11669
11703
11762
11860
12048
12129
12159
12167
12239
12427
12605
12606
12627
12647
12776
12840
12970
13073
13169
13192
13195
13222
13235
13242
13256
13258
13273
13281
13291
13321
13377
13438
13477
13595
13626
13712
14047
14073
14352
14419
15302
15691
16739
16775
16785
16816
16818
16941
16960
17017
17062
17075
17103
17139
17149
17161
17170
17201
17259
17268
17465
17540
17546
17603
17622
17666
17702
17719
17733
17837
17872
17892
17915
17946
17956
18009
18015
18026
18034
18049
18165
18266
18354
18397
18468
18485
18504
18509
18614
18764
18795
18821
18823
18905
18927
18933
18962
19106
19227
19254
19323
19338
19358
19374
19402
19421
19482
19578
19613
19783
19878
19908
19928
19984
20009
20011
20059
20062
20117
20130
20145
20150
20176
20206
20254
20270
20297
20371
20468
20515
20622
20662
20744
20793
20866
20873
20895
20966
21070
21136
21152
21240
21249
21269
21301
21362
21398
21412
21443
21495
21497
21588
21655
21668
21693
21777
21848
21876
21975
22025
22122
22175
22315
22379
22380
22432
22488
22585
22759
22835
22929
22975
22990
23006
23035
23125
23228
23298
23344
23352
23371
23385
23506
23594
23647
23697
23820
23852
23864
23866
23872
23917
23992
24024
24039
24097
24134
24210
24220
24233
24254
24433
24496
24643
24658
24706
24981
24995
25029
25101
25172
25209
25410
25441
25560
25620
25704
25705
25713
25746
25832
25836
25844
25855
25859
25888
25932
25968
25984
26000
26029
26046
26062
26142
26158
26176
26208
26237
26278
26281
26311
26341
26374
26394
26403
26431
26484
26489
26587
26625
26627
26636
26689
26765
26838
26977
26996
27026
27040
27051
27092
27117
27229
27263
27273
27291
27301
27326
27342
27368
27543
27649
27685
27741
27770
27799
27886
27950
28093
28142
28178
28185
28214
28344
28484
28507
28578
28600
28608
28678
28739
28754
28779
28804
28805
28813
28823
28858
28860
28898
28902
28920
28931
28988
29055
29070
29080
29095
29111
29156
29167
29188
29201
29285
29310
29319
29339
29560
29593
29603
29622
29645
29670
29725
29733
29786
29936
30020
30192
30288
30354
30371
30517
30531
30559
30566
30577
30608
30697
30699
30745
30768
30770
30880
30889
30925
30932
30933
30975
30991
31002
31149
31273
31297
31301
31336
31356
31382
31394
31442
31452
31471
31502
31580
31669
31725
31809
31820
31847
31853
31866
31899
32056
32410
32412
32432
32449
32457
32664
32670
32782
32787
32937
32969
33145
33194
33244
33536
33557
33675
33702
33724
33744
33915
33917
34003
34070
34323
34522
34723
34940
35004
35277
35386
35458
35571
35577
35596
35930
36167
36414
36507
36528
36586
36636
36801
36844
37108
37129
37151
37164
37167
37190
37204
37263
37473
37549
37556
37563
37620
37781
37855
37909
37920
38061
38189
38252
38295
38429
38590
38767
39189
39378
39440
39471
39590
39671
39873
39884
39940
39954
39984
40055
40081
40112
40121
40255
40280
40357
40375
40376
40384
40415
40471
40560
41083
41256
41497
41673
41798
41866
42150
42174
42307
42474
42609
42721
42730
42781
42803
42902
43378
43394
43661
43817
43893
43899
43931
43961
44122
44226
44298
44527
44608
44910
44987
44988
45051
45183
45727
45768
45771
45842
45879
45925
46059
46156
46174
46289
46313
46474
46696
46717
46781
46867
46907
46908
46927
47051
47084
47120
47175
47296
47342
47384
47392
47421
47427
47457
47650
47699
47733
47738
47742
47752
47762
47825
47986
48269
48387
48724
48746
48755
48774
48997
49071
49317
49348
49458
49488
49732
49757
49776
49883
49920
50201
50206
50332
50469
50628
50706
50765
50855
50929
50943
50981
51107
51141
51154
51163
51165
51208
51240
51255
51269
51347
51430
51616
51634
51782
51943
51959
52112
52190
52231
52232
52469
52572
52587
52597
52647
52710
52758
52768
52961
52986
53075
53278
53303
53318
53664
53782
53899
53905
53908
53909
53973
54643
54865
54913
55027
55033
55252
55270
55710
56288
56528
56542
56746
57305
58018
58096
58118
58121
58201
58265
58301
58427
58467
58480
58496
58571
58624
58625
58701
58740
58936
58992
59179
59201
59312
59328
59589
59761
59862
59973
59992
60575
60947
61042
61057
61086
61195
61210
61248
61298
61320
61351
61434
61459
61493
61637
61795
61814
61902
61913
61929
62314
62618
62751
62759
62888
63158
63193
63616
63625
63629
63668
63711
63844
63868
63912
64098
64119
64150
64197
64206
64249
64266
64298
64311
64362
64422
64451
64540
64618
64632
64667
64752
64790
64854
64870
64871
64944
64954
65095
65121
65267
65281
65417
65430
65625
65779
65802
66345
66373
66504
66508
66596
66620
66625
66651
66687
66709
66857
67004
67028
67071
67204
67339
67639
67746
67997
68330
68344
68362
68390
68517
68844
68866
68978
69028
69041
69076
69079
69164
69277
69488
69515
69596
69600
69624
69685
69691
69784
69860
69984
69991
70002
70060
70065
70100
70143
70200
70301
70306
70319
70367
70492
70547
70555
70596
70606
70829
70919
70920
71046
71061
71108
71121
71145
71198
71241
71245
71296
71394
71440
71510
71528
71571
71762
71795
71798
71863
72019
72133
72162
72222
72327
72748
72828
72966
73515
73612
73623
73777
73860
73871
73888
73896
73965
73968
73971
74197
74423
74429
74462
74600
74709
74842
74947
74954
75034
75074
75082
75101
75117
75154
75212
75220
75224
75567
75640
75642
75836
75870
75947
75957
75962
75974
75979
76013
76030
76061
76264
76356
76513
76547
76597
76605
76647
76695
76724
76735
76755
76769
76923
77142
77180
77196
77322
77572
78064
78382
78647
78674
78913
79543
79590
79597
79603
79626
79649
79718
79831
80062
80438
80453
80517
80740
80934
81238
81649
81700
81798
82448
82538
82605
82629
82644
82750
82809
82817
82910
82985
83068
83186
83502
83663
84105
84238
84295
84299
84374
84382
84388
84442
84449
84497
84500
84765
84831
84867
84891
84962
85090
85248
85317
85372
85385
85462
85484
85531
85594
85679
85825
86040
86117
86364
86452
86610
86818
87047
87184
87219
87243
87262
87339
87396
87461
87855
88079
88223
88343
88661
88708
88886
88981
89148
89179
89286
89433
89501
89505
89808
91037
91067
91137
91157
91368
91379
91392
91406
91505
91606
91610
91728
91811
91823
92021
92053
92114
92119
92159
92174
92269
92272
92318
92350
92375
92381
92429
92437
92518
92526
92530
92604
92608
92632
92736
92754
92779
92822
93184
93253
93366
93413
93459
93542
93547
93608
93920
94120
94130
94151
94303
94312
94333
94560
94584
94606
94617
94674
94792
94832
94837
94866
94912
94918
94996
95006
95027
95067
95247
95256
95304
95329
95392
95407
95484
95494
95495
95553
95644
95669
95741
95743
95762
95779
95801
95833
95980
95990
96018
96103
96167
96177
96302
96315
96322
96341
96392
96446
96482
96550
96625
96637
96679
96686
96735
96794
96908
96909
96911
96920
97029
97065
97077
97089
97143
97157
97179
97217
97246
97269
97317
97318
97424
97538
97541
97558
97567
97589
97624
97765
97776
97822
97839
97865
97933
98121
98397
98404
98425
98439
98653
98894
99119
99149
99318
99324
99337
99342
99349
99381
99400
99435
99438
99455
99466
99477
99587
99711
99731
99762
99925
99979
100045
100069
100072
100105
100111
100223
100272
100309
100346
100545
100575
100582
100591
100692
100733
100746
100814
100884
100901
100902
100933
101041
101051
101067
101120
101127
101144
101187
101199
101208
101226
101381
101408
101437
101453
101457
101607
101735
101810
101836
101914
101948
101961
101998
102027
102052
102090
102143
102164
102216
102261
102340
102498
102502
102533
102657
102673
102677
102697
102724
102753
102757
102786
102793
102806
102855
102925
102944
103011
103050
103089
103099
103113
103150
103196
103227
103245
103272
103280
103294
103296
103320
103331
103409
103445
103448
103451
103506
103515
103528
103607
103654
103674
103761
103770
103848
103966
104002
104031
104052
104115
104191
104209
104218
104235
104332
104337
104338
104366
104411
104554
104609
104617
104734
104768
104792
104967
104993
105035
105067
105110
105210
105258
105331
105332
105398
105656
105685
105711
105753
106094
106114
106142
106238
106248
106329
106415
106472
106477
106498
106521
106527
106628
106785
107219
107266
107334
107433
108655
108675
108698
108720
108780
108904
109103
109158
109370
109382
109743
109788
109790
109810
109934
109951
109963
110128
110235
110258
110347
110705
110812
112588
112593
112651
112690
112783
113192
113315
113500
113537
113985
114005
114113
114139
114253
114458
114591
114704
114744
114917
114999
115142
115385
115408
115566
115696
115740
115845
116017
116359
116525
116632
117154
117478
117574
117575
117656
117687
117700
117736
117898
118220
118237
118346
118389
118398
118426
118441
118534
118546
118549
118794
118849
119051
119110
119238
119250
119312
119340
119365
119563
119632
119733
119795
119897
119924
120181
120204
120222
120239
120256
120301
120398
120408
120417
120500
120523
120539
120617
120737
120761
120826
120827
120851
121053
121073
121079
121113
121114
121221
121232
121247
121265
121341
121359
121418
121428
121463
121535
121676
121720
121790
121801
121814
121829
121888
121962
121963
121978
121982
122059
122099
122177
122186
122265
122289
122312
122441
122563
122939
122967
122976
122978
122999
123050
123071
123081
123087
123093
123095
123178
123243
123354
123460
123529
123731
123782
123785
124055
124061
124088
124169
124197
124461
124518
124543
124558
124822
125282
125329
125735
125749
125760
125769
125820
125955
125962
126014
126042
126090
126100
126149
126213
126266
127014
127027
127101
127109
127188
127296
127302
127303
127322
127399
127667
127730
127770
127791
127840
127991
128130
128168
128206
128210
128328
128437
128507
128593
128615
128639
128642
128646
128647
128693
128752
129766
129804
129946
130811
130981
131055
131067
131205
131381
131417
131442
131495
131507
131883
131894
132265
132274
132343
132349
132384
132496
132517
132533
132591
132626
132640
132661
132738
132814
132922
132967
132974
133069
133105
133174
133336
133561
133590
133681
133792
134048
134137
134195
134210
134246
134589
134832
134847
134863
134878
134892
135032
135132
135157
135274
135381
135399
135404
135768
135772
135860
135874
135902
135912
136002
136246
136285
136312
136324
136383
136428
136446
136468
136662
136757
136776
136821
136837
136841
136930
136938
137047
137250
137596
137645
138134
138351
138387
138944
138984
139111
139180
139236
139241
139343
139421
139496
139604
139934
139939
139952
140018
140058
140109
140226
140273
140454
140503
140568
140590
140622
140656
140965
141005
141241
141250
141300
141336
141372
141391
141499
141503
141531
141721
141741
141796
141801
141880
141929
142124
142269
142487
142495
142752
142840
142872
143246
143278
143281
143596
143638
143770
143773
143778
143784
143789
143895
143994
144102
144125
144306
144547
144548
144663
144687
144689
144730
144922
144937
145186
145230
145242
145321
145342
145461
145508
145930
145932
145933
145967
145968
146012
146064
146186
146326
146331
146391
146486
146551
146582
146665
146676
146699
146706
146731
146739
146761
146815
146824
146829
146878
146991
147002
147039
147109
147117
147176
147252
147304
147409
147434
147564
147609
147700
147829
147838
148020
148051
148178
148227
148229
148242
148437
148455
148457
148487
148614
148641
148839
148955
149049
149196
149233
149279
149321
149364
149419
149564
149575
149659
149740
149931
149979
150002
150077
150218
150249
150595
150638
150737
150785
150843
150852
150858
150924
151020
151153
151233
151330
151340
151348
151493
151517
151524
151541
151622
151698
151744
151803
151911
152005
152023
152035
152042
152071
152504
152513
152657
152692
152716
152770
152970
152986
153005
153006
153030
153061
153112
153291
153298
153306
153434
153466
153510
153548
153560
153576
153731
153732
153784
153913
153924
153955
153999
154021
154175
154197
154270
154312
154475
154485
154860
154861
154986
155088
155104
155110
155145
155224
155232
155366
155386
155398
155437
155470
155476
155497
155499
155507
155546
155620
155670
155694
156043
156063
156165
156188
156189
156371
156520
156531
156552
156580
156613
156640
156656
156689
156793
156813
156892
156949
156991
157107
157116
157121
157349
157493
157520
157613
157655
157754
157827
157836
157877
158152
158153
158455
158523
158571
158581
158681
158726
158777
158936
159118
159259
159260
159463
159485
159516
159528
159588
159613
159615
159624
159633
159879
159905
160040
160090
160168
160239
160248
160307
160318
160343
160670
160713
160861
160990
161005
161019
161024
161109
161200
161202
161220
161288
161333
161410
161553
161568
161680
161690
162012
162131
162175
162234
162263
162271
162297
162349
162366
162465
162477
162480
162597
162636
162722
162843
162931
163030
163124
163300
163569
163594
163618
163643
163704
163728
163854
163887
163906
163916
164013
164094
164295
164373
164412
164413
164444
164536
164593
164626
164635
164652
164693
164764
164813
164815
164842
164895
164931
164954
165506
165579
165698
165876
166058
166110
166497
166704
167357
167467
169249
170092
170154
170192
170194
170220
170231
170281
170386
170490
170801
170949
170980
171329
171384
171391
171399
171416
171424
171443
171461
171491
171495
171513
171607
171611
171645
172501
172615
172651
172687
172876
172926
172983
173115
173133
174034
174328
174457
174792
174827
174833
174865
174960
174968
174987
175057
175073
175163
175266
175286
175300
176359
177567
177574
177637
177643
177648
177653
177680
177724
178219
178223
178232
178304
178313
178380
178510
178891
178896
179569
179596
179609
179731
179969
180135
180140
180178
180250
180257
180322
180388
180563
180581
180618
180983
181126
181859
182247
182757
183166
183639
183897
184013
184099
184100
184154
184221
184232
184259
184305
184336
184348
184455
184778
184849
185720
185721
185752
185754
185759
185763
185822
185873
185917
186227
186621
186735
186877
186923
186994
187240
187290
187999
188019
188303
188321
188327
188330
188368
188369
188410
188514
188693
188949
189031
189267
189313
189730
189891
190368
190372
190419
190498
190745
190758
191072
191089
191108
191245
191318
191330
191403
191441
191499
191627
191655
191661
191737
191773
191905
192136
192259
192580
192610
192613
192641
192644
192652
192665
192683
192949
193085
193189
193900
194098
194253
195049
195245
195360
195364
195447
195451
195461
195510
195548
195561
195572
195594
195748
195753
195839
196253
196555
196675
196701
196719
196735
196738
196940
197077
197526
197586
197627
197648
197711
197796
197835
197892
198105
198110
198141
198168
198185
198869
199022
199082
199144
199229
199296
199388
199473
199542
199569
199730
200153
200203
200402
200965
200986
200987
201004
201267
201293
201302
201415
201657
201710
201722
201766
201774
201830
201984
201996
202004
202852
202890
202974
203098
203123
203168
204626
204799
204943
204996
205012
205745
205750
205913
205942
206094
206384
206421
206452
206479
206826
206885
206893
207235
207249
207509
207594
207596
207806
207809
207811
207814
207826
207828
207872
208011
208036
208071
208457
209107
209499
209512
209549
209577
209593
209687
209718
209983
210003
210305
210382
210447
210494
210609
210934
210952
211033
211265
212953
213202
213275
213399
214248
214291
214914
215289
215299
215344
215366
215665
216151
216375
216403
216658
216976
216977
217021
217058
217095
217175
217177
217200
217483
217546
217593
218164
218166
218291
218294
218457
218478
218584
218638
218839
218841
218855
218882
218902
218921
218981
218984
218994
219003
219176
219420
219542
219554
219579
219693
219738
219796
219861
219977
220004
220072
220253
220261
220381
220447
220559
220684
220762
220810
220832
220930
220976
221096
221112
221234
221305
221445
221477
221517
221543
221548
221571
221580
221635
221647
221658
221723
221741
221821
221866
221920
221921
221942
221967
222012
222030
222087
222145
222430
222438
222454
222493
222515
222611
222671
222730
222733
222794
222803
222815
222861
222873
222975
223438
223491
223519
223611
223681
223689
223828
223840
223933
223960
224118
224462
224484
224536
224584
224833
224908
225069
225195
225730
225776
225837
225989
226307
226748
226778
226896
226899
227109
227116
227322
227419
227440
227527
227589
227745
227770
228427
228570
228620
228910
228939
228959
229463
229467
229505
229511
229609
229764
229838
230023
230608
230640
230670
230741
230793
231101
231169
231697
231736
231893
232303
232441
232468
232619
232656
232705
233252
234022
234547
235150
235246
235438
235453
235495
235672
235709
235732
235794
235919
236028
236031
236200
236253
236293
236336
236341
236447
236518
236684
236776
236790
236879
236893
237205
237226
237857
238089
238317
238354
238390
238423
238436
238502
238583
238826
238856
238923
239096
239319
239422
239559
239622
239643
239679
239860
239901
239995
240051
240199
240389
240403
240474
240487
240512
240580
240993
241329
241338
241339
241373
241556
241620
241779
241826
241928
241964
241971
242005
242042
242091
242102
242143
242171
242198
242200
242266
242417
242507
242511
242538
242552
242591
242601
242823
242851
242889
242899
242913
243118
243127
243287
243296
243415
243598
243710
243976
244049
244124
244174
244243
244530
244537
244659
244969
245096
245115
245145
245149
245411
245676
245703
245784
245989
246262
246276
246289
246294
246331
246343
246475
246496
246522
246612
246627
246857
246936
247002
247256
247735
247767
247778
247829
248218
248445
248506
248548
248591
249040
249211
249505
249518
249811
250081
250358
250410
250590
250651
250944
251006
251065
251193
251210
251218
251311
251426
251489
251644
251874
251905
251964
251986
252166
252177
252198
252219
252228
252270
252341
252420
252675
252702
252779
252784
252953
252996
253007
253162
253178
253225
253280
253285
253486
253504
253647
253651
253673
253779
253951
253963
253983
254145
254203
254213
254216
254272
254316
254356
254408
254409
254428
254691
254723
254791
255046
255050
255066
255075
255209
255212
255228
255594
255735
255759
255830
255883
255999
256079
256130
256155
256215
256284
256431
256742
256806
256817
256873
256903
256987
257182
257295
257502
257572
257622
257703
257806
257821
257826
257855
257858
257967
258082
258121
258216
258574
258634
258714
258717
258775
258787
259064
259160
259178
259289
259317
259456
259568
259695
259949
259977
260015
260137
260182
260347
260487
260624
260635
260672
260886
261120
261201
261233
261246
261250
261261
261276
261406
261432
261455
261495
261509
261579
261715
261834
261897
262184
262345
262470
262562
262580
262720
262792
262824
262834
262837
262839
262843
262881
262898
262924
263013
263158
263243
263247
263330
263442
263493
263569
263649
263728
263740
263750
264114
264455
264572
264631
264647
264662
264758
264784
265274
265279
265319
265517
265539
265575
265999
266058
266202
266242
266356
267095
267229
267259
267270
267276
267282
267362
267491
267600
267622
267847
267890
267943
267997
268169
268347
268511
268530
268736
268786
268823
268880
268943
268945
269041
269102
269155
269266
269273
269339
269358
269514
269543
269590
269610
269829
270176
270302
270308
270337
270462
270632
270644
270707
270750
270777
271007
271095
271254
271273
271369
271612
271682
271735
271945
271967
272110
272157
272159
272279
272290
272643
272760
272852
272925
272926
273062
273156
273534
273732
273737
273832
274036
274151
274166
274194
274286
274344
274355
274367
274422
274503
274577
274693
274787
275036
275122
275214
275241
275270
275292
275311
275369
275421
275465
275496
275518
275535
275539
275540
275544
275554
275792
275815
275833
275859
275864
275955
275975
276033
276045
276069
276111
276217
276288
276361
276449
276457
276468
276612
276942
277012
277021
277022
277235
277310
277386
277403
277457
277491
277557
277668
277678
277680
277898
277902
278063
278131
278134
278303
278480
278574
278984
279183
279956
280362
280565
280681
281247
281262
281272
281283
281298
281699
281764
282475
283235
284537
284587
284700
285042
285092
285386
285472
285478
285730
285752
286235
286343
286622
286743
286845
286885
286902
286916
286978
287052
287193
287218
287408
287558
287599
287646
287680
287684
287687
288017
288202
288501
288580
288710
288744
288912
289031
289047
289174
289546
289912
290081
290131
290172
290218
290233
290355
290650
290671
290689
290694
290699
290726
290755
290791
290850
290865
291008
291044
291054
291274
291966
291968
292060
292157
292189
292383
292405
292542
292602
292605
292635
292683
292863
292963
293031
293127
293165
293178
293189
293300
293351
293542
293628
294517
294666
295041
295154
295160
295485
295525
295614
295621
296085
296102
296301
297197
297402
297407
297545
297656
297664
297677
298395
298658
298664
298672
298728
298749
298827
298964
298975
299044
299110
299146
299176
299337
299695
299933
300191
300273
300527
300671
300809
300968
301439
301454
301766
301781
301890
302976
303365
303543
303625
303670
303734
303963
304482
304544
304585
304602
304852
305037
305053
305647
306624
308410
309158
309262
309303
309440
309602
309622
309733
309801
310262
310525
310637
310740
310822
311598
311739
312128
312532
312848
313518
313862
314047
314474
314781
314870
314887
315784
315804
315862
315962
317100
317104
317553
317822
317887
317913
317955
318741
318789
318986
319025
319146
319286
319303
319582
319637
319670
319685
319726
319859
319883
319898
319966
319971
320224
320375
320393
320726
320916
321616
321868
322032
322074
322104
322149
322477
323113
324600
325125
325133
325150
325302
325304
325416
325807
326173
326181
326194
326318
326507
326564
326701
326706
326731
326961
327175
327240
327316
327359
327458
327589
328277
328321
328354
328380
328463
328794
329249
329328
329433
329515
329517
329540
329674
329784
329989
330477
330897
330963
331041
331134
331275
331345
331379
331480
331577
331878
331960
331967
332010
332054
332071
332471
333453
333632
333686
333696
333931
333937
334217
334522
334662
334703
334744
334767
334898
335147
335258
335283
335694
335756
335789
335827
336255
336257
336300
336350
336482
337047
337055
338198
338935
339004
339027
339269
339296
339451
339469
339504
339959
340343
340354
340474
340528
340694
340838
340868
340969
340993
341088
341107
341166
341178
341426
341616
341685
341795
341934
342260
342381
342467
342513
342642
342724
342847
342891
342950
343027
343261
343625
344408
344442
344517
344527
344668
345228
345881
345884
345909
346159
346170
346235
346346
346424
346565
346602
346609
346962
347030
347325
347375
347490
347585
347846
347905
348226
348333
348364
348375
348649
348671
348753
348769
348809
348885
349222
349309
349379
349460
349489
349634
349817
349934
350097
350213
351119
351126
351176
351179
351188
351215
351366
351618
351862
351863
351876
351929
352046
352183
352467
352504
352519
352614
352616
352618
352647
352832
352887
352970
353168
353375
353433
353438
353453
353539
353628
353689
353842
353880
353885
353908
353912
354147
354168
354294
354450
354751
355150
355310
355506
356167
356546
356548
356638
356731
356794
357036
357266
357442
357887
358921
359209
359301
359322
359548
359584
359611
359947
359957
360227
360641
360642
360645
360646
360647
360649
360651
360652
361204
361358
361497
361527
361737
361894
362022
362265
362524
362546
363543
364091
364302
364420
364598
364647
365745
367651
367732
367910
368266
368272
368273
368430
368461
368556
368654
368684
368790
368858
368955
369140
369389
369469
369521
369569
370017
370067
370203
370208
370257
370374
371306
372021
377282
380784
380824
381040
381044
381103
381367
381757
381935
381977
382037
382276
382334
382420
382553
382581
382651
382741
382939
382972
383394
383441
383596
383614
384386
384486
384502
384510
384589
384727
384772
384875
385146
385404
385934
386447
386560
386616
386706
386837
386858
386927
387036
388148
388214
388402
388607
389089
389111
389136
389163
389612
390143
390237
390266
390308
390693
391494
391496
391498
391649
391941
392088
392137
392207
392373
392479
393264
393499
393699
393917
393927
393997
394000
394022
395706
396024
396043
396180
396246
396250
396464
396508
396528
396572
396745
397210
397253
397265
397332
397492
397616
397757
398098
398138
398175
398204
398370
398445
398554
398822
401052
401307
401651
401689
402245
402311
402558
402569
402714
402832
402898
403164
403172
404622
404758
405940
406121
406123
406146
406725
406776
406783
406807
406961
408054
408055
408282
410923
412779
414188
414288
414444
414673
414819
416094
416157
416161
416817
417179
417449
417549
417654
418049
418292
418601
418764
419893
420029
420039
420142
422047
422116
423891
424026
424385
424451
424460
424518
424731
424740
424811
426557
426871
427629
427640
427652
428748
428898
428923
430198
430365
430617
431226
431278
431649
431680
431730
431881
432096
432488
433508
433594
433644
433968
434184
434224
434604
434908
434917
434932
434945
434947
435121
435147
435282
435483
435568
435671
435988
436048
436361
436403
436476
437203
437211
437260
437359
437486
437645
437684
437689
437740
437937
438090
438201
438758
439133
439840
440079
440159
440164
440171
440269
441262
442861
443229
443418
443446
443590
443926
443935
443945
444356
444470
444577
444654
444691
444692
444768
445444
445557
445602
445728
445844
446048
446193
446238
446241
446358
446397
446516
446585
447019
447186
447432
447602
447771
447808
447987
448039
448109
448169
448591
448724
448794
448826
448905
448907
449012
449074
449138
449167
449173
449236
449241
449500
449534
449551
449666
449892
450029
450033
450200
450203
450209
450296
450371
450436
450592
450596
450654
450664
450748
450818
450949
451045
451128
451328
451364
451415
451480
451522
451686
451918
451948
452132
452190
452274
452521
452856
452858
452876
452891
453041
453360
453461
453601
453618
453874
453985
454059
454498
454714
454716
455271
455280
455293
455419
455470
455694
455712
455817
455888
455956
455978
456165
456225
456264
456297
456919
456947
456971
457296
457451
457493
457716
458136
458165
458271
458345
458578
458831
459122
459396
459400
459583
459664
460056
460120
460346
461731
462222
462223
462708
462727
462849
462855
462959
462966
463005
463215
463246
463370
463463
463470
463492
463516
463577
463579
463582
463639
463660
463667
463693
463704
463928
464059
464097
464234
464374
464375
464394
464414
464512
464532
464601
464694
464749
464888
465737
465988
465989
466054
466761
467157
468049
468066
468109
468114
468130
468283
468386
468410
469071
469441
469555
469815
470382
470409
470457
470594
470802
470898
471005
471055
471140
471222
471348
471500
471544
471599
471781
471969
472476
472624
473109
473174
473564
473721
473733
473878
473886
473888
473899
474009
474119
474149
474390
474406
474440
474487
474607
474669
474778
474815
474954
475590
475723
475749
475832
475857
475928
475930
475947
475965
476141
476157
476177
476232
476268
476299
476404
476414
476583
476782
476829
476876
476926
476942
477224
477231
477332
477470
477523
477570
477692
477737
477797
477855
477964
478248
478258
478344
478635
478701
478763
478787
479076
479161
479325
479332
479479
479494
479845
481282
481938
482220
482302
482347
482355
482730
482915
483073
483081
483082
483102
483750
484357
484660
484736
484778
485070
486844
486969
486991
487033
488170
488174
488299
488455
488921
489087
489322
489593
490091
491466
491485
491688
491837
491862
491877
492192
492284
492655
492727
493409
493547
493586
494143
494170
494200
494997
495000
495494
495732
496392
496763
496925
496929
496957
497044
497316
497705
497761
497828
497943
497980
498033
498159
498220
498243
498367
498389
498677
498716
498738
498829
499233
499403
499447
499839
500318
500885
502543
502651
503064
503094
503572
503772
503776
503797
503834
503965
504109
504136
504781
505459
505596
505707
505873
506014
506036
506045
506153
506361
506369
506735
506849
507032
507065
507082
507397
508211
509925
510136
510255
510282
510316
510334
510359
510503
510717
510839
510901
510941
511066
511317
511333
512046
512117
512127
512264
512374
513068
513080
513109
514079
515991
516184
516191
516414
516873
516912
517090
517422
517629
518512
518533
518654
518725
518745
519509
519633
520142
520711
520905
521001
521766
522019
522059
522566
522794
522994
523147
523154
523438
523468
523509
523556
523774
523793
524017
524439
524873
524877
526161
526611
526991
528026
528403
528582
528614
528756
528811
529011
529277
529335
529432
529459
529572
529627
529991
530268
530356
530405
530406
530520
530573
530912
531033
531077
531132
531894
532043
532117
532136
532170
532300
532323
532485
532602
532808
532814
532915
533056
533098
533532
533668
533670
533729
534047
534091
534225
534231
534431
534455
534631
534876
534938
536029
536608
536715
536817
537208
537554
537581
537685
537721
537810
537933
538034
538236
538506
538659
538948
539151
539200
539362
539852
539859
540174
540264
541215
541225
541347
541462
541509
541944
541974
542388
542431
542764
542855
543027
543028
543140
543261
543546
543751
543955
543961
545222
545583
545790
546032
546502
546769
546770
547183
547285
547310
547429
547441
547489
549551
549668
550239
550790
551776
551821
551994
552028
552752
552798
553008
553382
553450
553630
553672
553701
553810
553992
554408
554467
554720
554836
554989
555514
555754
555763
555824
555861
556144
556385
558022
558811
558978
559878
560204
560310
560394
560397
560955
561209
561210
561736
562282
562331
562334
562340
562900
562986
563213
563371
563372
564700
565394
565981
566696
567109
567202
567808
568409
568655
568771
568964
569052
569096
569309
569361
569603
569909
570046
570246
570445
570567
570591
570655
570764
571057
571202
571713
572940
573193
573221
573460
573570
573749
574398
574483
574530
574638
574687
575003
575265
575442
575585
575780
576715
576726
577258
577285
577362
578567
579200
579274
579517
580094
580386
580473
580678
580679
580837
580971
581242
582007
582043
582159
582401
582853
582928
582947
583404
583425
583743
584323
584503
584525
584606
584611
584622
585078
585155
585593
586090
586273
586348
586442
586786
586802
586871
587591
587689
587736
588105
588182
588843
588901
588969
589027
589155
589506
589852
589853
589867
589886
590090
590115
590146
590307
590350
590387
590465
590470
590518
590657
590797
590815
591027
591293
591505
591852
592043
592089
592189
592944
592978
593024
593025
593066
593281
593628
593671
593834
594827
594997
596397
596700
597124
597723
598155
598157
598332
598615
598624
598657
598884
599114
599248
599257
599416
599530
599564
599758
600339
600673
601353
602011
602486
602497
602567
603238
603285
603369
603624
603701
604456
604675
605182
605199
605210
605399
605430
605668
605672
605960
606453
606556
606819
606885
607192
607528
607778
608960
609275
609404
609685
609920
609936
610205
610330
610484
610693
611206
611642
611786
611811
611820
611872
611903
612194
612280
612365
612804
613594
614289
614546
614597
615376
615985
616295
616496
617244
617295
617412
617513
617956
617966
618063
618118
618610
618640
618650
618678
619287
621675
621975
621987
621991
622042
622306
622500
622921
623035
623052
623661
623929
624128
624386
624466
624657
624658
624917
624928
624937
624977
625244
625794
625874
626077
627127
627184
627602
627783
628024
628490
628662
629396
629409
629567
629881
630261
630470
631113
631850
631853
632171
632475
632843
633175
633209
633228
633257
633393
633815
633882
633999
634148
634745
634975
635000
635127
635245
635577
636034
636119
636172
636181
636350
636580
636842
636844
636898
637059
637349
637573
638006
638081
638115
639776
639791
639802
639862
639986
640304
640746
640770
640959
641039
641049
641280
641338
641348
641387
641803
641853
642643
642660
642719
642785
642841
643540
644001
644305
645089
645192
645308
645475
645490
645554
645758
645831
646015
646343
646571
646864
647249
647712
648157
648331
648332
648361
648586
648791
648988
649115
649123
650414
650683
651029
652713
653218
653569
654292
655143
655241
655419
655590
655767
656478
656484
656939
657344
657357
657375
657780
657884
657885
658315
658401
658423
658993
659297
659814
659979
661352
661374
661481
661571
661724
661991
663315
663538
663834
663923
664447
665075
665513
666209
666241
666410
666550
667474
667512
667588
667668
668319
668414
668799
669166
669366
670370
670544
670870
670921
671018
671098
671191
671387
671388
671668
671720
671996
673135
673143
673443
673612
675256
675730
677765
678244
678515
679449
679772
680176
680262
680317
680342
680419
680443
680664
680740
681210
681253
681888
682367
683330
683646
684007
684018
684294
684340
684501
684506
685514
686253
687881
687995
688480
688513
688713
688763
689061
689157
689174
689888
690497
690541
691485
691653
691668
692215
692717
693009
693913
694156
694675
696981
697648
697721
697780
697951
697962
698098
698519
698984
699036
699421
699913
700167
700328
700784
700907
701022
701326
701948
702548
704815
704838
704962
705651
708922
709934
711918
712111
713653
713971
714808
715233
715283
715474
715645
716561
716575
716606
716825
718402
718496
718572
719093
719619
719853
721952
722737
723486
723657
724118
725501
725797
726099
726516
726874
726886
727276
728200
728379
728935
729084
729496
730125
730242
730307
730343
730386
731371
731450
731608
731860
732376
732386
732785
732994
733620
733879
735420
735668
735846
735925
736472
736618
736843
737356
737362
737405
737602
737642
737741
738364
739853
740027
740326
740399
740426
740492
740501
741335
741958
742041
742303
742824
742875
742951
743010
743388
743655
746610
746944
748012
750047
750203
750725
752067
752296
752415
754004
754041
754873
757396
757914
758552
760267
763846
763979
764344
764348
764370
765707
766002
766311
766332
766464
766521
766680
766859
767120
767125
767905
768536
769062
769070
769114
769506
769574
770125
770383
771083
771901
771913
772096
772177
772683
773323
773429
773625
773655
773945
774101
774255
774281
774571
775351
776496
777022
777579
777670
777977
778515
778874
779217
779292
779661
779865
779890
780337
781379
781592
783144
783516
783958
784227
784238
785436
785562
785970
786091
786960
787169
787217
787237
788026
788127
789564
792392
793571
793579
794296
795656
796345
796372
796570
796829
796867
797186
797528
797593
798425
799928
800402
800785
800812
800862
801202
802746
802804
803854
804744
805692
806319
806415
806969
807623
807946
808009
808994
809653
809732
810600
811648
812364
813573
814427
815253
816024
816272
816495
816712
816813
816898
816928
817041
817042
818462
819217
819845
819967
820006
820088
820647
820693
821125
821268
821383
821969
822183
823125
823162
823329
823948
824103
824129
824212
824437
824476
824870
825031
825725
826639
826962
827477
827554
827610
828370
828435
828676
828689
828765
830182
830505
830681
830726
831163
832405
832684
832718
832745
832914
833585
837091
837493
837784
838644
838665
838793
839078
839199
840252
840528
840705
840887
842005
842915
843159
843191
843284
843535
843843
844112
844510
844749
844860
845096
845454
845498
846043
846402
848335
848986
849015
849028
849206
849745
851464
851474
851798
852423
852511
852686
853224
853250
853653
853692
853937
854813
855084
855184
855770
856309
856618
857596
857726
857893
857913
858141
859149
859170
859173
859185
860578
861225
861531
861841
862328
863819
864564
865221
866065
867671
868187
868307
868715
868976
869057
869846
870131
871408
871464
871819
873462
875020
875071
876203
877390
877740
878240
878536
879796
881494
881517
883070
883378
883668
884337
884338
884546
884846
885039
885674
886031
886279
886322
886593
887400
887482
888605
888777
888821
889358
890228
891327
891815
892328
893107
893547
893569
894489
895882
895919
896427
896436
896606
897026
897204
897224
897288
897393
897527
897999
899779
899933
901147
901292
901898
902025
902111
902464
903672
903850
904181
904662
905054
905386
905923
906056
906169
906425
906553
906568
907325
907428
907711
907875
908052
908624
908869
908981
909235
909546
909961
910789
910927
911990
912546
912610
913193
913677
914104
914541
914586
915779
916846
916850
917258
918147
918160
918476
918529
919515
919591
919622
920355
921247
921866
921906
926073
926741
926783
927661
929405
929520
930525
931545
933411
933524
934643
935684
936030
936800
937729
938197
939193
939323
940214
940344
940423
941493
942012
943850
944487
945567
945619
947795
948488
948719
948783
949010
950301
950570
950762
950934
952397
952640
953257
953758
953917
954156
954869
954915
956045
956818
957670
957821
958747
958842
958935
960294
960479
960813
961036
961547
963121
963830
964718
964741
965356
965466
965997
966693
967077
968264
969519
971117
971592
971803
971882
971884
972127
972403
972966
973060
974860
975198
976316
976853
977338
978841
978873
979354
980356
980487
980679
982076
982309
982365
982369
982663
982794
982828
983172
983819
984889
988010
988248
988869
989478
989602
989729
991590
992420
993963
994190
994191
994374
994759
995270
995485
995701
996600
996944
997279
998623
998738
999005
999049
999791
1000358
1001140
1001369
1002753
1003289
1003933
1004076
1004181
1004645
1005056
1006035
1008535
1009667
1010283
1010835
1012298
1012318
1012346
1012353
1013935
1014218
1015793
1016015
1016049
1016159
1016276
1016877
1019181
1019728
1019990
1020464
1021016
1021458
1021788
1022281
1022649
1023325
1023616
1023698
1023759
1024626
1024777
1025197
1026423
1026723
1027183
1027226
1027235
1028902
1029006
1029215
1029620
1030881
1031170
1031500
1031998
1032022
1032814
1032850
1033390
1033607
1033744
1035018
1035205
1037210
1037316
1038096
1038926
1039688
1040137
1041851
1042220
1042864
1043318
1043575
1043727
1043791
1044410
1045201
1045328
1045933
1046110
1046273
1046282
1047732
1048656
1050068
1050557
1051091
1051818
1052117
1052619
1052957
1053681
1054478
1055874
1057538
1060515
1061660
1062156
1062638
1062793
1064022
1064372
1065917
1065976
1066384
1067993
1069878
1071065
1071147
1073659
1074027
1074817
1074996
1075579
1075941
1076567
1077336
1078943
1080010
1080678
1081563
1081592
1082991
1083911
1084959
1084976
1086640
1088159
1088978
1090518
1091461
1091826
1092106
1092151
1094376
1095008
1095468
1097332
1097604
1099914
1100390
1101058
1101577
1101664
1101665
1101991
1102385
1103544
1104147
1105817
1106555
1106792
1108229
1110038
1110142
1111738
1111904
1112461
1113036
1114056
1114876
1117589
1117823
1119232
1119773
1119850
1119872
1120278
1120544
1121264
1121735
1122302
1122811
1123480
1123585
1123972
1123980
1124822
1125332
1125449
1125696
1126629
1126867
1126887
1127983
1128011
1131121
1131475
1131786
1131944
1134556
1134834
1134854
163
248
446
566
597
630
643
680
746
747
923
925
954
964
1049
1163
1428
1560
1695
1716
1758
1817
1823
1832
1853
1855
1864
1876
1882
1895
1955
2035
2079
2082
2145
2157
2158
2252
2276
2406
2518
2720
2729
2742
2761
2823
2913
2980
3063
3139
3146
3210
3290
3292
3295
3337
3353
3367
3401
3474
3585
3603
3634
3680
3692
3693
3729
3848
3896
3905
4025
4047
4096
4177
4178
4227
4251
4253
4264
4289
4291
4298
4385
4408
4467
4512
4590
4610
4611
4648
4679
4757
4774
4784
4800
4804
4812
4841
4890
4911
4957
4986
5057
5136
5334
5512
5564
5572
5803
5913
6064
6072
6181
6232
6246
6304
6328
6336
6368
6391
6453
6739
6797
6805
6971
6990
7007
7095
7100
7169
7194
7221
7225
7239
7243
7423
7435
7438
7471
7514
7526
7578
7597
7654
7706
7728
7755
7763
7781
7851
7882
7909
7916
7933
7935
8039
8078
8160
8309
8343
8425
8645
8795
8859
8960
9607
9694
9787
9825
9860
9974
10058
10070
10194
10613
10761
11024
11079
11144
11163
11253
11265
11311
11511
11588
11617
11712
11806
11878
11992
12042
12123
12190
12379
12449
12458
12473
12584
12656
13021
13025
13066
13090
13130
13257
13301
13310
13311
13394
13417
13434
13455
13486
13527
13538
13578
13589
13644
13762
13829
13852
13888
13957
14028
14155
14168
14173
14249
14252
14704
15281
16289
16350
16465
16662
16674
16685
16727
16747
16760
16777
16863
16910
16947
17044
17053
17068
17069
17105
17184
17463
17524
17561
17712
17727
17841
18031
18105
18109
18178
18318
18330
18402
18563
18747
18874
18878
18939
18957
19006
19023
19038
19173
19275
19293
19355
19367
19406
19407
19490
19533
19554
19561
19600
19626
19727
19786
19825
19881
19924
19938
19971
19989
20025
20193
20197
20202
20325
20353
20384
20419
20438
20460
20541
20544
20661
20756
20766
20821
20868
20944
21001
21002
21008
21022
21049
21064
21113
21182
21189
21201
21237
21253
21263
21282
21317
21338
21347
21400
21408
21410
21428
21459
21483
21503
21509
21524
21544
21548
21597
21647
21674
21762
21780
21867
21880
21907
21928
22060
22115
22124
22128
22143
22199
22260
22418
22478
22481
22506
22582
22596
22630
22767
22792
22823
22840
22875
22888
22907
22923
22972
23010
23042
23073
23082
23143
23208
23232
23239
23262
23277
23296
23299
23323
23365
23383
23405
23425
23449
23464
23478
23596
23600
23624
23698
23708
23716
23785
23847
23938
23964
23965
24009
24133
24137
24392
24442
24460
24470
24501
24538
24571
24586
24591
24618
24649
24746
24794
24806
24848
24864
24877
24885
24900
24916
24926
25026
25032
25065
25297
25342
25368
25545
25563
25589
25634
25702
25772
25796
25842
25864
25880
25895
25920
25929
25939
25980
25985
25999
26016
26054
26123
26153
26165
26166
26324
26335
26392
26407
26464
26465
26563
26615
26644
26670
26693
26705
26748
26774
26803
26822
26861
26864
26873
26891
26904
26983
27000
27017
27223
27248
27250
27264
27355
27377
27427
27442
27444
27464
27470
27488
27551
27572
27584
27780
27822
27890
27998
28046
28107
28151
28200
28224
28231
28255
28297
28325
28398
28429
28491
28535
28550
28648
28706
28719
28724
28753
28780
28853
28876
28918
28937
28997
29083
29097
29098
29108
29125
29128
29135
29196
29208
29219
29279
29284
29299
29305
29331
29398
29413
29501
29621
29660
29703
29740
29934
29966
30009
30070
30111
30225
30240
30298
30486
30704
30789
30791
30866
30894
31015
31021
31096
31106
31132
31162
31267
31271
31272
31420
31425
31511
31528
31561
31566
31592
31604
31612
31647
31660
31666
31673
31680
31702
31734
31813
31850
31877
31887
31964
32059
32082
32234
32316
32335
32359
32386
32513
32532
32563
32605
32909
33021
33186
33314
33353
33388
33516
33555
33581
33847
33877
33907
34155
34205
34345
34487
34717
34729
34978
35007
35019
35209
35240
35256
35303
35361
35405
35409
35457
35505
35552
35594
35611
35676
35752
35773
35808
35846
35967
36460
36472
36486
36635
36716
36793
36830
37059
37061
37098
37199
37238
37254
37409
37483
37526
37585
37592
37600
37617
37619
37622
37634
37700
37732
37888
37916
37981
38029
38131
38158
38385
38479
38550
38560
38673
38827
38831
38841
38860
38866
38909
38923
38975
39170
39359
39374
39672
39690
39691
39752
39804
39854
39862
39949
39961
40077
40108
40148
40171
40185
40318
40364
40562
40594
40863
41085
41086
41185
41202
41212
41216
41275
41505
41527
41576
41623
41644
41728
41806
41854
41916
41950
41997
42049
42251
42268
42379
42513
42598
42724
42815
42855
42925
42927
42935
42938
42962
43003
43055
43092
43117
43203
43303
43332
43449
43506
43515
43519
43537
43669
43698
43722
43723
43741
43833
43864
43887
43928
43932
43942
43957
44037
44170
44221
44231
44260
44418
44435
44485
44501
44539
44581
44589
44656
44906
45061
45075
45134
45151
45177
45182
45197
45432
45613
45689
45714
45717
45720
45726
45753
45859
45930
45955
46012
46076
46181
46204
46213
46244
46262
46269
46310
46378
46770
46929
47184
47213
47330
47331
47339
47344
47355
47385
47409
47412
47424
47425
47458
47692
47739
48139
48146
48288
48324
48525
48626
48840
48859
49077
49394
49467
49509
49514
49528
49572
49642
49649
49665
49806
49815
49825
49861
49867
49926
50140
50198
50258
50613
50619
50624
50648
50766
50770
50915
50923
50946
50973
51016
51380
51469
51554
51763
51781
51786
51941
52188
52237
52239
52281
52455
52482
52498
52586
52592
52690
52763
52911
52937
53087
53155
53157
53179
53279
53294
53491
53647
53649
53694
53793
53805
53813
54067
54126
54201
54669
54791
54891
54907
54992
55120
55223
55365
55582
55687
55822
55913
56020
57494
57882
57934
57942
58002
58173
58250
58257
58321
58348
58396
58400
58407
58491
58493
58518
58535
58544
58588
58634
58738
58751
58762
59006
59044
59065
59087
59227
59378
59393
59471
59538
59649
59685
60022
60075
60186
60221
60239
60244
60445
60450
60605
60666
60712
60769
60964
61001
61056
61059
61133
61165
61196
61198
61200
61201
61212
61216
61239
61265
61296
61302
61350
61386
61412
61460
61482
61693
61708
61739
61742
61768
61789
61797
61872
61896
61921
61927
62311
62572
62649
62708
62870
62922
62959
63178
63331
63361
63377
63407
63516
63529
63556
63585
63810
63958
63996
64058
64157
64170
64189
64273
64423
64560
64583
64595
64609
64624
64642
64670
64715
64765
64810
64845
64851
64901
64913
65056
65090
65186
65194
65262
65271
65330
65374
65533
65563
65724
65738
65749
65784
65793
65794
65821
65854
65945
66163
66288
66297
66342
66426
66478
66502
66573
66655
66706
66713
66877
66878
66892
66992
67034
67276
67422
67518
67582
67968
67984
68463
68510
68511
68528
68574
68669
68692
68966
68974
69014
69035
69037
69207
69290
69425
69439
69460
69469
69482
69533
69563
69668
69683
69760
69805
69904
69908
69944
69966
69999
70000
70034
70067
70069
70124
70153
70174
70230
70237
70245
70246
70346
70353
70355
70387
70598
70616
70619
70776
70876
70948
71069
71101
71122
71130
71217
71256
71300
71304
71342
71364
71402
71408
71471
71493
71494
71568
71592
71597
71799
71860
71889
71895
71907
71962
71965
71976
71981
72007
72068
72071
72078
72101
72122
72143
72215
72330
72927
72940
73559
73617
73882
73887
73889
73905
74064
74130
74238
74298
74315
74416
74439
74576
74640
74641
74706
74711
74718
74737
74811
74855
74869
74906
75044
75078
75099
75136
75168
75201
75299
75329
75395
75457
75464
75500
75517
75546
75553
75616
75630
75728
75756
75761
75813
75816
75820
75853
75915
75928
75954
75961
76051
76052
76107
76149
76223
76427
76523
76638
76675
76703
76765
76855
76904
76972
77015
77045
77056
77140
77155
77217
77225
77252
77263
77264
77270
77277
77317
77415
77922
78069
78162
78352
78453
78614
78767
78829
78910
78964
79074
79155
79215
79277
79359
79387
79555
79568
79584
79609
79636
79637
80159
80549
80771
80850
81341
81472
81786
81881
81921
81975
82221
82270
82281
82537
82617
82657
82745
82804
82858
82911
82934
82943
83056
83058
83080
83086
83136
83140
83161
83185
83204
83302
83432
83518
83521
83565
83577
83615
83698
83790
83835
83872
83894
83908
83914
83938
84226
84240
84249
84324
84350
84479
84487
84495
84721
84736
84743
84821
85018
85238
85260
85359
85456
85610
85647
85837
85859
85915
86106
86164
86170
86390
86487
86527
86541
86552
86621
86824
87001
87004
87066
87127
87440
87460
87628
87725
87870
88005
88052
88101
88246
88314
88626
89016
89054
89094
89163
89214
89226
89295
89407
89469
89476
89513
89599
89625
89699
89702
89704
89709
89734
89764
89768
89784
89794
90418
90889
90930
90952
90957
91019
91082
91181
91318
91374
91447
91461
91472
91544
91630
91723
91866
91893
91919
91921
91931
91972
91992
92020
92029
92172
92201
92279
92288
92368
92432
92473
92484
92720
92744
92745
92789
92824
92899
92907
92908
92963
92996
93048
93051
93080
93103
93219
93312
93341
93431
93452
93454
93475
93570
93587
93760
93861
93957
94009
94067
94105
94140
94143
94199
94281
94300
94329
94358
94405
94454
94474
94597
94677
94702
94828
95018
95047
95066
95071
95084
95089
95105
95144
95168
95186
95196
95293
95322
95358
95370
95386
95439
95463
95498
95523
95526
95543
95575
95634
95647
95658
95668
95685
95709
95721
95728
95804
95805
95812
95826
95838
95873
95876
95930
96014
96075
96136
96137
96152
96265
96288
96313
96336
96342
96349
96432
96457
96466
96528
96533
96586
96701
96702
96711
96712
96730
96836
96895
96903
96919
96959
96960
96987
96998
97000
97047
97050
97083
97102
97111
97117
97226
97244
97255
97263
97282
97293
97303
97312
97319
97394
97403
97446
97465
97481
97513
97554
97556
97867
97884
97941
98058
98179
98253
98303
98323
98332
98406
98434
98445
98446
98454
98556
98705
98901
99051
99139
99163
99167
99169
99172
99210
99284
99294
99354
99364
99480
99511
99550
99807
99840
99883
99928
99951
99956
99957
99959
100027
100064
100104
100159
100217
100286
100294
100337
100351
100379
100431
100432
100444
100445
100493
100498
100653
100788
100842
100975
101035
101101
101111
101237
101271
101305
101438
101488
101537
101545
101554
101568
101583
101598
101619
101622
101625
101688
101700
101711
101724
101835
101917
101968
101981
102004
102011
102016
102017
102023
102062
102094
102107
102133
102156
102158
102275
102300
102339
102475
102510
102535
102686
102758
102773
102784
102809
102814
102836
102885
102896
102905
102928
102960
102986
102990
103027
103029
103068
103079
103141
103158
103191
103209
103314
103353
103385
103391
103428
103491
103534
103587
103625
103626
103703
103712
103748
103749
103826
103869
103873
103889
103939
103943
103949
104045
104076
104091
104098
104192
104195
104234
104238
104295
104302
104303
104312
104339
104439
104460
104502
104529
104542
104613
104763
104785
104806
104979
105033
105058
105070
105077
105091
105107
105200
105250
105255
105257
105293
105305
105463
105681
105748
105842
105877
105898
105942
105948
106008
106009
106025
106113
106200
106273
106294
106398
106408
106409
106430
106551
106582
106617
106679
107225
107486
108072
108114
108631
108639
108649
108666
108683
108763
108807
108970
108976
109083
109095
109101
109200
109246
109294
109362
109590
109875
109902
109919
109926
110053
110061
110109
110124
110142
110422
110429
110668
110679
110685
110708
110793
111078
111248
111568
111875
111988
112223
112322
112448
112526
112585
112591
112594
112657
112692
112781
112831
112860
112861
112867
112874
112903
112967
113320
113647
113718
113855
113863
113881
113958
114070
114097
114187
114208
114318
114697
114755
114974
114991
115073
115111
115298
115453
115591
115631
115663
115683
115727
115855
116004
116184
116561
116845
117379
117532
117535
117564
117586
117805
117873
117905
117945
118188
118224
118230
118300
118351
118372
118446
118450
118552
118554
118572
118614
118947
119001
119154
119180
119192
119327
119338
119481
119576
119714
119765
119895
119961
120056
120102
120129
120208
120231
120419
120450
120565
120722
120785
120793
120889
121032
121048
121057
121067
121105
121132
121153
121154
121182
121224
121227
121243
121258
121308
121314
121332
121386
121389
121435
121508
121518
121578
121584
121593
121643
121755
121760
121776
121946
121979
122039
122057
122071
122166
122208
122267
122304
122352
122354
122562
122661
122773
122792
122892
122960
122986
123005
123077
123113
123158
123161
123189
123420
123735
123791
123837
123962
124119
124211
124394
124503
124588
124640
124650
124658
124755
124960
124975
124980
125011
125185
125399
125889
125916
125953
125959
125985
126050
126074
126185
126281
127020
127043
127142
127215
127311
127366
127375
127403
127752
127774
127798
127807
128007
128121
128254
128261
128311
128413
128470
128500
128621
128630
128655
128673
128737
128751
128932
129010
129071
129626
129642
129660
129714
129750
129799
129843
130208
130315
130698
130940
130950
130973
131045
131085
131117
131146
131389
131390
131392
131454
131469
131621
131733
131935
132037
132109
132213
132231
132351
132411
132598
132638
132692
132958
132962
133226
133262
133282
133427
133564
133670
133968
133976
134170
134221
134259
134260
134262
134475
134593
134632
134661
134727
134744
134778
134826
134851
134856
134882
134929
135049
135057
135084
135108
135164
135200
135279
135306
135347
135362
135435
135447
135798
135852
136029
136032
136035
136066
136205
136380
136415
136429
136442
136478
136488
136497
136531
136534
136555
136579
136613
136658
136676
136693
136773
136819
136858
136967
137021
137026
137165
137435
137553
137589
137641
137662
137713
137895
138123
138150
138533
138603
138618
138621
138626
138636
138887
139054
139079
139106
139240
139302
139360
139371
139384
139417
139517
139559
139608
139617
139618
139634
139740
139745
139902
139923
139953
140016
140090
140164
140201
140323
140373
140387
140446
140507
140561
140574
140581
140583
140619
140624
140673
140750
140766
140776
140825
140946
141016
141045
141084
141184
141201
141234
141246
141494
141791
141934
142011
142016
142092
142121
142166
142219
142272
142274
142506
142601
142607
142621
142676
142762
142794
142879
142907
142914
142938
142954
143117
143289
143310
143394
143397
143430
143438
143487
143548
143626
143686
143842
143876
143942
143973
143979
144071
144095
144127
144264
144304
144339
144485
144610
144657
144667
144710
144727
144736
144775
144801
144839
144903
144920
144992
145028
145159
145308
145329
145356
145367
145489
145500
145503
145520
145534
145563
145636
145773
145857
145862
145898
145906
145939
145982
146031
146116
146120
146246
146310
146325
146332
146369
146499
146529
146552
146606
146736
146807
146813
146820
146823
146974
147074
147087
147102
147106
147159
147244
147278
147430
147431
147455
147468
147477
147486
147528
147530
147555
147614
147633
147663
147697
147832
147877
147928
147935
148042
148055
148104
148131
148228
148244
148347
148354
148422
148553
148569
148585
148603
148671
148687
148699
148713
148735
148779
148850
148886
148905
149107
149115
149184
149231
149390
149571
149624
149820
149827
149832
149848
149856
150065
150165
150236
150446
150449
150716
150830
150888
150981
150986
151042
151057
151241
151253
151256
151331
151454
151625
151656
151688
151754
151776
151790
151797
151801
151921
152030
152135
152292
152418
152570
152600
152673
152821
152831
152927
152933
152955
152956
152985
153040
153046
153076
153101
153120
153135
153146
153198
153215
153290
153321
153405
153422
153642
153786
153796
153882
153904
153905
153986
154114
154129
154139
154163
154200
154226
154251
154278
154285
154321
154343
154348
154453
154462
154545
154584
154769
155042
155107
155202
155221
155243
155381
155407
155457
155482
155505
155741
155779
156078
156080
156122
156168
156269
156284
156357
156542
156636
156916
156925
157026
157110
157144
157150
157156
157173
157233
157411
157431
157439
157502
157545
157779
157960
157976
157979
158073
158121
158306
158367
158395
158413
158530
158570
158639
158656
158666
159000
159174
159272
159273
159347
159354
159387
159426
159457
159628
159774
159784
159806
159869
159876
159878
160017
160139
160218
160229
160339
160373
160414
160422
160547
160549
160566
160586
160599
160685
160733
160785
160794
160803
160807
160826
160898
160967
160980
161032
161111
161153
161218
161225
161316
161364
161379
161411
161429
161468
161493
161505
161802
161914
161963
161973
162078
162090
162119
162142
162147
162244
162253
162333
162374
162377
162585
162643
162652
162662
162890
162891
162970
163130
163143
163171
163191
163258
163273
163456
163463
163560
163563
163600
163622
163629
163650
163678
163679
163692
163714
163754
163799
163821
163831
163857
163921
164007
164023
164045
164142
164149
164168
164204
164263
164286
164298
164330
164334
164344
164391
164476
164692
164722
164738
164749
164774
164875
164952
165115
166025
166708
166742
167304
167572
167598
167802
167999
168257
168298
168451
168536
170052
170067
170105
170157
170163
170176
170273
170287
170306
170320
170418
170454
170559
170936
171028
171096
171363
171441
171442
171475
171528
171548
171567
172144
172363
172401
172409
172417
172490
172580
172583
172618
172655
173011
173045
173163
173168
173287
173993
174058
174062
174101
174243
174259
174266
174277
174336
174393
174590
174775
174786
174788
174791
174798
174835
174850
174860
174894
174922
174935
174942
174958
175001
175094
175153
175202
175274
175343
175371
175981
177430
177560
177663
177668
177793
177926
177972
177987
178008
178224
178283
178453
178504
178506
178713
178719
178735
178764
178806
178815
179197
179612
179672
179674
179732
179766
179769
179827
179870
179921
179931
179939
179967
179984
180003
180027
180066
180137
180186
180265
180274
180283
180296
180331
180337
180376
180435
180444
180447
180448
180492
180541
180585
180607
180719
180801
180831
180873
181135
181139
181403
181468
181508
182325
183801
183890
183965
184043
184063
184139
184223
184291
184331
184653
184810
184881
184949
184960
185539
185809
185871
185934
186006
186121
186514
186567
186617
186633
186638
186901
186908
186979
186988
186990
187234
187287
187471
187534
187540
187612
188014
188016
188067
188071
188072
188159
188209
188343
188357
188358
188363
188405
188435
188449
188475
188480
188485
188487
188505
188524
188530
188547
188654
188655
189052
189260
189331
189340
189342
189358
189658
189688
189711
189737
189752
189785
189886
190376
190451
190465
190486
190583
190613
190641
190658
190688
190708
190741
190787
190827
190865
190942
191061
191149
191160
191180
191202
191214
191231
191257
191289
191352
191532
191634
191708
191791
191886
191938
191973
191984
191990
191995
192070
192208
192281
192301
192318
192468
192485
192523
192548
192673
192684
192926
193136
193697
193898
193923
194005
194057
194116
194148
194166
194194
195035
195213
195269
195292
195363
195397
195547
195578
195605
195708
195769
195797
195829
195880
195881
196019
196203
196370
196556
196559
196560
196677
196724
196999
197693
197898
197976
198159
198283
198529
198685
198858
198886
198906
198934
199038
199081
199092
199279
199390
199423
199429
199568
199601
199750
199753
200010
200130
200155
200163
200169
200204
200207
200225
200458
200573
200678
200773
200805
200896
201005
201048
201225
201229
201231
201257
201306
201396
201405
201499
201571
201684
201713
201741
201818
201841
201863
201864
201945
201991
202017
202841
202895
202957
203085
203137
203173
203196
203249
203261
203272
203363
203401
203580
203620
204466
204515
204603
204643
204683
204995
205035
205187
205637
205698
205733
205751
206008
206095
206145
206200
206225
206329
206391
206461
206478
206487
206494
206558
206617
206763
206880
207243
207258
207286
207292
207342
207364
207368
207416
207470
207508
207520
207522
207599
207618
207727
207772
207792
207802
207810
207815
207820
207846
207901
207930
208002
208012
208020
208177
208218
208257
208578
208585
208593
208595
208634
208754
208817
208919
209020
209078
209249
209255
209325
209444
209641
209646
209695
209697
209785
209829
209850
209933
209938
209953
209980
210067
210178
210230
210343
210538
210636
210726
210732
210945
210976
211054
211127
211139
211202
211289
211407
211453
212066
212211
212232
212274
212278
212308
212524
212529
212654
212879
213177
213386
213418
213448
214186
214606
214974
214976
215019
215109
215316
215441
215446
215464
215575
215602
215720
215795
215808
215940
215967
215969
216012
216024
216052
216244
216255
216261
216351
216442
216455
216484
216491
216665
216719
216797
216826
216854
216895
216900
216940
216947
217003
217030
217093
217195
217278
217419
217452
217482
217487
217490
217500
217594
217972
218254
218276
218374
218424
218649
218663
218719
218844
218848
218895
218920
218922
218959
219118
219185
219188
219367
219571
219600
219603
219636
219648
219649
219739
219755
219831
219925
219932
219938
219965
219978
220089
220094
220202
220317
220319
220328
220417
220443
220496
220785
220880
220937
221055
221060
221141
221178
221238
221244
221328
221397
221422
221466
221467
221595
221639
221727
221767
221795
221833
221867
222058
222122
222149
222173
222198
222287
222384
222474
222476
222694
222699
222710
222742
222789
222800
222884
222896
222937
222946
223013
223424
223587
223942
223953
223961
224055
224357
224552
224570
224612
224826
224839
224870
225146
225153
225624
225698
225978
226401
226437
226458
226589
226628
226869
226870
226884
226961
227029
227270
227290
227334
227488
227496
227667
227669
227787
227852
227872
227898
227908
228383
228588
228699
228901
228949
229083
229120
229236
229292
229305
229314
229320
229334
229352
229364
229396
229398
229411
229431
229433
229563
229575
229608
229620
229721
229861
229882
230327
230332
230519
230719
230896
230907
230908
230993
231091
231161
231182
231360
231406
231566
231711
231922
231930
232001
232003
232272
232350
232392
232420
232562
232893
233201
233355
233405
233463
233587
233780
234957
235413
235735
235985
236041
236117
236122
236268
236284
236299
236307
236403
236405
236468
236474
236629
236720
236793
236810
236821
236994
237002
237032
237136
237151
237262
237309
237373
237460
237512
237542
237638
237639
237711
237859
237907
237959
237961
237972
237974
238202
238267
238274
238302
238305
238341
238632
238757
238920
238926
238937
238996
239043
239196
239260
239308
239400
239606
239640
239711
239777
239857
239910
239989
240041
240082
240127
240130
240136
240139
240186
240210
240215
240390
240401
240435
240438
240524
240824
240902
240951
240963
241001
241012
241307
241327
241333
241350
241487
241503
241557
241717
241973
241988
242022
242053
242062
242081
242094
242120
242142
242145
242239
242264
242347
242411
242443
242509
242553
242595
242620
242794
242797
242831
242838
242844
243132
243189
243288
243385
243453
243592
243639
243696
243743
244022
244044
244050
244241
244338
244362
244479
244572
244642
244648
244769
244787
244797
244821
244912
244919
244926
244944
245076
245114
245177
245232
245240
245498
245678
246117
246273
246290
246378
246386
246489
246558
246561
246727
246807
246839
247037
247179
247190
247196
247302
247455
247633
247659
247722
247757
247786
247803
247817
247842
248028
248099
248269
248400
248779
248795
248857
248936
248961
249284
249372
249529
249563
249710
249782
249832
249922
250042
250054
250168
250360
250557
250583
250695
250726
250727
250959
251062
251063
251138
251143
251165
251392
251449
251501
251514
251541
251550
251578
251594
251645
251683
251689
251800
251845
251875
251887
251963
252015
252087
252167
252204
252369
252429
252736
252760
252774
252799
252838
253004
253085
253184
253311
253363
253489
253514
253521
253803
253891
253930
253957
253984
253991
254128
254336
254370
254373
254425
254437
254450
254593
254669
254673
254684
254698
254778
254779
254940
255023
255031
255124
255132
255576
255888
255909
256065
256179
256338
256370
256409
256460
256554
256692
256834
256844
257245
257260
257298
257673
257688
257709
257740
257816
257834
257911
258057
258130
258173
258189
258208
258288
258395
258445
258473
258494
258586
258614
258671
258799
258832
258833
258900
258903
258909
259003
259132
259222
259235
259237
259413
259421
259430
259467
259599
259810
259947
260036
260060
260075
260092
260162
260170
260260
260346
260446
260543
260650
260688
260717
260723
260737
260743
260768
261025
261088
261139
261142
261182
261275
261463
261516
261525
261545
261802
261815
261830
261865
262024
262130
262172
262187
262246
262295
262479
262533
262541
262550
262554
262745
262793
262805
262886
262890
262940
262976
263138
263151
263161
263349
263403
263441
263659
263764
263790
263823
264060
264088
264091
264125
264147
264254
264292
264370
264404
264431
264471
264527
264554
264611
264642
264657
264691
264735
264782
265009
265071
265217
265260
265278
265384
265391
265729
266061
266101
266371
266403
266406
266417
267007
267013
267037
267098
267106
267211
267286
267314
267407
267439
267450
267568
267602
267672
267683
267770
267782
267792
267947
268097
268116
268134
268170
268236
268263
268277
268419
268548
268571
268622
268670
268686
268688
268820
268822
268825
268850
268856
268920
268925
268926
268938
268952
268968
269253
269260
269408
269468
269532
269542
269564
269572
269895
269903
269914
270096
270128
270172
270223
270228
270250
270268
270273
270290
270297
270390
270403
270514
270627
270747
271047
271113
271132
271171
271192
271414
271449
271453
271692
271758
271763
271799
271931
272084
272260
272326
272481
272530
272532
272617
272626
272637
272702
272716
272721
272798
272853
272892
272915
272988
273013
273034
273045
273102
273131
273168
273286
273346
273393
273412
273424
273564
273588
273646
273660
273715
273760
273784
273925
274144
274218
274348
274356
274456
274524
274546
274576
274953
275009
275059
275242
275265
275301
275417
275444
275573
275575
275596
275820
275858
275910
276193
276431
276500
276550
276611
276935
277031
277037
277043
277373
277383
277445
277495
277783
277828
277932
277971
278064
278116
278127
278136
278302
278418
278426
278440
278446
278452
278473
278485
278593
278623
278721
279132
279484
279562
279629
279733
279782
279801
279964
279991
280071
280363
280448
280482
280484
280600
280756
280840
280862
280875
281034
281042
281094
281103
281216
281289
281321
281409
281812
282003
282251
282491
282698
282997
283199
283308
283456
284384
284848
285005
285453
285458
285624
285643
286112
286141
286304
286550
286599
286674
286757
286821
286871
286889
286893
286894
286914
286973
286995
287064
287078
287091
287115
287159
287208
287317
287338
287370
287406
287556
287682
287823
288199
288536
288583
288659
288812
288881
289152
289395
289480
289491
289524
289557
289698
289699
289768
290074
290215
290570
290577
290649
290686
290728
291336
291441
291580
291793
291941
292074
292164
292198
292232
292286
292336
292516
292672
292804
292856
292869
292909
292969
293032
293067
293090
293144
293180
293230
293283
293284
293308
293399
293538
293608
293675
293725
293789
293794
293868
294344
294657
294777
294819
294948
295033
295047
295186
295212
295272
295295
295327
295618
295899
295901
295910
295987
296022
296264
296386
296408
296695
296898
297205
297220
297318
297328
297389
297395
297412
297435
297584
297698
297852
298049
298504
298650
298684
298770
298778
298824
298986
299054
299075
299097
299161
299165
299182
299184
299188
299202
299262
299315
299372
299394
299460
299482
299540
299598
299600
299725
299916
300040
300232
300247
300270
300409
300420
300510
300512
300719
300774
301205
301558
301786
301790
302024
302067
302248
303146
303347
303369
303559
303605
303622
303631
303691
304062
304521
304790
304962
307069
307974
307993
308445
308447
309283
309341
309434
309454
309476
309756
309794
309854
309955
310529
310801
310851
311581
311834
311837
312046
312520
312786
313088
313180
313607
314099
314190
314289
314363
314779
314895
315098
315530
315770
315787
316836
316990
317048
317072
317145
317463
317508
317919
317940
317948
318016
318371
318409
318455
318556
318714
318721
318827
319139
319197
319271
319354
319398
319408
319576
319593
319615
319622
319640
319760
319787
319833
319840
319844
319855
319869
319879
319882
319905
319911
319922
319980
319989
320359
320360
320564
320623
320728
320735
320875
320879
320943
320947
321043
321161
321242
321307
321327
321454
321468
321508
321571
321580
321639
321650
321842
321938
322021
322171
322177
322597
322825
322894
323066
323126
323548
323662
323679
325057
325120
325198
325266
325325
325418
325430
325533
325673
325741
325849
325915
325955
326045
326054
326062
326069
326150
326267
326291
326304
326310
326327
326429
326479
326517
326662
326854
326938
327016
327352
327403
327433
327477
327510
327545
327700
328139
328250
328270
328290
328335
328385
328518
329170
329184
329223
329239
329422
329435
329498
329502
329560
329563
329582
329593
329781
330060
330595
330598
331045
331092
331099
331167
331178
331205
331227
331382
331515
331551
331565
331574
331621
331635
331665
331714
331778
331818
331844
331850
331892
331929
332140
332159
332179
332188
333676
333701
333702
333722
333913
333918
333920
333987
334078
334180
334197
334652
334702
334737
334919
334924
335576
335577
335688
335720
335749
335760
335765
335851
336236
336320
336331
336471
336474
336542
336630
336638
336761
336836
336861
336863
336910
336966
337031
337102
337286
337721
338019
338118
338194
338858
338868
338872
338978
339052
339137
339264
339266
339391
339398
339446
339449
339597
339830
339981
339993
340408
340455
340593
340650
340845
340950
340971
340997
341001
341412
341443
341461
341693
341796
341849
341925
342334
342521
342606
342613
342696
342769
342856
342951
343019
343219
343234
343529
344122
344139
344177
344216
344219
344300
344310
344323
344475
344539
344593
344603
344619
344831
344834
344871
345015
345305
345859
345943
346113
346119
346284
346417
346727
346729
346737
346775
346778
346805
346813
346815
347059
347302
347426
347597
347891
347912
348191
348219
348248
348256
348299
348360
348376
348394
348544
348562
348572
348689
348781
348816
348949
349182
349429
349452
349505
349524
349596
349619
349662
349732
349757
349767
349857
349866
350049
350092
350180
350333
350626
350700
351192
351199
351244
351330
351348
351805
351865
351879
351905
352005
352050
352058
352180
352220
352228
352266
352340
352466
352499
352543
352559
352642
352794
352800
352883
352888
352894
352912
352924
353033
353447
353603
353734
353739
353763
353769
353790
353877
353955
353971
354070
354104
354188
354313
354626
354702
354850
355132
355146
355304
355316
355338
355413
355495
355504
355618
355680
355737
355842
355985
356040
356178
356226
356290
356450
356475
356633
356670
356999
357074
357291
357332
357346
357440
357490
358924
359202
359346
359623
359703
359804
359912
360727
360912
360943
361126
361273
361395
361403
361519
361742
361751
361786
361892
361896
361912
362104
362125
362166
362175
362225
362426
362483
362664
363008
363452
363665
363725
363959
363976
364096
364151
364188
364387
364548
364550
364695
364697
364706
364977
365140
365710
365756
365878
367256
367657
367700
367743
367762
367771
367834
368002
368005
368284
368285
368313
368350
368394
368459
368491
368599
368629
368645
368668
368817
369193
369282
369370
369404
369517
369566
369602
369959
370111
370202
370220
370228
370321
370441
371834
372071
373658
374193
374577
376076
376672
379584
380112
380795
381037
381061
381079
381105
381192
381347
381378
381414
381986
382080
382081
382520
382595
382609
382627
382685
382691
382717
382850
382859
382968
383005
383314
383405
383711
384342
384421
384484
384488
384532
384546
384619
384622
384918
385003
385045
385620
385693
385695
385739
385757
385969
386012
386050
386086
386305
386327
386359
386432
386458
386471
386594
386707
386726
386738
386887
386915
387364
387470
387482
387483
387672
387695
387993
388015
388026
388054
388185
388409
388414
388441
388872
388897
389064
389250
389447
389570
389581
389960
390024
390154
390187
390434
390554
390606
390713
391230
391266
391398
391399
391467
391519
391813
392174
392222
392267
392286
393149
393150
393510
393767
393990
393998
394012
394027
394627
394951
394987
394997
394998
396132
396140
396454
396460
397346
397604
397623
397629
397656
398163
398283
398334
398422
398451
398533
398547
398599
398620
398747
399534
399779
401053
401486
401491
401508
401573
401615
401653
401685
402167
402178
402268
402353
402553
402602
402613
402921
402938
403011
403017
403072
406150
406767
406955
407158
408025
408128
408132
408914
409320
409419
410782
412271
413131
414053
414122
414139
414219
414504
416551
416581
416594
416598
416809
416998
417056
417444
417481
417513
417535
417618
417660
417668
417727
418074
418223
418345
418456
418515
418569
418574
418857
419041
419099
419105
419163
419253
419451
419456
419623
419658
419669
419962
420097
420137
420147
420192
420405
420411
420426
420979
420994
422163
422459
422845
423278
423933
424010
424325
424426
424469
424476
424559
424733
424755
424807
425135
426348
426854
427107
427287
427513
428067
429476
430003
430023
430496
430538
431257
431361
431701
431719
431764
431796
432033
432471
432615
432669
433515
433724
433771
433871
433953
434192
434265
434742
434754
434780
434891
435135
435352
435517
435606
435645
435736
435778
435862
435940
435946
436108
436142
436239
436241
436253
436291
436339
436343
436428
436493
436587
436640
436998
437051
437468
437889
437915
438019
438189
438216
438228
438841
438960
439038
439104
439105
439113
439280
439658
439669
439808
439882
440071
440234
440311
440682
440874
441287
441316
441530
441853
443241
443266
443500
443560
443774
443792
443818
444332
444737
444883
445428
445434
445572
445842
445846
445980
446031
446167
446210
446417
446478
446702
446743
446758
446815
446817
447044
447075
447081
447134
447171
447209
447245
447501
447666
447775
447816
447859
447913
447948
447990
448054
448274
448348
448429
448499
448577
448583
448782
448792
448801
448854
448863
448868
448945
449005
449467
449649
449776
449897
450000
450282
450342
450534
450681
450830
450919
451146
451188
451190
451230
451447
452081
452179
452287
452293
452302
452896
452921
453190
453515
453758
454242
454307
454341
454470
454500
454727
454747
454751
455022
455101
455170
455208
455209
455255
455396
455703
455719
455737
455774
455789
455966
456042
456192
456347
456681
456684
456746
457042
457460
457477
457776
458057
458277
458506
458884
458886
458905
459123
459127
459415
459461
459489
459675
459995
460656
461038
462134
462260
462269
462362
462405
462430
462527
462534
462644
462828
463009
463234
463244
463335
463414
463595
463969
463976
464061
464219
464417
464421
464517
464865
464902
464908
465027
465273
465396
465730
465853
465902
466555
466716
466764
467477
467576
467693
467701
467953
468094
468123
468401
468737
468764
468854
469136
469320
469354
470162
470208
470357
470586
470650
470868
471324
471341
471451
471598
471795
471895
471953
472035
472056
472101
472140
472257
472267
472378
472399
472400
472581
472746
473010
473219
473558
473735
473835
473846
473875
473985
474271
474498
474560
474594
474598
474612
474811
474888
474965
475155
475194
475206
475232
475365
475435
475447
475492
475611
475762
475956
475982
476078
476115
476221
476242
476284
476310
476484
476604
476757
476824
477019
477199
477212
477822
477850
477895
478004
478141
478147
478256
478381
478449
478830
478878
479011
479476
479778
479846
481120
481284
482036
482958
482986
482998
483095
483180
483367
483405
483644
483752
483753
483906
484074
484296
484413
484607
485285
485429
485482
485526
486777
486846
486906
487039
487498
487562
487744
487902
488061
488149
488270
488312
488316
488592
488761
488803
488844
488993
489118
489360
489376
489487
489601
489849
489880
490704
491552
491677
491849
492308
492309
492339
492432
492516
492519
492541
492621
492679
492710
492761
492841
492880
493107
493134
493623
493843
493857
494163
494255
494627
494809
495788
496466
496506
496508
496599
496673
496729
496887
496997
497173
497301
497314
497430
497617
497652
497798
497805
498004
498280
498357
498401
498449
498578
498592
498703
498712
498749
498750
498784
498788
498860
498873
498942
498971
499038
499077
499667
499811
500069
500091
500186
500860
500972
500980
501065
501076
501117
501169
502818
502822
502881
502966
503202
503219
503259
503310
503455
503581
503706
503748
504118
504123
504138
504150
504277
504378
504394
504419
505352
505445
505481
505604
505872
506155
506220
506277
506339
506356
506504
506852
506853
506876
506998
507190
507819
508332
508651
508695
509900
510035
510155
510203
510224
510238
510281
510296
510363
510367
510561
510621
510765
510851
510986
511770
511874
511914
511917
512163
512187
512393
512460
512465
512471
512494
512909
513077
513099
513300
513447
513502
513651
514091
514592
514621
515357
515536
516186
516203
516210
516250
516278
516835
517022
517113
517350
517750
518086
518402
519300
519612
519740
519981
520084
520085
520821
521028
521046
521058
521191
521242
521243
521253
521441
521463
521524
521527
521941
522206
522384
522507
522519
522707
522717
522781
522945
523098
523327
523420
523433
523473
523575
523651
523690
524157
524248
524437
525212
525550
526319
526493
528119
528363
528419
528462
528580
528631
528740
528751
528864
528958
528966
529034
529154
529197
529307
529733
529852
530190
530241
530334
530340
530619
530635
530653
530802
530842
531017
531159
531359
531526
531601
531612
531697
531741
531880
531955
531966
532374
532438
532449
532836
532896
533108
533206
533329
533811
534094
534179
534184
534340
534423
534509
534959
535511
535518
536295
536343
536405
536445
536459
536483
536586
536675
536702
536847
537171
537202
537360
537393
537568
537594
537690
537727
537762
537948
538103
538486
538739
538777
539262
539323
539325
539717
539821
539838
539863
539895
540156
540241
540245
540665
541230
541244
541441
541475
541822
542726
542748
543034
543112
543165
543167
543262
543327
543718
544009
544018
544533
544772
544964
544995
545002
545061
545071
545549
545599
545884
546004
546055
546094
546096
546131
546823
547223
547341
547402
547695
548139
549241
549270
549333
549837
550031
550160
550956
551262
551325
551505
551633
552083
552488
552728
553259
553545
554242
555098
555402
555420
555562
555727
555790
555948
556011
556028
556311
556508
557082
557089
557853
557885
558069
558448
558465
558985
559341
559521
559694
559932
560081
560284
560568
560779
560787
561174
561186
561325
561630
562031
562655
562740
562923
563011
563338
563495
563674
563706
563772
565154
565165
565260
565364
565379
565672
565760
566488
566585
566672
566864
566869
567115
567846
567902
568127
568382
568477
568682
568818
568840
568844
568922
569095
569491
569495
569573
569595
569655
569702
569879
569925
570020
570037
570216
570337
570347
570958
571068
571447
571625
571933
572894
573013
573171
573278
573444
573530
573559
573612
573690
573781
574150
574254
574271
574524
574631
574647
574727
575013
575116
575123
575149
575183
575200
575257
575474
575621
576089
576297
576432
577278
577279
577360
578076
578142
578287
578307
578541
578542
578651
578669
578881
578910
579564
579849
580048
580202
580315
580514
580727
581088
581186
581295
581611
581668
581834
581835
581959
581964
582022
582130
582147
582161
582225
582446
582471
582752
582940
583221
583253
583432
583570
583644
583783
583786
583849
583978
584250
584600
584613
585038
585321
585340
585373
585562
585703
585717
585736
585892
586175
586445
586471
586533
586800
586826
586848
586930
586951
587301
587353
587432
587655
587744
587800
587881
587907
587916
587961
587996
588085
588277
588412
588474
588520
588563
588738
588918
588928
588980
588992
589016
589105
589266
589417
589420
589694
589911
589953
590010
590237
590675
590730
590736
591170
591281
591527
591655
591934
592084
592602
592690
592699
592702
592705
592707
592712
592878
592912
593096
593356
593372
593391
593585
593901
594108
594147
594416
594593
595072
595133
595144
595741
596050
596119
596121
596270
596292
596563
596565
596825
596863
597058
597070
597591
597656
598108
598160
598167
598185
598206
598282
598607
598713
598860
598920
598934
599247
599522
599548
600049
600199
600296
600394
600491
600525
600571
600622
600713
600762
600817
600829
600876
602226
602342
602345
603244
603998
604007
604513
604954
605010
605027
605192
605259
605915
606029
606052
606072
606134
606370
606608
606995
607115
607190
607826
608196
608230
608232
608248
608269
608270
608660
609041
609230
609345
609544
609593
609613
609759
610213
610534
610573
611290
612028
612126
612376
612607
612874
612994
613283
613489
613555
614384
614584
614596
614704
615684
616098
616153
616438
616541
616635
616679
616862
617118
617184
617262
617334
617663
618274
618887
618983
619589
620190
620513
620674
621100
621101
621383
621542
621887
621891
622228
622394
622395
622654
622995
623040
623622
623670
623810
623914
623974
624088
624389
624396
624430
624451
624542
624552
624803
624809
624837
624919
625006
625258
625658
625728
625791
626213
626424
626489
626567
626703
626931
627195
627199
627517
627644
628079
628083
628379
628692
629094
629566
629931
630590
630691
630975
631054
631625
631875
632108
632270
632336
632525
632567
632835
633066
633154
633213
633424
633516
633581
633939
633940
633979
634127
634337
634373
634374
634484
634620
634819
634832
634968
635038
635070
635110
635197
635285
635303
635371
635564
635663
635677
635717
635805
635828
635849
635953
635961
636041
636144
636235
636301
636410
636423
636819
636825
636933
637518
637561
638278
638421
638610
638620
639294
639338
639531
639688
639693
639709
639750
639901
640355
640754
640943
640956
641162
641352
641356
641402
641421
641487
641646
641712
641769
642009
642172
642663
642674
642780
643673
643700
643702
643722
643793
643952
643981
644294
644520
644623
644737
644755
644922
645145
645176
645220
645249
645318
645321
645331
645351
645639
645755
645886
645895
645992
646073
646570
646613
646647
646678
646779
646958
647051
647640
647693
647833
648143
648359
648530
648684
649161
649911
650182
650527
650602
650648
650686
650694
650704
650749
651103
651187
651338
651340
651713
652455
652456
652457
652488
652499
652539
652633
653333
654416
654438
654453
654763
655267
655279
655534
655678
656241
656414
656591
656946
657618
657950
658186
658362
658375
658453
658454
658916
659061
659099
659471
659532
659554
659820
659892
660094
660439
660548
660568
660864
661067
661344
661349
661460
661611
661685
661784
662055
662134
662295
662450
662509
662964
664144
664167
664220
664306
664342
664400
664815
665015
665458
665770
666334
666449
666456
666636
666964
667327
667369
667397
667967
668170
668267
668722
669109
669217
669400
669524
669771
670412
670413
670581
670755
670878
671037
671115
671296
671304
671369
671738
671765
671769
671797
671854
672634
673037
673302
673375
673755
673756
673810
674771
675511
675846
675943
677659
677700
677813
677859
678016
678636
679424
679713
679979
680377
680431
680633
680641
680805
680928
680940
681913
681954
682039
682102
683256
683325
683522
683731
684043
684134
684490
684567
685469
685574
685727
685859
685925
686045
686887
688103
688481
688895
688965
689088
689099
689153
689434
689552
689732
689786
690142
690451
691446
692082
692534
692769
692770
692973
693021
694607
695206
695274
695357
696451
697167
697461
697688
698588
698693
698705
698928
699400
699495
700031
700703
700928
701054
701122
701740
701810
702351
702392
702659
703885
704235
704248
704378
704444
704601
704683
705199
705332
706645
707462
708437
708566
709447
710118
710261
710890
711009
711569
711584
712059
712215
712731
713646
713858
714171
714398
714494
715135
715549
716560
717128
717954
717999
718079
718148
718655
718804
718911
719845
720328
721417
721530
722128
722564
723170
723577
723626
725440
725750
726376
726815
727368
727933
728472
728616
728962
729109
729223
729376
729379
730418
730522
730532
730597
730753
730810
731579
731610
732787
732960
733204
733586
733599
733618
733710
733873
734236
735153
735299
735681
735752
735890
736143
736481
736514
736616
736626
736839
736957
737240
737296
737326
737703
737801
737839
737928
738024
738247
738254
738417
738549
738765
739122
739708
739751
740106
741502
741617
741782
741890
742050
742442
742635
742798
742821
742999
743123
743367
743419
743515
743525
743750
743902
743914
743998
744547
745020
745778
746200
746258
747251
747291
747832
747994
748218
749396
750545
751474
751485
751527
751582
751958
752110
752262
752386
752741
753242
753673
753770
754029
755135
755666
756740
758070
758325
759318
759808
761603
762811
763035
763319
763531
763774
763945
764096
764257
764386
764662
764977
765204
765861
766017
767017
767561
767590
767673
767766
767791
767864
768455
769015
769801
770780
770802
771171
771428
771936
771960
772346
772474
772489
772521
772868
773378
773403
773434
773450
773641
773742
773888
774427
774878
775746
776062
776385
776412
776555
776767
777048
777211
778100
778348
778498
779141
779143
779358
779413
779706
779769
779785
780093
780102
780380
781535
782516
783393
783425
783460
783463
783518
783610
783961
784113
784266
785253
785592
787229
788166
788379
788381
788950
789674
789693
789873
792022
792281
792675
792692
792773
792805
792874
793120
793315
793320
793343
793529
793589
793832
793895
794408
794646
794707
794771
795749
796592
797867
797942
798292
799270
799756
800313
800390
800543
800559
801215
801250
801391
801462
801577
801694
801706
802659
803526
804179
804204
804456
805204
806707
807318
807686
808076
808136
808193
808651
808740
808756
809562
809791
809880
809999
810033
811607
812204
812497
812889
813984
814171
814226
815518
815771
815869
815974
816084
816122
816346
816789
817060
817106
817361
817553
817706
817726
818151
818282
819306
819578
819804
820012
820213
820383
820519
820543
820582
820638
820759
820822
821111
821198
821483
821518
821926
822189
822265
822727
823325
823443
823960
824006
824105
824110
824185
824302
824419
824432
824957
824984
825254
826621
826656
827092
827212
827636
827741
828663
828964
829050
829053
829128
829148
829186
829374
829428
829799
829817
829944
829979
830004
830049
830092
830150
830561
830678
831403
831549
831899
831919
832067
832189
832491
832581
833148
833186
833575
834750
836504
836589
836608
836740
836762
837124
837310
837474
837816
837822
837951
838412
838458
839008
839798
839963
840674
840908
842018
842905
842940
842958
842961
843275
843288
844189
844232
845084
845577
848265
848724
849024
850079
850321
850600
850725
850949
851430
851443
851664
851668
851810
851894
852022
852271
852350
852354
852505
852729
853196
853467
853509
853650
854171
854572
855588
855737
855781
855936
857008
857221
857569
857745
857921
858269
858429
858536
858720
860051
860267
861189
861227
861317
861567
861878
862481
862826
863560
864025
864354
864630
864695
864930
865061
866104
866345
866427
866665
866987
867307
868213
868767
868968
869583
870343
870359
870926
870977
871124
871140
871470
871550
871575
871854
871943
872153
872517
872814
872869
873343
873427
874096
875017
875060
875623
875799
876342
876872
877100
877137
877577
877693
878160
878613
878860
878882
879093
879214
879623
879729
879910
880158
880543
881480
881685
882111
882130
883763
883891
884007
884224
884239
884286
884287
884416
884460
884617
885556
885592
885839
886515
886916
887267
887908
888231
888318
888526
889453
890014
890333
891012
891489
891968
892317
892861
893031
893068
893171
893508
893866
893923
894388
894477
894529
895525
895557
895799
896045
896173
896184
896538
896717
897172
897212
897471
897474
897699
897891
898318
898684
899060
899156
899609
899673
899811
899956
900221
900621
900654
900864
901190
901764
902664
903771
903883
903897
904118
904582
904939
905191
905214
905244
905269
905344
905844
906240
906430
906507
906624
906800
907756
908115
908797
910088
910467
910788
910938
910977
911060
912313
912380
912880
912978
913232
913309
913378
913428
913455
913597
913666
914066
914094
914177
914380
915877
917412
917518
918939
919729
919764
919789
919896
920019
920171
920183
920259
920407
920483
921020
921215
921256
922803
922995
923293
923907
924146
924306
924577
924651
924910
925437
926445
927428
927433
929256
929560
930370
931469
931861
931874
932551
932794
933265
933311
933538
933561
933961
934114
934996
935439
935733
937244
937576
937924
938026
938423
938597
938671
939609
939696
939754
940157
940307
940813
940887
942471
942671
942978
942979
943049
943052
943142
943474
944028
945359
945722
945762
946757
947048
947272
947353
947805
948052
948710
949389
949867
949995
950188
950300
950666
952120
952525
953248
953649
953660
954414
954850
955337
955860
956211
956216
956249
957710
957718
958075
958109
958168
958178
958297
958376
959594
960457
960522
960608
961792
962746
963134
964244
964455
965708
966370
966375
966622
966740
966846
968128
968206
969763
971430
971714
972461
972555
973383
974263
975295
975368
975783
975956
977167
977169
978045
978248
979562
979697
979826
979987
980550
980635
981007
981071
981335
981693
981725
982218
982448
982806
983203
983796
983830
983886
984282
984554
984988
986437
986825
987048
988048
988096
989133
989191
989192
989619
989829
991762
991764
992056
992414
993619
994040
994187
995594
996297
996414
996509
997830
998222
1000618
1000725
1001121
1001452
1001688
1001940
1002129
1002844
1003512
1003863
1004150
1004184
1004469
1005285
1005312
1005497
1005633
1005927
1009659
1009819
1010778
1011233
1011364
1012234
1014506
1015649
1015931
1016478
1017117
1017501
1017567
1017978
1018888
1019169
1019182
1019320
1019521
1019894
1020175
1020353
1021181
1021222
1021434
1021907
1022364
1022598
1022795
1024162
1024408
1024748
1024865
1026024
1026315
1026512
1026648
1027487
1028027
1029393
1029992
1033474
1033909
1034164
1034709
1035369
1035540
1035676
1036614
1037215
1039158
1039697
1040686
1041141
1041572
1042716
1042883
1043331
1044171
1044483
1045913
1046543
1046958
1047824
1051077
1051080
1051414
1051791
1052038
1052320
1052802
1053302
1053615
1054000
1054345
1054424
1054502
1054634
1055877
1056112
1057088
1057108
1057877
1058005
1059163
1059480
1060573
1061117
1061384
1061754
1062291
1062359
1062627
1062628
1063093
1064433
1064517
1064687
1064725
1065372
1065557
1066632
1067449
1068070
1069552
1069645
1069820
1070231
1070233
1070934
1071265
1071268
1071517
1071855
1072515
1073529
1073530
1073618
1074023
1074629
1074770
1074778
1076144
1076472
1076544
1076796
1076951
1077458
1077645
1078590
1078706
1078712
1079042
1079077
1079553
1079620
1079818
1080807
1081102
1081166
1081392
1081591
1082811
1083109
1084033
1085164
1086022
1086043
1086122
1086490
1086602
1087088
1087427
1088353
1089237
1090857
1091857
1092097
1092399
1092746
1092928
1093095
1093342
1093795
1094590
1095547
1096269
1096432
1096912
1097470
1097551
1098724
1098757
1098955
1100409
1100510
1100576
1100577
1101175
1102136
1102544
1104665
1105395
1105494
1105985
1107694
1108512
1110002
1110055
1110339
1112487
1112588
1113717
1114409
1115461
1116364
1116686
1116827
1117065
1117408
1117496
1118002
1118219
1118993
1119157
1120118
1121404
1121875
1122236
1123328
1123374
1123665
1123851
1124376
1125177
1125397
1125869
1126434
1127281
1129107
1129192
1130339
1130432
1130949
1131038
1131399
1132753
1133167
1133329
1133531
1134082
1134236
1134600
1134760
1134801
19
33
189
222
429
479
583
670
710
726
820
824
877
937
1053
1122
1194
1233
1245
1251
1325
1514
1562
1602
1666
1734
1885
1887
1922
1940
1961
1971
1987
1999
2015
2033
2034
2072
2076
2093
2097
2119
2133
2193
2345
2346
2397
2429
2455
2460
2479
2551
2574
2845
2895
2911
2947
3010
3054
3102
3149
3213
3310
3319
3330
3351
3354
3355
3363
3441
3442
3527
3617
3681
3718
3720
3842
3865
3886
3980
4042
4049
4050
4070
4085
4093
4123
4222
4266
4285
4303
4310
4352
4366
4379
4381
4393
4439
4453
4462
4485
4487
4513
4520
4603
4616
4664
4680
4688
4722
4733
4735
4767
4806
4864
4936
4964
4966
4985
5019
5025
5036
5040
5075
5091
5759
5767
5773
5837
5843
5898
5908
5919
5927
5962
5969
6026
6055
6108
6116
6119
6128
6170
6218
6320
6325
6395
6396
6481
6522
6745
6793
6851
6875
6930
6938
7019
7027
7050
7056
7092
7188
7327
7398
7420
7486
7586
7590
7622
7678
7750
7787
7805
7945
7956
7958
8001
8017
8036
8067
8076
8086
8199
8228
8229
8272
8368
8385
8563
8564
8600
8657
8667
8675
8686
8708
8813
8824
8843
8880
8978
9042
9050
9063
9067
9205
9324
9385
9599
9623
9631
9725
9765
9969
10149
10227
10243
10415
10459
10498
10524
10541
10565
10622
10714
10877
10891
10904
10938
10991
11004
11037
11066
11092
11136
11158
11443
11464
11465
11492
11516
11629
11737
11753
11763
11774
11890
11911
11967
12036
12043
12132
12176
12243
12314
12370
12407
12498
12521
12568
12617
12622
12669
12691
12724
12779
12789
12805
12838
12894
12988
13053
13068
13076
13119
13140
13232
13265
13343
13349
13365
13368
13381
13420
13424
13496
13523
13529
13550
13569
13571
13638
13738
13776
13786
13789
13793
13813
13832
13833
13891
13897
13959
13984
14019
14092
14137
14166
14342
14420
14510
15059
15330
15457
16340
16699
16732
16734
16738
16786
16835
16861
16884
16924
16957
16958
16974
17002
17008
17009
17039
17065
17071
17092
17304
17505
17588
17610
17700
17721
17725
17726
17846
17859
17904
18128
18130
18185
18229
18274
18291
18323
18335
18363
18377
18386
18388
18446
18514
18516
18595
18688
18712
18718
18774
18781
18842
18859
18900
18954
18995
19008
19114
19144
19166
19204
19256
19269
19313
19351
19451
19459
19662
19700
19774
19780
19844
19880
19903
19931
19936
20000
20008
20016
20090
20095
20098
20106
20119
20122
20135
20142
20162
20278
20374
20422
20456
20458
20473
20483
20532
20534
20704
20767
20860
20886
20930
21011
21125
21143
21162
21171
21222
21266
21290
21314
21350
21383
21436
21558
21562
21595
21600
21627
21653
21671
21679
21733
21772
21786
21822
21855
21942
21991
22002
22004
22017
22033
22042
22241
22251
22254
22381
22445
22457
22466
22499
22513
22555
22599
22705
22711
22718
22753
22756
22768
22811
22853
22957
22960
22963
23016
23132
23195
23200
23209
23256
23287
23293
23331
23351
23366
23374
23420
23612
23628
23754
23801
23837
23865
23884
23960
23981
24027
24031
24034
24059
24066
24070
24248
24266
24329
24354
24368
24393
24419
24447
24488
24503
24535
24576
24614
24654
24663
24738
24763
24786
24826
24854
24867
24938
24969
24970
24975
24997
25015
25036
25059
25104
25159
25169
25254
25336
25544
25750
25768
25777
25797
25851
25868
25896
25912
25922
25933
25962
25997
26021
26077
26080
26081
26093
26101
26115
26120
26132
26172
26200
26205
26227
26257
26270
26291
26304
26429
26437
26469
26556
26565
26574
26575
26583
26584
26643
26653
26672
26713
26749
26753
26772
26825
26835
26842
26863
26865
26892
26897
26961
27001
27019
27095
27103
27105
27114
27122
27123
27169
27171
27188
27209
27258
27286
27288
27364
27378
27393
27550
27600
27623
27743
27747
27752
27768
27798
27816
27840
27931
27946
27957
28002
28035
28072
28114
28145
28207
28217
28233
28331
28337
28367
28385
28387
28403
28421
28422
28434
28440
28448
28454
28537
28539
28603
28666
28771
28799
28810
28880
28891
28917
28922
28989
29025
29028
29056
29059
29113
29151
29153
29160
29165
29180
29229
29239
29240
29248
29273
29294
29296
29337
29382
29466
29550
29616
29617
29627
29655
29751
29753
29787
29826
29864
29927
30234
30248
30275
30292
30312
30333
30341
30352
30370
30476
30496
30518
30574
30586
30612
30629
30712
30749
30753
30756
30811
30846
30885
30906
30938
31013
31019
31045
31082
31083
31084
31164
31192
31203
31213
31278
31299
31304
31309
31341
31342
31344
31388
31437
31447
31525
31536
31610
31611
31627
31641
31651
31710
31860
31871
32005
32048
32053
32075
32130
32203
32208
32443
32445
32447
32467
32508
32511
32672
32687
32942
33035
33048
33069
33109
33166
33274
33421
33535
33584
33661
33758
33768
33814
33821
33825
33864
33873
33895
33971
34001
34005
34011
34055
34326
34451
34452
34653
34692
34734
34889
34928
34929
34967
34980
34986
34989
35094
35335
35399
35422
35466
35490
35508
35523
35563
35719
35963
36220
36310
36418
36481
36561
36702
36727
36744
36749
36766
36782
36824
36909
36919
36921
36936
36941
36960
37011
37054
37064
37176
37189
37194
37436
37448
37457
37582
37594
37633
37641
37652
37712
37734
37775
37881
37893
37905
37950
38088
38129
38160
38167
38246
38261
38277
38280
38362
38383
38777
38889
38904
39005
39193
39215
39225
39227
39235
39238
39242
39273
39296
39543
39555
39574
39595
39651
39657
39764
39802
39805
39814
39824
39827
39858
39886
39978
39989
39997
40007
40010
40026
40087
40160
40252
40259
40270
40271
40275
40324
40361
40363
40385
40500
40543
40546
40598
40606
40817
41098
41111
41164
41200
41203
41245
41284
41471
41578
41651
41696
41709
41716
41725
41788
41889
41914
41921
42145
42155
42285
42368
42502
42599
42796
42808
42837
42950
42953
43010
43066
43098
43131
43135
43144
43191
43193
43204
43239
43247
43295
43313
43340
43429
43436
43457
43552
43580
43610
43660
43689
43729
43823
43846
43923
43924
43949
43954
44014
44086
44092
44267
44289
44297
44415
44452
44455
44487
44490
44511
44570
44726
44812
44830
44913
44962
44976
45006
45059
45087
45101
45103
45112
45140
45165
45230
45377
45513
45523
45609
45623
45649
45662
45673
45708
45725
45739
45763
45765
45767
45782
45784
45804
45855
45920
46045
46118
46121
46169
46178
46182
46425
46490
46538
46542
46543
46589
46638
46648
46690
46856
46894
46913
46934
46995
47004
47023
47049
47128
47150
47157
47233
47345
47359
47378
47395
47410
47556
47596
47656
47657
47758
47847
47885
48048
48233
48309
48409
48456
48470
48475
48714
48769
49305
49326
49369
49455
49464
49490
49532
49539
49546
49681
49893
49896
49909
49945
50001
50207
50475
50528
50532
50616
50640
50676
50803
50811
50889
50905
50921
50950
50965
50994
51041
51151
51171
51258
51270
51377
51420
51491
51492
51565
51602
51607
51610
51695
51697
51759
51767
51779
51798
52024
52155
52247
52314
52315
52321
52324
52329
52472
52590
52634
52744
52748
52783
52922
52936
52974
53093
53131
53160
53166
53272
53274
53326
53342
53415
53424
53446
53482
53625
53669
53676
53692
53709
53999
54113
54132
54531
54638
54639
54651
54667
54689
54695
54781
54924
54958
55137
55243
55369
55536
55705
56022
56032
56102
56106
56193
56231
56235
56376
56529
56533
56806
57877
57971
57975
57990
58011
58031
58047
58150
58156
58167
58168
58293
58331
58421
58548
58551
58587
58714
58727
58728
58729
58930
58969
58986
59071
59146
59164
59220
59232
59329
59377
59381
59391
59476
59514
59634
59647
59690
59693
59979
60037
60055
60351
60547
60562
60567
60680
60689
60707
60933
61037
61134
61141
61142
61161
61202
61331
61372
61403
61408
61501
61579
61714
61763
61786
61827
61854
61880
61922
62010
62088
62421
62457
62520
62606
62610
62637
62694
62701
62748
62773
62824
62929
63097
63157
63170
63183
63186
63256
63371
63472
63525
63538
63620
63623
63837
63841
63900
63901
63981
64053
64123
64139
64141
64164
64172
64242
64262
64313
64317
64320
64369
64373
64375
64387
64500
64523
64555
64591
64704
64743
64762
64796
64803
64857
64891
65009
65037
65047
65073
65075
65166
65167
65260
65299
65331
65433
65443
65451
65457
65486
65535
65546
65568
65714
65719
65801
65824
65845
65866
65871
65884
66238
66243
66311
66327
66431
66494
66506
66517
66584
66605
66645
66728
66754
66789
66806
66842
66852
66871
66947
66967
66993
67022
67032
67069
67097
67231
67263
67282
67299
67367
67383
67448
67513
67521
67786
67825
67945
67949
67986
67988
67989
68339
68504
68520
68545
68594
68634
68646
68662
68788
68882
68937
68948
68953
69006
69042
69105
69173
69243
69248
69258
69298
69354
69418
69499
69505
69586
69645
69651
69664
69758
69888
69907
69964
70004
70027
70099
70109
70158
70162
70164
70196
70221
70277
70282
70338
70345
70347
70361
70397
70409
70435
70504
70511
70582
70644
70652
70735
70758
70785
70859
70863
70887
70916
70966
71001
71012
71020
71063
71172
71188
71218
71270
71308
71312
71316
71346
71362
71382
71456
71570
71574
71604
71642
71683
71809
71867
71873
71896
71913
71927
72117
72204
72226
72232
72877
73408
73589
73692
73763
73886
73907
73953
73988
74046
74052
74112
74125
74248
74368
74372
74378
74383
74414
74473
74486
74496
74542
74550
74561
74649
74658
74672
74713
74738
74825
74829
74874
74891
74916
74986
75037
75145
75162
75195
75229
75315
75378
75431
75450
75452
75485
75527
75542
75603
75620
75666
75668
75741
75818
75842
75855
75873
75888
75894
75905
75986
76017
76047
76074
76289
76343
76440
76524
76706
76879
77040
77089
77111
77131
77177
77183
77195
77212
77215
77229
77255
77292
77299
77379
77491
77539
77557
77672
77871
78072
78079
78148
78265
78270
78336
78428
78489
78536
78545
78678
78707
78709
78850
78897
78952
78998
79027
79063
79175
79211
79217
79226
79382
79418
79430
79533
79599
79608
79619
79690
79706
80050
80133
80150
80297
80417
80463
80579
80744
80910
80979
81278
81282
81410
81469
81506
81527
81778
81806
81807
82018
82128
82229
82240
82258
82288
82365
82430
82522
82574
82586
82620
82621
82778
82866
82885
82897
82912
82981
83078
83119
83130
83152
83221
83225
83269
83346
83476
83508
83627
83634
83636
83796
83843
83946
84014
84131
84229
84282
84283
84377
84389
84440
84489
84507
84519
84620
84668
84753
84838
84854
84907
84947
84997
85027
85034
85045
85048
85058
85076
85420
85452
85470
85486
85516
85576
85588
85612
85783
85850
86046
86165
86341
86453
86456
86516
86534
86554
86591
86606
86675
86695
86746
86780
86854
86984
86991
87018
87037
87253
87293
87301
87361
87410
87598
87607
87626
87698
87871
88094
88120
88129
88134
88255
88270
88295
88332
88336
88371
88519
88575
88680
88833
88835
88917
89058
89079
89418
89711
90238
90596
90948
90966
91018
91046
91059
91071
91186
91193
91229
91232
91234
91294
91320
91339
91369
91372
91381
91387
91409
91454
91459
91470
91481
91510
91602
91674
91686
91750
91834
91835
91845
91854
91918
91982
91984
92009
92013
92035
92186
92210
92274
92344
92345
92439
92576
92577
92609
92658
92691
92696
92705
92748
92837
92840
92863
92941
92965
93002
93028
93034
93140
93150
93182
93225
93430
93499
93573
93593
93681
93699
93725
93755
93775
93811
93819
93844
93850
93867
93895
93909
93961
93968
93972
94018
94036
94051
94104
94124
94128
94148
94159
94254
94292
94309
94320
94341
94421
94439
94473
94476
94486
94692
94697
94698
94733
94737
94754
94774
94782
94800
94872
94890
94923
94972
95031
95116
95121
95128
95129
95139
95177
95212
95230
95242
95251
95289
95294
95375
95475
95480
95567
95643
95660
95727
95732
95825
95831
95841
95852
95854
95868
95888
96011
96017
96030
96098
96099
96118
96130
96143
96230
96243
96247
96275
96276
96284
96330
96386
96391
96442
96464
96481
96506
96518
96530
96534
96580
96643
96659
96672
96782
96808
96839
96856
96867
96878
96883
96921
96924
96925
96942
96966
96989
97010
97015
97019
97046
97072
97082
97093
97153
97177
97183
97248
97257
97323
97434
97468
97470
97485
97535
97557
97698
97775
97975
97995
97997
98059
98126
98132
98207
98215
98319
98340
98370
98416
98444
98466
98482
98693
98918
99045
99221
99234
99250
99283
99327
99343
99393
99738
99752
99781
99809
99878
99915
99964
99992
100001
100022
100109
100170
100186
100230
100268
100395
100413
100422
100533
100677
100701
100710
100748
100768
100772
100776
100800
100806
100810
100811
100874
100893
100938
100980
101007
101036
101112
101126
101173
101196
101224
101243
101316
101507
101544
101561
101620
101667
101680
101686
101709
101736
101755
101788
101844
101929
101951
101969
101985
101994
102002
102035
102072
102074
102083
102131
102135
102191
102197
102219
102264
102267
102278
102280
102288
102301
102330
102386
102388
102415
102438
102443
102444
102445
102453
102492
102494
102514
102551
102560
102642
102691
102860
102893
102895
102946
102954
102973
103015
103022
103032
103051
103074
103097
103104
103124
103140
103162
103174
103193
103210
103216
103249
103277
103289
103297
103305
103308
103311
103315
103349
103354
103376
103388
103397
103398
103432
103452
103500
103513
103538
103545
103555
103570
103606
103646
103665
103678
103687
103754
103833
103934
103947
104049
104070
104073
104075
104092
104099
104198
104201
104216
104227
104233
104239
104241
104294
104375
104396
104424
104438
104494
104541
104555
104562
104656
104668
104744
104748
104782
104793
104901
105042
105043
105048
105092
105096
105211
105264
105269
105319
105357
105362
105386
105397
105409
105690
105775
105786
105810
105834
105853
105930
105932
105940
106040
106046
106071
106073
106118
106130
106137
106144
106162
106184
106190
106192
106203
106217
106222
106237
106252
106263
106271
106290
106298
106337
106371
106386
106489
106494
106511
106642
106645
106707
106717
106794
106836
107211
107259
107289
107349
108055
108059
108182
108564
108634
108654
108658
108681
108719
108721
108916
108931
109025
109028
109041
109075
109179
109237
109249
109263
109304
109346
109369
109386
109437
109492
109529
109664
109695
109847
109854
110135
110161
110185
110191
110306
110349
110476
110543
110549
110583
110603
110632
110686
110695
110707
110757
110781
110841
110851
111437
111821
112132
112133
112277
112579
112587
112655
112670
112707
112722
112756
112817
112871
112929
112970
113031
113062
113096
113110
113163
113166
113174
113176
113405
113434
113527
113709
113716
113852
113975
114000
114110
114112
114130
114192
114196
114197
114203
114417
114827
114943
114995
115055
115093
115094
115179
115255
115288
115327
115456
115548
115561
115657
115701
115710
115715
115807
115850
115914
115969
116074
116191
116243
116383
116495
116509
116610
116738
117022
117035
117131
117162
117167
117191
117365
117372
117374
117396
117484
117495
117536
117569
117579
117593
117614
117618
117660
117661
117745
117747
117758
117786
117800
117849
117887
118102
118177
118181
118190
118268
118386
118445
118515
118635
118667
118706
118790
118858
118859
118886
118910
118926
118996
119012
119021
119090
119151
119256
119281
119321
119329
119453
119565
119618
119631
119683
119754
119807
119813
119999
120027
120032
120041
120085
120142
120149
120160
120294
120402
120467
120472
120494
120603
120648
120709
120750
120834
120862
121022
121080
121083
121186
121191
121198
121203
121225
121249
121251
121252
121288
121302
121312
121338
121351
121394
121472
121486
121537
121542
121553
121589
121644
121700
121704
121708
121769
121775
122054
122060
122067
122092
122106
122434
122483
122514
122536
122640
122715
122782
122942
122958
122984
123023
123031
123080
123153
123180
123199
123511
123514
123542
123545
123678
123706
123709
123793
123901
123968
123996
124015
124094
124382
124465
124689
124817
124962
125075
125078
125151
125226
125250
125253
125294
125466
125552
125774
125905
125935
126010
126046
126221
126503
126786
127009
127013
127031
127042
127095
127130
127196
127345
127355
127367
127444
127476
127480
127490
127506
127526
127557
127714
127743
127747
127768
127869
127990
128000
128032
128107
128145
128241
128243
128288
128387
128405
128466
128559
128561
128650
128721
128773
128774
128776
128795
128821
128847
129047
129108
129112
129553
129622
129653
129692
129695
129722
129737
129917
130245
130253
130365
130371
130909
130934
130976
131004
131025
131034
131040
131123
131298
131368
131420
131450
131458
131470
131479
131484
131509
131567
131607
131656
131763
131944
131982
132088
132142
132160
132216
132322
132459
132519
132537
132559
132595
132599
132606
132664
132803
132882
132897
132905
132983
133080
133212
133230
133313
133331
133578
133673
133763
133970
133977
134344
134441
134584
134630
134677
134710
134733
134808
134815
134983
134985
135016
135065
135098
135103
135245
135257
135304
135320
135321
135324
135332
135418
135572
135573
135608
135653
135806
135809
135815
135816
135858
135918
136016
136083
136377
136381
136388
136405
136412
136467
136471
136499
136565
136571
136578
136582
136625
136634
136657
136689
136743
136869
136898
136998
137114
137402
137467
137574
137602
137647
137657
137671
137707
137835
137946
138013
138334
138355
138455
138481
138556
138606
138885
138899
138915
139007
139063
139083
139165
139197
139231
139237
139245
139315
139342
139367
139375
139383
139603
139778
139832
139848
139941
139951
139955
139964
139972
139984
140051
140248
140259
140285
140291
140459
140473
140489
140546
140554
140625
140736
140761
140906
140929
141025
141027
141044
141148
141166
141232
141262
141269
141273
141297
141313
141345
141376
141377
141441
141502
141556
141578
141603
141609
141615
141644
141657
141664
141690
141762
141769
141811
141828
141830
141894
141914
141984
142059
142158
142229
142264
142283
142429
142457
142460
142603
142649
142668
142670
142763
142852
143021
143200
143222
143317
143328
143400
143428
143462
143543
143569
143709
143722
143851
143860
143923
143968
144024
144034
144192
144209
144295
144396
144413
144477
144500
144550
144560
144572
144611
144638
144724
144741
144764
144782
144854
144886
145036
145049
145269
145281
145331
145339
145352
145358
145417
145530
145643
145760
145788
145859
145865
145957
146028
146076
146101
146114
146140
146181
146208
146233
146242
146264
146277
146283
146345
146349
146360
146372
146389
146397
146495
146497
146540
146580
146594
146610
146641
146682
146725
146798
146838
146861
146904
146938
146939
146957
146960
147014
147024
147089
147104
147170
147171
147181
147219
147262
147275
147313
147449
147509
147627
147628
147652
147688
147743
147863
147906
148001
148057
148094
148095
148136
148149
148150
148172
148271
148312
148316
148377
148421
148432
148435
148445
148525
148554
148566
148584
148610
148678
148768
148794
148823
148837
148845
148916
148949
149146
149150
149185
149195
149199
149287
149292
149299
149399
149565
149602
149610
149612
149620
149622
149625
149626
149648
149668
149727
149845
149846
149874
149893
149941
149970
150055
150086
150096
150102
150215
150268
150308
150359
150395
150412
150429
150433
150441
150448
150534
150537
150572
150580
150613
150734
150782
150861
150878
150960
150966
150978
151001
151030
151067
151086
151144
151214
151224
151228
151238
151290
151349
151362
151389
151413
151414
151426
151448
151469
151494
151506
151557
151573
151577
151589
151618
151661
151669
151675
151812
151849
151852
151868
151888
151920
152132
152148
152197
152438
152466
152549
152578
152617
152644
152735
152788
152885
152894
152907
152919
153053
153068
153107
153114
153208
153272
153280
153359
153397
153431
153453
153491
153537
153655
153673
153696
153727
153729
153819
153830
153891
153901
153949
154069
154089
154153
154186
154223
154258
154308
154313
154404
154448
154493
154524
154562
154850
155021
155065
155069
155108
155206
155223
155246
155262
155287
155326
155339
155342
155461
155650
155687
155768
155788
155791
155794
155829
156040
156056
156094
156097
156159
156241
156254
156267
156271
156293
156332
156360
156521
156572
156575
156586
156589
156608
156628
156660
156736
156757
156776
156882
156898
156939
156942
156972
156986
157052
157053
157076
157126
157127
157199
157224
157225
157231
157234
157236
157251
157368
157369
157375
157395
157427
157451
157454
157790
157800
157810
157878
157927
157999
158052
158077
158120
158157
158170
158226
158227
158234
158240
158277
158365
158385
158398
158508
158533
158534
158541
158554
158569
158611
158669
158684
158711
158764
158796
158814
159023
159100
159228
159288
159429
159481
159603
159619
159631
159661
159717
159723
159766
159770
159771
159805
159873
159881
159906
160006
160019
160069
160150
160186
160196
160257
160282
160284
160337
160417
160420
160444
160453
160485
160513
160587
160714
160727
160739
160909
160940
161035
161092
161151
161196
161214
161301
161346
161357
161361
161436
161459
161554
161561
161708
161723
161815
161910
161917
162009
162110
162114
162115
162237
162239
162242
162346
162370
162423
162680
162716
162734
162788
162967
163031
163043
163133
163150
163167
163450
163460
163538
163680
163683
163695
163697
163707
163782
163792
163815
163900
163901
163938
164078
164097
164225
164287
164346
164351
164436
164442
164500
164631
164694
164851
164882
164972
164982
165085
165287
165630
165923
165924
166507
166846
167579
168166
168296
168439
168747
170200
170284
170433
170467
170562
170566
170931
171012
171048
171070
171224
171226
171274
171315
171413
171423
171446
171525
171527
171560
171566
171637
172225
172339
172639
172661
172663
172879
172902
173003
173083
173109
173118
173121
173129
173132
173153
173202
173255
173280
173397
173844
173918
174021
174028
174066
174072
174175
174184
174242
174244
174269
174354
174547
174787
174796
174859
174912
174951
174989
174990
174994
175011
175169
175360
175400
175411
175484
175840
175841
175935
176163
177419
177470
177504
177569
177571
177669
177681
177682
177946
177956
177968
178047
178205
178222
178228
178287
178347
178387
178441
178499
178509
178519
178555
178757
178829
178885
178909
179497
179622
179652
179662
179737
179746
179750
179776
179796
179805
179807
179884
179889
179934
179950
179973
179977
180008
180028
180039
180059
180064
180170
180201
180207
180400
180427
180459
180461
180469
180485
180486
180510
180602
180636
180657
180659
180660
180661
180764
180783
180824
180869
180871
180904
180928
180947
181010
181014
181022
181071
181108
181114
181544
181570
181676
182073
183605
183613
183641
183652
183795
183863
183968
184184
184218
184268
184281
184373
184696
184842
184920
184939
184976
185067
185071
185155
185291
185638
185719
185723
185734
185766
185849
185854
185886
185901
185906
185923
185961
185974
186034
186043
186057
186524
186579
186592
186608
186665
186809
186939
186957
186966
186985
187284
187312
187369
187375
187396
187405
187553
187554
187617
187630
187994
187997
188004
188039
188045
188057
188061
188083
188089
188104
188269
188304
188306
188312
188333
188344
188345
188350
188377
188402
188474
188486
188498
188500
188504
188515
188533
188562
188563
188587
188613
188702
189014
189032
189074
189083
189302
189362
189550
189555
189663
189664
189665
189672
189702
189709
189710
189758
189788
189902
189907
190042
190130
190496
190518
190620
190660
190714
190849
190863
190877
190950
190973
191100
191125
191192
191206
191243
191254
191346
191418
191446
191450
191469
191553
191569
191595
191599
191639
191738
191739
191772
191778
191784
191796
191869
191944
191998
192128
192193
192282
192305
192551
192556
192568
192581
192597
192630
192650
192668
192729
192827
193017
193056
193139
193525
193849
193936
193971
193978
193997
194109
194243
195009
195028
195262
195263
195339
195371
195373
195393
195398
195405
195422
195427
195429
195442
195463
195475
195498
195556
195600
195623
195819
195953
195968
196380
196385
196478
196569
196681
196705
196752
196759
196803
196812
196947
196961
197320
197331
197362
197365
197607
197623
197649
197802
197838
198021
198133
198138
198158
198182
198183
198197
198294
198307
198311
198331
198421
198589
198922
198988
199008
199070
199112
199140
199163
199242
199315
199523
199560
199602
199621
199904
199914
200034
200040
200123
200362
200426
200432
200454
200766
200932
200935
200963
201198
201201
201206
201207
201210
201287
201297
201362
201428
201444
201473
201534
201584
201639
201693
201709
201739
201743
201759
201791
201835
201876
201927
201957
201967
201995
202059
202112
202114
202346
202672
202860
203041
203062
203184
203223
203278
203288
203326
204298
204531
204609
204629
204637
204719
204864
204919
204986
205016
205048
205054
205303
205709
205895
205971
206002
206020
206112
206290
206475
206561
206662
206856
206876
206911
206917
207111
207251
207385
207393
207398
207407
207451
207495
207530
207628
207663
207678
207770
207793
207829
207908
208039
208178
208220
208267
208269
208392
208503
208592
208596
208876
208883
208970
209031
209074
209167
209435
209589
209590
209659
209820
209867
209978
210044
210057
210291
210342
210543
210560
210575
210585
210858
211045
211089
211121
211193
211195
211198
211295
211524
211981
212137
212155
212156
212322
212454
212543
212746
212835
212909
213149
213627
214205
214233
214258
214266
214318
214602
214611
214709
214964
214965
215122
215158
215390
215408
215509
215527
215634
215651
215663
215951
216014
216044
216275
216277
216349
216471
216493
216506
216557
216595
216669
216933
217033
217308
217321
217404
217455
217491
217581
217602
217608
217646
217902
217955
217978
218027
218045
218051
218152
218248
218304
218305
218312
218375
218380
218494
218504
218581
218586
218766
218788
218809
218835
218850
218853
218862
218879
218901
219090
219106
219112
219175
219207
219238
219243
219245
219474
219540
219563
219564
219573
219577
219604
219658
219666
219721
219753
219754
219816
219826
219905
219994
220225
220226
220240
220251
220267
220329
220563
220673
220682
220713
220720
220750
220831
220915
220919
220921
221003
221139
221156
221200
221387
221402
221444
221494
221537
221542
221570
221669
221682
221751
221794
221802
221814
221856
221860
221892
221924
221963
222008
222038
222074
222078
222120
222123
222165
222170
222209
222211
222271
222273
222301
222324
222340
222439
222456
222509
222576
222623
222633
222635
222665
222696
222722
222728
222732
222752
222773
222774
222906
222907
222914
222919
222921
222922
222973
223012
223022
223202
223262
223450
223496
223570
223604
223610
223676
223843
223850
223926
223962
224149
224194
224221
224247
224501
224548
225210
225328
225402
225416
225418
225555
225998
226221
226444
226523
226763
226828
226853
226914
227031
227079
227132
227254
227310
227449
227453
227456
227459
227469
227483
227505
227573
227712
227769
227773
227794
227801
227817
227856
227863
227948
227952
228330
228433
228434
228511
228599
228674
228677
228690
228792
228929
228962
229199
229209
229312
229316
229353
229360
229386
229448
229473
229597
229613
229743
229781
229872
229954
230062
230101
230107
230239
230244
230294
230344
230374
230699
230718
230740
230749
230776
230790
230792
230965
231054
231082
231171
231178
231193
231340
231543
231591
232050
232331
232463
232507
232520
232552
232571
232627
232654
232885
232907
232936
233204
233212
233834
235375
235421
235444
235545
235549
235630
235725
235731
235883
235936
236027
236032
236045
236047
236095
236243
236248
236292
236339
236456
236764
236812
236860
236945
237005
237051
237101
237192
237246
237276
237279
237298
237322
237326
237328
237339
237342
237360
237382
237398
237414
237420
237470
237561
237608
237656
237728
237924
237948
237957
237999
238031
238058
238083
238144
238160
238173
238223
238250
238295
238348
238356
238369
238467
238529
238597
238680
238818
238919
238958
239001
239077
239087
239167
239191
239239
239241
239246
239264
239434
239446
239512
239642
239682
239695
239707
239729
239755
239761
239762
239823
239896
239916
239919
240008
240022
240129
240156
240158
240162
240370
240409
240411
240418
240436
240450
240453
240498
240712
240802
240882
240959
241169
241190
241198
241297
241330
241349
241374
241397
241435
241500
241502
241513
241542
241711
241825
241909
241965
241966
241974
242030
242099
242104
242119
242136
242182
242195
242231
242233
242238
242261
242273
242314
242315
242362
242370
242385
242554
242580
242606
242642
242812
242825
242866
243009
243125
243160
243271
243305
243334
243375
243563
243611
243627
243663
243721
243745
243771
243781
243979
244013
244269
244310
244441
244503
244569
244584
244629
244719
244791
244808
244925
244962
244967
244999
245056
245074
245107
245110
245116
245182
245188
245194
245218
245296
245306
245348
245402
245409
245583
245616
245618
245650
245808
245932
245986
246058
246133
246151
246153
246185
246214
246246
246357
246371
246462
246568
246574
246576
246590
246646
246658
246684
246900
246950
247182
247351
247481
247622
247635
247709
247774
247801
247820
247833
247906
247979
248141
248270
249030
249079
249378
249409
249515
249557
249618
249630
249685
249686
249692
249881
249901
250296
250359
250389
250420
250672
250720
250734
250823
251000
251055
251131
251179
251373
251374
251439
251575
251676
251698
251833
251866
251922
252041
252057
252115
252157
252176
252192
252243
252290
252298
252417
252637
252704
252708
252722
252730
252834
252861
252924
252944
253009
253193
253201
253242
253264
253266
253269
253302
253313
253424
253518
253522
253540
253606
253660
253759
253800
253920
253972
254006
254035
254065
254123
254146
254300
254304
254378
254440
254449
254518
254659
254846
254959
255100
255237
255474
255554
255645
255701
255808
255850
255871
255951
255975
255988
256033
256128
256236
256257
256315
256344
256380
256433
256466
256528
256556
256603
256609
256710
256759
256843
256860
256945
257103
257118
257161
257165
257211
257227
257271
257297
257393
257404
257451
257462
257463
257517
257559
257560
257594
257614
257666
257701
257792
257835
258080
258093
258100
258140
258196
258201
258250
258328
258354
258426
258442
258474
258508
258747
258764
258798
258829
258834
258842
258864
258916
258930
258944
258963
258987
259037
259068
259101
259134
259141
259162
259226
259249
259251
259253
259382
259398
259462
259471
259498
259566
259596
259682
259775
259888
259913
259954
260030
260071
260138
260167
260171
260180
260187
260595
260603
260666
260691
260765
260795
260848
260888
260894
260899
260900
260923
260939
260967
260978
260982
261061
261067
261070
261346
261369
261372
261435
261477
261559
261585
261684
261743
261775
261835
262047
262152
262173
262183
262196
262259
262274
262280
262349
262363
262388
262389
262390
262472
262736
262811
262821
262832
262968
263062
263118
263148
263204
263335
263387
263390
263497
263554
263566
263571
263576
263601
263614
263663
263749
263829
263869
263896
263956
263976
264039
264266
264301
264314
264444
264447
264629
264635
264666
264670
264671
264708
264754
264787
264790
264824
265004
265042
265059
265098
265108
265149
265305
265323
265363
265613
265642
265718
265939
265943
265997
266286
266402
266413
266431
266536
266582
266727
266995
267026
267073
267136
267164
267248
267271
267275
267348
267384
267437
267574
267629
267728
267734
267755
267759
267843
267924
267939
267960
267982
268202
268259
268289
268376
268420
268707
268756
268761
268777
268867
268876
268877
268965
268997
269044
269060
269061
269077
269187
269243
269259
269268
269313
269362
269377
269399
269437
269456
269518
269540
269584
269790
269890
269923
270050
270157
270168
270219
270226
270389
270414
270428
270454
270521
270573
270589
270609
270640
270716
270765
270790
270796
270973
271035
271049
271064
271103
271122
271125
271181
271203
271250
271280
271402
271415
271450
271546
271573
271580
271620
271636
271693
271702
271711
271794
271873
272079
272151
272160
272292
272323
272356
272467
272512
272573
272694
272774
272794
272805
272949
272990
273021
273022
273058
273095
273107
273109
273110
273111
273133
273165
273207
273256
273257
273264
273338
273389
273422
273449
273486
273503
273536
273706
273857
273976
274038
274111
274196
274197
274260
274283
274345
274349
274387
274520
274550
274559
274607
274628
274663
274753
274868
274894
274902
275035
275088
275099
275191
275222
275277
275350
275401
275427
275494
275591
275793
275806
275817
275874
275917
275960
276015
276030
276061
276172
276219
276304
276317
276322
276415
276488
276549
276576
276914
276925
277017
277026
277051
277068
277249
277270
277384
277455
277470
277526
277553
277607
277676
277780
277918
277944
277982
277988
278040
278050
278132
278207
278321
278416
278449
278575
279055
279135
279213
279255
279527
279568
279574
279607
279625
279997
280076
280078
280224
280409
280426
280522
280540
280556
280583
280817
281003
281033
281123
281270
281312
281314
281361
281413
281438
281651
281765
281783
282129
282511
282781
282886
283236
283255
283361
283403
283466
283851
284331
284518
284730
284740
284912
285020
285071
285131
285303
285452
285471
285496
285528
285535
285610
285764
285841
285862
285894
286094
286121
286145
286282
286321
286387
286443
286614
286643
286688
286801
286811
286847
286867
286888
286917
286970
287024
287059
287087
287217
287484
287523
287554
287589
287674
287683
287706
288113
288142
288406
288624
288796
288850
289154
289177
289318
289386
289391
289708
289782
289904
289984
290135
290269
290302
290610
290628
290713
290743
290748
290782
290825
290848
291131
291292
291412
291425
291806
291914
292040
292126
292153
292174
292177
292313
292381
292393
292546
292623
292773
292810
292911
292914
292979
292990
293050
293252
293352
293373
293386
293467
293492
293493
293518
293574
293605
293637
293666
293685
293692
293762
293777
293803
293855
293881
293953
294211
294262
294394
294491
294598
294640
294641
294823
294879
294928
294946
295007
295030
295133
295203
295278
295285
295299
295322
295457
295523
295630
295648
295660
295902
296096
296101
296284
296334
296373
296454
296458
296779
297144
297157
297219
297233
297276
297348
297409
297429
297574
297587
297726
297857
297942
298059
298103
298111
298262
298302
298362
298378
298530
298602
298683
298890
298930
298937
299010
299128
299179
299190
299194
299221
299258
299300
299403
299461
299556
299588
299714
299734
299847
300196
300267
300555
300613
300659
300662
300690
300696
300702
300768
300769
300984
301391
301449
301720
301759
301760
301763
301782
302028
302214
302226
302720
302967
303374
303537
303556
303565
303627
303645
303816
303999
304172
304644
304873
304901
304991
305005
305252
306047
306637
306951
307100
307419
307554
308041
308474
308524
308614
308702
308712
309119
309441
309445
309462
309474
309498
309532
309535
309616
309672
309762
309869
309876
309885
309959
310111
310384
310483
310644
310782
310808
311136
311179
311189
311459
311689
311749
311813
311825
311827
311847
312074
312169
312268
312452
312514
312541
312583
312586
312606
312671
312794
313575
313807
313809
314016
314028
314053
314195
314196
314299
314497
314841
315298
315472
315509
315660
315925
315934
316141
316293
316778
316937
317018
317092
317094
317101
317106
317113
317290
317367
317512
317521
317526
317590
317621
317622
317633
317666
317707
317770
317801
317892
317920
317925
318636
318677
318684
318995
318996
319115
319155
319312
319396
319569
319573
319580
319741
319747
319763
319778
319834
319890
319917
319925
319927
319937
320243
320373
320492
320565
320615
320776
320867
320898
320945
320972
321016
321053
321142
321344
321409
321465
321548
321662
321676
321812
321992
322023
322112
322151
322208
322292
322293
322295
322309
322548
322861
322883
322966
323008
323057
323089
323127
323230
323233
323274
323294
323347
323627
324743
324831
325039
325525
325606
325692
325725
325808
325959
325962
326095
326140
326155
326298
326376
326485
326487
326579
326587
326849
326908
326983
326987
327000
327210
327227
327288
327454
327507
327517
327543
327613
327727
327730
327768
328060
328132
328149
328298
328351
328470
329008
329046
329054
329057
329228
329240
329246
329283
329316
329406
329437
329439
329523
329602
329607
329730
329791
330634
330928
330931
330932
330959
331014
331030
331033
331095
331136
331148
331217
331327
331351
331384
331391
331415
331427
331452
331460
331486
331588
331647
331648
331679
331724
331734
331865
331871
331876
331938
331978
332038
332049
332207
332260
332650
332747
333138
333624
333711
333866
334066
334500
334514
334585
334634
334650
334670
334680
334681
334791
334882
334894
334963
334966
334970
334977
335511
335612
335627
335793
335828
336082
336157
336160
336161
336176
336210
336299
336429
336447
336522
336526
336653
336711
336748
336774
336818
336824
336854
336959
337287
337930
338111
338182
338226
338234
338736
339150
339270
339285
339291
339299
339317
339356
339882
339950
340024
340129
340235
340512
340622
340767
340786
340967
340973
340984
340987
341009
341042
341183
341223
341278
341557
341615
341669
341683
341782
341842
341850
341859
341883
341987
342028
342034
342138
342235
342313
342374
342390
342560
342628
342630
342688
342811
343063
343089
343101
343104
343187
343209
343214
343232
343256
343266
343289
343307
343393
343432
343528
343594
343603
343662
344146
344237
344242
344257
344419
344432
344503
344516
344535
344585
344716
344736
344738
344892
344962
345068
345246
345453
345515
345624
345694
345888
345921
346182
346208
346232
346317
346333
346680
346937
346993
347041
347102
347243
347307
347312
347436
347474
347618
347717
347750
347845
347895
348072
348123
348231
348250
348316
348318
348497
348527
348698
348704
348803
348810
348823
348824
348843
348895
348899
348963
349127
349212
349277
349286
349510
349541
349572
349629
349943
349960
350387
350638
350647
351072
351098
351210
351255
351338
351340
351352
351371
351494
351550
351776
351848
351934
351946
351999
352074
352110
352192
352552
352556
352608
352626
352708
352723
353072
353123
353179
353320
353337
353508
353561
353562
353625
353641
353667
353753
353806
353827
353829
353854
354086
354318
354323
354365
354464
354676
354766
354835
355026
355116
355120
355211
355570
355969
355977
356045
356338
356424
356482
356549
356569
356628
356672
356964
357117
357135
357140
357306
357320
357369
357522
357593
357598
357637
357712
357991
358937
359062
359084
359126
359344
359394
359497
359631
359663
359704
359732
359734
359864
359923
360228
360293
360376
360425
360673
360828
360851
360962
361101
361129
361205
361239
361352
361498
361518
361586
361697
361793
362177
362183
362243
362247
362257
362367
362385
362443
362447
362503
362519
362628
362655
362666
363314
363391
363979
364134
364273
364374
364377
364412
364463
364470
364474
364622
364623
364651
364717
364876
365061
365075
365789
365831
367652
367683
367779
367915
368116
368296
368297
368549
368591
368632
368637
368744
368788
368823
368871
368904
368905
368941
369052
369104
369185
369202
369210
369454
369461
369462
369524
369595
369722
370106
370125
370168
370226
370256
372915
372922
374209
376429
379465
380766
380792
380932
380984
381024
381026
381034
381038
381179
381366
381480
381508
381587
381667
381677
381794
381831
381879
381894
381984
382005
382291
382488
382640
382705
382752
382773
382855
382858
382860
382864
382873
382914
382920
382989
383124
383361
383376
383391
383422
383482
383570
383574
383714
384092
384306
384309
384311
384359
384474
384580
384609
384648
384650
384657
384666
384667
384713
384902
384932
385051
385116
385420
385571
385592
385691
385818
385913
385915
386007
386025
386052
386108
386114
386116
386208
386295
386363
386385
386409
386607
386638
386641
386728
386771
386826
386828
386877
387042
387366
387372
387504
387811
388017
388129
388304
388312
388366
388389
388401
388856
389054
389058
389273
389274
389290
389314
389527
389528
389538
389609
389624
389811
389828
389881
389890
389946
389956
389994
390159
390375
390424
390429
390445
390559
390568
390798
391535
391573
391779
392042
392097
392117
392145
392265
392348
392523
392986
393066
393156
393711
393833
393992
394060
394422
394423
394424
395029
395102
395173
395509
395536
395542
395566
395587
395601
395619
395631
395705
395707
395712
395754
395763
395826
396023
396148
396153
396284
396373
396374
396381
396467
396541
396758
397228
397258
397272
397358
397362
397494
397554
398172
398207
398216
398240
398405
398407
398508
398525
398566
398651
398656
398675
398760
398761
398802
398811
398847
398848
399554
399714
399717
400384
400835
400900
400999
401175
401193
401563
401626
401781
401995
402014
402034
402174
402282
402676
402736
402907
402908
402920
402974
403045
403222
404588
405403
405417
405923
405954
406718
406722
406723
406764
406781
406821
407014
407467
407469
408051
408107
409000
409061
409065
409232
409567
409618
410237
410785
410793
411029
411151
412302
414189
414245
414303
414319
414724
415482
415515
416527
416619
416779
416793
416986
417026
417412
417565
417597
417673
417740
417750
418141
418209
418331
418378
418410
418477
418583
418591
418592
418639
418761
419142
419186
419199
419360
419485
419591
419688
419698
419717
419760
419799
419861
419873
419958
420003
420187
420556
420996
422793
422832
422837
423563
423606
423767
423773
423932
424396
424427
424489
424506
426789
426793
426855
427248
427429
427842
428085
428178
428747
428914
428956
428982
429093
430151
430185
430202
430242
430288
430309
430361
430366
430533
430599
430849
430950
431436
431671
431983
431992
432654
432657
433250
433322
433339
433444
433456
433502
433587
434121
434215
434624
434765
434913
434966
435034
435130
435139
435202
435253
435276
435301
435319
435429
435553
435631
435663
435678
435680
435758
435800
436196
436275
436404
436459
436460
436479
436555
436605
437174
437201
437215
437220
437259
437452
437473
437499
437936
437965
437971
438229
438359
438557
438559
438602
438633
438647
438779
438913
438916
439008
439127
439222
439604
439635
439874
439913
439970
440168
440193
440255
440491
440557
440617
440924
441278
441431
441989
442756
442808
442812
442816
442820
442845
443108
443246
443405
443763
443793
443805
443850
443921
443936
444169
444299
444313
444370
444387
444483
444790
444992
445431
445432
445577
445596
445628
445849
445889
445894
445960
445972
446087
446128
446143
446164
446297
446330
446416
446502
446514
446520
446532
446561
446609
446685
446774
446808
446837
446899
447114
447156
447170
447191
447206
447226
447235
447239
447242
447286
447347
447637
447676
447726
447828
447914
448060
448111
448113
448161
448165
448166
448180
448229
448241
448340
448443
448468
448572
448587
448608
448684
448727
448934
449002
449040
449315
449348
449380
449528
449615
449984
449986
450085
450155
450222
450233
450349
450369
450406
450425
450467
450471
450525
450537
450639
450647
450686
450795
450882
450971
451193
451351
451383
451519
451723
451913
452017
452026
452042
452045
452249
452617
452730
452806
452894
452954
452955
452958
453106
453359
453435
453467
453476
453478
453551
453604
453673
453680
453681
453833
453970
454087
454243
454278
454466
454484
454492
454778
454803
454933
454941
454990
455017
455058
455152
455273
455329
455416
455669
455678
455702
455750
455760
455791
455792
455872
455875
455883
456092
456110
456232
456326
456351
456449
456605
456732
456871
456951
457012
457115
457225
457300
457415
457455
457491
457625
457954
458020
458159
458316
458342
458363
458384
458509
458624
458750
458930
459300
459425
459460
459567
460189
460699
460752
460906
460960
461053
461161
461502
461513
461730
462153
462478
462519
462525
462570
462730
462787
462866
463006
463186
463307
463328
463344
463426
463506
463551
463567
463676
463910
464069
464076
464119
464159
464196
464244
464274
464687
464886
464938
464984
465103
465104
465124
465411
465432
465652
465770
465781
465820
465885
465890
466010
466016
466346
466386
466671
466676
466832
466878
466891
467513
467598
467612
467656
467723
468056
468132
468137
468235
468292
468479
468529
468753
468833
469034
469055
469141
469267
469304
469402
470166
470176
470196
470404
470450
470621
470686
470763
470788
470894
470978
471094
471174
471183
471206
471223
471519
471612
471639
471673
471782
471868
471944
471945
472025
472069
472093
472188
472369
472393
472493
472541
472711
472938
472960
473009
473088
473259
473479
473494
473546
473589
473618
473682
473723
473743
473863
473908
474035
474040
474062
474064
474102
474176
474252
474302
474327
474347
474494
474510
474638
474701
474855
474930
475111
475173
475378
475408
475433
475505
475605
475777
475779
475806
475875
475948
476012
476063
476070
476153
476171
476200
476223
476244
476258
476318
476323
476331
476539
476618
476689
476713
476764
477253
477384
477396
477417
477555
477558
477566
477617
477618
477778
477796
477869
477891
477904
477912
478112
478177
478313
478382
478622
478736
478738
478760
478872
479012
479040
479071
479074
479085
479144
479197
479203
479235
479254
479351
479493
479629
479661
480338
480340
481628
481944
482235
482254
482489
482772
482828
482874
482908
483106
483137
483182
483201
483280
483440
483758
483963
484855
485232
485925
486505
486633
486664
486685
486794
486851
486963
487340
487385
487939
487955
488137
488203
488204
488396
488443
488566
488627
488778
488978
489011
489014
489074
489091
489156
489200
489411
489621
489822
490117
490305
490332
490633
490651
490654
490900
491256
491292
491373
491463
491493
491506
491626
491736
491809
491842
491939
492001
492037
492127
492191
492363
492370
492411
492505
492653
492756
493038
493175
493296
493411
493460
493504
493557
493606
493835
494142
494171
494256
494781
494830
494893
494951
495036
495124
496254
496318
496319
496348
496363
496438
496482
496598
496637
496685
496806
496907
497080
497082
497124
497131
497165
497229
497356
497765
497945
497948
497959
498018
498140
498158
498254
498455
498515
498557
498595
498618
498655
498713
498717
498727
498736
498820
498889
498902
499039
499136
499333
499770
499841
499933
500092
500153
500172
500178
500194
500455
500893
500901
500939
501008
501022
501030
502575
502844
502867
503039
503081
503340
503342
503344
503366
503422
503456
503605
503836
503849
504407
504845
504870
504891
505231
505286
505401
505420
505560
505588
505757
505917
506340
506516
506668
506860
506881
507018
507034
507104
507108
507505
507710
507848
508187
508276
508382
508399
508422
508661
508693
508889
510080
510147
510173
510229
510239
510247
510259
510315
510333
510349
510358
510510
510532
510546
510563
510694
510789
510803
510942
510978
511027
511110
511117
511220
511225
511280
511940
511945
512003
512040
512104
512112
512246
512285
512398
512407
512449
512459
512746
513078
513101
513337
513469
513506
513827
514345
514406
515556
516035
516064
516188
516248
516606
516870
516957
517352
517409
517432
517585
517616
517735
517811
517879
518070
518251
518273
518517
518521
518558
518659
519101
519454
519524
519663
519721
519787
520041
520081
520229
520245
520539
520714
520718
520771
520817
520863
521013
521150
521153
521437
521482
521518
521544
521662
521703
521727
521742
521848
521869
521880
521926
521989
522126
522232
522274
522291
522443
522627
522711
522744
522793
523242
523275
523474
523484
523665
523670
523698
523785
523787
523847
523871
523978
523982
524080
524347
524359
525197
526028
526109
526123
526167
526299
526320
526490
526925
527079
527276
527379
527789
528002
528111
528398
528421
528483
528506
528610
528636
528662
528680
528689
528696
528724
528851
528856
528885
529106
529146
529223
529445
529605
529616
529649
529688
529746
529759
530189
530208
530247
530442
530569
530572
530878
530898
531129
531181
531203
531363
531372
531626
531734
531785
531793
531860
531879
531903
531910
531935
532077
532097
532134
532181
532202
532369
532421
532446
532455
532515
532575
532580
532623
532661
532680
532707
532765
532785
532787
532803
532828
532891
532898
532932
532949
533015
533066
533226
533273
533296
533297
533308
533337
533363
533615
533753
533791
533794
533809
533861
533905
533943
534066
534078
534085
534140
534203
534389
534507
534515
534518
534564
534580
534601
534649
534770
534822
534827
535995
536248
536394
536401
536522
536524
536560
536588
536962
537056
537083
537123
537205
537307
537388
537689
537703
537846
537916
538071
538073
538192
538485
538492
538637
538813
538828
538899
539258
539385
539853
540157
540171
540332
541187
541220
541238
541346
541403
541510
541818
542712
542845
542881
543046
543049
543096
543365
543430
543433
543466
543473
543475
543631
544588
544672
544690
544703
544843
544931
545206
545259
545333
545858
545885
546050
546234
546245
546442
546449
546527
546666
547065
547141
547143
547299
547404
547475
547483
547683
548149
548220
548263
548489
549407
549702
549711
549735
549815
549844
549973
549994
550014
550022
550077
550787
551247
551313
551346
551470
551704
551801
551926
551961
552036
552102
552335
552530
552753
553090
553154
553158
553383
553399
553439
553464
553487
553564
553619
553654
553763
553792
553952
554013
554087
554130
554142
554227
554513
554915
555044
555295
555309
555371
555393
555474
555551
555724
555746
555897
556012
556201
556408
556681
556689
556961
557892
557948
558019
558073
558087
558088
558214
558446
558658
558714
558756
558789
559102
559237
559270
559280
559298
559862
560207
560621
561021
561040
561481
561569
561625
561869
561962
562043
562178
562346
562355
562566
562635
562729
562966
562974
562999
563027
563057
563335
563377
563516
563639
564118
564717
565330
565360
565363
565378
565783
565949
565965
565969
566041
566227
566409
566754
566827
567319
567849
567971
568501
568642
568815
568819
569159
569199
569223
569245
569312
569339
569362
569399
569402
569568
569578
569593
569758
569779
569800
569861
569929
569984
570047
570108
570196
570308
570356
570475
570535
570570
570714
570893
570952
570965
570993
571206
571452
571525
571581
571800
571833
571953
571987
572412
572443
572618
572678
572706
572707
572833
572869
573172
573216
573281
573282
573310
573324
573396
573518
573621
573669
573698
573762
574018
574521
574801
574894
575036
575086
575089
575192
575210
575321
575625
575685
575730
576033
576210
576345
577215
577226
577309
577353
577440
577625
577776
578068
578078
578079
578112
578207
578262
578490
578506
578715
578824
578869
578981
579026
579053
579186
579214
579313
579433
579459
579576
579833
579940
580014
580024
580128
580176
580181
580222
580292
580443
580446
580550
580697
580778
580789
580885
581084
581192
581253
581411
581412
581472
581476
581581
581582
581608
581719
581728
581806
581836
581839
581864
581942
582012
582025
582311
582403
582405
582499
582508
582553
582684
582746
582854
582959
583002
583132
583177
583341
583648
583664
583833
583834
583929
584064
584236
584781
584832
584868
584897
585066
585100
585224
585279
585302
585609
585619
585712
585861
585875
586093
586098
586163
586286
586288
586302
586529
586595
586649
586755
586784
586911
587120
587161
587489
587502
587559
587639
587645
587804
587870
587873
587920
588008
588195
588206
588226
588237
588292
588332
588388
588500
588513
588647
588667
588777
588778
588878
588932
588993
589015
589135
589138
589190
589209
589281
589455
589676
589768
590027
590060
590142
590219
590410
590442
590489
590554
590685
590707
590744
590773
590847
590848
590917
590977
591037
591053
591085
591134
591212
591358
591391
591546
591551
591552
591642
591649
591662
591715
591962
591971
591975
592087
592153
592342
592913
593245
593494
593497
593522
593591
593627
593629
593676
593696
594343
594857
595961
596087
596091
596968
597086
597101
597447
598149
598150
598158
598305
598358
598463
598709
598914
599251
599684
599966
600262
600266
600307
600440
600464
600515
600517
600572
600659
600822
600844
601600
601734
602130
602419
602488
602679
602827
602887
602951
602961
602968
603258
603971
604465
604543
604578
604594
604648
604906
604908
605402
606079
606248
606254
606386
606431
606499
606525
606529
606612
606668
606830
606887
606902
606929
606955
607046
607124
607133
607134
607301
607404
607486
607678
607821
607942
608221
608244
608388
608520
608592
608768
608943
608950
609034
609077
609122
609377
609542
609849
610064
610692
610702
611036
611202
611562
611808
611954
612059
612245
612453
612458
612584
612741
612847
612938
612988
613072
613180
613282
613340
613518
613631
613654
614154
614227
614296
614401
614510
614513
614516
614615
614698
614767
614807
614974
615212
615427
615429
615776
615779
615906
615911
616388
616503
616513
616906
617216
617654
617662
617688
617767
617796
617906
618286
618540
618554
619281
619286
619318
619476
619552
620342
621169
621288
621384
621411
621656
621780
621785
621898
622147
622163
622185
622195
622260
622358
622385
622399
622407
622549
622673
622742
622749
622894
622998
623014
623088
623195
623652
623770
623811
623838
623960
624067
624332
624421
624556
624591
624628
624806
624824
624909
625313
625323
625635
625858
625905
626017
626040
626108
626392
626519
626650
626688
626794
626852
626888
626951
626992
627192
627540
627562
627654
627908
627915
627997
628014
628207
628449
628557
628792
628812
628847
628878
628963
628967
629085
629161
629640
629648
629736
629856
629925
630011
630055
630077
630114
630135
630260
630290
630359
630447
630551
630702
630867
631026
631114
631118
631276
631490
631795
631867
631874
631932
631970
632005
632109
632118
632330
632372
632399
632444
632629
632683
632896
632942
633183
633568
633770
633779
633841
633871
633923
633995
634273
634291
634369
634580
634659
634710
634751
634754
634935
634944
635081
635295
635346
635409
635517
635543
635616
635853
635952
636010
636096
636325
636398
636419
636461
636789
636797
636816
636834
636895
636942
637132
637279
637287
637528
637565
637719
637854
637956
637966
638085
638145
638393
638625
639043
639212
639351
639567
639576
639879
639881
639894
639899
639909
639910
640028
640057
640182
640231
640268
640394
640412
640471
640877
640990
641025
641051
641199
641237
641256
641294
641718
641743
641829
642609
642714
642812
642835
643256
643451
643705
643721
643819
643925
643969
644004
644060
644106
644219
644381
644492
644509
644750
644796
644829
644901
644962
644981
645015
645429
645634
645726
645782
645798
645978
646007
646008
646140
646206
646226
646227
646375
646606
646611
646712
646721
646785
646945
647435
647905
648148
648180
648248
648401
648470
648476
648489
648605
648743
650100
650457
650503
650524
650591
650620
650622
650730
650731
650734
651113
651253
651590
652779
652852
652970
653050
653061
653238
654008
654311
654489
654674
654799
654866
654880
654946
655000
655199
655214
655238
655280
655293
655346
655421
655444
655548
655618
655662
655768
655782
656471
656577
656633
656933
656971
656977
657047
657151
657195
657418
657559
657976
657990
658038
658121
658199
658281
658291
658320
659166
659261
659871
660055
660492
660540
660587
661036
661075
661091
661101
661192
661215
661461
661504
661631
661732
662017
662052
662180
662291
662343
662985
663346
663694
664192
664216
664359
664450
664675
664688
664711
664803
664830
664937
664961
665008
665019
665206
665250
665255
665404
665440
666498
666658
666686
667215
667231
667434
667493
667494
667525
667883
667962
667996
668063
668078
668082
668139
668208
668273
668299
668737
668902
668928
669081
669250
669365
669382
669880
670128
670304
670600
670603
670655
670667
670914
670934
670987
671008
671105
671114
671172
671346
671684
671737
671752
671934
672771
672798
672904
672974
672992
673047
673290
673492
674199
674950
675785
675903
676120
676942
677199
677791
677880
677902
678010
678269
678434
678437
678558
679012
679150
679192
679297
679300
679421
679429
679818
679855
679956
680268
680413
680427
680434
680544
680816
681194
681249
681307
681629
681634
681638
681726
681771
681911
682070
682106
682827
682876
682958
683076
683141
683193
683519
683537
683576
683608
683640
684128
684253
684563
684824
684876
684988
685191
685215
685481
685497
685569
685929
686131
686329
686925
687575
687754
687818
687883
688396
688410
688411
688597
688756
688823
688835
688889
689382
689458
689680
689898
690199
690463
691238
691263
691324
691670
691714
692358
692491
692776
692948
693006
693342
694139
694376
694642
694822
694898
695065
695233
695249
695965
696174
696493
696875
696943
697094
697279
697470
697536
697838
697888
698034
698286
698310
698406
698485
698493
698826
698835
699102
699108
699195
699343
699718
699724
699886
700343
700679
700894
701001
701138
701331
701544
701627
701721
701733
701836
701895
702445
702453
702509
702682
702925
704183
704251
704320
704348
704570
704636
705730
705746
705785
705922
705946
705983
706134
706182
706884
707220
707248
707320
707400
707460
708535
708637
708681
709627
709882
710122
710124
710196
710303
710688
710884
710922
710961
711387
711398
711912
711920
712062
712140
712771
712968
713066
713560
713821
713888
714249
714429
714449
715469
715622
715676
715705
716184
716257
716386
716409
716458
716598
716995
717406
717426
717604
717608
717624
718250
718613
718630
718835
718881
718892
719105
719573
720417
720830
720916
721474
721697
723004
723497
723601
723700
723966
723985
724097
725654
725700
725723
725959
726101
726133
726674
726836
726867
727165
727397
727406
727626
727918
728138
728306
728951
729029
729078
729257
729282
729439
729447
729605
729830
730193
730295
730309
730808
731445
732407
732412
732695
732837
732999
733142
733189
733241
733594
733647
733764
733787
733902
734491
734511
734513
734940
735324
735327
735903
735993
736090
736402
736413
736443
736524
736632
736731
736927
737288
737320
737384
737743
737808
738146
738809
739003
739033
739738
739870
740405
740466
740548
740823
741399
741751
741825
741975
742056
742480
742786
742804
742988
743103
743116
743124
743238
743336
743348
743493
743744
743758
743880
743935
744198
744380
744412
744546
744562
746970
747019
747166
747790
747794
747795
748033
749112
749143
749225
749374
749376
749495
749624
750321
750467
750546
750549
750959
751063
751421
751477
751505
751523
751526
751889
751973
752021
752060
752062
752269
752270
752437
752507
753123
753413
753552
753645
754186
754234
754307
754695
755038
755117
755216
755545
757139
757316
757434
757788
758144
758163
758201
758293
758505
758525
758635
758896
759055
759367
759592
761212
761693
762080
762274
762467
762641
762945
762946
763009
763060
763729
763730
763986
764016
764020
764206
764226
764332
764506
764528
764804
764862
764971
765266
765735
765743
765941
766034
766059
766151
766276
766512
766802
766849
766876
766897
767429
767537
767574
767601
767631
767699
767762
767806
768799
768888
768905
768961
768963
769014
769067
769074
769444
769825
770196
770201
770242
770456
770578
770730
770803
770809
770821
770979
770999
771085
771248
771480
771495
771623
771661
772102
772324
772473
772589
772715
772733
772864
772874
772920
773590
773791
773797
773821
773849
773855
773946
773974
773982
773997
774085
774103
774106
774388
774390
774416
774890
774913
774921
775037
775051
775452
775482
776041
776189
776190
776192
776270
776380
776738
776810
777041
777087
777111
777276
777322
777362
777395
777665
777959
778225
778786
779178
779216
779251
779308
779533
779735
780017
780076
780083
780279
780696
780784
781018
781274
781490
781695
781807
781808
783279
783389
783422
783684
783829
783950
784065
784264
784353
785091
785343
785440
785599
785601
785734
785814
785909
786119
786193
786848
786864
786883
786978
787008
787124
787125
787191
787193
787531
787803
787810
787841
788043
788078
788391
788656
789031
789231
789444
789517
789662
789839
790855
791094
791234
791256
791741
791931
792504
792641
792677
792745
792922
793117
793361
793510
794647
795746
796853
800512
800540
800563
800656
800978
801528
801784
802031
802126
802573
802792
802853
803747
803848
804101
804232
804245
804280
804411
805113
805147
805172
805278
805330
805563
806178
806228
806635
806942
807181
807691
808315
808892
808922
809136
809713
809904
809991
810057
810130
810761
810888
810918
811913
811944
813916
814198
814576
814772
815909
815910
815916
816015
816045
816811
816812
816919
817128
817227
817303
817357
817560
817995
818232
818690
819052
819140
819168
819205
819405
819429
819559
819864
819965
820007
820155
820507
820516
820530
820602
820665
820730
820764
820776
820832
820871
821041
821069
821524
821785
821972
822020
822374
822646
822702
822944
823351
823458
823824
823922
824057
824447
824600
824711
824981
825005
825185
825728
825802
825818
825872
826028
826463
826598
827354
827510
827654
827740
827827
827918
827956
828126
828157
828631
828704
829075
829076
829195
829269
829330
830199
830216
830338
830460
830590
830696
831146
831471
831553
831895
832076
832293
832490
832544
832588
832827
832836
832918
833003
833111
833812
833971
834195
834535
834669
834821
834826
834827
835426
836495
836562
836660
836700
836718
836766
836768
836827
836879
837120
837715
837820
837981
838018
838100
838229
838247
838811
838863
839030
839430
840031
840237
841043
841193
841738
841978
842147
842745
843079
843617
843950
844762
844867
844984
845470
845475
846351
848767
848873
849044
849207
849763
850412
851364
851400
851796
851823
852031
852158
852170
852353
853000
853228
853275
853461
853540
853545
853679
853688
853696
853913
854349
854587
854728
855029
855081
855154
855414
855486
855500
855528
855602
855672
855816
856024
856028
856067
856614
857890
857967
858392
858463
858466
858829
858856
859300
859591
859638
859853
859892
860166
860195
860232
860324
860343
860350
860456
860689
861439
861756
861804
861840
861843
862385
862951
862979
863592
863687
863708
863868
864018
864082
864351
864431
865191
865618
866222
867189
867299
867897
867943
867989
868685
868914
869304
869718
870251
870284
870439
870588
870681
870795
870813
870900
870942
871007
871149
871182
871511
871626
871711
871942
871966
871970
872309
872684
872736
873264
873339
873355
873444
873727
873851
873932
874156
874158
874275
874408
874560
874735
875315
875472
875622
875876
876699
877271
877311
877670
877824
877880
877989
877993
878050
878145
878578
878638
878666
878692
878858
878955
879131
879149
879199
879671
879864
880027
880076
880208
880301
880355
880363
880713
881534
881790
881846
882215
882700
882727
882939
883717
883850
884049
884161
884162
884908
884976
885005
885096
885407
885537
885546
885561
885587
885893
885966
886257
886566
886824
887350
887404
887431
887633
887768
887976
887989
888057
888108
888182
888273
888274
888350
888505
888648
888779
888913
889484
889543
889761
889763
889913
890365
890618
891160
891895
892025
892403
892618
892675
892719
893036
893270
893273
893430
893639
894041
894083
894648
894841
894973
895130
895218
895235
896457
896509
896520
896536
896556
896753
896976
897101
897134
897255
897429
897959
897981
897983
898134
898476
899123
899187
899505
899508
899511
899698
899776
899865
900183
900354
900790
901025
901389
901682
901831
901878
902254
902324
902425
903097
903760
903893
904033
904244
904468
904491
904557
904602
906264
906479
906605
906725
907134
907192
907240
907883
907941
908119
908596
909189
909709
909956
909985
910200
910218
910222
910375
910387
910745
910929
911017
911082
911119
911507
911659
911783
911838
911900
912879
912882
913076
913379
913533
913625
914024
914170
914182
914492
914760
914763
914830
914913
914923
914950
915164
915365
915472
915548
915719
916142
916885
917247
917339
917405
917492
918444
918485
918487
918492
918572
918609
918669
918740
918790
919332
919396
919797
919937
920319
920537
920551
921091
921249
921499
921742
921916
922011
922068
922430
922947
923317
923406
923963
924467
924527
924652
924666
924690
924959
925459
925735
926166
926236
926256
926309
926444
926691
926817
927096
927434
927668
927696
927743
927790
927801
928497
929281
929371
930038
930115
930266
930280
930626
930688
930752
930961
931219
931520
931603
933011
933037
933269
933566
934720
934990
935060
935452
935602
936085
936519
937142
937193
937296
937492
938140
938441
938635
939208
939287
939301
939717
940250
940345
940349
940629
940662
940910
941092
941440
941644
941794
941898
941956
941999
942015
942527
942851
943063
943155
943553
943794
944459
944637
945083
945200
945253
945408
945644
946120
946496
946768
947026
947033
947038
947128
947668
948042
948492
948679
948805
948813
949043
949060
949080
949726
949887
950535
950562
950685
950898
951444
951965
952208
952529
952530
952861
952972
952976
953655
953806
953809
953810
954042
954477
954737
954815
954877
955081
955594
955758
955764
955818
956327
956494
957328
957436
957709
957785
958852
958987
958998
959041
959131
959373
959394
960190
960246
960271
960449
960602
960622
960787
960859
962087
962346
962830
962895
962899
962944
963868
964019
964526
964648
964695
964825
964924
965019
965110
965192
965291
965694
966177
966947
966997
967380
968185
968245
968398
968726
969023
969291
969959
970780
971086
971885
972372
972623
972903
973010
973140
973885
974244
974327
974631
974995
975102
975111
975186
975199
975266
975575
975615
976620
976680
977991
978139
978675
978782
978847
979298
979395
979897
980141
980167
980478
981170
981276
981365
981573
981580
982122
982250
982254
982643
982854
982860
983308
983440
983843
984136
984408
984596
984597
984836
985170
985300
985331
985954
986106
986304
986454
986891
986950
987258
988098
988165
988310
989164
989249
989967
990593
990777
990894
991379
992327
992389
992390
992768
993160
993523
993928
994041
994281
994363
994812
994834
995523
995655
995705
995858
996219
996400
996512
996514
997247
997638
997900
998013
998054
998445
998737
999050
999205
999528
999639
999698
999705
999859
999917
1000246
1001291
1001397
1001545
1001781
1001820
1001890
1002249
1002269
1002271
1002800
1002834
1003244
1003391
1003541
1003616
1003825
1003846
1003928
1003955
1004799
1004837
1005424
1005735
1006596
1006746
1006868
1007378
1008077
1008084
1008614
1009195
1009206
1009330
1009375
1010141
1010219
1011109
1011715
1012180
1013089
1013267
1013274
1013309
1013359
1013440
1013726
1014317
1014347
1014348
1014359
1014376
1015035
1015338
1015711
1016275
1016524
1017037
1017307
1017447
1017448
1017475
1017481
1017572
1017777
1019987
1020023
1020181
1020333
1020416
1020975
1021057
1021636
1021821
1021909
1022215
1022234
1022766
1022783
1022971
1023260
1023745
1023841
1024381
1024535
1025045
1025061
1025365
1025680
1025748
1025765
1025786
1026235
1026241
1026269
1027281
1027290
1027642
1027939
1028410
1029687
1029865
1030338
1030641
1030799
1031036
1031127
1031363
1032145
1032455
1032483
1032647
1032862
1033215
1033312
1033444
1033485
1033682
1034236
1034491
1034537
1034716
1034918
1034971
1035442
1035966
1036269
1036320
1036483
1036653
1037427
1037534
1039113
1039114
1039374
1039627
1039879
1040157
1040237
1041528
1041545
1041718
1042020
1042459
1042460
1042603
1042922
1043163
1043321
1044331
1045868
1046050
1046130
1046475
1047152
1047167
1048066
1048277
1048452
1049258
1049421
1050275
1050761
1050765
1050808
1050948
1051756
1052074
1053496
1053610
1053766
1053934
1054089
1054124
1054470
1055062
1055088
1055691
1056288
1056648
1056651
1056749
1057780
1057867
1057875
1058183
1058481
1058649
1059011
1059170
1059446
1059541
1059680
1060378
1060423
1061203
1061348
1061433
1061473
1062240
1062261
1062472
1062655
1062684
1062844
1062845
1063000
1063114
1063148
1064010
1064058
1064364
1064646
1065105
1065134
1065216
1065246
1065286
1065555
1065905
1066230
1066394
1066486
1066549
1067099
1067230
1067853
1068201
1069367
1069471
1069614
1070108
1070199
1070216
1070219
1070298
1070333
1070340
1070387
1070782
1071000
1071306
1072328
1073034
1073638
1073714
1073731
1073777
1073792
1074514
1074515
1074645
1074857
1074975
1075673
1076017
1076321
1076414
1076760
1077418
1078244
1078253
1079222
1079460
1079973
1080250
1080587
1080924
1081455
1081469
1081474
1082246
1082322
1082703
1083005
1083374
1083918
1084381
1084720
1085091
1085446
1085782
1086200
1086738
1087213
1087444
1087555
1087990
1088071
1088372
1088496
1089241
1089377
1090015
1090539
1090561
1090894
1091298
1091442
1091445
1092043
1092396
1092477
1092558
1093146
1094393
1094637
1095416
1095763
1095882
1097760
1097965
1098788
1099761
1099996
1100028
1100200
1100314
1100622
1100634
1100740
1101471
1101534
1101569
1102338
1102389
1102428
1102622
1102802
1103144
1103429
1103827
1104045
1104205
1104263
1104443
1104917
1105385
1105627
1105751
1106641
1107283
1107461
1107751
1108210
1108457
1108461
1108755
1108990
1109487
1109533
1109535
1110022
1110223
1110716
1111379
1111509
1111972
1112212
1112266
1113163
1113958
1115138
1115316
1115439
1115492
1116993
1117798
1117840
1117844
1118293
1118375
1118487
1118497
1118602
1118841
1118855
1119122
1119803
1120395
1120752
1120768
1120836
1120992
1121513
1122876
1123216
1123427
1123928
1123982
1124938
1125052
1125831
1125832
1125833
1125861
1126197
1126949
1127114
1127376
1128144
1128599
1129470
1130358
1130412
1130766
1131748
1132147
1132200
1132270
1132297
1132647
1132762
1133302
1133455
1133833
1134417
1134625
1134657
25
107
155
197
386
465
484
586
638
644
722
862
864
895
929
952
991
1062
1067
1112
1128
1153
1243
1269
1308
1354
1472
1489
1502
1516
1572
1591
1674
1700
1721
1762
1779
1827
1860
1863
1977
2051
2053
2061
2080
2094
2115
2117
2131
2138
2142
2167
2177
2190
2219
2268
2324
2356
2401
2465
2509
2567
2638
2660
2668
2696
2740
2937
2994
3034
3050
3105
3137
3147
3193
3331
3384
3388
3389
3489
3501
3604
3633
3689
3706
3726
3728
3730
3777
3931
3993
4027
4058
4072
4079
4117
4120
4283
4313
4336
4345
4388
4432
4435
4447
4452
4480
4489
4526
4548
4554
4567
4568
4584
4588
4602
4609
4618
4623
4634
4655
4671
4707
4720
4721
4737
4747
4775
4777
4811
4824
4833
4870
4873
4921
4937
4972
5001
5012
5033
5039
5071
5157
5275
5368
5377
5412
5515
5740
5849
5851
5869
5892
5993
6015
6045
6074
6090
6155
6236
6264
6265
6280
6355
6375
6399
6423
6494
6507
6565
6586
6678
6693
6773
6821
6840
6844
6862
6866
6923
6950
6952
6996
7062
7175
7212
7213
7308
7348
7349
7528
7535
7555
7579
7595
7620
7636
7660
7688
7699
7785
7810
7892
7994
8031
8032
8040
8049
8070
8118
8162
8182
8252
8265
8314
8330
8423
8439
8453
8468
8513
8604
8697
8739
8749
8765
8845
8881
8906
8930
8934
8937
8957
9022
9074
9110
9142
9212
9247
9318
9319
9327
9351
9409
9426
9477
9624
9893
9916
9920
9948
9963
10003
10040
10094
10128
10154
10232
10258
10274
10299
10324
10360
10367
10424
10441
10576
10604
10678
10735
10760
10936
10956
10966
11003
11110
11132
11154
11224
11249
11375
11493
11600
11690
11744
11812
11864
11885
11972
11986
12398
12418
12451
12477
12489
12490
12520
12599
12607
12638
12653
12732
12777
12812
12974
12982
13035
13043
13058
13139
13141
13149
13159
13166
13202
13210
13219
13244
13266
13306
13312
13440
13452
13481
13510
13543
13544
13548
13587
13636
13651
13748
13781
13784
13827
13885
13887
13895
13927
13935
13946
13964
13970
14008
14015
14031
14048
14151
14165
14218
14227
14299
14311
14338
14587
15232
15584
15789
15824
15921
16059
16211
16237
16247
16343
16415
16489
16544
16548
16639
16655
16684
16712
16723
16750
16799
16803
16922
16931
16945
16950
17022
17023
17037
17090
17121
17174
17196
17205
17346
17350
17387
17431
17492
17543
17623
17676
17677
17709
17740
17764
17817
17829
17880
17933
17938
17944
17953
18037
18053
18100
18102
18118
18218
18244
18452
18506
18564
18568
18586
18708
18740
18766
18779
18792
18928
18975
19030
19108
19168
19191
19262
19347
19356
19373
19380
19391
19481
19550
19587
19594
19603
19624
19632
19685
19741
19819
19840
19859
19904
19949
20128
20133
20188
20189
20216
20229
20230
20259
20260
20303
20350
20368
20408
20414
20481
20488
20619
20907
20924
20943
20962
20994
20999
21041
21059
21069
21123
21133
21134
21159
21160
21178
21204
21300
21312
21320
21367
21370
21406
21416
21441
21448
21458
21466
21481
21496
21508
21516
21577
21643
21650
21703
21748
21756
21765
21821
21890
21925
21933
22012
22141
22156
22171
22202
22236
22249
22253
22339
22378
22383
22415
22428
22437
22492
22542
22550
22618
22646
22656
22665
22680
22697
22775
22780
22782
22804
22812
22860
22899
22908
22946
22981
23070
23158
23281
23316
23343
23378
23404
23417
23502
23520
23548
23574
23588
23622
23623
23695
23756
23868
23940
23977
23978
23990
24058
24118
24186
24281
24290
24309
24319
24336
24350
24375
24380
24402
24410
24439
24484
24518
24520
24547
24557
24621
24648
24724
24795
24837
24858
24895
24899
24978
25006
25095
25134
25166
25173
25248
25303
25349
25413
25422
25468
25496
25498
25549
25552
25580
25649
25655
25670
25672
25677
25721
25748
25764
25807
25808
25819
25829
25845
25860
25882
25923
25934
25938
25953
25958
25967
25981
25994
26001
26004
26010
26015
26017
26034
26075
26108
26130
26160
26195
26199
26210
26214
26217
26236
26261
26299
26301
26319
26327
26371
26390
26405
26413
26416
26445
26455
26485
26497
26538
26551
26573
26592
26616
26680
26704
26712
26718
26760
26766
26801
26802
26834
26894
26923
26944
26979
27030
27050
27098
27102
27139
27146
27314
27341
27420
27445
27493
27498
27511
27533
27598
27609
27619
27631
27686
27722
27759
27809
27829
27844
27852
27855
27881
27919
27980
28025
28039
28045
28110
28190
28196
28215
28270
28296
28299
28327
28350
28396
28410
28426
28430
28432
28472
28483
28497
28499
28501
28514
28525
28576
28584
28661
28692
28700
28702
28712
28774
28835
28848
28907
28947
28952
28983
29038
29054
29063
29079
29107
29110
29123
29158
29210
29244
29272
29278
29302
29333
29342
29365
29388
29395
29439
29449
29454
29455
29462
29463
29471
29482
29575
29586
29587
29589
29638
29814
30024
30203
30204
30214
30258
30268
30322
30343
30349
30365
30414
30452
30484
30567
30585
30589
30610
30621
30785
30795
30836
30843
30883
30941
30953
30959
30960
30979
31009
31012
31035
31038
31043
31058
31077
31115
31176
31261
31294
31310
31325
31338
31351
31389
31423
31456
31457
31468
31474
31487
31523
31555
31575
31640
31649
31700
31708
31749
31781
31893
31895
31927
31942
31948
32018
32028
32052
32084
32114
32124
32142
32147
32153
32157
32209
32228
32231
32339
32352
32391
32411
32441
32510
32517
32562
32676
32730
32738
32747
32754
32766
32906
32998
33054
33209
33216
33384
33396
33414
33559
33561
33615
33655
33711
33792
33798
33823
33884
33939
33941
33985
34033
34043
34117
34152
34195
34403
34450
34514
34700
34710
34826
34935
34995
35154
35340
35420
35456
35459
35470
35518
35555
35560
35597
35881
35910
36085
36124
36136
36155
36402
36412
36459
36508
36544
36572
36575
36622
36630
36724
36726
36743
36763
36764
36770
36781
36814
36833
36847
36887
36893
36912
36958
37002
37009
37043
37106
37178
37186
37188
37203
37209
37214
37217
37401
37573
37586
37587
37598
37678
37689
37771
37819
37867
38063
38097
38157
38212
38216
38250
38271
38299
38301
38345
38436
38482
38502
38602
38605
38651
38704
38792
38835
38845
38846
38880
38883
38893
39002
39119
39125
39173
39212
39220
39233
39269
39293
39402
39414
39499
39664
39667
39696
39740
39844
39859
40018
40028
40058
40080
40103
40206
40268
40327
40374
40450
40528
40559
40631
41124
41126
41135
41308
41339
41353
41354
41583
41610
41627
41652
41719
41755
42018
42037
42082
42158
42177
42208
42245
42342
42360
42436
42455
42565
42593
42731
42792
42819
42820
42825
42845
42936
42945
42969
42980
43013
43014
43022
43082
43120
43141
43177
43179
43181
43215
43253
43258
43272
43406
43476
43501
43550
43589
43614
43635
43836
43906
43916
43946
43996
44028
44054
44057
44089
44108
44113
44124
44136
44238
44279
44421
44431
44476
44494
44497
44707
44721
44743
44744
44794
44820
44833
44847
44868
44884
44919
44925
44937
44953
45003
45004
45019
45038
45089
45095
45116
45156
45158
45173
45181
45189
45219
45273
45323
45334
45501
45510
45547
45605
45644
45665
45713
45728
45731
45734
45758
45772
45795
45865
45870
45902
45932
45947
45984
45986
46010
46026
46068
46083
46101
46125
46128
46131
46172
46191
46195
46284
46314
46316
46399
46657
46746
46827
46889
46891
46900
46954
47028
47161
47253
47300
47337
47373
47375
47387
47391
47397
47402
47461
47503
47693
47747
47800
47812
47872
47930
47957
48111
48217
48240
48245
48246
48419
48479
48520
48711
48734
48742
48760
48793
48839
48868
48941
49314
49380
49466
49475
49551
49553
49562
49569
49576
49617
49637
49686
49838
49864
49922
49928
49961
49984
50095
50113
50210
50241
50273
50356
50392
50454
50664
50667
50702
50713
50727
50731
50777
50807
50870
50880
50967
51020
51048
51085
51109
51124
51145
51158
51202
51224
51254
51298
51299
51348
51417
51472
51498
51504
51522
51564
51630
51642
51647
51693
51703
51740
51777
51889
51938
52133
52229
52256
52338
52457
52593
52611
52612
52666
52692
52751
52770
52797
52798
52896
52951
53010
53015
53055
53082
53186
53340
53376
53495
53623
53643
53675
53742
53774
53817
53868
54134
54426
54479
54588
54603
54628
54656
54661
54722
54766
54769
54782
54784
54807
54859
54892
54926
54947
54997
55010
55052
55064
55086
55139
55148
55163
55286
55347
55383
55418
55435
55501
55545
55634
55789
55848
55868
55965
56110
56272
56352
56370
56549
56853
56872
57619
57858
57870
57957
57981
57988
58042
58192
58202
58227
58278
58341
58354
58371
58382
58401
58402
58406
58420
58435
58437
58442
58444
58448
58505
58517
58550
58557
58560
58583
58637
58700
58711
58742
58744
58882
58950
58984
59024
59080
59138
59198
59215
59283
59330
59349
59353
59367
59373
59388
59397
59425
59456
59457
59459
59545
59559
59568
59572
59683
59738
59746
59747
59810
59819
59977
60108
60194
60318
60426
60494
60556
60557
60668
60691
60708
60761
61058
61257
61260
61347
61366
61423
61451
61471
61498
61506
61513
61519
61536
61607
61643
61679
61686
61731
61767
61816
61820
61821
61841
61873
61889
61907
61973
62000
62034
62097
62319
62428
62484
62515
62607
62689
62700
62784
62806
62878
62921
62978
63003
63006
63032
63088
63100
63136
63138
63147
63206
63520
63593
63690
63696
63830
63843
63903
63971
64041
64075
64128
64211
64234
64244
64265
64316
64327
64357
64569
64639
64713
64735
64756
64826
64832
64849
64860
64867
64878
64917
64961
65066
65101
65208
65246
65480
65571
65600
65668
65790
65849
65855
65862
65863
65875
66075
66229
66264
66329
66335
66379
66541
66583
66628
66632
66677
66684
66719
66759
66772
66817
66835
66836
66888
66898
66971
67021
67027
67066
67130
67144
67178
67314
67349
67510
67554
67684
67748
67815
67864
67875
67897
68017
68076
68302
68404
68432
68512
68527
68536
68544
68711
68713
68741
68761
68785
68850
68858
68874
68880
68889
69051
69054
69075
69110
69123
69166
69225
69239
69272
69324
69332
69355
69374
69402
69403
69448
69456
69514
69517
69525
69541
69542
69545
69572
69574
69588
69617
69656
69679
69731
69793
69810
69811
69835
69836
69887
69912
69933
69981
69989
70013
70021
70023
70041
70071
70098
70125
70133
70159
70183
70192
70284
70317
70325
70334
70390
70442
70490
70494
70522
70543
70591
70618
70621
70673
70905
70983
71009
71015
71017
71026
71053
71141
71146
71155
71174
71191
71203
71297
71330
71352
71405
71422
71436
71472
71566
71591
71606
71646
71777
71817
71837
71856
71861
71865
71870
71892
71905
71933
71938
72002
72025
72038
72085
72107
72203
72285
72414
72484
72513
72574
72613
72641
72801
73170
73205
73560
73564
73584
73588
73667
73726
73774
73787
73829
73837
73839
73873
73894
73903
73934
74037
74070
74102
74104
74118
74211
74267
74268
74349
74363
74374
74391
74400
74430
74440
74515
74540
74595
74647
74665
74693
74759
74765
74803
74822
74850
74856
74879
74949
75015
75025
75040
75094
75108
75128
75171
75173
75175
75196
75204
75264
75283
75376
75382
75407
75497
75523
75545
75551
75560
75607
75661
75701
75779
75796
75829
75831
75848
75883
75893
75914
75934
75975
76022
76036
76126
76135
76137
76174
76198
76199
76350
76354
76397
76432
76487
76510
76553
76591
76595
76603
76621
76691
76722
76753
76771
76773
76922
76938
76973
77035
77060
77064
77160
77175
77220
77235
77245
77302
77304
77306
77313
77321
77328
77339
77525
77531
77534
77541
77579
77644
77652
78082
78097
78102
78121
78157
78163
78176
78220
78237
78423
78504
78543
78552
78650
78672
78747
78779
78782
78851
78909
78930
78937
78944
78956
78969
78971
78983
78984
78991
79070
79078
79193
79213
79236
79267
79330
79378
79389
79395
79443
79501
79514
79623
79669
79730
79762
79889
79896
80089
80229
80427
80652
80759
80789
80853
80868
81079
81092
81101
81122
81245
81287
81369
81458
81691
81729
81883
81912
81928
81986
82007
82132
82236
82254
82264
82268
82328
82446
82499
82541
82543
82590
82686
82736
82748
82774
82807
82833
82837
82845
82889
82949
82953
82980
82996
83007
83010
83120
83219
83447
83455
83506
83545
83551
83601
83648
83734
83825
83849
83866
83965
84054
84152
84161
84164
84266
84273
84304
84368
84383
84437
84462
84477
84498
84511
84580
84606
84628
84640
84720
84762
84784
84807
84816
84826
84837
84894
84924
84966
84983
84999
85095
85133
85147
85168
85230
85241
85289
85386
85410
85485
85590
85617
85636
85743
85756
85792
85801
85872
85969
85976
85984
86101
86103
86216
86372
86401
86405
86436
86612
86645
86714
86771
86805
86895
86897
86898
86916
86919
86995
87014
87098
87171
87255
87266
87351
87426
87481
87507
87555
87608
87659
87689
87701
87706
87740
87861
87918
88026
88143
88171
88260
88281
88293
88299
88311
88312
88352
88366
88389
88502
88506
88548
88660
88797
88804
88954
88966
88991
89059
89106
89111
89112
89125
89138
89145
89152
89191
89202
89276
89494
89540
89630
89646
89686
89710
89732
89735
89744
89749
89760
89767
89787
89870
89940
89981
90042
90055
90092
90394
90905
90926
90982
91006
91102
91128
91161
91171
91176
91198
91242
91245
91248
91255
91258
91264
91287
91293
91383
91405
91422
91423
91471
91484
91600
91621
91664
91679
91684
91689
91696
91700
91873
91886
91952
91963
92040
92059
92106
92126
92129
92163
92185
92220
92275
92337
92360
92366
92379
92380
92440
92469
92531
92559
92640
92667
92671
92672
92701
92727
92767
92791
92988
92992
93037
93063
93085
93115
93147
93205
93228
93233
93243
93261
93334
93427
93435
93511
93640
93670
93729
93750
93753
93842
93872
93918
93924
93962
93996
94014
94025
94045
94061
94092
94095
94108
94113
94156
94245
94306
94315
94319
94356
94365
94428
94429
94492
94494
94502
94542
94552
94563
94569
94651
94652
94685
94706
94708
94726
94730
94762
94788
94851
94853
94854
94893
94933
94938
95015
95052
95101
95110
95122
95154
95219
95237
95248
95268
95276
95295
95299
95303
95313
95324
95369
95385
95402
95417
95425
95427
95443
95449
95453
95497
95501
95505
95547
95557
95564
95590
95626
95650
95679
95698
95704
95717
95718
95780
95781
95784
95828
95872
95893
95919
95928
95939
95979
96001
96025
96063
96077
96092
96093
96133
96176
96187
96210
96212
96221
96222
96234
96267
96278
96298
96317
96354
96361
96366
96401
96402
96407
96413
96431
96490
96499
96513
96527
96531
96560
96571
96585
96649
96682
96761
96786
96814
96842
96857
96861
96868
96912
96977
96990
96994
97024
97025
97045
97054
97070
97081
97136
97147
97256
97268
97284
97313
97332
97337
97341
97421
97449
97463
97507
97532
97569
97583
97756
97778
97808
97905
98104
98125
98130
98139
98164
98181
98186
98195
98268
98275
98327
98349
98353
98405
98418
98448
98462
98463
98478
98587
98590
98635
98687
98849
99105
99150
99173
99174
99308
99332
99380
99410
99418
99439
99546
99651
99720
99754
99755
99760
99761
99780
99922
99946
99975
99986
100028
100040
100052
100110
100129
100192
100193
100198
100208
100296
100331
100333
100353
100426
100438
100477
100496
100539
100618
100630
100651
100681
100717
100799
100801
100859
100870
100885
100897
100927
100952
101049
101078
101114
101169
101251
101258
101260
101283
101293
101294
101409
101424
101446
101454
101461
101469
101472
101473
101491
101538
101600
101628
101647
101677
101738
101753
101806
101809
101891
101937
101984
101993
102028
102033
102045
102056
102095
102106
102113
102118
102195
102201
102215
102221
102224
102233
102291
102324
102347
102399
102408
102450
102480
102497
102549
102612
102635
102744
102777
102794
102900
102903
102906
102926
102955
102958
102963
102971
102979
102987
102996
103017
103025
103058
103142
103143
103171
103190
103219
103250
103278
103333
103343
103347
103350
103355
103402
103407
103413
103472
103481
103498
103539
103696
103698
103719
103743
103752
103840
103858
103881
103888
103898
103938
103955
103977
104001
104078
104101
104112
104144
104167
104178
104277
104314
104333
104354
104357
104378
104471
104521
104556
104573
104588
104603
104605
104754
104769
104787
104808
104818
104821
104978
105004
105013
105069
105095
105185
105205
105228
105244
105248
105311
105313
105323
105364
105382
105395
105401
105414
105470
105556
105611
105649
105663
105674
105691
105710
105719
105728
105741
105745
105754
105809
105848
105923
106026
106029
106053
106100
106111
106135
106208
106234
106243
106265
106285
106300
106305
106326
106387
106396
106468
106524
106540
106638
106699
106750
106768
107055
107288
107466
107653
107945
107965
108215
108381
108408
108557
108558
108565
108656
108668
108685
108695
108723
108932
109002
109008
109022
109030
109032
109059
109065
109088
109104
109110
109149
109209
109248
109300
109347
109398
109402
109413
109488
109550
109620
109625
109730
109855
109895
110145
110203
110213
110215
110239
110295
110309
110320
110322
110356
110456
110578
110596
110638
110709
110713
110741
110759
110762
110773
110792
110824
110965
111148
111294
111474
111488
111513
111755
111771
111784
111859
111865
111955
112237
112282
112334
112336
112350
112418
112486
112553
112576
112608
112620
112774
112839
112891
112927
112977
113295
113342
113356
113884
113950
113963
113990
114006
114129
114141
114147
114155
114167
114170
114206
114248
114277
114278
114393
114419
114529
114542
114556
114567
114614
114644
114832
114953
114977
115057
115060
115071
115123
115174
115227
115260
115261
115329
115332
115387
115398
115429
115467
115469
115483
115617
115652
115692
115694
115774
115805
115833
115851
115881
115932
116010
116085
116088
116119
116143
116145
116165
116337
116385
116442
116465
116654
116680
116757
116762
116947
117016
117110
117118
117138
117350
117384
117438
117488
117639
117694
117715
117778
117809
117856
117951
117984
117991
118022
118081
118090
118141
118171
118173
118259
118350
118492
118536
118541
118555
118612
118613
118682
118744
118779
118893
119017
119082
119094
119098
119157
119201
119230
119396
119404
119410
119416
119437
119447
119517
119518
119540
119556
119667
119808
119962
119980
120048
120054
120061
120088
120098
120120
120131
120141
120145
120172
120203
120237
120353
120358
120370
120373
120382
120383
120430
120443
120510
120546
120553
120590
120620
120644
120681
120692
120784
120821
120874
120882
120926
120941
120975
121047
121069
121123
121140
121259
121266
121277
121297
121345
121348
121356
121368
121373
121490
121513
121607
121637
121698
121707
121727
121728
121736
121739
121789
121805
121808
121818
121823
121827
121841
121897
121916
122031
122088
122089
122123
122235
122236
122261
122280
122374
122450
122469
122472
122474
122480
122526
122545
122548
122634
122635
122707
122912
122918
122965
122970
123022
123072
123090
123115
123126
123159
123172
123268
123513
123713
123734
123764
123821
123880
123934
123984
124024
124109
124184
124232
124304
124471
124771
124775
124788
124791
124940
124965
124973
125080
125103
125105
125115
125157
125307
125469
125867
125917
125922
125934
125949
125971
126009
126112
126123
126125
126170
126193
126205
126248
126309
126318
126380
126467
126829
127098
127115
127125
127167
127175
127205
127445
127500
127563
127606
127624
127688
127702
127712
127754
127756
127763
127772
127993
128016
128021
128027
128035
128111
128122
128214
128271
128323
128329
128332
128342
128373
128427
128483
128484
128570
128581
128607
128631
128641
128657
128668
128681
128688
128700
128743
128761
128782
128788
128810
128816
128870
129052
129608
129619
129703
129742
129757
129764
129775
129802
129820
129835
129914
129975
130048
130094
130130
130273
130288
130331
130339
130645
130889
130925
130932
130938
130953
130964
130988
130992
131063
131084
131130
131138
131139
131166
131211
131303
131326
131385
131388
131405
131433
131440
131466
131478
131500
131515
131574
131579
131584
131595
131633
131767
131778
131782
131785
131790
131793
131794
131827
131830
131869
131893
131967
132042
132115
132134
132167
132178
132228
132249
132292
132369
132376
132387
132390
132391
132439
132504
132534
132542
132579
132646
132680
132705
132788
132806
132842
132845
132861
132869
132936
133039
133272
133370
133631
133709
133726
133759
133789
134014
134059
134116
134135
134461
134497
134514
134544
134585
134702
134716
134742
134755
134771
134804
135066
135068
135202
135205
135226
135228
135243
135273
135480
135484
135567
135690
135734
135780
135893
135904
135944
135950
135957
135963
136052
136146
136221
136294
136373
136375
136409
136410
136418
136423
136426
136520
136656
136664
136731
136734
136810
136812
136876
136912
136982
137101
137324
137325
137335
137353
137368
137370
137390
137395
137397
137517
137528
137560
137573
137578
137585
137598
137599
137623
137670
137756
137939
138018
138108
138164
138332
138391
138441
138547
138595
138604
138607
138894
138987
139046
139050
139062
139065
139087
139088
139121
139122
139156
139228
139238
139249
139267
139294
139333
139365
139390
139400
139574
139614
139673
139680
139694
139719
139776
139800
139834
139835
139909
140029
140045
140127
140168
140292
140434
140444
140458
140470
140490
140522
140565
140572
140584
140667
140686
140858
140904
140990
141066
141095
141130
141161
141185
141193
141225
141386
141544
141552
141567
141588
141594
141629
141751
141786
141886
141945
142031
142044
142079
142309
142335
142549
142557
142611
142638
142665
142667
142877
143078
143146
143148
143217
143274
143343
143417
143421
143423
143427
143450
143512
143518
143536
143689
143713
143903
143934
143995
144002
144017
144025
144037
144084
144129
144159
144234
144287
144296
144503
144619
144631
144640
144706
144725
144733
144824
144942
144957
144991
145060
145132
145142
145179
145182
145189
145191
145226
145233
145354
145361
145406
145487
145492
145548
145596
145677
145688
145782
145819
145873
145908
145965
145992
145998
146025
146077
146107
146143
146150
146201
146203
146232
146270
146281
146316
146333
146373
146380
146390
146411
146427
146496
146507
146539
146600
146616
146644
146654
146667
146728
146733
146735
146745
146748
146750
146755
146759
146860
146900
146925
146934
146968
146971
146981
146983
147004
147045
147059
147072
147132
147151
147167
147222
147321
147344
147441
147445
147513
147533
147610
147637
147671
147726
147728
147741
147769
147859
147897
147910
147938
147976
147982
147984
148013
148066
148068
148166
148208
148211
148213
148324
148341
148371
148374
148449
148471
148488
148502
148504
148533
148544
148604
148655
148672
148734
148740
148788
148808
148856
148901
148910
148970
149082
149104
149112
149200
149216
149238
149247
149252
149291
149314
149328
149392
149394
149395
149444
149569
149634
149638
149658
149719
149789
149825
149954
149960
149965
149983
150052
150066
150067
150068
150080
150098
150121
150152
150163
150169
150174
150177
150185
150191
150221
150247
150281
150311
150322
150353
150427
150442
150443
150450
150459
150536
150539
150598
150641
150679
150684
150709
150740
150780
150792
150839
150891
150892
150976
151011
151021
151043
151069
151078
151085
151138
151149
151203
151227
151247
151257
151284
151288
151295
151393
151446
151483
151490
151520
151538
151610
151645
151674
151722
151735
151739
151791
151809
151912
151918
151928
152033
152153
152183
152191
152236
152285
152294
152295
152358
152371
152453
152473
152481
152493
152542
152568
152607
152614
152643
152645
152666
152697
152703
152712
152740
152746
152765
152798
152834
152842
152923
153004
153018
153130
153165
153168
153234
153277
153340
153372
153419
153440
153473
153581
153592
153662
153668
153766
153770
153811
153832
153903
153920
153941
154009
154018
154036
154073
154410
154487
154534
154547
154563
154603
154655
154753
154768
154773
154777
154820
155048
155109
155121
155140
155209
155227
155346
155385
155468
155469
155481
155490
155528
155672
155685
155703
155746
155780
155858
156143
156171
156182
156210
156243
156294
156304
156363
156484
156519
156584
156663
156667
156683
156777
156796
156885
156888
156909
156918
156927
156928
156929
156979
157035
157038
157039
157065
157100
157108
157138
157158
157163
157197
157200
157227
157258
157276
157303
157314
157346
157348
157358
157455
157458
157462
157494
157495
157504
157560
157571
157575
157580
157611
157643
157695
157698
157728
157759
157818
157819
157888
157971
158134
158137
158182
158209
158223
158325
158353
158366
158387
158401
158422
158465
158467
158516
158543
158560
158579
158587
158687
158750
158823
158931
158945
159007
159026
159028
159060
159080
159109
159221
159225
159280
159348
159355
159372
159389
159401
159404
159407
159435
159599
159604
159618
159666
159667
159669
159775
159809
159886
160025
160080
160138
160152
160174
160216
160277
160283
160397
160401
160447
160449
160463
160497
160594
160632
160698
160731
160797
160834
160846
160865
160902
160908
160956
160976
161000
161012
161018
161030
161085
161091
161108
161120
161267
161289
161351
161463
161509
161569
161654
161731
161774
161818
161831
161838
161954
161971
162028
162030
162075
162100
162111
162122
162261
162265
162347
162372
162381
162383
162390
162464
162466
162467
162591
162592
162637
162791
162809
162819
162982
163025
163056
163126
163164
163175
163260
163278
163356
163390
163399
163414
163449
163451
163467
163476
163494
163506
163529
163666
163713
163740
163751
163778
163809
163847
163923
163944
163955
163977
163980
163986
164018
164019
164064
164073
164085
164086
164095
164119
164126
164151
164206
164272
164303
164401
164402
164449
164470
164494
164586
164609
164632
164648
164708
164750
164752
164790
164802
164837
164900
164919
164926
164944
165095
165141
165149
165179
165668
165745
166123
166136
166259
166371
166404
166471
166837
167079
167185
167200
167272
167438
167441
167535
167701
167776
167945
168041
168146
168153
168154
168305
168419
168442
168458
169049
169060
169061
169666
169851
170054
170126
170218
170253
170260
170282
170300
170301
170302
170316
170435
170485
170597
170939
171031
171326
171352
171454
171500
171506
171542
171564
171626
171728
171822
171925
171974
171989
172267
172356
172357
172508
172591
172626
172889
173020
173096
173147
173162
173164
173179
173186
173187
173205
173258
173270
173338
173938
174106
174155
174162
174213
174251
174258
174281
174287
174298
174314
174326
174435
174517
174743
174752
174784
174871
174872
174888
174896
174909
174929
174948
174952
174978
175040
175195
175217
175301
175355
175368
175438
175470
175611
175870
175926
176066
176238
176711
177402
177410
177433
177435
177473
177479
177514
177562
177646
177659
177718
177811
177919
177944
178041
178203
178263
178284
178320
178523
178525
178726
178727
178773
178776
178818
178852
178904
179037
179371
179601
179630
179659
179683
179735
179794
179820
179869
179873
179897
179928
179930
179940
179949
179954
179972
179994
180036
180049
180071
180079
180098
180128
180162
180167
180176
180181
180192
180211
180219
180220
180230
180260
180267
180273
180302
180308
180352
180381
180384
180396
180397
180425
180442
180491
180502
180530
180542
180615
180641
180645
180716
180862
180937
180949
181009
181027
181036
181302
181366
181409
181485
181510
181545
181549
181550
181571
181622
181857
181902
181993
182089
182783
182808
182922
183618
183862
183870
183904
183953
183962
183990
184031
184119
184160
184167
184222
184230
184261
184374
184640
184712
184802
184848
184924
184981
185016
185037
185114
185602
185684
185757
185764
185806
185904
185936
185998
186071
186512
186546
186569
186590
186591
186632
186642
186650
186733
186738
186751
186910
186987
186993
187001
187013
187239
187334
187354
187367
187400
187481
187500
187512
187577
187579
187608
187635
187685
187996
188001
188013
188020
188069
188099
188109
188118
188144
188253
188279
188329
188332
188359
188394
188403
188418
188419
188452
188467
188490
188522
188531
188548
188554
188582
188705
188977
189054
189082
189158
189316
189429
189558
189598
189601
189628
189645
189671
189731
189768
189823
189833
189881
189894
190028
190385
190398
190406
190439
190519
190522
190542
190673
190728
190729
190841
190842
190878
190904
190957
191085
191123
191138
191178
191198
191237
191249
191252
191268
191273
191295
191301
191307
191364
191381
191384
191389
191427
191444
191449
191451
191493
191649
191720
191754
191757
191815
191930
191934
191936
191937
191968
192001
192013
192017
192099
192121
192131
192331
192365
192592
192620
192662
192703
192952
193034
193129
193255
193317
193415
193520
193565
193668
193739
193798
193912
193919
193920
193977
194018
194106
194173
194248
194259
194463
194953
194963
194998
195152
195174
195176
195193
195198
195208
195214
195227
195232
195324
195385
195391
195411
195419
195424
195441
195444
195449
195525
195536
195596
195616
195665
195692
195726
195727
195739
195752
195777
195781
195817
195852
195868
195897
195899
195909
195911
195964
195996
196039
196232
196250
196261
196355
196446
196697
196716
196734
196742
196801
196897
196924
196971
196980
196985
196991
196995
197455
197460
197493
197504
197588
197604
197680
197724
197765
197794
197932
197972
198025
198049
198051
198057
198126
198140
198317
198324
198524
198549
198624
198637
198656
198751
198814
198857
198902
198994
199021
199027
199097
199137
199193
199230
199240
199251
199379
199475
199477
199515
199527
199550
199567
199594
199597
199620
199667
199683
199756
199868
199910
199990
200014
200031
200043
200075
200092
200285
200299
200333
200427
200464
200509
200523
200580
200754
200797
200880
200961
200967
201027
201115
201193
201194
201203
201212
201275
201300
201318
201397
201442
201495
201502
201564
201592
201772
201775
201780
201809
201935
201999
202010
202287
202304
202316
202624
202853
202946
203030
203100
203125
203165
203220
203236
203268
203275
203294
203350
203596
203875
204361
204432
204529
204564
204620
204631
204640
204806
204948
204980
205010
205057
205197
205679
205789
205853
205910
205963
205974
205989
206024
206030
206118
206180
206238
206242
206277
206291
206315
206374
206418
206437
206466
206484
206679
206768
206810
206872
206890
206892
206898
206919
207018
207122
207157
207210
207314
207394
207421
207487
207515
207579
207587
207657
207661
207666
207722
207746
207767
207798
207830
207982
208028
208116
208169
208179
208183
208194
208214
208424
208437
208529
208568
208580
208652
208655
208767
208833
208837
208983
209172
209235
209251
209347
209366
209370
209372
209418
209419
209443
209498
209501
209523
209632
209671
209691
209774
209775
209776
209793
209815
209984
209992
209993
210102
210106
210160
210169
210251
210276
210322
210327
210392
210431
210445
210472
210580
210611
210722
210729
210865
210902
210960
211036
211048
211165
211194
211259
211336
211355
211383
212084
212105
212140
212213
212235
212239
212260
212265
212349
212370
212528
212567
212861
212874
212925
213186
213225
214223
214226
214312
214913
214960
214984
215084
215115
215195
215254
215479
215481
215501
215537
215798
215985
216149
216168
216212
216215
216278
216332
216336
216339
216424
216456
216462
216503
216524
216638
216656
216759
216764
216798
216806
216859
216862
216876
216926
216993
217013
217036
217059
217089
217123
217126
217143
217158
217219
217223
217224
217289
217481
217573
217575
217592
217673
217718
217721
217779
217827
217950
218073
218105
218114
218141
218216
218259
218287
218337
218350
218412
218423
218427
218479
218490
218492
218564
218578
218614
218626
218746
218747
218771
218782
218819
218889
218932
218965
219046
219108
219117
219172
219192
219232
219244
219283
219343
219344
219476
219478
219514
219555
219670
219676
219702
219752
219781
219811
219812
219814
219855
219943
219945
219998
220060
220061
220124
220162
220197
220208
220339
220344
220432
220490
220528
220541
220567
220584
220590
220657
220669
220687
220702
220715
220751
220796
220858
220872
220886
220905
220922
220958
220972
220983
221013
221033
221043
221081
221100
221215
221264
221296
221485
221522
221526
221553
221560
221593
221607
221675
221749
221755
221769
221849
221874
221907
221919
221930
222151
222248
222275
222289
222291
222308
222309
222391
222441
222446
222452
222463
222470
222512
222552
222553
222555
222588
222600
222769
222817
222889
222913
222918
222938
222951
222957
223011
223031
223189
223203
223422
223459
223485
223489
223493
223498
223752
223865
223898
224070
224112
224115
224226
224326
224486
224497
224550
224551
224569
224588
224699
224739
224878
224887
225086
225189
225307
225363
225430
225726
225731
225797
225820
225973
225985
226075
226373
226382
226391
226465
226568
226766
226773
226916
226955
226967
227042
227047
227126
227153
227162
227385
227445
227497
227553
227559
227638
227687
227697
227706
227855
227937
227966
228374
228445
228480
228494
228561
228605
228667
228736
228887
228923
228925
228932
228986
229018
229095
229173
229174
229182
229230
229232
229256
229267
229331
229342
229344
229346
229349
229354
229371
229378
229394
229410
229412
229499
229500
229581
229585
229605
229610
229642
229643
229673
229689
229788
229850
229939
229943
229998
230076
230186
230238
230600
230606
230617
230669
230694
230745
230747
230931
230957
230967
230968
231058
231098
231117
231123
231146
231153
231183
231400
231665
231683
231739
232023
232024
232134
232140
232273
232285
232298
232322
232356
232398
232439
232450
232620
232646
232661
232808
232915
232917
232965
233214
233286
233324
233602
235045
235054
235369
235418
235424
235452
235459
235553
235710
235903
235933
236005
236019
236060
236070
236089
236136
236145
236162
236171
236227
236254
236372
236397
236407
236432
236433
236442
236445
236452
236461
236465
236470
236472
236482
236507
236534
236535
236550
236558
236598
236803
236831
236877
236884
236905
236952
237006
237038
237127
237129
237138
237186
237204
237207
237241
237253
237287
237307
237421
237436
237647
237653
237712
237805
237837
238117
238174
238198
238210
238228
238235
238319
238357
238363
238365
238409
238419
238439
238442
238530
238545
238551
238587
238646
238670
238732
238827
238833
238840
238857
238874
238909
238992
239068
239088
239089
239154
239168
239169
239238
239273
239283
239348
239391
239417
239451
239513
239515
239578
239623
239703
239781
239804
239855
239925
240004
240017
240040
240066
240068
240154
240160
240212
240240
240241
240261
240304
240315
240335
240366
240375
240391
240432
240451
240462
240510
240515
240538
240618
240662
240836
240969
241092
241163
241252
241279
241353
241357
241366
241370
241383
241393
241406
241413
241441
241522
241634
241700
241781
241791
241823
241987
242008
242017
242077
242086
242105
242176
242204
242245
242249
242318
242343
242438
242457
242482
242485
242508
242526
242563
242575
242742
242755
242762
242824
242861
243117
243153
243198
243238
243328
243459
243467
243508
243653
243664
243675
243779
243813
243830
243912
244020
244048
244064
244082
244084
244094
244101
244159
244194
244484
244499
244504
244523
244547
244567
244706
244734
244773
244870
244872
244887
244910
244916
244942
244977
245018
245029
245039
245045
245089
245111
245117
245144
245181
245215
245274
245366
245378
245387
245457
245581
245701
245791
245948
246024
246144
246157
246181
246188
246189
246224
246232
246255
246277
246279
246302
246340
246367
246394
246455
246471
246485
246541
246544
246571
246615
246625
246630
246631
246649
246683
246714
246840
246941
247007
247065
247213
247238
247248
247249
247280
247289
247303
247305
247432
247447
247587
247759
247788
247814
247823
247850
247934
247936
247943
247977
247999
248091
248129
248136
248282
248292
248534
248588
248775
248948
249041
249047
249083
249145
249281
249348
249386
249402
249414
249498
249502
249622
249658
249676
249718
249739
249767
249768
249780
249920
249952
249959
250038
250066
250080
250083
250315
250349
250366
250392
250404
250543
250575
250580
250587
250589
250609
250725
250729
250764
250893
251085
251108
251213
251247
251320
251334
251339
251347
251378
251408
251454
251535
251546
251561
251613
251634
251661
251703
251719
251727
251748
251810
251840
251868
251882
251933
252009
252011
252012
252025
252044
252067
252073
252079
252151
252161
252172
252185
252193
252210
252247
252252
252318
252329
252388
252402
252415
252484
252487
252631
252671
252781
252833
252848
252896
252898
253014
253040
253140
253185
253191
253216
253232
253439
253467
253468
253469
253496
253586
253594
253622
253658
253767
253829
253843
253876
253950
254001
254011
254033
254071
254144
254358
254361
254392
254413
254422
254431
254663
254678
254785
254808
254823
254890
254950
254967
254974
254979
254996
255005
255045
255127
255160
255176
255181
255204
255282
255298
255299
255304
255332
255367
255468
255484
255570
255572
255623
255624
255650
255664
255683
255708
255772
255966
255976
255994
256014
256096
256246
256305
256530
256543
256598
256610
256612
256728
256853
256909
256922
257019
257076
257092
257105
257186
257269
257308
257432
257470
257515
257532
257595
257643
257706
257707
257787
257798
257807
257847
258108
258136
258139
258156
258175
258210
258221
258232
258259
258260
258270
258312
258336
258393
258410
258461
258506
258513
258518
258525
258529
258545
258572
258635
258649
258730
258753
258766
258791
258826
258850
259011
259120
259149
259152
259154
259192
259218
259220
259239
259285
259397
259408
259424
259440
259444
259454
259458
259489
259530
259537
259551
259622
259712
259780
259848
259948
260014
260058
260061
260081
260083
260086
260104
260106
260244
260245
260253
260265
260275
260290
260322
260357
260360
260375
260394
260615
260620
260622
260636
260660
260687
260715
260738
260761
260766
260810
260825
260935
261053
261055
261075
261102
261160
261228
261286
261297
261338
261424
261431
261466
261492
261532
261556
261560
261600
261682
261713
261722
261747
261758
261853
261872
261874
261890
261907
261911
262016
262021
262075
262144
262182
262203
262212
262305
262343
262417
262488
262505
262509
262570
262663
262777
262787
262822
262949
263036
263039
263098
263114
263132
263193
263208
263211
263214
263310
263354
263419
263455
263458
263464
263495
263516
263555
263564
263585
263620
263726
263783
263822
263859
263872
263960
263963
263977
264016
264027
264037
264064
264172
264208
264219
264270
264284
264316
264426
264458
264477
264478
264496
264574
264593
264599
264651
264753
264760
265034
265037
265077
265127
265139
265146
265155
265187
265273
265332
265336
265362
265373
265405
265482
265498
265561
265616
265891
265892
265927
265989
265992
266000
266005
266053
266066
266098
266188
266216
266234
266244
266248
266276
266293
266373
266432
266443
266508
266563
266812
266889
266988
267017
267062
267088
267129
267149
267159
267261
267280
267289
267415
267438
267461
267489
267509
267515
267526
267549
267565
267573
267632
267642
267680
267693
267705
267730
267732
267753
267775
267823
267909
267942
268011
268073
268150
268207
268232
268406
268414
268429
268471
268503
268535
268582
268632
268738
268769
268800
268860
268869
268886
268903
268931
268971
269026
269053
269145
269162
269170
269193
269249
269327
269438
269511
269552
269574
269577
269589
269782
269978
270121
270156
270306
270344
270399
270421
270425
270447
270455
270502
270503
270605
270606
270726
270847
270905
270961
270968
271004
271011
271027
271039
271077
271130
271183
271200
271219
271237
271256
271359
271430
271447
271524
271562
271574
271587
271627
271633
271753
271837
271858
271859
271985
271989
272015
272024
272048
272140
272174
272201
272215
272258
272261
272294
272300
272308
272311
272321
272477
272564
272568
272574
272650
272684
272687
272790
272838
272878
272917
272932
272977
273024
273063
273088
273100
273117
273173
273206
273258
273268
273300
273390
273480
273602
273604
273610
273691
273716
273722
273762
273777
273864
273865
273867
273942
274042
274114
274119
274138
274168
274174
274188
274264
274341
274366
274414
274490
274529
274539
274574
274590
274673
274763
274822
274830
274841
274849
274867
274872
274892
274895
274927
274971
275031
275038
275043
275045
275098
275120
275153
275161
275326
275356
275397
275517
275565
275618
275619
275760
275782
275811
275816
275845
275863
275897
275898
275942
275943
275944
276054
276091
276118
276321
276330
276357
276368
276478
276485
276505
276507
276660
276708
276904
276907
277009
277050
277092
277114
277149
277243
277257
277272
277286
277390
277444
277473
277517
277617
277647
277699
277793
277796
277798
277825
277912
277990
278023
278035
278043
278076
278094
278135
278142
278216
278218
278223
278267
278343
278419
278453
278544
278601
278714
278870
279011
279063
279086
279107
279108
279123
279139
279140
279169
279210
279219
279487
279706
279858
279877
279984
279999
280023
280037
280039
280041
280065
280068
280088
280140
280201
280330
280360
280399
280406
280505
280588
280631
280661
280674
280746
280763
280837
280894
280981
281092
281118
281127
281225
281227
281248
281296
281351
281420
281816
281827
281868
281920
282005
282305
282459
282488
282610
282611
283040
283118
283182
283310
283324
283325
283368
283418
283433
283449
283455
283510
283559
283859
283984
284007
284032
284110
284440
284614
285257
285405
285444
285445
285454
285461
285481
285483
285486
285520
285558
285639
285705
285780
285827
285880
286014
286086
286091
286114
286115
286125
286131
286168
286246
286250
286283
286390
286621
286744
286755
286775
286808
286853
286854
286855
286890
286907
286923
287067
287093
287160
287209
287223
287276
287329
287334
287396
287419
287474
287491
287581
287592
287596
287638
287691
287707
287775
287822
287828
287980
288127
288137
288155
288174
288508
288510
288579
288623
288690
288789
288845
288908
288970
288987
289009
289114
289244
289366
289450
289467
289475
289495
289552
289556
289597
289633
289642
289678
289719
289746
289869
289892
289921
289941
289948
290091
290115
290208
290304
290420
290440
290619
290635
290687
290698
290720
290751
290756
290762
290769
290800
290805
290808
290840
291003
291123
291209
291314
291396
291400
291401
291432
291468
291501
291547
291591
291603
291772
291889
291920
292007
292008
292117
292133
292163
292224
292237
292275
292498
292503
292508
292564
292593
292606
292611
292617
292696
292797
292814
292857
292860
292961
292993
293019
293046
293051
293092
293135
293174
293183
293184
293313
293339
293349
293392
293452
293463
293485
293499
293543
293585
293593
293642
293667
293671
293677
293763
293772
293797
293834
293845
293954
294120
294176
294186
294310
294355
294367
294465
294512
294514
294600
294609
294621
294686
294704
294705
294717
294806
294815
294825
294889
294891
294974
294978
295028
295038
295050
295156
295183
295207
295219
295220
295225
295276
295291
295308
295314
295345
295495
295518
295549
295612
295613
295641
295647
296039
296062
296108
296227
296385
296633
296686
296775
296798
296869
296879
296959
296968
297015
297038
297121
297156
297245
297312
297352
297360
297400
297503
297506
297554
297559
297693
297699
297835
297875
297990
297991
298414
298418
298460
298498
298520
298550
298690
298723
298725
298733
298744
298756
298758
298781
298820
298892
298901
298903
299203
299414
299484
299516
299590
299611
299645
299685
299694
299730
299732
299765
299799
300176
300312
300317
300364
300376
300391
300428
300514
300539
300551
300571
300615
300698
300711
300793
300794
301059
301090
301176
301521
301584
302072
302219
303122
303133
303134
303319
303350
303597
303669
303769
303812
304045
304184
304596
304604
304784
304866
304931
304949
304951
304981
304983
305072
305392
305588
305832
307122
307207
307964
307988
308031
308089
308092
308130
308139
308244
308266
308433
308578
308738
309025
309163
309174
309281
309345
309477
309525
309599
309611
309674
309702
309741
309779
309802
309851
309878
309904
309915
310127
310537
310979
312023
312035
312333
312341
312585
312588
312609
312662
312670
312814
313045
313273
313478
313582
313781
313808
313835
314061
314125
314280
314537
314668
314858
314894
314915
315051
315314
315775
316021
316231
316889
316904
317063
317075
317093
317111
317193
317335
317386
317388
317399
317491
317494
317523
317650
317656
317667
317680
317811
317819
317828
317872
317884
317915
317932
317985
317993
318204
318466
318479
318505
318584
318651
318659
318663
318770
318838
318863
319000
319042
319082
319086
319119
319135
319148
319204
319214
319333
319363
319370
319373
319460
319581
319591
319595
319602
319620
319626
319646
319678
319764
319790
319835
319847
319851
319860
319972
320282
320335
320356
320364
320379
320496
320585
320803
320908
320913
320941
321017
321023
321135
321216
321295
321452
321459
321493
321498
321680
321908
321911
321978
322030
322079
322095
322174
322185
322277
322494
322877
322922
322939
323005
323357
323452
323883
324460
324622
324717
325016
325017
325226
325229
325295
325316
325338
325363
325417
325530
325545
325583
325651
325681
325726
325728
325938
326050
326136
326188
326189
326198
326221
326397
326422
326427
326474
326508
326535
326557
326567
326568
326610
326614
326810
326893
326918
326967
326981
326992
327179
327253
327309
327335
327338
327346
327425
327463
327465
327501
327578
327606
327614
327618
327632
327776
327990
328021
328079
328286
328427
328509
328573
328647
329109
329119
329133
329178
329183
329202
329208
329212
329232
329247
329281
329367
329415
329434
329448
329618
329640
330149
330814
330901
330953
330989
331079
331135
331154
331202
331208
331249
331319
331367
331380
331417
331576
331654
331667
331683
331787
331855
331996
332018
332030
332045
332060
332085
332090
332124
332126
332283
332995
333063
333135
333240
333626
333641
333684
333705
333757
333776
333777
333781
333825
333863
333873
333908
333912
334012
334058
334067
334084
334105
334111
334157
334193
334226
334298
334457
334475
334502
334531
334594
334623
334641
334647
334657
334664
334667
334671
334688
334695
334705
334721
334918
334933
334934
334971
335022
335129
335217
335222
335225
335275
335285
335346
335491
335563
335764
335770
335784
335785
335787
335857
336012
336013
336065
336079
336234
336308
336352
336412
336452
336465
336500
336503
336506
336532
336536
336563
336636
336663
336708
336723
336781
336842
336882
337021
337053
337086
337142
337168
337218
338119
338153
338192
338218
338366
338959
338997
338998
339011
339053
339054
339159
339265
339292
339293
339334
339360
339371
339411
339440
339442
339868
339873
339913
339970
339997
340012
340078
340119
340192
340220
340357
340409
340462
340475
340477
340483
340639
340709
340866
340910
341204
341323
341370
341450
341479
341560
341585
341656
341664
341674
341764
341886
341911
341943
341961
341966
341975
342030
342041
342059
342249
342310
342351
342380
342459
342479
342541
342629
342681
342700
342722
342776
342803
342814
342830
342903
342923
342981
343009
343032
343107
343120
343163
343195
343235
343237
343251
343262
343323
343395
343425
343540
343581
343601
343627
343882
344179
344222
344286
344287
344428
344504
344508
344510
344520
344521
344605
344639
344652
344700
344708
344791
344810
344899
344909
345001
345129
345135
345161
345168
345194
345240
345702
345851
345901
345936
346008
346114
346144
346152
346153
346161
346198
346356
346402
346416
346453
346485
346494
346507
346580
346716
346749
346767
346791
346867
346960
347038
347049
347095
347220
347304
347351
347353
347424
347497
347536
347549
347555
347704
347774
347795
347838
347843
347856
347866
348042
348106
348129
348238
348295
348297
348317
348336
348463
348518
348584
348661
348693
348780
348815
348879
348940
349031
349105
349157
349183
349398
349421
349441
349557
349624
349740
349796
349813
349816
349890
349909
349950
349974
350015
350113
350117
350121
350296
350485
351198
351309
351463
351528
351721
351883
351972
352102
352114
352141
352159
352186
352308
352352
352502
352506
352548
352668
352818
352878
353050
353075
353095
353104
353226
353267
353292
353393
353448
353474
353477
353509
353538
353572
353745
353819
353823
353831
353832
353905
353919
354000
354025
354045
354053
354219
354258
354285
354380
354408
354542
354824
355105
355149
355219
355255
355302
355309
355545
355573
355665
355689
355721
355801
356088
356116
356138
356177
356190
356306
356397
356422
356444
356483
356535
356538
356556
356573
356634
356659
356675
356710
356959
356988
357040
357042
357046
357047
357076
357158
357277
357438
357450
357478
357504
357535
357570
357604
357715
357726
357728
357924
358931
358988
359016
359046
359176
359183
359230
359256
359453
359468
359596
359598
359624
359645
359652
359673
359762
359853
359930
360203
360239
360268
360550
360581
360637
360638
360702
360748
360859
360884
360987
361014
361069
361094
361119
361188
361246
361290
361463
361562
361588
361641
361645
361660
361839
361884
361888
361891
362020
362075
362096
362152
362218
362232
362389
362395
362402
362416
362423
362508
362516
362610
362716
363437
363489
363491
363542
363560
363561
363684
363793
363836
363838
364135
364210
364247
364310
364384
364428
364457
364473
364482
364491
364507
364609
364636
364852
364902
365574
365797
365841
365855
365899
365960
366034
366046
367159
367644
367699
367722
367768
367776
367786
367827
367959
368079
368172
368177
368194
368224
368316
368355
368375
368399
368469
368541
368551
368554
368569
368576
368735
368778
368898
368998
369028
369109
369209
369226
369231
369266
369372
369401
369406
369418
369428
369487
369593
369631
370071
370109
370266
370392
370400
370457
371817
372552
372815
372908
372981
373874
379014
380788
380862
381033
381106
381140
381188
381191
381330
381517
381554
381577
381615
381631
381637
381768
381870
381961
381962
382024
382044
382116
382190
382198
382208
382216
382232
382333
382372
382503
382532
382584
382591
382647
382731
382790
382843
382932
382962
382963
382978
383167
383323
383333
383426
383616
383665
383672
384310
384401
384523
384544
384556
384628
384636
384644
384888
384919
385041
385535
385556
385737
385866
385870
385897
385905
385931
385943
385963
386026
386164
386175
386193
386259
386296
386317
386332
386333
386361
386469
386489
386534
386640
386656
386672
386759
386796
386827
386905
386943
386964
386979
387335
387351
387397
387472
387513
387548
387557
387562
387594
387609
387679
388043
388116
388147
388274
388313
388398
388426
388456
388569
388879
388919
389042
389095
389133
389137
389283
389289
389310
389320
389321
389580
389645
389806
389911
390152
390160
390193
390233
390404
390454
390456
390531
390539
390579
390726
390856
391262
391375
391436
391487
391492
391505
391506
391513
391562
391583
391605
391632
391754
391804
391805
391841
392110
392191
392302
392341
392345
393055
393088
393228
393253
393263
393287
393333
393411
393601
393955
394004
394240
394427
394432
394457
394718
394727
394731
395017
395069
395077
395120
395123
395180
395599
395609
395730
395747
396092
396096
396128
396217
396221
396309
396406
396544
396562
396566
396635
396842
396858
396960
397159
397248
397261
397298
397334
397606
397631
397885
398093
398113
398131
398252
398268
398351
398372
398534
398562
398569
398607
398628
398637
398773
398782
398855
398922
399719
399884
400043
400049
400173
400819
400837
400846
401001
401011
401013
401015
401016
401056
401174
401310
401490
401566
401572
401619
401633
401684
401750
401780
401864
401911
401929
402712
402833
402859
402954
403000
403043
403097
403099
403184
403195
403251
403286
403457
403516
403906
404596
405460
406018
406021
406112
406148
406160
406700
406948
407177
407188
408284
408589
408719
408878
408994
409016
409255
409449
409577
409688
410685
410688
410741
410756
410932
410990
412059
412312
412333
413554
414110
414127
414225
414327
414562
414609
414671
415444
416504
416596
416631
416671
416681
416778
416798
416805
416808
416894
416982
417023
417025
417055
417136
417177
417195
417217
417323
417340
417472
417510
417520
417533
417653
417669
417689
417701
417747
417818
418104
418137
418177
418182
418239
418249
418291
418303
418314
418364
418392
418434
418602
418923
418947
419108
419187
419243
419262
419336
419383
419453
419527
419639
419757
419822
419824
419832
419875
419904
419937
419972
420014
420060
420067
420140
420148
420232
420237
420238
420584
420606
420957
420976
420977
420995
421061
423583
423754
423855
423888
424024
424398
424408
424452
424486
424491
424716
424743
424754
424764
426472
426539
426786
426791
426807
426835
426858
426879
427134
427417
427507
427639
427650
427653
428897
428937
428951
429466
430243
430514
430558
430677
430705
430866
430897
430899
431291
431480
431722
431815
431873
431977
431994
431995
432007
432130
432222
432229
432277
432286
432394
432469
432481
432486
433265
433267
433437
433933
434084
434221
434243
434413
434584
434817
434828
434957
435044
435078
435086
435095
435098
435125
435134
435136
435144
435176
435194
435258
435401
435418
435556
435591
435748
435794
435803
436018
436045
436178
436296
436297
436341
436387
436408
436445
436478
436501
436504
436571
436652
436833
436900
436908
437119
437176
437231
437270
437283
437290
437354
437388
437482
437549
437739
437748
437755
437938
437944
438046
438417
438420
438427
438704
438757
438794
438816
438840
438888
438900
438911
438927
438929
439095
439153
439156
439159
439177
439186
439217
439272
439414
439685
439692
439834
439836
440155
440162
440165
440198
440226
440359
440590
440913
440948
441302
441303
441315
441408
441410
442643
442649
442791
443372
443507
443546
443645
443679
443817
443858
443865
443897
443919
444269
444306
444346
444365
444433
444450
444478
444504
444606
444617
444624
444680
445185
445474
445494
445510
445555
445571
445580
445597
445637
445660
445672
445684
445709
445712
445718
445740
445744
445766
445774
445859
445948
445968
446096
446126
446276
446299
446316
446409
446488
446508
446527
446536
446571
446656
446701
446705
446744
446821
446822
446839
446841
446848
446850
446860
447030
447049
447087
447151
447155
447167
447179
447207
447231
447394
447408
447484
447520
447522
447533
447601
447608
447646
447845
448014
448015
448048
448088
448123
448193
448269
448298
448301
448459
448485
448487
448602
448603
448751
448823
448840
448851
448885
448900
448974
449031
449059
449282
449306
449418
449450
449462
449493
449509
449582
449589
449593
449595
449619
449660
449766
449771
449834
449891
449893
450018
450044
450145
450162
450315
450323
450340
450350
450555
450581
450660
450667
450801
450817
450821
450894
450953
451130
451158
451186
451197
451213
451253
451255
451310
451380
451406
451435
451436
451437
451486
451547
451629
451632
451742
451762
451773
451827
451858
451954
451962
452213
452234
452261
452267
452311
452417
452419
452444
452489
452572
452724
452749
453206
453225
453246
453254
453291
453328
453388
453404
453507
453545
453574
453600
453694
453724
453805
453859
453925
453959
454032
454272
454285
454389
454414
454487
454495
454692
454725
455013
455050
455092
455172
455210
455217
455219
455225
455257
455263
455270
455275
455297
455313
455366
455408
455410
455560
455619
455630
455636
455659
455671
455701
455707
455802
455808
455852
455874
455899
455957
455959
455970
456012
456020
456022
456027
456030
456075
456101
456120
456124
456125
456150
456182
456230
456287
456289
456335
456383
456439
456441
456525
456562
456636
456789
456970
456972
457065
457133
457146
457160
457267
457373
457378
457412
457439
457480
457691
457713
457778
457780
457997
458018
458045
458061
458115
458173
458177
458207
458239
458272
458314
458350
458413
458436
458444
458454
458565
458579
458581
458598
458686
458701
458785
458867
459343
459401
459442
459463
459616
459701
459709
459731
459732
459990
460019
460038
460180
460181
460304
460623
460648
460729
460814
460907
461778
462147
462364
462406
462506
462549
462562
462587
462608
462686
462693
462703
462798
462867
462963
463007
463028
463044
463131
463183
463194
463509
463526
463527
463566
463573
463574
463628
463680
463792
463911
464040
464092
464114
464332
464348
464384
464527
464653
464664
464688
464742
464799
464827
464828
464852
464897
464916
464959
464975
465013
465050
465082
465111
465173
465177
465184
465206
465292
465294
465316
465319
465375
465403
465414
465434
465453
465594
465653
465679
465767
465937
466015
466126
466205
466302
466355
466439
466445
466504
466535
466695
466714
466717
466724
466741
466749
466758
466814
466820
466836
466843
466869
466941
467027
467060
467062
467204
467334
467523
467709
467743
467891
468110
468113
468236
468372
468381
468406
468423
468498
468505
468762
468805
468852
468866
468878
468903
468908
469019
469121
469168
469202
469229
469268
469349
469376
469399
469403
469405
469418
469551
469566
469638
469818
470121
470219
470315
470398
470486
470652
470702
470732
470792
470839
470921
470985
471029
471154
471227
471245
471330
471346
471455
471549
471555
471564
471591
471712
471773
471838
471961
471991
472147
472157
472203
472261
472308
472386
472404
472436
472468
472547
472607
472622
472638
472654
472696
472771
472984
473165
473222
473226
473254
473357
473377
473409
473410
473411
473450
473464
473534
473624
473666
473736
473753
473758
473766
473848
473923
473964
473968
473988
474059
474160
474206
474215
474221
474276
474294
474324
474375
474458
474493
474523
474544
474577
474583
474657
474674
474710
474765
474773
475022
475085
475139
475220
475323
475471
475494
475544
475566
475851
475918
475923
475981
475994
475995
476096
476102
476114
476118
476143
476353
476415
476426
476463
476616
476701
476783
476792
476825
476846
476847
476880
477143
477285
477317
477320
477383
477428
477527
477612
477738
477820
477899
477931
477942
477966
477995
478009
478029
478040
478052
478077
478139
478173
478249
478276
478303
478360
478380
478408
478452
478588
478699
478750
478889
479027
479086
479122
479239
479258
479299
479310
479419
479456
479481
479637
479718
479814
479871
479934
481946
482041
482128
482213
482240
482294
482322
482400
482620
482702
482795
482836
482901
482905
482934
483074
483120
483167
483169
483171
483233
483241
483346
483364
483429
483446
483580
483620
483748
483764
483845
483850
483910
483912
484041
484234
484358
484440
484480
484788
485037
485072
485096
485132
485137
485193
485303
485312
485335
485413
485438
485443
485822
486417
486753
486767
486918
487078
487114
487230
487522
487532
487688
487986
488090
488169
488171
488191
488192
488268
488296
488349
488364
488453
488568
488636
488641
488825
488833
488842
488943
489036
489151
489583
489872
489937
490015
490097
490098
490186
491023
491249
491257
491279
491289
491335
491403
491459
491560
491561
491574
491598
491671
491689
491701
491706
491764
491795
491803
491850
491853
491860
492040
492051
492239
492374
492376
492413
492483
492490
492500
492835
492876
492900
492903
492927
492957
492974
492994
493033
493058
493078
493132
493289
493335
493359
493430
493498
493595
493641
493683
493718
493836
494033
494172
494251
494262
494263
494265
494268
494595
494610
494614
494621
494771
494810
494824
494849
495007
495103
495652
496253
496398
496586
496601
496675
496951
496989
497020
497126
497133
497161
497251
497307
497313
497317
497349
497390
497436
497621
497626
497631
497633
497767
497830
497883
497891
497947
497993
498012
498212
498335
498478
498547
498554
498661
498665
498709
498711
498794
498799
498825
498838
498867
498882
498885
498901
498939
498995
499000
499005
499049
499260
499329
499374
499703
499794
499905
500030
500033
500071
500098
500110
500120
500458
500526
500934
501010
501098
502585
502627
502701
502810
502813
502875
502952
503005
503114
503159
503281
503282
503314
503371
503378
503382
503629
503634
503636
503648
503660
503731
503784
503815
504055
504058
504380
504444
504737
504853
504854
504893
504928
504943
505048
505111
505236
505247
505260
505332
505383
505408
505491
505570
505643
505756
505863
505945
505974
505977
505984
506034
506229
506294
506317
506355
506591
506593
506604
506914
507067
507117
507671
507723
507874
507881
507974
508242
508275
508304
508627
508680
508726
508751
509229
509950
510132
510167
510183
510214
510260
510455
510463
510464
510534
510565
510571
510586
510598
510755
510783
510806
510872
510898
510949
510967
511004
511111
511194
511268
511275
511324
511335
511771
511924
512002
512021
512110
512113
512218
512223
512262
512329
512423
512466
512758
513083
513466
513470
513480
513820
514015
514100
514104
514633
515495
515522
515573
515651
516017
516059
516068
516071
516091
516206
516227
516236
516245
516565
516892
516982
517295
517451
517467
517694
517748
517769
517847
518072
518110
518270
518412
518451
518525
518540
518542
518560
518618
518685
518700
519467
519584
519653
519656
519683
519718
519772
519790
519809
519901
519904
519944
519980
520025
520066
520526
520833
520881
520988
521019
521078
521145
521190
521407
521481
521515
521572
521628
521661
521663
521707
521721
521875
521905
521960
522039
522080
522140
522174
522269
522279
522373
522378
522454
522455
522640
522693
522732
522760
523106
523121
523265
523291
523292
523331
523427
523458
523479
523510
523515
523725
523743
523788
523791
523824
524033
524109
524123
524124
524133
524270
524293
524371
524407
524421
524427
525194
525220
526103
526111
526194
526216
526291
526294
526312
527576
527762
527926
528025
528359
528362
528364
528370
528376
528471
528528
528611
528714
528799
528806
528847
528857
528888
528902
528940
529014
529015
529021
529042
529053
529096
529109
529110
529222
529333
529351
529429
529449
529571
529653
529712
529754
529892
530167
530221
530393
530438
530441
530581
530588
530592
530612
530728
530809
530854
530859
530864
530876
530963
530991
531088
531152
531168
531194
531210
531402
531529
531533
531603
531604
531628
531790
532132
532381
532457
532584
532701
532797
532829
532835
532892
532899
532930
532975
533052
533054
533133
533254
533259
533282
533313
533330
533380
533457
533619
533626
533650
533667
533807
533888
533971
534044
534072
534080
534220
534233
534436
534450
534491
534500
534557
534747
534840
534847
534929
534935
535574
535857
535946
536116
536238
536444
536487
536519
536547
536712
536718
536791
536830
536854
536940
536959
537149
537351
537352
537402
537425
537450
537556
537573
537771
537793
537799
537820
537939
537946
538041
538072
538078
538260
538281
538296
538453
538513
538581
538636
538771
538774
538780
538872
538891
538940
538950
538971
538972
539291
539346
539347
539359
539378
539436
539545
539603
539630
539696
539747
539826
539951
539960
540166
540229
540351
540373
540387
541194
541199
541205
541366
541433
541442
541459
541501
541528
541697
541699
541817
541968
542355
542394
542713
542728
542744
542872
543041
543123
543149
543203
543250
543263
543273
543277
543351
543379
543479
543496
543534
543551
543772
543793
544426
544473
544700
544755
544758
544847
545065
545075
545171
545511
545575
545584
545596
545603
545674
545769
545849
545861
545937
545969
546038
546127
546294
546427
546579
546663
546683
546702
546865
546867
546878
547198
547343
547369
547430
547566
547573
547685
547737
548085
548097
548123
548229
548273
548396
548426
548459
548513
548833
549315
549401
549839
550155
550173
550679
550933
551298
551320
551425
551433
551569
551768
551959
551973
552158
552187
552249
552623
552631
552668
552676
552756
552837
552852
552912
553060
553115
553192
553257
553472
553527
553569
553573
553686
553859
553860
553861
553879
553912
554132
554139
554402
554537
554670
554712
555183
555235
555343
555446
555470
555506
555543
555679
555693
555809
556255
556262
556345
556366
556389
556394
556490
556503
556630
556660
557848
557913
558045
558140
558312
558377
558388
558395
558403
558464
558496
558776
558862
558904
559009
559021
559394
559509
559733
559805
559894
559902
560210
560283
560520
560756
560897
560936
560970
561134
561163
561271
561428
561461
561499
561568
561599
561601
561620
561624
561717
561841
562039
562097
562126
562167
562192
562256
562309
562356
562431
562479
562569
562648
562671
562710
562776
562928
563067
563086
563181
563503
563656
563821
564287
564856
565176
565188
565318
565357
565402
565620
565676
566012
566085
566176
566455
566559
566795
566874
566895
566900
567020
567320
567811
567883
568195
568233
568551
568603
568605
568680
568758
568809
568885
569030
569075
569084
569126
569219
569225
569330
569378
569398
569450
569526
569535
569553
569569
569596
569598
569856
569939
569940
569985
570008
570082
570112
570192
570257
570259
570268
570384
570462
570590
570654
570670
570693
570704
570705
570740
570743
570963
570983
571017
571038
571158
571254
571285
571322
571371
571377
571541
571566
571580
571582
571758
572614
572844
572974
573027
573066
573079
573126
573139
573323
573632
573719
573893
573963
574037
574039
574187
574399
574479
574543
574573
574800
574806
574893
574937
574960
575170
575206
575333
575429
575460
575614
575634
575818
575862
575864
576043
576051
576132
576188
576200
576286
576312
576402
576587
576689
577163
577188
577208
577234
577262
577264
577320
577394
577424
577433
577435
577466
577649
577653
577857
577887
578097
578100
578131
578156
578160
578280
578346
578349
578352
578435
578437
578532
578599
578735
578750
578764
578782
578884
578925
579006
579093
579243
579327
579815
579992
580017
580029
580087
580097
580102
580107
580134
580188
580215
580255
580264
580267
580277
580309
580333
580407
580556
580705
580765
580799
580809
580815
580835
580871
580895
580925
580948
580968
581089
581226
581368
581442
581528
581534
581541
581572
581623
581635
581706
582065
582079
582084
582119
582154
582603
582629
582701
582774
582813
582943
583036
583054
583183
583283
583428
583554
583582
583641
583649
583659
583708
583794
583981
584071
584072
584141
584171
584226
584227
584371
584444
584515
584555
584559
584618
584621
584648
584784
584837
584838
584859
584929
585039
585180
585327
585358
585365
585565
585595
585700
585746
585784
585821
585835
585869
586092
586146
586192
586198
586301
586320
586349
586481
586496
586573
586600
586616
586740
587147
587243
587265
587276
587388
587392
587594
587595
587616
587685
587846
587974
588063
588086
588173
588186
588207
588334
588340
588341
588457
588750
588765
588829
588830
588845
588864
589023
589025
589207
589222
589235
589269
589347
589407
589483
589701
589723
589773
589795
589799
589819
589888
589922
590054
590122
590236
590276
590282
590308
590323
590352
590363
590382
590398
590473
590911
591121
591124
591201
591250
591268
591381
591472
591633
591634
591645
591647
591669
591712
591769
591790
591798
591810
591820
591896
591953
591954
591968
592015
592186
592266
592272
592340
592375
592396
592481
592482
592508
592683
592842
592861
593026
593140
593242
593308
593416
593526
593548
593791
594078
594120
594403
594580
594641
594764
595064
595100
595140
595162
595208
595569
595572
595665
595680
595734
595805
595939
596140
596201
596316
596355
596550
596622
596687
596726
596731
596851
596901
596925
596936
596949
596981
597090
597107
597174
597179
597345
597443
597481
597623
597706
597843
598161
598341
598456
598651
598661
598730
598775
598944
598985
599376
599397
599406
599424
599565
599728
599891
600013
600018
600273
600310
600496
600601
600759
600781
600858
600954
601262
601274
601385
601474
601665
602084
602395
602572
602692
602695
602731
602803
602970
603161
603178
603518
603771
603819
603915
604017
604027
604269
604358
604367
604550
604988
605142
605194
605263
605392
605494
605513
605547
605643
605680
605684
605947
605951
605972
605995
606307
606352
606429
606502
606524
606609
606650
606693
606772
606807
606823
606958
607016
607173
607186
607246
607307
607361
607452
607560
607667
607679
607703
607756
607872
607899
607974
608199
608407
608558
608738
608787
608813
608852
608956
608961
609002
609324
609357
609442
609491
609539
609785
609856
610127
610147
610209
610269
610346
610512
610522
610552
610882
610961
610965
611140
611214
611237
611348
611380
611798
611817
611836
611838
611867
611951
612038
612066
612140
612383
612524
612604
612613
612665
612748
612785
612905
612960
612974
613114
613137
613181
613198
613219
613289
613389
613692
613695
613730
613746
614099
614135
614223
614386
614403
614464
614589
614845
614847
615393
615422
615450
615499
615568
615611
615641
615702
615747
615885
615897
615922
615986
615987
616126
616241
616246
616307
616405
616407
616465
616499
616552
616682
616859
616868
617089
617122
617327
617454
617646
617894
617935
617961
618074
618385
618513
618524
618543
618566
618871
618993
619375
619578
619666
620382
620647
621122
621137
621148
621161
621171
621272
621302
621413
621418
621596
621770
621787
621835
621851
621878
621882
621984
622027
622170
622220
622278
622283
622299
622330
622347
622350
622442
622668
622670
622671
622747
622805
622817
622818
622836
622914
623003
623041
623048
623051
623100
623198
623314
623464
623589
623649
623664
623733
623779
623830
623986
624020
624060
624093
624164
624231
624311
624387
624394
624412
624449
624517
624624
624812
624813
624857
624877
624895
624955
625053
625249
625257
625263
625330
625498
625528
625562
625763
625879
625897
625938
626019
626030
626034
626113
626634
626724
626803
626897
626922
626956
626959
627090
627153
627190
627298
627307
627360
627366
627410
627737
627896
627899
627926
627956
627998
628353
628374
628414
628480
628482
628486
628571
628659
628854
628917
628964
629115
629118
629143
629228
629229
629297
629583
629662
629690
629725
629765
629833
629977
629988
630000
630118
630535
630555
630561
630578
630633
630644
630665
630765
630835
630902
630936
630937
631057
631066
631263
631470
631590
632122
632320
632566
632598
632665
632684
632712
632741
632777
632828
632868
632943
632984
632992
633042
633231
633291
633359
633429
633497
633567
633763
633828
633906
633922
633968
633998
634062
634071
634084
634161
634272
634370
634464
634616
634617
634655
634793
634795
634860
635061
635066
635104
635119
635129
635134
635191
635193
635276
635399
635407
635466
635481
635495
635638
635658
635773
635809
635827
635846
635869
635921
635979
635997
636062
636137
636146
636170
636225
636236
636251
636380
636408
636415
636430
636437
636513
636518
636528
636529
636532
636547
636615
636618
636629
636699
636790
636875
636906
636975
636997
637200
637247
637257
637283
637352
637361
637473
637525
637559
637563
637723
637784
638015
638396
638399
638438
638485
638571
638646
639197
639217
639222
639289
639290
639465
639549
639671
639719
639747
639815
639893
639947
639968
640015
640025
640047
640137
640282
640295
640319
640336
640367
640379
640440
640580
640603
640672
640794
640825
640843
640935
640941
640997
641052
641225
641262
641270
641330
641343
641422
641425
641453
641495
641514
641539
641652
641692
641717
641776
641891
641928
642094
642109
642110
642111
642171
642266
642294
642375
642466
642640
642649
642656
642676
642728
642804
642825
642851
642987
643001
643179
643552
643606
643814
643992
644135
644180
644417
644473
644510
644543
644641
644682
644689
644699
644759
644789
644822
644827
644947
645040
645245
645251
645309
645484
645563
645579
645710
645757
645839
645957
646003
646004
646077
646087
646112
646166
646223
646269
646286
646293
646308
646380
646426
646497
646595
646604
646610
646725
647304
647369
647437
647609
647825
647992
647996
648016
648172
648195
648430
648475
648511
648524
648550
648715
648772
648800
648861
648950
649092
649142
650175
650243
650257
650281
650316
650411
650429
650435
650438
650530
650534
650578
650593
650750
650773
650851
650927
650976
651027
651137
651154
651216
651280
651310
651369
651381
651440
651463
651554
651561
651578
651621
651652
652432
652870
652974
652982
653335
653373
653450
653498
653922
653975
654512
654562
654564
654565
654670
654767
654820
654845
654864
655001
655095
655163
655291
655316
655344
655573
655610
655827
655861
655967
656245
656359
656658
656716
656792
656842
656970
656974
657062
657102
657155
657347
657563
657634
657675
657919
657961
657998
658044
658108
658125
658192
658429
658449
658507
658610
658666
658701
658703
658771
658805
658840
658966
659081
659234
659398
659553
660120
660382
660547
660638
661069
661196
661384
661525
661744
661994
662021
662211
662224
662299
662385
662495
662534
662546
662710
662883
662959
662965
663349
663454
663534
663537
663598
663625
663691
663785
663924
663961
664046
664118
664166
664168
664268
664272
664394
664415
664459
664494
664617
664948
665382
665417
665771
665807
665872
665915
666101
666113
666169
666345
666366
667240
667399
667416
667476
667528
667652
667676
667684
667688
667780
667900
668037
668116
668301
668375
668441
668460
668721
668823
669115
669232
669257
669350
669489
669749
669795
669978
670083
670092
670134
670196
670484
670485
670499
670550
670565
670808
670959
670995
671234
671280
671336
671435
671474
671501
671622
671699
672749
672802
672941
673064
673091
673317
673524
673546
673762
673767
673809
674234
674428
674464
674488
674645
675267
675678
675859
676205
676693
676782
676990
677436
677442
677575
677782
677801
677891
678019
678061
678111
678438
678457
678528
678594
678874
678954
679217
679218
679320
679411
679481
679543
679846
679995
680043
680111
680114
680124
680126
680134
680173
680226
680351
680450
680457
680512
680592
680634
680732
681047
681166
681167
681168
681169
681473
681499
681678
681748
682217
682233
682264
682328
682727
682787
682794
682877
682885
683253
683364
683366
683557
683621
683631
683676
683943
684071
684094
684151
684243
684422
684482
684507
684640
684861
684866
684873
684875
684941
685056
685418
685702
685759
685960
686118
686154
686222
686322
686614
686678
686846
687017
687316
687740
687787
687874
687958
688318
688392
688434
688436
688437
688444
688537
688540
688547
688626
688633
688644
688665
688758
688891
689089
689094
689102
689123
689136
689139
689204
689217
689253
689457
689470
689509
689621
689655
689776
689839
689969
689971
690085
690108
690137
690252
690457
690474
690766
691849
691953
691977
692045
692086
692087
692195
692486
692509
692620
692652
692708
692718
692846
692900
692985
693020
693115
693122
693166
693207
694287
694309
694335
694374
694410
694689
694820
695124
695143
695361
695705
695807
696145
696164
696302
696544
696688
696878
696894
696949
697007
697048
697166
697180
697255
697304
697394
697769
697883
697941
697973
698122
698340
698434
698663
698770
698777
698781
698889
698962
699073
699674
699868
699916
699981
699982
700280
700282
700426
700651
700661
700758
700893
700918
700999
701000
701042
701120
701348
701395
701402
701726
701778
701994
702156
702692
703304
703467
703682
703752
704089
704170
704316
704377
704549
704667
704945
704959
705069
705147
705923
705935
705938
706004
706239
706888
707057
707217
707428
707463
707818
708234
708477
709559
709566
710099
710263
710277
710296
710400
710880
710971
711001
711156
711366
711369
711515
711523
711575
711606
711696
711705
711740
712001
712085
712096
712164
712216
712904
713034
713611
713618
713619
713632
713818
713991
714109
714265
714282
714595
714745
714790
714865
714875
715090
715193
715210
715462
716161
716499
716503
716603
716653
716860
717088
717224
717434
717467
717532
717908
718059
718352
718473
718550
718604
718732
718868
718908
718968
719015
719050
719053
719131
719194
719281
719333
719404
719534
720136
720223
720404
720543
720592
720675
720985
721695
721907
722145
722146
722384
722494
722523
722765
722923
722947
723157
723181
723201
723320
723332
723645
723653
723692
723697
723719
723726
723731
723867
724018
724035
724044
724099
724121
724140
724225
724886
725322
725342
725371
725494
725767
725768
725869
725888
725970
725977
726561
726606
726799
726862
726890
726908
727193
727207
727221
727366
727534
727688
728096
728134
728178
728215
728288
728399
728471
728488
728490
728492
728495
728513
728929
729013
729015
729248
729425
729428
729539
729557
729599
729618
729853
729993
730019
730036
730099
730112
730239
730258
730310
730320
730353
730437
730445
730500
730503
730531
730575
730752
731202
731223
731361
731380
731467
731473
731630
732034
732044
732429
732495
732668
732692
732803
732839
732910
732924
732934
733009
733019
733038
733347
733373
733433
733467
733665
733688
733693
733770
733771
733776
733783
733834
733898
733901
733982
734099
734221
734289
734649
734779
734802
734989
735027
735067
735282
735351
735592
735620
735885
735891
735924
735928
736405
736412
736429
736538
737371
737547
737822
737851
738136
738192
738303
738410
738520
738582
738642
738739
738749
738888
739016
739041
739103
739254
739728
739786
740166
740582
741101
741295
741770
742051
742176
742594
742680
742799
742955
742957
742981
742995
743165
743171
743192
743299
743301
743334
743569
743879
743934
743938
743959
744245
744313
744559
745035
745038
745344
745381
745443
745451
746832
747179
747473
747474
747552
747658
749113
749247
749316
749550
749570
749629
750004
750158
750176
750180
750440
750650
750810
751025
751040
751332
751348
751360
751422
751425
751435
751446
751454
751465
751506
751521
751528
751534
751536
751675
752077
752157
752159
752185
752675
752690
752732
752757
753402
754063
754243
754274
754312
754877
754887
755022
755236
755254
755375
755766
756574
756578
756662
756715
756860
756938
756988
757011
757375
757376
758056
758094
758119
758202
758203
758262
758326
758605
758792
758862
758951
759064
759133
759273
759274
759357
759364
759389
759497
761638
761683
761935
762158
762488
762511
762554
762806
762891
762947
763053
763055
763375
763550
763586
763751
763823
763935
763988
764209
764316
764391
764535
764629
764811
764890
765062
765157
765159
765244
765584
765609
765614
765659
765804
765969
766039
766056
766368
766465
766557
766596
766644
766673
766695
766700
766774
766775
766807
766873
766958
766999
767019
767073
767330
767336
767363
767486
767487
767671
767686
767763
767859
768324
768391
768396
768445
768791
768827
768973
768981
769022
769438
769472
769655
769761
769799
769805
769868
769929
769997
770123
770267
770401
770576
770639
770658
770680
770970
771025
771091
771187
771211
771230
771283
771291
771537
771928
771989
772000
772045
772143
772173
772207
772335
772390
772422
772447
772896
773051
773308
773328
773594
773667
773734
773737
773776
773869
773897
774026
774044
774221
774469
775011
775052
775399
775586
775603
775860
776160
776179
776205
776320
776339
776357
776386
776540
776742
777000
777044
777169
777265
777320
777347
777457
777673
777703
777753
777932
777963
778161
778543
778657
778740
778743
778803
778879
779171
779214
779232
779585
779664
779772
779823
779989
780035
780072
780264
780527
780651
780680
780740
781222
781397
781451
781654
781694
781948
781951
783355
783358
783430
783537
783563
783668
783670
783745
784088
784106
784127
784240
784366
784527
784658
785065
785252
785338
785611
785716
785750
785895
786008
786682
786866
786868
787159
787182
787378
787444
787458
787461
787574
787789
788116
788126
788227
788395
788452
788480
788553
788591
788598
788849
788965
789224
789359
789402
789435
789663
790119
790184
790200
790216
790273
790406
790686
790693
790755
790786
790860
790902
790959
791167
791201
791395
791722
791791
791797
791810
792079
792097
792273
792333
792452
792626
792864
792880
792963
792967
793071
793516
793525
793570
794232
794430
794433
794437
794512
794746
794747
794758
794807
794845
795146
795500
795916
796327
796346
796453
796719
796948
796956
797027
797073
797290
797307
797423
797466
797475
797603
797655
800410
800412
800454
800505
800597
800637
800725
800962
801015
801392
801596
801921
802198
802362
802783
802832
802833
803106
803450
803611
803627
803647
803675
803956
804004
804147
804198
804311
804359
804711
805043
805059
805223
805254
805284
805393
805759
805766
805928
806345
806692
806720
806842
806886
806892
806949
806955
806957
807362
807427
807439
807815
808021
808633
808657
808749
808807
808829
809108
809121
809124
809256
809960
809998
810008
810016
810018
810640
810983
810984
811577
812167
813272
813479
813859
813861
814057
814178
814210
814218
814224
814251
814335
814378
814402
814450
814692
815438
815471
815883
815979
816093
816191
816258
816321
816458
816575
816662
816687
816787
816818
816921
816947
816950
817045
817078
817512
817627
818207
818436
818453
818456
818828
819297
819398
819399
819447
819530
819536
819594
819664
819936
820157
820193
820285
820380
820400
820471
820635
820817
821060
821124
821163
821493
821861
821878
822149
822155
822200
822312
822396
822464
822465
822728
822733
822760
823359
823385
823444
823699
823888
824002
824020
824178
824627
824686
824718
824935
824936
824955
825223
825227
825470
825655
826076
826140
826196
826244
826516
826644
826836
827068
827254
827295
827398
827562
827705
827706
827715
827734
827744
827986
828018
828089
828212
828352
828627
828811
829114
829115
829143
829682
829802
829981
830074
830218
830319
830449
830698
830779
830789
830833
830839
831048
831117
831193
831309
831548
831667
831705
831715
831768
831879
832040
832048
832467
832719
832897
832958
832965
833012
834194
834266
834696
834707
835082
835667
835872
836002
836317
836389
836683
836717
836800
837039
837076
837145
837185
837308
837404
837408
837491
837787
838049
838421
838422
838556
838629
838639
838694
838732
838859
838892
839087
839282
839363
839628
839719
839790
839855
839944
840030
840161
840199
840219
840223
840275
840355
840557
840631
840717
840743
840762
840798
840819
841037
841055
841091
841158
841304
841315
841413
841445
841568
841724
841779
841781
841885
842021
842028
842124
842134
842196
842203
842480
842578
842696
842733
842814
842836
843000
843036
843089
843168
843561
843635
843873
843930
844043
844078
844100
844122
844252
844355
844372
844547
844664
844750
844765
844854
844857
845009
845083
845160
845166
845214
845282
845340
845362
845477
845506
845552
845586
845666
845711
845741
845742
846097
846098
846428
846458
847186
847321
847431
848413
848425
848559
848958
848999
849000
849042
849101
849367
849530
849680
849687
849799
849859
850086
850197
850277
850294
850319
850367
850433
850470
850591
850866
850913
851176
851384
851621
851706
851731
851770
851807
851843
851922
851998
852024
852109
852133
852241
852431
852510
852683
852778
852831
852885
852888
853135
853147
853177
853274
853385
853433
853436
853649
853743
853874
854186
854211
854242
854679
854862
854892
855026
855340
855634
855739
855888
855963
856099
856637
857655
857656
857657
857757
857958
858721
858885
858901
858903
858911
859006
859136
859168
859214
859231
859263
859342
859356
859405
859569
859626
859652
859734
859841
860003
860231
860537
860656
860693
860695
861204
861273
861615
861652
861715
861768
861776
861778
861844
861949
861994
862378
862818
862819
863006
863115
863157
863171
863260
863298
863495
863787
863862
864055
864122
864646
864733
865089
865104
865211
865288
865319
865435
865699
865826
866384
866554
866606
867558
867733
867740
867858
867879
867936
868051
868333
868466
868572
868945
868969
868983
869122
869240
869261
869574
869955
869959
870039
870060
870112
870199
870242
870255
870409
871209
871265
871309
871450
871548
872063
872091
872269
872436
872782
872824
873205
873488
873692
873798
873862
874041
874065
874121
874133
874421
874532
874604
874696
874707
874791
874901
875112
875594
875610
875888
876091
876182
876254
876296
876317
876340
876428
876496
876584
876597
876633
876791
876853
877126
877220
877317
877549
877709
877728
877776
877875
878167
878183
878417
878520
878570
878703
878900
879015
879220
879249
879265
879340
879374
879388
879404
879613
879707
879846
879854
879911
879939
880194
880199
880276
880324
880594
880638
880770
880795
880879
880997
881061
881062
881219
881373
881478
881515
881803
881943
882190
882223
882357
882438
882534
882581
882635
882776
882945
882991
883143
883274
883281
883407
883449
883453
883553
884212
884355
884452
884489
884995
885001
885302
885337
885565
885829
885938
886075
886107
886680
887006
887095
887222
887551
887637
887865
887931
887933
888052
888110
888153
888179
888202
888317
888451
888532
889004
889088
889304
889334
889371
889504
889538
889572
889787
889798
889845
889933
890222
890520
890652
890823
890825
890840
890879
890957
890965
891403
891504
891840
892140
892171
892453
892462
892638
892723
893015
893044
893088
893098
893200
893218
893238
893253
893417
893436
893495
893638
893751
893850
894773
895142
895164
895277
895325
895367
895791
896063
896071
896262
896263
896342
896343
896518
896633
896677
896727
896734
896818
896856
896967
897027
897150
897227
897479
897736
897951
898005
898133
898200
898231
898257
898475
898486
898746
898856
899101
899110
899175
899754
900002
900045
900056
900066
900376
900403
900664
900965
901823
901856
901970
902182
902283
902532
902633
902742
902779
902828
902873
903109
903434
903845
903864
904050
904100
904211
904317
904840
904956
904965
905172
905251
905400
905401
905477
905478
905519
905536
905565
905675
905710
905986
906186
906245
906435
906586
906592
906816
906931
906998
907089
907171
907214
907303
907374
907386
907400
907446
907495
907697
907717
907806
907828
907829
907873
907933
908004
908050
908163
908272
908347
908501
908516
908574
908587
908762
908977
909211
909682
909717
909718
909824
909919
910052
910084
910187
910252
910366
910438
910505
910527
910556
910629
910791
910889
910955
911047
911098
911121
911409
911439
911490
911625
911660
911790
911803
911868
911932
912048
912049
912075
912083
912121
912193
912194
912406
912429
912479
912542
912559
912589
912744
913174
913374
913375
913380
913650
913843
914087
914115
914139
914625
914942
914971
915033
915056
915166
915484
915760
915856
915915
916203
916489
916613
916905
916914
916918
916934
917066
917113
917331
917529
917601
917778
918047
918139
918373
918426
918428
918668
918707
918753
918925
918952
918994
919101
919171
919588
919589
919635
919650
919713
920261
920301
920423
920505
920893
920987
921035
921159
921340
921480
921612
921649
921739
921903
921910
921915
922045
922104
922246
922491
922518
922805
922997
923595
923839
923984
924024
924034
924326
924580
924844
925023
925029
925110
925191
925200
925210
925259
925426
925514
925543
925544
925736
925918
926194
926317
926446
926840
927006
927012
927076
927084
927246
927384
927667
927677
927806
928416
928647
928883
929468
929477
929599
929636
929677
929911
929919
929943
930594
931066
931094
931288
931607
931782
931809
931967
931997
932925
933004
933031
933123
933262
933304
933488
933743
934264
934459
934578
934899
935092
935128
935137
935464
935494
935604
935639
935887
935960
936104
936241
936283
936431
936438
936578
936731
936825
937011
937174
937382
937424
937504
937664
937880
937922
938013
938770
938905
938936
938983
939018
939062
939141
939468
939561
939657
939765
939983
940082
940102
940240
940461
940533
940534
940552
940644
940808
940811
940812
940948
941453
941792
941813
941904
942146
942148
942177
942532
942659
942746
942961
943048
944058
944108
944359
944495
944543
944549
944576
944765
945910
945921
945976
946130
946220
946310
946824
946909
947007
947153
947399
947435
947938
948020
948021
948126
948741
949004
949050
949416
949523
949537
949713
949781
949803
950176
950196
950211
950352
950389
950421
950479
950513
950920
951066
951208
951408
951429
951680
951699
951779
951970
952041
952275
952526
952590
952819
952911
953137
953153
953287
953475
953697
953857
953878
954006
954330
954763
954777
954924
955229
955338
956220
956426
956528
956576
956891
956917
956926
957492
957510
957536
957588
957697
957699
957839
958003
958150
958166
958511
958585
959083
959611
959741
960032
960061
960157
960206
960719
960748
961704
962305
962425
962707
963089
963381
963391
963457
963476
963581
963610
963780
963833
964129
964242
964293
964397
964620
964694
964790
964795
964815
964916
964990
965041
965086
965139
965208
965352
965481
965726
965867
966078
966363
966856
966911
967001
967066
967112
967431
967447
967467
967470
967547
967655
967765
967840
968064
968469
968792
968916
968929
968972
969014
969035
969269
969476
969737
969816
970262
970591
970802
971018
971308
971835
971883
972083
972186
972440
972530
972720
973048
973336
973418
973506
973603
973627
973765
973899
974152
974461
974549
974973
975011
975240
975488
975514
975533
975875
975899
976222
976336
976379
976438
976623
976710
976730
976910
977297
977313
977363
977523
977882
977896
978047
978206
978329
978444
978575
979222
979586
979686
979955
980110
980337
980338
980420
980544
980603
980659
980902
980923
981319
981368
981544
981898
981995
982058
982079
982348
982411
982948
982984
983063
983173
983375
983555
983960
984072
984203
984336
984364
984551
984784
984903
985338
985355
985509
985807
985826
986016
986142
986262
986352
986560
986858
986898
987224
987245
987590
987949
988151
988190
988249
988278
988309
988467
988962
989290
989448
989547
989597
989846
989877
990076
990144
990161
990353
990368
990570
990598
990927
991967
992005
992036
992058
992097
992101
992136
992316
992592
992802
992938
993000
993250
993299
993597
993977
994038
994096
994390
994500
994590
994650
994682
994848
994885
994891
995173
995217
995228
995345
996018
996162
996418
996499
996558
996646
996678
996681
996860
996899
997102
997217
997238
997252
997581
997751
998215
998423
998485
998664
998855
998960
998980
999079
999467
999714
999769
999790
999989
1000104
1000225
1000534
1000971
1001004
1001141
1001215
1001302
1001590
1001592
1001726
1001759
1001977
1002122
1002136
1002216
1002736
1002748
1002785
1002812
1002854
1003267
1003866
1003870
1004051
1004054
1004061
1004583
1004676
1004798
1004845
1005198
1005210
1005446
1005447
1005798
1006182
1006326
1006345
1006441
1006467
1006484
1006507
1006624
1006633
1006741
1006908
1006931
1007139
1007201
1007313
1007515
1007532
1007552
1007677
1007716
1007755
1007895
1008180
1008280
1008454
1008575
1008692
1008847
1008866
1009075
1009176
1009335
1009382
1009413
1009803
1010094
1010170
1010188
1010207
1010489
1010550
1010735
1010907
1010913
1011006
1011051
1011142
1011143
1011186
1011491
1011578
1011774
1012139
1012825
1013211
1013345
1013439
1013453
1013532
1013711
1013730
1013808
1014188
1014626
1015178
1015196
1015239
1015507
1015600
1015668
1015940
1016104
1016197
1016408
1016415
1016809
1016812
1016813
1017113
1017276
1017437
1017539
1017738
1017801
1017841
1017906
1017972
1018048
1018149
1018224
1018332
1018484
1018615
1018805
1018951
1019228
1019366
1019396
1019676
1019920
1019980
1020458
1020549
1020750
1020858
1022064
1022133
1022184
1022185
1022515
1022572
1022924
1023027
1023468
1023624
1023670
1023775
1023896
1024057
1024161
1024549
1024619
1024673
1024740
1024871
1025221
1025724
1025837
1026208
1026222
1026323
1026456
1026861
1027321
1027853
1028033
1028045
1028108
1028159
1028265
1028367
1028896
1029037
1029510
1029686
1029802
1029864
1030221
1030373
1030694
1030821
1030895
1030953
1031136
1031388
1031405
1031417
1032191
1032812
1032878
1033194
1033216
1033437
1033445
1033756
1033757
1034075
1034420
1035142
1035185
1035419
1035627
1035739
1035851
1036328
1036512
1036597
1036649
1037057
1037315
1037323
1037352
1037543
1037628
1037691
1037728
1038228
1038229
1038639
1038747
1038806
1039367
1039409
1039877
1040001
1040047
1040892
1041096
1041254
1041279
1041646
1041738
1041989
1042013
1042383
1042479
1043086
1043169
1043170
1043202
1043459
1043525
1043650
1043865
1044212
1044382
1044397
1044429
1044480
1044564
1044656
1044698
1044715
1044720
1045094
1045109
1045361
1045420
1045450
1045453
1045554
1045601
1045762
1045785
1046302
1046858
1047158
1047474
1047581
1047597
1047600
1047789
1047908
1048079
1048204
1048299
1048367
1048724
1048945
1049101
1049137
1049480
1050100
1050915
1050972
1051165
1051334
1051415
1051796
1051842
1051912
1051938
1052085
1052226
1052342
1052552
1052576
1052706
1053144
1053712
1054127
1054203
1054205
1054247
1054259
1054565
1054624
1055359
1055474
1055573
1055574
1055683
1055724
1055796
1055800
1056247
1056264
1056593
1056657
1056734
1056746
1056755
1056779
1057433
1057819
1058046
1058053
1058257
1059194
1059197
1059646
1059956
1060226
1060332
1060425
1060499
1060556
1061102
1061318
1061744
1062306
1062603
1062719
1062851
1063134
1063287
1063300
1064098
1064128
1064319
1064409
1064522
1064927
1065237
1065280
1065294
1065352
1065572
1065753
1065874
1066003
1066028
1066044
1066098
1066606
1067261
1067407
1067622
1067664
1067759
1067845
1067994
1068031
1068069
1068144
1068556
1068988
1069686
1070083
1071237
1071577
1071632
1071759
1071895
1071938
1071960
1071987
1072791
1073100
1073327
1073409
1073665
1073802
1073806
1074302
1074940
1074993
1075149
1075455
1075516
1076202
1076416
1076976
1077085
1077094
1077321
1077536
1077644
1077680
1077838
1077875
1077888
1077929
1077993
1078365
1078387
1078927
1079032
1079253
1079878
1080085
1080271
1080284
1080394
1081158
1081302
1081363
1081391
1081612
1081700
1081895
1081897
1081919
1081973
1082976
1083552
1083585
1083593
1083750
1083915
1084028
1084030
1084091
1084189
1084197
1084198
1084201
1084270
1084688
1084905
1084993
1085864
1086082
1086232
1086355
1086452
1086501
1086565
1086729
1087258
1087287
1087289
1087756
1088049
1088323
1088361
1088630
1088829
1088947
1089011
1089012
1089621
1089768
1089771
1089985
1090125
1090154
1090479
1090778
1090955
1091023
1091268
1091449
1091480
1091599
1091601
1091818
1092091
1092332
1092341
1092612
1092916
1092920
1093865
1093909
1093972
1094643
1094952
1094971
1095158
1095163
1095253
1095812
1096255
1096391
1096526
1096762
1097212
1097373
1097392
1097476
1097925
1098047
1098154
1098339
1098407
1098510
1098965
1099470
1099679
1099885
1099972
1100424
1100558
1100743
1101004
1101061
1101645
1101663
1101727
1101795
1101988
1102048
1102284
1102893
1103031
1103041
1103407
1103505
1103536
1103589
1103811
1103814
1103956
1103981
1104389
1104627
1105135
1105136
1105732
1105872
1105947
1106273
1106296
1106357
1106514
1106719
1106782
1106802
1106934
1106992
1107230
1107254
1107310
1107536
1107696
1107836
1107873
1108019
1108230
1108369
1109675
1109739
1109744
1109831
1109858
1109859
1109860
1110009
1110018
1110042
1110168
1110401
1110585
1110726
1110763
1111623
1111747
1111786
1111943
1112155
1112414
1112615
1112989
1112997
1113567
1113650
1113800
1113899
1113909
1114055
1114269
1114463
1114889
1115088
1115168
1115576
1115715
1115799
1115861
1116106
1116247
1116391
1116682
1116763
1116773
1116963
1117107
1117407
1117668
1117745
1118952
1119161
1119273
1120354
1120418
1120598
1120911
1121061
1121088
1121982
1122303
1122561
1122604
1123022
1123081
1123091
1123112
1123326
1123391
1123923
1124264
1124267
1124495
1124563
1124586
1124704
1124719
1124817
1125168
1125677
1126181
1126282
1126343
1126351
1126686
1126894
1127412
1127649
1128016
1128564
1128814
1128845
1128920
1128988
1129145
1129269
1129368
1130360
1130490
1130727
1130943
1130985
1131372
1131655
1131657
1132097
1132153
1132184
1132227
1132360
1132654
1132853
1133047
1134142
1134470
1134678
110
123
135
247
281
285
291
333
337
522
562
634
649
654
732
741
850
886
917
948
1036
1039
1089
1107
1113
1125
1147
1197
1201
1242
1273
1322
1330
1340
1347
1358
1372
1383
1389
1419
1462
1526
1555
1588
1639
1649
1653
1712
1714
1718
1736
1751
1764
1765
1784
1789
1842
1875
1933
1959
1970
1975
2050
2064
2075
2091
2109
2110
2154
2176
2217
2238
2301
2326
2430
2432
2462
2468
2480
2540
2570
2603
2649
2671
2726
2737
2760
2790
2812
2856
2857
2866
2877
3000
3039
3047
3058
3070
3148
3263
3396
3444
3450
3465
3536
3554
3576
3657
3669
3688
3724
3747
3790
3799
3806
3839
3882
3890
3911
3978
4016
4039
4045
4068
4081
4110
4233
4262
4275
4277
4314
4334
4377
4398
4402
4413
4464
4482
4492
4503
4505
4525
4533
4537
4544
4562
4608
4613
4620
4622
4624
4644
4647
4689
4725
4727
4743
4815
4846
4855
4895
4905
4917
4924
5051
5080
5100
5122
5233
5337
5462
5641
5768
5856
5893
5916
5972
6003
6007
6024
6049
6086
6099
6117
6133
6175
6210
6222
6228
6231
6252
6262
6287
6288
6387
6401
6406
6501
6584
6612
6755
6786
6843
6856
6858
6882
6922
6970
7063
7073
7076
7105
7131
7136
7207
7255
7261
7273
7314
7422
7425
7554
7573
7580
7600
7648
7719
7731
7752
7816
7824
7869
7923
8025
8046
8064
8074
8081
8104
8112
8113
8124
8142
8156
8164
8198
8208
8210
8262
8326
8360
8364
8434
8448
8532
8545
8549
8588
8632
8695
8754
8846
8883
8990
9000
9055
9060
9135
9153
9253
9255
9266
9295
9320
9354
9404
9423
9456
9471
9506
9521
9532
9542
9548
9551
9573
9669
9722
9738
9740
9742
9766
9795
9911
9947
9981
9995
10032
10068
10097
10108
10109
10171
10199
10364
10458
10469
10488
10618
10645
10707
10743
10790
10815
10935
10961
11039
11051
11102
11120
11130
11142
11169
11186
11237
11303
11458
11477
11522
11540
11558
11646
11674
11718
11759
11801
11831
11837
11942
11945
12008
12068
12150
12160
12191
12304
12352
12376
12430
12434
12446
12463
12465
12511
12547
12609
12620
12634
12746
12749
12757
12849
12858
12907
12939
12967
13038
13040
13041
13046
13082
13099
13138
13163
13177
13179
13187
13191
13197
13206
13230
13234
13241
13246
13276
13284
13329
13338
13347
13358
13373
13393
13450
13451
13463
13512
13540
13556
13564
13576
13633
13660
13693
13706
13760
13768
13771
13835
13845
13850
13859
13863
13893
13960
13972
13997
14024
14068
14072
14074
14078
14111
14129
14169
14171
14185
14188
14225
14230
14236
14246
14262
14286
14368
14448
14457
14508
14593
14611
14848
14872
14980
15147
15299
15319
15437
15561
15760
16091
16618
16657
16673
16720
16740
16742
16766
16780
16795
16891
16949
16955
16965
16999
17030
17080
17106
17107
17109
17111
17151
17153
17189
17213
17234
17277
17297
17683
17688
17703
17768
17790
17844
17848
17856
17865
17964
18045
18058
18063
18079
18095
18119
18162
18167
18208
18211
18237
18253
18288
18299
18307
18333
18347
18370
18387
18428
18432
18501
18507
18522
18582
18591
18596
18694
18717
18767
18794
18830
18835
18841
18885
18897
18903
18941
18976
18991
19032
19112
19115
19135
19207
19212
19294
19324
19335
19354
19400
19450
19548
19562
19589
19620
19639
19641
19650
19655
19663
19789
19805
19809
19832
19851
19894
19899
19921
20019
20032
20091
20121
20174
20265
20302
20307
20336
20356
20392
20410
20441
20487
20543
20600
20616
20900
20927
20937
20961
21036
21054
21056
21085
21114
21132
21149
21170
21196
21231
21308
21321
21335
21340
21355
21356
21360
21363
21385
21401
21464
21471
21487
21493
21523
21529
21531
21540
21560
21612
21654
21672
21685
21724
21725
21726
21752
21787
21812
21831
21852
21884
21895
21913
21936
21937
21951
21952
22032
22035
22037
22046
22134
22181
22192
22234
22283
22306
22317
22334
22355
22377
22382
22404
22422
22429
22449
22479
22495
22503
22515
22516
22517
22535
22556
22608
22640
22672
22673
22690
22703
22704
22720
22736
22743
22779
22790
22793
22794
22827
22887
22895
22901
22911
22933
22942
22989
22993
23021
23033
23045
23049
23058
23059
23062
23148
23154
23160
23197
23202
23282
23286
23337
23340
23346
23444
23446
23447
23484
23485
23490
23514
23551
23552
23599
23630
23677
23737
23740
23744
23767
23772
23783
23805
23869
23928
23939
23954
24002
24038
24044
24057
24093
24163
24200
24221
24227
24239
24253
24259
24296
24305
24307
24326
24328
24346
24348
24404
24415
24421
24428
24438
24472
24487
24500
24549
24558
24574
24634
24657
24688
24703
24727
24734
24735
24737
24776
24798
24804
24846
24859
24870
24875
24892
24930
24948
24966
25009
25049
25056
25062
25073
25078
25081
25119
25156
25205
25241
25316
25332
25360
25449
25460
25465
25495
25525
25570
25575
25682
25722
25734
25765
25780
25835
25838
25841
25853
25866
25936
25942
25961
25976
25992
26019
26056
26095
26111
26152
26157
26161
26169
26212
26221
26222
26244
26250
26265
26284
26293
26322
26325
26354
26398
26467
26468
26477
26498
26506
26525
26543
26545
26589
26622
26634
26640
26648
26666
26676
26685
26700
26702
26738
26742
26762
26779
26832
26885
26909
26936
26987
26991
27006
27013
27127
27138
27140
27147
27149
27160
27173
27181
27210
27216
27238
27328
27361
27385
27421
27466
27505
27531
27539
27564
27568
27577
27587
27703
27712
27732
27771
27776
27849
27862
27866
27901
27918
27920
28000
28014
28051
28104
28124
28159
28168
28179
28191
28273
28298
28318
28342
28420
28425
28427
28470
28488
28502
28553
28559
28568
28672
28718
28732
28761
28788
28793
28806
28812
28821
28825
28847
28862
28881
28926
28946
28969
28984
29002
29012
29035
29042
29050
29073
29081
29086
29103
29117
29126
29138
29184
29198
29200
29213
29253
29314
29358
29389
29411
29428
29472
29570
29581
29590
29647
29648
29706
29735
29807
29821
29916
29919
29970
30010
30030
30033
30079
30109
30160
30272
30332
30360
30368
30430
30602
30619
30634
30646
30679
30708
30711
30736
30739
30746
30754
30776
30786
30820
30847
30870
30924
30945
30962
30964
30965
30973
30976
30980
31033
31071
31075
31103
31104
31130
31136
31156
31172
31196
31225
31262
31281
31303
31308
31375
31438
31455
31463
31465
31477
31488
31495
31515
31537
31546
31553
31567
31608
31617
31744
31775
31822
31874
31879
31907
31912
31945
31965
32001
32004
32047
32060
32101
32166
32181
32206
32279
32355
32430
32471
32484
32487
32495
32505
32554
32555
32570
32578
32618
32625
32637
32682
32711
32715
32716
32718
32722
32752
32848
32876
32889
32908
32910
32934
33016
33026
33037
33125
33184
33220
33295
33370
33377
33399
33442
33511
33528
33530
33534
33564
33571
33670
33672
33723
33800
33834
33842
33891
33919
33933
33936
33982
33995
34041
34050
34081
34160
34196
34245
34321
34324
34340
34425
34429
34459
34462
34523
34542
34562
34655
34663
34693
34740
34824
34938
34941
34965
34982
34987
35000
35015
35026
35089
35151
35177
35185
35205
35248
35331
35362
35388
35404
35408
35440
35476
35512
35536
35590
35608
35628
35665
35667
35783
35787
35942
36005
36057
36164
36216
36230
36301
36326
36395
36419
36595
36605
36621
36690
36778
36807
36812
36848
36873
36877
36931
36982
37003
37039
37113
37155
37157
37177
37193
37201
37248
37251
37252
37281
37337
37339
37367
37377
37414
37476
37489
37509
37540
37555
37558
37567
37577
37579
37584
37603
37608
37609
37625
37654
37693
37695
37697
37735
37738
37799
37812
37820
37837
37857
37927
37953
37961
37980
37983
38004
38072
38074
38096
38165
38185
38193
38205
38232
38284
38343
38418
38438
38476
38496
38520
38532
38551
38553
38557
38596
38637
38646
38737
38755
38781
38782
38824
38840
38857
38875
38885
38892
38900
38912
38929
38955
38958
38966
39068
39129
39183
39213
39222
39231
39237
39280
39319
39338
39445
39452
39477
39659
39745
39750
39777
39826
39885
39888
39918
39948
39952
39967
40004
40009
40123
40124
40144
40154
40155
40156
40165
40168
40172
40182
40187
40195
40207
40208
40236
40254
40265
40382
40405
40412
40421
40470
40504
40512
40541
40542
40756
40765
40787
40873
40959
40980
41097
41107
41138
41142
41151
41259
41265
41274
41276
41335
41489
41511
41513
41514
41532
41572
41653
41681
41687
41689
41732
41747
41751
41757
41759
41767
41803
41841
41915
41929
41973
42032
42123
42279
42315
42329
42546
42551
42559
42584
42588
42709
42744
42765
42793
42794
42813
42882
42934
42952
42954
42984
42996
43004
43033
43038
43043
43060
43116
43129
43257
43263
43296
43311
43312
43317
43329
43348
43392
43395
43419
43425
43442
43450
43518
43554
43590
43654
43720
43837
43865
43880
43934
43958
43964
43972
43978
43983
44030
44035
44121
44190
44205
44229
44240
44246
44253
44261
44264
44326
44344
44423
44443
44457
44506
44509
44523
44540
44541
44548
44572
44579
44597
44601
44627
44629
44660
44708
44730
44806
44855
44874
44876
44914
44971
45015
45065
45068
45090
45117
45163
45191
45221
45262
45276
45301
45331
45498
45515
45524
45531
45565
45570
45574
45602
45641
45668
45676
45696
45709
45710
45770
45799
45810
45817
45823
45838
45871
45896
45897
45918
45919
45943
45946
45977
45995
46006
46009
46023
46033
46134
46138
46141
46149
46241
46298
46361
46465
46514
46541
46640
46676
46728
46750
46832
46854
46855
46872
46909
46922
46923
46931
47067
47102
47139
47141
47179
47187
47211
47239
47262
47308
47346
47370
47418
47437
47447
47468
47548
47640
47653
47753
47850
47869
47913
48022
48130
48133
48144
48148
48252
48379
48384
48399
48531
48610
48647
48692
48787
48795
48843
48888
48912
49040
49339
49361
49384
49459
49486
49541
49555
49570
49585
49632
49638
49646
49651
49659
49661
49663
49749
49781
49790
49811
49826
49850
49856
49878
49898
49912
49933
49968
50002
50031
50105
50157
50202
50205
50227
50261
50263
50320
50323
50375
50404
50463
50519
50531
50594
50652
50674
50700
50712
50779
50792
50840
50853
50885
50899
50916
50927
50951
50971
51015
51032
51092
51116
51157
51183
51207
51209
51220
51244
51259
51313
51318
51321
51328
51331
51352
51366
51410
51412
51421
51465
51480
51489
51495
51515
51519
51526
51583
51614
51672
51691
51704
51746
51766
51825
51881
51903
51942
51996
52015
52037
52167
52171
52176
52194
52279
52280
52368
52392
52445
52561
52589
52669
52671
52696
52750
52773
52774
52793
52806
52904
52919
53006
53017
53049
53301
53363
53546
53598
53624
53626
53638
53639
53677
53689
53836
53880
53918
54021
54255
54627
54629
54733
54768
54855
54893
54963
54968
54969
54980
54983
54987
55045
55059
55069
55248
55260
55275
55304
55325
55342
55359
55381
55400
55413
55485
55547
55573
55579
55629
55647
55668
55768
55836
55900
55983
55988
56132
56180
56246
56264
56283
56315
56347
56422
56469
56506
56535
56551
56670
56756
57080
57204
57869
57892
57903
57911
57935
57939
57944
57976
57992
58007
58012
58071
58172
58177
58188
58221
58313
58329
58349
58390
58395
58432
58433
58466
58523
58533
58538
58541
58579
58589
58592
58608
58609
58615
58677
58710
58734
58768
58991
59003
59026
59031
59032
59202
59248
59250
59412
59429
59439
59442
59473
59477
59484
59512
59594
59639
59655
59694
59695
59720
59830
60007
60032
60040
60071
60127
60155
60180
60296
60320
60397
60463
60548
60573
60639
60662
60686
60687
60694
60737
60749
60871
60891
60914
60948
60949
60956
61075
61097
61112
61138
61139
61148
61204
61221
61228
61229
61266
61309
61333
61368
61397
61431
61537
61563
61564
61569
61588
61591
61594
61638
61642
61660
61663
61681
61689
61695
61710
61722
61752
61800
61850
61871
61878
62001
62005
62052
62099
62104
62234
62241
62261
62367
62387
62406
62500
62526
62651
62667
62677
62721
62724
62733
62792
62901
62915
62947
63013
63015
63020
63026
63034
63115
63191
63258
63294
63442
63586
63660
63676
63683
63693
63713
63727
63840
63850
63853
63882
63896
63973
63976
63978
63993
64057
64089
64091
64096
64122
64196
64203
64237
64250
64276
64285
64305
64340
64355
64393
64400
64401
64427
64428
64438
64561
64620
64625
64738
64859
64887
64895
64941
65034
65057
65062
65113
65115
65155
65177
65179
65207
65303
65355
65488
65745
65774
65870
66113
66118
66158
66328
66364
66376
66397
66433
66434
66443
66446
66510
66535
66566
66598
66614
66638
66662
66669
66681
66735
66761
66793
66807
66839
66845
66848
66929
66952
66987
67081
67146
67214
67267
67283
67328
67346
67352
67389
67394
67454
67463
67502
67515
67544
67581
67598
67673
67759
67797
67803
67870
68005
68064
68081
68143
68147
68159
68291
68301
68307
68334
68376
68423
68461
68506
68523
68541
68606
68640
68693
68825
68848
68914
68924
68929
68934
68954
68972
69039
69077
69094
69109
69172
69195
69204
69236
69255
69263
69274
69275
69286
69288
69329
69341
69361
69432
69493
69497
69529
69585
69587
69682
69739
69768
69771
69788
69800
69815
69870
69872
69883
69947
69955
69960
69969
69987
70010
70050
70052
70112
70118
70147
70239
70262
70305
70309
70320
70324
70342
70362
70366
70370
70373
70383
70407
70411
70476
70484
70506
70518
70540
70542
70579
70587
70603
70614
70755
70760
70768
70790
70795
70839
70847
70855
70861
70896
70946
70964
71018
71024
71072
71124
71127
71148
71151
71164
71182
71186
71225
71230
71259
71268
71301
71331
71332
71345
71363
71369
71372
71489
71518
71545
71616
71628
71671
71690
71836
71838
71855
71881
71902
71919
71922
71923
71950
71955
71961
71968
71980
71994
72028
72030
72074
72084
72091
72093
72124
72132
72176
72221
72250
72309
72550
72651
72686
72736
72752
72895
72898
72953
73133
73163
73311
73427
73512
73561
73563
73568
73573
73578
73603
73624
73643
73775
73828
73862
73909
73916
73931
73957
73972
73983
74020
74057
74250
74255
74314
74319
74370
74388
74390
74424
74428
74445
74449
74533
74543
74568
74579
74611
74639
74651
74681
74687
74774
74784
74787
74808
74844
74851
74853
74870
74898
74907
74913
74971
74977
75059
75070
75071
75097
75197
75214
75259
75293
75302
75303
75317
75336
75390
75396
75451
75484
75487
75524
75528
75562
75584
75605
75663
75679
75691
75739
75774
75790
75808
75889
75906
75949
75950
75963
76026
76039
76050
76053
76055
76068
76076
76091
76099
76117
76120
76164
76203
76222
76285
76317
76368
76385
76436
76437
76505
76532
76596
76631
76686
76713
76777
76809
76848
76934
77048
77058
77062
77093
77103
77135
77139
77145
77147
77151
77157
77178
77189
77203
77213
77223
77256
77269
77336
77356
77360
77499
77583
77586
77635
77642
78016
78033
78049
78050
78059
78063
78066
78086
78169
78187
78269
78277
78305
78355
78413
78435
78477
78481
78495
78579
78584
78605
78626
78645
78648
78657
78662
78677
78680
78692
78693
78723
78727
78735
78758
78848
78899
78907
78908
78931
78948
78963
79022
79025
79051
79107
79112
79160
79168
79203
79244
79261
79311
79312
79329
79372
79381
79398
79403
79404
79424
79442
79473
79492
79530
79549
79552
79580
79591
79611
79820
79826
79901
79924
80071
80257
80323
80385
80423
80641
80738
80843
80844
80859
80911
81093
81165
81191
81257
81291
81330
81412
81423
81452
81454
81468
81569
81639
81750
81874
81920
81929
81946
81951
81972
81977
82014
82088
82129
82138
82151
82275
82303
82306
82339
82378
82405
82474
82517
82527
82671
82706
82784
82827
82960
82964
82993
83061
83110
83124
83131
83169
83226
83230
83232
83248
83282
83318
83433
83493
83501
83503
83616
83618
83626
83631
83679
83682
83706
83746
83756
83882
83919
83928
83947
83948
83956
83958
83963
83977
84046
84077
84151
84158
84183
84262
84272
84336
84352
84354
84357
84378
84385
84397
84412
84464
84465
84515
84542
84548
84610
84623
84647
84712
84741
84758
84809
84830
84842
84845
84852
84853
84855
84992
85079
85183
85202
85203
85212
85214
85243
85259
85279
85298
85354
85360
85384
85451
85483
85507
85525
85563
85569
85639
85644
85800
85869
85964
86027
86053
86061
86098
86147
86209
86321
86324
86331
86338
86432
86450
86465
86629
86672
86718
86735
86781
86791
86792
86862
86884
86921
86951
86997
87049
87088
87155
87180
87233
87238
87285
87320
87335
87372
87384
87404
87451
87469
87500
87537
87542
87654
87668
87712
87714
87720
87763
87820
87821
87862
87864
87896
87916
87940
88014
88015
88022
88036
88116
88155
88195
88216
88303
88325
88351
88385
88393
88405
88409
88420
88427
88440
88540
88563
88569
88648
88656
88658
88702
88739
88775
88801
88890
88896
88903
88938
88985
89012
89038
89064
89071
89072
89084
89096
89101
89104
89115
89117
89131
89158
89205
89318
89370
89470
89473
89474
89532
89584
89613
89658
89750
89793
89807
89838
89841
89881
89989
90030
90148
90173
90175
90184
90321
90455
90461
90473
90759
90818
90851
90920
90928
90933
90964
90973
90974
90992
90998
91008
91017
91022
91041
91126
91136
91140
91156
91170
91174
91207
91260
91270
91276
91357
91396
91402
91416
91445
91455
91458
91460
91469
91475
91477
91527
91551
91557
91573
91575
91590
91639
91697
91701
91748
91762
91763
91785
91820
91860
91864
91865
91907
91938
91944
91978
91986
91991
91993
92024
92043
92045
92060
92070
92085
92137
92166
92197
92216
92224
92241
92271
92320
92321
92356
92358
92365
92372
92383
92398
92426
92433
92446
92447
92483
92520
92540
92543
92633
92638
92652
92687
92702
92735
92750
92766
92787
92788
92807
92838
92851
92859
92861
92875
92895
92950
92954
93022
93101
93126
93152
93181
93195
93208
93212
93272
93313
93323
93324
93331
93342
93456
93495
93500
93503
93533
93535
93537
93571
93594
93600
93615
93634
93642
93643
93656
93664
93672
93695
93721
93741
93772
93773
93777
93798
93804
93832
93854
93871
93873
93907
93925
93978
93983
94007
94010
94026
94027
94044
94072
94111
94170
94192
94294
94310
94311
94332
94336
94361
94368
94392
94420
94431
94433
94464
94472
94509
94574
94577
94594
94629
94647
94680
94761
94843
94847
94936
94976
94988
94998
95008
95029
95091
95106
95123
95133
95157
95164
95165
95175
95195
95226
95232
95282
95309
95383
95393
95411
95416
95420
95423
95467
95517
95537
95546
95558
95607
95688
95689
95692
95729
95734
95735
95768
95810
95813
95824
95861
95869
95870
95914
95940
95962
95966
95978
95995
95996
96015
96029
96057
96058
96070
96158
96171
96178
96182
96188
96200
96207
96263
96271
96274
96314
96333
96346
96347
96384
96393
96396
96408
96416
96418
96430
96443
96468
96494
96514
96584
96587
96652
96667
96677
96683
96703
96721
96748
96778
96791
96809
96813
96824
96846
96864
96870
96882
96887
96888
96893
96916
96997
97007
97030
97049
97075
97091
97100
97101
97108
97125
97128
97130
97252
97253
97265
97277
97279
97296
97298
97322
97389
97390
97409
97459
97487
97547
97619
97646
97663
97687
97706
97716
97752
97758
97774
97844
97860
97864
97879
97924
97946
97950
97970
97996
97998
98003
98005
98085
98100
98124
98147
98152
98191
98203
98245
98299
98350
98385
98387
98389
98483
98513
98583
98627
98640
98690
98719
98727
98884
98945
98974
98989
99052
99053
99075
99115
99159
99255
99262
99289
99297
99298
99369
99378
99401
99415
99417
99456
99462
99482
99484
99491
99515
99562
99658
99659
99675
99677
99688
99694
99697
99699
99724
99726
99742
99743
99784
99814
99847
99879
99881
99898
99905
99939
99958
99972
100002
100026
100056
100057
100082
100083
100124
100126
100131
100152
100222
100246
100271
100275
100308
100377
100411
100481
100546
100552
100563
100622
100623
100648
100663
100667
100688
100715
100722
100740
100845
100856
100858
100869
100880
100881
100883
100915
100958
100981
100983
100998
101017
101075
101077
101182
101242
101300
101355
101420
101443
101462
101464
101485
101496
101557
101560
101572
101584
101608
101610
101645
101663
101672
101721
101723
101771
101782
101812
101837
101869
101913
101932
101934
102020
102021
102041
102076
102084
102097
102165
102167
102168
102174
102207
102213
102271
102306
102310
102327
102341
102342
102360
102373
102395
102403
102410
102431
102435
102447
102448
102454
102455
102461
102463
102470
102473
102483
102499
102504
102615
102618
102654
102685
102688
102696
102726
102731
102781
102791
102796
102799
102807
102818
102825
102845
102877
102892
102931
102970
102999
103001
103013
103035
103046
103070
103076
103116
103147
103204
103246
103260
103281
103282
103286
103293
103476
103483
103487
103502
103530
103548
103559
103578
103589
103610
103614
103615
103631
103637
103658
103672
103673
103685
103699
103706
103747
103764
103765
103768
103783
103927
103928
103962
104014
104021
104067
104083
104093
104133
104210
104259
104269
104270
104292
104296
104304
104306
104316
104317
104344
104359
104367
104377
104386
104389
104428
104430
104445
104446
104449
104464
104474
104476
104514
104586
104591
104595
104599
104623
104631
104736
104739
104762
104802
104805
104841
104883
104905
104906
104913
104921
104934
104940
105010
105017
105025
105026
105063
105099
105166
105215
105216
105225
105231
105243
105272
105294
105300
105315
105383
105396
105399
105422
105423
105435
105517
105672
105709
105716
105720
105721
105725
105726
105729
105744
105757
105795
105831
105833
105843
105883
105884
105946
105951
105959
105982
106051
106074
106079
106104
106105
106140
106166
106168
106171
106183
106199
106205
106296
106302
106307
106309
106313
106349
106360
106362
106374
106381
106382
106394
106414
106425
106455
106462
106515
106523
106544
106545
106564
106621
106626
106652
106661
106691
106803
106906
106964
107200
107224
107241
107269
107293
107406
107500
107587
107624
107745
107799
108146
108148
108173
108351
108534
108555
108580
108583
108696
108747
108781
108935
108937
108967
108987
108988
109021
109085
109129
109139
109155
109195
109196
109245
109284
109288
109298
109343
109469
109513
109591
109607
109634
109659
109684
109742
109796
109816
109853
109961
110080
110136
110147
110312
110332
110414
110437
110487
110500
110517
110529
110602
110688
110700
110702
110777
110829
110838
110898
111194
111195
111468
111471
111484
111489
111565
111605
111758
111886
111977
111982
112021
112063
112111
112151
112330
112406
112491
112505
112554
112586
112590
112599
112744
112758
112769
112844
112856
112933
112958
112961
113053
113221
113462
113534
113618
113667
113681
113699
113763
113780
113848
113921
113925
113945
114021
114024
114026
114039
114107
114159
114161
114186
114195
114245
114369
114371
114454
114555
114624
114668
114689
114693
114695
114720
114815
114961
115043
115046
115056
115059
115065
115072
115074
115206
115254
115282
115364
115369
115415
115439
115441
115458
115461
115468
115473
115508
115521
115523
115569
115614
115629
115666
115667
115738
115755
115794
115835
115859
115869
115899
115916
115949
116016
116051
116087
116128
116133
116179
116196
116199
116236
116280
116303
116375
116387
116401
116406
116444
116512
116585
116719
116797
116873
116910
116983
117036
117069
117142
117260
117284
117413
117434
117435
117437
117439
117481
117508
117509
117510
117524
117529
117544
117596
117605
117606
117623
117652
117657
117709
117746
117759
117784
117804
117817
117899
117907
117955
118005
118028
118092
118192
118233
118242
118269
118298
118323
118349
118362
118374
118419
118433
118455
118458
118575
118607
118668
118701
118716
118798
118799
118802
118840
118877
118903
118945
118949
118972
119016
119026
119066
119125
119139
119143
119181
119188
119199
119208
119228
119229
119254
119255
119347
119366
119415
119424
119427
119473
119523
119530
119539
119566
119575
119586
119601
119607
119681
119766
119790
119842
119845
119871
119967
119992
120018
120022
120059
120073
120078
120119
120148
120162
120183
120293
120308
120312
120366
120376
120380
120435
120454
120470
120475
120503
120514
120519
120540
120573
120638
120651
120713
120738
120754
120774
120786
120791
120852
120908
120938
120953
121126
121147
121149
121151
121155
121208
121235
121269
121327
121353
121363
121431
121432
121451
121454
121482
121546
121568
121583
121629
121658
121661
121697
121711
121723
121750
121817
121832
121838
121856
121898
121907
121928
121937
121980
121992
121995
122025
122029
122037
122098
122214
122232
122259
122278
122318
122339
122344
122359
122373
122409
122411
122451
122459
122494
122539
122567
122596
122632
122633
122708
122724
122774
122922
122923
122954
122990
123062
123119
123120
123152
123200
123221
123429
123435
123454
123471
123899
123905
123913
123948
124016
124064
124127
124130
124148
124207
124248
124265
124306
124378
124414
124442
124450
124459
124476
124478
124547
124559
124560
124568
124571
124614
124674
124711
124718
124743
124764
124776
124797
124799
124818
124942
125206
125211
125244
125252
125266
125290
125456
125459
125468
125487
125709
125722
125740
125855
125858
125870
125872
125885
125912
125936
125945
125968
125977
126037
126061
126150
126158
126164
126207
126238
126242
126246
126347
126644
126704
126785
126854
126956
127040
127065
127068
127126
127190
127191
127239
127249
127270
127354
127409
127454
127553
127577
127675
127719
127779
127822
127874
127996
128001
128023
128029
128055
128132
128158
128177
128197
128209
128225
128294
128379
128438
128461
128471
128477
128496
128519
128554
128565
128584
128585
128605
128644
128648
128672
128674
128753
128755
128799
128803
128854
128862
128882
128885
128959
129213
129243
129251
129316
129342
129377
129554
129576
129639
129658
129689
129733
129769
129777
129797
129823
130024
130078
130165
130206
130217
130219
130238
130259
130295
130416
130485
130496
130574
130579
130587
130691
130944
130990
130993
130995
131087
131094
131102
131195
131212
131292
131309
131312
131411
131425
131426
131472
131493
131497
131501
131514
131524
131537
131578
131585
131629
131721
131775
131779
131807
131926
131978
132014
132028
132058
132065
132081
132119
132172
132219
132243
132253
132268
132297
132308
132315
132340
132452
132474
132530
132539
132544
132561
132565
132636
132658
132693
132714
132721
132724
132731
132739
132744
132854
133013
133025
133108
133166
133177
133187
133209
133213
133228
133276
133373
133435
133440
133596
133666
133689
133690
133725
133783
133862
133872
133884
133900
133933
134002
134163
134197
134354
134362
134375
134386
134428
134454
134723
134749
134769
134789
134830
134889
134920
134945
134968
135001
135038
135071
135106
135112
135180
135280
135282
135377
135398
135432
135437
135440
135538
135541
135575
135595
135657
135658
135683
135691
135696
135697
135698
135710
135721
135726
135791
135800
135812
135824
135836
135892
135894
135898
135901
135911
135932
135933
135945
135949
135960
135971
135978
136010
136059
136085
136155
136242
136295
136335
136353
136354
136357
136396
136421
136441
136484
136485
136493
136561
136563
136594
136665
136696
136744
136754
136807
136887
136900
136907
136908
136918
136958
136984
137049
137073
137134
137144
137160
137176
137203
137316
137504
137519
137522
137559
137634
137728
137812
137836
137846
137942
137945
137971
137987
138091
138174
138256
138260
138357
138559
138571
138617
138787
138803
138888
138893
138896
139051
139055
139056
139094
139119
139133
139207
139229
139244
139254
139257
139274
139300
139307
139310
139324
139334
139349
139432
139445
139494
139506
139592
139600
139601
139649
139705
139727
139737
139758
139803
139818
139860
139865
139894
139921
139936
139963
139987
139996
140021
140057
140078
140135
140147
140189
140200
140212
140214
140218
140235
140237
140260
140270
140314
140322
140364
140376
140432
140440
140465
140471
140482
140504
140516
140528
140540
140545
140564
140589
140594
140600
140604
140610
140611
140620
140700
140793
140850
140868
140989
141023
141031
141069
141171
141190
141242
141243
141265
141368
141371
141404
141412
141414
141454
141477
141497
141506
141516
141569
141604
141625
141662
141667
141677
141694
141717
141719
141737
141749
141767
141771
141793
141854
141889
141900
141902
141903
141933
141940
141941
141960
142069
142088
142131
142188
142218
142306
142316
142484
142508
142624
142746
142767
142799
142823
142825
142833
142834
142859
142876
142892
142920
142987
143144
143147
143182
143302
143382
143451
143455
143456
143457
143522
143527
143539
143547
143577
143620
143623
143671
143687
143691
143705
143711
143736
143758
143801
143810
143811
143836
143864
143865
143884
143900
143919
143958
144028
144035
144107
144228
144241
144309
144311
144320
144337
144387
144411
144427
144456
144528
144587
144591
144602
144608
144637
144646
144703
144709
144711
144750
144771
144791
144794
144817
144818
144873
144900
144955
144958
145022
145032
145038
145067
145153
145265
145335
145343
145391
145402
145403
145453
145472
145486
145516
145558
145604
145680
145689
145743
145781
145813
145836
145867
145869
145886
145925
145926
145927
145941
145955
145986
145987
146029
146063
146082
146127
146212
146219
146320
146321
146350
146381
146403
146414
146416
146472
146518
146555
146556
146577
146599
146603
146605
146630
146666
146670
146711
146716
146747
146768
146772
146842
146848
146883
146935
146990
147079
147142
147201
147224
147306
147328
147350
147368
147400
147450
147460
147478
147529
147545
147607
147613
147632
147638
147683
147684
147692
147860
147874
147916
147921
148011
148049
148062
148111
148201
148255
148267
148311
148314
148335
148338
148348
148383
148384
148409
148458
148474
148480
148508
148526
148531
148546
148547
148563
148595
148597
148704
148725
148742
148749
148775
148814
148829
148883
148888
148894
148899
148965
148971
148975
148994
149023
149028
149031
149036
149065
149067
149077
149091
149108
149109
149183
149201
149217
149228
149271
149272
149273
149306
149323
149387
149396
149439
149465
149540
149542
149562
149652
149690
149706
149738
149749
149763
149772
149821
149823
149824
149838
149919
149926
150003
150029
150093
150125
150144
150180
150224
150271
150293
150453
150546
150578
150625
150700
150706
150721
150752
150798
150809
150836
150880
150901
150902
150919
150933
151010
151024
151050
151066
151070
151082
151162
151248
151262
151333
151424
151427
151430
151480
151510
151562
151574
151575
151585
151611
151621
151685
151691
151694
151703
151712
151726
151747
151773
151784
151799
151879
151880
151882
151901
152015
152055
152123
152138
152210
152214
152237
152258
152263
152264
152283
152318
152381
152385
152394
152410
152421
152482
152497
152499
152508
152516
152553
152554
152577
152585
152668
152689
152695
152726
152755
152787
152854
152875
152881
152939
152980
152997
152999
153047
153063
153069
153105
153109
153117
153124
153143
153271
153297
153318
153357
153375
153426
153435
153454
153456
153521
153525
153580
153607
153612
153619
153667
153678
153707
153735
153744
153779
153821
153828
153857
153914
153929
154001
154004
154022
154052
154054
154068
154079
154082
154124
154125
154149
154158
154206
154274
154282
154290
154353
154399
154517
154535
154548
154557
154572
154612
154633
154748
154752
154824
154983
155067
155083
155134
155147
155197
155283
155288
155293
155350
155410
155422
155440
155455
155498
155540
155559
155577
155635
155638
155654
155655
155682
155696
155697
155712
155728
155777
155871
155892
156061
156064
156111
156186
156205
156232
156255
156292
156300
156307
156309
156312
156355
156495
156527
156598
156638
156659
156765
156775
156784
156801
156900
156917
156932
156950
156956
157004
157069
157095
157096
157112
157214
157240
157246
157248
157285
157287
157308
157310
157320
157332
157421
157423
157459
157485
157516
157592
157621
157639
157712
157727
157786
157806
157807
157832
157977
158015
158028
158088
158102
158162
158198
158213
158217
158225
158252
158260
158262
158273
158275
158284
158307
158318
158348
158359
158360
158391
158446
158459
158496
158592
158603
158676
158855
158865
159002
159043
159055
159062
159065
159079
159096
159110
159129
159134
159233
159258
159271
159295
159304
159346
159366
159376
159380
159439
159454
159455
159468
159504
159505
159519
159527
159551
159592
159608
159632
159746
159765
159773
159793
159832
159853
159885
159914
159918
159984
159990
160021
160026
160098
160141
160144
160146
160147
160169
160172
160193
160194
160242
160260
160286
160289
160294
160297
160302
160347
160354
160375
160391
160403
160418
160440
160450
160461
160478
160491
160515
160538
160582
160588
160604
160607
160682
160715
160760
160801
160804
160813
160815
160817
160818
160825
160936
160937
160939
160957
160965
160970
161021
161101
161191
161201
161222
161335
161338
161345
161378
161406
161414
161425
161426
161439
161448
161452
161456
161470
161559
161578
161586
161592
161595
161604
161633
161636
161721
161779
161780
161824
161829
161846
161858
161905
161906
161908
161956
161993
162022
162034
162057
162109
162121
162132
162136
162153
162161
162170
162190
162191
162221
162305
162314
162318
162341
162354
162355
162363
162364
162371
162386
162392
162395
162521
162573
162577
162621
162664
162675
162704
162721
162821
162914
163015
163040
163152
163166
163216
163221
163247
163266
163268
163279
163286
163304
163368
163370
163381
163431
163447
163487
163500
163528
163557
163588
163617
163619
163651
163690
163747
163764
163776
163781
163785
163795
163797
163830
163835
163856
163882
163891
163894
163915
163920
163927
163930
163933
163934
163942
164024
164025
164035
164037
164067
164071
164083
164089
164099
164104
164116
164131
164138
164148
164153
164160
164201
164219
164229
164230
164233
164244
164245
164252
164254
164259
164262
164294
164300
164304
164305
164306
164372
164394
164398
164409
164427
164451
164455
164472
164519
164543
164627
164642
164668
164701
164711
164713
164720
164730
164739
164828
164897
164904
164940
165019
165031
165105
165106
165207
165305
165322
165348
165380
165422
165494
165548
165586
165822
165981
166035
166140
166339
166403
166594
166753
166897
166938
167092
167120
167247
167424
167510
167649
167657
167764
168026
168136
168327
168527
169016
169269
169348
170098
170099
170108
170114
170117
170145
170165
170181
170235
170255
170286
170384
170387
170398
170405
170431
170441
170486
170538
170569
170946
170947
170956
171013
171039
171123
171227
171267
171302
171370
171408
171415
171437
171445
171447
171458
171464
171465
171470
171479
171494
171497
171512
171516
171517
171521
171529
171531
171551
171554
171561
171562
171606
171636
171760
171900
172248
172362
172390
172420
172427
172477
172498
172510
172558
172614
172662
172672
172673
172682
172890
172895
172907
172928
172971
173001
173005
173024
173040
173086
173094
173158
173232
173243
173244
173288
173305
173328
173356
173372
173506
173920
173978
174119
174123
174157
174207
174278
174315
174342
174410
174413
174430
174458
174479
174513
174610
174748
174762
174826
174836
174857
174858
174863
174866
174882
174899
174950
174959
174963
174984
174997
174998
175005
175030
175037
175045
175051
175079
175087
175097
175136
175146
175181
175228
175260
175267
175287
175294
175319
175338
175358
175363
175390
175401
175409
175659
175678
175686
175705
175795
175860
175887
175897
176001
176053
176068
176132
176213
176232
176251
176302
176347
176349
176350
176352
176518
176570
177097
177347
177426
177428
177436
177446
177467
177489
177498
177515
177621
177644
177721
177753
177764
177930
177954
178006
178022
178037
178046
178062
178079
178092
178098
178136
178321
178349
178379
178385
178417
178447
178458
178481
178482
178485
178497
178507
178534
178537
178739
178789
178854
178857
178868
178918
178961
179051
179120
179594
179600
179606
179607
179621
179641
179649
179669
179705
179710
179717
179736
179749
179753
179779
179781
179789
179823
179824
179830
179849
179878
179900
179915
179920
179952
179956
179961
180034
180044
180120
180121
180133
180134
180138
180144
180147
180159
180187
180233
180252
180270
180275
180297
180316
180319
180346
180353
180395
180420
180460
180512
180513
180518
180531
180535
180612
180656
180665
180667
180702
180709
180777
180845
180880
180946
180957
181003
181019
181028
181042
181044
181051
181101
181112
181183
181251
181317
181394
181400
181448
181477
181511
181516
181521
181522
181552
181647
181744
181796
181839
181956
181965
182060
182066
182292
182326
182359
182389
182553
182599
183119
183301
183608
183616
183634
183659
183713
183850
183858
184047
184050
184054
184062
184121
184138
184143
184254
184272
184631
184673
184697
184709
184732
184803
184832
184845
184888
184911
184925
184929
184965
184971
184995
185001
185039
185079
185231
185468
185712
185770
185792
185808
185815
185831
185870
185876
185882
185893
185912
185955
185970
185982
185983
185992
186001
186027
186058
186062
186272
186296
186334
186520
186526
186578
186586
186605
186618
186619
186658
186873
186912
186920
186935
186949
186958
186960
187005
187051
187055
187072
187140
187225
187232
187241
187269
187340
187389
187390
187398
187413
187477
187482
187491
187492
187525
187634
187679
187747
187871
187973
187975
187977
188002
188037
188070
188073
188087
188088
188090
188184
188277
188287
188301
188305
188334
188387
188411
188424
188443
188458
188466
188478
188493
188499
188501
188511
188513
188526
188565
188580
188589
188590
188674
188792
188817
188819
188857
188939
188951
188957
189046
189056
189271
189278
189288
189348
189379
189404
189549
189673
189717
189740
189757
189775
189790
189801
189826
189830
189831
189849
189904
189936
190395
190415
190432
190438
190468
190503
190523
190543
190545
190572
190576
190630
190633
190638
190639
190701
190733
190738
190789
190868
190922
191118
191201
191217
191220
191233
191234
191241
191308
191333
191344
191354
191429
191430
191456
191538
191560
191576
191601
191612
191632
191692
191709
191733
191766
191777
191809
191813
191832
191848
191861
191893
191927
191935
191954
192009
192034
192254
192279
192396
192500
192616
192645
192815
192951
192954
193005
193123
193150
193155
193179
193192
193242
193266
193296
193337
193523
193576
193801
193813
193896
193906
193907
193910
193924
193946
193970
193976
194065
194071
194076
194163
194176
194222
194246
194251
194261
194274
194464
194548
194580
194928
194980
195012
195089
195091
195103
195135
195155
195168
195195
195201
195202
195226
195251
195274
195279
195315
195319
195366
195406
195435
195448
195470
195535
195542
195545
195563
195566
195584
195585
195595
195597
195614
195659
195673
195714
195730
195746
195814
195845
195861
196028
196220
196236
196244
196313
196390
196406
196411
196520
196671
196743
196747
196765
196789
196951
196957
197009
197044
197067
197247
197491
197505
197513
197568
197581
197618
197622
197670
197709
197803
197804
197807
197894
197915
197935
197938
197953
197973
197992
198066
198068
198117
198129
198154
198162
198163
198170
198171
198225
198396
198491
198612
198748
198819
198836
198874
198918
198924
198948
198960
198991
199013
199025
199068
199127
199142
199179
199213
199221
199245
199293
199387
199391
199438
199445
199453
199480
199539
199548
199566
199596
199604
199616
199656
199660
199669
199694
199711
199727
199733
199736
199741
199767
199787
199878
199968
200127
200138
200146
200166
200184
200185
200192
200195
200197
200199
200200
200260
200273
200358
200383
200425
200469
200483
200544
200569
200629
200745
200749
200760
200780
200803
200981
200998
200999
201035
201046
201104
201249
201310
201320
201339
201384
201385
201388
201389
201416
201422
201431
201464
201501
201556
201563
201574
201647
201670
201740
201744
201763
201776
201808
201826
201905
201956
201974
201980
201998
202036
202046
202048
202130
202136
202159
202364
202534
202829
202843
202952
202979
202991
203032
203109
203140
203207
203211
203267
203281
203287
203377
203581
204067
204360
204463
204491
204519
204533
204535
204537
204576
204713
204735
204744
204778
204847
204885
204957
204963
204964
204965
204983
204984
204992
205011
205041
205177
205452
205579
205614
205696
205798
205811
205813
205836
205850
205860
205914
205997
206025
206111
206116
206123
206142
206153
206187
206209
206210
206212
206233
206269
206302
206394
206397
206413
206447
206476
206496
206509
206521
206603
206624
206654
206670
206764
206824
206834
206836
206857
206870
206889
206891
206894
206905
206909
206915
207023
207061
207073
207147
207181
207222
207289
207373
207402
207433
207454
207471
207504
207536
207560
207566
207568
207615
207621
207656
207665
207674
207704
207712
207732
207750
207778
207785
207791
207879
207890
207962
208058
208152
208231
208260
208400
208426
208464
208466
208572
208615
208756
208776
208809
208866
208893
209150
209180
209203
209224
209234
209263
209276
209277
209315
209322
209326
209426
209430
209484
209493
209497
209514
209535
209556
209557
209565
209612
209623
209644
209658
209663
209722
209821
209822
209916
209936
209966
209967
209972
209981
209998
210012
210045
210113
210119
210142
210176
210238
210297
210299
210369
210442
210465
210489
210509
210673
210684
210710
210733
210771
210774
210809
210818
210843
210905
210954
211005
211061
211073
211237
211271
211273
211302
211339
211350
211498
211566
211899
211940
211989
212021
212072
212234
212242
212296
212382
212451
212471
212488
212510
212663
212836
213025
213046
213066
213080
213109
213163
213231
213276
213398
213443
213469
213507
214218
214238
214239
214283
214494
214800
214970
215057
215072
215082
215089
215108
215125
215202
215303
215308
215342
215350
215351
215418
215422
215427
215467
215573
215652
215698
215710
215712
215725
215789
215799
215813
215889
215892
215893
215955
216045
216085
216087
216098
216150
216154
216227
216251
216331
216469
216497
216521
216628
216645
216704
216753
216829
216845
216870
216909
216913
216922
216936
216942
216978
216979
217032
217125
217194
217222
217232
217273
217286
217300
217341
217359
217418
217424
217486
217533
217589
217598
217619
217632
217714
217773
217799
217848
217906
217924
218026
218092
218158
218170
218198
218239
218240
218258
218298
218331
218342
218348
218364
218401
218431
218432
218566
218593
218714
218717
218728
218802
218806
218816
218861
218864
218865
218872
218892
218925
218926
218952
218968
218983
218999
219039
219116
219124
219152
219250
219322
219352
219369
219397
219439
219442
219531
219609
219638
219673
219678
219682
219777
219798
219836
219927
219930
219948
219953
219957
219959
219973
219975
219981
219987
219991
220038
220048
220096
220099
220125
220138
220214
220224
220247
220265
220269
220325
220378
220392
220429
220457
220477
220505
220554
220588
220589
220596
220615
220619
220632
220635
220649
220668
220716
220725
220765
220812
220894
220998
221016
221021
221024
221026
221027
221154
221155
221162
221235
221303
221315
221331
221390
221410
221420
221435
221440
221446
221512
221530
221532
221597
221598
221654
221681
221709
221719
221721
221728
221732
221742
221744
221750
221757
221765
221772
221808
221809
221832
221844
221855
221857
221898
221909
221923
221936
221938
221958
222033
222040
222084
222132
222180
222197
222206
222217
222218
222223
222227
222235
222358
222373
222374
222397
222402
222424
222514
222530
222567
222580
222584
222631
222641
222646
222704
222707
222731
222746
222822
222851
222865
222886
222890
222898
222904
222911
222912
222955
222978
223015
223044
223101
223267
223315
223347
223431
223435
223436
223449
223476
223484
223578
223630
223651
223760
223838
223896
223920
223951
223998
224046
224067
224095
224125
224128
224157
224169
224189
224205
224222
224333
224487
224620
224624
224625
224791
224836
224866
225027
225058
225105
225133
225209
225245
225269
225272
225377
225429
225564
225619
225859
226021
226043
226087
226259
226306
226414
226415
226422
226530
226553
226556
226709
226746
226759
226779
226797
226802
226866
227024
227049
227134
227146
227149
227163
227252
227281
227323
227367
227381
227390
227412
227418
227421
227470
227577
227584
227631
227702
227721
227761
227807
227858
227917
228000
228022
228175
228340
228365
228435
228437
228458
228496
228513
228517
228532
228549
228587
228623
228676
228729
228737
228748
228819
228940
229248
229266
229287
229290
229296
229319
229329
229335
229370
229374
229381
229400
229447
229469
229478
229480
229486
229489
229599
229648
229728
229839
229968
230000
230075
230085
230111
230166
230201
230235
230262
230284
230285
230382
230441
230518
230537
230573
230574
230576
230598
230616
230621
230626
230658
230662
230703
230717
230726
230756
230758
230797
230820
230850
230868
230900
230936
230951
231046
231129
231134
231167
231168
231196
231224
231311
231346
231395
231403
231546
231574
231630
231637
231642
231820
231944
231967
232045
232158
232171
232172
232260
232284
232301
232365
232427
232442
232508
232567
232568
232645
232703
232709
232745
232990
233024
233202
233216
233222
233277
233289
233313
233520
233637
234060
234463
234594
234624
234636
234638
234799
235085
235229
235362
235408
235415
235436
235457
235475
235485
235488
235642
235647
235670
235750
235760
235770
235855
235873
235908
235929
235992
236049
236051
236093
236100
236140
236202
236239
236288
236334
236469
236506
236517
236571
236573
236627
236634
236647
236734
236774
236781
236837
236850
236865
236866
236880
236883
236960
237012
237030
237031
237033
237072
237078
237091
237149
237187
237223
237249
237261
237267
237288
237318
237320
237332
237356
237370
237383
237391
237394
237415
237476
237581
237654
237658
237751
237866
237868
237883
238027
238030
238066
238201
238240
238242
238312
238427
238461
238465
238481
238491
238511
238522
238535
238574
238580
238622
238625
238645
238687
238712
238828
238838
238866
238879
238936
238975
238994
239005
239102
239125
239134
239173
239268
239274
239280
239351
239360
239419
239431
239436
239438
239448
239453
239477
239535
239595
239630
239654
239672
239685
239691
239694
239696
239760
239779
239782
239812
239848
239850
239864
239869
239898
239899
239987
240025
240055
240059
240065
240087
240179
240208
240332
240402
240414
240430
240446
240458
240461
240478
240519
240805
240884
240888
240900
240954
240979
241212
241230
241240
241244
241289
241293
241326
241375
241389
241417
241431
241467
241468
241489
241532
241565
241603
241612
241702
241734
241780
241855
242014
242040
242060
242068
242074
242080
242082
242112
242167
242173
242186
242188
242205
242213
242272
242279
242283
242290
242300
242313
242323
242331
242333
242335
242337
242341
242436
242437
242445
242447
242476
242572
242605
242610
242619
242694
242707
242841
242896
242907
242945
242947
242966
243013
243019
243098
243173
243178
243284
243299
243398
243454
243463
243489
243543
243548
243554
243576
243595
243625
243652
243679
243717
243777
243856
243859
243880
243889
243893
244000
244045
244053
244117
244145
244147
244271
244332
244343
244366
244375
244395
244414
244443
244448
244491
244557
244565
244650
244663
244664
244684
244701
244754
244883
244898
244906
244908
244954
244984
245002
245020
245036
245041
245043
245053
245088
245093
245136
245161
245213
245217
245277
245330
245373
245417
245459
245460
245468
245469
245499
245500
245529
245694
245750
245752
245755
245771
245818
245820
245847
245924
245937
245981
246041
246141
246160
246182
246192
246194
246236
246242
246259
246264
246286
246299
246391
246424
246444
246448
246457
246486
246552
246556
246564
246588
246589
246602
246616
246623
246659
246669
246703
246706
246738
246790
246894
246927
246971
247005
247173
247178
247184
247268
247321
247335
247360
247487
247504
247638
247730
247798
247805
247819
247968
247970
248050
248207
248230
248281
248306
248314
248339
248361
248383
248408
248438
248444
248504
248572
248642
248767
248786
248788
248958
248993
249002
249036
249039
249045
249108
249151
249156
249197
249218
249314
249315
249345
249359
249478
249506
249507
249551
249629
249672
249691
249706
249734
249774
249801
249835
249886
249900
249977
250069
250115
250183
250298
250306
250320
250353
250405
250507
250510
250517
250534
250623
250637
250642
250647
250660
250669
250674
250681
250724
250742
250752
250766
250821
250923
250936
251050
251073
251083
251110
251181
251208
251227
251275
251303
251305
251306
251330
251355
251358
251364
251406
251429
251471
251581
251587
251629
251641
251720
251730
251889
251894
251906
251947
251973
251978
251994
252014
252031
252051
252061
252097
252112
252138
252144
252195
252199
252206
252209
252211
252214
252215
252265
252308
252383
252422
252434
252436
252440
252558
252626
252636
252676
252685
252769
252785
252792
252793
252804
252831
252889
252972
253119
253127
253128
253159
253197
253200
253209
253281
253296
253326
253333
253365
253369
253437
253441
253473
253477
253481
253491
253498
253591
253610
253642
253648
253678
253684
253723
253780
253818
253830
253878
253879
253880
253974
254038
254044
254067
254090
254122
254132
254355
254363
254394
254429
254445
254490
254504
254543
254701
254722
254930
254941
254951
255001
255035
255048
255054
255107
255116
255128
255171
255197
255201
255219
255340
255363
255365
255395
255444
255450
255465
255471
255524
255610
255654
255656
255757
255761
255762
255815
255863
255877
255908
255925
256036
256117
256157
256192
256196
256209
256235
256279
256291
256331
256385
256402
256455
256481
256487
256498
256536
256538
256571
256586
256611
256630
256679
256807
256928
256934
256950
256979
257008
257072
257074
257088
257120
257209
257217
257262
257322
257327
257329
257396
257409
257418
257427
257456
257465
257554
257575
257597
257624
257678
257714
257774
257782
257793
257795
257822
257859
257872
257891
257904
257928
257960
257983
257991
257993
258004
258054
258060
258064
258086
258090
258092
258219
258285
258345
258351
258449
258483
258514
258533
258560
258575
258576
258612
258650
258704
258740
258757
258776
258794
258888
258941
258991
259006
259034
259114
259137
259153
259174
259177
259196
259199
259211
259223
259260
259266
259275
259368
259389
259395
259402
259406
259409
259469
259472
259533
259565
259580
259586
259597
259598
259604
259643
259644
259645
259677
259724
259729
259877
259905
259911
259937
259960
259968
259985
260029
260039
260049
260070
260079
260091
260111
260120
260146
260175
260205
260256
260296
260313
260321
260427
260463
260508
260520
260539
260619
260621
260655
260769
260853
260890
260893
260914
260937
260943
260948
260949
260951
260999
261041
261106
261117
261122
261258
261271
261296
261301
261322
261375
261376
261464
261471
261565
261567
261568
261583
261599
261683
261696
261720
261733
261765
261783
261798
261801
261804
261823
261863
261916
261991
262135
262164
262222
262247
262266
262279
262291
262335
262375
262441
262494
262510
262551
262573
262591
262656
262661
262765
262769
262779
262799
262801
262815
262819
262838
262849
262879
262880
262901
262947
263017
263022
263046
263088
263090
263099
263100
263130
263137
263249
263259
263265
263266
263281
263307
263326
263344
263370
263371
263395
263425
263432
263443
263480
263527
263534
263536
263610
263642
263720
263731
263743
263762
263773
263798
263843
263877
263915
263932
263983
264045
264057
264075
264096
264108
264137
264138
264144
264255
264259
264268
264282
264315
264326
264392
264396
264414
264482
264507
264535
264583
264687
264706
264737
264751
264755
264774
264778
264816
264962
264976
264998
265105
265114
265119
265122
265131
265133
265165
265174
265179
265195
265271
265283
265312
265326
265337
265340
265352
265356
265365
265392
265400
265401
265425
265456
265495
265553
265574
265598
265633
265713
265725
265909
265949
265964
266067
266114
266117
266129
266254
266255
266258
266267
266298
266342
266382
266383
266434
266467
266517
266557
266600
266620
266655
266731
266851
266987
267040
267050
267059
267078
267086
267122
267123
267161
267166
267169
267232
267313
267356
267365
267403
267481
267500
267501
267521
267531
267558
267561
267647
267692
267709
267712
267714
267798
267829
267842
267887
267990
268049
268067
268072
268101
268127
268129
268161
268185
268189
268191
268193
268223
268235
268314
268331
268397
268486
268491
268494
268554
268583
268612
268623
268625
268630
268631
268633
268673
268679
268698
268699
268741
268742
268744
268759
268789
268802
268826
268845
268861
268909
268936
268975
268986
269024
269075
269098
269100
269182
269247
269252
269255
269261
269278
269312
269314
269323
269369
269498
269596
269611
269651
269654
269767
269836
269850
269865
269876
269877
269906
269909
270006
270022
270095
270097
270114
270139
270144
270153
270163
270178
270191
270193
270244
270272
270275
270342
270368
270370
270373
270507
270546
270554
270635
270645
270705
270706
270708
270737
270786
270793
270834
270853
270909
270990
270996
271009
271029
271042
271063
271185
271253
271293
271378
271419
271432
271462
271474
271481
271534
271535
271539
271548
271558
271584
271604
271617
271643
271684
271697
271704
271710
271736
271740
271742
271743
271802
271833
271897
271905
271951
271952
271953
271955
271957
271969
272000
272027
272089
272186
272191
272216
272265
272276
272484
272520
272653
272732
272796
272909
272966
272975
272986
273001
273029
273032
273060
273071
273121
273130
273152
273162
273172
273216
273277
273299
273312
273380
273442
273466
273468
273498
273501
273597
273605
273626
273662
273669
273679
273720
273783
273826
273853
273945
273986
274006
274030
274136
274142
274179
274263
274323
274371
274378
274384
274428
274435
274465
274469
274501
274512
274532
274581
274594
274596
274681
274727
274792
274795
274820
274821
274870
274879
274897
274943
274957
274961
274969
275095
275127
275215
275218
275246
275250
275253
275255
275261
275300
275355
275374
275402
275407
275586
275612
275650
275704
275738
275741
275804
275809
275812
275891
275908
275913
275948
275969
276012
276032
276089
276169
276196
276197
276218
276232
276360
276365
276407
276425
276479
276487
276502
276508
276532
276596
276731
276858
276911
277019
277020
277029
277039
277046
277054
277097
277148
277194
277261
277278
277325
277329
277387
277391
277397
277476
277488
277501
277554
277572
277579
277582
277691
277743
277807
277822
277840
277919
277993
278004
278016
278045
278056
278229
278271
278275
278278
278458
278507
278510
278580
278625
278646
278695
278844
279007
279034
279127
279143
279159
279260
279266
279269
279321
279382
279383
279384
279410
279539
279567
279613
279670
279864
279895
279994
280022
280040
280043
280086
280102
280286
280315
280338
280340
280370
280411
280492
280582
280634
280682
280748
280822
280827
280852
280979
281068
281098
281267
281268
281286
281398
281422
281430
281483
281508
281522
281534
281594
281720
281737
281750
281787
281853
281895
282059
282061
282218
282467
282545
282586
282597
282629
282873
282885
283222
283268
283304
283355
283357
283427
283454
283497
283569
283597
283665
283680
283844
284279
284362
284403
284433
284527
284717
284812
285033
285098
285129
285266
285394
285427
285442
285465
285473
285524
285642
285646
285734
285750
285801
285826
285834
285858
285910
286147
286155
286163
286175
286275
286374
286418
286442
286444
286583
286639
286647
286735
286737
286806
286810
286812
286822
286909
286965
286991
287007
287009
287032
287074
287109
287118
287127
287143
287172
287175
287177
287225
287260
287263
287270
287465
287472
287492
287560
287580
287590
287663
287702
287785
287793
287803
287806
287807
287815
287835
287837
287993
288024
288055
288093
288121
288151
288283
288301
288319
288347
288417
288524
288534
288549
288604
288621
288754
288769
288861
288916
288969
288999
289011
289048
289055
289162
289169
289171
289176
289388
289389
289392
289446
289520
289523
289536
289718
289748
289776
289785
289814
289918
289933
290126
290206
290238
290276
290311
290453
290510
290542
290556
290637
290666
290827
290847
290866
290955
290964
291000
291010
291062
291071
291205
291255
291257
291331
291413
291538
291693
291701
291847
291883
291900
291928
291933
291938
292068
292092
292175
292269
292333
292386
292391
292501
292559
292567
292576
292610
292612
292618
292619
292667
292680
292689
292698
292746
292771
292778
292788
292881
292931
292971
293003
293020
293039
293103
293126
293134
293139
293181
293214
293248
293257
293424
293466
293471
293545
293558
293587
293596
293611
293630
293723
293759
293802
293804
293809
293871
293924
293929
293946
294155
294166
294184
294194
294199
294317
294322
294330
294340
294371
294376
294428
294430
294432
294451
294469
294492
294502
294540
294569
294614
294628
294697
294768
294812
294925
294949
294984
294991
295015
295032
295068
295187
295333
295334
295380
295393
295459
295544
295623
295890
295903
295904
295932
295961
295988
296009
296026
296028
296032
296041
296115
296176
296195
296232
296342
296358
296359
296372
296395
296409
296432
296453
296463
296479
296484
296504
296588
296607
296628
296759
296789
296937
296948
296977
297034
297066
297258
297339
297346
297358
297391
297408
297416
297428
297431
297468
297612
297619
297659
298136
298238
298389
298438
298485
298510
298595
298642
298653
298674
298713
298718
298825
298844
298846
298847
298848
298864
298869
298875
298891
298928
298951
298988
299018
299039
299076
299114
299121
299132
299175
299183
299267
299314
299428
299440
299515
299518
299527
299555
299624
299639
299682
299720
299742
299767
299805
299867
299913
299945
299957
300160
300239
300314
300452
300506
300516
300587
300639
300688
300718
300730
300783
300875
301010
301033
301203
301252
301281
301282
301403
301425
301609
301696
301750
301803
301808
301820
301848
301855
301884
301915
302002
302038
302156
302240
302377
302567
302690
302739
302787
302813
302897
302946
302980
303000
303398
303520
303553
303675
303696
303747
303775
303811
303815
304019
304065
304079
304142
304148
304166
304189
304393
304595
304651
304805
304830
304946
305103
305942
305984
306091
306137
306479
306956
307107
307221
307413
307514
307551
307553
307855
307950
307967
307996
307999
308011
308079
308086
308117
308184
308190
308434
308511
308514
308596
308716
309098
309236
309287
309396
309458
309460
309472
309551
309553
309575
309576
309578
309580
309581
309643
309721
309743
309744
309780
309831
309948
310068
310140
310320
310402
310493
310711
310737
310786
310883
311112
311113
311153
311382
311651
311818
311862
311895
311919
312077
312158
312175
312314
312552
312940
312949
313153
313222
313514
313528
313559
313565
313570
313611
313616
313658
313745
313802
313844
313848
313995
314029
314046
314169
314173
314240
314567
314797
314851
314853
314953
314976
315493
315510
315788
315994
316006
316142
316189
316238
316257
316313
316371
316644
316772
316923
316941
316965
316976
316999
317016
317017
317134
317143
317148
317153
317207
317220
317228
317235
317255
317257
317258
317265
317320
317380
317468
317493
317605
317615
317636
317842
317849
317865
317891
317894
317912
317941
318076
318180
318259
318428
318449
318489
318497
318538
318591
318629
318632
318661
318689
318763
318778
318780
318809
318820
318892
319006
319029
319095
319176
319201
319205
319274
319285
319395
319463
319518
319538
319631
319635
319636
319669
319687
319696
319697
319733
319737
319762
319788
319812
319815
319822
319828
319839
319848
319886
319887
319901
319941
319986
319999
320036
320045
320068
320165
320329
320456
320476
320479
320494
320570
320580
320725
320751
320757
320765
320767
320772
320807
320887
320925
320938
320983
321158
321165
321297
321318
321379
321387
321475
321499
321500
321540
321587
321648
321681
321746
321825
321881
321907
321913
322056
322081
322088
322113
322168
322231
322252
322276
322288
322317
322365
322391
322401
322550
322602
322823
322852
322853
322854
322876
322884
322888
322897
322906
322979
323095
323105
323132
323232
323254
323266
323271
323326
323333
323353
323384
323451
323545
323629
323664
323687
324043
324105
324208
324370
324567
324681
324909
324979
325020
325028
325051
325173
325241
325255
325257
325308
325341
325415
325420
325440
325647
325657
325665
325695
325734
325740
325780
325804
325862
325891
325900
326065
326184
326193
326276
326282
326356
326381
326411
326467
326480
326495
326504
326521
326566
326574
326575
326577
326580
326595
326697
326725
326732
326756
326808
326840
326860
326862
327004
327024
327038
327041
327048
327110
327181
327241
327285
327297
327329
327355
327387
327388
327391
327392
327445
327472
327475
327504
327521
327531
327562
327571
327579
327583
327585
327605
327638
327656
327760
327766
327778
327822
327844
327881
327932
327938
327948
327979
327987
327991
328054
328069
328072
328076
328087
328118
328125
328269
328437
328457
328461
328971
329065
329088
329096
329173
329203
329215
329248
329312
329334
329345
329364
329375
329461
329462
329507
329527
329530
329544
329565
329637
329739
329910
330111
330112
330238
330307
330467
330904
330914
330918
330947
330948
330983
331002
331028
331054
331077
331083
331150
331201
331228
331251
331267
331286
331304
331333
331350
331381
331387
331402
331412
331431
331492
331494
331527
331529
331539
331545
331685
331860
331882
331891
331896
331913
331917
331918
331943
331953
331958
331975
331997
331998
332012
332022
332052
332065
332083
332110
332125
332141
332154
332157
332185
332202
332213
332216
332222
332255
332377
332696
332765
332824
332847
332981
332987
333115
333274
333630
333659
333682
333697
333700
333709
333715
333752
333822
333854
333855
333877
333903
333927
333939
333942
334000
334085
334118
334132
334188
334237
334244
334276
334284
334362
334394
334452
334485
334497
334556
334558
334559
334567
334616
334639
334658
334661
334669
334675
334684
334714
334735
334743
334780
334797
334804
334819
334880
334932
334949
334951
334974
334984
335048
335097
335112
335198
335233
335241
335292
335408
335468
335497
335526
335542
335544
335623
335689
335755
335766
335774
335791
335820
335835
335836
335842
335850
335951
335978
336048
336070
336093
336108
336128
336132
336174
336245
336279
336305
336315
336370
336385
336393
336395
336396
336401
336443
336468
336483
336520
336524
336618
336673
336749
336779
336820
336825
336835
336892
336943
336990
337003
337016
337017
337023
337037
337051
337080
337103
337114
337340
337770
338135
338170
338174
338216
338370
338443
338518
338543
338574
338856
338883
338885
338922
338927
338971
338974
338991
339096
339109
339131
339166
339227
339249
339277
339304
339351
339365
339388
339405
339406
339407
339444
339468
339477
339528
339559
339566
339570
339620
339828
339960
339968
340023
340060
340091
340097
340137
340173
340321
340326
340355
340490
340504
340525
340557
340617
340619
340620
340674
340736
340737
340746
340831
340849
340869
340885
340930
340992
340999
341018
341180
341188
341205
341231
341423
341428
341434
341458
341472
341541
341558
341590
341608
341642
341657
341673
341729
341763
341779
341800
341916
341997
342160
342232
342261
342294
342324
342347
342348
342377
342483
342550
342624
342635
342640
342711
342827
342840
342848
342902
342946
342952
343008
343017
343031
343057
343079
343106
343121
343132
343149
343156
343182
343208
343225
343259
343296
343333
343424
343443
343454
343533
343541
343600
343606
343679
343701
343830
343862
344075
344195
344198
344213
344225
344254
344269
344299
344311
344313
344325
344381
344384
344409
344418
344443
344478
344491
344506
344530
344532
344664
344730
344739
344793
344827
344840
344866
344874
344885
344895
345153
345190
345238
345266
345274
345279
345290
345402
345444
345461
345599
345600
345753
345798
345929
345939
345950
345967
346077
346105
346106
346156
346163
346192
346253
346256
346263
346273
346274
346326
346394
346415
346504
346583
346591
346608
346613
346624
346633
346636
346658
346664
346730
346740
346754
346770
346828
346839
346850
346934
346980
347021
347039
347067
347135
347190
347205
347298
347361
347412
347423
347711
347748
347777
347804
347819
347826
347847
347851
347884
348024
348032
348039
348070
348084
348086
348170
348235
348246
348274
348284
348296
348377
348379
348380
348387
348433
348589
348593
348613
348668
348674
348677
348680
348716
348740
348749
348782
348788
348805
348865
348870
348921
348993
349135
349149
349254
349266
349287
349328
349383
349385
349386
349499
349520
349527
349543
349551
349561
349608
349677
349715
349739
349746
349835
349872
349878
349921
349922
349945
349948
349964
349966
349980
349986
350016
350059
350065
350106
350108
350176
350208
350218
350462
350527
350618
350628
350939
351074
351115
351178
351204
351310
351362
351372
351373
351383
351403
351407
351417
351526
351560
351563
351564
351694
351698
351743
351787
352000
352044
352059
352099
352104
352111
352119
352145
352261
352265
352375
352408
352505
352539
352578
352594
352607
352634
352638
352653
352659
352685
352732
352759
352819
352880
352936
353040
353128
353183
353201
353223
353237
353322
353455
353518
353535
353607
353622
353737
353743
353768
353775
353788
353883
353890
353903
353907
353914
353928
353936
353969
353979
354046
354124
354162
354170
354189
354191
354192
354268
354317
354343
354413
354423
354616
354958
355183
355204
355259
355314
355402
355429
355521
355528
355532
355535
355590
355599
355648
355661
355671
355710
355751
355950
355975
356030
356043
356061
356168
356187
356199
356227
356246
356296
356341
356349
356378
356398
356432
356440
356514
356539
356553
356567
356574
356606
356639
356660
356745
356765
356960
357007
357015
357021
357078
357092
357098
357120
357123
357167
357194
357304
357341
357376
357386
357395
357435
357460
357525
357537
357546
357561
357571
357591
357716
357816
357882
357963
358519
358563
358769
358795
358920
358991
359001
359069
359109
359114
359119
359130
359137
359144
359220
359249
359324
359368
359520
359641
359773
359774
359909
359918
359958
359962
360034
360193
360316
360418
360520
360541
360553
360566
360571
360588
360597
360708
360710
360730
360745
360756
360807
360895
360967
361043
361054
361057
361065
361124
361130
361211
361213
361217
361219
361224
361259
361284
361368
361436
361457
361468
361478
361532
361627
361665
361698
361711
361743
361770
361788
361794
361851
362028
362029
362090
362132
362149
362153
362206
362272
362303
362365
362378
362380
362481
362501
362557
362579
362591
362606
362661
362688
362692
362991
363411
363459
363593
363667
363696
363700
363718
363782
363859
363940
363942
363964
363982
363995
364133
364144
364158
364168
364178
364258
364333
364397
364402
364417
364426
364467
364495
364524
364566
364632
364642
364648
364671
364712
364874
364880
364889
365027
365224
365233
365285
365305
365336
365346
365957
365962
366012
366036
366042
366049
367645
367654
367815
367816
367980
368088
368108
368126
368129
368171
368258
368291
368349
368398
368428
368432
368451
368465
368482
368507
368509
368511
368514
368516
368526
368553
368567
368586
368646
368722
368738
368743
368770
368841
368854
368857
368872
368903
368939
368980
368985
369027
369049
369063
369080
369094
369102
369115
369130
369235
369255
369272
369285
369312
369380
369387
369436
369464
369513
369516
369563
369632
369745
369836
369846
370042
370060
370097
370126
370128
370193
370211
370244
370268
370311
370339
370340
370351
370377
370384
370498
370875
371321
372647
372885
372892
372935
372960
375371
376075
376380
378702
380825
380869
380892
380908
380986
380993
381006
381071
381074
381104
381135
381166
381236
381266
381339
381346
381419
381442
381483
381585
381609
381626
381733
381771
381772
381774
381801
381859
381915
381932
381933
381957
381964
381994
382013
382041
382124
382284
382288
382358
382393
382496
382590
382639
382653
382693
382707
382761
382767
382836
382841
382847
382867
382868
382884
382891
382907
383009
383115
383134
383336
383402
383429
383437
383488
383528
383617
383620
383677
383728
383746
383917
384277
384296
384333
384415
384425
384440
384458
384479
384501
384602
384623
384635
384647
384656
384688
384698
384725
384892
384896
384943
384973
384986
385115
385301
385598
385700
385704
385749
385829
385911
385922
385928
385977
386022
386024
386063
386075
386099
386172
386180
386244
386251
386265
386274
386287
386299
386310
386330
386362
386374
386392
386455
386482
386537
386579
386600
386604
386634
386646
386650
386653
386669
386714
386727
386730
386758
386829
386871
386931
386981
386985
386994
387026
387043
387107
387120
387266
387353
387359
387361
387362
387365
387387
387495
387502
387577
387593
387628
387667
387674
388028
388108
388163
388189
388205
388224
388301
388302
388334
388360
388407
388455
388478
388534
388550
388551
388567
388584
388606
388653
388671
388793
388812
388857
388859
389047
389048
389067
389123
389297
389303
389335
389336
389342
389357
389419
389432
389494
389534
389594
389613
389635
389642
389676
389687
389693
389699
389766
389835
389867
389889
389913
389914
389922
389968
390148
390161
390163
390174
390179
390196
390238
390292
390370
390440
390678
390698
390730
391384
391391
391482
391486
391516
391517
391554
391635
391757
391924
391967
392113
392148
392156
392239
392292
392296
392328
392731
392927
392993
393025
393083
393112
393231
393252
393343
393521
393742
393786
393922
394039
394047
394441
394453
394470
394492
394573
394594
394730
394850
394883
394904
394993
395197
395219
395485
395511
395543
395594
395625
395697
395708
395716
395717
395728
395752
395785
395806
396078
396162
396233
396257
396313
396355
396376
396380
396394
396397
396435
396501
396518
396616
396726
396774
396851
397090
397092
397147
397174
397233
397257
397497
397501
397612
397659
397758
398007
398066
398071
398161
398193
398198
398208
398239
398242
398318
398341
398369
398409
398443
398619
398717
398793
398819
398827
398880
398896
398918
399064
399568
399571
399621
399635
399664
399758
399827
399830
399837
399844
399886
400326
400335
400471
400866
400908
400938
400941
400967
400968
400975
401017
401020
401454
401488
401527
401616
401621
401640
401753
401788
401885
401950
402000
402048
402072
402111
402219
402225
402228
402231
402250
402280
402322
402366
402504
402545
402547
402550
402552
402570
402588
402605
402668
402680
402827
402863
402879
402888
402904
402999
403131
403145
403148
403238
403245
403246
403271
403287
403302
403696
403821
404441
404613
404763
405601
405834
405928
405952
406006
406014
406015
406020
406022
406132
406133
406155
406219
406236
406446
406738
406745
406816
406817
406862
406950
406973
406986
406993
407019
407141
407147
407175
407187
407422
407451
408023
408127
408137
408835
408886
409054
409068
409089
409109
409318
409462
409579
409583
410413
410742
410755
410930
410933
412334
412349
413376
414043
414052
414079
414169
414210
414558
414613
414669
414681
415441
415487
415489
416122
416133
416186
416209
416211
416293
416494
416532
416558
416677
416684
416861
416904
417036
417040
417060
417077
417086
417132
417234
417334
417337
417436
417494
417598
417599
417690
417697
417795
417809
418045
418066
418068
418110
418113
418118
418188
418215
418273
418335
418366
418368
418381
418467
418525
418638
418781
418933
419063
419080
419158
419211
419225
419283
419356
419457
419460
419481
419523
419604
419671
419675
419687
419763
419774
419802
419820
419841
419872
419988
420000
420001
420058
420083
420123
420144
420240
420389
420414
420417
420956
420967
420980
421048
422033
422035
422049
422052
422702
422709
422839
423529
423564
423565
423620
423628
423630
423631
423636
423759
423889
423890
423924
423950
423958
424185
424259
424409
424454
424507
424822
424955
425034
425087
425141
426218
426922
426980
427108
427487
427633
427646
428050
428122
428142
428145
428170
428762
428828
428920
429217
429505
429636
430137
430141
430233
430264
430268
430327
430351
430427
430551
430712
430840
430841
430916
430947
431055
431211
431244
431277
431314
431323
431344
431355
431413
431486
431488
431568
431617
431624
431643
431757
431761
431800
431890
431991
432005
432182
432203
432247
432249
432381
432466
432487
432540
432569
432614
432627
433320
433397
433404
433494
433505
433506
433514
433526
433555
433596
433672
433676
433696
433749
433777
433785
433881
433971
434080
434089
434150
434230
434255
434263
434275
434280
434285
434331
434375
434495
434585
434605
434606
434888
434924
434956
435046
435062
435083
435110
435193
435290
435334
435391
435407
435439
435510
435593
435601
435624
435639
435775
435810
435820
435891
435892
435941
436016
436040
436089
436097
436116
436166
436181
436195
436313
436429
436465
436499
436557
436600
436607
436613
437032
437116
437216
437243
437252
437295
437311
437313
437320
437337
437489
437545
437546
437793
437811
438076
438095
438102
438113
438118
438200
438340
438442
438450
438580
438699
438791
439204
439215
439219
439226
439240
439245
439296
439321
439373
439493
439519
439616
439660
439704
439752
439767
439779
439976
439985
440140
440202
440544
440572
440664
440694
440708
440956
441222
441240
441263
441267
441353
441418
441554
442807
442891
443000
443164
443196
443227
443232
443242
443267
443322
443338
443366
443486
443558
443627
443633
443653
443672
443693
443746
443826
443872
443878
443879
443881
443887
443928
444082
444086
444090
444134
444166
444329
444389
444472
444517
444544
444613
444630
444634
444640
444678
444720
444763
444789
444798
444870
445027
445440
445527
445589
445605
445635
445648
445729
445764
445787
445788
445852
445854
445876
445896
445958
445961
445966
445988
446035
446081
446093
446127
446141
446190
446224
446233
446244
446251
446266
446354
446394
446425
446427
446435
446550
446560
446591
446618
446655
446689
446692
446741
446748
446754
446778
446794
446813
446868
446886
447011
447027
447052
447071
447092
447217
447230
447238
447341
447431
447491
447511
447530
447538
447611
447697
447704
447755
447819
447827
447871
447884
447909
447961
447978
448112
448215
448227
448231
448250
448255
448315
448338
448410
448445
448447
448506
448561
448569
448571
448576
448590
448627
448688
448747
448906
448931
448941
449003
449033
449077
449083
449094
449113
449195
449206
449207
449292
449293
449331
449340
449359
449396
449410
449422
449426
449503
449753
449758
449762
449782
449857
449868
449917
449982
449990
450094
450103
450158
450194
450196
450211
450294
450302
450356
450415
450439
450475
450477
450563
450652
450676
450805
450831
450895
450945
450985
451048
451104
451133
451134
451136
451231
451273
451308
451337
451358
451361
451362
451378
451466
451485
451538
451550
451628
451631
451635
451653
451664
451761
451805
451831
452016
452027
452060
452137
452144
452180
452206
452279
452299
452305
452337
452356
452361
452388
452389
452406
452500
452565
452570
452618
452627
452707
452708
452720
452758
452923
452936
453114
453137
453195
453317
453349
453364
453387
453424
453486
453549
453582
453678
453791
453814
453818
453876
453920
453946
453963
454142
454236
454263
454382
454384
454386
454476
454482
454510
454530
454710
454759
454762
454766
455002
455037
455046
455150
455155
455183
455203
455204
455215
455220
455228
455233
455250
455296
455309
455331
455352
455355
455368
455493
455502
455504
455512
455518
455661
455692
455723
455767
455835
455853
455896
455915
455920
455931
456002
456021
456026
456032
456047
456050
456052
456057
456087
456123
456168
456218
456305
456338
456361
456422
456472
456526
456561
456625
456697
456715
456717
456759
456818
456819
456858
456892
456907
456933
456969
456979
456987
457015
457027
457048
457053
457113
457128
457132
457183
457203
457236
457382
457461
457492
457510
457515
457581
457601
457643
457677
457733
457737
457755
457756
457763
457764
457877
458010
458218
458221
458280
458371
458604
458619
458717
458721
458723
458755
458764
458773
458813
458829
458859
458876
458877
458907
458923
459089
459114
459214
459228
459369
459389
459473
459597
459621
459624
459642
459647
459718
459763
459772
459877
459955
460048
460089
460116
460121
460122
460147
460149
460196
460332
460658
460664
460737
460979
462167
462170
462174
462268
462350
462353
462359
462531
462543
462555
462595
462646
462716
462736
462737
462836
462871
462879
462925
462926
462942
462970
462975
463004
463047
463195
463239
463277
463306
463404
463457
463458
463481
463493
463501
463503
463531
463657
463692
463818
463846
463864
464073
464235
464250
464259
464334
464389
464390
464393
464423
464521
464545
464591
464593
464602
464611
464639
464736
464737
464741
464783
464787
464833
464859
464866
464868
464912
464920
465032
465099
465100
465117
465128
465167
465181
465197
465321
465368
465385
465579
465585
465599
465643
465677
465736
465740
465765
465863
465949
465950
465958
465962
465984
466019
466058
466169
466240
466278
466284
466352
466395
466406
466420
466499
466538
466631
466675
466693
466733
466770
466774
466777
466807
466827
466965
467024
467029
467033
467128
467199
467207
467268
467295
467354
467512
467573
467595
467606
467673
467745
467902
467921
468054
468071
468139
468172
468183
468233
468239
468281
468315
468318
468335
468338
468455
468553
468577
468757
468771
468907
468984
468991
469012
469164
469177
469178
469185
469256
469413
469424
469559
469572
469619
469811
469829
469863
470144
470226
470278
470344
470368
470380
470405
470408
470414
470465
470548
470565
470566
470579
470597
470611
470623
470626
470654
470667
470740
470786
470787
470838
470918
470981
471054
471086
471117
471328
471399
471449
471465
471475
471492
471498
471571
471702
471755
471852
471883
471918
471935
471947
471984
472029
472048
472062
472080
472122
472138
472151
472211
472234
472242
472254
472256
472264
472265
472295
472318
472329
472405
472411
472548
472578
472665
472677
472686
472918
472945
472962
473008
473036
473068
473112
473172
473200
473213
473248
473272
473358
473395
473431
473466
473471
473476
473497
473511
473545
473574
473628
473673
473751
473755
473881
473892
473984
473999
474004
474055
474072
474094
474137
474232
474263
474274
474300
474311
474312
474323
474407
474409
474439
474448
474505
474514
474518
474549
474570
474572
474611
474617
474704
474746
474819
474915
474933
475012
475046
475054
475061
475080
475148
475181
475312
475357
475395
475401
475416
475468
475506
475534
475718
475786
475898
475932
475937
475943
475962
475980
476008
476010
476059
476089
476165
476197
476218
476255
476301
476317
476321
476351
476434
476453
476487
476564
476576
476591
476623
476628
476667
476675
476681
476742
476755
476778
476784
476859
476869
476878
476915
476977
477010
477113
477148
477184
477189
477405
477498
477516
477525
477557
477599
477606
477716
477719
477730
477751
477798
477807
477846
477879
477888
477890
477939
477960
477988
478019
478086
478120
478280
478319
478383
478396
478417
478420
478714
478777
478802
478840
478871
478874
478901
479006
479013
479039
479070
479101
479195
479236
479283
479324
479468
479470
479513
479530
479541
479630
479708
479886
479940
479950
480929
481273
481684
481686
481976
482040
482066
482139
482239
482310
482332
482387
482390
482399
482428
482431
482724
482726
482736
482786
482802
482862
482869
482877
482910
482919
483053
483083
483093
483112
483129
483135
483195
483443
483450
483469
483544
483571
483598
483614
483627
483628
483789
483807
483824
483916
483929
483955
484066
484079
484273
484321
484605
484734
484888
485043
485044
485146
485194
485222
485343
485383
485423
485529
485608
485850
486527
486616
486727
486782
486830
486998
487019
487035
487199
487225
487368
487540
487573
487660
487922
488095
488140
488235
488239
488245
488257
488289
488348
488358
488361
488371
488427
488446
488454
488456
488505
488569
488728
488800
488814
488849
488852
488859
488955
489047
489058
489073
489116
489160
489188
489233
489354
489597
489633
489655
489679
489689
489837
489859
490080
490081
490231
490461
490462
490463
490511
490524
490615
490808
490935
491064
491136
491222
491285
491333
491450
491571
491575
491581
491595
491624
491657
491664
491844
491861
491962
492013
492025
492028
492049
492131
492136
492232
492261
492266
492396
492419
492489
492529
492631
492675
492728
492732
492739
492740
492843
492884
492901
492928
492960
492968
493056
493069
493105
493150
493155
493207
493208
493219
493233
493239
493297
493346
493349
493458
493515
493516
493546
493554
493729
493798
493852
493878
493886
493962
494029
494141
494227
494228
494269
494270
494317
494448
494583
494590
494788
494798
494858
494913
494931
495035
495064
495109
495119
495122
495738
496315
496316
496320
496334
496425
496530
496540
496609
496639
496689
496740
496771
496803
496853
496894
496902
496972
496976
497017
497031
497059
497060
497066
497067
497219
497260
497315
497629
497639
497679
497688
497783
497807
497884
497975
497977
497995
497998
498001
498044
498084
498124
498206
498215
498259
498320
498372
498450
498527
498541
498558
498584
498587
498600
498730
498741
498748
498769
498771
498791
498808
498812
498826
498832
498844
498855
498865
498896
498972
498975
499020
499057
499063
499103
499151
499212
499219
499273
499418
499450
499537
499714
499734
499813
499858
499859
499876
499915
500157
500180
500193
500248
500397
500414
500460
500484
500500
500587
500737
500928
501002
501014
501027
501052
501077
501092
501132
501201
501250
501254
501734
501854
501902
502559
502846
502866
502916
502990
503026
503077
503079
503096
503123
503189
503201
503279
503359
503407
503418
503508
503577
503601
503679
503680
503768
504069
504129
504158
504261
504392
504432
504437
504479
504745
504843
504867
504899
505036
505185
505213
505227
505241
505306
505324
505333
505363
505379
505387
505407
505416
505434
505476
505511
505553
505562
505574
505585
505626
505630
505649
505653
505655
505662
505681
505709
505785
505798
505842
505896
505904
505906
505970
506008
506110
506145
506226
506296
506338
506357
506359
506375
506408
506487
506506
506541
506547
506595
506616
506626
506686
506819
506837
506839
506900
506922
506954
506987
507005
507009
507077
507101
507120
507121
507168
507212
507249
507395
507471
507580
507746
507807
507826
507894
507918
507960
507999
508161
508185
508215
508277
508403
508628
508667
508697
508703
508741
508756
508997
509328
509949
509952
510002
510016
510077
510099
510101
510141
510176
510222
510326
510328
510353
510368
510484
510487
510504
510526
510568
510635
510639
510706
510713
510745
510766
510826
510855
510891
510946
510980
511041
511259
511296
511789
511867
511873
511877
511881
511918
511993
511996
512029
512146
512168
512197
512239
512268
512282
512298
512308
512330
512339
512357
512394
512411
512620
512705
512707
513036
513047
513053
513062
513085
513094
513097
513104
513130
513150
513267
513299
513395
513446
513450
513645
513671
513677
513701
513862
514067
514068
514071
514073
514347
514402
514418
514629
514704
515609
515876
516099
516131
516146
516159
516181
516182
516247
516292
516696
516834
516911
516993
517057
517136
517155
517347
517403
517620
517638
517641
517658
517661
517692
517730
517737
517872
518131
518142
518257
518269
518272
518382
518520
518552
518559
518562
518668
518670
519450
519484
519521
519606
519619
519634
519640
519652
519745
519847
519899
519957
519960
519973
520037
520048
520090
520091
520097
520198
520212
520217
520767
520810
520818
520834
520838
520849
520851
520884
520894
521022
521184
521186
521206
521235
521256
521268
521279
521484
521514
521517
521541
521731
521747
521865
521870
522057
522101
522246
522260
522266
522277
522361
522371
522487
522532
522612
522628
522812
522899
523102
523169
523240
523303
523352
523422
523424
523498
523500
523523
523589
523612
523630
523672
523674
523696
523853
523915
523939
524031
524142
524159
524187
524214
524228
524233
524249
524261
524267
524281
524288
524380
524387
524402
524406
524447
524459
524780
524810
524850
525879
525882
526100
526105
526117
526130
526139
526164
526197
526262
526290
526661
526979
527026
527573
527577
527767
527981
527985
528027
528113
528355
528373
528415
528417
528467
528495
528531
528536
528543
528643
528703
528748
528750
528765
528828
528896
528949
528951
528961
528986
529001
529134
529148
529153
529156
529158
529159
529163
529199
529238
529254
529283
529338
529356
529374
529405
529452
529497
529599
529641
529672
529675
529696
529710
529756
529776
529782
529817
529932
529995
530287
530327
530337
530360
530410
530469
530521
530556
530571
530603
530626
530633
530679
530792
530801
530807
530849
530877
530879
530914
530917
530929
530960
531056
531067
531071
531149
531202
531224
531272
531277
531296
531333
531361
531442
531579
531690
531767
531810
531911
531915
531956
531989
532033
532039
532052
532090
532096
532110
532119
532133
532145
532214
532231
532288
532309
532350
532393
532400
532441
532465
532488
532519
532553
532578
532620
532628
532630
532834
532856
532894
532922
532973
532978
533000
533002
533065
533162
533202
533208
533275
533288
533293
533306
533346
533364
533382
533387
533420
533431
533447
533456
533458
533460
533472
533669
533790
533798
533871
533986
534108
534214
534315
534318
534343
534361
534375
534378
534408
534433
534521
534585
534697
534769
534816
534875
534878
534947
535541
535609
535938
535974
536023
536068
536077
536283
536287
536404
536407
536417
536469
536530
536564
536575
536721
536734
536737
536745
536785
536802
536951
537030
537137
537139
537180
537196
537286
537292
537395
537538
537551
537588
537686
537886
537907
537940
537941
537955
538019
538061
538155
538267
538332
538347
538462
538464
538473
538478
538544
538600
538716
538773
538784
538790
538886
538894
538980
539158
539190
539195
539249
539337
539354
539357
539381
539389
539408
539433
539440
539628
539667
539704
539728
539772
539773
539774
539810
539849
539857
539884
539889
539893
539936
540280
540361
540375
540475
540776
541211
541224
541251
541353
541357
541467
541768
541816
541830
541946
542391
542419
542762
542833
542846
542991
543045
543111
543130
543189
543217
543218
543268
543296
543335
543340
543480
543619
543621
543624
543655
543673
543683
543684
543713
543733
543747
543767
543990
544029
544060
544084
544435
544437
544458
544493
544543
544557
544587
544618
544658
544680
544693
544706
544730
544731
544759
544777
544805
544810
544835
544856
544954
544955
545085
545090
545131
545211
545262
545322
545505
545576
545601
545658
545676
545743
545853
545878
545912
545957
546176
546198
546266
546280
546408
546410
546422
546430
546457
546510
546519
546548
546602
546604
546651
546655
546676
546771
546772
546774
546775
546776
546810
546819
546864
546940
546983
547210
547270
547313
547446
547450
547452
547453
547454
547601
547626
548088
548090
548161
548350
548352
548439
548494
548510
548615
548725
548885
549009
549335
549358
549397
549413
549427
549432
549864
549932
550139
550537
550658
550667
550669
550684
550726
550792
550918
551101
551216
551293
551294
551296
551302
551469
551546
551689
551752
551775
551778
551790
551802
551812
552020
552105
552149
552170
552317
552411
552454
552455
552755
552780
552783
552793
552821
552905
552965
553054
553118
553144
553162
553306
553314
553325
553365
553400
553705
553713
553764
553779
553814
553918
554228
554246
554322
554427
554472
554500
554501
554524
554662
554728
555114
555118
555250
555336
555443
555564
555650
555656
555676
555769
555780
555789
555847
555852
555924
556068
556106
556224
556339
556354
556482
556505
556778
556829
556941
556953
556954
557024
557072
557408
557914
557964
557968
557995
558041
558114
558155
558207
558371
558461
558476
558515
558531
558556
558604
558647
558699
558739
558802
558848
558861
558895
558919
558920
558922
558977
558982
559050
559077
559080
559084
559158
559292
559386
559486
559545
559601
559707
559711
559718
559872
559905
559906
559921
559949
559997
560089
560287
560288
560311
560327
560371
560372
560432
560539
560639
560677
560782
560788
560798
560820
560861
561023
561073
561148
561207
561218
561364
561372
561467
561489
561498
561576
561626
561631
561712
561724
561782
561797
561801
561856
561898
561911
561960
562026
562138
562146
562162
562212
562306
562408
562429
562559
562752
562758
562793
562816
562868
562989
563025
563053
563140
563189
563196
563198
563199
563206
563293
563302
563436
563470
563473
563510
563658
563696
563746
563765
563780
563835
563884
564382
564435
564529
565172
565243
565415
565463
565665
565707
565721
565877
565911
566164
566219
566387
566391
566420
566540
566549
566550
566555
566565
566586
566677
566697
566717
566738
566750
566755
566764
566766
566790
566875
566878
566989
566993
567295
567312
567325
567773
567809
567881
567908
568013
568025
568035
568046
568337
568344
568401
568440
568445
568466
568504
568622
568639
568653
568660
568683
568791
568792
568794
568848
568896
568915
569005
569057
569115
569149
569181
569389
569522
569559
569581
569637
569728
569739
569957
569966
570053
570066
570188
570209
570247
570281
570448
570569
570608
570623
570624
570633
570664
570695
570761
570767
570862
570884
570941
570994
571020
571108
571141
571153
571177
571218
571339
571394
571433
571548
571594
571749
571843
571864
571895
571897
572063
572590
572674
572709
572711
572753
572788
572814
572890
572992
573023
573081
573142
573213
573318
573405
573423
573469
573516
573561
573575
573587
573650
573659
573721
573758
573891
573911
574074
574080
574113
574242
574259
574320
574359
574384
574488
574497
574561
574582
574591
574611
574615
574622
574754
574789
574821
574826
574917
574984
575121
575126
575286
575450
575452
575560
575678
575775
575906
576022
576054
576078
576086
576117
576139
576154
576272
576283
576309
576323
576699
576703
576720
577158
577297
577357
577446
577482
577517
577535
577673
577712
577715
577786
577792
577805
577809
578043
578102
578103
578171
578192
578279
578281
578282
578402
578472
578505
578535
578564
578615
578649
578697
578705
578709
578737
578754
578773
578851
578852
578878
579046
579052
579139
579140
579173
579197
579224
579292
579332
579344
579398
579410
579451
579484
579528
579602
579686
579692
579695
579696
579759
579832
579841
579919
579943
579972
579989
580020
580154
580159
580239
580243
580250
580257
580300
580389
580427
580434
580485
580506
580547
580609
580618
580652
580680
580792
580852
580916
580917
580995
581057
581102
581241
581251
581252
581348
581469
581477
581484
581501
581537
581540
581549
581562
581564
581575
581586
581600
581605
581694
581723
581853
581869
581875
581941
581971
581997
582003
582014
582027
582034
582057
582064
582080
582098
582117
582197
582332
582378
582472
582562
582599
582652
582656
582660
582668
582700
582764
582777
582852
582867
582881
582920
582953
583045
583052
583053
583061
583062
583163
583236
583304
583324
583392
583406
583421
583431
583434
583540
583562
583591
583656
583709
583811
583814
583873
583896
583988
583996
584050
584078
584080
584095
584110
584187
584272
584303
584423
584427
584432
584441
584466
584500
584550
584605
584706
584707
584744
584757
584805
584812
584881
584892
584902
584927
584953
584964
585016
585114
585156
585223
585231
585250
585364
585618
585679
585683
585719
585724
585776
585847
585919
585935
586021
586062
586078
586128
586129
586144
586148
586151
586155
586272
586297
586352
586568
586647
586774
586838
587017
587074
587085
587091
587190
587236
587289
587291
587292
587341
587376
587422
587433
587487
587535
587590
587592
587646
587684
587733
587750
587849
587915
587933
587953
588022
588035
588068
588134
588331
588386
588392
588394
588465
588527
588531
588542
588544
588555
588691
588727
588728
588827
588923
588986
588994
588996
589033
589042
589053
589055
589126
589161
589201
589232
589242
589250
589315
589371
589376
589412
589419
589422
589512
589547
589553
589712
589777
589903
589940
589962
590101
590159
590171
590173
590197
590360
590407
590491
590626
590684
590686
590697
590791
590837
590842
590915
590919
590928
590945
591010
591024
591032
591055
591096
591160
591310
591330
591372
591374
591396
591403
591404
591422
591424
591456
591478
591487
591574
591579
591588
591625
591651
591690
591691
591692
591704
591767
591804
591809
591819
591826
591856
591959
592034
592042
592059
592110
592114
592129
592184
592185
592259
592354
592494
592500
592507
592568
592587
592626
592710
592734
592746
592749
592889
592939
592968
592980
592987
592991
592992
592993
593138
593280
593377
593506
593543
593673
593713
593789
593936
594005
594110
594144
594152
594179
594217
594499
594738
594746
594947
595076
595117
595180
595188
595315
595331
595336
595370
595404
595619
595648
595662
595781
595938
595948
596009
596054
596065
596088
596103
596354
596415
596417
596562
596609
596623
596666
596813
596852
596960
596996
596997
597073
597084
597237
597248
597249
597255
597339
597426
597463
597570
597647
598104
598119
598140
598142
598144
598153
598231
598242
598380
598399
598488
598541
598577
598610
598640
598642
598751
598782
598834
598933
598971
598994
599007
599463
599579
599581
599649
599654
599681
599709
599761
600012
600032
600034
600070
600280
600305
600309
600406
600448
600469
600495
600509
600562
600564
600568
600576
600640
600662
600745
600765
600782
600859
600939
600950
600953
600978
601071
601095
601115
601180
601183
601194
601299
601304
601541
601563
601572
601664
602056
602104
602107
602109
602131
602183
602294
602351
602368
602407
602440
602518
602576
602617
602841
602962
602986
603190
603209
603246
603394
603745
603881
603882
603918
603951
603952
603969
603972
604001
604206
604239
604249
604310
604356
604426
604488
604489
604599
604651
604658
604703
604807
604831
604877
604880
604924
604982
605024
605264
605301
605334
605559
605676
605698
605705
605895
605897
606108
606147
606286
606456
606478
606481
606497
606509
606510
606526
606603
606666
606670
606696
606707
606763
606815
606826
606841
606859
606865
606895
606898
606937
607114
607121
607125
607187
607232
607288
607362
607376
607414
607497
607509
607578
607719
607764
607765
607823
607825
607832
607878
607908
607952
607959
607969
608025
608175
608197
608306
608551
608653
608689
608715
608722
608959
609006
609012
609046
609115
609127
609227
609301
609307
609445
609481
609498
609567
609608
609765
610056
610235
610253
610359
610369
610562
610604
610654
610659
610703
610852
610853
611132
611162
611185
611331
611483
611493
611559
611788
611816
611828
611927
611953
611970
612090
612230
612255
612331
612354
612599
612600
612612
612638
612754
612849
612962
613013
613043
613095
613150
613185
613189
613231
613279
613477
613548
613657
613660
613686
613740
613855
613896
613960
614178
614183
614210
614315
614317
614405
614489
614647
614884
614949
614963
614999
615025
615093
615097
615103
615106
615117
615132
615197
615234
615270
615426
615444
615502
615520
615546
615573
615644
615741
615765
615896
615903
615937
616080
616242
616293
616341
616353
616389
616495
616701
616710
616716
616761
616800
616817
617038
617151
617267
617278
617319
617388
617399
617472
617672
617933
617950
617963
618048
618115
618134
618276
618280
618328
618470
618522
618578
618760
618921
619003
619013
619176
619217
619299
619377
619413
619520
619587
619588
619941
620874
621054
621055
621096
621102
621265
621303
621443
621608
621623
621717
621786
621803
621804
622010
622034
622073
622127
622190
622194
622221
622245
622251
622267
622268
622370
622427
622797
622857
622892
622893
623013
623017
623055
623061
623097
623103
623237
623284
623309
623338
623358
623400
623522
623603
623655
623660
623699
623701
623760
623870
623915
623931
623945
624051
624090
624138
624154
624167
624244
624272
624318
624422
624444
624445
624447
624455
624459
624537
624600
624604
624617
624791
624896
624943
625051
625077
625143
625282
625403
625411
625413
625427
625486
625606
625747
625756
625774
625776
625784
625787
625842
625986
625990
626018
626074
626095
626147
626205
626209
626261
626339
626340
626360
626481
626596
626597
626600
626694
626718
626750
626792
626861
626879
627110
627308
627338
627372
627376
627429
627435
627511
627520
627537
627627
627677
627709
627711
627773
627808
627867
627985
628044
628080
628227
628307
628339
628474
628529
628568
628613
628690
628743
628761
628853
628895
629016
629089
629156
629167
629234
629244
629248
629345
629377
629397
629437
629458
629490
629496
629626
629635
629664
629666
629693
629766
629783
629801
629805
629818
629853
629945
629966
630038
630073
630081
630136
630256
630262
630308
630328
630348
630373
630441
630478
630500
630529
630569
630580
630628
630637
630787
630866
630881
630911
630944
630948
630966
631017
631022
631147
631192
631253
631254
631258
631308
631351
631367
631435
631467
631521
631581
631587
631660
631810
631825
631859
631889
632032
632076
632113
632184
632253
632274
632347
632383
632403
632511
632637
632731
632752
632787
632870
632926
632932
633116
633301
633302
633340
633342
633411
633498
633812
633834
633997
634019
634026
634054
634134
634172
634178
634187
634245
634380
634494
634602
634702
634780
634792
634842
634843
634864
634870
634940
634966
634976
635082
635100
635164
635182
635227
635330
635357
635373
635374
635386
635389
635396
635434
635437
635482
635515
635526
635553
635591
635593
635699
635756
635779
635956
636017
636190
636304
636327
636346
636360
636371
636372
636376
636391
636394
636412
636427
636456
636472
636494
636514
636517
636525
636537
636634
636643
636644
636649
636757
636767
636773
636882
636901
636902
636957
636972
637004
637007
637011
637032
637051
637101
637125
637143
637148
637164
637192
637244
637534
637574
637583
637710
637765
637874
638097
638325
638418
638435
638471
638524
638550
638555
638569
638614
638632
639108
639161
639165
639174
639183
639208
639326
639361
639455
639553
639605
639612
639620
639687
639708
639713
639780
639784
639792
639800
639847
639849
639863
639979
639980
639981
639983
639990
640044
640190
640224
640247
640265
640271
640276
640306
640350
640381
640393
640475
640480
640568
640612
640660
640684
640691
640705
640760
640807
640811
640857
640909
640911
641032
641100
641169
641171
641191
641192
641260
641353
641364
641371
641448
641500
641502
641504
641638
641722
641724
641725
641726
641734
641989
642025
642156
642165
642241
642604
642796
642815
642870
642983
642994
643549
643626
643667
643689
643693
643729
643755
643780
643784
643806
643866
644058
644107
644183
644285
644328
644464
644587
644667
644702
644707
644732
644739
644742
644795
644800
644938
645095
645097
645099
645101
645125
645227
645238
645277
645306
645365
645367
645420
645425
645512
645603
645606
645631
645785
645811
645828
645830
645938
646031
646045
646061
646083
646105
646169
646183
646319
646364
646401
646430
646505
646580
646628
646668
646731
646759
646859
646870
647012
647086
647164
647352
647416
647626
647627
647636
647723
647808
647831
647832
647844
647903
647974
648041
648082
648134
648154
648196
648269
648301
648312
648395
648398
648468
648594
648599
648609
648622
648646
648739
648774
648796
648892
648909
648943
648973
649033
649050
649059
649145
649167
649203
649310
649358
649359
649501
650088
650095
650151
650358
650374
650463
650572
650675
650681
650691
650774
650782
650882
650885
650933
650936
651025
651082
651122
651141
651151
651259
651261
651262
651263
651291
651334
651337
651467
651591
651653
651704
651705
652433
652502
652504
652676
652774
652868
652880
652916
653178
653191
653203
653287
653319
653357
653460
653560
653609
653612
653731
653810
653884
653889
653911
653962
654053
654092
654093
654319
654575
654677
654797
654844
654913
655021
655034
655068
655165
655202
655231
655266
655286
655288
655314
655320
655348
655350
655377
655378
655588
655613
655650
655656
655693
655762
655817
655839
656438
656477
656517
656527
656628
656682
656729
656818
656891
656926
656958
657128
657232
657359
657417
657434
657442
657644
657737
657764
657778
657832
657852
657864
658073
658208
658235
658241
658417
658438
658439
658452
658455
658456
658519
658525
658596
658614
658632
658660
658690
658692
658758
658836
658844
658884
658949
658958
659057
659098
659108
659214
659228
659240
659251
659314
659343
659351
659359
659640
659643
659705
659937
660006
660044
660074
660092
660122
660549
660551
660581
660923
660933
660971
661012
661024
661025
661038
661076
661223
661376
661443
661471
661634
661669
661706
661735
661825
661853
661867
661898
661900
661906
661931
662147
662172
662458
662464
662516
662532
662544
662585
662600
662700
662911
663320
663440
663495
663529
663646
663687
663718
663770
663792
663837
663838
664035
664097
664150
664152
664210
664399
664424
664446
664481
664489
664500
664719
664798
664836
664840
664856
665106
665127
665246
665247
665302
665410
665439
665456
665466
665574
665763
665809
665928
666006
666019
666061
666115
666152
666196
666205
666234
666238
666302
666487
666504
666515
666536
666592
666625
666657
667280
667394
667396
667450
667477
667479
667490
667511
667517
667536
667829
667865
667887
667920
667949
667975
667976
667987
668067
668268
668315
668326
668439
668704
668784
668855
668921
669043
669128
669233
669234
669339
669371
669461
669621
669767
669830
669855
669985
670002
670117
670233
670243
670349
670459
670477
670509
670519
670632
670638
670706
670781
670793
670866
670879
671015
671022
671026
671040
671056
671088
671150
671162
671165
671213
671247
671320
671469
671563
671566
671581
671650
671693
671702
671758
671791
671811
672593
672674
672683
672730
672746
672863
672950
672981
672984
672991
673065
673074
673127
673166
673190
673222
673227
673390
673391
673394
673423
674223
674238
674966
675130
675257
675290
675495
675670
675720
675888
676043
676379
676678
676897
676907
676924
676928
676976
677207
677250
677322
677365
677461
677462
677505
677712
677850
677862
677878
677919
678159
678186
678236
678348
678364
678377
678476
678597
678765
678817
678928
679169
679225
679401
679443
679444
679459
679485
679505
679527
679957
679964
679977
680031
680082
680185
680188
680267
680405
680432
680465
680468
680555
680611
680765
680811
680873
680919
680945
680972
680979
681240
681296
681422
681494
681601
681689
681699
681729
681740
681796
681873
681877
682100
682101
682107
682252
682370
682718
682724
682764
682809
682820
682886
683118
683167
683231
683332
683428
683564
683605
683625
683740
683924
684023
684034
684073
684102
684120
684123
684154
684190
684250
684384
684449
684736
684751
684900
684926
685020
685165
685419
685462
685480
685495
685507
685523
685534
685551
685588
685597
685601
685620
685745
685772
685849
685873
686102
686245
686256
686327
686472
686473
686491
686604
686758
686858
686886
687171
687324
687535
687640
687644
687730
687793
688196
688460
688539
688655
688668
688672
688736
688754
688931
688956
689044
689062
689132
689491
689505
689524
689533
689593
689633
689641
689719
689765
689833
689935
689961
690492
691322
691344
691405
691437
691450
691459
691471
691520
691666
691683
691725
691780
691855
691993
692154
692155
692365
692460
692539
692619
692625
692655
692666
692709
692936
692937
693172
693224
693235
693310
693333
693500
693980
694123
694157
694214
694264
694281
694360
694476
694694
694830
694833
694857
694949
694956
695238
695322
695380
695669
695836
696027
696317
696478
696532
696684
696798
696988
697009
697030
697053
697208
697241
697261
697297
697415
697423
697502
697511
697567
697600
697694
697758
697762
697771
697804
697824
697841
697912
697924
698053
698232
698279
698407
698446
698477
698516
698557
698563
698744
698846
698926
698993
699003
699060
699077
699103
699119
699124
699176
699192
699196
699268
699531
699586
699730
699855
699919
699967
699984
699992
700070
700220
700247
700267
700318
700325
700358
700388
700454
700459
700643
700663
700684
700719
700752
700771
700926
700958
700996
701055
701111
701335
701401
701434
701503
701641
701742
701796
701814
701962
702012
702064
702381
702461
702466
702685
702747
702753
702771
702875
703211
703225
703317
703536
703561
703610
703660
703677
704179
704483
704660
704707
704718
704730
704893
704968
705345
705413
705424
705441
705561
705574
705747
705953
706061
706284
706355
706367
706412
706425
706444
706842
707216
707331
707341
707427
707429
707479
707480
707531
707756
708483
708657
708709
708750
708825
709560
709598
709670
709911
710030
710065
710090
710097
710251
710403
710741
710892
711000
711007
711061
711221
711615
711692
711710
711928
711966
711978
711983
712162
712168
712197
712234
712452
712453
712753
712818
712820
712974
713012
713013
713036
713077
713258
713439
713441
713573
713595
713608
713639
713655
714008
714120
714129
714141
714174
714199
714243
714248
714284
714496
714788
714911
715119
715121
715219
715230
715241
715269
715287
715311
715316
715323
715446
715550
716179
716182
716239
716341
716370
716400
716408
716419
716421
716471
716500
716544
716562
716572
716597
716617
716625
716818
716840
716941
716951
716984
717007
717021
717069
717116
717165
717189
717205
717225
717235
717352
717407
717429
717435
717582
717903
718003
718037
718306
718518
718559
718571
718624
718675
718768
718802
718882
718899
719151
719169
719180
719183
719343
719353
719563
719640
719668
719789
719835
720307
720312
720333
720341
720358
720359
720361
720509
720583
720677
720740
720843
720882
720898
720921
720925
721489
721516
721601
721619
721669
721702
721718
721939
722013
722015
722149
722164
722288
722292
722399
722415
722488
722711
722806
722833
723148
723158
723189
723449
723474
723634
723724
723840
723881
723897
724026
724119
724350
724783
724859
725484
725514
725585
725833
725844
725898
725905
725943
725958
725972
726046
726054
726065
726091
726102
726104
726117
726280
726358
726521
726808
726986
727095
727147
727164
727177
727428
727482
727595
727610
727632
727653
727696
728025
728027
728136
728137
728457
728459
728485
728536
728602
728628
728810
728813
729082
729469
729561
729651
729797
729906
729932
729957
730000
730061
730085
730188
730253
730347
730349
730400
730581
730790
730818
731235
731279
731391
731392
731687
731884
732100
732144
732283
732383
732406
732507
732574
732596
732617
732650
732685
732841
732902
733071
733196
733216
733313
733332
733367
733409
733473
733628
733629
733703
733720
733742
733756
733867
733871
733891
733917
733976
733996
734007
734061
734423
734490
734500
734595
734610
734616
734709
734731
734879
734963
734965
734966
735011
735072
735310
735316
735387
735418
735436
735488
735500
735523
735674
735679
735684
735696
735712
735728
735783
735806
735900
736022
736053
736184
736191
736338
736427
736449
736486
736491
736509
736556
736574
736613
736624
736833
736909
736912
736984
737004
737017
737070
737106
737152
737161
737169
737192
737257
737283
737305
737339
737486
737522
737550
737675
737697
737731
737807
737866
737936
738056
738122
738256
738412
738427
738459
738473
738527
738534
738584
738592
738677
738682
738684
738794
738910
739161
739204
739872
739908
739973
739983
740030
740238
740305
740493
740496
740497
740512
740560
740583
740593
740636
740650
740660
741174
741245
741402
741409
741788
741981
742023
742203
742565
742634
742682
742713
742867
742978
742987
743060
743098
743410
743888
743892
743943
744018
744131
744152
744244
744339
744365
744432
744568
744749
744764
744994
745444
745473
746298
746333
746390
746582
746836
746868
746929
747154
747434
747656
747709
747799
747800
748004
749183
749184
749448
749494
749537
749553
749568
749673
749680
749789
749796
749847
749884
749900
749948
749953
749967
749975
749977
750050
750051
750114
750128
750269
750390
750462
750699
750705
750715
751107
751193
751202
751233
751259
751271
751413
751494
751525
751556
751748
751828
751897
751950
752019
752050
752061
752072
752078
752086
752090
752160
752242
752373
752388
752631
752694
752793
752852
752915
752920
752968
753582
753589
753730
753732
753871
753877
753916
753919
754000
754049
754142
754196
754220
754233
754319
754323
754667
754668
754698
754713
754854
754874
754888
754962
755032
755099
755222
755715
755737
755746
755797
755844
756251
756263
756324
756515
756536
756603
756612
756702
756736
756759
756776
756788
756873
757037
757069
757193
757334
757389
757447
757736
758155
758168
758307
758361
758594
758633
758860
759311
759373
759399
759737
761719
761803
761858
761949
761974
762059
762504
762602
762622
762957
762975
763294
763301
763393
763510
763533
763570
763646
763712
763734
763966
763967
763972
764026
764032
764318
764361
764385
764438
764465
764604
764639
764707
765010
765084
765137
765152
765317
765434
765553
765588
765722
765734
765750
765781
765825
765831
765901
765967
765971
765994
766010
766086
766206
766237
766250
766384
766398
766432
766541
766578
766606
766694
766705
766739
766759
766779
766785
766898
766908
766923
766953
766964
767005
767061
767068
767069
767090
767201
767216
767272
767280
767314
767404
767543
767598
767702
767792
767796
767836
767849
767877
768025
768532
768543
768572
768578
768617
768655
768693
768742
768810
768838
768862
768867
768895
768903
768964
769040
769113
769175
769418
769426
769454
769547
769641
769715
769795
769954
769974
769983
770029
770035
770067
770137
770227
770254
770319
770346
770414
770419
770429
770457
770476
770496
770502
770542
770557
770676
770774
770778
770822
770853
770877
770997
771024
771029
771049
771181
771201
771206
771310
771314
771375
771392
771396
771397
771425
771430
771431
771503
771522
771592
771662
771681
771699
771720
771819
771914
771933
771979
771986
772124
772249
772258
772317
772340
772453
772616
772769
772870
772954
772984
772988
773001
773077
773133
773279
773518
773584
773663
773669
773674
773845
773847
773851
773938
774046
774053
774071
774113
774117
774213
774220
774243
774273
774304
774397
774425
774793
774867
774901
774937
774948
774990
775113
775241
775243
775283
775447
775481
775499
775545
775713
775730
775741
775770
776040
776077
776147
776218
776241
776286
776305
776309
776322
776343
776348
776447
776467
776608
776611
776752
777021
777023
777080
777092
777176
777214
777225
777255
777309
777317
777383
777387
777394
777396
777401
777418
777499
777510
777513
777515
777606
777654
777687
777928
777945
777947
778090
778395
778471
778649
778667
779144
779211
779397
779469
779495
779634
779653
779654
779740
779786
779844
780103
780130
780224
780226
780390
780528
780626
780632
780638
780972
781176
781452
781460
781532
781849
782015
783283
783284
783439
783517
783583
783627
783642
783789
783873
783889
783892
783928
783944
783993
784064
784233
784239
784322
784349
784350
784367
784406
784475
784636
785166
785168
785249
785387
785438
785454
785546
785552
785602
785618
785638
785702
785792
785803
785804
785893
785993
786036
786102
786202
786554
786869
786956
787012
787031
787081
787108
787128
787148
787174
787184
787218
787450
787464
787465
787620
787678
787830
787831
787834
787851
787932
788045
788253
788257
788258
788386
788410
788416
788439
788449
788453
788504
788511
788856
788972
789040
789149
789150
789255
789296
789404
789406
789488
789489
789527
789547
789613
789640
789661
789727
789743
789753
789789
789801
789881
789905
789971
790082
790085
790116
790186
790698
790873
790888
790935
791258
791359
791801
791831
791928
791956
792023
792060
792302
792637
792753
792775
792777
792806
792889
792981
793216
793345
793428
793517
793521
793734
793759
793964
794005
794017
794079
794081
794305
794435
794588
794660
794783
794784
794812
795101
795154
795598
795670
795813
795825
795865
796177
796351
796591
796869
796881
797042
797295
797515
797610
797650
797728
798424
799045
799887
799923
800225
800231
800484
800558
800567
800677
800744
801004
801077
801088
801140
801178
801268
801292
801295
801309
801461
801519
801531
801547
801820
801865
802201
802273
802360
802393
802396
802572
802725
802736
802808
802820
802915
803152
803219
803550
803560
803714
803781
803847
803903
803960
804002
804209
804270
804279
804287
804315
804331
804427
804511
804555
804560
804638
804693
804756
804801
804829
804888
804988
805065
805257
805276
805318
805396
805438
805555
805574
805706
805729
805963
805975
806156
806195
806239
806265
806275
806344
806409
806529
806578
806696
806733
806796
806850
806894
807000
807105
807419
807442
807570
807580
807619
807633
807683
807799
807816
807824
807825
807831
807944
808138
808141
808256
808419
808534
808560
808760
808774
808966
808974
809182
809208
809211
809212
809255
809356
809357
809375
809450
809464
809547
809549
809688
809689
809794
809795
809803
810082
810623
810750
810890
810895
811528
811537
811627
811696
811824
811895
812176
812406
812407
812508
812513
812619
812935
813447
813484
813940
814129
814174
814180
814213
814214
814260
814380
814520
814555
814658
814671
814694
814699
814766
814773
814778
814786
814849
815075
815098
815114
815161
815519
815524
815676
816088
816144
816162
816269
816369
816444
816469
816501
816585
816698
816823
816859
816929
816945
817006
817066
817068
817214
817309
817579
817580
817614
817622
817670
817673
817711
817811
817908
817999
818009
818053
818180
818181
818184
818369
818379
818464
819099
819173
819192
819319
819340
819349
819351
819402
819417
819418
819568
820047
820174
820184
820185
820220
820256
820274
820396
820456
820461
820540
820557
820601
820622
820671
820785
820820
820834
820837
820838
820883
821016
821021
821122
821143
821159
821178
821274
821275
821325
821487
821496
821511
821543
821545
821553
821639
821713
821867
821921
822048
822053
822145
822152
822167
822222
822328
822423
822455
822509
822621
822647
822662
822783
822872
822989
822994
822995
823276
823320
823418
823545
823610
823736
823837
823920
823925
823964
824070
824107
824245
824533
824694
824709
824744
824802
824819
824835
824862
824868
825411
825441
825500
825530
825553
825591
825592
825605
825803
825808
825825
825863
826103
826139
826735
826785
826816
826885
826892
827198
827200
827202
827225
827257
827297
827362
827392
827492
827618
827622
827639
827658
827685
827764
827807
827910
828036
828112
828143
828203
828223
828364
828393
828554
828626
828688
828770
828794
829018
829281
829357
829443
829454
829556
829576
829650
829664
829714
829719
829746
829771
829773
829866
829879
829891
829922
829945
830057
830145
830168
830248
830249
830362
830446
830514
830577
830682
830758
830781
830924
831007
831014
831046
831067
831186
831308
831363
831563
831723
831729
831808
831817
831837
832050
832137
832170
832419
832512
832795
832902
833079
833237
833463
833473
833560
833856
833945
834035
834206
834252
834306
834311
834664
834694
834912
835356
835610
835870
836150
836151
836206
836225
836250
836289
836323
836340
836421
836519
836551
836706
836767
836796
836848
836950
837107
837188
837204
837409
837532
837533
837549
837574
837616
837635
837671
837735
837754
837900
837994
838031
838166
838345
838350
838528
838596
838686
838696
838837
838888
839217
839218
839293
839488
839495
839527
839533
839610
839647
839695
839701
839717
839803
839833
839835
839895
839908
840359
840388
840401
840478
840504
840516
840680
840714
840755
840869
840959
841023
841056
841106
841199
841305
841408
841477
841515
841531
841537
841726
841753
841757
841793
841904
841938
842075
842106
842113
842163
842225
842325
842333
842358
842394
842436
842451
842695
842706
842724
842888
842918
842965
842966
843065
843117
843135
843173
843216
843223
843271
843280
843418
843442
843473
843484
843505
843517
843589
843905
843921
843960
843971
843989
844019
844022
844067
844084
844089
844103
844116
844137
844237
844312
844343
844407
844436
844461
844503
844527
844771
844772
844779
844827
844840
845065
845184
845268
845372
845439
845467
845485
845602
845663
845704
845772
845775
845795
846033
846057
846317
846320
846335
846376
847284
847331
847352
848262
848268
848297
848389
848398
848429
848430
848433
848464
848528
848584
848650
848688
848715
848796
848844
848858
848883
848949
848956
849275
849471
849742
850102
850206
850504
850925
850989
851033
851207
851315
851468
851490
851571
851724
851738
851834
851875
851879
851915
851927
851972
852015
852111
852263
852317
852356
852418
852491
852496
852588
852779
852788
852790
852841
852881
852895
853083
853150
853175
853272
853697
853768
853912
854028
854030
854197
854286
854473
854523
854531
854644
854646
854740
854770
854787
854873
854936
854946
854968
855083
855203
855209
855261
855286
855337
855527
855568
855670
855675
855708
855757
856129
856186
856301
856569
856591
856651
856667
856711
856759
856776
856814
856870
856938
856993
857188
857257
857267
857424
857486
857489
857492
857525
857707
857708
857727
857743
857790
857932
857998
858095
858265
858266
858393
858396
858399
858441
858524
858538
858811
858850
858942
858956
858974
859009
859050
859177
859180
859256
859456
859930
860014
860029
860103
860113
860396
860429
860529
860973
861022
861199
861208
861253
861272
861312
861540
861550
861598
861657
861664
861741
861754
861842
861850
861870
861872
861962
862390
862445
862451
862581
862600
862709
862718
862820
862821
862841
862852
862927
862995
863154
863167
863360
863448
863470
863583
863594
863610
864017
864089
864349
864416
864529
864530
864531
864706
864711
864829
864927
865159
865167
865226
865329
865450
865554
865835
866130
866133
866158
866183
866203
866220
866282
866337
866437
866458
866670
866757
866769
866876
866882
866954
867100
867112
867139
867199
867419
867625
867637
867877
867933
867957
868024
868178
868265
868289
868326
868354
868410
868433
868465
868468
868501
868536
868581
868682
868691
868911
868912
868921
869101
869134
869305
869334
869380
869425
869450
869749
869807
869850
869877
869942
870036
870263
870337
870455
870555
870584
870585
870600
870661
870767
870778
870820
870895
870903
871199
871204
871241
871243
871270
871293
871318
871354
871400
871426
871455
871494
871508
871551
871695
871714
871741
871894
871919
871961
871980
872073
872075
872124
872144
872257
872263
872270
872294
872431
872435
872500
872504
872600
872681
872778
873148
873193
873260
873381
873459
873465
873805
873897
873967
873968
874069
874164
874248
874281
874329
874379
874380
874733
874734
874749
874770
874798
874861
874893
875035
875116
875307
875553
875637
875726
875732
875916
875921
876028
876067
876230
876244
876274
876372
876406
876475
876518
876701
876709
876711
876714
876758
876861
876997
877181
877352
877353
877376
877415
877509
877546
877567
877650
877795
877883
877937
878023
878084
878122
878153
878260
878388
878587
878702
878711
878806
878827
878856
878861
878864
878866
878868
878883
879144
879159
879208
879221
879269
879315
879318
879330
879393
879439
879510
879553
879556
879750
880006
880031
880041
880044
880065
880083
880098
880104
880314
880319
880337
880372
880373
880758
880814
880857
880861
880863
881044
881063
881130
881357
881365
881473
881474
881526
881758
881862
882055
882153
882157
882158
882193
882385
882500
882508
882712
882731
882766
882874
882936
882943
882987
883033
883042
883158
883238
883285
883347
883350
883457
883505
883512
883593
883726
883748
883844
883849
884058
884072
884368
884465
884479
884562
884616
884618
884624
884711
884858
884860
885082
885120
885130
885238
885400
885428
885554
885583
885601
885693
885778
885819
885855
886117
886122
886156
886211
886365
886460
886485
886721
886799
886876
887019
887212
887772
887803
887829
887844
887928
887984
888031
888032
888148
888207
888223
888243
888275
888278
888353
888423
888430
888435
888584
888603
888715
888730
888765
888769
888784
888888
888954
888979
889038
889039
889076
889255
889329
889533
889605
889709
889837
890128
890159
890160
890172
890182
890249
890454
890495
890663
890715
890795
890884
890885
890898
890911
890973
891228
891931
892086
892169
892173
892194
892758
892844
892898
892902
892964
892970
893071
893108
893150
893166
893239
893271
893312
893317
893341
893391
893460
893551
893831
894269
894427
894455
894520
894555
894901
894911
894974
895038
895047
895206
895393
895548
895630
895819
895994
896050
896159
896207
896235
896256
896300
896352
896379
896386
896474
896535
896680
896763
896800
896825
896941
897009
897097
897169
897312
897398
897609
897654
897680
897681
897718
897731
897907
897917
897945
898022
898069
898116
898126
898181
898192
898424
898437
898789
898818
898824
898874
898936
898971
899045
899105
899119
899173
899202
899207
899281
899348
899460
899567
899592
899699
899768
899813
899814
899867
900146
900659
900714
900722
900737
900810
900972
901070
901153
901165
901245
901301
901403
901409
901449
901540
901558
901720
901732
901749
901750
901837
902212
902221
902270
902323
902373
902392
902421
902434
902486
902578
902631
902638
902726
902731
902831
902864
903110
903186
903307
903311
903506
903514
903692
903910
904140
904141
904164
904295
904470
904537
904583
904619
904695
904827
904858
904957
905055
905056
905061
905126
905156
905256
905267
905335
905342
905435
905567
905576
905635
905660
905729
905851
905886
905897
905898
905961
906009
906288
906443
906483
906493
906511
906574
906685
906698
906700
906704
906722
906777
906829
906862
906865
906885
906923
907175
907197
907618
907637
907682
907740
907811
907862
907914
907918
907920
907935
907965
908008
908019
908076
908123
908162
908197
908290
908394
908396
908442
908601
908657
908684
908685
908694
908695
908736
908783
908794
908795
908839
908860
909562
909563
909586
909621
909672
909706
909754
909767
909795
909814
909828
909962
910040
910287
910346
910354
910393
910487
910744
910779
910885
910971
910981
910993
911001
911038
911097
911349
911362
911424
911464
911486
911487
911522
911771
911877
911989
912009
912185
912268
912493
912597
912608
912706
912969
913151
913180
913293
913538
913557
913667
913730
913796
913800
913841
914018
914067
914120
914163
914194
914205
914209
914224
914265
914373
914381
914431
914564
914599
914718
914720
914742
914746
914881
914925
914944
914951
915035
915066
915202
915227
915234
915279
915406
915460
915490
915543
915547
915572
915590
915591
915633
915665
915749
915785
915873
915930
915968
916031
916043
916070
916145
916189
916214
916320
916463
916524
916546
916681
916827
916886
917067
917081
917083
917138
917272
917360
917397
917481
917493
917693
917938
918164
918308
918345
918350
918573
918655
918849
918911
918921
918929
918991
919323
919325
919353
919391
919498
919590
919612
919642
919655
919757
919765
919766
919767
919809
919811
919881
919919
919921
919994
920040
920061
920160
920242
920403
920405
920409
920421
920570
920577
920646
920674
920726
920727
920809
920855
920911
921048
921110
921121
921173
921345
921513
921601
921715
921877
921893
921913
922030
922135
922148
922158
922201
922417
922511
922556
922595
922596
922601
923144
923286
923451
923541
924019
924106
924127
924137
924139
924296
924307
924314
924429
924456
924585
924692
924930
924964
925030
925104
925271
925349
925360
925404
925508
925722
925734
925857
925880
925881
925905
925914
925976
926310
926359
926511
926588
926651
926791
926851
926878
926900
926940
926946
926966
927017
927055
927070
927174
927231
927243
927244
927365
927427
927536
927673
927759
927761
927819
927885
927967
928131
928247
928439
928492
928715
928769
928770
928837
928933
928944
929143
929304
929384
929469
929506
929659
929790
929819
930087
930155
930212
930250
930277
930529
930787
930817
930827
930939
931069
931102
931152
931156
931163
931538
931623
931672
931781
931857
931936
931962
932208
932253
932265
932640
932641
932683
932757
932775
932868
932889
932915
933100
933187
933298
933303
933310
933317
933344
933436
933445
933590
933635
933705
933786
933830
933852
933914
933968
934048
934093
934206
934253
934296
934336
934402
934541
934573
934594
934600
934626
934646
934751
934857
934889
934908
934973
935013
935037
935080
935107
935182
935365
935504
935516
935564
935583
935671
935688
935738
935801
935888
935892
935927
935973
935975
936193
936218
936249
936475
936501
936516
936623
936743
936842
936905
937028
937197
937280
937320
937361
937432
937433
937525
937581
937649
937659
937714
937815
937909
937943
937955
938001
938079
938182
938253
938281
938717
938820
938863
938941
939021
939058
939135
939356
939503
939650
939672
939729
939967
939992
940049
940079
940092
940238
940327
940377
940440
940745
940947
941029
941052
941086
941107
941118
941196
941311
941330
941466
941477
941507
941605
941634
941680
941715
941737
941760
942055
942056
942118
942275
942483
942499
942604
943051
943182
943323
943560
943655
943767
943798
943824
944023
944046
944063
944114
944444
944480
944566
944590
944673
944675
944682
944732
944755
944764
944770
944816
944852
944935
944949
944987
945109
945163
945374
945458
945481
945565
945715
945776
945781
945954
946062
946413
946504
946505
946589
946869
946870
946981
946991
947057
947059
947133
947151
947296
947329
947459
947488
947537
947546
947617
947659
947737
947823
947958
947959
947963
948002
948056
948061
948167
948447
948546
948745
949204
949223
949232
949328
949410
949411
949475
949744
949759
949787
949811
949940
950036
950116
950153
950342
950353
950374
950400
950613
950652
950684
950793
950815
950908
950964
951038
951084
951100
951182
951339
951392
951458
951517
951554
951705
951849
951987
951991
951993
952072
952149
952151
952152
952223
952303
952463
952555
952558
952733
952815
952832
952840
952845
952862
952912
953091
953117
953131
953161
953162
953170
953242
953349
953395
953400
953563
953792
953808
954008
954153
954160
954161
954199
954283
954369
954555
954585
954732
954949
954960
954989
955088
955131
955205
955228
955278
955435
955601
955671
955685
955739
955766
955773
956077
956156
956209
956246
956250
956252
956424
956480
956551
956676
956774
956811
956816
956886
957030
957080
957082
957207
957244
957593
957603
957763
957800
957817
957983
958076
958085
958240
958281
958321
958387
958463
958464
958479
958534
958840
959102
959132
959203
959204
959205
959287
959358
959370
959446
959493
959536
959693
959729
959897
960152
960392
960398
960570
960611
960630
960695
960704
960705
960730
960747
960781
960815
960862
961078
961140
961220
961299
961563
961570
961706
961839
961913
961926
961975
962055
962077
962150
962168
962223
962234
962235
962255
962467
962468
962487
962532
962779
962903
963019
963128
963297
963491
963643
963871
963943
963991
963995
964069
964132
964139
964151
964202
964281
964468
964500
964622
964792
964901
965014
965050
965268
965386
965387
965388
965396
965426
965474
965627
965733
965785
966046
966087
966089
966200
966600
966602
966636
966759
966769
966891
966932
967095
967101
967121
967139
967157
967195
967262
967511
967556
967675
967868
967955
968093
968173
968183
968252
968294
968579
968678
968756
968829
968866
968923
968974
969255
969346
969388
969649
969703
969738
969753
969834
969867
969883
969884
970060
970203
970212
970230
970297
970320
970373
970427
970535
970635
970856
970966
970969
971064
971253
971254
971255
971257
971291
971481
971496
971519
971560
971651
971765
971821
971859
971916
972003
972467
972616
972699
972832
972833
972919
973041
973087
973109
973228
973318
973528
973613
973799
973842
973925
974127
974271
974323
974367
974397
974435
974635
974636
974675
974823
974827
974832
975091
975215
975239
975267
975370
975402
975469
975504
975509
975531
975540
975620
975621
975809
975889
975975
976179
976558
976602
976683
976723
977212
977272
977369
977432
977471
977543
977595
977606
977676
977691
977943
977970
978163
978224
978360
978455
978572
978637
978654
978669
978684
978718
978896
978976
978986
979121
979188
979364
979384
979411
979511
979534
979584
979662
979875
979905
980129
980170
980453
980539
980758
980782
980856
980869
980995
981214
981249
981338
981443
981587
981758
981816
981985
982049
982156
982421
982546
982787
982970
983014
983100
983151
983352
983481
983528
983559
983590
983648
983762
983771
983880
983890
983912
984043
984112
984176
984177
984268
984491
984664
984757
984857
984922
985017
985044
985325
985417
985432
985457
985471
985921
985946
986037
986051
986064
986113
986190
986271
986327
986405
986458
986460
986461
986462
986467
986504
986523
986776
986803
986813
986894
987183
987190
987289
987327
987425
987449
987549
987573
987781
987831
987931
987972
988001
988318
988470
988536
988711
988785
988864
989042
989045
989149
989158
989190
989210
989332
989392
989659
989690
989825
989889
990034
990039
990104
990355
990393
990405
990637
990654
990678
990755
991046
991213
991219
991455
991463
991505
991725
991780
991958
991970
992120
992306
992357
992376
992500
992556
992762
992865
992872
992923
993046
993083
993098
993264
993326
993337
993663
993893
994027
994122
994192
994221
994564
994601
994844
994961
995034
995151
995199
995358
995402
995702
995709
995748
996102
996129
996275
996534
996545
996597
996721
996749
996842
996948
996973
997084
997151
997272
997301
997370
997500
997518
997583
997603
997642
997659
997698
997725
997755
997847
997868
997938
997980
998091
998252
998385
998464
998545
998656
998678
998679
998680
998725
998958
998961
999023
999083
999351
999360
999429
999522
999600
999602
999613
999789
999838
1000645
1000672
1000692
1000707
1000984
1001048
1001087
1001129
1001187
1001316
1001487
1001503
1001625
1001671
1001701
1001814
1001991
1002105
1002156
1002213
1002214
1002217
1002301
1002405
1002585
1002655
1003030
1003036
1003264
1003351
1003409
1003430
1003458
1003575
1003614
1003638
1003792
1003864
1003873
1003886
1003903
1003905
1003989
1004272
1004340
1004366
1004420
1004453
1004555
1004697
1004784
1004846
1004924
1005017
1005029
1005120
1005287
1005389
1005428
1005468
1005577
1005624
1005741
1005834
1005921
1005939
1005960
1006125
1006310
1006315
1006316
1006400
1006465
1006653
1006736
1006785
1006793
1006865
1006876
1006882
1007155
1007230
1007381
1007478
1007479
1007522
1007675
1008492
1008646
1008711
1008801
1008858
1008884
1008925
1008994
1009031
1009118
1009157
1009423
1009507
1009508
1009513
1009682
1009767
1009953
1010199
1010308
1010348
1010386
1010416
1010677
1010692
1010976
1011089
1011160
1011253
1011297
1011301
1011498
1011606
1011756
1011780
1011875
1011902
1011943
1012315
1012394
1012556
1012612
1012812
1013046
1013087
1013111
1013214
1013246
1013266
1013268
1013275
1013700
1014066
1014085
1014088
1014136
1014220
1014222
1014263
1014316
1014425
1014580
1015032
1015127
1015252
1015546
1015552
1015627
1015755
1015870
1015987
1016018
1016213
1016373
1016374
1016416
1016476
1016481
1016542
1016648
1016864
1017010
1017281
1017320
1017443
1017471
1017712
1017797
1017800
1017896
1017897
1018099
1018103
1018135
1018265
1018278
1018281
1018291
1018314
1018375
1018381
1018395
1018421
1018445
1018685
1018734
1018736
1018737
1018790
1018818
1018887
1018952
1019188
1019291
1019353
1019412
1019416
1019419
1019461
1019462
1019568
1019614
1019822
1019922
1019971
1020021
1020065
1020125
1020215
1020240
1020300
1020331
1020461
1020622
1020669
1020746
1020827
1020900
1021022
1021150
1021339
1022090
1022159
1022261
1022357
1022391
1022568
1022574
1022642
1022859
1022997
1023152
1023206
1023242
1023243
1023530
1023625
1023950
1024233
1024387
1024410
1024485
1024546
1024553
1024699
1024790
1024883
1025025
1025028
1025030
1025056
1025191
1025287
1025387
1025607
1025608
1025672
1025740
1025819
1025882
1026134
1026260
1026267
1026303
1026355
1026390
1026470
1026482
1026483
1026484
1026486
1026586
1026614
1026856
1026922
1026978
1027233
1027317
1027488
1027602
1027615
1027667
1027831
1027843
1028039
1028041
1028070
1028109
1028198
1028291
1028333
1028334
1028350
1028803
1028811
1028812
1028911
1029187
1029217
1029236
1029516
1029559
1029701
1029709
1029824
1029837
1029900
1029958
1030308
1030354
1030442
1030584
1030597
1030674
1030864
1030923
1031102
1031124
1031178
1031362
1031449
1031477
1031672
1031730
1031881
1032020
1032256
1032257
1032361
1032829
1032957
1033062
1033116
1033137
1033184
1033191
1033232
1033451
1033572
1033608
1033609
1033746
1033753
1033763
1033811
1033812
1033814
1034068
1034136
1034190
1034294
1034303
1034315
1034316
1034395
1034398
1034408
1034641
1034692
1035096
1035097
1035099
1035154
1035249
1035325
1035435
1035443
1035555
1035622
1035897
1035962
1035968
1036014
1036034
1036058
1036342
1036480
1036559
1036724
1036748
1036804
1036852
1037010
1037222
1037249
1037278
1037310
1037375
1037572
1037695
1037804
1037831
1037845
1038234
1038336
1038345
1038419
1038644
1038648
1038798
1038803
1039183
1039241
1039269
1039442
1039469
1039491
1039529
1039621
1039723
1039874
1040325
1040332
1040461
1040524
1040902
1040914
1041178
1041306
1041345
1041482
1041530
1041546
1041739
1041957
1042276
1042278
1042280
1042593
1042596
1042872
1042895
1043018
1043031
1043308
1043645
1043668
1043672
1043744
1043798
1043847
1043969
1044050
1044140
1044256
1044259
1044358
1044447
1044473
1044489
1044527
1044621
1044834
1044905
1044966
1045024
1045030
1045135
1045411
1045533
1045594
1045976
1046188
1046215
1046239
1046251
1046422
1046423
1046501
1046544
1046636
1046774
1046909
1046930
1047155
1047157
1047343
1047466
1047539
1047710
1047731
1047788
1047941
1048124
1048127
1048178
1048188
1048196
1048269
1048349
1048371
1048443
1048525
1048684
1048688
1048940
1048948
1049046
1049078
1049082
1049189
1049291
1049426
1049477
1049601
1049786
1049909
1050270
1050377
1050566
1050577
1050797
1051129
1051147
1051223
1051236
1051432
1051542
1051793
1052223
1052236
1052324
1052359
1052529
1052556
1053000
1053022
1053120
1053257
1053301
1053412
1053418
1053450
1053473
1053508
1053614
1053764
1053806
1053840
1053890
1053995
1054078
1054125
1054338
1054361
1054577
1054894
1054900
1054996
1054997
1055005
1055076
1055089
1055374
1055491
1055645
1055802
1055819
1055880
1055883
1055994
1056321
1056394
1056544
1056567
1056926
1057031
1057086
1057237
1057354
1057446
1057476
1057487
1057568
1057649
1057732
1057837
1057863
1058045
1058061
1058106
1058123
1058167
1058326
1058447
1058648
1058658
1058687
1058751
1058892
1059169
1059186
1059280
1059505
1059708
1059719
1059726
1059823
1059901
1059938
1059967
1060012
1060061
1060062
1060274
1060396
1060455
1060505
1060639
1060797
1061159
1061247
1061265
1061527
1061611
1061645
1061912
1061922
1062122
1062134
1062158
1062171
1062369
1062383
1062549
1062570
1062642
1062667
1062680
1062901
1063083
1063225
1063498
1063568
1063600
1063631
1063706
1063748
1064586
1064653
1064737
1064783
1064859
1064949
1064956
1065028
1065154
1065244
1065322
1065326
1065471
1065533
1065910
1065919
1066024
1066289
1066526
1066529
1066539
1066577
1066700
1066940
1067233
1067369
1067436
1067634
1067645
1068317
1068319
1068401
1068554
1068589
1068611
1068793
1068919
1068948
1069026
1069149
1069268
1069472
1069543
1069701
1069797
1069874
1069961
1070088
1070285
1070385
1070459
1070514
1070909
1070914
1070921
1070956
1071036
1071179
1071398
1071452
1071518
1071550
1071579
1071586
1071725
1071907
1072010
1072011
1072060
1072064
1072371
1072596
1072679
1072755
1073033
1073035
1073355
1073410
1073441
1073523
1073630
1073689
1073706
1073981
1074098
1074131
1074135
1074171
1074172
1074306
1074389
1074393
1074399
1074488
1074507
1074508
1074533
1074742
1074819
1074998
1075365
1075598
1075699
1075779
1075795
1075949
1075998
1076000
1076016
1076063
1076110
1076163
1076312
1076325
1076422
1076423
1076464
1076475
1076581
1076635
1076673
1076680
1076814
1076850
1077017
1077023
1077063
1077073
1077346
1077396
1077426
1077472
1077487
1077493
1077594
1077747
1077927
1077984
1078087
1078089
1078132
1078421
1078426
1078493
1078926
1078936
1078996
1079037
1079064
1079211
1079225
1079287
1079446
1080107
1080114
1080116
1080225
1080277
1080854
1081132
1081326
1081373
1081383
1081404
1081530
1081829
1081979
1082071
1082367
1082421
1082446
1083047
1083078
1083143
1083314
1083392
1083541
1083554
1083645
1083704
1083721
1083737
1083781
1083818
1083869
1083924
1083930
1084432
1084683
1084687
1084772
1085147
1085359
1085499
1085607
1085655
1085660
1085884
1086084
1086130
1086411
1086416
1086555
1086559
1086639
1086688
1086739
1086804
1087069
1087383
1087410
1087524
1087604
1087668
1087672
1088144
1088441
1088547
1088548
1088650
1088665
1088730
1088850
1088930
1088931
1088932
1088990
1089202
1089378
1089444
1089544
1089682
1089857
1089961
1089989
1089992
1090174
1090223
1090266
1090271
1090425
1090549
1091171
1091177
1091184
1091205
1091227
1091247
1091478
1091527
1091693
1091701
1091790
1092096
1092150
1092185
1092241
1092545
1092629
1092982
1093324
1093327
1093333
1093343
1093397
1093405
1093441
1093451
1093456
1093607
1093651
1093656
1093791
1093824
1094088
1094191
1094265
1094377
1094456
1094618
1094620
1094645
1094840
1094956
1095006
1095260
1095291
1095415
1095571
1095649
1095667
1095878
1095953
1096025
1096107
1096297
1096492
1096529
1096551
1096641
1096736
1096907
1096956
1097131
1097174
1097249
1097512
1097553
1097635
1097655
1097716
1097854
1098040
1098261
1098417
1098440
1098520
1098525
1098717
1098862
1098975
1098986
1099195
1099520
1099539
1099690
1099717
1099913
1100070
1100215
1100480
1100493
1100679
1100876
1101068
1101113
1101140
1101223
1101248
1101340
1101344
1101484
1101770
1101909
1102045
1102064
1102174
1102183
1102239
1102541
1102543
1102545
1102572
1102671
1102734
1103100
1103216
1103303
1103453
1103526
1103638
1103742
1103966
1104005
1104020
1104097
1104167
1104252
1104318
1104360
1104462
1104626
1104704
1104705
1104841
1104865
1105007
1105139
1105205
1105234
1105260
1105452
1105519
1105555
1105564
1105565
1105599
1105661
1105693
1105747
1105965
1106141
1106151
1106171
1106181
1106421
1106706
1106780
1107023
1107179
1107197
1107253
1107263
1107319
1107333
1108001
1108127
1108142
1108149
1108192
1108216
1108219
1108273
1108334
1108338
1108419
1108439
1108458
1108543
1108653
1108826
1109062
1109064
1109143
1109218
1109353
1109421
1109687
1109800
1109898
1110067
1110134
1110159
1110160
1110392
1110397
1110429
1110483
1110854
1110885
1111495
1111634
1111662
1111880
1111957
1112188
1112209
1112411
1112427
1112498
1112571
1112574
1112599
1112763
1112809
1113111
1113230
1113494
1113816
1114057
1114083
1114163
1114208
1114235
1114308
1114569
1114617
1114633
1115000
1115075
1115271
1115277
1115320
1115489
1115818
1116112
1116244
1116550
1116852
1116938
1116985
1117066
1117105
1117190
1117277
1117476
1117752
1117761
1117843
1117873
1117888
1118004
1118310
1118537
1118583
1118665
1118706
1118782
1118951
1119111
1119576
1119695
1119722
1119881
1120113
1120660
1120680
1120682
1120714
1120755
1120932
1121136
1121161
1121279
1121314
1121418
1121455
1121567
1121574
1121601
1121617
1121620
1121929
1122051
1122133
1122178
1122362
1122377
1122697
1122889
1123024
1123101
1123195
1123338
1123339
1123351
1123403
1123411
1123463
1123547
1123638
1123655
1123694
1124024
1124064
1124071
1124393
1124512
1124818
1124820
1125053
1125145
1125227
1125298
1125385
1125568
1125711
1125743
1125858
1126225
1126232
1126233
1126324
1126331
1126635
1126801
1127150
1127151
1127236
1127461
1127544
1127602
1127945
1128177
1128189
1128307
1128540
1128613
1128931
1129413
1129567
1130102
1130429
1130682
1130774
1130842
1130848
1130997
1131743
1131878
1132159
1132394
1132525
1132600
1132658
1132820
1132831
1132979
1133223
1133363
1133453
1133639
1133706
1134475
1134550
1134557
1134630
1134849
139
162
176
210
280
431
500
602
688
701
711
776
799
812
826
833
849
851
856
879
892
927
946
956
958
969
994
1003
1060
1096
1118
1134
1139
1168
1183
1256
1266
1362
1386
1391
1392
1400
1403
1412
1429
1458
1497
1499
1515
1522
1554
1595
1601
1617
1618
1622
1640
1641
1651
1676
1711
1841
1868
1889
1926
1957
1994
2000
2026
2040
2059
2085
2103
2106
2125
2149
2166
2181
2208
2212
2237
2309
2312
2319
2378
2393
2415
2500
2517
2521
2536
2549
2552
2571
2573
2595
2626
2629
2689
2705
2719
2730
2871
2879
2891
2915
2961
2971
2997
3015
3025
3051
3055
3088
3103
3133
3196
3198
3253
3306
3307
3318
3339
3347
3361
3365
3399
3406
3422
3459
3475
3530
3540
3558
3574
3579
3580
3587
3588
3592
3597
3618
3626
3630
3641
3655
3662
3707
3723
3739
3814
3860
3888
3899
3908
3928
3999
4033
4052
4067
4071
4077
4098
4136
4144
4145
4160
4164
4193
4204
4263
4272
4331
4391
4392
4401
4414
4419
4450
4514
4518
4541
4578
4579
4592
4598
4626
4637
4650
4663
4681
4686
4719
4739
4744
4756
4791
4807
4822
4831
4856
4872
4878
4909
4920
4927
4931
4939
4946
4958
4975
5023
5035
5052
5061
5069
5073
5076
5090
5093
5281
5327
5419
5426
5430
5539
5606
5614
5616
5623
5664
5707
5727
5745
5840
5847
5918
5930
5934
5936
5975
6011
6041
6043
6077
6078
6101
6104
6213
6223
6257
6268
6289
6314
6342
6360
6361
6382
6415
6500
6520
6543
6572
6631
6646
6652
6735
6790
6838
6905
6907
6917
6949
6955
6975
6988
6993
7001
7039
7044
7049
7069
7077
7083
7085
7088
7089
7115
7203
7209
7223
7227
7244
7245
7249
7281
7288
7309
7320
7331
7332
7403
7405
7417
7428
7429
7450
7474
7484
7493
7541
7574
7651
7652
7669
7698
7700
7737
7739
7760
7795
7809
7820
7887
7891
7928
8002
8003
8006
8014
8016
8038
8068
8130
8161
8180
8216
8257
8267
8289
8302
8336
8370
8396
8447
8457
8529
8531
8558
8605
8617
8625
8644
8661
8687
8691
8702
8720
8726
8751
8779
8820
8830
8855
8856
8877
8918
8935
8973
9039
9047
9080
9150
9171
9245
9249
9391
9445
9450
9453
9487
9564
9604
9617
9620
9625
9635
9702
9706
9721
9755
9757
9810
9840
9847
9880
9901
9904
9917
9929
9957
9958
9994
9996
10009
10051
10086
10131
10143
10175
10178
10203
10252
10312
10345
10362
10383
10387
10397
10430
10432
10445
10525
10543
10575
10607
10615
10663
10673
10675
10695
10701
10725
10750
10778
10830
10838
10847
10873
10896
10925
10954
10963
11017
11095
11161
11176
11183
11188
11199
11213
11234
11240
11255
11330
11347
11350
11369
11405
11425
11460
11539
11564
11645
11679
11687
11695
11796
11810
11818
11877
11923
11966
12009
12041
12058
12121
12126
12141
12144
12266
12271
12295
12311
12313
12316
12394
12399
12431
12440
12476
12500
12532
12546
12565
12566
12576
12578
12736
12753
12780
12852
12854
12866
12895
12901
12902
12911
12968
12983
12999
13044
13070
13071
13083
13095
13145
13146
13175
13200
13218
13231
13238
13250
13271
13278
13285
13292
13299
13318
13324
13331
13350
13378
13379
13422
13490
13503
13507
13520
13565
13572
13574
13614
13622
13656
13666
13692
13696
13704
13708
13715
13722
13726
13734
13741
13743
13758
13764
13791
13797
13824
13831
13839
13877
13879
13934
13966
13968
14043
14065
14102
14109
14112
14153
14154
14177
14235
14259
14300
14319
14363
14384
14498
14538
14580
14608
14609
14769
14791
14816
14836
14885
14900
15094
15183
15312
15466
15490
15547
15724
15731
15935
15959
15977
15993
16046
16188
16206
16431
16436
16530
16601
16613
16646
16671
16683
16711
16724
16728
16755
16773
16804
16806
16814
16824
16833
16847
16869
16874
16877
16900
16932
16948
16991
17056
17084
17125
17126
17134
17150
17171
17185
17224
17229
17239
17261
17286
17292
17306
17322
17361
17371
17426
17486
17493
17553
17560
17594
17624
17629
17660
17754
17838
17853
17867
17881
17883
17897
17902
17932
17958
17999
18006
18023
18029
18062
18066
18198
18204
18219
18272
18289
18302
18367
18393
18412
18454
18475
18480
18532
18544
18548
18554
18576
18577
18633
18648
18664
18677
18681
18684
18701
18715
18728
18739
18769
18770
18793
18806
18809
18822
18825
18843
18847
18850
18867
18879
18891
18895
18907
18908
18909
18913
18925
18930
18959
18960
18993
19015
19093
19095
19146
19188
19270
19299
19300
19301
19318
19328
19336
19342
19446
19581
19590
19602
19668
19673
19726
19752
19758
19797
19800
19850
19867
19872
19882
19897
19914
19920
19930
19972
19983
19997
20007
20012
20021
20023
20035
20044
20046
20054
20101
20105
20173
20182
20204
20215
20249
20332
20334
20340
20343
20357
20376
20416
20426
20435
20442
20452
20459
20493
20524
20537
20568
20571
20594
20607
20614
20743
20746
20893
20897
20906
21000
21004
21006
21031
21032
21037
21038
21045
21078
21092
21099
21108
21207
21213
21245
21273
21280
21293
21331
21341
21342
21343
21354
21368
21423
21445
21449
21453
21465
21476
21511
21552
21580
21584
21593
21606
21607
21625
21635
21641
21656
21677
21682
21684
21690
21742
21766
21775
21792
21795
21808
21820
21845
21847
21874
21905
21940
21948
21954
22007
22009
22018
22034
22036
22047
22067
22073
22082
22084
22097
22104
22109
22136
22140
22166
22170
22178
22191
22198
22211
22235
22258
22274
22275
22329
22357
22364
22369
22388
22394
22473
22487
22500
22512
22521
22546
22553
22558
22579
22597
22610
22613
22617
22623
22643
22661
22663
22686
22695
22728
22758
22762
22772
22836
22856
22857
22859
22864
22890
22893
22917
22926
22939
22944
22978
22987
22998
23000
23014
23031
23054
23056
23080
23081
23087
23092
23101
23123
23134
23150
23181
23193
23204
23206
23217
23258
23260
23288
23309
23324
23348
23414
23416
23434
23565
23579
23598
23629
23653
23661
23676
23718
23724
23728
23734
23751
23797
23802
23809
23826
23838
23851
23854
23862
23873
23885
23889
23898
23926
23944
23947
23970
23972
23989
24003
24018
24028
24029
24037
24071
24078
24089
24114
24122
24136
24140
24214
24219
24229
24258
24287
24298
24341
24370
24397
24430
24434
24451
24471
24485
24492
24543
24562
24564
24582
24592
24596
24603
24625
24627
24662
24668
24674
24697
24721
24726
24733
24785
24788
24790
24800
24807
24832
24852
24862
24891
24967
24980
25022
25024
25033
25048
25052
25063
25096
25097
25109
25153
25158
25181
25190
25202
25204
25267
25269
25278
25288
25324
25329
25346
25405
25431
25445
25581
25592
25609
25611
25639
25640
25661
25690
25730
25756
25771
25783
25793
25798
25812
25817
25825
25839
25843
25848
25852
25894
25902
25955
25956
25971
26009
26011
26013
26045
26063
26067
26079
26085
26102
26107
26125
26129
26140
26143
26175
26187
26211
26246
26273
26280
26283
26307
26312
26339
26347
26368
26376
26391
26424
26435
26446
26480
26540
26555
26562
26578
26614
26641
26650
26654
26659
26662
26678
26694
26714
26725
26729
26732
26743
26759
26768
26792
26847
26870
26893
26912
26917
26931
26932
26937
26943
26949
26955
26959
26967
26974
26976
26997
27024
27081
27115
27135
27158
27198
27239
27307
27323
27327
27365
27369
27428
27443
27525
27553
27556
27588
27590
27593
27596
27634
27663
27680
27682
27740
27750
27754
27788
27796
27805
27807
27836
27853
27854
27859
27861
27878
27891
27895
27900
27902
27911
27955
27968
28011
28027
28070
28074
28086
28101
28111
28117
28147
28183
28202
28212
28243
28364
28369
28380
28435
28449
28467
28479
28513
28518
28519
28536
28560
28569
28570
28571
28586
28589
28591
28596
28599
28611
28627
28628
28645
28650
28713
28727
28745
28756
28770
28837
28871
28886
28941
28944
28955
29005
29030
29031
29034
29046
29058
29061
29071
29182
29190
29191
29247
29262
29283
29286
29301
29306
29309
29312
29330
29332
29334
29361
29384
29393
29432
29437
29443
29456
29458
29461
29464
29467
29476
29480
29503
29507
29512
29513
29524
29527
29532
29537
29591
29610
29614
29618
29624
29626
29630
29654
29664
29713
29739
29745
29757
29761
29774
29779
29792
29801
29805
29827
29828
29922
29933
29959
29997
30023
30044
30051
30114
30116
30121
30135
30241
30283
30287
30316
30331
30339
30382
30383
30387
30394
30403
30406
30469
30478
30489
30505
30551
30568
30581
30604
30632
30720
30721
30752
30771
30798
30823
30829
30865
30903
30912
30916
30921
30984
30993
31000
31005
31030
31051
31092
31094
31095
31102
31121
31124
31128
31206
31236
31291
31322
31392
31395
31417
31432
31434
31459
31481
31484
31491
31510
31517
31547
31583
31601
31626
31630
31637
31665
31688
31717
31751
31760
31792
31812
31815
31817
31863
31872
31889
31954
32019
32021
32030
32049
32070
32072
32074
32080
32099
32129
32138
32177
32240
32328
32341
32345
32389
32415
32439
32468
32475
32512
32544
32546
32550
32604
32619
32620
32621
32645
32705
32745
32748
32767
32849
32872
32939
32963
32997
33006
33022
33025
33045
33056
33118
33136
33139
33142
33143
33177
33187
33193
33202
33249
33271
33371
33372
33408
33410
33423
33426
33433
33453
33462
33583
33588
33594
33608
33609
33630
33665
33709
33716
33718
33740
33761
33762
33815
33822
33876
33900
33918
33926
33937
33952
33959
33961
33986
34009
34022
34115
34185
34202
34207
34290
34329
34332
34346
34385
34405
34434
34438
34439
34465
34528
34588
34599
34602
34888
34962
34991
35016
35048
35072
35098
35120
35130
35164
35169
35195
35208
35216
35235
35236
35247
35333
35378
35427
35447
35452
35471
35475
35478
35487
35488
35494
35514
35529
35556
35561
35573
35593
35595
35606
35610
35617
35621
35669
35681
35726
35814
35843
35905
36049
36247
36314
36381
36397
36474
36530
36537
36542
36594
36601
36607
36610
36740
36772
36780
36785
36787
36798
36800
36823
36894
36900
36906
36928
36938
36939
36944
37026
37082
37100
37110
37139
37154
37162
37165
37184
37195
37259
37354
37366
37393
37444
37472
37474
37510
37511
37547
37569
37570
37624
37651
37661
37727
37776
37806
37842
37845
37848
37869
37873
37898
37906
37908
37910
37928
37929
37955
37968
37970
37989
37991
37993
38033
38050
38068
38114
38117
38132
38145
38176
38244
38257
38293
38319
38326
38335
38344
38364
38403
38483
38562
38617
38664
38699
38717
38739
38746
38765
38785
38814
38818
38902
38934
38948
38965
38977
39110
39122
39130
39154
39158
39175
39181
39192
39221
39249
39281
39304
39334
39349
39406
39441
39462
39467
39490
39497
39507
39535
39569
39573
39578
39597
39634
39640
39644
39674
39687
39733
39741
39773
39860
39861
39893
39971
39974
39975
40005
40006
40027
40067
40085
40086
40095
40109
40115
40117
40140
40146
40163
40231
40269
40295
40360
40388
40402
40404
40440
40462
40498
40622
40647
40860
40946
41093
41114
41119
41128
41139
41146
41197
41221
41235
41248
41254
41271
41280
41331
41352
41420
41529
41533
41564
41566
41568
41586
41597
41605
41609
41638
41679
41701
41729
41731
41745
41752
41783
41793
41844
41852
41970
41972
42028
42074
42096
42114
42189
42195
42219
42232
42264
42271
42275
42471
42477
42497
42548
42554
42585
42586
42757
42783
42789
42797
42827
42929
42940
42965
42981
42997
43009
43025
43057
43072
43075
43076
43089
43115
43119
43153
43173
43178
43183
43199
43225
43229
43256
43271
43331
43337
43338
43343
43362
43388
43410
43415
43418
43421
43428
43474
43535
43572
43575
43601
43663
43664
43670
43681
43702
43703
43707
43731
43852
43860
43873
43874
43886
43901
43933
43937
43938
43967
43981
44002
44015
44096
44119
44129
44139
44193
44245
44250
44263
44324
44334
44340
44371
44424
44430
44450
44482
44516
44519
44533
44537
44546
44557
44592
44596
44612
44619
44620
44653
44666
44701
44722
44737
44752
44761
44772
44776
44782
44818
44824
44841
44877
44893
44901
44951
44958
44965
45001
45008
45022
45042
45048
45052
45074
45079
45114
45149
45159
45168
45218
45281
45351
45373
45374
45430
45484
45490
45502
45548
45559
45618
45624
45632
45707
45711
45762
45778
45786
45793
45800
45807
45811
45824
45836
45837
45858
45898
45916
45972
45994
46001
46071
46078
46080
46097
46112
46127
46145
46177
46184
46188
46192
46197
46199
46218
46259
46290
46294
46321
46339
46348
46368
46527
46544
46553
46555
46563
46573
46575
46620
46678
46732
46791
46857
46873
46899
46906
46915
46930
46987
46999
47033
47036
47126
47127
47154
47172
47205
47227
47236
47266
47294
47361
47363
47446
47456
47523
47546
47595
47598
47624
47754
47772
47818
47841
47865
47870
47871
47917
47960
48104
48124
48222
48223
48241
48298
48320
48376
48396
48438
48448
48480
48501
48530
48532
48567
48634
48638
48669
48671
48754
48757
48758
48775
48790
48881
48897
48954
48962
49011
49016
49045
49065
49072
49100
49102
49306
49327
49403
49450
49483
49543
49554
49620
49625
49689
49690
49695
49723
49763
49820
49846
49851
49873
49889
49925
49941
49956
49981
50041
50057
50123
50125
50155
50162
50176
50193
50220
50234
50235
50245
50288
50331
50337
50342
50361
50379
50381
50468
50490
50547
50592
50683
50720
50752
50774
50795
50796
50836
50871
50881
50887
50891
50908
50933
50970
50979
50980
50989
51000
51023
51031
51036
51051
51059
51062
51075
51082
51139
51140
51150
51159
51187
51190
51221
51268
51280
51301
51304
51307
51311
51312
51333
51341
51356
51390
51423
51424
51426
51441
51444
51460
51471
51478
51508
51555
51572
51590
51593
51594
51605
51646
51648
51651
51653
51685
51726
51735
51772
51775
51812
51902
51912
51930
51958
52008
52025
52028
52143
52151
52180
52183
52185
52186
52192
52230
52234
52322
52323
52327
52331
52339
52378
52444
52448
52474
52513
52533
52585
52610
52614
52643
52668
52687
52724
52740
52760
52782
52787
52794
52796
52812
52941
53002
53004
53029
53084
53129
53139
53223
53287
53295
53328
53404
53412
53459
53479
53485
53501
53558
53570
53632
53672
53674
53683
53717
53731
53739
53753
53785
53906
53942
53945
53981
54130
54542
54581
54646
54649
54657
54675
54679
54703
54705
54726
54740
54749
54753
54793
54838
54841
54846
54857
54868
54928
54959
54961
54977
54978
55011
55098
55134
55135
55170
55222
55247
55264
55283
55366
55376
55440
55445
55471
55521
55554
55555
55638
55653
55681
55691
55791
55807
55821
55919
56006
56039
56079
56207
56274
56285
56301
56380
56395
56415
56536
56664
56666
56845
56951
57324
57366
57651
57683
57730
57912
57958
57987
58039
58063
58067
58134
58137
58161
58200
58220
58264
58270
58272
58285
58333
58361
58383
58415
58418
58447
58474
58532
58574
58596
58598
58612
58617
58618
58619
58621
58628
58642
58723
58743
58818
58931
58968
58989
59168
59172
59178
59183
59196
59204
59206
59208
59223
59230
59246
59262
59279
59290
59294
59295
59352
59385
59390
59403
59419
59446
59448
59462
59489
59507
59518
59675
59710
59734
59789
59848
59857
59870
59875
59886
59952
59966
59993
60028
60038
60065
60084
60095
60140
60165
60183
60242
60527
60550
60598
60601
60665
60677
60684
60701
60716
60719
60726
60734
60797
60971
61062
61064
61079
61154
61179
61183
61206
61240
61268
61281
61304
61315
61334
61426
61433
61486
61491
61494
61500
61504
61508
61535
61542
61552
61584
61585
61624
61632
61664
61666
61670
61683
61684
61696
61718
61732
61733
61734
61749
61760
61764
61774
61801
61815
61845
61847
61870
61879
61883
61903
61904
61919
62068
62108
62196
62215
62220
62239
62379
62463
62512
62568
62656
62671
62674
62717
62727
62728
62737
62757
62796
62826
62881
62887
62897
62903
62914
62923
62928
62932
62944
62971
63008
63017
63038
63056
63167
63181
63214
63251
63260
63275
63298
63312
63336
63417
63474
63494
63537
63610
63618
63670
63729
63766
63804
63858
63871
63880
63908
63915
63926
63929
63969
63975
64025
64192
64195
64202
64204
64212
64247
64251
64254
64259
64260
64289
64292
64303
64314
64326
64329
64333
64376
64405
64474
64534
64608
64641
64649
64652
64653
64655
64676
64706
64733
64768
64779
64784
64785
64799
64858
64879
64882
64928
64938
64960
65002
65008
65053
65081
65107
65118
65130
65170
65202
65212
65242
65251
65252
65257
65264
65328
65337
65354
65362
65369
65502
65566
65586
65603
65610
65613
65663
65702
65739
65748
65751
65808
65812
65820
65825
65829
65830
65846
65856
65857
65876
65878
65903
65934
65963
66038
66059
66067
66093
66104
66182
66254
66331
66348
66353
66360
66377
66386
66395
66410
66440
66451
66479
66482
66487
66496
66528
66536
66549
66563
66608
66621
66658
66663
66697
66701
66716
66718
66733
66750
66779
66780
66787
66851
66873
66879
66882
66883
66889
66893
66940
66958
66966
66985
66999
67000
67025
67037
67038
67041
67098
67110
67129
67172
67183
67194
67217
67301
67329
67370
67378
67402
67415
67485
67489
67528
67532
67540
67558
67574
67632
67647
67654
67680
67713
67718
67745
67747
67754
67769
67792
67798
67813
67824
67912
67936
68007
68079
68092
68130
68164
68267
68367
68399
68436
68437
68488
68498
68509
68569
68584
68649
68654
68689
68722
68725
68730
68763
68806
68828
68842
68877
68906
68908
68923
68926
68968
68973
68987
69046
69066
69100
69114
69139
69145
69160
69211
69216
69234
69264
69269
69273
69278
69279
69287
69297
69362
69378
69380
69405
69415
69428
69431
69458
69462
69495
69506
69508
69513
69526
69537
69546
69547
69548
69568
69582
69603
69629
69647
69684
69690
69732
69733
69740
69743
69797
69820
69858
69862
69867
69874
69876
69880
69894
69916
69921
69927
69952
69965
70018
70033
70097
70102
70107
70111
70113
70116
70119
70121
70144
70157
70186
70199
70206
70210
70215
70219
70220
70222
70235
70252
70258
70266
70288
70295
70296
70312
70333
70344
70368
70371
70392
70404
70406
70445
70449
70462
70467
70471
70507
70512
70593
70617
70655
70659
70690
70698
70706
70712
70720
70728
70733
70746
70753
70779
70793
70830
70865
70933
70957
70965
71034
71096
71117
71118
71142
71177
71194
71200
71208
71246
71247
71251
71277
71281
71400
71409
71420
71488
71531
71533
71565
71611
71619
71757
71779
71785
71822
71891
71908
71928
71932
71937
71940
71964
71969
71991
72032
72041
72053
72058
72094
72139
72179
72184
72196
72206
72212
72219
72229
72237
72241
72242
72276
72321
72331
72361
72382
72397
72420
72432
72487
72494
72521
72565
72645
72670
72729
72814
72855
72948
73016
73195
73244
73260
73276
73278
73363
73388
73389
73434
73565
73571
73583
73601
73606
73611
73627
73661
73686
73715
73736
73751
73766
73768
73772
73794
73809
73818
73851
73898
73901
73927
73975
73979
74000
74016
74019
74049
74075
74086
74126
74135
74204
74222
74229
74237
74259
74296
74299
74300
74309
74316
74340
74384
74465
74475
74492
74502
74503
74506
74511
74527
74532
74572
74590
74644
74673
74676
74715
74724
74729
74792
74860
74887
74900
74943
74985
74988
74996
75000
75062
75120
75122
75125
75134
75137
75140
75146
75161
75250
75254
75256
75258
75282
75296
75312
75319
75326
75363
75393
75397
75410
75440
75442
75443
75445
75447
75480
75481
75482
75488
75494
75536
75543
75566
75569
75580
75585
75594
75611
75615
75622
75632
75637
75669
75703
75765
75788
75792
75804
75852
75858
75890
75912
75923
75933
75960
75964
75988
75995
76015
76086
76096
76098
76165
76175
76191
76193
76219
76233
76236
76262
76269
76279
76304
76380
76405
76407
76451
76485
76492
76557
76579
76585
76602
76607
76622
76652
76671
76673
76674
76693
76740
76746
76750
76780
76784
76793
76811
76816
76821
76826
76836
76871
76873
76883
76891
76899
76910
76930
76977
76986
76991
77050
77080
77082
77085
77097
77104
77132
77133
77144
77179
77208
77214
77222
77236
77259
77274
77280
77293
77298
77300
77315
77323
77326
77478
77490
77524
77570
77575
77588
77612
77615
77630
77633
77651
77682
77753
77806
77854
77894
77905
77953
77955
78034
78107
78129
78139
78141
78143
78160
78173
78180
78182
78231
78250
78297
78307
78318
78344
78350
78397
78417
78430
78433
78483
78494
78503
78524
78529
78547
78550
78557
78560
78580
78701
78777
78781
78796
78813
78814
78835
78893
78916
78958
78961
78968
78985
79008
79014
79029
79053
79061
79072
79143
79162
79169
79195
79227
79240
79272
79279
79282
79343
79352
79409
79417
79440
79447
79455
79490
79502
79503
79527
79539
79581
79604
79616
79656
79732
79788
79910
80076
80107
80137
80211
80277
80293
80299
80315
80473
80476
80506
80534
80571
80597
80600
80611
80614
80697
80791
80807
80922
80928
80952
80956
81019
81021
81039
81076
81082
81103
81104
81117
81144
81152
81216
81253
81255
81415
81459
81462
81535
81540
81621
81686
81692
81737
81791
81833
81847
81856
81880
81890
81923
81925
81995
81998
82011
82033
82061
82063
82065
82148
82191
82215
82230
82294
82340
82372
82476
82502
82503
82525
82535
82536
82578
82607
82609
82645
82653
82659
82664
82683
82696
82711
82742
82773
82786
82791
82811
82828
82834
82850
82870
82917
82935
82983
82995
83003
83021
83040
83111
83125
83126
83137
83191
83202
83208
83209
83228
83233
83236
83254
83332
83347
83354
83359
83438
83443
83470
83499
83510
83520
83523
83567
83607
83608
83650
83680
83690
83720
83773
83795
83842
83875
83879
83924
83930
83942
83952
83967
83996
84034
84045
84050
84080
84083
84137
84172
84184
84204
84237
84297
84301
84321
84330
84346
84353
84365
84417
84468
84470
84502
84505
84520
84562
84563
84564
84587
84617
84646
84655
84705
84745
84746
84748
84754
84763
84768
84771
84836
84870
84871
84969
85016
85017
85047
85063
85159
85196
85218
85239
85266
85272
85364
85383
85492
85532
85767
85827
85838
85865
85874
85886
85895
85903
85917
85953
85957
85978
86020
86042
86048
86063
86081
86082
86094
86110
86124
86133
86143
86172
86191
86192
86217
86226
86271
86281
86294
86306
86309
86342
86349
86386
86402
86419
86429
86437
86471
86510
86528
86529
86546
86693
86717
86724
86827
86847
86872
86941
86996
86999
87057
87102
87131
87135
87137
87143
87176
87202
87211
87265
87300
87307
87328
87349
87380
87393
87403
87428
87433
87474
87502
87547
87612
87651
87666
87682
87721
87729
87746
87754
87771
87779
87780
87818
87843
87847
87912
87921
87925
87943
87944
87967
88096
88112
88122
88177
88178
88197
88215
88238
88268
88276
88302
88306
88331
88357
88388
88392
88398
88406
88455
88465
88466
88475
88500
88501
88527
88530
88561
88562
88653
88755
88760
88778
88820
88830
88856
88881
88925
88933
88939
88957
88980
88982
89047
89052
89057
89065
89077
89088
89119
89130
89142
89151
89166
89183
89218
89220
89228
89230
89234
89336
89369
89371
89452
89465
89471
89481
89493
89498
89502
89507
89560
89610
89643
89649
89655
89661
89666
89675
89727
89736
89741
89765
89769
89780
89786
89809
89818
89828
89854
89859
89901
89919
90130
90135
90305
90384
90446
90535
90560
90739
90900
90901
90907
90923
90941
90942
90953
90956
90961
90963
90975
90980
90983
90990
90999
91007
91030
91047
91093
91097
91103
91142
91152
91164
91191
91222
91244
91262
91283
91356
91363
91401
91404
91424
91432
91439
91478
91486
91506
91519
91552
91607
91616
91644
91648
91665
91675
91680
91709
91719
91737
91747
91757
91768
91790
91791
91830
91861
91888
91954
91955
92003
92019
92027
92031
92033
92064
92082
92175
92236
92250
92262
92266
92276
92278
92330
92338
92343
92373
92382
92399
92422
92424
92438
92445
92450
92452
92485
92486
92524
92552
92564
92600
92620
92642
92683
92699
92715
92780
92784
92794
92828
92830
92848
92869
92881
92974
92989
93008
93046
93057
93086
93093
93105
93108
93142
93154
93166
93175
93213
93216
93218
93229
93235
93271
93280
93299
93339
93355
93362
93373
93378
93381
93400
93401
93416
93426
93438
93442
93451
93466
93491
93497
93509
93517
93531
93541
93605
93626
93678
93679
93688
93689
93696
93697
93735
93746
93780
93803
93818
93827
93853
93868
93883
93892
93896
93901
93915
93922
93923
93926
93940
93947
93999
94001
94029
94048
94085
94166
94190
94215
94289
94298
94308
94327
94357
94377
94391
94401
94404
94415
94442
94443
94461
94487
94491
94527
94540
94548
94582
94585
94588
94608
94611
94616
94622
94631
94637
94643
94649
94663
94670
94684
94695
94714
94716
94721
94738
94741
94745
94771
94780
94791
94803
94820
94841
94844
94873
94879
94881
94894
94901
94914
94917
94951
94959
94966
94979
94989
94999
95010
95021
95055
95080
95206
95222
95240
95278
95287
95314
95320
95333
95347
95379
95451
95531
95536
95554
95560
95563
95583
95593
95594
95618
95631
95686
95695
95746
95755
95770
95771
95782
95799
95834
95844
95885
95886
95887
95909
95913
95935
95949
95951
95997
96013
96016
96019
96020
96021
96044
96100
96122
96125
96155
96156
96159
96175
96184
96191
96196
96245
96253
96290
96324
96340
96403
96455
96471
96473
96524
96544
96555
96572
96579
96581
96607
96615
96623
96630
96634
96646
96648
96658
96664
96665
96714
96723
96747
96751
96772
96773
96775
96788
96800
96804
96840
96849
96854
96860
96932
96948
97021
97036
97038
97104
97126
97129
97164
97238
97250
97266
97304
97336
97369
97379
97381
97397
97415
97418
97426
97441
97447
97453
97458
97473
97562
97563
97590
97618
97623
97648
97678
97734
97737
97772
97791
97796
97824
97834
97842
97866
97881
97897
97953
97956
97966
97971
97976
97981
97987
98001
98025
98041
98098
98153
98162
98171
98178
98209
98223
98231
98261
98277
98294
98329
98339
98343
98358
98359
98360
98364
98400
98524
98664
98674
98680
98700
98711
98725
98818
98832
98872
98888
98940
98971
98977
98987
99000
99026
99044
99069
99101
99145
99148
99184
99227
99288
99304
99362
99366
99370
99377
99391
99395
99424
99434
99445
99452
99470
99541
99637
99643
99654
99657
99668
99680
99683
99691
99710
99719
99757
99764
99768
99770
99804
99825
99827
99828
99849
99853
99866
99867
99868
99895
99899
99927
99961
99978
99981
99999
100009
100053
100062
100074
100094
100096
100097
100100
100270
100318
100320
100322
100340
100363
100389
100393
100394
100439
100475
100478
100519
100528
100566
100627
100629
100671
100682
100697
100709
100774
100791
100795
100804
100822
100834
100849
100879
100890
100908
100917
100950
100955
100967
100986
100993
100997
101004
101020
101034
101042
101047
101050
101052
101065
101083
101107
101157
101159
101191
101306
101307
101326
101329
101343
101367
101418
101428
101429
101444
101483
101489
101505
101514
101515
101529
101576
101581
101602
101612
101617
101690
101716
101725
101775
101813
101841
101858
101953
101955
101971
101972
101988
102012
102014
102030
102078
102155
102157
102160
102161
102170
102179
102194
102196
102223
102245
102253
102257
102260
102270
102279
102283
102312
102332
102333
102368
102384
102387
102389
102417
102452
102456
102472
102485
102489
102505
102507
102511
102529
102544
102545
102550
102571
102582
102595
102620
102624
102631
102651
102659
102672
102694
102699
102745
102756
102797
102808
102811
102819
102829
102841
102874
102891
102910
102919
102938
102952
102967
102969
102977
102985
102989
103012
103033
103047
103048
103080
103084
103132
103138
103139
103152
103185
103188
103189
103192
103208
103212
103226
103237
103240
103270
103285
103290
103301
103312
103317
103319
103330
103344
103351
103368
103404
103421
103431
103436
103438
103443
103449
103453
103456
103497
103499
103510
103511
103522
103560
103561
103571
103576
103583
103597
103620
103621
103627
103649
103689
103724
103733
103739
103756
103766
103775
103781
103792
103818
103843
103864
103929
103933
103965
103976
103982
104011
104022
104029
104047
104061
104072
104080
104081
104087
104106
104108
104111
104117
104148
104182
104188
104196
104197
104205
104208
104248
104254
104258
104266
104281
104289
104307
104310
104341
104355
104356
104376
104388
104390
104400
104414
104441
104448
104458
104500
104513
104527
104528
104559
104572
104608
104611
104638
104649
104715
104727
104731
104742
104746
104752
104753
104777
104795
104823
104838
104839
104870
104920
104953
104959
104963
104986
104999
105011
105012
105014
105049
105071
105082
105109
105115
105161
105167
105183
105232
105240
105246
105247
105249
105274
105310
105327
105337
105344
105363
105372
105418
105428
105432
105439
105442
105493
105515
105539
105606
105614
105617
105659
105664
105676
105692
105703
105718
105732
105734
105737
105740
105742
105743
105746
105751
105777
105779
105794
105800
105835
105847
105852
105870
105873
105876
105887
105889
105900
105909
105917
105938
105944
105964
106012
106030
106035
106064
106088
106095
106120
106125
106127
106136
106148
106151
106155
106210
106225
106229
106240
106245
106257
106262
106269
106270
106312
106320
106324
106328
106332
106339
106352
106390
106401
106404
106410
106447
106453
106456
106479
106482
106483
106505
106509
106514
106560
106562
106563
106568
106581
106593
106599
106611
106614
106685
106688
106693
106709
106743
106751
106760
106925
107026
107058
107083
107142
107181
107185
107212
107217
107357
107376
107454
107548
107620
107621
107673
107677
107796
107821
108116
108153
108165
108186
108247
108265
108400
108432
108434
108464
108471
108545
108575
108577
108578
108595
108621
108630
108640
108664
108678
108690
108700
108738
108743
108751
108754
108765
108785
108787
108790
108812
108934
108950
108972
108978
108986
108990
108993
109003
109024
109055
109058
109060
109082
109096
109109
109117
109136
109157
109171
109192
109202
109203
109208
109229
109265
109282
109296
109299
109337
109372
109381
109505
109538
109540
109548
109582
109589
109593
109624
109660
109721
109726
109835
109848
109889
109908
109925
109977
109997
110084
110114
110152
110162
110169
110227
110234
110240
110264
110270
110276
110282
110334
110375
110415
110453
110466
110477
110492
110538
110541
110561
110598
110617
110624
110687
110704
110716
110718
110722
110728
110734
110744
110746
110768
110774
110782
110790
110805
110820
110847
110935
111065
111261
111327
111368
111481
111491
111508
111538
111551
111559
111594
111610
111622
111699
111765
111783
111795
111796
111824
111889
111949
112005
112013
112044
112101
112104
112120
112157
112164
112185
112192
112225
112235
112315
112337
112411
112447
112457
112510
112522
112558
112602
112633
112665
112699
112710
112741
112760
112773
112787
112796
112806
112813
112836
112875
112881
112890
112915
112924
112928
112930
112949
112956
112960
112996
112998
113069
113073
113211
113253
113283
113382
113425
113439
113480
113521
113580
113693
113703
113782
113834
113858
113865
113870
113890
113937
113968
113970
113972
113982
113983
114004
114152
114164
114189
114207
114210
114260
114270
114274
114292
114296
114297
114312
114313
114340
114345
114353
114377
114411
114435
114530
114577
114609
114617
114620
114625
114663
114667
114733
114735
114747
114793
114798
114828
114835
114852
114885
114901
114908
114929
114956
114965
115082
115086
115087
115169
115212
115346
115355
115386
115428
115444
115451
115481
115512
115519
115596
115608
115616
115653
115761
115763
115779
115797
115799
115828
115829
115887
115940
115962
115987
115988
116027
116043
116082
116089
116114
116147
116181
116188
116189
116202
116264
116297
116311
116312
116322
116347
116349
116386
116424
116441
116470
116494
116516
116572
116583
116646
116651
116673
116676
116692
116755
116789
116801
116876
117018
117097
117115
117119
117121
117186
117245
117248
117307
117339
117370
117381
117409
117411
117414
117418
117443
117444
117448
117455
117498
117547
117708
117710
117726
117735
117743
117777
117779
117841
117847
117866
117871
117884
117914
117953
117963
117965
118001
118087
118112
118113
118121
118248
118258
118267
118271
118272
118288
118314
118332
118342
118343
118360
118381
118383
118399
118405
118417
118431
118460
118509
118512
118523
118528
118544
118545
118578
118590
118674
118694
118697
118714
118748
118774
118782
118801
118821
118850
118869
118871
118885
118913
118994
119006
119044
119096
119111
119121
119194
119226
119303
119326
119348
119379
119505
119538
119558
119579
119596
119629
119640
119678
119694
119701
119708
119721
119723
119760
119770
119788
119791
119801
119809
119822
119837
119841
119846
119876
119918
119989
120028
120057
120058
120076
120080
120091
120118
120133
120163
120217
120322
120371
120377
120414
120468
120477
120487
120541
120550
120569
120595
120619
120631
120641
120650
120653
120676
120688
120695
120725
120728
120746
120753
120787
120802
120808
120809
120819
120822
120825
120861
120865
120903
120918
120927
120965
120972
120977
120988
121081
121085
121091
121110
121122
121128
121150
121168
121178
121181
121187
121253
121257
121273
121300
121319
121343
121355
121361
121362
121376
121380
121387
121400
121406
121453
121459
121503
121504
121506
121514
121524
121525
121526
121530
121572
121595
121596
121605
121653
121693
121725
121733
121764
121842
121849
121884
121956
121969
121973
122046
122079
122087
122125
122152
122163
122168
122184
122195
122207
122217
122264
122298
122334
122335
122375
122408
122419
122423
122443
122446
122543
122558
122559
122561
122589
122598
122610
122623
122631
122665
122696
122710
122718
122730
122780
122800
122819
122982
123012
123047
123048
123051
123133
123174
123184
123201
123222
123228
123229
123231
123316
123353
123411
123414
123415
123417
123541
123568
123615
123660
123680
123694
123714
123715
123719
123730
123762
123839
123859
123917
123931
123939
124019
124025
124065
124079
124117
124128
124138
124243
124299
124381
124393
124410
124415
124419
124423
124430
124492
124514
124516
124525
124528
124530
124536
124548
124609
124666
124677
124695
124721
124914
124917
124920
125086
125114
125120
125132
125159
125164
125191
125214
125227
125259
125298
125312
125338
125446
125471
125514
125521
125615
125680
125696
125699
125859
125895
125923
125969
125975
125989
126016
126017
126019
126023
126055
126062
126082
126097
126197
126200
126204
126225
126451
126545
126676
126702
126796
126844
126877
126996
127030
127077
127121
127127
127182
127212
127232
127300
127312
127319
127364
127371
127376
127400
127407
127426
127453
127462
127467
127475
127498
127499
127540
127542
127558
127569
127573
127602
127652
127685
127692
127706
127733
127750
127766
127767
127781
127797
127881
127885
127903
127905
127921
128174
128175
128189
128195
128369
128377
128383
128409
128415
128426
128443
128450
128513
128601
128619
128622
128624
128714
128720
128754
128763
128791
128794
128802
128807
128811
128840
128853
128922
128926
129055
129138
129166
129168
129173
129247
129324
129421
129531
129633
129666
129715
129741
129747
129809
129830
129846
129874
129938
129978
129997
130014
130239
130258
130274
130280
130290
130296
130299
130333
130364
130422
130541
130562
130568
130629
130637
130723
130838
130866
131006
131008
131022
131041
131043
131057
131083
131086
131151
131177
131210
131240
131295
131300
131403
131412
131418
131431
131448
131455
131457
131471
131477
131480
131491
131527
131536
131552
131557
131560
131576
131583
131613
131660
131671
131690
131708
131732
131803
131814
131834
131841
131853
131863
131947
132023
132083
132103
132150
132192
132199
132235
132290
132313
132360
132389
132399
132406
132421
132463
132490
132512
132526
132567
132586
132590
132633
132684
132708
132768
132770
132781
132824
132826
132848
132855
132859
132873
132895
132898
132915
132966
133033
133124
133176
133284
133296
133297
133377
133414
133591
133620
133668
133682
133719
133737
133770
133771
133773
133780
133790
133819
133887
133947
133952
133978
133991
134007
134016
134022
134038
134042
134073
134129
134147
134192
134194
134243
134257
134264
134273
134331
134367
134371
134388
134429
134439
134489
134533
134555
134609
134625
134695
134701
134795
134825
134871
134930
134939
134996
135017
135041
135107
135113
135177
135195
135211
135238
135241
135284
135289
135292
135323
135356
135365
135384
135392
135393
135405
135411
135423
135433
135436
135445
135457
135465
135522
135528
135531
135555
135576
135581
135597
135635
135643
135654
135685
135693
135742
135753
135820
135823
135829
135850
135863
135864
135867
135906
135908
135924
135925
135927
135931
135940
135947
135956
135959
135976
135977
136011
136015
136025
136040
136112
136126
136202
136209
136230
136235
136237
136321
136359
136365
136379
136407
136414
136422
136432
136474
136513
136541
136549
136556
136557
136562
136572
136602
136628
136640
136653
136663
136681
136708
136710
136717
136739
136758
136772
136827
136847
136854
136870
136920
136935
136937
136970
136981
136988
137020
137023
137028
137038
137086
137108
137169
137177
137282
137320
137346
137348
137354
137361
137388
137393
137439
137484
137488
137524
137536
137546
137580
137604
137605
137619
137635
137652
137654
137659
137679
137693
137747
137774
137805
137814
137830
137861
137872
137885
137900
137934
137976
138021
138066
138169
138177
138180
138184
138213
138292
138317
138366
138398
138443
138574
138608
138646
138792
138886
138905
138920
138927
138935
138942
138945
138957
138958
138962
138963
138972
139009
139010
139011
139047
139052
139114
139123
139126
139142
139148
139157
139161
139163
139233
139252
139262
139292
139306
139311
139363
139377
139395
139404
139414
139416
139420
139431
139492
139560
139566
139571
139583
139613
139619
139683
139716
139752
139802
139819
139824
139836
139859
139928
139944
140028
140087
140095
140099
140100
140123
140126
140138
140142
140162
140177
140181
140262
140342
140345
140429
140455
140461
140478
140479
140492
140512
140519
140523
140525
140531
140534
140538
140544
140556
140558
140566
140569
140578
140613
140634
140676
140731
140733
140813
140827
140872
140902
140912
140936
140952
141017
141024
141036
141042
141050
141160
141164
141179
141183
141229
141258
141268
141282
141283
141299
141311
141339
141358
141373
141425
141443
141445
141525
141579
141590
141599
141631
141632
141643
141645
141681
141746
141750
141775
141803
141844
141878
141917
141920
141949
141957
141989
142005
142015
142039
142117
142170
142171
142216
142252
142273
142327
142391
142456
142496
142503
142511
142599
142642
142699
142797
142819
142828
142836
142848
142882
142884
142894
142904
142951
142967
143037
143047
143066
143113
143128
143156
143171
143240
143249
143260
143268
143294
143305
143359
143383
143425
143426
143429
143453
143478
143485
143488
143524
143624
143639
143668
143684
143685
143706
143716
143761
143783
143817
143847
143855
143926
143928
143929
143937
143940
143946
143971
143975
143978
143987
144045
144106
144113
144164
144179
144240
144265
144336
144348
144373
144386
144443
144462
144512
144561
144599
144627
144629
144633
144645
144653
144659
144731
144772
144887
144899
144913
144918
144935
144976
144982
144996
145011
145012
145016
145019
145027
145039
145048
145066
145140
145146
145149
145175
145222
145257
145264
145320
145328
145330
145345
145368
145369
145373
145390
145414
145425
145495
145501
145502
145525
145598
145684
145696
145697
145703
145707
145821
145838
145845
145848
145851
145879
145988
146000
146037
146051
146089
146124
146141
146177
146197
146199
146256
146290
146315
146328
146355
146366
146388
146395
146398
146399
146474
146487
146489
146492
146510
146511
146522
146524
146595
146597
146608
146617
146680
146701
146704
146705
146707
146710
146712
146714
146740
146924
146969
146988
147000
147021
147029
147035
147069
147081
147088
147123
147137
147138
147146
147168
147194
147218
147239
147253
147267
147307
147314
147358
147401
147438
147440
147482
147508
147512
147514
147519
147538
147553
147574
147592
147595
147626
147634
147656
147661
147665
147702
147705
147712
147714
147724
147781
147794
147806
147807
147816
147817
147855
147889
147890
147895
147898
148014
148022
148060
148064
148106
148116
148164
148191
148207
148219
148237
148238
148269
148287
148304
148322
148328
148364
148472
148473
148499
148505
148512
148539
148555
148561
148606
148608
148650
148652
148701
148772
148802
148834
148849
148855
148868
148892
148898
148900
148906
148915
148922
148924
148937
148962
149011
149056
149058
149060
149068
149070
149074
149125
149127
149131
149157
149165
149186
149192
149232
149266
149270
149278
149280
149282
149289
149327
149335
149354
149374
149415
149519
149580
149586
149590
149628
149673
149769
149793
149816
149826
149885
149898
149914
149927
149933
149935
150008
150069
150092
150103
150108
150128
150145
150176
150178
150184
150193
150200
150201
150207
150217
150242
150259
150262
150277
150309
150374
150393
150406
150451
150467
150558
150584
150643
150655
150661
150707
150712
150724
150756
150777
150835
150859
150887
150905
150940
150979
150997
151028
151035
151059
151087
151096
151097
151136
151145
151177
151207
151246
151259
151283
151328
151390
151439
151458
151464
151475
151492
151540
151558
151567
151571
151592
151607
151640
151668
151677
151679
151695
151699
151723
151729
151746
151757
151765
151774
151782
151810
151884
151886
151889
151930
151935
151965
151980
151998
152004
152026
152032
152034
152053
152106
152111
152151
152155
152156
152157
152225
152350
152366
152375
152434
152449
152450
152459
152496
152498
152502
152529
152531
152557
152573
152588
152589
152615
152646
152671
152677
152698
152724
152741
152760
152762
152783
152816
152822
152839
152866
152912
152931
152944
152946
153010
153119
153206
153235
153258
153279
153295
153352
153374
153412
153429
153447
153460
153494
153502
153574
153575
153631
153634
153641
153645
153703
153722
153734
153736
153761
153783
153795
153801
153829
153842
153851
153852
153858
153862
153869
153898
153900
153919
153923
153939
153987
154035
154039
154047
154060
154061
154080
154081
154084
154085
154102
154120
154174
154201
154273
154283
154286
154303
154332
154336
154375
154435
154464
154478
154482
154515
154520
154546
154549
154560
154576
154588
154631
154662
154683
154691
154694
154746
154836
154838
154858
155055
155074
155079
155117
155125
155130
155131
155137
155177
155195
155198
155210
155211
155229
155235
155250
155276
155292
155335
155363
155367
155368
155377
155394
155400
155413
155435
155480
155502
155511
155513
155520
155601
155609
155645
155693
155717
155730
155754
155762
155778
155799
155813
155958
156018
156066
156125
156148
156169
156181
156199
156281
156306
156308
156315
156321
156345
156347
156522
156536
156556
156596
156648
156661
156684
156749
156756
156791
156815
156818
156821
156904
156938
156943
156952
156975
156983
157027
157057
157059
157080
157081
157093
157133
157135
157176
157196
157279
157306
157319
157334
157340
157386
157407
157409
157444
157457
157506
157508
157538
157544
157547
157573
157583
157617
157670
157678
157697
157763
157784
157788
157789
157891
157915
157925
157928
157937
157972
158009
158029
158037
158057
158068
158118
158149
158166
158228
158235
158237
158265
158274
158343
158390
158407
158430
158432
158449
158469
158494
158504
158527
158551
158553
158564
158586
158591
158598
158618
158632
158636
158648
158683
158713
158714
158788
158795
158807
158808
158835
158841
158873
158894
158933
158979
158989
159001
159022
159030
159058
159084
159105
159111
159117
159119
159176
159204
159234
159283
159317
159318
159326
159386
159408
159440
159450
159458
159465
159473
159482
159487
159563
159569
159579
159585
159602
159606
159627
159629
159658
159701
159709
159730
159742
159755
159777
159812
159842
159852
159874
159889
159891
159900
159909
159927
159966
160020
160023
160024
160062
160128
160154
160178
160200
160251
160254
160272
160321
160325
160332
160340
160365
160412
160446
160476
160499
160514
160545
160552
160561
160562
160575
160591
160596
160598
160610
160614
160629
160652
160668
160688
160729
160769
160778
160793
160796
160810
160814
160853
160874
160896
160959
160977
160982
160991
160996
161011
161034
161037
161054
161060
161073
161116
161118
161160
161175
161193
161199
161227
161238
161258
161260
161300
161309
161347
161368
161404
161435
161440
161449
161458
161485
161488
161491
161494
161506
161510
161513
161558
161563
161583
161591
161594
161596
161597
161617
161619
161647
161665
161681
161702
161782
161803
161804
161817
161819
161837
161872
161878
161879
161978
161984
162008
162016
162027
162036
162070
162123
162139
162140
162145
162164
162173
162177
162187
162255
162264
162275
162317
162335
162345
162353
162365
162373
162384
162393
162394
162439
162475
162511
162526
162584
162616
162639
162641
162646
162671
162690
162691
162700
162702
162756
162792
162805
162838
162926
162960
162976
162977
163004
163013
163028
163036
163048
163053
163107
163119
163129
163135
163136
163151
163183
163185
163186
163226
163257
163269
163295
163346
163351
163382
163388
163428
163435
163437
163438
163455
163498
163517
163554
163567
163573
163578
163604
163625
163627
163640
163649
163656
163664
163681
163684
163698
163701
163702
163717
163725
163726
163729
163763
163766
163784
163794
163824
163827
163836
163840
163846
163850
163855
163885
163889
163896
163902
163908
163913
163951
163956
163957
163959
163971
163983
163988
163996
164004
164005
164021
164047
164049
164051
164093
164098
164102
164108
164117
164147
164152
164165
164179
164180
164210
164220
164255
164256
164277
164283
164302
164324
164335
164348
164352
164354
164370
164416
164419
164420
164421
164460
164474
164481
164513
164537
164547
164589
164592
164606
164633
164634
164640
164663
164673
164689
164716
164757
164768
164778
164780
164797
164808
164814
164819
164839
164848
164857
164874
164886
164932
164939
164962
165027
165029
165042
165076
165080
165109
165122
165196
165199
165281
165324
165408
165413
165635
165636
165658
165739
165747
165985
166018
166065
166113
166142
166185
166316
166343
166376
166547
166607
166622
166640
166675
166762
166795
166832
166904
166919
166929
166935
167062
167234
167250
167381
167479
167515
167636
167640
167675
167711
167753
167822
167918
167973
168029
168086
168137
168205
168207
168332
168433
168519
168542
168667
168680
168697
169039
169069
169086
169124
169325
169600
169696
170037
170050
170056
170086
170091
170103
170104
170106
170131
170164
170167
170178
170195
170216
170226
170238
170242
170250
170261
170299
170321
170322
170323
170402
170432
170436
170437
170447
170491
170557
170571
170581
170598
170648
170764
170919
170933
170959
170978
170989
171063
171079
171117
171119
171322
171337
171340
171389
171405
171411
171425
171427
171434
171449
171463
171490
171510
171530
171575
171601
171622
171632
171770
171776
171814
171825
171830
172102
172237
172240
172241
172249
172265
172269
172284
172290
172345
172358
172361
172373
172377
172385
172400
172404
172405
172419
172421
172478
172489
172527
172529
172539
172585
172588
172597
172606
172617
172644
172656
172658
172675
172680
172690
172852
172917
172942
172974
172988
172996
173034
173098
173105
173122
173159
173176
173183
173192
173201
173211
173235
173247
173266
173302
173324
173348
173355
173374
173453
173719
173731
173994
174004
174030
174061
174074
174077
174093
174098
174124
174125
174135
174145
174185
174187
174199
174202
174225
174239
174241
174260
174270
174276
174307
174318
174321
174323
174324
174325
174351
174377
174478
174499
174580
174625
174632
174640
174721
174733
174799
174817
174820
174823
174842
174855
174880
174904
174918
174920
174926
174927
174932
174970
174982
175020
175027
175055
175064
175086
175102
175119
175157
175191
175194
175240
175273
175282
175295
175311
175326
175341
175342
175353
175377
175380
175393
175403
175538
175541
175593
175612
175644
175667
175834
175864
175890
175910
175915
175944
175946
176005
176011
176040
176041
176042
176054
176069
176096
176108
176115
176161
176198
176268
176304
176333
176362
176579
176581
176765
176910
177047
177121
177131
177132
177182
177233
177389
177401
177474
177499
177537
177575
177578
177579
177645
177647
177654
177655
177656
177662
177672
177683
177687
177713
177778
177809
177929
177976
178010
178011
178029
178043
178065
178068
178217
178309
178344
178351
178389
178408
178409
178439
178463
178495
178512
178539
178542
178551
178577
178634
178722
178723
178724
178738
178771
178809
178845
178877
178919
178953
178991
179025
179095
179141
179223
179572
179581
179615
179619
179625
179666
179667
179670
179680
179703
179706
179715
179730
179739
179759
179760
179768
179780
179795
179803
179809
179835
179853
179857
179874
179880
179890
179899
179908
179909
179929
179941
179943
179948
179962
179963
179965
179982
179983
179985
179991
180004
180010
180012
180014
180020
180032
180040
180042
180048
180053
180083
180097
180102
180110
180116
180132
180148
180168
180169
180175
180190
180195
180196
180204
180235
180249
180266
180281
180285
180309
180310
180318
180324
180325
180330
180347
180358
180375
180421
180428
180433
180445
180476
180480
180501
180515
180545
180551
180561
180572
180575
180596
180601
180613
180624
180626
180629
180631
180644
180673
180678
180685
180687
180726
180729
180731
180743
180754
180762
180786
180799
180803
180808
180818
180833
180835
180837
180863
180901
180925
180954
180955
180963
180995
180996
181011
181034
181052
181058
181069
181074
181078
181079
181094
181099
181104
181125
181159
181221
181226
181432
181453
181492
181524
181525
181540
181542
181547
181563
181579
181614
181724
181769
181819
181860
181954
182158
182210
182355
182402
182425
182457
182493
182508
182549
182636
182848
182905
183161
183213
183352
183375
183412
183500
183594
183667
183669
183673
183678
183792
183814
183901
183916
183918
183985
183986
183995
184020
184021
184101
184108
184120
184131
184145
184173
184177
184188
184263
184273
184288
184293
184320
184321
184330
184426
184454
184677
184708
184773
184797
184807
184839
184854
184909
184912
184923
184928
184963
184980
184985
184986
185002
185009
185027
185029
185032
185033
185048
185068
185078
185134
185150
185206
185315
185416
185444
185640
185707
185762
185767
185772
185774
185779
185782
185796
185810
185833
185853
185872
185896
185914
185957
185985
185990
185994
186012
186072
186074
186081
186095
186099
186122
186126
186259
186286
186312
186478
186571
186595
186606
186612
186620
186623
186634
186645
186671
186681
186687
186747
186796
186822
186825
186830
186833
186925
186942
187000
187003
187007
187021
187061
187098
187128
187148
187260
187280
187285
187299
187372
187373
187374
187376
187378
187386
187472
187485
187497
187508
187520
187533
187543
187546
187551
187568
187569
187575
187583
187597
187621
187628
187713
187872
187876
187987
188000
188025
188035
188047
188066
188079
188081
188091
188097
188103
188149
188158
188169
188173
188182
188293
188296
188342
188346
188374
188381
188388
188389
188417
188423
188425
188432
188510
188532
188535
188537
188545
188571
188579
188583
188621
188656
188668
188672
188688
188692
188695
188697
188731
188741
188755
188769
188794
188796
188822
188897
188930
188987
189039
189042
189047
189048
189062
189070
189071
189088
189115
189256
189272
189309
189315
189339
189354
189374
189375
189380
189381
189553
189602
189649
189669
189670
189713
189738
189746
189756
189762
189784
189797
189800
189883
189955
189966
190069
190198
190251
190348
190357
190361
190412
190420
190454
190475
190485
190532
190554
190585
190594
190595
190610
190619
190624
190625
190647
190650
190739
190743
190768
190771
190790
190810
190811
190817
190867
190883
190895
190901
190952
190971
191152
191168
191223
191232
191242
191246
191260
191266
191297
191298
191309
191314
191317
191358
191383
191385
191423
191434
191435
191498
191524
191604
191615
191624
191630
191665
191670
191679
191683
191686
191698
191704
191843
191854
191914
191943
191992
191999
192021
192048
192149
192153
192185
192204
192227
192234
192239
192271
192328
192385
192392
192402
192408
192436
192456
192472
192499
192501
192507
192531
192550
192560
192578
192583
192608
192626
192664
192672
192676
192681
192688
192719
192757
192854
192906
193040
193064
193077
193141
193146
193160
193182
193210
193290
193332
193373
193412
193441
193490
193518
193539
193544
193610
193640
193644
193651
193659
193713
193740
193769
193781
193782
193783
193799
193814
193846
193948
193962
193969
193990
194000
194072
194081
194124
194185
194191
194192
194197
194204
194249
194262
194277
194298
194756
194939
194941
194944
194996
195013
195029
195071
195088
195104
195116
195127
195148
195177
195212
195237
195308
195312
195316
195318
195329
195381
195386
195400
195408
195426
195430
195432
195445
195450
195457
195476
195483
195497
195540
195557
195570
195573
195640
195678
195720
195725
195728
195745
195758
195761
195785
195790
195822
195851
195862
195876
195888
195907
195920
195921
195947
195959
195974
195978
196011
196027
196042
196057
196160
196168
196196
196198
196230
196255
196314
196356
196387
196393
196395
196409
196414
196416
196563
196665
196674
196684
196712
196723
196751
196766
196769
196770
196821
196834
196856
196857
196866
196896
196929
196963
196964
196976
196984
197110
197185
197244
197388
197403
197406
197420
197438
197444
197448
197487
197495
197532
197537
197560
197573
197574
197591
197621
197628
197638
197644
197646
197679
197683
197688
197710
197720
197725
197740
197774
197775
197781
197792
197832
197837
197849
197908
197910
197999
198011
198055
198063
198080
198082
198092
198107
198128
198145
198147
198164
198184
198200
198214
198235
198240
198301
198342
198370
198377
198398
198401
198419
198496
198550
198565
198573
198585
198684
198762
198813
198853
198871
198883
198889
198903
198927
198930
198939
198977
199012
199024
199034
199072
199083
199093
199110
199115
199117
199150
199154
199156
199191
199198
199234
199241
199276
199368
199398
199436
199447
199508
199509
199538
199544
199549
199556
199572
199587
199593
199595
199610
199614
199714
199726
199758
199760
199761
199779
199804
199821
199825
199841
199851
199995
200000
200032
200044
200054
200067
200070
200140
200141
200148
200187
200237
200248
200268
200284
200342
200356
200364
200455
200549
200557
200583
200584
200771
200793
200868
200913
200993
201007
201036
201065
201067
201078
201081
201121
201131
201184
201186
201228
201268
201285
201290
201316
201319
201322
201323
201335
201343
201349
201395
201401
201475
201491
201567
201607
201642
201667
201687
201742
201758
201762
201771
201773
201788
201831
201838
201845
201936
201981
202006
202085
202170
202296
202328
202365
202369
202394
202401
202625
202665
202835
202869
202894
202901
202943
202968
202971
203005
203039
203079
203086
203090
203093
203114
203118
203119
203127
203128
203161
203178
203179
203186
203190
203191
203225
203255
203264
203273
203285
203292
203341
203344
203349
203506
203724
204215
204446
204448
204496
204523
204526
204536
204562
204572
204663
204677
204696
204714
204749
204772
204773
204774
204827
204906
204936
204962
204969
204972
204974
204999
205015
205110
205192
205267
205589
205621
205693
205739
205743
205764
205802
205803
205810
205814
205817
205828
205851
205892
205916
205937
205961
205972
205983
206035
206058
206096
206115
206122
206165
206227
206232
206283
206333
206341
206420
206429
206441
206442
206564
206611
206649
206682
206705
206729
206731
206742
206776
206798
206815
206859
206873
206886
206923
206927
206930
207040
207059
207065
207116
207124
207126
207139
207164
207177
207185
207202
207207
207257
207293
207297
207317
207319
207334
207340
207348
207366
207420
207473
207490
207528
207571
207602
207616
207647
207648
207658
207673
207697
207714
207744
207755
207759
207764
207790
207833
207848
207984
207991
208015
208016
208038
208053
208070
208083
208086
208087
208089
208090
208180
208241
208243
208271
208320
208368
208407
208436
208454
208463
208517
208526
208557
208560
208564
208638
208712
208788
208802
208819
208821
208839
208840
208915
208923
208926
208937
208968
209072
209111
209119
209197
209227
209264
209351
209355
209436
209469
209482
209502
209504
209633
209640
209666
209669
209784
209809
209825
209833
209856
209884
209887
209929
209942
209956
209963
209965
210054
210074
210115
210118
210157
210191
210207
210231
210272
210317
210336
210384
210439
210453
210475
210483
210542
210566
210657
210715
210736
210741
210874
210878
210930
210979
210981
210982
210996
211022
211075
211112
211128
211252
211456
211472
211481
211518
211709
211875
211890
211908
211965
212116
212119
212139
212145
212217
212263
212468
212476
212509
212575
212597
212673
212741
212894
212905
212934
212955
213043
213085
213148
213232
213283
213375
213393
213415
213417
213424
213514
213891
214009
214182
214199
214220
214237
214243
214250
214255
214278
214281
214377
214381
214386
214393
214397
214425
214463
214465
214471
214894
214918
214920
215020
215044
215068
215100
215119
215120
215141
215149
215166
215184
215193
215298
215304
215314
215322
215385
215386
215394
215416
215475
215547
215580
215601
215656
215676
215689
215736
215753
215805
215806
215826
215837
215849
215896
215904
215943
215952
215971
215988
215990
216020
216140
216155
216158
216163
216190
216192
216259
216311
216329
216449
216481
216504
216507
216520
216530
216536
216560
216585
216644
216747
216756
216771
216773
216789
216802
216805
216831
216863
216899
216923
216929
216957
216961
217048
217057
217086
217115
217168
217214
217320
217324
217360
217403
217432
217443
217461
217495
217537
217566
217635
217671
217674
217709
217727
217747
217874
217903
217927
217961
217963
218025
218071
218075
218081
218144
218155
218195
218221
218251
218260
218296
218316
218328
218361
218363
218377
218384
218417
218429
218436
218462
218466
218470
218475
218477
218557
218574
218577
218582
218633
218661
218662
218666
218678
218700
218764
218776
218817
218846
218849
218856
218857
218893
218897
218903
218928
218937
218966
219000
219053
219085
219109
219114
219119
219125
219129
219163
219178
219184
219199
219217
219233
219235
219237
219259
219317
219363
219368
219380
219382
219388
219406
219527
219538
219562
219574
219619
219633
219637
219657
219668
219688
219690
219728
219748
219764
219792
219795
219817
219898
219958
219974
219980
219984
219993
220000
220025
220029
220056
220080
220085
220087
220093
220100
220102
220150
220153
220173
220184
220198
220230
220236
220237
220238
220241
220268
220272
220286
220292
220297
220312
220383
220401
220428
220439
220444
220453
220455
220460
220513
220520
220524
220561
220568
220601
220612
220613
220647
220663
220699
220706
220795
220826
220850
220873
220887
220891
220895
220902
220917
220951
220960
220982
220990
220991
221059
221090
221093
221103
221113
221131
221132
221143
221148
221164
221299
221334
221336
221378
221456
221492
221509
221523
221535
221546
221566
221594
221638
221648
221653
221661
221662
221664
221672
221678
221707
221766
221822
221943
221948
221949
221980
221987
221994
222028
222064
222073
222108
222117
222124
222133
222134
222150
222154
222171
222181
222186
222191
222193
222214
222226
222244
222247
222263
222276
222307
222343
222344
222362
222379
222388
222398
222405
222413
222431
222455
222472
222486
222522
222531
222546
222591
222596
222615
222625
222647
222660
222675
222703
222705
222727
222753
222791
222835
222858
222869
222874
222885
222910
222929
222930
222943
222962
222976
223000
223027
223035
223048
223065
223104
223150
223188
223193
223205
223207
223226
223260
223279
223305
223414
223439
223497
223567
223602
223646
223686
223719
223734
223748
223755
223839
223848
223915
223940
223941
223945
223964
223980
224065
224084
224103
224195
224229
224345
224392
224404
224433
224455
224494
224509
224517
224530
224566
224576
224582
224596
224605
224615
224636
224640
224764
224846
224853
224877
224929
224948
224970
224985
225020
225073
225085
225091
225182
225237
225260
225302
225471
225475
225709
225714
225739
225824
225900
225981
226164
226166
226238
226372
226397
226416
226426
226457
226514
226538
226560
226585
226629
226665
226736
226751
226755
226757
226775
226815
226859
226936
226946
226965
226980
226990
226995
227005
227011
227025
227066
227106
227152
227171
227174
227244
227248
227260
227269
227298
227325
227332
227357
227361
227386
227396
227415
227427
227535
227551
227565
227566
227585
227593
227595
227608
227633
227686
227768
227811
227860
227879
227885
227886
227934
227979
227980
227987
228002
228062
228319
228331
228333
228355
228360
228367
228368
228369
228371
228372
228455
228483
228510
228522
228528
228551
228556
228584
228608
228612
228646
228648
228671
228679
228698
228710
228716
228828
228837
228884
228894
228895
228898
228902
228912
228944
228952
228972
228976
228998
229027
229031
229151
229160
229161
229186
229188
229222
229291
229307
229336
229369
229376
229377
229380
229389
229402
229414
229417
229419
229437
229475
229487
229507
229509
229512
229549
229560
229561
229580
229586
229594
229647
229653
229661
229667
229695
229729
229753
229763
229789
229790
229804
229816
229854
229857
229869
229881
229883
229926
229932
229978
230112
230184
230202
230234
230236
230237
230255
230334
230377
230383
230432
230595
230649
230723
230748
230826
230992
231112
231116
231155
231198
231227
231236
231241
231296
231297
231298
231308
231332
231356
231357
231411
231429
231509
231526
231601
231624
231653
231664
231713
231723
231725
231747
231748
231760
231806
231835
231841
231870
231884
231885
231900
231915
231916
231929
231934
231942
231978
232002
232018
232059
232129
232228
232261
232274
232381
232386
232407
232438
232462
232476
232480
232494
232505
232522
232523
232551
232622
232648
232682
232696
232801
232823
232865
232870
232904
232953
233016
233020
233032
233049
233057
233100
233104
233193
233203
233205
233213
233220
233223
233229
233259
233269
233320
233321
233327
233380
233391
233439
233441
233518
233538
233583
233694
233711
233944
233948
234281
234498
234526
234554
234656
234778
234920
234935
235146
235252
235300
235342
235353
235412
235417
235420
235427
235428
235445
235454
235469
235477
235482
235484
235494
235496
235548
235570
235576
235582
235583
235616
235626
235664
235690
235777
235787
235790
235796
235838
235854
235860
235900
235904
235921
235937
235940
235962
235979
236000
236006
236018
236065
236067
236107
236121
236137
236158
236160
236163
236173
236208
236209
236237
236256
236277
236301
236333
236335
236347
236356
236359
236426
236434
236446
236475
236530
236562
236646
236654
236669
236674
236692
236710
236771
236829
236833
236843
236851
236861
236922
236941
236956
236964
236970
236989
237020
237021
237027
237035
237042
237068
237076
237080
237114
237157
237181
237212
237254
237265
237280
237303
237305
237316
237329
237365
237392
237438
237452
237488
237489
237500
237536
237548
237567
237623
237669
237678
237694
237717
237725
237734
237735
237756
237795
237873
237881
237890
237902
237941
237944
237946
237956
237967
238053
238064
238076
238090
238114
238126
238128
238176
238270
238271
238281
238330
238349
238358
238364
238368
238370
238375
238380
238444
238466
238482
238487
238489
238493
238497
238544
238561
238562
238579
238595
238648
238665
238672
238685
238702
238766
238772
238799
238817
238852
238865
238911
238917
238921
238928
238934
238938
238999
239003
239042
239047
239048
239079
239156
239165
239199
239262
239265
239271
239385
239392
239394
239398
239409
239447
239463
239518
239534
239541
239555
239568
239587
239601
239617
239626
239637
239669
239678
239687
239688
239731
239746
239788
239807
239809
239811
239853
239872
239874
239876
239879
239884
239887
239888
239964
239988
239999
240000
240012
240026
240027
240034
240056
240083
240109
240161
240170
240175
240182
240187
240196
240200
240216
240255
240270
240339
240342
240372
240407
240408
240454
240459
240464
240467
240469
240518
240527
240606
240609
240614
240636
240715
240812
240833
240858
240869
240912
240947
240948
240949
240980
241003
241010
241024
241155
241157
241211
241220
241231
241269
241312
241320
241332
241342
241395
241400
241403
241415
241434
241455
241465
241499
241548
241577
241622
241671
241681
241683
241695
241715
241832
241837
241846
241870
241915
241989
241994
241998
242011
242023
242031
242034
242058
242101
242110
242122
242124
242144
242181
242183
242193
242214
242260
242263
242265
242275
242292
242321
242326
242338
242351
242355
242364
242379
242381
242393
242396
242409
242416
242420
242421
242425
242431
242449
242459
242571
242584
242592
242602
242631
242713
242743
242747
242769
242775
242777
242787
242804
242809
242833
242848
242853
242863
242898
242978
243008
243024
243063
243072
243099
243123
243161
243165
243304
243331
243333
243361
243364
243367
243405
243448
243496
243501
243512
243523
243533
243538
243591
243605
243657
243714
243802
243898
243916
243980
243982
243998
244066
244081
244086
244095
244127
244177
244220
244228
244229
244231
244234
244238
244240
244262
244285
244291
244292
244314
244352
244361
244428
244453
244466
244501
244536
244559
244607
244608
244609
244652
244673
244679
244685
244690
244780
244783
244784
244798
244859
244862
244871
244875
244884
244888
244903
244923
244956
244961
244971
244976
244979
244998
245028
245052
245060
245075
245122
245152
245160
245163
245180
245186
245209
245247
245261
245290
245369
245386
245391
245393
245508
245549
245606
245626
245647
245656
245710
245721
245728
245754
245767
245988
246031
246075
246143
246170
246200
246203
246215
246221
246229
246238
246291
246317
246320
246328
246337
246339
246342
246354
246360
246376
246408
246422
246476
246482
246491
246510
246518
246525
246533
246547
246550
246554
246582
246662
246668
246694
246708
246709
246847
246874
246880
246904
246964
247106
247115
247126
247137
247163
247200
247252
247283
247287
247328
247331
247373
247406
247423
247457
247477
247544
247620
247627
247666
247691
247692
247696
247705
247737
247745
247804
247810
247813
247855
247860
247865
247896
247914
247918
247931
247932
247956
247962
247993
248053
248074
248105
248117
248128
248224
248238
248311
248312
248323
248336
248351
248491
248535
248546
248580
248601
248738
248742
248796
248816
248918
248979
249046
249053
249062
249077
249080
249189
249258
249277
249370
249390
249400
249412
249500
249536
249578
249580
249600
249627
249640
249709
249775
249873
249889
249904
249932
250030
250063
250099
250170
250171
250312
250313
250326
250363
250397
250454
250595
250610
250625
250639
250641
250654
250676
250678
250682
250698
250704
250705
250722
250738
250775
250810
250825
250828
250856
250862
250921
250950
251025
251090
251105
251107
251155
251171
251199
251204
251214
251217
251232
251246
251265
251268
251295
251316
251321
251329
251342
251359
251368
251402
251414
251424
251448
251478
251551
251563
251567
251571
251590
251627
251685
251712
251728
251750
251799
251838
251843
251849
251851
251856
251918
251924
251950
251952
251960
252000
252032
252048
252053
252055
252105
252109
252116
252127
252137
252152
252154
252164
252184
252187
252212
252237
252239
252248
252249
252277
252316
252390
252401
252406
252418
252425
252426
252433
252447
252486
252488
252576
252654
252656
252672
252680
252720
252731
252807
252818
252830
252851
252883
252902
252911
252918
252927
252983
252989
253008
253035
253071
253075
253076
253120
253126
253161
253166
253172
253186
253187
253188
253230
253287
253316
253371
253374
253379
253409
253411
253454
253456
253488
253520
253564
253578
253625
253638
253641
253692
253718
253749
253753
253754
253783
253794
253905
253925
253947
253952
253998
254059
254082
254093
254130
254131
254168
254211
254244
254245
254258
254262
254267
254274
254281
254298
254314
254319
254352
254417
254420
254558
254592
254607
254672
254688
254690
254706
254786
254801
254919
254986
254988
255036
255040
255062
255063
255098
255123
255198
255234
255239
255281
255286
255290
255297
255321
255366
255381
255398
255401
255432
255480
255531
255653
255663
255716
255752
255755
255760
255778
255779
255801
255820
255839
255864
255952
255955
255971
256027
256066
256241
256251
256268
256285
256292
256320
256340
256351
256360
256371
256386
256387
256438
256461
256523
256589
256595
256641
256657
256669
256676
256729
256733
256779
256814
256831
256857
256910
256932
257006
257029
257044
257057
257070
257093
257098
257109
257111
257132
257151
257154
257179
257205
257208
257249
257299
257318
257326
257340
257394
257406
257422
257440
257457
257494
257503
257527
257551
257552
257566
257569
257576
257609
257612
257620
257638
257639
257644
257654
257723
257735
257744
257778
257797
257809
257813
257828
257900
257906
257918
257936
257948
257973
257978
258015
258017
258024
258028
258056
258117
258127
258135
258144
258164
258168
258185
258186
258225
258297
258319
258326
258389
258394
258427
258428
258434
258487
258522
258524
258607
258623
258628
258639
258640
258673
258674
258738
258792
258809
258815
258816
258847
258889
258892
258924
258974
259013
259035
259098
259100
259151
259157
259159
259193
259195
259203
259209
259221
259244
259250
259262
259264
259271
259294
259306
259310
259312
259313
259323
259361
259384
259390
259394
259412
259445
259448
259460
259491
259497
259499
259510
259531
259540
259557
259567
259592
259610
259625
259635
259649
259678
259679
259680
259721
259744
259757
259790
259811
259849
259871
259889
259898
259914
259918
259920
259923
259929
259932
259939
259950
259975
259999
260006
260009
260010
260093
260116
260145
260149
260155
260214
260216
260232
260236
260241
260273
260286
260287
260315
260337
260406
260419
260469
260504
260510
260511
260536
260556
260560
260612
260652
260654
260662
260664
260702
260708
260748
260770
260777
260781
260794
260800
260813
260857
260879
260922
260971
260979
260980
260990
261038
261043
261094
261114
261141
261178
261184
261213
261217
261242
261253
261254
261255
261316
261317
261325
261378
261418
261422
261436
261453
261483
261489
261493
261500
261517
261519
261520
261524
261530
261535
261552
261578
261596
261616
261617
261729
261734
261736
261740
261742
261763
261774
261805
261809
261810
261814
261827
261829
261851
261860
261873
261915
261922
261934
261940
261942
261975
261979
261984
261985
261988
262007
262023
262042
262054
262066
262092
262099
262122
262132
262139
262145
262151
262188
262190
262202
262239
262267
262283
262284
262285
262301
262357
262381
262385
262516
262534
262538
262566
262567
262574
262595
262655
262674
262685
262702
262707
262764
262808
262820
262829
262853
262854
262893
262902
262912
262963
262993
263029
263074
263095
263104
263141
263188
263197
263200
263239
263253
263270
263283
263302
263308
263318
263320
263342
263345
263356
263357
263359
263381
263382
263396
263410
263421
263433
263466
263499
263501
263507
263558
263588
263593
263640
263652
263693
263694
263710
263718
263838
263842
263857
263920
263930
264003
264014
264043
264070
264099
264103
264116
264120
264150
264151
264169
264182
264213
264224
264230
264267
264300
264333
264337
264382
264395
264398
264416
264421
264464
264488
264489
264500
264501
264512
264519
264521
264534
264567
264591
264597
264623
264627
264675
264692
264697
264731
264781
264819
264841
264877
264925
265014
265028
265036
265040
265046
265172
265209
265223
265249
265266
265276
265284
265346
265355
265367
265368
265397
265430
265439
265442
265483
265484
265592
265597
265622
265758
265885
265895
265908
265956
265969
265981
265991
266083
266122
266159
266163
266223
266229
266238
266241
266273
266283
266326
266337
266350
266357
266364
266377
266400
266418
266426
266446
266915
266982
267096
267113
267127
267135
267147
267227
267245
267251
267254
267295
267304
267322
267354
267395
267442
267456
267477
267507
267529
267586
267604
267610
267645
267771
267783
267796
267845
267932
267941
267962
267963
267985
267993
268014
268039
268041
268044
268070
268071
268179
268197
268210
268244
268255
268274
268276
268303
268336
268404
268436
268524
268576
268613
268648
268798
268813
268842
268843
268871
268914
269014
269031
269064
269065
269140
269143
269157
269165
269189
269208
269212
269219
269220
269231
269242
269280
269321
269325
269401
269502
269508
269510
269550
269575
269592
269593
269614
269619
269621
269628
269652
269707
269793
269824
269830
269838
269839
269848
269854
269875
269885
269886
269899
269901
269938
269977
269988
269992
270035
270111
270116
270126
270131
270165
270177
270231
270249
270251
270264
270270
270318
270327
270330
270332
270338
270347
270374
270422
270439
270448
270452
270453
270467
270515
270520
270526
270534
270543
270551
270557
270574
270597
270599
270641
270650
270663
270670
270673
270674
270719
270779
270809
270814
270815
270817
270827
270837
270914
270987
271015
271025
271037
271093
271096
271120
271184
271210
271212
271214
271257
271333
271416
271427
271435
271465
271475
271504
271513
271545
271559
271565
271642
271655
271669
271670
271696
271738
271795
271835
271853
271862
271869
271874
271875
271886
271910
271925
271956
271996
272012
272033
272042
272078
272139
272144
272153
272162
272218
272221
272236
272257
272259
272306
272316
272331
272511
272514
272540
272557
272585
272589
272592
272603
272608
272611
272630
272635
272639
272677
272799
272830
272832
272848
272851
272859
272861
272862
272873
272910
272945
272985
272997
273016
273099
273150
273161
273164
273167
273217
273235
273261
273279
273281
273328
273354
273374
273426
273443
273451
273465
273469
273481
273482
273494
273513
273518
273539
273544
273547
273583
273608
273652
273692
273763
273787
273836
273854
273869
273873
273900
273910
273929
273952
274002
274007
274044
274045
274105
274112
274117
274118
274121
274137
274155
274163
274233
274282
274317
274319
274321
274358
274360
274363
274383
274450
274454
274483
274502
274508
274510
274521
274554
274561
274605
274644
274695
274756
274762
274774
274777
274779
274783
274823
274831
274874
274929
274997
275000
275016
275020
275033
275102
275124
275176
275182
275190
275195
275209
275210
275224
275249
275256
275260
275272
275279
275321
275343
275376
275379
275388
275394
275404
275499
275501
275546
275558
275599
275606
275632
275651
275674
275686
275688
275764
275765
275768
275862
275870
275924
275926
275961
275972
275984
276000
276014
276019
276070
276081
276094
276132
276143
276162
276208
276279
276287
276359
276383
276410
276416
276418
276482
276495
276503
276570
276571
276573
276574
276800
276853
276888
276896
276913
276916
276919
276965
277013
277033
277042
277045
277052
277096
277109
277135
277138
277161
277173
277177
277221
277250
277288
277334
277357
277367
277401
277498
277518
277552
277556
277564
277658
277669
277689
277694
277831
277863
277905
277913
277916
277929
277957
277963
277991
278010
278039
278048
278060
278065
278077
278099
278112
278117
278119
278120
278144
278145
278225
278262
278276
278334
278339
278390
278391
278409
278423
278463
278489
278528
278627
278691
278701
278715
278737
278865
278887
278888
278902
278922
278926
278987
278989
278990
279002
279031
279040
279077
279138
279189
279283
279290
279415
279424
279431
279440
279460
279481
279532
279546
279551
279597
279616
279620
279679
279682
279739
279769
279795
279902
279913
279917
279928
279938
279945
279947
279980
280056
280058
280062
280080
280116
280208
280270
280300
280311
280319
280394
280397
280431
280470
280497
280500
280558
280560
280574
280605
280606
280676
280723
280824
280863
280901
280986
280989
281128
281311
281332
281355
281370
281372
281551
281585
281638
281747
281757
281758
281778
281781
281790
281838
281839
281851
281867
281926
281928
281952
282046
282138
282210
282236
282265
282326
282431
282438
282580
282605
282622
282965
282972
283034
283060
283091
283093
283142
283195
283203
283240
283275
283277
283356
283376
283381
283393
283410
283423
283451
283462
283535
283544
283584
283613
283636
283708
283834
283883
283898
283901
283978
284003
284129
284244
284274
284374
284398
284459
284470
284519
284552
284575
284596
284665
284669
284692
284704
284708
284772
284858
284906
285022
285039
285046
285088
285101
285110
285112
285121
285158
285393
285397
285446
285498
285575
285583
285589
285726
285731
285732
285751
285766
285774
285779
285781
285811
285813
285816
285828
285845
285857
285868
285873
285906
285908
285911
285936
286084
286089
286144
286148
286176
286215
286280
286331
286403
286407
286413
286420
286605
286632
286716
286742
286770
286830
286839
286870
286971
287006
287020
287041
287070
287101
287126
287142
287156
287162
287166
287184
287192
287229
287239
287264
287268
287392
287401
287412
287417
287468
287477
287497
287499
287516
287527
287547
287583
287632
287648
287659
287713
287717
287738
287752
287771
287777
287781
287802
287809
287838
288087
288102
288119
288159
288172
288197
288243
288264
288267
288270
288365
288369
288386
288409
288433
288461
288468
288481
288502
288535
288560
288589
288611
288628
288654
288674
288787
288811
288822
288839
288859
288866
288882
288928
288961
289078
289082
289085
289088
289099
289146
289159
289164
289165
289168
289191
289213
289314
289326
289367
289378
289383
289448
289468
289470
289499
289507
289526
289608
289630
289663
289667
289685
289697
289725
289740
289753
289783
289790
289804
289812
289829
289839
289841
289922
289930
289944
289966
289973
289987
289993
290035
290055
290082
290165
290195
290255
290329
290374
290399
290425
290434
290564
290565
290596
290659
290660
290668
290697
290707
290746
290754
290765
290823
290845
290860
291001
291012
291018
291020
291022
291048
291104
291156
291163
291164
291188
291204
291230
291233
291236
291256
291262
291284
291297
291328
291337
291348
291394
291421
291429
291459
291578
291796
291805
291825
291962
291973
291980
292012
292013
292036
292052
292065
292089
292128
292135
292141
292170
292178
292190
292193
292200
292272
292277
292345
292347
292349
292368
292413
292471
292521
292532
292540
292558
292562
292568
292607
292608
292632
292634
292668
292674
292706
292728
292763
292776
292787
292792
292793
292833
292872
292889
292892
292917
292934
292938
292947
292964
293012
293015
293052
293057
293094
293114
293140
293166
293176
293179
293205
293207
293221
293226
293261
293275
293276
293325
293348
293371
293390
293394
293414
293418
293421
293464
293465
293491
293575
293617
293665
293672
293737
293747
293748
293796
293832
293856
293864
293878
293884
293889
293890
293891
293918
293939
293943
293971
293978
294022
294066
294105
294145
294180
294212
294214
294222
294225
294260
294287
294303
294335
294339
294341
294347
294383
294429
294453
294467
294475
294528
294529
294576
294599
294675
294683
294687
294775
294783
294784
294787
294800
294813
294822
294827
294836
294849
295037
295045
295049
295067
295077
295126
295135
295155
295161
295178
295194
295205
295210
295224
295306
295405
295406
295437
295568
295570
295596
295650
295655
295665
295805
295809
295907
295911
295984
296015
296038
296042
296064
296083
296111
296178
296194
296267
296311
296327
296335
296363
296377
296396
296450
296492
296494
296513
296514
296541
296572
296573
296578
296598
296624
296634
296641
296643
296651
296693
296739
296778
296782
296797
296809
296911
297013
297025
297026
297048
297123
297124
297135
297160
297170
297209
297238
297308
297309
297316
297321
297324
297354
297364
297365
297392
297436
297439
297440
297461
297500
297508
297544
297546
297550
297572
297573
297598
297610
297613
297641
297650
297657
297700
297843
297882
297893
297971
297992
297996
298102
298237
298300
298360
298382
298416
298464
298502
298533
298539
298586
298607
298629
298670
298687
298705
298710
298729
298751
298754
298764
298772
298777
298782
298790
298799
298807
298833
298838
298895
298942
298987
299003
299014
299096
299136
299147
299151
299256
299342
299346
299357
299364
299398
299402
299454
299457
299463
299487
299510
299532
299567
299630
299643
299670
299675
299679
299762
299781
299794
299818
299877
299955
299960
300039
300076
300088
300103
300172
300243
300295
300315
300356
300385
300415
300440
300464
300633
300656
300686
300716
300725
300742
300763
300787
300805
300823
300867
300889
300913
300926
300927
300990
301019
301029
301077
301147
301183
301217
301247
301276
301321
301322
301409
301411
301440
301450
301559
301624
301645
301655
301707
301757
301761
301802
301885
301897
301957
301987
302033
302044
302047
302181
302228
302232
302411
302523
302703
302756
302757
302817
302843
302875
302885
302896
302921
302945
303016
303034
303139
303142
303280
303316
303331
303335
303539
303598
303632
303693
303740
303770
303787
303821
303834
303907
303972
303973
303984
303996
304014
304072
304119
304537
304553
304556
304557
304603
304639
304774
304778
304818
304860
304878
304944
304971
304985
305181
305254
305313
305339
305415
305536
305600
305834
305847
305894
305952
305971
306013
306016
306044
306433
306621
306645
306993
307131
307169
307402
307519
307564
307611
307868
307985
308004
308027
308050
308063
308113
308121
308136
308219
308422
308444
308468
308699
308707
308835
308863
309077
309101
309121
309128
309138
309142
309164
309196
309305
309309
309482
309521
309530
309542
309554
309587
309598
309613
309639
309646
309668
309673
309677
309737
309738
309747
309758
309759
309767
309769
309773
309832
309871
309887
309897
309906
309963
309981
310076
310246
310282
310361
310409
310443
310523
310539
310657
310688
310708
310719
310738
310911
311017
311058
311093
311182
311211
311270
311416
311451
311554
311606
311660
311805
311821
311830
311835
311850
311860
312111
312119
312229
312277
312412
312465
312542
312561
312607
312611
312629
312700
312779
312792
312936
312963
312964
313041
313080
313106
313239
313314
313365
313521
313545
313548
313552
313586
313772
313775
313822
313839
313866
313963
313964
314035
314051
314058
314110
314168
314214
314257
314261
314311
314326
314327
314473
314485
314552
314831
314852
314909
315059
315077
315079
315085
315194
315201
315249
315252
315389
315428
315465
315497
315666
315709
315757
315771
315783
315786
315860
315891
316027
316299
316354
316395
316418
316424
316633
316653
316710
316775
316868
316964
316997
317022
317026
317028
317045
317066
317083
317097
317119
317121
317122
317269
317301
317311
317312
317314
317336
317355
317361
317368
317390
317394
317403
317411
317414
317524
317552
317569
317613
317618
317649
317673
317677
317718
317720
317746
317748
317791
317800
317841
317844
317863
317886
317918
317922
317926
317928
317931
317934
317945
317990
318011
318229
318245
318271
318273
318322
318439
318472
318484
318592
318605
318630
318644
318690
318739
318761
318767
318785
318854
318869
318870
318874
318890
318923
318976
319020
319036
319097
319127
319161
319202
319212
319222
319249
319266
319290
319301
319318
319352
319374
319378
319430
319476
319478
319532
319535
319540
319554
319566
319596
319634
319641
319647
319655
319698
319711
319719
319721
319734
319740
319761
319780
319783
319821
319825
319830
319836
319841
319864
319881
319888
319894
319897
319938
319949
319960
319963
320038
320043
320058
320064
320210
320226
320301
320326
320438
320439
320490
320526
320716
320723
320730
320759
320761
320775
320789
320804
320827
320830
320833
320906
320951
321020
321037
321063
321065
321074
321078
321080
321104
321160
321186
321221
321265
321266
321281
321374
321449
321461
321470
321491
321513
321521
321531
321575
321591
321661
321666
321673
321677
321684
321731
321753
321769
321786
321885
321945
321977
322010
322055
322102
322105
322124
322129
322148
322296
322339
322360
322369
322376
322392
322396
322430
322488
322518
322523
322530
322579
322610
322668
322835
322921
323004
323007
323040
323129
323225
323258
323310
323320
323330
323458
323488
323764
324550
324561
324577
324581
324617
324668
324669
324736
324751
324778
324830
324834
324837
324916
324947
324966
325007
325018
325191
325197
325215
325237
325314
325360
325392
325505
325509
325540
325543
325568
325611
325634
325683
325687
325689
325691
325700
325703
325712
325719
325752
325753
325870
325873
325895
325946
325957
325975
325993
326001
326004
326006
326009
326083
326096
326122
326133
326141
326146
326152
326185
326265
326277
326314
326320
326357
326361
326377
326401
326433
326442
326445
326452
326465
326494
326496
326512
326527
326539
326540
326544
326569
326570
326585
326659
326683
326696
326712
326713
326714
326741
326792
326806
326807
326820
326833
326845
326853
326864
326895
326896
326933
326979
326989
326990
327010
327023
327031
327056
327132
327145
327153
327188
327214
327238
327255
327324
327351
327353
327401
327420
327479
327488
327519
327541
327555
327566
327594
327596
327621
327682
327698
327738
327761
327772
327775
327780
327789
327804
327857
327892
327895
327896
327911
327915
327982
327997
328008
328013
328056
328058
328067
328074
328080
328096
328259
328287
328288
328300
328305
328324
328336
328350
328429
328511
328513
328810
329020
329022
329033
329048
329102
329182
329189
329210
329230
329243
329276
329288
329324
329333
329362
329371
329386
329420
329421
329447
329460
329480
329514
329534
329542
329574
329584
329591
329635
329646
329664
329685
329691
329839
329875
330002
330011
330040
330041
330056
330140
330597
330898
330903
330907
330943
330944
330945
330985
330993
331000
331019
331051
331067
331094
331117
331164
331180
331268
331281
331339
331355
331357
331369
331371
331408
331420
331424
331442
331453
331513
331521
331554
331558
331584
331613
331626
331633
331655
331674
331705
331719
331722
331729
331733
331793
331797
331807
331870
331900
331907
331930
331932
331976
332017
332046
332067
332072
332093
332112
332128
332134
332165
332181
332196
332200
332233
332264
332266
332268
332279
332280
332290
332457
332469
332523
332530
332575
332739
332773
332792
332914
332942
332955
332958
333048
333051
333165
333183
333231
333334
333484
333580
333589
333619
333625
333627
333633
333660
333691
333717
333735
333742
333750
333806
333819
333828
333831
333834
333856
333879
333887
333941
333955
333958
333961
333977
334008
334022
334044
334077
334079
334086
334125
334159
334183
334214
334230
334232
334245
334252
334257
334336
334451
334453
334461
334466
334507
334520
334523
334534
334554
334584
334590
334593
334612
334617
334655
334707
334745
334902
334939
334987
335000
335008
335043
335076
335094
335096
335111
335165
335171
335185
335234
335238
335289
335290
335334
335381
335439
335475
335485
335502
335503
335517
335518
335545
335650
335655
335691
335750
335754
335806
335825
335845
335860
335874
335888
335893
335966
336017
336032
336073
336086
336104
336151
336189
336241
336249
336272
336282
336289
336346
336380
336402
336420
336469
336473
336492
336502
336514
336533
336546
336579
336605
336641
336644
336702
336717
336727
336750
336754
336757
336759
336793
336886
336901
336909
336925
336946
336953
336969
336979
336995
337007
337013
337015
337027
337045
337129
337157
337161
337207
337230
337341
337373
337737
337755
337760
338010
338213
338273
338466
338532
338698
338849
338887
338899
338948
338951
338957
338963
338986
339006
339018
339026
339082
339141
339144
339154
339156
339201
339212
339229
339231
339254
339268
339272
339276
339282
339300
339339
339357
339389
339422
339431
339439
339448
339459
339460
339478
339484
339496
339497
339522
339529
339537
339644
339746
339757
339767
339778
339787
339841
339843
339845
339850
339852
339853
339892
339918
339932
339946
339951
339956
339987
339988
340122
340145
340160
340162
340204
340230
340237
340238
340239
340244
340252
340331
340356
340361
340380
340385
340451
340459
340467
340468
340471
340487
340509
340514
340518
340521
340538
340550
340594
340613
340618
340621
340649
340740
340762
340763
340783
340785
340800
340871
340876
340928
340955
341015
341020
341132
341194
341196
341208
341230
341251
341310
341325
341363
341402
341425
341437
341453
341486
341491
341531
341564
341584
341607
341609
341672
341679
341687
341807
341820
341838
341853
341880
341887
341907
341908
341949
341960
341983
341992
342005
342018
342140
342226
342259
342285
342289
342293
342330
342331
342339
342387
342388
342404
342441
342447
342458
342465
342494
342514
342529
342597
342625
342631
342680
342687
342738
342740
342745
342760
342772
342773
342775
342797
342802
342842
342845
342876
342941
342958
342966
342974
343000
343068
343108
343146
343147
343193
343216
343241
343281
343302
343343
343368
343383
343396
343409
343456
343489
343521
343536
343537
343558
343561
343599
343617
343886
344110
344124
344138
344142
344145
344147
344174
344176
344200
344201
344203
344207
344340
344346
344350
344383
344421
344426
344453
344458
344476
344482
344495
344519
344556
344561
344570
344608
344672
344755
344764
344803
344815
344819
344863
344963
345024
345028
345039
345056
345065
345143
345180
345251
345369
345395
345426
345464
345466
345468
345501
345507
345560
345606
345657
345664
345723
345728
345731
345759
345776
345801
345878
345891
345899
345905
345975
345991
346021
346039
346040
346069
346097
346136
346165
346168
346181
346215
346223
346236
346316
346318
346320
346325
346337
346355
346363
346377
346385
346390
346411
346483
346492
346499
346511
346513
346521
346549
346553
346599
346607
346618
346621
346663
346665
346667
346669
346691
346713
346747
346795
346803
346851
346899
346935
346970
346982
346984
347027
347035
347057
347089
347233
347236
347258
347264
347273
347275
347323
347370
347397
347435
347459
347489
347499
347502
347552
347556
347562
347571
347576
347589
347605
347616
347636
347641
347653
347675
347678
347715
347723
347733
347756
347778
347782
347783
347842
347911
347955
348014
348016
348029
348035
348043
348118
348139
348157
348161
348169
348185
348187
348220
348262
348267
348281
348335
348347
348378
348385
348427
348472
348476
348496
348501
348507
348512
348523
348525
348536
348538
348567
348618
348623
348634
348658
348681
348682
348729
348776
348955
349032
349038
349073
349088
349100
349104
349111
349147
349242
349255
349261
349268
349270
349275
349282
349334
349347
349368
349372
349377
349413
349436
349438
349445
349451
349453
349465
349476
349485
349492
349529
349577
349582
349588
349614
349622
349676
349683
349688
349706
349714
349787
349820
349907
349927
349965
350036
350046
350085
350101
350110
350160
350195
350204
350236
350460
350480
350621
351061
351063
351086
351150
351180
351203
351227
351239
351246
351295
351298
351319
351334
351446
351452
351457
351497
351515
351517
351535
351536
351540
351562
351616
351630
351645
351755
351759
351765
351811
351828
351831
351889
351910
351927
351973
351978
351990
351991
352029
352043
352047
352093
352107
352149
352176
352204
352205
352226
352246
352247
352292
352298
352316
352396
352414
352443
352447
352525
352526
352530
352554
352557
352570
352589
352635
352654
352665
352717
352748
352829
352859
352870
352874
352884
352930
352985
352986
353163
353264
353325
353334
353378
353381
353402
353416
353417
353456
353463
353492
353500
353514
353516
353519
353556
353580
353585
353596
353675
353677
353721
353740
353766
353813
353815
353838
353891
353910
353915
353953
353967
353970
354008
354041
354055
354101
354108
354148
354153
354179
354203
354251
354267
354303
354347
354349
354357
354390
354443
354460
354472
354473
354549
354708
354712
354768
354867
354890
354985
354995
354997
355004
355065
355075
355117
355118
355122
355136
355169
355176
355177
355215
355251
355289
355308
355351
355385
355396
355411
355433
355436
355457
355497
355537
355547
355554
355563
355585
355592
355635
355666
355692
355706
355709
355733
355734
355797
355822
355824
356002
356050
356077
356111
356136
356159
356160
356163
356200
356209
356228
356237
356245
356307
356328
356420
356458
356459
356526
356531
356552
356582
356656
356661
356694
356705
356718
356730
356784
356851
356943
356963
357022
357068
357101
357162
357197
357202
357217
357322
357358
357410
357426
357427
357430
357431
357511
357601
357610
357622
357646
357706
357729
358142
358264
358917
358918
358938
358940
358941
358961
358977
359008
359067
359090
359102
359108
359133
359139
359152
359185
359210
359213
359226
359232
359250
359251
359255
359260
359282
359342
359446
359469
359492
359552
359568
359576
359577
359585
359628
359653
359661
359690
359737
359741
359873
359898
359914
359951
359952
360021
360050
360059
360077
360109
360204
360206
360226
360261
360274
360281
360287
360366
360379
360380
360395
360416
360421
360423
360453
360548
360608
360656
360685
360688
360716
360719
360729
360752
360794
360860
360872
360903
360948
360988
361000
361020
361035
361051
361053
361070
361099
361112
361121
361165
361180
361187
361196
361206
361216
361221
361270
361293
361364
361377
361399
361405
361444
361484
361490
361492
361504
361523
361533
361582
361585
361590
361599
361601
361604
361734
361735
361775
361777
361791
361826
361853
361940
361960
362053
362091
362102
362170
362200
362217
362221
362364
362427
362450
362452
362463
362509
362534
362537
362539
362541
362548
362558
362573
362607
362670
362698
362981
363124
363408
363439
363466
363511
363541
363555
363583
363584
363596
363622
363661
363714
363738
363853
363872
363892
363895
363921
363925
363944
363954
363966
363975
364023
364037
364041
364138
364148
364201
364207
364213
364300
364341
364351
364423
364431
364449
364460
364471
364486
364500
364549
364604
364627
364666
364694
364696
364698
364719
364736
364771
364804
365005
365074
365078
365252
365277
365310
365340
365348
365875
365885
365888
366007
366025
366035
366039
366043
366053
366223
366739
366851
367016
367317
367624
367660
367672
367724
367735
367741
367744
367774
367793
367802
367855
367857
367883
367958
367998
368114
368118
368128
368160
368161
368174
368205
368221
368250
368262
368346
368397
368441
368485
368527
368538
368555
368572
368574
368579
368590
368592
368616
368625
368628
368631
368649
368650
368678
368717
368726
368737
368762
368769
368842
368870
368902
368908
368956
368969
369007
369047
369059
369083
369086
369123
369134
369151
369155
369236
369271
369288
369297
369334
369342
369343
369419
369422
369490
369493
369512
369518
369562
369567
369586
369596
369774
369813
369826
370019
370057
370065
370093
370098
370129
370144
370171
370172
370185
370218
370219
370293
370337
370346
370376
370398
370418
370420
370434
370446
370762
371126
372200
372773
372800
372856
372897
372898
372928
373090
373492
373789
374145
374723
374801
375258
375439
375643
377266
377509
378212
378421
379101
379381
380311
380826
380895
380898
380905
380926
380927
380955
381015
381022
381048
381050
381063
381064
381069
381083
381126
381159
381180
381199
381220
381264
381265
381282
381292
381343
381350
381411
381448
381503
381504
381576
381646
381711
381728
381748
381758
381803
381822
381864
381873
381874
381876
381887
381895
381924
381978
382012
382021
382064
382160
382209
382255
382261
382296
382304
382340
382353
382390
382510
382525
382536
382562
382576
382577
382588
382594
382665
382675
382678
382688
382706
382726
382746
382804
382806
382833
382840
382865
382916
382934
383026
383039
383050
383074
383109
383137
383319
383329
383366
383389
383444
383447
383454
383476
383491
383514
383549
383555
383591
383695
383698
383717
383738
383747
383752
383810
383875
383924
383971
384095
384324
384327
384337
384365
384398
384443
384461
384469
384485
384495
384498
384524
384526
384564
384572
384668
384742
384788
384847
384879
384926
384956
384972
385053
385065
385066
385068
385451
