55750
51
249
298
357
399
400
417
505
536
2073
2932
3087
3171
3258
3321
3352
5781
6370
7462
7542
7696
7831
7858
8048
8227
19415
19622
19652
19785
19939
20113
20252
21158
21257
21344
21715
22027
22225
22774
25247
25789
26452
26776
27406
29691
29886
37226
40465
41539
42949
42995
46283
47828
49432
52210
52483
57496
57929
57982
57983
57984
58108
58136
58325
58404
59584
60991
60992
65172
68995
70914
71185
73987
74534
77602
91084
91990
97598
97932
109131
113844
120406
134698
136709
140799
150678
150851
151871
156967
157962
158246
158667
174158
179590
207460
207769
218021
223724
227996
240422
267659
273285
276333
288215
302034
318699
351775
381387
395070
443671
455456
84
356
388
738
2306
3711
5792
7099
12343
19958
22413
27056
27075
62623
90463
125941
157146
177792
237588
318847
576308
204
226
237
481
507
721
753
759
815
953
1296
1767
2243
2769
2883
3168
3195
3243
3286
3394
3410
4237
4273
5109
5850
6777
6817
6819
6931
7293
7379
7393
7612
7873
8093
10357
13075
17826
18083
18790
19396
19902
19969
20226
20570
20626
21144
22435
23778
26684
27936
30206
31276
31419
31698
40549
43197
43300
44265
44456
49808
52209
54268
57884
58149
58226
58266
60030
60993
65327
68860
70962
84458
91328
91909
91910
92255
92758
92764
92825
94802
98407
99175
104084
118501
134600
139089
139221
140764
141551
143863
145395
147389
150195
150660
150974
152227
155017
160220
174352
183800
186965
203082
206139
206211
209970
210312
210469
213251
227258
232545
257944
258535
258985
267101
269902
281120
281418
318754
341879
472608
4
23
39
77
96
105
358
392
432
503
524
534
539
573
576
769
1871
1918
2417
2920
3247
3297
3383
3482
3539
3614
4373
6820
7199
7458
7565
7609
7663
8008
8254
9813
11502
12987
16717
17040
17801
17910
19298
19464
19467
19555
19665
19757
19777
20168
20763
20857
21334
23147
23525
24880
25858
28150
28393
29211
29311
29520
30443
30572
30638
30751
31400
31593
31808
39936
40365
42834
43832
44000
45549
46498
47328
47561
49615
50900
53266
54945
58123
58145
60968
61032
62605
62761
68624
68836
69433
69899
70410
71113
71538
72167
75377
79721
83588
92229
92603
95572
96894
101580
108776
109220
119542
120529
123725
133624
133700
134802
135640
139549
141823
142600
150568
154452
173981
178990
195207
202448
207642
210298
216848
219895
223678
233244
235372
238224
257063
259435
265564
281078
281082
286836
302031
303801
327978
340558
325
517
3519
23513
24830
26536
26745
26869
28899
29957
31011
52291
57863
57980
60544
61031
65162
71092
71706
91087
92607
92708
97210
104620
113471
117526
123142
132954
143314
143435
143808
147600
151226
151235
188495
203274
206129
207640
222350
222630
223650
228479
231160
248401
248607
259255
260317
261302
262727
299773
342944
17
31
74
148
179
228
354
374
381
434
455
477
488
494
512
551
675
918
1717
1720
1786
2054
2224
2297
2483
2622
2889
2894
2931
3231
3248
3300
3385
3493
3933
4099
6508
6761
6763
6766
6789
6792
7112
7337
7814
7986
8134
11194
14007
14604
16841
16928
17793
17963
17984
18987
19463
19680
19698
19715
19770
20223
20280
20529
20579
20933
20958
21620
23780
24861
25064
29258
30448
32648
37591
37835
39855
41288
42870
43323
45757
48109
49316
49419
49513
49875
51935
52120
52285
52989
54758
56787
59664
60963
60978
60999
61017
64656
70818
71956
72293
75929
76511
84320
91063
91310
92097
92195
94255
118500
123110
129676
131122
132934
138926
141490
141545
141816
142111
143315
145143
145754
147510
149071
149312
151205
151755
151870
154293
155028
157153
160305
160507
160686
161390
164666
177712
186968
188355
188465
204842
206152
210300
211280
215347
217185
219447
223687
237237
239416
239800
240434
274655
289582
351170
393054
503783
21
22
50
57
58
60
65
72
103
314
353
363
394
401
404
406
451
627
743
1072
2349
3075
3162
3232
5790
6309
6758
6770
6818
6920
7187
7368
7395
7477
7592
7675
7864
8061
9034
9877
12112
13003
14077
16629
16672
17181
17743
17931
19440
19628
19658
19706
20503
20612
21329
24453
24563
26410
29662
29692
31277
31385
31407
37648
41641
44291
44441
47686
49456
49582
49584
50603
51496
57855
58122
58131
58163
63953
64224
64699
64834
65032
70745
71751
71813
75832
79709
91038
91215
92088
92814
92958
93815
119537
120184
134637
141495
141833
143704
145322
148132
161848
163611
170203
174422
178522
209683
222314
237004
240426
255010
268609
476872
3
73
75
86
95
192
217
223
306
395
398
439
460
582
658
696
1133
2945
3161
3283
3299
3448
3915
3947
5809
7346
7962
8000
17696
17715
19781
20170
20345
38067
49437
49521
50781
54608
54622
65175
71805
84325
91111
92235
141159
151217
154319
37
63
184
368
409
410
415
471
729
6760
7441
16705
19571
20687
56446
150186
60931
120465
143470
19625
29652
31783
49463
135421
213354
221531
304813
97
27652
27745
58699
120752
135006
163075
302202
27644
29612
188379
220192
258962
20194
28490
140445
46
530
3242
19772
29907
31692
55373
60946
91143
148927
48
459
134642
85
408
3584
28024
30235
54762
66488
92984
301442
364307
303
23118
59580
65326
96962
133030
150675
155661
213249
66
19398
49655
186048
259465
20995
30691
49022
185823
480
26820
27255
29265
31843
57706
60943
74301
112571
149310
152640
20719
29830
58104
71041
94035
546
23303
28065
52987
54775
58369
20740
43041
57926
118459
2780
16921
17160
19704
28366
60541
139220
302194
16915
19401
23910
130970
19621
26631
26687
112963
16938
19768
162672
528
6765
28353
65541
64201
93119
150010
1744
19712
57978
27808
27876
27877
155660
3130
20838
29323
19708
24833
27231
47796
49515
50812
59077
221693
49457
26797
184150
217548
93810
67585
112920
693
219051
69919
24180
21527
160483
72039
1708
378
50893
339
20902
19551
101525
141489
188311
69082
61925
174441
91305
64730
265504
36769
70179
49614
203095
21463
91040
207731
120180
3916
270
1496
71665
390865
431777
21564
229368
7356
83238
159332
185932
64550
21097
283628
212380
1969
23427
239
75429
30224
26493
99230
20950
164280
26567
160224
24927
24842
6828
295526
29057
120509
31571
380
31348
134335
694
88
58114
148099
130618
492940
38897
3240
95280
58622
61149
33513
204841
146989
27176
40159
50504
26414
57851
3895
27235
3287
49462
20926
92227
41074
59744
26686
27260
13213
19331
3080
128113
101370
25133
135010
163177
50788
3340
289317
6873
2027
14256
218973
17078
9097
4196
3403
16708
9147
13004
242387
237011
48113
72055
7186
49473
120177
20347
106
208573
174790
529
30584
187594
21325
6776
7803
137372
135299
3494
2973
70496
43845
151225
203084
163176
90803
2362
67058
8136
3052
40353
65647
19816
91530
64104
19710
3415
231177
823
29205
21545
22731
101165
3421
153745
147388
97176
203
83605
62602
43905
18948
97134
115311
95421
20058
21238
127132
3370
178981
69058
70020
108594
559
39204
2399
69724
25686
185793
207
257996
274658
20255
139405
21849
64527
20792
7643
201242
75892
40258
19465
19813
254697
263
3511
34007
7380
40249
93859
54810
2583
154
19604
27254
47719
109844
183
300
315
466
600
666
745
818
1227
2398
2402
2527
3416
3612
3935
3949
3970
4116
6332
6759
6803
6847
7668
7835
7997
8019
8021
12187
13973
16628
16718
17602
17832
18762
19778
19814
20084
20455
20564
20781
20834
26564
26787
27312
27689
27723
27930
29517
30535
31274
36208
37250
40350
41555
42779
43305
43822
49398
49409
52386
58141
60990
69483
69978
71426
77115
91200
92084
93121
95258
99320
108670
145392
149054
149997
185777
240449
248759
267019
268371
351485
429369
40
70
243
308
366
376
697
734
736
1866
1869
2087
2303
2434
2513
3167
6813
7180
7369
7670
7744
8799
17792
19775
20141
20970
21727
24385
24956
29321
29727
30702
31080
34424
54774
55880
60535
60953
60977
69088
70852
89687
91075
91141
91218
92613
94591
95510
116376
131110
133031
134667
134807
134904
135295
135424
136624
139201
143738
145421
157125
174233
238301
240419
301787
52
62
79
175
250
261
273
323
405
543
705
2412
3250
3276
3425
3918
5778
5812
6162
7113
7351
7442
7476
7991
10316
14656
16839
16925
17836
19468
19509
19961
20379
29829
42875
49630
58111
61657
64718
65373
68997
70984
92311
97140
129548
143336
151068
200126
364645
67
350
8094
19584
19679
19701
29399
29492
43285
49417
49418
79474
96089
120642
134607
135302
210310
263085
336
351
396
453
1345
2884
3270
3272
3273
6771
7183
7286
7381
7396
7594
17340
23946
31596
36389
37597
49725
56685
58100
91098
128198
142107
179001
405167
117
295
370
402
5429
7567
17835
27696
30675
31330
60950
157064
49497
56663
116
407
523
27670
16916
28302
49411
240048
26329
123758
19736
117352
26783
11115
28138
29878
27641
219
28295
53090
174023
170
33368
143800
145293
29225
19511
19580
27321
137375
21336
138774
264786
22255
33636
14030
66938
28381
29839
185925
20843
91499
4290
58106
19359
71812
49415
92981
458
391
45508
253006
151234
19372
261299
92845
184990
141553
160695
99346
140
131264
92109
348
64
241962
160258
89684
19794
20395
277835
72054
5801
281086
224117
138923
59197
119562
19408
91263
98
19974
3884
43925
92976
91115
28450
26623
7519
50488
86865
190509
94
42844
118104
16942
222347
7490
19692
91853
4633
7107
49634
20191
49741
25040
19647
49672
30628
347747
43077
3278
52944
7707
26747
152245
30216
369
22769
20769
1405
39388
134595
86424
173985
20996
301445
3589
47716
134597
29255
71712
75386
24829
58102
139810
97927
27395
351779
51226
141486
27027
238172
7804
4004
119560
102684
144765
71678
19370
345820
78933
725
7890
395679
7843
137339
69018
27072
2039
19653
131434
196
7694
387
2956
42872
20917
160
329
52988
19362
142187
75907
144756
25012
7504
13131
6877
31001
30416
123282
121426
19687
63834
2042
61016
4295
218970
93877
185731
527
22470
143226
100201
10115
69130
20664
93989
20611
152031
55388
7045
218292
19895
122709
121420
69004
179938
362245
134442
101832
102254
142480
26632
73884
120521
120625
7468
808
2625
198302
60945
8502
52475
3360
136607
16607
147420
69217
75415
236897
20208
125846
1811
141504
13
103769
136985
2352
151741
112528
1101
61025
91056
13744
203574
1785
7683
43
160487
416692
25790
40257
1042
237184
96826
199599
135118
8013
151297
542
148548
18292
589
59150
30719
7330
34676
8612
49622
120357
49520
91151
37232
9644
31280
91202
145227
25145
9298
41646
26408
141192
546034
395508
4135
43062
157345
274657
248686
2355
61352
40242
71491
7618
7513
202039
150034
8375
95034
10794
17018
27005
19911
3358
23895
17619
37831
114075
785
139218
50932
342943
27043
41169
70988
161651
92616
681
12893
782
49332
2416
281393
355550
135848
61220
188454
123223
71820
71934
17598
30698
16736
7842
295517
30716
2347
26043
141891
18969
21349
40292
184838
16636
257061
11456
95670
30436
436484
30677
110560
120718
1289
19686
329195
29690
149967
2241
49461
101588
545
164285
147395
26717
7246
65165
19656
547
71095
141406
7769
155025
92734
86971
68849
43269
28552
135378
64732
708
122971
92051
53642
57998
34
2986
26381
473828
260883
49583
119995
69804
49548
19559
20462
2984
109905
156358
286364
17893
64731
207577
55066
69435
30318
23603
49899
31585
18870
92188
91323
145897
210370
320
21870
157404
65352
94818
12923
129743
188082
45518
49571
34714
140752
30259
97274
81863
346100
49579
16707
25925
345
7185
156615
71675
19703
108586
3281
62714
30570
47715
92167
71014
188494
30035
81932
8065
20618
142808
309226
7812
21228
19041
50296
238050
68286
2912
21639
7265
54780
49740
8904
110064
8313
239886
49618
2363
210147
22085
209069
274694
5788
50410
64833
22228
134774
313753
263894
286408
57852
22048
28330
153529
94559
20123
244907
92069
31300
39927
45652
20642
7516
188323
1579
3419
54630
64828
96940
207754
35460
20826
6255
31883
49726
25915
138925
91877
188328
297
42780
30678
71857
52877
50912
25954
94568
259501
19638
280332
800
21052
28500
5808
2302
3963
61912
2710
308032
99954
159752
149081
29704
153418
339271
119981
20190
71826
7963
141728
84219
95241
120393
7070
162309
188944
11550
147517
7995
6849
4106
27112
97247
3995
119567
189323
49401
31574
564
10464
85057
27850
91962
209198
30432
3165
442
123365
133705
476875
104
68290
121809
23741
35421
135193
35533
3386
94658
32702
780
365
174362
70971
318709
115360
148113
476
92063
49522
149205
241514
22668
12090
49890
69926
242004
124238
474153
813
31844
152166
189860
3471
137384
3393
53316
22410
13596
58702
154323
20057
96294
19449
84393
58128
555
121652
203208
22197
273028
359328
52218
19702
252682
96700
20485
114273
30686
23495
41510
21174
560
91289
216378
97324
93060
3169
4776
91057
16746
29041
91169
61104
68837
99443
61024
592
205907
92110
24633
2105
94517
155026
146862
12047
160708
19912
60996
86520
309
16848
178782
70272
229913
95864
134999
6345
119446
3938
26998
158647
220
492
7968
241322
23159
203048
151556
117440
21701
122726
1202
91898
28894
271124
66937
1732
13889
29522
1849
63182
69530
121920
152846
69745
72163
9786
130962
28581
51345
134922
133264
69662
144623
7520
29523
20181
852
6795
19755
13287
258644
69640
7897
3271
54
144357
7632
210679
22869
95934
65324
11305
94592
171116
31329
32436
525
191154
31418
143283
571
259189
42930
30265
19723
174375
92508
121470
2964
4677
49567
19960
69720
68999
16993
13020
91778
218322
304988
368357
351354
9997
31258
7372
92112
92563
6804
68861
221020
359
19441
262101
65243
242018
23733
248528
76419
5786
3485
49812
3486
64823
215335
153547
16622
3349
17605
81448
140423
437
123667
103310
70889
64685
60997
286720
17172
116462
40274
749
24898
27352
362253
92299
153266
40545
149243
393
95159
19672
19651
130885
19691
91117
60989
42973
268993
131379
52440
251284
219539
52734
91400
268805
56456
72014
117583
54789
145589
121367
202015
599694
28993
382445
20803
49907
786
190730
6868
164539
60965
37524
41713
242
55204
49410
53329
355988
27091
99457
61654
24728
1770
177650
359972
142537
249343
139012
361260
16706
57867
91980
217976
125767
10804
348021
64687
22323
201837
179947
364558
310531
7536
101535
151629
76496
6798
19469
72009
6266
58103
68
326
475
3533
3955
4091
7102
7328
7344
7376
7454
7825
7975
16614
19535
20214
27959
28058
29837
42743
49517
126108
145279
160883
188602
287123
55
334
3277
28143
29555
65372
332
26867
27249
29831
202506
60534
281416
26372
102747
54750
7529
27673
495
29788
416
7440
3265
19516
212876
91974
5845
19633
7709
224
807
307452
373
24032
20149
19486
220199
11984
16800
17408
49506
596
19344
3477
518
126212
92244
91109
58113
3602
8012
49758
227
314842
60995
3922
135018
19456
16631
34014
593
74818
2304
269229
16940
117032
347
185737
97288
316
17788
714
95069
3542
58117
58148
91485
274504
20603
94572
178932
117390
441
3877
69071
3885
561
69068
130960
202509
28329
7179
96007
160512
246656
95350
7635
95356
16626
20235
46993
16627
7345
99976
21165
19678
38
28475
29712
71790
27054
147435
178515
118573
71676
34690
102522
2498
3946
217199
8245
7319
462
7591
3424
7343
63664
134763
58107
235631
198094
19334
118497
25178
4000
147908
45
7624
27640
268378
30419
91221
192024
141541
18690
7987
27416
239774
1976
27403
7724
7751
6774
61002
92247
71833
27772
9337
31693
22328
24919
27094
451385
382936
22070
149913
23122
7764
49754
2144
91247
3282
241761
557
101
11281
96879
64698
735
37883
51768
49676
16698
92982
345863
65548
188286
61018
117734
91
76983
1831
133570
7664
7797
30603
27611
67634
74903
2018
58105
17864
803
117353
91073
92581
94373
60970
351449
43275
130307
36585
17593
49416
64552
134797
299728
36560
145399
506
7826
752
61
26024
43047
656
117442
338
146810
3992
19760
265566
70869
42
227438
204837
19386
159443
143220
53470
26513
24167
145907
27272
44
30336
20683
7352
52583
71840
1857
284
10321
4113
239282
271
642
56564
50050
69002
96285
135242
19714
20446
30724
206208
119985
151447
83
282469
134672
731
41760
1038
9763
70271
3989
49422
7433
7456
17587
7584
17614
70011
23896
52227
2071
20200
6794
28508
28319
16715
4429
42874
8306
145298
526
257713
136345
92400
1903
19688
418
38278
96244
69022
6115
52816
70821
394037
3504
43078
22602
162005
4069
147415
64739
28321
45646
21115
3429
20679
14115
26935
42848
228728
150571
64501
2353
25113
147317
27637
226550
493
21332
70290
56634
205038
109817
75759
17820
9965
3936
318
25147
26216
93209
37687
131512
31573
19956
68886
131474
10423
61649
92639
25139
11927
9654
69034
7822
21258
303163
238230
12919
61289
69829
301335
206207
151200
7837
19732
123139
7740
148727
195423
131449
259529
445
3478
3473
95176
274439
92103
519
23246
26785
154446
19824
21649
8060
37527
25057
69769
91065
19409
153569
21371
210648
49628
52870
242007
20127
97568
7475
24838
98346
69532
68856
162733
277005
4139
203076
168
23339
173150
7370
207570
6362
134849
60969
17875
158426
10503
17019
151239
92075
47327
51743
39849
135843
95640
69036
3984
351363
565
3216
742
19510
49762
74120
20268
7951
13537
79365
27801
1904
141558
67062
91508
87157
118800
45683
361684
49819
64464
20118
36409
188904
154447
3434
10579
7421
13227
267079
16930
136454
156774
23911
64674
21574
158420
18873
22588
449
33049
121370
91463
7770
344196
82251
58147
123291
221541
21005
11615
30317
3204
12419
30232
147390
25703
141508
49480
30571
2901
189909
139182
144956
28649
20445
779
28647
66855
9419
20827
24913
59648
33913
256488
153065
52923
152953
1314
45093
45185
19416
64822
47717
42992
94558
227138
117461
71633
6883
40356
134982
30423
3496
129740
143151
268804
6757
134
4101
20273
47630
278295
1138
130615
7375
6364
220737
49512
191372
210597
4078
27672
69016
292134
8240
148792
31268
241490
458798
16754
124350
152010
160313
102100
96259
276332
49511
54763
7684
97181
9720
44552
95325
159446
173046
113484
156600
63959
20124
92116
160213
19865
120663
139332
187250
122016
203080
95600
13048
19541
123718
20114
75216
20440
482
141554
31312
285742
157422
430
4875
101888
121495
11165
2539
82
3610
239591
31706
20808
37522
20858
229077
111
121871
242021
19610
11926
150037
777
20954
78232
29668
96097
205
7926
141557
130985
383
41631
135283
26595
3275
222111
1
18698
95059
35630
71137
8200
128864
21191
49664
19684
39933
21860
631
91220
254196
227117
20508
19634
142108
20231
20805
212932
4021
1896
26231
116320
52433
489
17104
118781
237252
96557
21255
95818
301
188502
21067
39684
448157
79392
10014
65526
207696
19566
27904
68853
285435
470803
95302
19886
7287
218923
141905
70120
92073
21283
244914
24950
21304
95412
72190
49574
3392
61098
4297
30687
83700
371
7642
33428
148852
141533
30212
27044
17077
95332
39867
58101
17664
49
95832
4179
272730
17604
24512
19636
58110
71590
491501
20499
68371
2282
130967
3313
18906
296864
17918
19725
141218
14183
2342
1917
66248
1724
618150
92025
47794
28720
94556
30329
157068
2864
351780
26315
140788
9596
125090
162257
30323
5880
156583
97283
19806
20099
265506
240420
60976
10328
66823
251953
3413
659
286409
83092
4690
59195
157223
242006
46992
310490
91100
23306
213
23564
25778
118340
98009
27606
19330
58004
152249
53567
42924
36008
364
64847
24836
69067
71131
30226
223703
1291
229303
3676
238394
30472
73585
185736
2337
64898
4274
20003
154460
103471
447125
68875
614
8292
65525
300341
1880
160802
25743
149647
58974
115292
19705
117527
95058
58410
4268
20220
277786
37746
289561
26857
75746
8181
103390
173219
11900
24212
3977
7893
7051
7961
60960
49530
71674
258958
5785
19609
164520
239725
98335
158
32054
5831
139085
7649
58119
20253
273543
706
26633
237374
60290
22999
65085
1254
2296
281080
2990
3534
152207
28758
7406
120201
87653
119443
7382
65005
7679
51631
3222
30425
140647
2585
191865
147520
94424
19759
76503
90912
209792
414205
52997
91473
151459
30451
144928
171
358473
21651
58073
4582
7321
161215
419
7913
16619
201702
49731
2028
21719
5097
7543
155085
7510
3552
52211
97056
27953
220223
31735
395620
91155
299496
27131
120008
413
446279
2907
286210
20002
93163
49451
27678
159988
75213
37543
304817
224230
149653
238203
92189
60536
10066
96562
1919
7879
19964
100005
92960
135934
19761
47810
122053
57461
47805
97493
134623
25794
27336
24894
7631
33497
58229
61244
141509
148930
268807
274482
91250
178855
7302
19393
28493
423556
131058
67078
27995
143307
46994
150654
55244
123672
94557
236
238054
3656
160304
143889
881
144925
257062
89499
247828
163023
60034
92975
133992
19966
99447
36809
249699
53152
151814
102353
95910
45775
24516
11424
91145
174793
60979
60952
340607
97041
147857
145291
13330
24569
125850
153546
5821
160615
7999
27602
160392
20022
271999
64563
135086
145676
19427
3460
16973
65033
275742
236189
26629
69063
91879
5112
108570
91325
252919
120178
370190
26521
9213
49414
92968
17336
91079
616
41504
142249
160966
27446
277049
97969
443937
17894
122785
1803
3565
369514
54771
147220
91272
68821
71723
43260
304942
417283
91373
3227
28987
141907
197909
29143
96928
5793
71708
55562
29320
49666
91254
71171
62644
156990
102884
16696
17699
143
329127
19240
276905
54812
131031
65650
11510
48522
68720
7833
20087
241521
61516
31541
36401
274248
78507
10045
3495
29785
55266
48709
49334
268391
258976
97425
10202
281390
19500
29895
5805
121
26777
27669
49495
19769
185821
7301
3267
8029
302985
3514
7350
55386
7517
7552
201243
2389
29352
19773
19748
35
436
28287
26827
29018
372
7434
49743
13870
19435
60303
19659
8287
3274
228790
49082
248613
27274
7658
20049
91066
7839
43152
69
20501
30279
226152
22843
7645
150659
7861
69000
20225
29917
27350
3622
49739
19667
48788
78
134601
149211
25377
27693
50737
302069
42943
21542
43375
117971
92150
16697
385
267646
134676
134799
13328
12670
27071
151412
508
19837
69093
49674
2148
89
3923
134640
128262
27993
19695
130275
16860
58940
7888
3606
246959
55409
97003
52244
811
698
7498
48961
5818
2938
221538
1430
19836
80442
96135
61013
49438
24897
6778
96968
174026
240192
299684
27887
6768
26628
7551
224618
2081
49673
8007
20369
7410
49609
225
59
134634
19365
19475
71
28252
173
7912
91199
16710
49610
5858
301967
3446
21311
130961
19492
30
31705
29667
27705
4143
241729
3647
7625
7627
805
27945
26365
191783
49424
230893
31260
91149
85353
27638
257992
189326
91146
49436
134894
24632
14035
16721
91435
4109
145229
3945
16843
58138
30319
72202
26357
2088
133011
73885
216005
95855
74615
257
135286
7605
2747
26561
27793
279250
75863
153104
258960
3260
43842
210138
30727
7629
54249
28055
241972
1884
97335
120360
1205
218974
299789
20814
97326
27319
47
1950
8190
91095
41906
27399
49525
7806
97285
62659
220948
55114
71320
187249
58112
134645
41242
3264
16972
141608
155800
97004
206490
19833
239424
26020
96957
113854
121399
348435
241742
91881
53629
69011
19591
1982
118496
95301
25237
7811
74549
49767
93
57881
68818
69238
230779
27204
13681
3241
821
6044
68996
53
2016
64705
92364
4011
156771
17822
134685
145286
143334
70592
556
345866
10334
210302
487
149998
30680
92606
148101
16632
5815
49445
21048
13563
58934
95315
273093
315806
66702
64476
1777
28221
97123
190769
1782
134599
7647
31105
327423
91327
25240
25917
49534
19957
27795
27356
117348
70978
118069
8478
49399
27618
7918
42915
3314
152229
216637
64217
222445
61143
281273
19540
91817
22525
28079
26715
7470
21260
425
264763
858
49730
3173
119970
130907
130100
50918
207737
92757
91112
16894
147927
2886
20840
9764
20437
4094
116281
1688
36593
71341
12729
9300
119493
261221
99305
50267
8022
4138
40530
49608
43071
33460
259365
8059
319956
100037
63058
19431
298618
3921
118394
91055
69434
137513
153873
145355
134675
7674
3256
31403
117356
20863
32068
3958
7639
139385
69562
35442
122055
299589
37861
190749
136338
206
91266
7952
29421
33603
11295
47639
155878
65528
6762
76346
19437
188285
7404
123675
27300
30562
21154
125718
96292
3964
117360
64603
27233
148479
61217
27972
7634
97168
49829
70590
173983
101933
22142
64268
49745
18923
95207
19643
132939
7278
395025
190627
7509
14
219654
49407
264115
93928
61010
26930
120522
246134
303718
30442
336678
334525
30950
17222
212223
24725
25232
26692
96180
563
277081
71128
212385
93127
203081
59382
252
2062
134618
3889
3298
21043
29687
27704
286972
210140
122779
103600
281417
71003
127427
43210
151559
112531
78593
74578
67147
23880
94396
449976
21429
29106
41551
7181
70959
24109
270924
298086
53636
70952
117376
24202
418042
93490
618
49408
92534
39658
153888
241947
6330
109100
144291
470782
154011
149209
215510
5783
318798
43000
1847
145831
136700
42065
104171
7720
7671
50146
91118
85431
178226
95336
145389
357635
52138
150032
135882
139214
30681
292259
665
26377
709
131548
92817
136327
351346
117604
156948
76027
19764
184734
239415
54770
3988
51494
55118
329187
7976
185924
26690
7104
276971
52985
65804
58669
299368
53317
42917
537
237304
71075
261222
27020
49895
3625
27275
7397
91332
141924
12629
49602
97035
136461
273371
136382
7304
190516
49404
8009
263263
49742
64166
127275
40590
52843
156
97071
18407
345858
97830
219876
3535
74008
22950
159892
397
156616
25069
209772
227473
19823
3203
95920
222400
16815
27315
629
3509
21094
60533
149360
117995
4361
3074
184159
329150
17774
31728
92617
30695
3166
79743
155643
157023
227895
22148
38734
30560
7257
69915
7389
64514
36552
18223
20790
23590
96153
21186
98190
140997
246119
150330
239909
65532
28768
16704
157406
91331
58314
10520
144382
3333
240386
18324
30942
13006
27110
139968
20222
75235
13047
2476
18605
1249
162102
71380
353886
20942
152246
75233
17095
242115
3439
142482
3925
19682
19765
43267
140439
30424
92061
92593
552
120571
158703
49319
121762
95925
212409
49872
285414
287522
118234
425108
136328
7667
66507
135542
259425
218243
19429
26782
155200
61406
49844
22650
702
89683
3335
22096
191091
94773
101831
222126
161455
349
139230
347131
57854
94807
474
6979
94023
4148
445767
6855
281079
159758
25725
327925
91876
57899
197462
46286
685
155040
159884
117361
123662
224560
28498
104064
208449
177966
25191
123111
443
152147
19563
289518
117681
81371
155063
135887
117362
7550
120536
91342
71343
147516
93921
98011
96162
162746
7005
92218
25785
97137
105202
149047
174252
120525
28532
245123
26544
14069
59570
74605
158119
53465
255230
340
110694
104215
100854
58181
26060
3526
286838
71464
94475
154037
26789
19779
70832
65069
31579
26750
121344
27392
275220
3952
60491
65341
149577
299787
41548
58457
99171
91969
17714
299393
7291
25183
253147
367952
92411
4128
258204
164503
121822
53319
24701
139195
329157
92611
64600
294271
131953
5989
207624
91083
289401
68838
42923
93158
148627
20967
64205
2502
17618
20277
25051
70738
93079
65067
264609
19671
252778
33171
227141
328185
314861
20261
94544
227265
19592
97204
13908
100796
91495
156770
19329
26494
207757
72008
20714
386825
252473
210292
347357
351344
52863
9588
28714
151876
4140
69598
160255
296262
4363
184835
128846
3979
23442
235913
13421
299746
59411
146649
191417
187297
97254
155365
84189
229324
3764
145003
7384
17828
21582
51783
1797
97195
21209
149319
91419
4013
160971
16868
74306
160699
3545
130924
132950
74873
27423
108906
37418
26754
94160
134690
340605
138906
153467
96437
27099
30428
49595
158427
289469
7990
92409
142700
265017
8015
134511
97162
92539
80010
286837
71735
229749
24821
131106
33230
135047
4154
275140
99333
91520
5103
184648
97876
68289
30684
31346
4086
114163
23655
39983
43008
170209
161266
71125
246261
31802
153432
20211
75123
7626
241728
216017
334056
405906
23410
42897
10
395783
189703
153142
97770
7946
135340
7371
97339
92771
259131
260126
226573
23497
135846
60936
80416
3268
23789
6351
75945
598
21185
99977
298638
64194
56237
19369
157122
152921
31283
75454
24824
10689
112432
134793
120023
19419
239222
314244
6874
28580
37125
158506
178524
300897
210584
185930
4504
163132
121202
256225
13884
21080
156966
7665
19414
86944
303618
293333
197610
62678
26790
249938
97620
17804
145377
58164
151731
337083
11278
13359
30573
39853
299721
70826
123679
121497
47439
94501
29841
99437
10718
4321
74974
150022
19922
241730
227257
20657
96917
121625
25140
96183
242052
269503
74768
7857
162744
21328
94087
143472
16827
92596
120501
18783
121065
3223
270636
92333
64801
120576
71703
92598
52395
14287
127336
398417
7666
7426
12950
49496
96223
151764
55367
212873
19537
19751
29685
178518
184380
20096
19564
246585
26941
25926
28020
27643
164527
92145
49421
19448
206489
299733
7561
96389
93749
264432
20272
212582
66491
246130
19518
3412
31285
75725
93012
55497
69086
65325
49073
246108
240975
118709
19738
20237
7570
49675
1879
134663
26833
26778
27691
19766
27276
140811
28174
24560
117490
19303
29840
7593
92254
149129
7306
144612
60940
19483
61026
113228
3750
50182
93788
27375
281405
212216
266998
6796
27958
59550
110229
77173
27944
27366
49736
25414
43005
92117
49765
97309
739
281395
28372
27921
27066
20583
97178
27359
92363
27206
140780
275537
26635
797
65543
27329
92046
19514
1996
28004
572
8024
42939
20064
28187
202372
151419
91395
91316
29816
143224
42888
553
299554
202525
92969
345855
303512
259429
255852
2350
193
17592
299574
47453
19568
117451
411
92049
311
123724
121068
92648
277497
822
57930
183900
212901
50197
43163
49853
97529
140467
3218
68863
509
69605
177772
17745
144853
105229
134659
13390
22744
95035
19546
98010
19883
7697
1361
119350
240028
70302
61910
93997
125933
264433
79728
20759
1818
7256
27381
25075
16701
97333
143726
22694
55356
154023
227704
299521
699
48537
28717
120315
92213
92809
91206
2394
42896
49734
99196
151408
217186
27242
16996
351359
91738
97112
20527
281394
20283
384
97158
4163
147849
27646
99441
29906
7979
92418
516
92219
28716
7638
362
19857
301788
485
94161
25031
71222
136445
92816
128835
19750
92628
117471
10526
26362
65238
55452
239593
99
73842
151223
99451
92621
158706
63662
68829
4375
49626
224499
58115
59184
134722
74303
27034
25227
139223
91013
20530
99446
129729
97495
30405
86950
403
188462
26507
20274
73820
327079
300162
49901
354060
49797
50586
92208
46325
120401
43280
31428
160573
146827
100473
42725
59548
134719
19418
95070
173990
19756
164465
19677
303692
264188
3914
26757
134806
6176
2005
54258
64825
129755
6348
140994
26096
91209
27305
85425
24506
318837
84535
173989
314308
212491
7568
134674
3423
25188
49535
136626
99331
134934
95878
95454
28762
134707
95589
134768
92619
71077
70911
27642
3189
94136
139203
203094
23272
94154
174427
27702
7564
246384
184290
71677
43118
346456
346
23387
1406
20643
25491
27261
331931
70823
104090
71661
13360
20797
56238
25132
56284
70897
117911
123674
27697
75223
91908
71025
51603
97769
141221
130974
92971
60987
17410
163474
201683
117468
126818
160331
47681
92823
53804
92747
1843
29768
150021
91878
274437
17796
208581
71515
1807
295546
39736
267703
64155
130928
25157
139327
134624
13374
241739
8057
59167
71421
238918
92610
354857
196661
20666
7198
99696
160225
20941
59173
406951
95348
394440
99788
92709
96699
134893
27865
26378
139391
4041
207357
42853
263123
28023
299537
19387
96523
96602
96258
28125
26492
25236
326814
21730
92099
27401
120066
12811
268365
229852
27905
24401
276808
252864
19524
61063
71680
2743
30237
142757
189312
139388
1063
524252
33318
259434
217189
308443
160572
123070
70581
149969
54613
240376
85789
136358
299737
71385
158655
141245
276303
313
155659
318821
71719
300180
265982
71722
207933
91493
148086
94545
19747
219341
18521
95330
222332
64729
2528
309799
3284
7392
218851
302049
91513
21628
49904
262198
130968
121654
134590
261300
47633
152768
364266
71664
446810
20447
59212
7283
75530
7657
9584
7260
247766
1494
134644
95900
24944
18642
70589
748
233219
71682
70825
218955
2903
134714
91928
61222
94167
3645
92877
144936
240155
39865
91443
154034
154300
329616
95163
71322
151074
16625
95328
97482
96574
7224
2351
70003
8709
4261
71439
728
43202
28253
24479
78035
32454
68893
160205
149817
92635
274752
17270
60951
71909
266025
22796
129712
153071
8116
25161
45479
210311
121357
4122
231159
79847
127628
227355
157918
33922
92629
19674
36407
136755
225974
100577
71199
149834
237299
74006
7177
131118
92798
290725
263374
30722
61015
137376
20692
1886
93116
25220
221549
20656
92240
97990
171045
149320
1911
37616
159449
28792
29835
161322
141295
43680
71181
7267
146675
96381
139143
99287
299519
95874
3180
244644
54760
34315
147130
28056
13385
161801
22161
96792
27059
281328
27694
248615
96866
63799
75011
57873
161269
42911
218828
5791
7646
47350
21295
144954
69440
410695
155012
23933
190693
190697
197415
20056
59741
120150
635
27373
49747
141238
14042
382
7692
61069
7998
64714
71842
47695
2037
135811
96068
71266
201202
238225
95364
96873
147635
145463
58099
247952
96272
135307
188600
50961
344890
75878
114673
448004
143947
6815
54776
134757
26860
32977
29921
71637
108611
228918
151693
91069
8590
8071
258361
112542
121621
89069
6172
349825
7216
268817
68757
26709
71272
226518
346572
249382
143757
49804
91110
71261
95756
361
2606
121411
153847
262197
101873
71695
31331
5834
20024
72016
20686
172224
2786
161679
84220
238061
189306
212210
70923
242452
185931
145835
64621
17613
101878
281077
91436
792
71625
268493
4426
961
31950
299523
120374
157265
28604
12108
10563
29020
240379
61005
134679
113638
3417
73935
139212
207622
213226
27690
145400
101650
120364
272285
91078
49737
143707
261813
55276
27674
71441
78934
94632
218077
52975
25727
48662
71211
31834
19642
91329
238290
206032
71773
158665
247183
94378
55271
163131
192206
45685
24486
49921
7414
101665
388003
450874
92923
238266
64063
216944
529650
134909
22968
49841
78833
61191
177675
6767
161198
178285
25219
2391
563796
461364
20171
277860
37891
2344
20649
113460
207227
355227
43149
304
17162
82531
141684
240201
67316
92264
145220
82402
36863
1806
19811
435120
26848
145978
92293
19528
94827
177920
21386
1749
1544
222449
19630
30788
155027
7311
20660
227642
1169
216839
67340
74418
104020
1899
6334
97166
55121
20285
7633
261225
147
13376
82624
691362
6350
54759
6475
141293
52351
217992
112957
41144
63512
136654
300410
49561
144803
766
2916
93929
492522
143924
139255
95352
246345
3942
64134
249496
287259
96606
228717
60308
623
152631
3954
79400
64850
259628
91150
40323
268504
246411
22664
71796
197681
50756
7827
13064
24856
31266
139276
71953
38896
54993
149413
355443
278546
150060
120418
52815
178536
27927
50189
95360
142292
268002
60930
71783
71054
48250
7432
97292
24874
7778
7473
64835
60903
102022
43847
23897
144845
160214
11692
147426
142477
126013
90924
2756
20706
195372
151922
69194
117512
4141
231368
91101
3666
379
101621
96144
231130
236471
83444
55850
229893
126129
120089
39968
32008
370013
7949
113022
101614
5885
94393
363993
1790
24985
646
23072
90937
28290
101941
91163
40397
21689
97489
115098
221539
159580
92057
148189
26488
22628
91338
64415
47354
91201
131482
16927
32069
330952
1599
255420
152580
20691
264788
160215
337208
92404
32073
146574
26939
71987
121468
496961
208272
781
25390
153420
37814
52887
264579
91361
1861
536744
63786
16852
208470
235982
88257
112550
27063
3094
4092
25005
241908
30553
95599
109061
141896
151083
281085
144909
26800
2965
152022
26531
580
24327
20791
302027
32395
102009
75273
31849
8928
113316
26518
14051
96719
220373
59834
31868
27322
71778
27661
4304
61223
92711
158507
68795
118244
113318
23012
6965
340917
101028
6764
21909
160489
269393
29804
40566
58003
64736
12971
26330
70906
205919
141818
135857
20526
19645
30491
70908
258921
393185
499
91147
347365
222337
242453
97334
248757
19530
20765
26844
27302
27367
91031
97491
27934
28250
29418
19744
27639
27932
26858
26866
92636
212438
54803
233356
27253
27692
19569
178487
27065
27658
96871
29014
248773
302030
3510
27067
90931
94579
117464
29212
27978
27671
28292
151409
55830
27699
134691
27287
117552
93074
66644
389861
302070
49333
60333
48544
96981
301789
27311
25004
28257
27129
125995
249761
27055
27981
298617
27237
49443
125992
289511
269969
26798
27994
298640
1443
27929
71748
248628
113229
153952
96951
19572
27698
259146
95972
136977
43126
282487
155662
119998
248610
28188
225576
27076
27873
68329
207327
202186
8417
20282
135281
93013
48664
23671
7984
314830
22426
212229
19670
615
272152
48527
261218
92819
69013
19545
92230
134844
100778
27362
49529
22783
135236
25224
92194
93783
3599
63533
93114
71780
136641
238438
28790
48547
97407
7640
19734
27695
104024
102861
134747
282496
75600
69012
25180
126264
6347
152231
440153
19526
364305
49603
49504
121582
62635
123669
49526
93485
150063
19478
19990
2734
345885
151411
41104
5799
64843
27358
8026
49092
64111
66647
26487
96862
212304
419960
20828
868
19487
93557
26868
7439
74596
97287
220908
27226
49601
28289
19410
21968
48663
157021
25179
29093
59544
117620
134329
31406
96833
224543
237233
58939
70744
281391
91134
49755
326813
129550
171394
119997
99450
540
59745
157101
48719
43140
26810
191575
66633
95579
19557
153067
71791
303406
11665
134703
26697
100041
57907
184679
143818
148183
97120
210308
269920
59547
139798
152272
91009
128204
2810
43146
144698
21364
54802
64572
48732
26855
71273
94153
1604
354059
19412
42908
20067
65156
40615
90951
134591
347331
113395
344414
26364
288236
160621
19512
91959
2118
134800
154450
300185
520
125954
20120
134656
104165
14629
259428
69001
50997
65648
38886
12842
92206
20819
210150
43316
208575
345883
50902
155061
346569
71419
27386
97327
75826
492101
260
123665
240514
7563
238192
101863
27908
71696
28655
68998
97423
26638
124994
110551
128173
75827
241937
11619
26958
47807
64830
26361
27979
319597
30303
147359
22786
20536
27954
95671
351455
27214
185950
314951
54761
50248
28285
49862
118853
353024
340741
129730
40824
20291
27933
71483
151896
134647
69025
47678
26786
121089
96954
143833
12613
71082
65649
91911
92622
3976
26788
65652
246222
27256
394350
348348
120325
7355
20694
69023
140453
307222
190696
240421
139177
388797
22176
22636
398385
132959
54984
43209
20685
239726
71134
131098
95947
100101
454
55133
84517
43205
65651
23222
71877
24946
96012
223607
59121
102228
345903
150044
65001
66678
27700
27227
119975
29483
27298
259144
146653
90916
414670
152299
49653
96483
146481
22714
71985
299562
200776
60098
68796
81908
23489
24005
55263
74755
49420
330
184652
90
28064
451416
171043
7506
91224
94165
18423
212085
299689
227920
206150
92297
101638
156302
336584
133052
39660
33350
152763
150331
20760
351370
94567
147245
126081
43102
68962
97138
157405
16896
163117
145353
134598
212426
136632
120535
96939
71601
49796
66564
97340
75042
26385
96647
153867
147413
132951
227506
26710
147845
47078
70804
71460
143454
43081
229625
190632
147841
195967
53320
21462
126053
95516
3028
69033
27033
147273
155070
59122
24841
140767
152233
94625
134680
287366
206467
134616
13386
28156
1791
228924
161330
90918
75219
103275
96520
16882
143270
140431
134923
3505
13579
8027
19513
21774
2009
71139
30236
27130
218591
28545
64193
19502
12242
70894
52999
91144
12035
55106
96668
43054
117386
95198
84475
96420
93372
27334
64240
347104
102210
101889
7672
70838
143741
66976
98443
12436
229304
398396
75839
95108
69059
120000
104447
78832
97614
144904
121587
220425
49093
2404
191328
299551
149114
704
95486
64896
4259
266390
98062
241726
222448
65644
289590
329521
65645
191339
24312
231081
31839
68994
94163
144763
120649
5822
25960
7505
496960
269551
19934
3759
92038
97208
69101
228724
282471
27414
97989
28446
94570
74781
55109
236247
231084
70732
395062
20399
219335
96145
145980
402612
128852
40116
40597
159728
174890
318742
93113
43142
37525
245132
134612
151213
71761
3201
115277
150486
303839
50268
10320
19834
71744
532889
179620
579848
141217
140448
31811
145759
1769
28905
75879
57871
158688
790
64741
144625
298623
5906
118944
255
78032
208782
90940
112982
154490
253005
258805
293552
271196
44993
21223
134588
92181
131113
143740
153870
95672
74956
91160
41108
71894
91148
28824
24929
173984
22671
92713
134596
89705
71728
97145
53457
47058
218858
298660
224004
65551
157546
139138
155041
117371
156295
102148
338985
121493
97174
45516
3520
71702
160438
228595
61631
109105
218076
162083
157217
134621
178077
92614
27175
92315
145282
195431
134737
381761
28120
24962
109212
152019
103365
65030
251768
222467
43838
121303
52430
302243
53794
268111
70400
209731
350095
174382
162272
241980
189687
19801
64923
68801
33788
162593
98060
37138
256229
29572
21882
61911
92855
171501
558347
124473
13189
148133
71157
93100
10222
92410
93682
184032
13787
53634
56209
27293
96614
217524
21394
30282
34342
97954
152411
7218
20055
471360
146664
58709
102740
50901
155013
65045
74899
157071
141815
97931
10275
16936
335762
55116
38005
99745
68869
99160
27983
146809
353820
227503
287671
24514
100381
42462
1129
27913
22188
26780
135272
92370
340608
92522
42881
740
7712
71210
205826
259247
317540
152579
7656
287511
248776
10433
4896
550
31910
144636
71737
43245
22983
151202
86455
141534
83613
47646
39731
8283
28908
3876
30209
134885
322083
154026
103913
61359
140468
147840
101973
255704
114279
1840
240956
21151
424455
70822
49831
17651
287079
242108
68862
26383
36184
161282
95936
266975
12
136386
84222
239215
93111
414605
7211
134913
389115
4005
217983
75509
92510
89720
55470
195369
27211
136615
1929
632564
144279
140964
19497
132952
6928
228951
26784
61189
511
31187
189539
68709
160310
71310
95353
219847
27132
1013
89545
48759
66378
7970
136394
140480
281083
260128
134822
133073
64576
91710
25046
97059
30717
71874
117696
108915
100449
26741
134729
385937
101432
148340
170120
49671
139243
49813
18846
49426
258205
136005
101959
156968
43042
49505
248609
275805
25757
69017
75658
260135
22003
58623
41849
404742
71729
97271
64897
100576
17805
81015
203055
83696
58055
29579
298746
13453
6148
134700
129732
26491
58166
30306
173986
95397
476874
156528
148212
41500
120592
451432
96725
458300
71679
95156
346180
260140
125854
66503
118866
55371
471335
313819
50078
146643
144539
40181
19968
17590
20822
71710
160390
386322
19593
10106
42910
1229
20703
26294
143142
91324
61443
390135
303608
92595
95993
730
177918
158394
191323
103701
75133
48792
127129
139171
12221
83197
85299
20680
68727
143727
259543
402773
139295
301774
382135
99980
32595
49296
357205
10661
40251
93404
76770
393085
63856
20289
70061
39194
267511
299677
64586
9812
135311
134902
74273
117499
20065
16819
113851
13165
2909
159031
241764
63479
595
158109
75771
150563
15066
146147
20427
20847
254092
686
147511
162080
164529
155111
80100
218428
1813
133115
103405
26986
24030
124928
132251
4587
227411
94750
351107
2463
64839
116258
94195
110428
164046
150479
100500
139224
26053
59123
1821
92580
121167
135872
27409
468775
147433
227107
24130
30410
222636
58242
148452
96312
95738
31777
94024
190699
125931
160474
71274
2983
148913
2056
16917
2935
2114
96121
92357
40427
36725
348025
20940
27977
41238
92961
95535
48645
95819
248683
3316
125974
8902
27232
240236
91085
97525
26924
48512
96810
113466
134651
248763
92970
59551
301444
258055
207428
28345
258806
92966
19506
134606
97603
27306
48753
318885
27353
28357
143804
43169
230581
134743
119482
19520
134655
8953
134628
344417
134635
91077
248764
9642
49623
27650
58364
1189
71233
100483
132870
134653
27374
100004
20758
255291
150681
64445
91204
20596
188309
25030
281403
258585
92405
47651
29843
147424
55269
147425
227115
104006
129754
92627
94142
71500
76025
381856
351351
8805
9726
29541
268345
96022
28054
185814
58116
134728
260013
91492
53450
144945
27202
71229
95641
126182
20624
19573
49848
92601
132878
6356
39852
91501
252865
97228
120158
143141
27346
347105
29547
75009
314891
3176
302062
120626
20796
97152
118551
228721
63951
92561
71254
20764
155019
151872
50966
21047
27278
237376
134730
70891
118621
134641
129773
134724
256201
35504
3568
71586
134754
93040
19413
101122
49738
96503
74915
95398
75783
49918
90989
1037
37551
26735
93000
153103
27035
92414
95994
318832
24693
123664
346571
76028
49423
319579
134782
19009
66668
27177
79711
28154
301446
68867
95355
151410
174340
214192
26310
450
71740
64711
96684
43001
28265
91205
151704
136402
97235
140797
137374
200787
222330
26460
101792
28320
150677
27289
348412
219041
94638
419978
17318
151874
140541
91021
28050
319667
71652
270217
20730
1771
156980
114179
3523
229928
161280
95578
59535
65060
74933
27133
270221
53806
2618
173980
71802
261906
120410
61185
406990
269892
27212
24732
95901
245141
20698
68794
158266
19874
71689
25127
71726
61469
6859
55112
148766
95991
6358
144425
70895
261304
248608
92980
103595
28495
48523
139239
68993
63680
66743
28773
120003
139189
96600
186952
49519
125943
32011
70583
57897
71668
27656
120206
17114
469647
140621
345912
103573
151927
239594
121496
135027
91444
92778
10048
139269
242900
59539
91231
151199
27620
71356
124213
70866
97967
101563
99795
151914
274267
4267
49350
123150
28359
139225
21736
26591
152182
9954
99312
64519
79371
16811
54952
61194
17028
200769
190514
20531
71738
131027
92248
26850
64272
98287
303806
156139
19480
82860
91516
1948
136417
20738
95817
52821
71136
128143
26532
49809
95988
286733
233352
92308
174812
148436
28291
4256
20653
121234
48730
64179
24278
27230
345880
144385
64556
70600
206387
95359
104103
174196
95765
68883
121117
24652
22651
23188
6339
139198
42901
69928
318852
26796
134777
74950
579
101956
27197
71691
143897
134689
365754
147851
233604
151752
364340
173116
190746
8058
198173
1444
92113
134365
216837
50151
139192
25071
238564
64658
91522
27357
64811
101676
190761
590
136707
95519
121813
19863
47654
12942
160961
152635
249495
327904
24878
134683
172888
219247
49729
93637
41945
248614
387545
120228
7895
97013
158701
29168
102184
148858
25212
121551
133708
145284
95508
156529
274646
339437
123666
239600
96444
238191
70314
32540
96687
347265
97270
19488
64138
134828
147274
145753
195388
150749
3948
255831
246654
276786
99751
68919
64842
6779
136462
50955
103532
53596
26691
139258
361932
27344
120567
149630
42865
91511
64462
97197
40051
147276
3359
58068
96319
135303
156006
54811
14117
63681
7966
103521
151734
147496
134330
140430
5931
123089
300183
159298
121563
90995
40147
285036
92977
297994
42257
2930
390
33826
261298
158434
190908
140551
27335
206204
42951
95790
160504
9705
91326
200770
96343
272298
117355
70513
548
49735
218829
149600
29217
24924
33155
28873
2968
134803
19527
281117
151560
100743
210491
145177
773
54757
101886
121334
261220
70234
69422
71655
92644
132993
203254
150738
24961
25167
49752
445941
26723
71707
28254
30217
71575
14245
61276
18340
226851
238272
230140
246123
22337
20833
402234
43175
54752
152407
25815
195368
30335
20776
136629
224984
95399
27200
96394
95837
177710
2405
118208
130966
95252
122013
73655
31659
145133
24420
219545
96419
91129
159729
317
64065
161867
64129
35410
78929
70934
20417
26355
91427
149051
21608
26878
134665
13372
99300
431332
71669
31142
64904
122237
239602
19722
49460
97476
135262
274193
139397
27118
478392
134745
18778
91005
31703
260880
8463
93472
81868
152971
149311
69809
50963
19675
101530
41550
75794
7347
20155
121627
13015
96082
102413
22359
151743
1030
155879
91518
123112
75242
155641
134877
264542
20681
45611
206151
75798
764
146673
7499
97934
218687
118713
1427
218924
54751
70318
57862
163412
51273
275726
115248
102206
217459
36774
101609
75324
228774
23453
95617
44530
346164
70819
71784
141397
177667
2975
213378
148821
29767
186932
28283
153066
285538
143785
28189
286820
7532
49537
2922
65615
27079
161367
96746
98078
3440
52039
252197
28019
222007
91465
268918
350188
218349
140734
162339
64486
75784
136071
102788
54635
25963
177705
141301
91281
7844
157117
98363
253
102957
1804
50793
174183
117990
267851
92214
121346
339258
153815
151209
148859
27234
755
97297
1763
33416
59191
72185
236257
136341
28597
242467
70893
190515
26444
255308
23242
97280
9322
130345
135014
363111
31861
438
160212
92292
145830
148860
154271
94694
24376
128560
55111
139638
21857
350192
4296
65489
41094
136391
58558
279150
71946
150507
61515
100994
274145
49605
74893
84227
74339
57856
7894
355
475871
95349
149103
274962
347031
160894
95975
6369
69450
116323
119067
221918
27333
131936
190914
71079
247629
30762
95582
69085
141535
196215
2921
268904
161874
220749
27309
250406
119474
77036
273444
49631
79708
74895
27982
21716
218777
71760
4698
29209
17267
43143
287394
155220
163122
101943
141488
221544
273012
49591
120005
51156
94141
96880
21405
146279
124491
64579
336313
265031
20525
64226
70999
3420
151489
70182
84363
210294
360639
223756
101175
154007
146979
7110
502
75550
32067
7630
93723
210499
381651
2934
152694
314952
149623
25146
42922
95542
160786
416158
242424
16986
121772
151728
28476
157400
17282
21215
94155
147161
31655
20985
149032
108682
77095
18453
45706
153421
206326
647
246501
118186
9983
1829
95357
7482
5797
25761
238062
219177
106047
246530
23577
157957
246226
76
31548
120557
37490
71906
134682
74045
120721
259024
265606
139631
26490
95060
97227
26207
70597
503573
261514
1600
71150
75772
25343
96050
94553
27002
230609
20945
68633
40299
23491
24391
113254
8066
110593
230783
29716
163125
91997
174220
4147
91399
97965
29950
71514
54259
159472
146819
29149
258922
3950
329070
162116
21285
255134
139219
972
178038
299511
3903
172359
61675
77063
158535
43049
50847
153508
16840
244594
64284
258782
188878
31602
239596
102451
71871
103950
28444
200171
149986
65168
49293
49900
17606
6509
7819
144752
65072
139059
519720
22784
25077
37211
70969
121552
25810
265455
95468
8062
1390
9127
12863
156152
64691
108673
112112
68696
259040
140378
280599
163561
75492
92209
92204
54265
171328
28078
102086
153303
160217
155512
72026
64177
99785
222434
50663
238268
62719
220845
22620
71800
144379
157074
40392
64909
238080
151216
139216
138079
75631
93322
1735
21517
158177
220161
71562
71797
144635
23429
156310
263487
1608
4125
71834
20968
92761
30718
62640
100367
258490
54764
160897
96193
96293
110210
61653
19948
136355
59555
102914
49621
85458
118047
135199
121384
152021
20835
259332
18139
220572
75748
26411
23290
102528
92044
199598
156634
21710
40422
71732
153543
141224
20020
3704
390144
141743
16621
143769
118671
86044
4431
219331
217006
96852
212227
55268
155824
144777
69005
49494
59534
134687
103467
19570
27097
134605
119969
94138
173991
241744
241732
49837
135259
13000
66685
173992
71377
20939
274742
132938
139199
96876
91462
117363
20700
97221
71755
19574
57866
26384
70862
27252
230182
334055
134767
3762
96961
91988
71038
102643
20391
11657
241724
91500
121737
129066
96935
71076
134715
100694
163472
60985
241485
19942
65171
52245
208553
25142
228933
25129
70917
71153
43226
71621
92568
65646
129657
146831
27162
20634
27408
71750
64191
48778
92812
26516
47628
19471
71474
103537
229859
20672
60988
135795
3667
242806
7502
140779
120105
57880
96777
27372
101904
96964
149225
92476
95506
42948
66574
119971
4280
68852
71104
102428
216445
241747
64717
149042
135301
20116
135861
355548
135876
27060
96950
21834
71725
47625
188591
139070
236242
136944
131011
134780
71459
42561
134673
20852
1894
92517
134636
237590
130911
157092
239557
64471
136801
20856
121201
158184
99156
64758
155047
318706
155014
24963
96913
218421
1513
65562
37544
71890
6834
152235
120007
25072
31386
70815
504
144297
156884
54962
20724
135140
263832
19951
319614
139234
24896
92994
48518
299240
75824
75026
49835
71039
215354
71781
57874
99146
21380
211272
96486
50960
59540
44975
82247
26240
24959
19926
120024
27586
259166
452
154463
64124
159219
25074
1920
155020
48747
27412
261685
302237
238507
89693
94603
100578
247799
667
12581
71644
26657
114191
96798
144778
10633
64558
338171
63952
18946
59733
61009
1943
64742
101865
231125
54827
419959
92309
94164
42955
64517
157145
99152
159677
137572
229864
22346
139329
92737
135285
71576
97551
241495
71880
116183
96729
269910
64508
74479
96591
45682
147494
71351
20816
157128
71549
96651
319
108908
20507
43105
1097
144301
140758
236400
136614
13505
71609
287483
146646
71866
139194
136627
74875
71716
139811
71255
92799
147648
25193
71653
27295
47623
241741
143509
254360
217191
114889
64173
218826
20415
240185
29237
64722
99773
98336
134784
151915
242047
20864
370175
71052
64229
162155
74877
347173
95406
151080
117450
49888
159523
121031
216502
156285
26721
64221
25168
42856
71226
132944
39864
26541
4105
132953
269349
33480
17004
121758
334504
120623
151873
25935
241735
26794
71767
199591
155030
95725
95459
57921
6810
47806
71786
71158
19436
71042
92740
1174
21976
54877
143837
66429
7545
71721
84224
42887
98069
145393
134732
71360
19576
382938
153470
40128
91090
27398
318841
120524
134681
136337
26823
118025
25196
345928
129852
71667
71733
92602
96305
43065
154183
160978
130948
446250
95653
451390
139186
129068
64520
94515
20644
191362
144773
270718
70816
65542
1713
74958
28059
126132
143766
95863
121624
229995
150776
364466
21470
25141
134688
148447
233215
301385
139820
138891
40276
121444
160393
121824
262531
156816
208583
211998
7874
43164
149995
2969
64696
97958
149259
300389
136542
30734
52326
13425
331910
266368
71348
95809
1942
26927
225708
3228
151453
148443
97991
330929
71765
218433
134684
71774
97184
30802
95470
31317
139348
16985
241731
184910
148100
20401
381588
346584
134654
319188
1267
27191
95976
134746
71455
128756
89690
24964
75030
27648
97141
45666
147427
263553
92751
532948
61348
25286
156832
19525
71067
331927
134648
334640
311858
148451
150004
219820
243497
146659
156311
136398
43270
121121
218949
303152
95764
71085
101618
250614
3957
145326
58127
267167
59991
21683
121120
49523
174112
70967
132960
3163
28175
64424
94618
75409
148822
3115
102108
24206
71523
13129
70954
16912
20717
123068
89703
46897
91842
74799
102936
117910
131033
208472
156964
164497
75896
299757
163051
121675
17093
191057
96474
4062
64483
75230
25011
264721
110467
143795
9565
177922
219040
28936
42928
99290
16998
31562
25039
191393
96631
195185
152006
71329
130959
122714
78840
40371
283452
247806
497
93980
2569
143271
103328
101019
134662
13087
187356
27178
155811
297694
189515
20707
173027
30949
86985
95921
6324
95457
84294
170434
303552
271142
37610
331968
53518
86656
119486
260407
190517
354109
191534
100300
136844
94489
37626
24753
11790
117829
239604
319967
92826
23297
118707
27417
22447
132171
67353
20449
70293
265341
240015
10046
31145
133094
78959
141487
145476
6934
417022
269509
92870
92857
145761
42057
88307
63234
97291
115554
94538
259648
22121
29065
94628
70326
61208
161953
1370
362699
331106
401743
101587
150893
115345
136329
41723
99197
235896
127998
145357
161832
151979
195780
22325
134658
17122
40518
85467
242799
92615
95845
1173
95814
266055
52278
18989
27316
190762
91384
137373
767
238843
161264
16969
75730
92412
139278
57463
395995
132791
71428
148446
153997
20932
3564
20581
136109
47652
31699
174801
155076
209587
239549
148815
96621
58980
186904
239765
7479
152754
147283
66657
128116
218343
277014
29718
96376
47683
92306
31634
2141
136546
17599
101185
108782
70110
32892
48776
91967
333672
91337
233335
50884
116810
254078
209726
136448
478996
43244
94058
64452
48517
70912
25222
109176
55357
71065
287083
228734
50838
70129
158515
146833
82588
3691
248994
58386
233177
40432
3430
25803
284996
596433
27184
369403
68328
134186
215334
313105
92922
144770
18737
78009
13074
136241
148825
186523
33196
322077
54823
91014
17204
121612
190541
96060
3233
257251
24398
266363
152506
121101
97272
139273
171327
241960
61554
91523
96279
19364
28726
130529
4351
127308
121630
49589
27128
204522
6850
230681
158702
2153
35020
60958
154314
318822
310779
45654
49607
22392
73827
190804
29842
191572
71935
258383
142889
94636
335852
61246
16989
96767
69967
103239
269896
7985
3698
326815
95327
128102
66650
248660
100779
27228
241323
98382
27196
49770
97258
1477
71901
198517
91359
71736
134678
95112
354452
339502
238296
8175
20818
30301
3411
327361
148444
319054
152224
257924
27340
43254
338110
23500
128171
287668
96806
155270
76125
49508
148795
95339
133660
52820
184902
24949
53791
189535
30348
12358
70931
210467
60540
52292
147599
330043
19947
76961
20872
19389
65036
69549
274176
136392
183633
40394
554492
175233
179978
136387
28887
266270
31551
22151
30201
24174
157811
271639
51529
47662
20964
158658
128610
8291
1043
99182
71745
161281
70280
203253
31599
108964
274945
1872
22508
4581
272899
326462
93244
23968
145518
231998
95865
340149
159223
122068
49524
70051
190754
1952
251817
7954
132937
105195
71244
207804
185928
47338
157897
124460
3601
136691
157967
92190
95942
22486
20187
24080
148439
11473
3183
135859
28414
58379
37813
20809
125993
240385
220847
402603
134761
28882
331602
117731
27153
265970
162810
152161
162088
36396
269557
238300
245095
76509
151709
34330
101975
141577
270227
156167
294530
196711
20842
380769
156055
3252
129160
1346
98435
239540
25144
229652
125697
37841
141542
40532
92967
137369
74847
19697
221069
76114
158664
454760
184256
22755
3968
141037
260229
191212
218936
178532
289540
229286
196962
51567
3381
188336
119983
340918
121519
17616
9338
139140
14253
237855
620
687
5912
96096
121579
246487
23936
134796
17094
163432
148902
75104
6812
96489
141536
380912
144699
156289
42854
13094
35398
61003
257252
361783
156517
92256
50841
22764
28703
118402
189796
318058
200170
70739
98002
71487
89688
84138
324724
28485
20504
23096
25948
298688
93333
113236
18947
144781
20914
368689
22612
2041
50844
12850
16914
143774
146852
153577
77128
252678
71431
70810
98271
140763
9069
95221
95576
160580
96083
121209
134615
133271
92647
46905
155432
256965
42754
51762
109352
136645
241727
281039
104019
95426
24317
163209
47826
103520
68868
270222
40727
24766
26793
229506
257112
37892
91365
136733
43282
27268
27195
99179
134649
71753
41090
71709
71752
261676
52297
353461
287089
94146
263122
230143
134731
147387
67844
21535
71496
99177
318719
101207
134669
269999
353460
229863
92125
221901
25208
318736
75491
94423
101585
147419
326818
146801
133072
97581
346576
162306
19430
97342
288269
340900
65556
19792
270224
95298
121233
51771
70953
96992
140778
121521
49669
1452
95363
155015
300165
71634
104018
3761
29344
346586
96498
20630
120578
127413
215315
75738
146802
134764
21662
28018
160964
71248
104110
346567
120566
318796
269105
54880
20839
20770
27172
134984
239598
95308
53460
241738
96504
71178
136965
95798
346644
97144
85643
91371
64690
71787
64695
148948
59751
261371
71848
92796
12864
208570
71033
70989
147416
134708
69626
203073
64707
146826
104051
63684
261924
70837
42916
19432
24628
3543
28921
24778
97057
26127
89692
75742
155046
27390
64734
11612
3140
91503
75799
238188
121594
27761
188404
92000
96567
96280
121600
56178
64536
71367
71734
318766
20635
68797
91196
71972
101203
117385
92990
64725
27219
340916
241518
71772
99409
133104
71062
258
91507
121577
71135
71724
121699
139137
148767
49891
25067
20824
92835
95478
4718
143831
29115
143153
220906
19397
121494
19830
146679
130951
96907
64225
104025
97928
71911
56468
157932
139187
92280
121045
20771
136622
309167
144618
136677
91521
147491
53493
269109
19582
104026
20705
26724
53589
153020
64152
1799
131030
74727
22056
136633
153789
134668
20735
482938
91491
139209
152626
29091
43063
236240
96360
49550
71328
132942
27201
71651
310
43237
326843
20853
140772
287667
134959
151916
50058
3503
64565
47610
216627
311145
65059
100747
230109
147463
389
64199
20684
121108
23996
145394
6822
71656
3095
188316
53118
153863
139370
346590
299449
64158
75186
318702
37618
26418
131015
116233
43211
50964
150674
91290
64749
346574
92623
331344
25229
146799
92313
352773
24685
345904
264450
130210
97187
71064
148827
71959
95476
156523
136374
64133
95849
24933
28416
75065
2596
71673
71029
191306
64746
27903
68857
96065
135862
32660
61193
96517
281421
70972
140808
20716
554
71577
20772
26417
220970
92328
243215
97031
241725
299470
29186
76029
21139
6802
6881
318792
64720
120543
76738
44950
20794
71011
71395
24890
28053
64109
135856
146655
216630
231126
1234
71086
96218
71035
64235
318804
121305
28022
10711
121531
147414
121034
92995
92300
121372
56278
71686
1195
63511
91903
92417
120006
97028
155031
71663
71497
74740
93241
299736
1934
64553
71325
4796
104236
294738
121516
267452
96496
139178
102212
135897
158253
71792
135868
54906
61247
388335
101556
92755
74421
71478
64509
121550
19026
53471
154002
123205
43201
1938
71595
95987
98064
71573
139193
139098
27360
25017
153452
277016
50958
153518
121922
333126
149993
20648
334953
131075
231164
299494
130915
64488
4040
71921
25068
256795
134717
36540
31003
101664
71386
71539
212222
2892
1892
140443
96264
1339
325011
189712
147659
43250
309187
154025
267448
184026
12899
2714
338134
32312
21262
320008
162085
69040
465993
347320
31411
134725
139256
82567
159447
1750
47617
55123
92775
141416
43241
20627
47008
134328
57878
332635
71769
121792
239615
148507
435403
91307
298709
33360
29341
148522
140549
23332
206109
121626
144788
296640
212214
30253
262038
188453
299050
291427
91442
237869
144704
770
95767
145741
204516
351794
74276
136349
92637
70170
4829
26585
303334
36574
92978
162120
81983
65654
387479
90997
350348
19660
96461
83437
78698
103686
162829
281406
43274
131077
345861
510
238298
31581
355384
156126
160219
20829
510225
143433
71875
121218
131038
132935
152682
148513
148820
60980
149818
118502
161323
11272
30997
71917
157966
121398
198310
145
150001
23640
42500
178543
109688
64599
30800
54257
123148
218825
19681
144834
23685
94705
92527
268367
39951
120144
17273
49746
161314
97548
219813
199529
630594
577
335478
161798
141353
71794
59264
96105
263418
138482
1941
342815
96080
71944
174993
7507
299638
144322
71698
102044
42867
190695
78022
163369
132004
2338
135240
255935
104770
317675
319706
159496
143859
71243
12997
53437
722140
229766
242088
270626
109813
20495
43812
114049
220614
159102
259111
55126
94366
145221
221167
54915
143799
91488
95499
118522
41624
93124
68008
19762
160151
75399
655156
333998
92782
274473
259110
274449
208589
88558
97712
21291
32803
140940
279462
69155
71379
23644
163303
151762
30858
91159
135410
357316
20300
240415
153424
421
191226
138890
861
179599
19453
17978
139399
47801
141582
295653
139176
100934
141538
74385
104013
30731
136666
18943
159423
6775
98312
55103
71292
291542
201400
70315
47809
92749
163562
95472
42880
154297
6837
21421
117598
208547
27651
8018
309775
141804
139927
59158
92316
126192
134146
61750
71505
141182
19263
145364
381857
220784
43869
22716
7741
19238
195380
64787
21157
7606
118553
13325
272753
163018
43900
7079
43328
20645
296
419736
428
132210
17871
162958
247764
64302
244073
50888
147466
244990
18043
134762
71457
144862
146329
101439
20034
21211
25973
147811
327256
92173
29658
3188
101799
215900
27331
220252
31538
1111
222554
4771
38780
70831
360969
44502
74961
472370
96660
95373
246464
120811
151673
101997
299571
287104
18474
7336
83628
13769
261943
27199
41580
28721
472
149198
43037
49852
18151
95614
13541
30285
252999
94040
218987
20782
334526
7602
137089
20238
73567
31846
16654
50924
251914
255288
31837
137183
43963
271529
213185
97092
97240
64712
102038
103329
208420
161112
91249
136393
64421
37550
257234
17806
61118
237172
70666
133625
96024
120262
125068
252287
253001
174408
20848
368825
95414
139279
256047
22490
220846
269275
103676
21167
27087
127102
155390
135896
99763
152234
82739
286436
60718
27292
192202
474057
71558
1753
156524
189344
285443
262134
101800
69778
789
189708
101793
56467
140876
498777
39928
127660
78927
177858
274350
60570
177970
64753
332277
64102
25013
145030
30197
273541
12737
219557
30664
44325
95773
146091
123135
70601
248650
261244
635704
145740
402093
139620
300729
92071
125816
318840
216446
113849
95853
262
120391
141226
50292
89681
65643
274552
153742
160799
2428
44588
99749
139850
65006
155278
178000
159883
148841
488992
94593
308047
148185
7109
135325
25302
154594
192646
38613
162839
267252
43834
114166
177676
207276
162225
42181
77784
246943
91932
101195
46282
154003
186929
29752
285000
344437
70956
1814
135305
235396
142103
179597
383400
317676
212466
30606
64491
139211
5806
150692
84691
265497
70925
43139
118508
67060
456680
59434
17874
29047
41668
6806
200960
87561
294308
78054
24955
6824
104738
1820
67201
65004
343366
53750
96515
290833
138773
129625
96692
21274
153007
318701
150739
64824
91581
21087
7969
153550
11894
381863
385890
80655
135928
722137
463647
401989
2202
19384
65666
12509
91975
23621
100067
123188
68896
46291
96399
134993
114257
25799
171273
102548
130098
1448
34460
123254
321678
27070
145533
79269
162594
129789
71407
31557
200167
18848
224598
4205
49871
239433
149606
137622
21826
100437
447727
28417
19601
91061
58001
97051
246545
207274
444452
277810
71899
317910
59686
129779
239607
7248
156144
57910
299474
26145
299508
57872
86702
64066
64744
36390
16745
23732
204681
127424
139981
7886
134760
101009
58234
201350
150024
128765
3639
135854
103369
37649
141568
91050
70986
42920
49903
91210
187476
145550
132979
299430
92592
346578
104058
104034
74901
270012
225549
101845
345860
353034
151708
71283
345897
355350
239599
96976
20673
70903
266367
1432
100024
318803
64120
345865
131010
27222
347349
54986
220367
355295
241723
70902
346611
53461
26973
148129
71520
71485
121604
103382
529664
71660
318704
389229
346582
25162
135807
24960
68812
318826
129672
73604
120568
17285
64143
121555
353413
71166
136138
101727
27736
42846
97586
65655
95422
101518
140748
92324
39935
239524
8550
64154
20678
965
70985
71212
57995
101192
71321
52289
50903
136950
49502
27296
20862
54944
121222
416781
145975
65823
91446
2778
26512
121027
147444
423
97225
64562
20718
64703
1614
274668
129783
64646
10824
141214
20976
135886
121098
351817
64246
158016
299727
61245
42909
43227
26728
136603
64505
97213
96952
351514
144769
346600
96441
61188
71758
20670
28900
96931
148448
299731
92853
347319
71829
24934
43030
71326
384917
231166
71943
154422
52300
64126
148181
102036
206164
91847
147843
20737
2902
97088
143803
117857
25916
91345
91498
164150
92773
289404
121165
71433
27240
148774
105864
64277
121292
37538
27251
92249
53792
68272
140760
157029
147489
64113
102249
285054
120614
64567
344129
91966
64125
101762
141546
178445
75053
92304
3082
254233
154424
142206
20825
108958
7900
148857
9943
71084
71291
157229
120689
28399
154419
27159
362276
64614
601
71414
1802
27062
20785
97982
97149
95620
97165
1837
246223
155514
6782
73836
121648
96969
153881
135885
270959
70812
91429
86305
157968
96720
395840
26596
130204
53476
252642
64116
308116
61514
53775
72035
42840
95795
28601
299445
1935
92177
71624
20752
52287
66870
96038
163711
26504
71147
135870
1073
47658
144774
27388
327695
209688
64723
31570
7821
95062
94831
97613
154059
348411
101206
153860
141015
121489
71593
64782
71239
28284
20636
71807
22962
64745
89706
390074
26529
95351
330996
147824
71782
19888
357088
339427
64721
5758
71154
288331
96669
158686
65052
49753
26510
274952
20870
50882
153872
22044
64210
281407
105673
4891
150877
135865
64688
29409
71401
761
160585
157424
101979
125356
342
190474
55115
101853
135796
93298
135037
11106
152275
91848
1776
96166
238450
159614
95057
345918
140984
71599
289554
64112
74076
139053
91335
146839
1796
150736
145448
148847
124464
1824
263722
220424
134813
119513
422
6403
53478
273607
30028
108930
29825
65360
318717
108979
28954
348414
75802
71502
158361
27297
149833
100
71427
71006
27379
152757
341914
42891
96905
14097
121116
95683
24937
20841
96334
72013
96395
18700
319660
68855
6787
145985
17453
20708
3397
331082
110263
96691
30705
97517
47647
244085
64724
239263
47641
9202
289545
41257
361111
7358
237243
71294
20505
75751
20688
91380
244191
20506
20324
71359
56218
237408
143794
142376
2908
20812
4215
130917
128011
4382
258703
71022
20331
163145
98071
24466
1493
6784
93407
59157
28794
190513
261716
184841
289316
20677
130945
150566
20326
32016
64510
92302
74991
27973
26988
59000
22107
96922
127261
120586
121811
347314
25171
16926
50555
246396
217454
150831
148156
161381
136340
75187
62250
112557
222637
331925
157983
247195
281404
128638
54808
33113
71864
49478
108539
21330
173982
242001
208559
40544
121179
24855
2067
154217
121074
75153
252292
331001
145337
7206
959
37924
143762
396276
121836
1755
156033
22190
21030
177724
71511
69310
39957
258823
89642
139821
20658
147366
110350
54119
251968
230660
127274
275367
92217
289592
498
23762
125914
18263
143276
58129
62642
145344
242015
86677
70850
120497
349371
244952
576201
237606
291422
49794
272288
208868
340964
21281
289559
91138
41553
91350
30901
150562
139809
135102
3116
74607
7950
153865
119276
150789
245394
25213
58604
298648
104010
98337
92282
7501
72188
24141
8266
276338
71477
91302
76950
156141
95050
127006
117367
20221
7055
255917
221519
48513
112006
242165
152517
36728
113147
150977
150751
71070
21218
140746
258307
20631
23510
230982
17035
92353
71536
92811
52742
91246
33879
61123
92832
217417
13279
150683
6989
242464
131091
155101
79361
51518
7231
55107
20977
241394
3018
71189
70191
323011
352996
246
18550
152619
146835
289466
7637
31017
20591
275302
60162
91197
272712
54809
27124
2887
52582
119357
260690
29122
82544
22374
47156
111514
71231
152419
216657
286823
8215
96521
207555
159284
319587
90969
207367
2993
175223
75039
130933
43220
61766
150192
456869
2548
58948
11832
235991
136369
55355
101697
31766
4792
151981
111566
50775
20301
218543
342303
25689
150676
171432
11996
235938
126137
67523
31349
121457
117530
157965
135300
141817
41089
239908
146379
30340
280198
191210
127034
40283
69080
270856
12682
123770
253890
184274
229338
49425
23823
41075
26104
119451
227339
189715
1487
89572
28044
52436
131073
91012
140773
149987
13010
253649
90965
244894
150302
121851
74536
357973
221761
203087
231077
30239
64168
419865
192207
100447
9151
349028
20721
205712
445758
139967
159278
100429
120684
21376
244978
276809
21173
7973
21510
71073
24608
1609
6800
23694
96335
58638
23736
252246
92105
28173
24382
66984
206351
158545
22776
269483
54887
30783
146767
120556
219544
34433
120090
220907
17960
299744
149508
240423
19390
355180
144553
145846
101533
255090
229004
90427
222652
227597
259936
170942
170484
92760
126063
311349
63587
135917
506533
92131
468761
269337
69573
269800
147162
310742
91284
3893
50424
196410
25216
151352
237263
94399
301434
13128
242490
101575
84300
156995
74742
71221
61218
291923
244055
141617
47763
71610
303327
145289
134781
271581
40600
222331
40411
101116
13351
20342
21457
336799
145470
254177
69424
139101
152428
218881
79229
30467
52325
91106
58982
151220
51096
513809
273298
75262
218437
276318
296602
151641
252153
105761
128785
313771
71366
156601
137360
37650
208555
253964
65027
123459
149223
93397
25913
136620
121082
126141
49434
46912
16997
128110
91219
217031
261679
75209
559277
44554
217485
816
161324
6863
102760
128808
241983
275252
461371
75098
144848
3245
24847
274519
102748
20403
68965
95953
175172
287670
8258
26154
75203
11704
83622
445665
8318
123281
91375
277629
17812
102263
8144
143729
16752
256573
240977
143825
24511
20079
292116
30875
24812
127144
24819
71828
139293
33648
54641
90917
1873
399831
7534
72233
165046
64110
74592
139077
64831
339257
58653
127339
7853
51295
30446
103495
112959
127214
97591
172341
10986
312227
229574
240417
94753
4355
99476
145605
310696
41785
3408
292569
192192
267621
116021
97105
5804
71196
128183
140891
136584
141524
49881
102543
160672
259463
331895
140543
43492
24747
229224
71524
140241
102240
32061
65051
6908
7972
150741
74780
145776
304846
51058
146943
286111
149
131619
292267
95977
4360
347316
191490
195439
104170
40378
64216
1303
245162
139382
103455
73881
13304
141930
68297
65169
159882
153000
24923
331108
622470
75872
150017
1324
155036
16994
2653
178548
199534
470132
101452
71167
389148
274451
478
59189
228531
24822
31569
100361
381712
103255
72279
27052
341946
146415
2340
220585
23320
27031
154322
17791
158789
275
131451
118097
639
238214
55361
27710
149959
71804
65569
55507
30468
331935
252156
140740
7944
339247
1272
40430
213184
95199
43167
178279
229240
74696
217523
92933
170308
24679
259716
91905
158746
236491
3695
240427
186924
53268
62613
78500
20784
139912
117430
27003
92329
408721
240445
26645
101259
150745
47637
41095
70960
92010
95627
257089
216057
40042
91195
270563
4162
20234
31584
336156
96056
114264
1387
32065
345873
258597
456147
20823
231127
21392
318708
71469
59752
141208
229745
24121
117766
121498
71340
64146
71654
68846
47673
92792
70845
101824
120533
4343
121176
340914
24939
1810
120532
42889
150005
101820
57861
299361
96946
241755
37534
71264
6327
103509
130207
47619
71854
71749
1635
2989
20867
20779
20850
71160
121926
6299
70922
20820
156811
121285
20865
157050
71271
55105
64148
145349
57876
120537
103518
25223
131048
96923
89095
64162
24914
103007
237238
64549
19433
235899
7388
64281
20713
190483
29185
66326
128136
71554
121590
165
150007
62633
71718
44454
71451
1212
102523
216447
70924
121157
75780
121759
123106
43868
8896
28914
216836
260623
121732
27387
33957
121295
74932
152230
26534
54940
95666
64214
74976
123723
96590
31892
96681
75935
1901
346601
71747
64132
32012
65653
20659
70949
128612
52298
71648
597153
162178
149604
75226
70873
68870
7924
361845
109316
25189
54886
96000
75737
144739
71517
146001
31597
6963
71603
24303
65035
70900
31415
161380
130943
70935
8234
143718
47668
150342
71350
83895
96988
1772
71717
19950
71413
281119
347318
108905
47636
1990
136650
7391
20712
145751
96938
61192
155389
121554
27419
102922
20699
144932
151666
71975
25952
130912
49430
2003
139202
70909
95720
89712
104097
27120
55124
310729
121791
96910
1061
20500
252673
71529
20720
419961
20875
68900
139173
135879
228931
20623
64487
355089
135910
239985
83216
121763
5795
1388
268379
71466
71685
143768
121429
157215
31613
121761
75469
65559
64147
55102
20748
75041
274511
40162
188297
117976
148835
75228
27418
141032
69048
381732
143862
121608
1310
97001
75408
26530
267991
42843
96119
217595
72059
71318
154221
129644
42877
84101
90976
244778
95745
144302
96257
257113
289538
53120
96616
64697
268957
135877
27526
190466
50892
2550
64806
70926
41577
64538
117927
95334
134704
148844
240016
104253
64153
4257
71720
152587
217151
1748
95964
54898
95396
70974
136400
319359
275789
92307
160974
75286
47169
143745
117940
191669
121619
112674
65642
75281
345856
31413
177806
70915
129674
144673
1176
25185
52296
114086
121741
93279
427
227869
140962
99321
120608
24683
51562
136519
44526
96108
120597
11293
139272
162089
71450
340899
71048
188399
153138
265500
154989
135813
49682
979
339957
153871
96783
146669
339251
121415
16995
24765
160226
389865
440192
261308
20946
319675
50898
64700
236401
268393
57860
96686
114317
430494
319609
74315
184244
141210
158472
163140
246614
2512
154072
161303
135866
145040
3391
2017
263813
68298
69010
259319
254121
61199
99448
100516
233082
101405
229907
220844
134622
98281
141566
1126
84692
252772
30210
149608
99790
25177
186582
269258
139623
134613
1433
69253
50846
123833
21033
100848
391624
191972
21495
74819
436494
212259
26459
19720
27218
273609
13916
31157
133208
147279
141206
29944
31859
91208
220573
326560
94038
121096
92108
247008
92626
64107
148940
336159
139799
143787
22662
159734
10603
141146
147546
128354
51213
25635
40351
51568
96501
219686
139353
94578
160222
91237
217618
301056
64209
54821
240234
258578
147452
161959
85961
251582
48710
198527
91855
351490
161472
25821
71138
254137
97245
257102
147658
148308
44492
227316
210332
173927
647690
120108
263097
13581
59372
97768
139235
149128
20512
1546
67701
180294
71831
178342
91880
188455
155058
180261
220521
205050
70054
9864
197714
238878
92668
281116
61261
66624
990
22977
109092
210107
69015
139904
30205
39832
263600
23223
31816
17611
948849
82239
154289
4591
12491
16939
97161
89716
103569
24545
65157
4473
257454
88048
148831
163137
92041
68700
586804
350476
134631
91011
121094
66674
144278
151036
101012
159888
261108
143432
19730
61574
64809
242106
151309
382701
70846
246648
61735
49927
308035
121850
92729
64418
191211
228938
192484
65241
264191
25210
42982
208364
252016
97540
396033
75129
192629
37562
310741
2024
21242
43374
100736
22150
105646
95509
91277
162938
148285
31675
159982
14800
43019
68786
44507
30723
251580
452275
1854
320365
661294
63678
120719
282494
120542
9086
10174
40050
74925
10643
255968
131462
20671
12091
1048
30536
6376
70910
553585
158304
174770
71521
98076
92421
7236
6895
105064
31869
108625
10818
208498
134627
223674
69252
628
123101
26474
185744
419073
64515
229977
136390
201760
241377
49971
6842
204630
149268
95124
101894
331356
20165
188008
83623
1334
152734
127271
52743
28524
33248
313805
1232
21095
40612
198860
575
261642
39838
1910
25228
57885
342269
12240
237605
117289
322
208584
198669
325064
78923
19842
155369
130634
78682
7828
219487
566778
34720
94360
72205
208566
189310
96414
243330
96858
210011
287657
75084
443897
273749
149057
54871
149207
22615
8780
190602
1939
159316
149601
389328
287195
216717
232041
207801
82162
156944
146825
76190
401986
274680
219740
10538
33397
84359
299750
98067
30230
228873
76507
58238
95431
1384
13472
263329
152178
109216
102442
31010
71742
26898
179714
240194
64425
31729
96453
25914
21479
191516
158805
347582
20754
287141
160895
71776
261869
19455
323378
77159
154438
20993
239202
221070
297560
138620
66861
94609
51278
179906
17307
276280
422781
2151
179384
164728
221007
134812
35428
101974
247278
66887
130909
13079
148438
29763
241963
258998
7459
1963
31545
7883
161127
61033
70283
545592
394397
37901
96421
299415
64049
263935
290740
4754
221540
17328
650
276458
150570
170982
68707
145432
141328
37322
33962
96165
13812
92252
63611
159330
21127
24577
186249
31220
188694
17824
12734
123790
258808
319752
158364
28442
164549
100741
161800
2904
263721
450573
121515
5841
89721
249583
159491
99106
251096
64719
346570
13001
62742
268788
70530
146055
96111
276909
190586
153163
48132
113399
393994
67776
118447
8426
244574
6816
276
91194
150
3418
71823
1099
18978
71286
178
339051
103477
158460
405463
76180
344070
92676
40370
1355
145462
24881
418637
26769
299022
201794
95408
349030
152700
148221
266649
92521
1808
160696
440161
27846
63519
101011
326819
17679
14257
139181
13193
25230
91858
71815
7416
134345
59404
29686
25060
109125
92645
64465
218231
20372
195417
136826
23454
34312
127032
71206
403107
50430
127200
26526
463
86322
42914
17834
74038
242041
135679
91889
110785
12223
108909
24951
8244
101313
71847
132457
141216
140153
69535
25016
24828
30420
25515
347330
148936
124087
389607
146713
506587
178844
142250
299790
212236
102209
188471
49843
226410
20496
2007
91411
101715
19649
158382
49428
160633
275786
221389
74830
229166
204615
238860
359621
136655
1517
157022
162108
319610
104138
11117
8045
406716
20107
12455
143807
136222
30242
74911
356481
155734
121618
416688
43884
80265
46833
613013
29728
261735
188599
17617
265512
210550
383630
111494
328494
63922
265986
229325
7159
4430
258828
179568
3937
16951
288744
4926
30421
178005
82449
253286
299317
348272
162300
66589
298740
145324
71007
160480
208554
385916
5780
395984
149283
44055
31676
248899
145379
187273
30564
54519
71081
49775
271757
153041
32893
71803
280260
200176
140442
20729
8246
57901
223673
576303
104740
324261
268810
91042
106689
23908
95117
156836
101900
29293
59689
227790
596016
16825
179854
146678
434703
474495
1766
237352
218834
71525
22573
78913
69056
69540
134604
85900
215321
7195
136342
28935
242054
31509
99329
319672
605388
67733
123741
148407
95338
77279
58125
102102
134610
30700
1351
145231
177965
215066
123082
148562
28711
22138
45809
31894
27304
3981
94460
221375
63515
433
121556
20409
52365
264785
68823
19943
20773
43151
123157
20709
64115
91841
46292
20749
90911
117378
215831
64716
20795
289324
26528
20689
64232
5796
44442
75249
231162
42946
71432
25164
674
71298
148833
36765
20859
24912
64198
66696
29118
139145
70808
20733
71445
20734
55101
71626
95952
71152
55142
136651
37536
20844
49449
131070
64581
71434
71480
98073
20801
71227
71306
13333
95362
64446
121261
62638
71102
26522
64255
71622
121106
11620
145522
47511
71293
20676
20830
24922
80
145742
50935
17119
678
21176
70947
1775
42873
60492
92179
11524
64472
121125
64511
47608
130941
121581
47616
2794
139387
20695
75007
436505
102063
91517
13996
144947
47685
71458
3449
3547
131054
71694
120572
50897
7823
71982
121011
29794
54985
2721
148224
121286
157724
42878
70884
493095
93463
24940
419957
121350
19954
20654
52282
28911
7582
3652
64238
160988
71754
121040
140795
143763
1214
130975
63836
3212
69227
19787
31818
159444
20742
136701
24973
68887
10249
68782
70853
64544
97014
677
633006
265353
43287
64230
229576
71098
149877
3615
341
41563
395846
2516
92993
64481
136331
64494
64821
7899
19434
221370
150510
20625
159727
131035
143806
11647
27126
22715
120679
349362
20652
89468
65540
231131
103524
64233
71819
102241
121112
91154
71443
135871
14135
29945
208467
59684
1902
121169
69452
101761
97006
154272
71398
64709
71205
1295
144614
64543
71106
20802
20851
148175
20837
498560
61520
31412
91464
75227
131059
102915
150852
96996
8848
74894
71684
272281
71692
275372
242048
162245
71336
160663
148943
26733
70588
1951
156896
133921
71788
153895
70833
18858
75100
135822
95384
24607
41072
178450
19940
186903
96113
20629
20637
183861
7914
91360
120498
25218
71658
64182
64145
419967
347368
71544
760
117428
71746
94561
71391
121043
190913
302197
293849
231980
74408
238
355372
147423
139373
160315
71697
47632
27007
135802
16858
164816
64568
38903
147871
150009
148876
46895
147823
141288
322086
20871
96206
95916
148477
244
103161
57979
97314
570
87809
42879
97017
21149
262432
289398
92242
75908
387946
144721
145612
106714
1737
331459
353351
135139
150157
117343
425081
27086
33601
37140
96529
270103
42886
61487
38530
253255
50800
50909
583832
251186
157086
69534
37046
586350
71984
29127
9237
131394
20931
161213
195562
145327
121924
42906
649106
7604
64293
251592
130930
262844
277715
483968
120562
149416
36242
263881
235
205753
455770
277812
600264
4234
59543
123155
216804
318805
10849
122791
12808
764528
57879
191739
261804
20102
117664
64852
256492
134608
2839
101555
76609
99433
163022
317116
95763
85534
326563
140759
242207
1486
523484
105653
146065
262344
4413
24935
513
141814
135875
144145
96653
53281
30640
215368
206108
62009
9816
533
17148
70137
68400
265568
47655
37723
47614
203103
32325
261277
141586
20761
92731
128037
20597
278554
71387
99901
143296
31657
352736
2170
327801
20786
270417
6814
150461
46835
71094
30380
3257
136569
156382
144542
336600
934
75807
289408
830
773849
45588
96676
140438
6030
23047
22367
122192
137521
21235
74849
5827
70022
153813
195244
28157
267762
69474
267064
242151
25918
3120
60973
68872
586302
102506
99820
13444
256985
6878
150846
16729
74841
141211
201757
93122
92332
20039
25714
83253
24979
217170
193591
47109
247768
207667
71739
1572
64219
94520
572678
26505
29741
139246
86002
44801
117432
118123
558349
355947
8517
157537
37874
135873
355332
244989
357206
474081
67449
59371
258911
367656
387507
154275
74618
26824
20126
7608
246932
17433
219529
135209
10031
10112
124234
171367
217188
262911
19909
353840
6110
180292
103772
177565
28551
191431
87320
21199
241331
821493
121606
292015
277967
219530
16817
457036
139609
220929
91979
76037
339482
255282
139621
160981
156044
64108
155318
70497
93633
32251
554440
92725
43971
7988
559905
7047
120474
123668
89730
12917
43866
12540
139606
283192
47813
208473
327517
30368
152390
348863
81960
22396
18800
483433
151878
66982
65333
131052
246537
795146
3288
90922
49439
228538
216518
151554
148431
49823
331055
97151
211514
184799
22196
146490
341796
171400
112582
272706
10631
241954
511770
75017
72225
161071
198868
23650
362165
21468
470536
22638
143744
9090
239935
70502
344
76491
4780
106705
141591
6997
218333
26905
18982
19803
155088
319339
570412
391800
190773
136334
662957
244062
60984
3285
319584
128112
22401
4440
264659
152136
29308
62149
42572
3234
241957
109421
262757
569105
104063
274683
99695
128592
92200
162969
130533
5826
3944
268215
21825
149991
233284
16983
3164
142371
97040
475063
60005
96620
349810
179969
402940
241678
12920
636521
31577
121244
246097
240039
120577
31114
110155
89767
21118
28542
121430
218318
69986
660
74826
408900
79768
184937
97733
9038
265254
319661
99468
341485
222395
297989
119029
280355
22366
351339
91306
335820
91074
25166
94813
127429
135713
32831
361614
131375
35414
103340
136668
406719
94444
120555
689
20919
30373
144210
162357
57000
161197
64844
207805
151885
220611
344870
121236
23459
93588
38408
102532
37169
10214
10919
393259
96505
3390
31540
569702
174745
191190
19941
114099
40253
95075
25802
446140
299471
68811
90927
275491
119462
147190
151075
30713
271549
101319
23191
432222
645
173022
10193
139855
119976
19544
96197
128185
218302
135214
4299
389066
606795
141505
52817
241828
136773
147311
180212
100676
150611
105037
20393
146030
215941
3924
66934
187370
26441
274791
17533
118295
139851
725977
1550
54933
850412
149182
423566
128408
34430
147861
3369
55136
27935
1589
19829
208556
3631
155687
315295
668308
6111
160041
7616
45483
36211
49668
23921
27208
99371
136007
64135
260440
268874
220200
200153
131060
7374
191288
98216
116762
123704
323216
16911
114073
191387
386325
25369
631446
143737
190707
128562
58694
145429
75411
47873
145134
54856
188430
119456
264769
84404
3395
65102
92544
293628
382418
117349
145999
327457
92339
242547
18360
71659
32685
236959
3177
53796
178227
369374
19606
101772
161438
70349
177971
21439
76130
200145
59288
390216
123105
135708
476200
389250
221403
28445
326503
402582
274139
184643
24925
151
152669
20018
52921
1993
69932
100700
91998
25128
207738
454717
556392
6354
155667
2478
540157
6865
492237
253690
17601
163344
229746
268414
30671
345907
140487
149759
386258
31707
160502
220969
104169
51134
236742
58497
141589
103232
7964
134751
30117
6672
104803
217610
38022
231132
102275
193262
7048
7628
228745
20502
93335
147839
17272
6127
123086
174139
189314
30188
146073
4249
76041
86229
146105
147132
125268
6337
179839
128382
148058
247631
498778
70286
91158
190694
40407
139075
28629
355619
64812
195320
103457
91497
138018
145923
217421
269900
32311
490451
299797
130
28663
16956
41558
196853
49328
234154
296375
340911
95754
230750
17662
116356
108562
102646
663
127537
188370
25123
232833
122489
263854
92283
147931
27189
448172
27244
279115
263229
436459
19605
1022766
19479
40081
23133
42300
185729
325052
531822
26913
152926
64512
20641
65838
200958
192337
135406
149026
132921
291988
91173
33639
143452
19868
220144
257059
81
76795
117456
37785
192399
31393
130947
255851
352627
91431
171466
38561
67738
263551
69937
140464
121591
8971
30407
20328
118914
289756
103201
30392
157552
95410
132603
257060
215067
69939
28643
19350
210321
11729
221173
13471
99740
191370
130923
230319
260692
102386
10119
130522
315935
26360
152845
8833
230877
103274
4137
47842
71452
238855
8451
396392
69429
240238
135056
381396
46302
199296
71730
20650
1870
66384
24941
20669
131065
121628
71384
71534
75029
673
29609
54881
131024
64180
71236
145383
1909
71253
91515
71425
71584
47620
42900
43007
189307
20732
44417
121598
59682
70997
92480
162179
64252
13093
121211
20846
35631
71089
71559
64117
70944
419975
121130
611883
32014
20778
20494
123147
42862
70904
845
140749
121035
11889
64564
121500
71257
70941
47642
27397
48011
75055
64529
64458
70836
68895
289539
64537
34436
71482
27194
123102
144865
13286
13652
141220
20080
148381
20745
144810
120591
140967
71771
94624
880
61661
71551
13546
750
71235
45472
206241
96249
420
121527
20783
47643
64590
140617
121597
20861
22168
128100
7817
147853
20728
256
71393
20693
184262
71240
131071
7818
42904
71279
121037
42841
24920
153885
91559
47618
72046
64245
27205
607
64541
151512
70814
92566
122035
20836
30633
148568
64588
92479
144690
145777
70918
58985
447
2873
139330
123729
96465
231128
153918
334875
64664
71598
264446
64613
634524
74993
50896
20849
76497
64186
150996
20267
17857
147650
10468
27391
17536
134594
71687
120580
71743
65079
121107
76286
80613
96742
71373
26722
64573
25235
147271
130956
2508
2939
95434
121826
419985
148593
58986
831
156769
19946
32009
49452
63679
64454
71338
121649
121099
121306
26711
204521
64101
95737
136325
37539
521203
70849
75275
42937
10739
6811
264457
58005
29076
191931
74951
1780
75301
52976
271963
203074
65189
121010
140651
70973
27217
244900
152737
39977
64755
40273
142661
101767
132940
184193
98355
96066
268793
259135
49627
121620
100025
151875
554083
278541
3246
154423
64827
67064
7540
9657
19388
1852
141215
124958
53599
70841
121061
71111
148931
242064
77398
63097
143235
92830
21119
274448
347478
148946
54883
261822
328223
25206
155060
71371
218253
134611
150018
247141
71672
260449
70817
46186
301928
22654
289474
144307
71596
478988
144676
104233
265351
657575
147939
160701
412446
153859
64497
198326
71811
252702
521097
100066
151750
4107
52367
12661
150569
65824
240193
152376
52305
75073
232324
360603
33451
636177
246292
246162
71019
240006
42498
290264
19363
130989
1788
34029
146800
36241
390445
54607
27662
270838
289773
11960
227255
196781
244539
458673
91188
266134
135918
259856
222269
70806
236862
144285
72004
583648
222399
43945
26501
384313
160800
148465
79737
12756
95205
96086
418330
297171
71417
161964
174426
20352
21025
605177
216667
445464
479074
406784
190643
352790
805043
431343
418176
301399
148938
10149
40601
87064
160496
110479
208509
443681
385440
261069
22647
8223
108548
331217
121162
143723
238627
188584
334651
120225
145375
3892
40511
359926
623042
276285
71645
37559
87689
260633
68723
255254
161560
784
360602
204961
101703
187333
65851
230684
246253
290260
254368
3512
320856
1819
52756
135229
349633
8412
94238
3311
136685
29427
132374
506916
580758
19965
26202
70017
436445
73745
240460
102203
3929
95941
26876
136364
585582
127755
626443
66783
221411
42907
21396
261345
207743
95807
110192
3985
61767
160875
29288
223979
131144
174794
385585
18267
475723
150886
588830
123065
6049
444223
6825
210303
141777
102159
209051
303685
69230
1264
178365
386278
102869
49470
30967
236318
76397
1652
419440
242000
115637
224190
122235
220903
3098
95318
269839
139204
70289
47611
645192
54256
309453
585325
293624
21750
141528
260294
510332
259171
91297
260231
1548
51714
55331
423909
529508
911082
314849
71620
24300
24816
241430
436018
360972
135146
112903
215509
86989
174170
471309
429601
222718
51335
222371
41135
207608
7066
131853
117535
1727
13137
61421
119968
544
95777
292499
160710
303671
30238
94416
8601
174223
124205
222640
159486
459489
418903
249006
127369
141819
20569
149605
163426
541
9164
51063
210482
124057
476977
256070
209986
531123
20109
382356
289407
257232
54921
381878
356529
27146
151317
140080
54662
26500
158532
20250
58651
20078
40603
339556
21197
268023
265256
298993
531038
57891
115676
370232
40565
16980
89487
66671
725723
208851
251449
47194
119620
31678
1956
63047
451418
45619
127273
164810
291461
349650
145307
218562
95757
94863
209994
183909
269917
38300
90898
587274
59460
327518
386428
130527
20029
157761
42979
91072
111771
69196
99271
393955
263916
23991
6848
8471
298899
30600
347875
92955
35502
50787
144213
195588
49897
418182
103993
75038
147713
469412
270712
24992
319585
240078
3029
246652
220569
25015
95789
897097
75913
342678
492720
70872
6227
99372
162347
97011
29187
659328
143827
198298
94463
26816
71145
509943
355369
302844
215114
295008
257064
123118
286628
218079
353641
808315
32199
319665
146494
6272
151018
31467
26554
287080
825863
9305
34719
177477
191162
35531
131119
75103
27659
327171
151877
127402
2899
457442
202969
299550
293041
42913
64694
26957
240484
351890
28632
26343
7202
97132
154021
304584
62705
618116
75051
140539
252780
259642
93120
454740
274011
8516
40191
160437
283411
217020
499219
25066
185742
74244
153064
16909
473
591655
780229
303616
73977
28785
356736
95571
222558
27427
26736
50808
713
145396
137377
396340
7934
28582
203078
18379
471122
298001
662618
200430
247955
21122
183955
292516
218512
47030
92733
20054
65868
30714
184265
216904
339359
21723
45694
391623
123742
71302
156342
563176
163497
145025
146828
91440
109459
594144
218654
890
159712
102101
19713
646658
61014
619176
62752
135939
4260
33411
271662
180185
924524
10678
209721
471239
85260
93112
8051
49510
250815
7906
271336
532804
118558
207259
255924
170193
151022
479477
241852
134726
50890
218244
94790
936726
13924
139396
26550
4020
245255
160349
151846
184170
126227
49715
246392
71649
64149
62963
301848
20043
21247
174114
161329
25249
186616
587108
35386
221630
24531
91062
762467
435159
122455
499878
242392
31697
274808
157446
345841
50886
1005446
23776
125875
114127
159445
12722
256860
252877
49810
133376
99282
19657
94835
150211
128016
34984
157963
116137
141594
259431
141809
205816
126068
102541
49869
13392
423488
39809
31316
251618
147215
240978
16918
3376
450810
133394
185739
606
91060
2298
147930
824057
218008
4173
89746
356546
129
26388
288524
50930
16975
645726
285609
451682
562063
209084
503371
71693
255930
255806
58315
243592
30939
4292
270865
148816
103488
356530
561372
92777
22548
42851
207748
132337
348430
298628
32606
285748
40359
95796
754029
24851
210227
160490
92072
99444
112962
19395
199230
58717
1054257
4307
227705
841781
13018
249779
271572
94573
10910
244588
96633
175139
19661
92202
368005
268877
219111
1538
50644
240404
581566
3083
319021
89073
679150
119077
20646
71580
71967
36475
187231
437486
537799
195328
431350
202463
354191
50345
9240
20017
329189
19791
122946
14002
259202
118507
228870
16820
71184
20544
117951
179863
1773
209143
227894
50746
22173
151740
700673
51297
96789
51581
3917
255907
187627
57853
28605
244538
331361
728034
220971
635921
510491
40279
298433
120110
37471
277015
37537
471534
275236
474669
128251
1960
71392
384877
31215
276473
50957
44964
63441
134602
133228
241026
151201
259427
303330
95260
48649
12264
128789
99164
7394
31553
51037
157104
137514
272902
121076
4369
96984
20573
246218
160509
123141
11627
352271
276818
34940
27404
160650
209840
25769
41204
148498
91080
274253
215445
455255
508235
95113
110770
51462
100440
389912
242152
201561
406717
31086
469556
99735
270572
62091
146581
243366
16846
302
17448
148917
59148
346414
27049
37143
97878
352469
232468
32063
284331
140768
277027
118540
308448
92151
156894
21272
255988
262504
500149
342032
3114
392479
236890
68819
71238
42884
24921
20640
20757
817
158697
9181
71630
42918
70844
123092
68799
121104
3016
64142
148911
121200
71087
75294
20639
17076
3453
1778
763
131080
2458
1191
59735
853
567
26537
31469
10153
70851
65176
42912
19953
121129
70882
20789
120549
71594
20663
20854
131028
145372
1930
70932
121491
141212
10485
121170
140771
68831
605
4171
43243
10253
71449
72005
121180
64175
70874
26535
64526
121016
4180
121042
26519
20082
153890
20528
24943
64463
148336
14020
147083
42876
139147
70811
64589
27134
70875
121483
64661
71516
42903
2775
26533
135828
64468
1559
64574
71107
426
8800
64188
147429
662
64105
40263
377
74909
64470
20815
23077
11656
64532
144680
612655
121547
42919
64482
34317
139099
364317
71269
130916
612
64459
75823
75787
5833
71066
64604
22735
71501
71553
70927
145752
297234
71080
70977
43283
42860
135818
228896
10313
7390
71948
1937
68826
3090
68791
75271
119996
71556
6835
53350
71582
3214
64184
154325
28945
37903
622605
71319
71643
98361
604
42947
75036
139100
131017
11360
71285
71049
247850
144696
47687
20638
75139
81892
139328
43927
128418
28400
9148
153285
54879
59872
521437
730418
52220
71149
64473
97078
136408
27664
121505
121576
102120
134759
64200
290755
52219
232618
518086
123091
148942
97481
8681
64449
74018
42990
111960
6331
50797
51005
64582
121335
94758
318806
121795
768
101864
872257
109799
64547
10318
161110
261823
123078
151941
30476
28818
161024
38684
124974
49924
91438
631734
51683
74953
195509
487229
3455
286642
74992
72197
259457
52994
92889
7003
2082
120446
312
364706
7939
154427
289498
70994
265614
21142
7544
73681
62627
159328
108907
94604
35619
434588
137600
69108
91389
103875
254094
3269
878
75306
141570
271758
551996
416604
273023
55314
203256
60205
33046
40028
241823
390263
268768
44772
101480
93221
160707
510256
226884
537937
155700
610047
164298
640440
80579
95012
363824
22030
1830
8647
331327
41368
71988
156669
34429
64660
23679
250409
268771
148919
69041
58139
291806
542451
120121
244718
152924
159314
198586
852133
300610
18471
75345
20956
94149
262110
737405
123553
394929
104583
26099
92956
7880
262215
95096
154986
208988
91819
199377
18864
543496
329067
70037
879864
25777
93259
120280
20085
341088
207361
669978
32046
227346
356571
590459
68833
7773
92136
238258
17898
131076
269781
291808
329291
47784
64554
21010
13396
92246
41096
278573
218297
35385
1587
473558
40362
290738
237123
150626
195201
727195
212268
70375
54858
464055
2967
157149
94626
102065
28193
262153
447300
998737
362172
293664
125327
175200
69037
69612
267423
60955
246146
7171
362275
52900
532915
334030
45051
69003
40266
45608
69436
432669
303615
197936
115260
97232
120471
340640
155324
384510
405469
53645
406723
19618
3322
95138
128103
2515
147934
102281
70279
370196
50274
206457
3302
579940
49839
587514
505653
136502
1002249
197835
147795
292585
1041738
101562
21931
527600
333807
356735
187601
43515
146302
985299
809999
63797
6310
122313
1456
700945
36971
769070
261228
68517
31635
766034
256574
83537
472746
104012
170206
193368
64140
170214
177561
351553
70427
304850
151912
79782
94950
113420
244833
101983
125764
63961
537497
4126
151449
58933
120681
61354
17827
388404
114008
66877
203278
657
198225
267063
252232
777347
278421
346153
135276
287092
9092
743123
13092
5860
148125
218004
94744
343181
8033
257459
16842
143456
70148
174872
236002
151019
160823
121499
17321
68655
97929
148880
195151
149666
31397
27711
128532
232467
5272
40074
198786
581443
66585
1781
136401
489077
275241
1704
24557
343177
266161
127993
458345
151736
385887
319132
155269
364312
216515
13806
2898
21239
142040
24969
246673
120359
149212
143943
141583
19018
125958
471468
144672
17863
163268
262337
591647
551992
470654
201278
354325
27236
18197
285676
40354
443858
207595
146322
29598
104271
299499
19472
1005577
34428
24132
267844
95718
44085
17476
135264
20069
459460
74274
269071
82342
118026
328152
163019
420080
52918
191531
218892
478428
223963
117584
81997
71223
229340
386420
46322
191771
255732
69785
101202
69078
220719
174910
285725
51722
258646
283536
71849
195360
88341
349854
334168
7854
74837
583833
141665
135403
260918
143958
43370
70627
69794
7419
114069
70311
276890
141503
70058
4037
29496
60894
539481
55460
446526
92054
240398
190582
163742
242076
66798
326703
20344
97096
128764
490778
83513
160506
43881
23463
25477
297561
218204
475821
7801
177942
124
91052
126011
875017
58155
239690
146576
121058
94607
121586
467210
215325
61162
33839
95430
139253
136312
238824
251970
127206
129652
117839
95461
283359
233190
217220
346449
112333
22488
39857
291809
235371
3330
390421
25176
77136
64895
33319
598390
208590
295898
41194
52786
1087
678198
218036
120365
244566
7677
244988
127113
9255
47986
95269
85893
71671
283469
409449
444504
159869
123122
122961
120176
64457
142275
26193
267249
156051
296021
42732
23695
93330
66619
206902
154407
68687
60004
347334
24559
108792
70975
127208
137365
329525
80321
26584
42850
118634
345919
388044
97199
208207
29271
17473
347295
47814
285038
23575
209356
334238
890628
96769
221071
359599
453573
23877
275128
27012
74854
30706
28487
208396
201408
142805
217038
361132
24745
149220
457832
21688
69790
353141
137446
355487
26074
131453
117382
119444
143854
300364
121090
186876
308290
359672
149536
21673
149262
49727
20327
49769
188314
170279
498903
35743
511882
641848
470763
341884
94550
265517
135849
133592
193916
227454
754
406768
209107
58391
219655
117724
498201
55980
27121
262211
156963
71512
274843
92401
453042
24146
32370
67392
141530
17868
339981
139602
155607
90914
4097
21836
9196
37765
7385
37862
29573
99386
543485
54777
74914
438643
106190
341920
4183
200777
199281
382791
57865
331623
128208
436190
25750
251598
46306
23149
30854
457455
131467
207598
498033
69447
39790
459473
235441
43006
216052
23832
465983
297662
28397
136682
479215
18477
4074
638438
944509
142604
24091
20577
6996
475447
58657
249347
94590
24827
29641
592247
268761
263388
611889
207930
95827
392156
61027
115845
547210
237616
59368
128928
91920
255848
101434
96049
61918
395045
123107
403215
178041
60089
42201
536564
21318
343457
354467
191121
518269
74130
13073
627511
593479
140098
152964
28938
66349
140945
402116
58349
152713
108535
561481
268370
448169
118506
184055
108556
30940
476253
303597
162581
21202
334106
731608
309195
152379
91454
93895
777211
92184
71444
76349
70089
273273
28744
152330
50922
163556
528661
646604
30334
84405
617962
195514
216004
503553
355946
82716
277789
109143
99894
274637
147285
206485
195878
221401
69169
474751
44069
90902
785702
451633
281408
172615
242055
24294
242129
134694
49017
74896
23373
289551
95619
275440
797186
204628
64998
22327
209513
27100
20088
35607
19489
8548
148796
59241
7937
272748
250801
264777
743880
23260
451658
95674
73825
134660
102005
74990
576340
39969
113682
64829
439108
209371
121283
13369
6493
23284
94410
68945
66948
12410
152547
144811
520718
86612
174897
227431
742589
268388
1723
177642
268169
118938
162783
223593
262109
110623
424792
20240
247610
249043
136368
31430
7220
893137
118567
120045
471432
511121
64692
214060
24917
152164
49447
93863
122025
41703
483362
301741
141808
215345
271791
339518
38246
293958
261273
5898
187595
156287
337138
625921
261355
224234
62460
226960
99399
663890
109555
4223
69442
332542
239892
69770
386812
636389
447754
569879
70325
145692
70393
1114409
382519
269480
131547
45900
307969
13156
516922
11888
2944
42597
121033
20736
68780
64456
19438
71465
131068
20696
13641
3037
42894
123085
124456
42885
121507
71688
20722
71963
25014
64503
20675
8639
43286
147492
64448
448
71105
64504
42869
121017
74867
42842
139184
676
148521
27394
64130
1774
145747
140777
54772
42847
135794
21081
148109
42893
130914
795
70854
47615
71552
71313
19788
37545
70842
70939
62632
140441
68824
7386
42859
62636
20775
131046
148842
71311
70807
131023
54874
11495
70938
50895
57943
146004
71175
64114
37535
70828
64453
1002
11365
61197
139172
140655
440154
131079
9817
41088
130971
10483
203115
23378
3987
438200
6833
121802
130926
224550
131104
364321
68816
140790
26734
47671
121012
75027
64764
74923
222451
123083
39574
71057
145310
70578
28724
52455
64485
1124563
121532
20788
263098
319662
170931
160495
123109
93648
259439
1556
20799
140869
19901
71374
8238
121765
217205
299755
189662
121492
287554
283262
20037
131353
673767
68822
136205
134736
193973
24947
381713
158641
256816
20509
650095
104754
319663
4409
75163
174277
5844
887144
52221
252711
327
71045
7025
47344
76477
154402
17671
6410
220222
114157
327542
42790
131069
146002
22478
61482
135834
140800
150449
552977
153506
353157
64525
18954
71282
121207
300949
265576
73580
140750
216616
121095
27604
455202
28489
319668
9365
386331
134686
533731
290715
263725
103392
55104
96415
16829
352267
34721
65867
171067
283229
69948
231099
195791
476114
134692
284107
31408
64502
129724
340452
91256
191566
364343
391230
216381
221253
61029
364342
71448
1028159
134359
206123
7378
109810
1095882
1115
192244
254270
692
3722
16797
475947
318622
17882
236140
510035
240463
121819
74053
236339
356335
79047
7118
345948
134712
330567
801
344234
248630
444433
513068
106726
253167
142110
188373
114820
191503
141496
22767
102391
19443
135009
260418
269468
303711
47918
27928
524018
18926
31836
19959
259248
600035
562770
19326
144377
65160
218693
47762
146657
287193
454472
625615
256128
341497
49606
3024
258671
100099
45100
112855
285501
87209
600491
329749
19795
70405
587210
88245
160832
160807
144161
439945
606902
337945
145408
602011
170110
8274
291979
241
452260
861615
102421
251445
361123
37054
947272
452704
269506
278835
285805
1037210
596851
77091
773051
698477
19915
87458
78158
17997
55094
75333
92026
227861
470465
270973
26904
4465
52432
1090479
31882
327071
21850
22442
450945
236954
272805
192729
253734
238732
295084
226739
184810
581242
754243
112418
343027
29551
160709
19246
583446
145465
257864
100029
271961
222862
326736
110330
149384
13012
94931
82511
232001
598425
764020
16836
8082
158764
336371
408905
44033
162301
523474
27575
72200
210141
336630
220317
154449
42235
56565
52876
443808
30350
100312
227666
261260
384636
4810
389335
907875
528544
385845
76741
101112
353865
40384
77197
61117
269075
157611
13275
218601
435287
351224
30635
6075
520084
295904
294366
645579
13599
49807
13974
16675
124375
346148
17750
616307
25231
14031
87298
162243
36729
47714
503834
240447
272867
61207
150575
31775
204819
128590
219251
468529
47819
54505
180125
71053
123697
13311
668088
8089
257458
53626
37526
260118
128057
180205
841445
1946
127596
68729
49721
283365
220072
30417
458598
188597
9194
334903
180117
29024
451190
401528
355721
996860
175140
114193
352452
717908
294574
134137
282654
57933
716860
257513
45175
190911
246583
319333
384868
245233
31160
75328
203291
109063
103052
136301
174075
64791
636882
146341
16662
658362
207199
88080
102048
82250
786024
615897
141749
180576
246895
174861
251863
246254
288501
215079
353446
144383
217396
153042
612662
3674
270256
161674
291968
256362
143949
13502
228561
9980
178058
10602
30289
173287
82644
45620
340128
7037
61360
251022
344949
587693
21960
68841
271118
99075
91287
180657
189319
668722
103832
328270
145186
203210
395033
6829
239611
55636
77871
105339
53384
27668
586595
337080
19944
479933
370168
221891
437458
137578
151543
86924
406021
418378
289353
832040
134720
239082
146332
32647
261536
217628
69946
986891
29442
455002
96372
82610
536608
31600
63211
506992
168684
343625
609320
355987
552317
274144
132714
124761
341806
148148
339052
491257
34440
218307
7898
30937
309573
65756
336352
129854
319749
34976
6397
623741
520821
744
47332
211026
189554
133222
11277
44444
7907
370030
6340
673135
16934
92221
110430
50914
646308
92448
69633
101936
87
31556
267379
303337
158801
416548
20832
609935
340923
195830
61336
12804
237708
9517
37590
27265
70093
20010
261075
141898
226756
327329
151799
153894
41674
94510
236518
765062
163261
184157
134773
248765
299577
299424
324574
154458
62994
18193
65038
95072
102316
156177
697723
506178
75325
30587
261609
101532
488250
20715
216954
92012
285425
145674
77201
581719
172352
140618
227368
578475
20111
143333
91019
114539
498823
158779
23153
172622
92545
394990
224973
13957
258057
246587
151672
69032
295041
293030
243315
24814
26443
66350
466942
108784
13700
4185
498936
72048
326915
296378
4529
95902
145671
47596
300847
761542
296922
277071
28383
39121
207520
23361
266391
264241
218638
6791
246966
17399
265377
267706
40461
441326
266107
637247
74524
55642
4469
355960
734601
135153
36630
467688
99970
161689
20484
9132
99336
394942
123136
7722
257008
384896
464563
344411
175234
19011
164536
328323
197970
45629
218484
447483
162006
256542
639908
229755
17692
592026
315375
67989
119646
29455
698052
451514
204971
2706
215094
492710
243465
12856
170161
55866
278822
134821
125957
127689
41725
770201
13562
16753
278075
91229
10250
159329
22993
295969
962944
106750
7710
80463
209737
838049
187254
28759
12878
28480
139845
30928
239747
343063
837310
663836
41715
19371
417397
6772
177439
113409
157509
30302
1927
776040
343645
45478
499622
87451
133782
236541
259257
349541
43553
4904
240314
13710
110627
386737
265440
100479
23961
631422
50493
7192
195009
121382
204688
129813
18352
39664
396116
196401
530410
179811
216547
46925
163807
199767
36837
149133
91956
402916
101453
318417
95496
211325
97937
64916
2310
298901
92768
203206
101962
149545
89085
89781
625756
148466
391477
341154
453970
277385
160076
109224
348236
348413
230168
344629
184858
779769
185726
884
238274
131406
263603
349637
259415
29663
405930
139682
731450
257495
124762
256848
114417
143219
59258
104027
186059
797359
49849
51716
89561
157783
19853
1865
430097
423589
18574
104537
526315
626650
137487
134234
58228
265589
293810
142854
170205
188646
26113
246120
172472
216750
110605
22082
78732
430202
159453
472181
131790
441267
91309
238429
75548
109130
295341
191433
49805
28115
161649
105724
163250
135204
210367
124209
123156
390149
69886
16880
21096
771025
22760
21811
223693
26059
258203
824664
351349
309572
193255
466758
195957
150579
146602
330965
488978
984043
96282
70251
22372
641453
431984
682128
53174
360583
493343
147905
102309
29264
218713
255293
492733
396520
95079
135316
94924
69622
22035
62073
174336
418094
81746
468577
1258
49435
683640
288113
385735
78265
118493
95073
114804
6960
460304
487738
17164
69121
29509
146656
95870
252188
389998
984282
1488
402632
263163
13055
137480
152761
326858
326276
38867
92800
381197
7980
224739
43841
144284
179782
98426
322231
30657
178541
91203
16970
289708
272356
160322
25809
21996
170212
141517
532467
28705
135719
258918
392117
267661
51148
291906
24068
123353
73887
279413
8880
469438
20572
3483
304952
616620
463202
115073
588400
72023
216
331937
704549
584072
298483
249718
263457
191476
26902
346101
32677
240879
130624
205850
42003
510246
326222
842510
59001
158520
104319
19784
16735
22687
96385
121803
3209
62628
121018
121028
59542
64466
20774
71234
148332
42892
20807
71027
61187
20498
2942
64167
1480
33404
1535
11925
89685
145023
64666
10172
42895
71074
30814
42858
4149
68894
114233
3179
54878
933
42864
50906
70843
42890
74968
49454
12710
42941
1675
64524
18601
150735
34990
75150
65796
696894
139174
64213
121013
148334
156312
129623
64507
77400
244967
20787
26509
148389
158272
49453
64513
57883
69457
170302
195459
139180
71713
134770
92040
120590
260375
70813
219914
240428
267378
73953
18105
10788
510316
225729
129316
141209
741
121118
488090
71396
356190
445936
184291
70990
492727
85870
77076
70367
92201
222946
746
296889
61023
63520
115387
9231
26025
238593
346867
385757
206110
222450
64864
164007
159868
346577
235579
7196
20655
134867
446509
103272
317388
146578
75379
50944
577424
96900
346619
54835
187257
549362
128507
178286
67024
71179
453833
198156
359016
455970
232303
30735
287086
42883
445748
110675
679855
25875
3014
270308
270419
101935
345857
263137
258563
136535
8115
19884
459130
177333
588180
136302
633999
91299
223752
634247
25822
29501
391686
28429
359907
17132
12988
31106
14419
364560
36
103243
98350
351322
251537
144143
1891
21466
251596
312249
449220
36404
39171
62641
203057
30345
221562
545062
335605
155146
55144
98391
348421
68938
43304
91378
75407
70077
100423
163762
101947
310484
434280
88082
91273
200970
482033
53312
265955
143394
445460
134617
828676
302359
13501
200232
821806
552912
1087668
246214
351557
151348
538493
268231
100842
3492
354366
220743
621413
261226
102947
580446
195949
221569
73626
586123
47707
403017
141227
331666
257722
352721
513097
364554
11398
263923
223518
189892
483102
325896
255206
54654
163164
85495
344323
39340
286827
242836
102095
218982
180254
126077
33140
141575
78904
309754
189518
108822
888765
135692
39937
361065
357158
238292
170065
216251
27792
25187
207313
136698
665382
572057
79712
121093
402921
240538
946757
92979
445765
141811
30488
806319
273379
770990
1560
11812
145898
268492
120102
20418
227235
643554
39972
145384
196746
256141
58481
31132
462601
39180
201787
94747
319577
528851
261560
20766
477516
521727
225416
584299
582003
221332
541507
146311
639145
133720
242565
276326
800988
17339
549
99178
185927
30966
247315
25498
184252
103311
78785
546150
332098
33485
198859
305657
192215
92538
251518
359346
350183
117478
37119
69665
3061
370189
7834
230743
368684
701053
237027
259141
180143
683585
883453
122745
195101
406725
388055
550015
434765
157313
95521
74308
216711
501075
82521
39877
72194
743367
134004
650694
108616
491795
51959
162311
161212
25599
509938
829143
164013
439186
18374
129471
293103
270902
31429
189699
28765
147015
175833
902873
59203
469418
235598
91113
17209
31135
630307
420081
25516
7848
160616
127621
23449
247735
43449
476059
314037
2409
257207
97518
571831
294539
92318
773663
69425
180865
250405
195401
144905
154821
40416
452521
992389
239536
144923
981071
153985
129946
31633
249012
473592
36529
263634
120687
387650
246260
23032
551799
84619
61633
286234
858880
100070
142169
201179
979354
505324
130639
49920
838436
221594
658123
896173
258221
13457
275939
18675
314789
27224
147490
885301
25982
197458
151767
5835
79198
659901
183839
611786
21062
170926
334060
84997
40137
327402
496912
141576
16748
94495
58485
188378
148245
124255
35215
384656
476630
679
256775
239400
416718
581401
25846
347585
171399
464097
68978
347310
21221
66936
555727
224131
510002
7754
300820
40127
362178
117269
723657
227449
94873
41253
274754
190816
90899
92523
240437
77240
600571
20207
97504
586258
47418
83167
114047
474911
272898
385915
642693
125092
3443
60161
151218
855030
151977
119671
195880
96136
209440
274353
260952
102006
73986
356031
222245
493214
862445
124538
154350
499868
3225
582147
664617
565958
419080
57977
249733
278394
44471
696676
632171
71893
118177
3930
11205
99188
71263
434666
655098
236952
242579
158241
915365
259161
109198
671258
298359
1543
787298
13905
235424
571262
49648
160667
477617
264471
102211
38553
123209
23051
157723
911464
690199
471782
631057
11210
97957
208144
222583
2738
13254
822520
124807
190755
69438
424727
210678
227562
108652
980420
243002
83551
95731
150577
279473
1014136
330970
155317
143895
141302
143508
249782
153582
178848
1059956
125879
259705
94547
810821
75743
49777
388148
985355
178224
302701
40272
241556
47832
671854
747291
17640
123350
12321
946062
9516
161114
146952
51183
276124
26523
266472
13441
273731
210594
24831
30692
134820
324604
644192
344166
42759
7318
195413
19721
207260
47362
96601
22441
546527
5816
120064
648614
121059
91947
425152
33008
23698
422161
94432
244717
623386
453348
219318
60311
9118
371638
41983
91434
717128
124755
546490
494220
474541
119662
349642
22462
246160
60163
258346
16920
108746
29670
286202
134477
80517
50937
387036
44092
453766
368266
28804
49484
41521
65717
215863
459161
38858
471499
275365
329482
416528
152466
18417
327041
386696
164307
680419
459667
598607
74820
224149
485072
474811
105968
727626
210385
207335
529206
286622
510099
456884
100501
79073
219694
75500
58363
2183
134626
215009
443669
319398
77672
117202
187324
7409
18845
259168
388367
531541
459702
23540
28602
190524
2132
498994
667215
255854
87327
218341
26367
88149
190465
281076
497314
225999
288418
242016
430488
370342
503018
60986
344197
59005
390681
310979
17680
121268
263153
37777
475082
477675
325673
241163
207468
139680
128493
59713
255609
75657
263493
276966
146652
98132
297045
260779
89810
251579
39824
481284
13533
280345
84838
222925
268073
389137
454284
420614
145382
152844
729013
387547
267940
218325
570388
19461
257065
631581
391501
48368
9889
207525
62192
160154
233206
47827
53998
325015
644737
313809
432449
47779
270849
190753
417096
129738
456314
290039
95980
244808
533314
3414
134375
351171
179871
977991
9518
19992
275653
95054
17962
91296
81759
14261
252046
174052
468066
73964
273824
223466
147817
556397
7548
278507
546131
487253
21219
647658
27535
155054
12070
147796
92251
341897
387966
29023
530442
101923
139846
23271
114446
28371
369099
227532
20430
3975
458293
549840
22817
471500
143272
290594
228525
222683
624982
116004
26514
10495
60294
549926
76554
70150
633998
191401
153046
156839
347302
551915
4961
141779
99098
67310
69441
62626
147345
49998
296035
669224
298915
300768
174833
1121
440924
159778
393720
667950
40390
359062
465719
266417
130995
20798
91214
271317
275163
222739
92529
103909
102307
617334
40564
272539
223694
298821
265369
64067
132452
222888
24187
52663
237401
326654
147629
960714
419125
112580
403022
252935
262058
139745
641692
95489
473250
158147
18343
508186
31681
172401
814171
639222
176216
328450
70365
735176
245650
209594
99739
705923
1625
263879
7603
141707
174296
23312
52739
215616
277381
518527
668748
612312
347560
75091
77081
135912
187481
195455
30460
439667
34326
140462
38923
475351
29215
17858
145693
248842
496763
292117
25108
18662
209637
436339
131416
618650
302711
239214
84131
459127
240308
148306
205987
201399
159363
21749
75174
143930
809960
622370
58389
503575
248790
648997
273256
25708
2371
195293
39919
874158
127632
219258
242928
274577
16816
87162
267666
334531
37779
583664
399064
308190
85783
463519
774090
92451
75782
401613
447826
876284
364653
201560
822581
396815
241416
905851
451789
464163
192645
178003
263569
22049
59536
79259
245065
227453
257961
115341
68813
141700
22131
383418
352197
69677
287124
216496
291250
668318
171514
304976
104906
361936
274788
158383
86808
417740
317018
21823
53342
141300
252015
359083
17965
302241
100409
3249
685536
555235
246660
3598
17819
70835
64498
68784
20750
64496
17178
42868
950
609
71581
71267
43206
24764
36403
71216
89682
64159
19952
70888
568
26639
3208
20741
70834
148826
58640
64467
64447
136350
71303
74910
61460
130919
71214
1658
335627
215346
197976
334780
906586
74388
131074
215783
1307
90945
629248
289475
116611
32315
293499
20973
139076
93147
695274
11336
7655
285831
716603
277065
64518
33505
314857
257822
18776
19955
255137
70987
127985
34047
438308
23984
219603
47760
21166
573310
38324
318725
70278
188308
136439
78932
190741
50668
19906
20014
30545
8208
274452
220610
18774
71162
13036
287599
230656
153822
393166
69291
156060
445937
17735
589138
271893
272794
52146
290579
48769
8132
120294
351403
999639
100143
10121
58478
228628
272752
70002
219334
128901
104562
24665
395064
152251
178345
450294
33916
75116
333632
84111
286281
148817
227400
149041
132160
233
70540
216953
489621
250411
153541
75121
327519
276329
17630
20997
152417
340606
76519
41582
237278
258877
183905
139358
63407
55145
498749
91760
118236
650578
29636
139804
329059
401689
6206
534047
4928
71123
282472
190626
69734
69634
161914
195410
275292
434265
100399
87645
75599
58738
50982
424740
97054
307995
9313
142859
628372
195829
25921
1102893
455385
102124
472101
447004
416135
31760
73886
97202
143750
158413
529531
102739
273004
72133
1097859
630885
45123
26961
53337
21268
637164
40121
338774
135121
578156
625777
210560
152639
945200
21653
47748
1011902
479076
39374
28424
132602
343101
684253
470357
74850
261832
26342
478120
935688
472377
1012353
80034
21282
164895
419556
200805
259599
245188
1045201
282492
592944
237007
720898
648339
267057
351865
96711
160492
28939
123079
144264
124758
258968
390136
29717
79760
316247
613
4494
25099
248396
903771
738047
274499
110707
48326
457386
32674
862927
123656
26992
68715
288604
26781
141207
262676
215506
209577
344806
535972
49698
97464
178355
109404
6938
91953
208012
37188
179872
121962
172403
8035
90930
61492
590518
497961
395061
46776
899712
632338
333663
79159
773742
226975
269573
6876
57970
275325
114149
21686
635164
599247
629085
335
524435
342334
101266
242096
143696
25373
72127
51128
21243
21064
570570
305225
271378
93369
32254
401162
772
25862
153056
953163
145300
102094
158408
539903
247912
310016
356651
130331
18710
141892
273948
389293
200432
520844
561174
4421
267033
92034
625658
921715
174917
499082
312949
454102
446081
464545
575678
23596
61419
71949
349543
41779
69614
74674
408778
102088
246985
352543
160324
617
357448
451476
20161
116440
301772
438173
32817
664856
476824
872644
121025
219722
134886
7106
768795
1426
226740
230164
6260
76804
29935
178540
39590
69789
238923
523666
172343
301443
28185
722178
47777
50692
70919
781451
400975
568466
273532
110517
246695
262811
100738
143994
529429
54785
58570
121391
285495
543955
33079
329053
737362
65584
94113
246950
251421
226437
871970
356638
159
650933
51191
121668
264117
209
339600
394443
69750
417515
445454
152011
334096
100421
252206
159457
69917
193923
443223
295227
153360
1801
31580
127204
22114
27897
459126
91286
278130
218717
145376
353072
605402
476223
559018
136244
18165
488156
825319
17362
2948
124187
666238
137486
72112
290842
189739
75156
67926
294166
145868
451742
103259
97131
345805
265197
20228
528714
50169
162973
630118
1083750
252415
7661
815979
9807
266059
190957
159715
210254
52479
154312
246358
143438
85617
718613
406120
26803
58488
279667
160451
25754
626931
913193
237008
102903
126030
533667
668
208174
639161
267849
361193
180851
352110
392416
813984
109371
449527
12120
471506
1006564
21854
222884
131298
674950
659930
262152
233463
216403
290011
156746
79770
25159
72176
259191
446349
737
482253
10373
43497
24820
49325
1878
432710
538019
191515
263856
552728
455205
164236
21591
96174
75003
227450
13258
307633
299548
151497
102141
6769
33885
207680
265729
26708
329223
95331
75257
79507
70516
136226
135701
161335
395006
727174
420137
77277
147603
39986
223203
188335
361201
260208
319628
25000
163783
351338
1014626
519766
472599
170949
112547
4540
216092
95316
97064
194109
355199
247831
254317
450748
178719
135277
285063
251879
216870
451629
101624
119923
135149
101090
21974
356270
424489
94595
145407
528487
207364
634806
342701
476783
321155
4244
521003
322825
18364
385877
4159
764125
26627
625258
335306
92808
622302
484736
67373
69697
33607
333891
68951
95498
388415
504932
258513
230992
807686
716370
523978
262189
471876
148139
185010
76719
471222
882111
252148
128115
71762
219204
139558
24815
1111223
232533
249739
9841
65420
217042
204946
632198
153960
286126
598167
629209
50786
870555
238427
92910
92746
321923
50287
28832
260710
21713
262527
162017
37114
142068
391468
460906
193251
32508
700
218882
11177
21210
40538
215330
267027
70339
267939
54639
170460
75956
96139
902425
115449
270583
147163
298734
151474
86090
148056
58526
200177
104017
222475
69103
149222
147602
342725
121970
117373
53303
184920
18983
241519
174805
217704
40417
198582
188034
127999
294421
124637
598356
82779
397656
242211
396247
24069
171382
4886
86933
30899
38133
73826
532460
30412
99908
368955
547483
95237
364362
147954
190605
13481
390549
231460
285587
544798
644547
13442
393947
287589
194981
689470
24580
261249
498561
658449
291807
222868
100893
235452
222178
69083
17697
178778
20768
119274
94819
72332
100662
153004
69490
321911
73904
2006
390012
89549
497161
285472
273326
69637
4027
222789
396345
28575
293352
59732
23353
24864
725767
78603
49886
124329
17131
21717
7172
41285
470767
219359
135447
218061
25870
12916
17113
23098
363959
720695
555746
248302
71932
268235
30766
390413
264577
460810
47761
331235
274553
247803
357407
529769
259190
235894
257022
100065
102996
546761
711575
151079
32589
66520
236913
161315
21200
206903
118441
27635
151193
279964
761603
218034
197624
92599
76516
208565
424325
342260
41973
162333
503456
364461
202050
320966
805257
289430
77207
128119
19204
19988
249675
75666
69644
158094
179950
218730
662534
269833
245418
299337
82515
349460
3121
510502
9947
23157
258308
39963
91524
77223
53607
243447
102868
19287
23236
368668
16863
102503
67979
303342
268968
142223
788378
20443
228521
74947
105915
489186
352194
340172
196955
237561
292380
391538
340551
1048452
277197
69987
58301
48188
128020
356040
285513
32457
63595
207531
52977
352249
812889
52447
4897
6808
96061
70039
35031
288462
319319
158542
254022
179861
26775
179800
222659
10948
99193
20011
998013
389324
224870
6939
174086
16722
19846
237028
93382
123655
24314
296481
58575
446522
814694
671
1015239
196213
493460
151711
164449
331432
603999
172522
104336
418639
190674
17096
247748
145401
238941
179614
180444
235370
66625
19493
141507
18140
42180
26258
61841
32018
145332
884562
911017
4009
303350
200573
1233
317081
160697
73635
539707
286674
238924
267098
263965
67488
539113
21163
147430
368254
352618
50917
453985
20697
237980
293792
110185
226775
100206
91071
1054
241378
475857
120149
156981
8265
419963
135129
17873
67947
95974
266030
30324
188613
2242
189268
511923
90418
85167
273564
30764
240143
475775
4487
328285
571843
28562
155458
174216
446055
482915
277828
50371
178713
845097
102491
131967
521714
37017
178235
31734
7535
99465
161336
67871
445988
240996
259197
92896
53635
248783
232620
431216
850321
368541
136316
116176
341616
91824
406815
1035205
161450
5143
6894
455204
309931
556274
293395
62760
7084
146012
19893
21721
454466
150995
629191
103209
2240
143967
449364
279970
23654
35197
112622
136871
360343
61628
21927
3961
530600
162013
1828
710065
533428
1031362
458342
435034
490460
76618
24942
64174
621
71202
1568
50840
196560
134910
326521
208457
370097
73774
599007
206159
431055
206025
272282
523572
498574
92142
286703
271610
122354
275245
45714
208753
195398
41627
101899
700928
66335
50275
353932
292707
517741
299054
190745
148414
186908
142885
144554
637565
162268
13100
179882
103776
262834
73391
59743
69853
136248
75193
257419
308244
206200
10684
74029
141372
184253
549799
210250
14508
354883
178007
217491
327290
192668
95699
809136
262280
2491
270640
66963
136941
228517
53496
121865
177943
23007
319139
1060556
147818
266246
163650
118549
163659
300673
328518
7222
37235
121188
100018
45606
293590
37243
121684
169
483764
49847
240935
174115
25648
19771
99966
275708
251050
21858
10135
26282
39965
284848
44415
208563
96728
452960
9426
223966
863359
232029
606794
190709
393123
65081
314039
105224
187326
701573
149153
209622
92091
19286
194005
655034
49913
245240
393153
120362
16801
7566
263545
97171
386836
186684
426871
195586
6880
124293
10299
340141
61073
58470
455765
640295
768655
25201
100786
227643
172338
369621
174797
148925
348049
559604
84769
241943
504277
613072
275097
267157
27464
1907
185755
84733
497943
20042
261583
131197
237713
351813
71047
33899
354450
693602
121643
99365
19707
614949
323602
174806
278600
47825
258238
75044
533724
530993
272528
114000
531108
61830
775015
309575
60934
628744
38537
6035
117359
141329
43434
19447
435324
306951
114111
104207
637784
6399
7790
765901
295007
87110
243663
101553
163978
28451
30673
131029
70237
511995
917774
91940
54682
567963
523154
871140
96987
67274
9003
204951
7763
449467
720985
95097
888274
156212
1084993
180557
123259
758896
162890
248101
367818
53623
101204
311106
852488
275034
235462
353829
603572
94014
7411
158748
278445
530603
50988
127280
123539
43867
319185
287666
9752
96737
261449
81016
137523
35489
261233
242430
12129
39195
345908
445234
149030
199532
267701
31930
82980
7687
201941
158787
530724
99061
67982
273097
61235
161224
472205
27032
105609
264431
333845
210067
790686
473328
188292
639531
49987
74858
303940
222762
122054
123160
19254
521058
696981
274151
531033
92374
17155
555897
216765
11652
30187
32681
59562
1924
116020
157750
267277
278193
4809
193344
103894
915633
19929
252157
31410
121874
23485
533648
624775
147134
186956
551348
49749
66947
70225
403000
69437
17908
270646
1071518
653866
487516
883512
143596
160164
69683
117465
786866
364568
347570
103349
290880
19501
238829
398060
29623
76183
7527
681395
68511
30213
95999
68807
103428
162342
84331
393265
602567
3941
100921
171822
669081
468776
599565
139605
895069
436458
612125
178726
451888
147216
73776
217779
105230
128129
129788
49821
310552
314038
274503
953162
162340
171420
369316
30195
445766
244493
258426
122232
72089
513100
341185
80968
239273
466417
851770
258072
91420
329328
465890
146898
92394
885279
235592
72281
91707
278218
125306
450085
259426
931858
651713
368430
19835
89375
345240
633946
278136
11546
281812
20955
144196
428466
418487
269223
118572
349489
281737
447367
235897
16794
36510
264041
738527
87900
576758
20999
124265
242347
119416
58406
140533
257994
76918
698220
223000
207812
496643
25130
575210
160907
131373
31296
352994
31409
617513
21256
53669
12905
121528
113841
47358
17123
339227
85508
141810
521511
154016
52690
466385
223658
267288
84225
22380
470684
197889
158146
278041
607228
25923
133665
195292
420013
217416
270892
246956
170472
202975
879393
504374
195070
209217
6783
124942
76525
804411
103159
23667
144573
61150
194942
57954
118682
27109
273752
74063
128107
189665
161153
235385
48566
105226
43846
50030
463241
638145
156078
344730
353453
240092
257094
218653
51129
97269
195249
27349
63971
41634
382860
160163
21057
122456
235985
359610
116029
270328
237711
585
153080
822189
115944
40861
79066
569031
82522
344897
301018
21848
40403
104993
277613
319251
140154
179834
227967
19935
475148
331983
832914
249781
804101
1105494
355949
349136
252684
11774
230863
510702
49776
906592
141794
94686
727397
43236
49827
221327
346113
20963
61892
124788
66594
583073
188555
43910
2924
153416
244796
114055
622921
136029
289764
2274
960271
222107
27727
283665
47781
754234
120095
682787
363918
386364
103057
563821
25933
102294
157255
136672
102487
48525
103712
89163
160787
191762
49491
212050
202818
61200
49487
98114
172287
134639
239778
259723
270751
179939
400994
13578
188400
160906
104304
7059
158280
298893
162142
255309
331334
222699
14134
164766
1947
673612
568197
23595
382004
211658
45743
29285
196552
248988
189542
117968
164717
513156
437261
21190
259935
273061
520833
554485
463046
22052
174838
280705
493289
106472
577567
414451
31813
153576
44538
231206
220781
66989
136389
213467
147555
447239
290325
176044
462352
190625
531
30726
50334
242188
470424
7762
39752
180317
283435
649066
349613
217095
384484
857893
196555
418465
18984
101920
260848
53267
19002
132955
292369
25742
34622
96093
102326
252434
413231
184233
538584
221284
144336
754668
133098
122267
355495
35773
302032
218688
222932
117192
25704
423784
261785
269182
345895
185711
241620
164012
151763
295266
50848
403251
211194
270425
166290
352046
128414
69754
54795
128155
102683
236892
26773
325910
199106
91114
142939
89356
55265
3107
159277
380774
92284
115855
345862
348456
771314
315177
357332
832902
216319
93107
32040
207186
37001
9532
1676
269810
581477
357135
177704
547373
134670
276785
297046
184280
30413
289114
294549
89713
11153
417145
88260
21248
479143
186312
69289
94823
221837
396146
4190
43924
235882
159505
222578
591552
24932
69518
734423
287216
137389
174243
103268
470284
441238
720404
131436
285098
3685
451410
674799
64941
334266
543473
274500
188057
163617
27139
97553
36051
153219
74036
249330
74920
60998
17144
385364
44298
1787
37768
448113
44435
207530
271965
128593
235895
75937
23931
317493
136507
82270
595370
241329
30592
188346
384334
146043
160632
90215
938281
239752
673170
863687
865467
309600
369195
259076
439919
89370
318733
229410
275625
357318
831715
64164
639338
254001
95311
255104
287492
406150
58438
95335
189711
236009
12868
534140
347380
178779
1122
2002
271213
250083
252294
85048
201755
237232
152473
109095
764850
408108
135580
95787
20346
101768
173179
163592
286155
656840
77317
26875
571356
147171
282990
187221
30665
303318
149715
174955
229359
199140
343017
106732
147024
261278
329266
16837
100493
260748
44213
324726
475982
6251
610750
197586
20089
691653
58942
353722
255791
73949
124239
158505
309292
807944
31615
243691
275369
26208
726074
92344
222501
420426
451743
497724
27114
218375
37231
292595
22619
31381
240387
29725
280225
396004
81687
28593
144359
33463
141526
53417
820730
156535
764616
450013
256033
20175
92285
28614
4053
4882
51153
536519
237250
192235
238508
73288
763751
294504
128124
583708
261821
698588
78110
258843
54632
257995
145789
54663
429664
274758
39543
242210
153484
58741
244719
297402
97479
44231
298372
355492
79636
299378
23026
44517
957224
438205
42857
393135
65332
269043
78393
28795
149191
229382
7931
25781
443636
58398
221803
433505
1041422
270152
3582
455217
320993
180088
632942
99464
58962
135920
626741
78229
97255
148218
21695
601512
524149
3600
1002812
245461
641159
253303
161431
22943
31079
27610
11062
127764
297015
8945
3998
16910
29084
92661
28546
360792
251
60947
13240
423773
381500
277526
606510
127064
73368
189764
559694
281762
3426
73576
5776
26366
32055
239783
571206
386448
556012
96216
439783
73618
157562
218301
24248
26003
390032
287708
78641
396347
257233
151924
69262
59748
95840
132005
64618
43894
49532
587519
315788
724026
34346
602966
435467
163485
70082
648668
70374
100654
335233
64469
806733
99344
20411
115469
666209
215275
249774
50923
321132
193085
78579
779772
538636
62748
33910
351792
269583
488993
10469
8044
453618
474930
27193
30288
257911
687881
59081
246278
63802
610269
268127
19613
491506
91182
367778
49867
248688
104217
195542
152256
28484
627783
458549
252883
21994
86984
607027
331648
92694
116445
173119
222873
21205
84606
111513
1482
77247
110822
19612
30444
665075
170541
157251
93176
212215
271620
31619
150439
274362
79364
18897
186953
528490
670002
159484
32015
330927
514621
97839
42544
520834
142309
327070
125929
27085
96561
30630
100035
319450
26756
384619
106221
61251
644796
144611
12795
238178
122863
416775
21009
94824
140076
183880
139634
245089
800785
571953
258271
105257
351759
45623
59169
100021
163427
457859
580264
59384
161593
106200
101681
136377
532181
9953
133174
159736
69019
19986
145951
359957
449639
97724
845741
21503
247231
24244
14233
497178
29557
328136
517743
326944
247174
10158
121461
64585
195465
611961
71535
92446
434742
23775
124129
301472
264094
627288
580871
60935
49440
162377
461775
170518
805768
38474
464749
5969
329114
187300
50173
402043
96028
520841
220791
27267
329461
86617
272481
21964
120363
236470
75162
19403
588631
240970
191180
151917
471356
41612
71700
22175
92772
835426
134883
118048
160705
146594
260260
287678
334877
458553
237270
103505
28544
274279
218576
452510
267643
34458
139688
35846
226956
206422
653506
1035
303620
368246
239659
20169
296430
382554
3515
229012
70294
277517
69779
627602
280659
849680
265149
14234
221580
454716
160330
102026
437290
686678
916914
43483
164141
492450
140466
853653
263207
327991
278721
219737
240572
184868
582225
444184
263629
37577
105833
406701
937664
76223
244906
275518
104540
40451
175024
395763
331656
843079
298749
221658
111799
11538
316562
286757
204762
293139
83140
394937
151204
170489
326522
147031
31940
641820
28226
85214
149062
299772
108671
797475
20115
828418
460038
276090
351999
128311
612727
23755
532043
308451
339858
96260
436343
634164
251609
879846
975198
256151
248710
139974
74981
99165
418764
227897
161721
4238
229673
94323
102146
349520
272519
336234
336833
128874
3174
256215
176930
326809
210447
654562
470621
112237
44521
84442
630470
177946
20972
852309
281270
146674
125097
253007
104302
677880
38909
59323
197640
275036
275189
20978
448183
218769
440
393165
22737
209068
24755
274316
34514
446786
389951
4510
382650
16946
588008
268375
119572
625413
32919
20254
128130
40112
453328
911098
121872
66590
45850
20580
19230
599411
60944
145419
227251
293574
127989
160460
266199
447913
751379
576215
143428
394022
132432
62910
28093
50506
482448
87767
764438
135210
136339
629648
9428
646226
65845
281433
988470
30264
722585
4483
69386
845586
79378
92643
514592
97557
163353
430493
13728
276457
763689
36734
84625
200999
270261
127151
29401
78098
317412
25214
58420
336236
624065
493641
251473
380994
78657
25804
127306
577835
51659
571473
97875
464841
210732
84061
22805
449500
575625
349782
235368
646454
460650
351758
65842
1916
273405
618276
45674
197008
102973
257250
423935
180216
369563
24729
93228
239904
92415
252862
130698
147030
570187
463309
210443
102681
236863
226967
881494
247203
1009819
222619
236951
61131
163638
221153
885400
103089
446417
312023
29787
229082
788026
245678
538752
317463
23001
178228
570175
641199
70536
284459
347884
159905
3658
118955
10071
25413
102125
1047474
268101
107202
456136
294217
157076
368296
134815
94354
238370
61592
318556
725830
353411
131458
459128
541380
163224
201032
29472
157977
290172
773945
277549
21333
23035
178500
584039
464244
268259
50113
570445
140454
100185
299584
562566
132299
11237
7087
127073
618414
518725
83222
109730
582577
225983
74595
839283
474102
34906
163576
89372
277398
43669
262008
52992
20074
130577
237646
348659
60164
310529
3022
46213
220434
221290
131464
766017
252356
93775
223947
286728
296101
659316
473026
241974
67664
382853
14019
217275
602546
114235
549377
7157
122084
634187
29037
121873
389342
204864
21346
632270
286203
1422
25560
160158
267642
438228
128797
333759
532969
17852
357439
31052
318480
206128
455669
100242
221305
98430
382292
635268
61269
347891
794232
229591
474470
161129
90932
170235
94419
24958
701120
142036
583012
604988
260461
12417
268859
534085
62607
381140
5837
17549
159702
240881
11542
204470
325995
149595
828689
61794
91168
497316
23274
44425
57858
680537
436571
616387
300625
317476
243385
49587
140463
51597
179847
154850
11105
731445
257624
276937
190459
180326
92
174786
210275
243296
14424
4225
21181
159400
301433
153764
624474
352662
84490
570705
6265
236255
25672
237406
217299
533664
76033
38786
30192
393200
333
8563
668928
582171
247636
4043
419567
103398
88393
54947
144776
144753
91130
730195
285774
63619
257418
601304
54817
239439
931790
256742
342513
192378
612038
273977
385116
253722
572992
149565
487544
332065
95603
717476
742946
609065
281827
807105
369140
150658
882215
960392
84267
200083
51035
401509
2030
77138
230740
144942
581706
410793
295322
103348
262083
2008
157157
326335
157047
89794
181508
26851
34339
84421
164045
587655
242197
590757
92323
662055
656441
28516
303565
103939
430926
102481
135054
227435
381236
152541
129883
104222
157437
394406
419112
553097
600563
319972
9478
44122
519876
218786
99180
368754
646296
444372
30522
23530
52737
352883
495064
533782
450664
157824
177926
577857
643570
123164
103966
9321
739758
58151
823359
487239
293860
94912
880203
23727
636976
243899
159305
645357
150246
277553
207753
28122
244143
358956
139086
187284
334520
8373
199568
220703
108904
361256
33376
632444
120789
208765
56022
99959
226391
286613
285440
685960
145931
626127
145875
741788
32209
92704
151215
368997
91852
135452
128689
368272
35431
13887
270750
215881
569412
856007
245097
843855
348235
226854
325679
575182
856024
443231
484393
256144
246495
248738
140582
456118
19991
100650
104978
242855
205795
261597
109336
630931
178699
390702
360039
92092
78939
140465
267084
125939
19227
96662
70042
11668
197251
38849
90410
349767
293538
368394
360888
3387
269305
143691
138391
58429
712140
361896
137573
69624
362460
356301
684043
109384
266346
783583
272790
86659
82281
8260
169269
105078
545521
491493
262785
76062
274895
50682
622306
717343
101998
99195
122060
229256
764949
363593
769114
206329
92973
143233
159581
19470
142134
581886
43332
157114
521522
941489
23082
477944
676876
75243
7607
418763
192203
62692
179698
161090
146116
51100
441262
92597
263521
74672
483221
792079
134936
329198
1672
556660
88366
23341
546499
198748
613594
445846
156622
139247
268139
236341
115054
219752
503330
643688
25886
78969
583582
148028
652839
95507
346457
334244
261461
120098
239414
331379
185748
138893
78964
853696
10846
120588
264603
303537
22524
1001004
161434
261641
17297
106534
164415
98455
287814
68703
25841
146555
102500
22533
129187
159421
398306
28107
335285
339962
341764
325563
73879
220745
650119
27090
92759
1080005
360
193007
128281
632992
261431
3353
143326
197420
1809
285752
288579
101765
60355
476136
252221
402898
71542
39260
251541
94668
160447
220984
319371
102251
60609
49309
6218
8882
488284
226852
861864
112809
723653
177791
321242
836608
23322
730199
60972
244670
83235
51504
236239
448406
17170
157569
59004
1512
9225
260586
349775
346609
1022971
820296
101127
152637
229344
325882
635187
152628
248028
220409
119419
510651
316865
201292
271111
78411
281396
109731
50064
13230
102476
249009
51380
3595
162359
243891
319718
546519
78780
189817
13723
83467
118793
805065
41841
286781
555474
18933
25059
258466
217593
345461
363293
210234
121105
359301
824105
51157
155472
259658
639784
431454
181647
99400
348809
505185
260716
186619
122939
493848
201999
285801
572590
448231
89870
645040
72221
23884
32607
48480
108916
222100
635295
162121
289351
96559
322359
208776
85618
192238
26235
260955
716611
61630
770639
216462
79626
439105
114458
474390
579839
528888
97587
715241
148545
602951
333616
441401
179567
42246
138256
158777
254479
156645
13992
86390
2949
546234
738739
651250
164116
231245
414083
924577
58425
62052
66763
23785
25136
111955
23383
455702
62769
100908
310730
94583
76019
506369
464092
50206
475994
624
41733
222611
95596
587276
29098
607288
128849
420979
296090
103203
269520
484294
201993
37201
4370
214217
99840
10761
257907
151881
475916
60127
336087
42980
104125
294666
471243
31040
405962
342319
8272
387391
17815
446225
14047
101158
99774
488312
35458
295917
75769
46271
244331
99775
331960
103555
200162
19654
66713
46030
285789
26539
9408
64270
2072
19458
79191
419860
13964
162961
6799
49516
71640
259619
510281
275465
58436
255849
299
93220
64910
584314
68027
258002
320943
253180
145141
147513
44436
91252
23017
661349
114943
354827
551251
161326
115946
630666
188382
53477
479505
299395
40401
160584
51630
512110
239860
385554
153762
74880
570188
516099
149084
96502
174288
193189
123277
45470
349855
17825
448166
7749
341997
33369
231904
446553
348034
475663
143474
255419
318734
64594
332650
511194
124507
474572
61540
11560
118569
158747
37553
359344
110798
259934
94158
290768
31842
837715
834535
146005
22412
202839
114156
17742
135258
3089
96027
74597
19012
327442
120737
246612
872684
464828
571068
471240
132560
95407
238558
79573
276335
128470
121788
733038
1061527
95831
267632
229397
143298
21665
507918
121870
40744
103333
37541
162925
8532
101237
49854
603161
31061
218799
1051
1292
115071
389916
216048
200152
275417
8994
110769
471591
87038
511892
826621
59188
115993
419766
21279
32670
32093
273456
822335
977297
43487
188053
282557
161664
932757
271190
93780
121888
59693
84242
398092
124791
801268
17716
125242
33661
156520
775012
188362
29377
912542
124858
96164
91949
696885
102045
304973
123788
818180
638085
445486
76563
104037
197852
63183
85034
78082
160827
140798
300984
71323
110136
179617
178530
842203
76283
99480
294282
140207
30248
949046
368645
40822
150274
241327
73692
427636
917481
144541
209981
28561
600021
765086
96034
19648
438559
39670
22250
82827
209167
159279
240004
313701
159407
201495
186633
93515
125466
162075
42933
149287
84024
75513
149247
91514
402611
331508
351074
117593
319286
386927
612646
41783
5810
349634
1064409
66439
160998
260275
250936
153532
10273
278263
26940
2127
678200
475055
192136
318637
217012
110488
493636
242881
26403
272467
322894
23016
149050
136453
82782
498181
240378
265391
115352
96232
58972
340422
67999
21804
446068
95235
209426
768455
689445
151541
476809
994096
25225
10953
20150
52996
93413
279183
408901
146737
3927
178531
69668
97448
40084
103874
574530
351953
203167
41503
279999
139823
30519
247238
24015
50984
335848
21763
218972
7905
315298
20704
2421
341441
278439
476258
295160
40435
251900
122061
797056
606793
47733
988098
333240
88052
384305
38139
320373
123681
300571
27828
34688
122976
66977
179831
280658
10118
190534
914164
120198
153152
4326
51425
131053
23000
256612
20286
242170
689505
639959
261285
591143
229726
507050
66584
290342
522076
156049
99879
407175
615937
906885
150815
61795
109121
65173
115096
258518
245151
241538
13460
383139
109414
736957
346163
261349
36830
75019
417727
288484
589903
63851
124055
1080
227826
163548
540475
157775
184039
59256
605183
98304
17381
896045
52588
232499
139822
132606
639581
163142
222356
293120
292356
114182
26555
7992
210521
73918
24813
39960
325908
57918
1794
258196
95597
811551
184899
701544
201781
259537
125758
99327
127191
96268
53438
104615
426470
190398
154185
264282
667528
444346
49940
255860
175192
260184
120785
152214
4056
196983
828203
254132
503802
541347
3315
19038
868313
273108
586803
252161
258934
382523
61294
118725
152981
228747
95052
245091
500183
156895
457042
673375
331946
189629
634596
27011
634297
563835
247788
252369
94961
143911
312046
97113
158386
230107
262192
261741
183213
262843
335220
688392
198068
74508
53294
686681
570037
457598
296286
76043
472679
212905
227482
152750
401455
209512
386706
157539
25153
641504
19358
1260
138164
292139
364598
153468
159516
26314
227017
83492
941620
218565
31554
334977
669232
454142
304049
256830
143653
152980
95826
353375
93064
105033
335760
299549
136343
136108
362632
506007
274268
8114
150387
227907
42744
134587
59261
102490
832076
516159
552347
534340
27653
114318
37755
107495
75313
446124
534491
446341
150682
101552
29069
232515
4079
37556
401067
120975
148051
273316
93691
13235
72291
75516
69845
35245
330595
58413
446900
225975
531347
497767
102502
50956
227490
37135
195863
278844
614589
285468
447369
248408
275984
765735
74275
218908
395541
32006
298674
76063
29826
251671
31690
198110
16879
162349
635961
915166
381188
476102
152645
357478
714109
54261
128168
243381
37045
390707
263709
687644
94967
4425
268314
239663
472613
26464
777959
207455
291548
4522
158120
91374
30338
10127
195662
221534
478736
31457
145335
84246
1812
242032
228324
127332
92028
91170
4156
200030
264759
27269
2448
216720
436178
538544
163123
20132
89082
77129
78382
72018
23363
127389
237639
175196
96127
208582
396022
301749
28555
32165
1010219
267129
472417
235495
121386
46948
279666
344215
251963
579552
454242
164630
238925
101026
1035419
236456
128000
74784
93804
205082
1883
2301
419456
51326
44499
236553
30822
545206
1078936
75495
436387
171424
551856
491861
163163
51314
220761
17228
372981
369641
249744
92658
38462
92883
193012
27248
157823
287460
91330
173174
247615
32352
190612
712233
903703
385045
275979
924106
245751
20378
115093
498671
38590
100186
313783
221179
302716
1073802
22963
23872
16733
185720
242838
839833
915590
483752
546038
233225
34455
102689
98398
102789
240878
346321
225977
30221
226036
500091
523698
655000
124959
309610
46115
151436
491668
84266
607016
91934
96541
2897
1424
963610
3616
274298
1049
74023
104467
765722
603889
222315
780102
217206
244124
52699
714106
30690
510342
47815
50965
28858
74092
180497
139943
21301
348369
64078
351564
30194
205488
505964
333686
409052
159770
183987
592878
265721
91047
43698
455636
533288
105304
31605
458602
246041
74400
476165
26807
34444
474211
112
131139
234463
398814
34158
122970
66996
118505
150444
92964
855337
69427
72120
321530
95322
200036
556634
13776
731501
1376
569929
309578
229176
86258
48724
344219
477224
31694
48539
631616
296085
408235
434377
24571
335589
396572
750390
84337
687874
35596
543624
87087
104229
17704
3959
232049
266133
68473
324625
1569
33685
63677
134783
207187
187303
303698
52986
273434
69469
351806
351175
95027
362508
885855
348465
466836
770401
91921
69504
571625
235937
92985
259274
63101
195365
28522
401780
141765
180602
247218
260425
107219
100810
381195
24715
573781
160465
535946
121715
334610
1096492
131040
106237
240292
8459
637523
775037
180352
190600
646864
393585
20366
58179
4047
539291
93289
148347
531915
102107
810918
338935
382986
311041
871464
59457
260672
623986
35277
996624
505930
705531
870251
94898
125901
128212
359053
158395
59491
221692
828370
263649
112811
24286
343056
141129
103926
667900
640654
100290
487955
262847
474002
447444
45498
1000859
269253
26468
37700
4757
13222
387366
188522
333903
45689
112529
71887
881480
657950
8541
96942
364427
570581
93203
444469
267001
111148
101073
671699
151589
94473
119289
293829
179713
9477
942275
596996
34632
100881
217347
513109
9035
97186
394493
822995
12506
141161
157369
1224
206521
523674
196716
387372
119962
58635
151362
207504
252192
31399
36958
200963
7765
85576
76298
123821
286871
689136
70171
153986
493132
775741
266101
347800
96960
235614
84753
141305
462646
523783
764060
153607
351176
222822
193017
7562
414607
4385
13028
78768
552932
157131
127279
192703
589723
138636
343132
59440
448163
442934
326706
190849
152548
220759
100072
586911
185873
906486
321746
100814
458624
265477
19892
2175
381752
352942
602146
257310
30565
494938
66516
94143
458503
26942
272290
362386
161555
304521
201775
351741
301423
150292
147012
93812
1031405
91265
150365
95873
281023
82253
552525
636
299741
217293
12175
260559
291071
295606
457460
281727
35358
25920
199062
208596
866606
24036
159515
5819
280352
161067
226358
716510
293776
75816
9319
322128
249506
72025
394944
96115
283266
658044
125702
105745
249352
176053
573559
191796
173120
244508
586306
4530
361937
27286
268896
351056
352500
142752
272814
269237
26809
135349
249461
7354
301386
100359
558714
750180
325541
30489
184800
318969
122706
145484
187486
533905
294276
77153
1060332
207523
318596
142190
83432
75217
609053
489075
120046
33268
66852
263314
465391
81238
72748
254303
65026
624182
264643
33744
241868
801391
236285
68935
154075
265540
242156
879024
36435
36893
7011
246525
523824
53318
204629
361697
65813
76107
460862
17733
221393
260625
408115
4287
102959
477250
44545
218478
121190
230646
75735
667652
408132
63912
59152
157427
61007
892844
142211
92143
20264
334636
344588
70337
141580
691476
396446
122015
1566
275263
146491
94127
351371
149063
119408
253382
134931
101479
580024
505287
596607
108793
227627
272531
26413
678285
28152
257221
155457
91385
95404
187271
270267
27257
120787
178505
319851
544781
155563
144508
139913
140824
226855
26681
270573
598423
12583
116758
263822
123069
1124586
250168
219971
105877
16778
1031477
90148
19717
102410
355105
328335
458121
206325
137530
158465
37549
676066
590568
139616
940323
95119
164003
188372
28722
83289
94116
9257
257955
261749
263348
139797
725958
40448
258021
108924
92385
46938
104306
729082
482941
469432
96406
482730
70543
145303
43082
463667
283235
697167
242723
68989
241017
858901
221551
921960
524790
251548
179569
294621
443865
11808
286205
70500
258900
114051
155121
437938
940910
314239
864351
21627
532807
491575
52144
794845
903672
498997
477616
345876
77580
276925
497080
613282
163187
666410
22746
543991
419360
67815
563055
92714
156694
538790
239608
546260
591692
93611
33085
198612
22370
259721
364234
851780
4054
503094
384758
162722
316242
159592
357504
396566
9470
273606
243509
538034
242239
92548
251224
431412
309581
277026
146561
264733
258423
330913
536858
9358
473219
639893
397757
444387
255938
134740
31680
252179
160327
116306
50987
187617
263727
36815
895704
8641
218472
348689
59260
101704
82430
199279
126167
464217
3187
79722
287498
114422
92210
434124
46317
120101
1015600
474710
657961
1044720
89940
437260
195595
435213
362218
121915
647837
1184
450435
921121
184224
50610
319025
468386
70586
236688
58750
297468
587091
214223
162127
469185
106387
919713
473776
297360
778792
303699
147282
579186
190423
239434
326692
398369
401308
321842
153025
232285
113199
51263
684423
174969
463628
122578
32913
629829
16616
262573
476008
271481
333715
606823
216928
1087287
134713
17728
135191
632683
1484
844984
76198
189540
809
43951
344198
128914
188357
336447
8358
192630
665809
196675
417739
326992
104774
267759
386630
85859
313751
487510
259183
355506
325120
409419
91300
26705
667634
355338
92036
84124
42461
269456
22829
242563
198913
302226
258580
621601
816929
159272
4497
95607
334032
70636
600053
454759
127777
252176
512460
92160
438327
590773
733710
254254
493341
220785
996558
732787
265270
81546
95667
521761
130347
733189
173083
447266
131886
20475
417513
1078712
274505
349522
141201
120675
681038
29339
288912
273113
325530
174393
296796
13473
208257
237280
162582
108760
133336
13434
145288
12719
569773
176578
26481
126184
499825
1002269
260943
501008
31271
347746
12065
161834
20144
274143
474815
222897
569413
149031
368461
259977
239404
309525
475319
333684
76536
19052
143765
97790
267043
278342
26101
840307
394355
556366
49320
526320
536445
221060
76787
558811
24111
75974
51342
35422
8186
188777
243327
20108
336331
19139
300736
151682
710880
126074
19839
72135
329491
270900
177330
157233
326575
47399
1084976
9797
175484
322164
19716
17482
51382
122999
184117
134810
238971
231995
896427
346596
430530
122020
254997
470773
327534
444768
173077
227505
184035
230886
92094
684
1047766
276944
347826
722724
516988
963
151518
58225
39671
174914
728616
101945
492281
133694
242179
512450
556385
184006
58207
157287
163861
58227
153099
62478
136236
531088
28811
921020
7650
124554
312337
264640
492357
237009
449879
5405
141587
861929
767598
21100
475870
364412
312518
505048
102154
43251
46026
479369
21389
129914
530247
513054
265260
145370
267992
510987
220682
24319
37405
221725
61693
474603
472100
589867
568848
289988
193849
893273
74779
163464
70492
103280
16809
84159
276790
157542
44992
148092
852354
3296
296636
70402
25775
381047
398451
28920
505686
30422
594120
221096
29436
21317
81915
240008
451490
17367
603701
252190
149633
149386
25746
211030
634372
196681
464601
6930
8073
118374
187475
20806
163618
78948
259941
303802
250098
26153
252776
125948
644800
534827
179791
214231
353394
13988
624199
542431
34012
559077
295059
5981
179805
299698
118939
94162
814226
469590
619376
92513
335576
268351
51845
469376
629690
816015
43817
10209
779216
382939
68792
71262
136118
993337
105096
276085
371312
240390
76055
255300
260198
97567
499289
93427
345486
163148
84498
274588
258472
351215
571987
250807
151883
970051
24346
127277
568566
95153
117632
41947
37197
39737
957536
70386
924468
341127
256928
24072
32157
68628
189045
6029
43830
498573
159004
58202
73609
394948
18609
144727
41765
472597
8101
672984
188369
309271
117943
20891
260104
152503
189631
498732
93760
458491
354162
26753
544039
639351
180447
311749
555754
111479
465195
115657
386086
688965
174775
269437
98258
472316
148878
247135
16779
491256
240900
74906
6933
19918
444450
286738
927801
356324
286390
159902
146187
588288
292152
636023
293637
615376
414127
31641
10545
450537
453206
208028
573759
59210
537572
69456
170111
78413
247065
500110
91835
351778
98499
97935
106271
563895
24289
180376
881664
792810
218996
102901
888353
148232
616503
24336
1064653
192193
594593
141148
222590
784366
25819
66773
327375
294010
356344
273922
128154
112576
61695
258590
531044
52878
384762
367698
626732
233183
189267
209691
25170
158678
242109
811054
218573
107231
151240
246304
103952
83515
178453
152919
464437
17725
17151
215511
263248
225068
75936
27223
60975
444437
206862
122967
44830
173127
4270
1833
150969
865009
290078
569275
31620
257799
23662
192503
198133
381320
787159
29812
94341
635227
101781
85195
789661
141909
262890
101622
113238
713821
672771
132475
553118
1638
195548
201454
260950
560936
823444
78767
456342
40425
255014
448435
174885
140452
171372
26016
530611
655238
27687
614154
17837
691324
44474
256916
44049
215313
271739
128365
237407
181544
518067
28286
147238
355736
245644
7313
559021
235475
755078
347536
285462
126148
151628
796328
58978
58326
488227
24844
510869
263158
285047
871
75629
27364
44457
147001
30933
157072
634294
20298
170462
491849
104613
133032
11349
209639
201489
682745
641726
326656
82319
218994
138887
75842
417617
66846
157314
41079
189028
99643
405418
2534
54624
861783
250823
217033
67518
699505
121580
628792
127227
4266
416712
118770
71841
41708
222509
295294
474686
254965
104656
240019
37583
47411
179786
186573
6329
424426
76811
141077
868682
4177
47102
875726
231630
355204
471000
726799
161278
91293
842836
385697
7620
588154
623811
44534
286621
240836
64611
388455
97864
641897
30326
680928
2952
966911
262590
30298
162237
253685
704683
456684
179943
352894
386657
83497
656939
269829
555679
93573
42585
361403
70491
904602
27444
299039
313586
226870
542872
430198
806415
220832
96342
38029
529649
143247
554537
155206
471349
159245
259237
220398
122762
387575
64548
335346
64810
174936
637518
26706
246312
97558
179775
163690
507580
97663
30296
141512
13276
451043
298779
22719
255468
478382
583641
162130
309441
123899
478763
160805
198171
281336
369265
23796
521
331704
191729
262298
42898
164535
419076
95650
621288
127461
259433
136490
381862
101862
21074
72024
146191
58708
93662
187238
275719
97185
37131
10990
16610
139381
36918
516035
62951
195391
74916
485572
393992
153786
448020
133206
341166
24288
20894
871773
144219
801527
4305
192188
666453
400900
384589
323233
60154
109437
117776
123108
243285
227322
23421
634287
146822
193798
348201
332038
114145
140470
141118
383422
8369
287393
50818
251910
414
222719
801921
95893
95881
592087
541477
45658
160389
102564
330999
63613
190733
2925
464602
524877
587085
248926
343538
156736
292074
58935
453772
332207
140946
295033
792753
64635
4389
582425
154488
293729
462273
71463
146269
137965
128148
73858
39172
232215
188468
124658
456056
530208
455295
279682
92662
578925
21383
805563
93991
280746
218993
24889
264301
39330
567020
3266
256731
56260
212220
438888
292848
346169
248209
387488
86165
212245
493366
120013
222268
110304
263492
52435
680
91575
351815
26873
120926
73517
38461
268785
474685
34973
153016
482430
91896
146761
498595
538967
592736
25010
72277
94605
446004
10918
123214
359322
296301
27767
340325
192231
37607
186874
235589
114
528724
530221
298644
210044
99903
276172
236975
20245
40013
30541
160318
148108
7239
617259
241476
18973
92269
433496
43373
260263
283308
491560
30907
61712
41129
36760
74836
156215
809813
205000
226770
488174
38603
171225
128805
101473
435645
364133
190938
609046
286246
29852
803106
130116
472541
559265
121730
567980
802783
244629
562726
164023
317797
319309
18335
298530
22330
448769
150764
159879
627190
368002
841978
155307
45137
258312
351191
418381
131507
96994
508355
740548
1059011
263453
56576
319908
574631
430538
430233
361249
231358
143919
100057
469638
137582
532830
372021
92161
124439
218254
82221
119327
936842
71026
102355
210364
627298
1029393
299678
26149
238055
692923
117631
70062
27186
32101
447288
21296
220669
423724
156034
780224
27179
776810
840528
13056
91123
9945
210071
251062
1046188
408972
295053
475487
147308
318584
634161
174977
350104
253300
426472
685534
949010
242135
9119
19962
130029
537171
504123
3693
100575
770883
7932
147400
152132
238928
266573
732424
241993
16650
275753
1016663
226144
218216
70528
4707
50951
221397
201577
465740
75934
356269
613150
276030
52783
506336
416183
270414
118045
462871
51533
87682
142491
640047
92765
88981
39357
586792
57908
115385
136681
120011
265994
203620
744562
784236
106527
237962
327700
218902
208820
348095
79067
206905
587147
23720
881862
712163
326101
264658
148352
53336
152955
103030
289734
360293
370144
381567
821878
652870
238444
452277
42964
572753
897641
437740
518580
271699
216859
633231
97207
914221
259181
703
76589
522319
74298
102050
528964
540108
340736
27092
246557
90897
261261
140451
207663
4544
242132
79609
352005
473627
260399
455774
976623
87277
246332
106964
18583
651497
104524
528393
159083
39931
2454
7571
28333
349066
104091
13544
60962
257125
237326
339364
282698
318986
588843
431134
96930
219765
212384
80571
73260
30913
443226
1049189
12749
103494
131376
102431
104128
871939
13353
206624
229996
152726
152834
293575
135715
252163
503254
78157
82748
220541
44925
27036
1279
568642
293067
7943
148672
66998
751107
193597
86516
433671
4275
203075
417528
76765
108758
386368
338574
435418
217032
518071
226589
807619
269794
284019
17830
41974
41256
490080
146741
145308
93974
336255
186983
608
210003
545477
350092
825223
12048
473726
605895
210063
103109
48036
139934
138995
103266
99812
122057
479875
6005
243698
472138
171416
215380
640345
1664
555343
121136
630566
220778
50412
643484
61740
97018
121633
261595
73829
326163
603238
58992
110306
191559
212441
189743
334642
190807
187283
72084
26517
607173
611348
200155
89520
668441
91178
196548
173018
270178
635717
69871
37981
251065
224826
30369
36782
158049
97224
151730
656414
146280
736613
351457
172973
230955
141162
19144
61313
93225
229817
482899
72161
101990
263728
159733
100777
22683
226943
776348
141550
670914
191206
155366
797515
679012
221316
208869
244310
61281
146318
8150
187482
118614
102687
882153
269082
510173
381392
60320
787169
74034
64856
1103742
146690
18912
174611
346612
452411
224616
608240
412290
478079
293605
171012
624857
219678
246591
495035
518547
63636
23950
270491
205946
63981
465421
462268
322156
817041
55069
18372
812460
94893
153440
624515
256296
146101
83706
199186
874560
575560
32519
1058745
129668
17205
105667
49883
437920
34335
10036
43441
187502
1050327
335688
402088
45183
632637
300273
222732
193922
326961
703211
24052
61226
684096
140060
196925
718630
206258
617592
104821
14196
140268
42763
180058
16669
632184
991590
32988
388882
273720
959394
457732
45230
344547
459956
170257
395206
173320
824686
76109
116192
435736
242892
264318
2906
131621
62503
191471
94858
671039
220265
31595
708571
100331
870243
177945
700187
188046
41016
339096
206658
127175
151732
85837
160788
269248
201770
7929
109347
925918
276101
777460
95460
264520
54727
279782
896680
644965
92996
731519
244701
389911
134791
465585
368088
102131
303360
119347
249789
145781
99990
255359
328321
23649
51325
158942
237025
402836
59174
308912
493857
28214
16726
318445
641712
352340
196502
49442
246544
160419
23988
456950
49750
295299
272988
84376
626112
330935
16944
130988
92081
142335
184618
101635
40418
451697
579107
64204
704815
171048
507074
270610
26771
706121
24801
211440
70281
26406
189052
842905
78063
88255
1057837
70396
74323
59068
84384
41949
26946
103747
149540
91353
11427
504880
268746
804004
221439
395068
11481
151714
200458
281903
104982
67282
27009
580861
879750
238218
622034
336460
348497
558464
567997
152550
368375
157155
16630
70004
173017
30327
20661
506853
352055
897027
187546
762577
292672
75035
476420
266208
440164
163476
479200
398193
27542
272255
26774
777457
76724
293180
219117
744371
230327
719619
150141
134643
687740
209439
318465
110160
275620
240954
184226
46518
251085
455227
56032
261532
289947
388685
220138
215967
201915
56245
24474
125856
125459
500088
122630
229284
438774
163777
364876
159617
151950
136748
370351
161474
188302
795749
358937
518745
185976
207735
740319
170938
101769
222538
1091023
278418
69857
111829
519656
51266
46939
344410
50413
26176
340950
221937
94919
22264
28934
592153
391841
351210
47560
69984
361597
84163
50660
766705
159001
130929
462726
16777
5829
652488
348372
444459
163929
51417
619281
195364
92100
91890
76595
138013
1078253
146300
11516
7495
75553
3334
479408
83866
104133
222557
243032
457155
117410
40324
506408
163926
353854
39685
472035
52598
579447
274
1026315
127754
887482
264243
166753
34042
97257
161552
236128
31696
30293
823888
610936
1067
103705
209687
449192
525883
101689
207639
13998
189669
75169
72012
474162
72330
334273
245045
125996
742786
242009
41848
326626
209203
74240
396322
331135
4031
76686
94398
320947
216151
215956
295295
155118
174945
853467
97275
43946
473009
484413
5927
189362
192548
210729
659061
221264
180585
980603
222776
61203
134765
590278
26338
131775
202094
104586
96316
505709
2452
1100070
116757
447347
624466
259101
418857
755715
26894
255045
54767
354828
151256
13943
430141
140078
543596
180137
440544
114085
909672
43395
47355
114917
336781
95602
160354
329502
692195
403011
125521
155042
290743
238551
174835
506296
106162
614597
383042
246176
485222
18033
222342
179849
643
229473
779178
537123
48868
288556
99720
58215
59455
837409
836740
68725
456699
112577
178763
13705
253891
452249
86191
333700
31725
41757
877175
338111
124871
287159
85977
392137
92295
260136
14016
75634
57859
7522
205475
498335
270225
326207
26374
30229
49441
588950
156357
92245
698963
160260
123919
74414
7554
92098
162787
155053
716825
9009
58424
239447
437793
95876
74313
48787
157052
686345
20218
524371
396733
7251
145928
23515
147815
338844
517422
119385
99380
406816
151526
22951
337196
143828
260265
630000
286797
19786
58472
275400
275737
85933
8151
252697
17846
867068
96118
146066
473988
486777
95084
178783
119494
882568
473245
240394
201684
362705
512471
230821
299696
75846
131417
665770
83566
873798
229205
93272
600469
155143
522080
146794
528700
289630
25733
339150
8176
35616
375
738809
69244
151644
1126181
390699
309959
386329
292708
288599
319424
99765
99885
80269
139800
145904
19890
149075
905061
456636
211290
12159
794408
774427
105643
560776
309076
49500
30367
115882
36976
51347
106398
264371
173979
347670
157993
320580
792805
447904
239525
176234
314289
248246
91068
329422
70877
517739
673338
40357
199350
1163
66699
52116
322623
244910
240993
25702
201293
30827
359646
91950
325998
264690
239099
324562
97198
63170
574709
30189
606455
331347
92868
101502
39827
336599
301764
68809
68528
109
606591
273701
201382
94619
150973
199528
832419
64999
145954
194116
235902
397399
23023
19689
7383
161346
147601
139357
173181
434426
242599
147110
335283
345926
259461
131935
11881
256546
103529
152277
551821
294234
493097
93649
587746
92721
398574
253711
91243
203083
652466
131894
12032
228851
36408
120713
547343
599406
146389
689155
220051
578348
2346
82188
94492
514081
49946
454614
1007606
560310
820806
838665
606423
83569
145563
188407
25215
349856
354199
3035
86015
855737
519484
24034
49945
351235
7800
267245
185719
22324
518361
826892
293747
483429
541434
125037
90962
499870
365789
148884
337091
139175
314490
4785
492345
259
186985
600756
134976
533319
117047
397259
752704
101041
1067230
172654
294571
158518
289965
664144
89842
127714
154280
450072
464644
981368
189726
269804
136609
191234
139964
10557
493836
391754
507108
71005
224061
598710
55362
779924
606248
27498
127324
320379
135840
287680
69207
520770
268116
545792
618682
123138
218092
461724
22698
556085
692776
69485
110235
869718
274755
50992
299580
129645
490091
536616
299690
787932
258494
201759
41986
18971
496976
497975
99192
259798
610692
9100
972372
129377
53643
633342
230619
12449
314895
219188
60556
590056
1718
868914
94613
20895
92873
257688
299686
30588
151471
288496
297691
566434
347454
350333
135257
70803
126014
174232
264260
447011
70277
259361
91816
260133
205973
47885
512458
50117
476061
827576
804179
237655
610534
119109
8167
109124
617156
506220
208506
353768
117350
289411
892103
145028
546427
1065919
359922
158455
142495
36763
134769
152386
122769
162939
78017
407173
260228
287646
842341
131063
588182
406721
159524
292221
247280
214201
1925
95983
10859
18892
145934
150604
600394
96238
770242
56533
202824
207561
299735
69791
215366
61451
273389
590360
336250
92736
390187
591010
82953
6095
62673
312128
144749
538858
261346
218235
124931
473543
141945
104439
475722
47656
77045
969763
29637
253678
119535
339305
733795
355420
642816
14177
19891
35534
253968
149435
1032647
545061
36605
588873
149652
68362
218087
319676
32059
1013345
766183
286235
4203
76082
83854
19076
65582
776147
266381
494786
401163
292295
8860
53678
543250
573780
909277
45531
203205
225023
858326
628893
94370
65016
149281
329434
590194
144282
184234
4948
895367
326662
103312
671752
434261
610702
22066
326734
140686
220204
76775
10085
162266
221821
281401
241902
693114
66929
498829
85333
151760
644667
860195
625
25238
984664
145305
361049
491497
650750
623059
440232
17101
599521
109284
572643
270275
217467
341911
263385
312606
601278
101457
362294
1028
909540
302061
660576
347116
384936
40261
26836
18130
101989
132957
59602
37596
2133
204532
12401
468854
175373
708750
22309
367762
483165
121878
733691
36793
530766
629694
370227
80453
156609
385583
300711
3144
52013
75884
66426
203207
174354
628762
68268
631257
203059
119467
74738
95984
140882
163494
171527
801077
156640
449164
580443
73924
325985
105352
78018
493852
574373
602183
147151
260099
657884
185763
313166
61708
134742
361119
330981
447808
192805
188298
272079
661611
14092
55820
96247
595607
78562
117447
235613
262291
4986
1004583
163843
139980
288127
391373
627477
151049
11064
21441
465197
93525
9809
3997
14227
382818
127125
238958
244514
252402
434891
823944
408122
615976
637561
385968
6823
144335
625852
235490
66661
23085
586496
650482
26616
165586
180726
148810
91028
22202
157191
217177
690118
289990
419527
18018
346980
163614
251311
21212
494810
530397
254981
28499
777977
673097
299300
187395
488851
219486
145436
335577
625787
437323
767507
71641
55229
353449
45099
270875
7521
363609
2131
237195
148486
265181
453797
124490
93267
880084
197797
464414
100347
546579
330954
488825
21136
108772
633882
17646
161338
170211
96087
106083
198396
95517
189343
654458
198874
289320
170311
509697
466010
907175
575622
287793
251864
523797
36766
569583
100892
97541
63625
544543
23127
650683
5913
622908
744881
497945
160334
692770
356483
134048
543082
319413
319408
102518
6706
63699
845040
259530
487566
10367
242815
21815
774890
99326
631114
319133
61677
220930
352615
417395
91423
125905
42083
287196
512019
7057
26574
636819
87725
142907
74107
1009797
1021788
292177
424421
31528
509883
317280
247934
240903
1002748
244919
571161
128121
4309
21002
236670
13284
263228
9320
19903
130999
221278
950153
952413
1045774
288616
268202
163212
160342
7796
260059
534184
79209
134841
422151
157231
200
245166
12549
561223
477884
670595
568440
11635
260279
80868
266120
44988
490439
218935
58697
62017
50201
61165
101316
191380
658315
69477
390177
354104
1087672
181302
27755
263764
176166
237398
26838
97511
254699
436361
203596
763570
352111
918952
34522
381079
611034
192039
210048
190954
544772
100784
508211
219039
241757
158482
43388
125952
92894
218085
20371
834696
60179
195987
240405
263740
519612
41628
91217
101183
5040
156890
443817
101014
102306
680226
289377
576301
25836
262541
74872
9506
205961
443846
70768
848262
25186
148441
114009
194954
188061
108668
464532
777080
329431
221862
105871
209110
336505
351522
316142
13204
390292
298907
27424
387953
153904
623322
725797
20206
49507
630634
152143
217638
823497
622358
483751
13829
361092
12246
50990
161553
191737
121374
452896
91366
39354
849745
87953
179735
274331
50972
21816
386038
614807
246153
185787
140548
64593
253150
52592
91315
139679
262140
319595
70303
395096
297852
635366
228443
92005
382591
271480
570036
197781
546738
126503
923406
232322
4508
93758
257999
27911
315807
126940
126056
61320
231199
494163
158758
154404
62610
20488
16644
23404
112814
711677
590736
988216
689174
522171
22139
317367
21442
459675
10450
292591
242133
53924
423690
313798
157785
109866
96513
232762
87440
82541
91504
47369
4443
763609
822662
147234
296676
94117
188340
437388
100136
888278
345936
183834
91490
131019
38821
102074
119677
53010
90952
78127
236490
29013
73329
145784
256234
153482
155394
174891
670650
132975
714199
78543
76009
283459
138481
68512
147237
87339
320877
381336
237090
251590
476014
172510
321017
431630
59377
268257
789488
13119
5777
478420
351298
31278
93331
765967
466869
66445
444571
58734
447775
244659
99936
130215
144025
171441
526611
382627
774937
339054
44431
773888
151622
78545
861841
344823
68574
11292
476323
828257
64276
252785
25860
189752
93219
493557
737640
118094
5091
389313
533615
245215
367827
63053
170559
680532
418848
13361
142833
582928
216767
63206
553763
274433
141592
222198
456120
150595
456970
209545
31617
2720
157089
599684
733019
18483
335828
569582
208529
672992
22885
148450
212938
266024
99461
385571
216153
227501
102110
364695
436016
67057
160706
348829
43712
361894
83946
613365
671191
189894
28391
230641
210315
103506
710688
585329
794296
43133
841940
493033
29640
308839
153998
334901
97933
604001
51085
23864
13066
1064
64542
66684
47402
43303
238937
99225
588667
146750
532785
50791
92023
94546
31895
735752
504375
283489
320870
23195
121364
4911
560955
49577
436275
97507
473923
218141
42394
259949
91930
22340
658875
180073
497947
27872
160448
319682
48840
30215
275093
103699
334849
542388
456
539422
395782
17845
325692
74050
155434
242050
496699
321142
12779
131869
263938
191376
143365
43444
132801
236369
473987
591396
487232
386954
91248
624984
272643
240366
54623
111158
46076
123177
50648
153811
140254
114219
123352
818690
519509
289791
728634
124770
142629
104585
488176
160373
151801
352477
7981
134262
523556
309577
110699
528696
679979
91610
42217
20355
143643
51939
44045
271253
265115
71882
419986
4051
100415
353509
153135
27073
49640
4833
726886
72209
115949
341023
12138
496887
879415
126221
30227
115881
135706
199402
447771
532897
110759
484788
349943
281271
43888
52851
319684
587804
263309
298468
188322
494142
52761
504768
510370
161407
35536
257740
114679
109247
458316
579513
298627
641
471944
139316
12985
60982
275444
222243
236671
88303
257082
398613
237514
402862
52998
119227
530541
240373
95162
387965
522359
657976
58941
144538
334599
187976
239605
143948
23342
637
749396
290844
22398
152291
30685
89699
18241
246875
299766
485313
113
19994
477767
144037
72201
308131
673222
271726
16950
146195
870900
104612
123146
269838
66858
75061
63585
242220
222853
134603
61314
716162
148240
203046
66786
160702
108546
451447
651183
475220
238083
130939
113856
458413
91298
61030
21241
127990
345913
242554
115410
240457
205797
505445
163300
21486
419798
448123
857532
360435
654
568809
49429
520977
556681
286148
7882
144822
22278
79177
128565
265632
267847
222172
347856
51370
79649
386049
1122805
400173
106551
789805
346159
199895
8284
136146
138487
242616
161016
262745
180124
430835
20304
4870
69044
241546
523782
243405
586647
499447
36442
160218
228953
1101534
54942
801065
255444
381581
70291
546621
629682
872442
447633
70618
287308
203122
817078
521257
92934
496482
123830
79268
113881
121309
513077
3517
76056
856199
15016
506679
6862
252775
242068
24395
697258
101770
143747
1207
271877
220810
140992
43322
280040
690457
166708
298571
95413
78754
742680
537010
75321
568020
259123
446187
631192
667914
90966
263554
204996
135884
111755
208503
201415
69558
242860
27104
1030641
66711
118879
859173
241506
111977
616862
950036
123576
87526
400963
221635
465041
592912
218965
1120118
86697
215349
45607
432005
370248
231340
136405
260424
242465
16886
71683
497229
275595
681151
1850
930277
492308
74380
23594
848220
453388
597843
611237
264313
21555
66288
207736
418517
229332
512330
8005
335770
492583
299528
66781
149106
844353
619013
497173
228481
88106
995594
355710
633183
75909
7486
163180
60221
730343
160338
192216
735011
229627
461774
534564
556917
242844
299165
381961
127667
206775
89054
210722
120448
700247
246386
219284
31387
612937
88676
119180
701836
91989
20086
510751
227667
229377
106415
8330
251378
32025
861567
150849
66032
160012
287823
279082
274110
324414
486991
496540
258798
148457
635057
804511
141374
113506
370304
528806
754307
327681
309850
258852
140201
223939
545621
477511
217175
281113
146174
809987
133792
0
352607
96367
347522
657634
767019
447540
115521
140929
289684
807623
64375
616487
389806
133105
822152
26196
174244
99483
381413
265892
600276
223898
492221
249900
251845
17623
476463
385535
8564
101169
277024
437546
327510
404588
711302
37511
463369
4376
95209
1001968
17785
25001
237370
482207
794438
143274
574431
189852
174957
711918
580594
6174
557082
889761
335694
148853
101598
250856
1014222
251783
636986
13306
186989
339455
5108
70503
240455
188592
209718
496745
299990
55375
20076
531093
94140
369463
96596
933004
360030
472068
285042
389274
2086
251532
24895
84633
177418
139972
537686
136403
59645
25972
52112
61921
900354
119110
233439
809988
101711
228723
88658
192305
4395
965785
54828
418841
491994
193334
124442
307551
207365
254213
364374
27241
173106
84721
1009495
325909
435337
180763
422085
319567
258001
160803
140584
464587
238931
583570
271141
239392
135187
217201
101993
339971
101567
599339
164139
565385
296321
355996
453478
92907
207802
280385
242246
336358
722138
854523
178481
497020
101810
7360
28753
164749
349687
209326
996275
770676
728399
545324
217480
143355
514377
146829
384092
253984
758846
259207
199193
389147
781783
222438
328146
82848
99176
92153
140563
84924
763702
8133
120181
237244
222549
243489
520143
42019
223587
160684
90462
463551
502931
152525
534542
97189
499606
669231
105346
154493
49643
191553
240506
446049
506876
186910
151756
478432
274497
659820
309281
82526
172495
361768
655967
288069
20063
252026
4119
202820
12775
1009438
30561
23432
99921
211069
185968
449424
344175
41263
17600
394439
116495
989133
492717
302529
92554
190971
208400
244174
103322
81649
263331
958376
38202
497307
524062
541459
409567
88246
641177
449927
26392
5079
69257
1036597
368355
356685
709905
160249
498856
259192
75980
348463
49336
82912
530340
287581
115634
10104
195363
138030
277323
546676
17534
78908
162970
872869
958935
7255
227852
47120
5879
1086355
67081
165085
635245
498007
148819
23262
20522
26320
96776
133725
29189
351310
9580
155104
77302
253178
241928
149048
84388
381615
219043
70605
221181
462644
30749
289892
1039367
560394
78998
88129
714248
256754
161011
4610
162745
29449
17161
522711
29338
265217
359864
203184
277031
670243
41622
241472
359673
382521
19042
116296
106326
31162
156496
247957
38086
685635
652774
242150
162103
312356
45756
451520
73490
251513
714174
549551
30637
180937
23504
99758
287673
73931
781222
444169
839610
190417
49556
469136
156689
344443
161468
121789
134629
258195
4379
272607
520739
867879
171566
256818
118538
10650
100275
19864
467519
153112
125696
285263
351552
439101
43310
291058
220426
13529
445602
95312
67017
331568
546497
94137
210307
157486
70538
272025
300334
595972
364096
388116
53999
255913
74737
687787
147943
149328
159638
498329
4852
1986
102948
406770
233287
102379
69763
237029
363691
227440
6872
402004
418477
96078
367936
84026
32301
116444
227927
561498
14323
478396
281699
141615
207547
216819
139244
580948
145675
49465
241156
1032812
25143
6366
199753
335697
419688
120851
641495
632253
13232
256524
273904
96196
216061
229741
252216
705651
515609
79608
75786
91845
582752
360742
197898
517722
162279
39688
102961
73597
65003
43094
140179
78965
221800
662855
141822
241959
131986
643814
263213
162646
964901
1097249
449758
69685
764356
184010
39735
140736
401616
109912
299800
261624
124193
419163
82236
115179
245005
75841
121232
77266
956528
50927
237712
28578
70328
264503
477870
341510
398252
792301
769997
752631
100703
64555
40534
679209
574800
581377
42574
772346
23599
44511
999791
47982
21113
269947
444577
573444
61581
79430
35211
628861
582815
235901
96679
193317
122562
139894
178442
651118
263749
636834
148566
346142
576345
139941
124184
26551
528610
213149
543793
303323
851738
416499
322597
389331
183897
75661
63711
3842
67224
73779
37563
464916
663768
20270
139371
290840
327102
17002
28576
92722
191627
58432
230718
29152
19972
386579
390401
9916
100591
4364
334109
66163
907428
393998
17718
389111
259780
245358
316778
144948
673970
295612
787174
71814
246359
37617
351876
116585
586529
636371
261932
511877
108763
430815
278023
288710
95538
31164
417747
79069
184288
806942
101968
251865
274894
218959
265553
135845
488868
87747
1034053
10070
131413
149115
293244
147918
140449
134497
327632
838578
216006
479421
52226
5922
465736
445889
189342
58400
57914
60703
159619
285444
498554
97530
347819
837486
492843
84663
660549
286092
170276
118515
26158
27123
491581
173270
359331
8835
256311
124119
180214
427507
529277
19378
64813
293918
67814
170239
12838
31497
140194
120744
11235
581844
584613
237041
4130
631853
21153
188489
185759
24464
75060
148776
26963
13332
132889
29601
18614
34470
211911
54964
458131
217080
287217
99085
430290
8056
656971
25292
314955
494539
344833
122186
23281
675903
570082
595732
95029
104983
135170
102262
274629
627372
309597
217532
123272
153588
450939
430242
135772
30563
450830
125399
635509
237860
91313
174066
265930
277400
28852
95105
120531
30926
11837
419367
278870
26214
228620
687730
202009
491247
320802
65561
11270
50012
200231
538872
92231
120518
644305
448590
99243
19
572432
568438
135355
224624
201559
255881
134544
24450
239150
239627
77313
625347
222877
70274
141632
532979
520526
91301
45766
43317
590267
38831
268797
69719
489047
273875
155374
151793
201984
75331
36561
283430
171484
4939
297573
419336
260982
10137
273160
50052
327928
247186
570356
644493
329540
357315
51065
131162
135389
100274
91929
264327
52650
30365
210253
105765
363552
959453
144011
299556
494141
17505
291398
221873
60919
471599
11459
239877
196738
405466
256523
7810
382752
93323
315404
458740
2829
450040
145866
445681
99119
149318
41738
66676
7583
629080
228930
293048
550345
326893
128607
240156
103226
160463
263311
6838
723266
26461
776160
331122
127767
32861
558556
471140
528462
135753
62228
145302
175202
20598
247108
28063
331691
46613
1021652
171495
334226
639166
387505
126100
618274
1004420
100717
361498
96017
543986
268578
908574
347704
326618
105644
1108219
711398
873718
124693
131009
865450
563053
88089
344140
109167
153448
8157
905565
280036
674237
827295
278619
246423
158537
578131
69728
209061
114170
342776
898200
267149
617327
488358
662331
1005834
396216
720349
19967
732692
102761
389913
92020
25312
534557
936085
166938
479479
209991
30418
270254
31382
428982
640304
154042
222618
212351
18244
6408
43484
160834
352626
180425
834694
496770
251583
136979
163643
16763
97424
652838
47629
293740
24025
915249
69471
498848
349948
737192
264215
13321
47212
267692
129829
356339
80875
342677
468049
940214
65435
180609
89744
346237
43550
153882
751242
648430
234700
578434
272311
18514
91846
348350
103626
209433
414665
188071
1010835
78015
258367
770196
18333
146641
260766
123782
450900
152792
902182
569408
277249
18995
178705
873260
258775
533206
451655
22590
136451
265432
223438
221003
13850
152714
179988
512324
59317
38144
436130
450974
404868
221387
164511
427634
227419
69076
248365
92391
881365
51270
119900
623222
635276
313575
206558
309445
35089
597656
325525
119607
254936
468183
241407
1800
16947
30608
13556
17524
212218
544749
163119
164794
273654
349026
394946
162343
418292
262363
539884
581489
563706
295054
157199
174226
386858
390308
416601
416494
257701
118706
351506
144701
101309
778499
95089
326369
550587
367763
71865
67141
58158
47305
48785
194106
26497
591715
116218
694441
59541
89759
62716
916145
248204
69896
267909
322348
30328
334919
238306
68866
209938
70083
368113
162669
395607
85525
102759
319621
44698
424396
265713
67383
92546
62759
901898
546799
585718
645475
134260
724140
832189
79211
178280
69593
570983
871550
254404
292713
206834
147125
486753
929599
891905
219989
809562
602091
190599
239391
328414
17831
861652
673047
1965
207126
34978
994374
567808
216977
623404
820006
473464
396406
259025
70980
345160
27572
200982
307994
77225
531907
20609
135293
175039
485235
837295
604206
86961
271546
191778
162014
200975
89650
610330
69299
589799
219571
46952
845552
386050
310536
68859
178819
530474
195237
324560
135271
49633
4025
103005
29784
327938
662098
35466
57936
274520
671769
191934
78782
655419
292091
512475
222017
278131
451328
269102
114614
585079
77075
490330
569765
1004647
433304
40504
296373
240370
596065
31559
504925
464102
232030
178509
135844
885592
102227
24033
41997
739706
389623
472054
158823
8423
156133
276304
357266
188654
47770
874156
58548
156519
888681
755666
831114
229705
264998
31100
516278
629913
75037
21104
143323
329406
3932
81330
360578
43973
145967
906479
188019
639620
24544
155443
284527
56
62701
97980
144796
204730
23293
62367
143184
694156
95748
233349
248606
842888
216849
9941
678016
276261
174194
190618
446495
215007
792641
21029
220399
370115
97209
192304
154285
217479
205696
537621
18918
52137
206909
393558
52124
164476
236989
295152
226899
148177
33353
268097
16699
21875
22143
478140
341244
78924
39997
60964
136491
321231
779143
359332
139778
156178
227771
40433
319592
692534
44970
36503
109529
949060
135296
13378
689597
158363
16739
562043
144924
196671
290699
10459
158048
29039
66478
230661
172618
264096
74356
96785
499848
148093
627328
72068
406961
190878
95231
112406
246960
255484
26825
63843
381192
29615
503551
729223
66512
314208
27768
192556
272073
13192
771023
92174
160307
69973
10751
496685
24227
409065
91187
578909
57594
143217
333676
39831
10304
7539
161973
189798
162062
574398
148843
918428
104246
259158
62164
72015
492761
128437
603881
728215
72217
147932
58648
71390
188950
224500
86919
208757
339269
103027
93043
171391
152043
251922
86778
211566
69069
52973
295874
6853
369631
58724
38912
76773
683557
1016104
1030373
99986
143117
261347
536847
160256
323548
174747
25807
366012
144295
118539
223641
101564
143864
564717
394395
236031
303579
395723
398880
32687
637101
70060
398802
4485
336731
103445
157225
97478
160898
704667
174961
636427
58371
91469
408053
732960
11253
545657
275139
646128
456382
204965
89060
343359
46134
140323
309602
120910
330932
514104
700890
95324
63903
199594
121901
536846
596579
395806
141537
102995
116370
49490
436908
451133
5861
63833
503781
351528
18905
277861
26328
814287
103380
140161
892970
105764
463548
143730
744893
303461
320759
270581
229483
416580
156151
600251
69157
47824
400819
6522
174859
138235
257399
29506
824006
10732
516565
242268
81316
738473
102512
31421
336085
149380
159640
336259
334675
273530
102278
524120
694309
192949
541782
151982
679300
40500
268698
195692
383314
198331
28392
16898
143971
231153
291186
368398
294273
101742
386985
218605
765327
24710
69506
359109
163869
87210
263761
228438
246508
444606
582103
51338
188524
274512
216339
926771
145849
293479
17877
28799
346985
71995
383652
300968
246879
156187
626950
265556
77872
630092
924146
19825
145280
217771
139048
260656
582635
360909
38860
25922
274947
196569
851998
222454
68874
264789
95233
111488
202287
536287
289986
156972
490228
357120
258071
261366
295280
147298
83063
9885
351061
61084
851571
252801
95080
456562
180988
679429
276203
532400
466145
143511
43647
12495
278424
48691
285764
235624
173163
291131
27437
598155
252431
512254
346114
17927
800812
81864
658318
349524
113974
110215
735178
25977
263798
99296
59328
146722
537137
345804
946120
28915
659640
207501
171028
479203
872074
42049
259218
59690
23764
152931
26813
200189
10763
42279
625728
19446
198529
529459
265575
21168
227475
254670
13159
213399
1016408
66848
220417
156956
159668
618385
121152
52434
269077
293405
187998
469239
446520
726099
12167
120073
777928
229018
830681
210251
253185
49562
452213
571674
86431
69904
139417
128721
221942
906816
4150
129804
201573
341987
104093
109120
122892
270765
391498
134246
702692
31320
13211
618983
175126
267850
19380
363712
140291
345875
307000
13543
49321
251386
132216
265613
469555
911349
286991
321318
134258
472024
456287
497354
26960
11247
13169
447637
884049
156110
145700
27849
92634
195121
160801
27122
843908
238396
251597
91275
91048
198549
832405
352145
6068
8881
99587
331724
49629
9304
115383
104073
642466
145374
450976
188319
67231
278833
515553
522487
470605
361586
223931
990533
606955
104366
1085864
176350
229316
18090
229643
576156
179997
231082
74390
27343
221858
588474
574801
188039
273907
136989
4356
458276
543365
223933
87433
40332
317909
94576
590493
452947
20414
488170
180002
104737
267566
114206
99957
217902
439959
153531
385738
256842
4212
25898
131400
276469
568774
11514
159203
161684
121216
336405
497660
32778
95843
199226
333702
91004
908981
2724
320728
75268
255890
34497
150420
470422
330897
148768
570009
351376
247892
442812
70788
66373
101583
247587
576281
10605
229605
587502
328286
381788
354626
2220
161436
245029
593506
217016
185885
99352
221244
130422
134344
34739
583978
161378
47798
207602
227579
71249
29315
22120
58976
162221
464072
390713
237152
69631
49467
53442
401054
17465
174434
253118
464075
93232
219927
99198
10179
281765
201310
23604
20199
392335
478147
707224
293831
155449
53339
79457
5807
615402
32075
292200
250059
561712
24626
541366
186587
344275
62631
17811
393222
119543
625880
788480
420983
275590
274927
47808
4129
91268
19907
298536
389968
246564
101700
37150
264647
157078
189694
246651
712059
127752
207239
121009
24617
261435
370326
121603
242767
533048
493527
257806
715462
469178
362380
251489
69680
183661
110328
473494
20921
272561
101693
418106
102582
688895
91386
20943
99158
76051
92997
114155
159604
330962
118495
151517
614386
325229
267126
332302
651290
262490
467693
463516
256227
65749
242770
95657
195422
352668
79421
28754
202261
10108
137402
19826
154071
16091
13459
418436
75170
7064
474868
101915
292270
447156
258650
925976
22552
32320
120544
187474
257834
63706
87699
49768
139301
210239
41513
42721
150086
180448
264091
96230
103972
615117
568639
420029
215446
815883
123879
577649
784847
250072
350182
547394
886593
242163
274120
102686
114454
531056
83521
100885
349557
275582
156598
41798
157508
92128
730230
139955
326115
272574
117509
419407
255668
47345
447818
214602
312940
128411
343333
241009
88020
91913
558
163034
632274
838644
392423
618984
1062359
529223
105193
714788
8146
159601
344502
162091
40256
1348
501030
102871
123354
209355
51677
252024
100678
88265
71705
53452
9398
218838
640011
700784
566825
198039
44500
770017
110066
241969
490651
621745
75813
131930
127874
303365
455940
251263
145482
576273
86216
78349
229334
93001
223608
238480
860113
262763
3129
31814
92192
146107
8067
26182
211144
728513
276914
325904
336446
223651
496609
169666
340237
362573
311137
451723
468244
436337
73888
147844
194194
719267
26093
128209
440708
4464
164711
187051
221440
487019
498741
774113
919919
1049786
698705
17686
596550
125953
148960
125
562946
100886
484138
80528
3960
25984
452484
163817
414676
750050
121601
292220
265496
555833
352501
359734
571620
566738
136644
28092
151567
39885
274904
460010
277126
529699
456681
61789
218905
267752
396683
22452
318849
1091478
279261
563206
230076
528611
482755
151198
4768
136981
9110
219880
43315
245457
419976
21569
387064
806098
240391
339989
153298
458566
141005
46188
352496
28223
299612
929281
12733
635495
275834
97871
178555
268999
91046
63852
243415
97206
101984
438925
48401
26106
37743
75327
260030
188428
106685
266434
571548
638435
764032
855568
149721
271027
65178
444654
855340
236041
667829
337001
172512
150519
88521
398351
767622
363404
159023
534938
382685
27488
227469
351366
158232
264370
453993
155029
434264
473254
149658
201004
103432
598463
352714
533333
420405
750462
528631
40001
575621
125950
226163
436403
131763
32912
364297
73014
7046
555208
531714
32718
180636
391956
82947
110347
911990
2159
31294
160223
257126
31667
964500
741782
5882
159613
223844
68293
382775
91189
81909
517641
26748
75957
22603
646293
312556
276319
146266
71701
209785
227586
5977
271957
24234
484440
16960
66643
499077
369149
913762
1008866
258092
334555
806301
17189
523612
266335
335827
16725
733996
251727
104088
75423
529759
48469
275218
392263
498967
94351
464741
592762
606666
28661
152141
449283
76515
899698
69979
383441
191403
220447
737703
115438
73579
24660
113847
11285
710237
40635
492247
975509
357404
899511
251342
1096526
513505
1060732
271628
155162
351358
119238
60033
255843
792848
273206
639208
848559
4002
262187
623733
510755
775051
148216
174266
200427
221675
109146
144543
442804
455760
16685
274787
297659
100729
95389
251131
523779
576398
296230
85647
872517
21406
261463
541286
449069
826139
146766
159805
350065
46514
528359
202304
289243
184888
240959
222907
83182
210145
457203
155232
178233
655548
21483
70310
359365
6058
40175
36801
19269
319677
101752
242362
179622
274818
45602
59582
667280
567325
92664
298669
485232
585703
92887
309192
153208
558214
67825
78163
191653
160019
479122
27341
995700
420077
92187
7690
1529
36941
151660
153133
877102
326056
74955
152842
26301
275920
163480
395471
189811
879221
76510
4368
704838
4093
24031
97545
446817
149080
627915
212241
235045
541817
726567
902111
315962
272816
488859
27069
516102
147700
503791
3593
106553
538041
152013
66646
74462
254408
9485
153015
317566
155638
163503
331421
40077
331550
295321
332721
120914
569309
20929
106023
33283
283381
25885
140373
25760
96458
14039
82845
154136
64264
160969
37581
13443
469055
348366
287523
118173
475608
66992
42145
6168
102187
102757
569800
310493
364326
612325
227864
406015
283403
781821
253049
97474
271985
27019
68902
44995
309474
339409
334567
70087
582665
187604
83480
220883
386560
345776
593372
94254
31893
115899
241853
372908
203261
583428
266058
54801
471702
101447
63973
67150
510510
761586
789141
30599
219947
20458
458875
13068
691761
34718
156911
103210
477372
481275
69656
439115
340104
737731
589105
575888
292174
37732
391513
299602
256796
476704
130759
280583
397249
3310
145946
714235
195407
712096
862452
320734
36986
1006006
13832
58983
217455
558919
418761
20185
160625
91234
636477
456850
161905
594580
292187
106263
401307
260024
186923
264381
569499
189037
256613
738582
449589
752157
370554
145002
227664
792504
553020
27737
362177
63020
97549
61011
680280
68022
506933
370425
118302
161451
368083
30725
24991
13789
585712
105091
446146
119047
64314
41675
22666
253828
121797
230198
262234
92074
774046
75962
1047077
360634
120222
403037
3887
238451
447957
6007
396442
504419
567849
341674
3036
414064
152765
19597
296265
639212
109550
21735
247778
100287
704636
100622
320498
268521
358365
228328
259012
27633
39125
530809
317920
157797
152692
360729
96836
122473
591662
92532
239458
269469
443108
200225
153107
252170
394012
199476
150847
184099
82772
85460
43092
226470
606429
551774
153854
483644
166110
293857
123025
47829
277457
149215
728096
625026
216621
995511
178662
838933
464359
30486
397559
391500
275859
764348
151330
175001
273121
42464
25726
243009
238273
88343
97100
290838
146331
631931
89501
771522
157416
539577
180063
242075
118571
6572
1054269
118563
83186
351157
206496
265348
363684
154277
25522
582043
130622
349980
240883
102469
174022
162135
158353
115062
154270
187524
873749
267757
138046
503667
21914
4283
152933
61763
449547
86818
645554
716419
29126
244502
316293
695065
682264
78262
4303
558699
91295
97753
205989
313088
667975
221767
476143
37633
332094
406955
22526
189756
121301
58591
349260
21936
3401
28110
268420
17892
117514
84385
296264
201464
246127
185749
119632
571153
148950
2549
10003
318996
99167
95346
61239
93454
352628
160980
103287
97061
607509
99052
326702
43729
329249
154008
38482
409464
857942
368327
678874
188279
326140
122080
67042
103216
109126
346192
93765
238228
100395
627199
64242
259462
74681
800559
28002
61059
152047
50165
94774
223930
196701
121183
497633
120835
17271
29782
156542
715549
141031
277678
227459
75616
25029
84487
30566
236893
258095
299601
19981
497430
41514
17312
261250
613683
287484
60088
466004
464859
278127
73280
45842
547341
463370
115092
282251
76960
230741
46309
73980
607301
903850
18026
887865
230640
355118
49751
3557
23073
74550
150960
5993
254036
12669
503780
55413
335787
256508
274681
45524
446143
541501
158808
141879
96870
1846
348226
32934
580925
570053
191135
725322
250054
222235
1002122
497712
13993
939767
46856
21090
440712
212835
153542
153831
5759
239837
30294
75267
157084
530356
348106
875
42310
293803
325133
83518
128642
251313
82102
241320
43131
53973
145915
137759
158262
19699
31651
95963
256413
499090
795670
296946
28596
267489
256370
3980
339278
6242
240545
635663
135075
99351
41686
626441
562407
37523
616404
42158
152542
359645
69844
235744
584323
667208
195148
463414
427652
13013
594764
396408
155433
84453
41606
390492
58950
93548
320005
275566
39169
208651
61201
27770
136346
502978
191138
25026
120250
125095
533260
80233
44453
150162
1845
380908
280047
290081
117561
6015
164399
23600
206494
573558
580386
137613
336503
123330
74261
50249
42368
227261
154184
73929
395747
7589
386175
273648
97596
54014
174923
120415
27852
251776
100379
58261
19878
414235
245482
245076
75274
93439
3010
401053
242036
141839
600950
139215
6400
245205
858536
150924
101173
393122
117459
59397
28952
40092
141732
32211
218380
160682
84323
29331
151481
121418
47738
26438
71187
271116
759466
104786
62836
33523
252215
163473
127475
44438
241207
178931
338997
20137
235440
6107
303559
280335
454384
59687
3953
225973
59573
260448
40102
512127
519741
30932
261933
22468
187241
158435
364518
90985
343025
53451
262699
115850
95797
70385
1730
133669
129115
79155
581864
187234
870255
352057
37620
217457
227645
713619
605182
245072
450021
115719
75847
146282
148114
215075
455275
278448
221156
424526
356672
37922
598348
771724
33809
297656
651634
204529
207562
4767
145600
449341
544533
147213
191270
496925
659683
582161
609200
47161
210592
38841
40557
502881
63869
17726
887768
149204
74374
290270
1039158
474027
710303
921035
294311
546033
27105
143475
609967
109037
163221
301907
917493
93833
473277
65714
138213
1402
288533
386641
123075
102877
403184
267013
431991
184805
196677
6112
663923
151065
21320
325198
725371
135694
386044
512452
356482
779397
348671
1064646
89071
27213
508680
55712
20095
326478
185751
561960
96617
287120
270421
319957
463574
1378
309762
630734
482029
523680
635838
868468
641813
554141
1011109
66770
92291
254998
91043
254723
187611
103469
131944
438341
319181
505420
338849
251948
319865
1013309
837754
75078
506504
477529
60942
78220
35432
731478
7169
172266
120012
862718
153098
385700
528799
255850
826437
118286
250805
478077
636298
40555
327608
272768
317235
97624
713858
215348
978045
281321
255951
50389
730000
512246
156927
71759
257863
2078
20404
149107
665513
69042
297890
439100
146853
532870
481712
617244
43848
656792
349817
595626
462942
568964
561632
789873
254370
29397
886584
309283
515579
193997
105315
644004
462527
94453
309098
77219
730320
434626
191334
792963
207703
69251
82981
317485
280018
2356
163697
689170
114704
568235
103590
516912
61459
494893
147699
40483
122441
47389
385852
227763
180546
8148
452226
768973
229825
94458
32304
568007
42988
236268
335222
100820
105067
101749
67066
47697
3550
464040
778779
21588
164640
630447
450910
31885
680765
30754
191366
720882
543751
395751
7869
453769
229505
443872
151232
331565
55518
12173
448608
848873
153005
10090
154163
769574
968916
521242
112592
71156
686925
272084
316862
679449
66779
411719
319680
216244
1003772
112552
2135
295614
40588
767864
208418
565640
97073
4811
175314
117831
148430
150879
228907
171339
12267
188928
59194
448883
665204
70679
209469
351824
197649
77508
603285
580067
59499
66605
71868
48644
383411
277262
987972
7461
363955
20027
623314
604266
194148
401048
10079
1992
217487
340968
192090
36419
483460
106273
105286
355291
478256
240424
584137
14228
294686
700997
973037
209020
334150
529407
299575
892403
105210
273117
174131
562429
443881
225731
357117
75975
529003
33736
523711
63593
105306
294836
78810
195427
112927
516188
25049
4415
19498
148689
21189
16821
829773
31611
7921
40355
4226
492838
249515
939468
9974
511189
329475
146672
529733
696921
476157
451168
595261
272156
885537
668301
89397
924024
336300
72548
513032
121787
135702
309482
26859
96434
829556
25441
368948
188281
526123
154563
703885
409398
197581
447541
4688
774117
451763
33705
274009
28553
333854
462926
945776
109742
145306
272110
717051
321014
28567
151575
450883
21110
240075
1913
239632
268724
799928
469393
149053
354262
299262
458915
92253
588092
20725
196963
265187
489487
424930
49528
1114889
406783
58167
445562
824434
66719
264748
66508
1039605
239919
70265
158348
566176
625223
54616
103552
96358
1037815
26881
303561
164790
219244
473172
611141
221799
144296
73890
15820
134393
45555
150534
156271
536483
43279
646008
14510
293230
520523
42155
158656
179724
92378
87535
987425
332186
93458
247970
332847
9956
131062
728962
192650
970780
93031
103943
126105
470640
553348
344130
163185
1072309
452707
264605
528828
592710
1053120
406986
163847
135711
265010
514071
964150
231195
109919
84389
774255
4491
319925
455789
94338
25634
447250
95626
6780
360893
25333
215032
577440
341865
634365
552793
237251
884995
240396
74851
120134
123740
329202
92193
24520
96467
188588
14025
44791
575183
347106
870903
342235
402926
757
4708
471598
25207
355323
447646
151237
139826
91176
12822
318016
446096
387335
57975
291984
58133
642009
263017
1010778
232392
517728
34487
193102
143536
179673
68519
285452
138091
481938
355748
526319
92864
239901
12245
522
451351
140580
153280
208219
897150
78458
101507
154039
275822
626445
476268
33564
66857
219798
154198
277097
1080657
105070
394965
117742
419704
174840
339895
22514
250349
272853
590744
239643
449891
706004
54625
152135
218802
779292
36696
146097
388613
539358
150672
444470
765137
148179
2717
141791
508628
896753
221794
1838
585595
3150
452591
172490
244044
327507
241950
578506
298820
145579
47729
255967
96237
29645
210301
725700
35418
29116
301784
154524
388213
260253
1031672
255510
981728
201005
894421
17184
305039
231665
769444
1055942
163621
49642
298879
141948
106785
841738
668208
257649
18591
65070
327614
119365
704633
318748
88844
587252
30354
289948
185982
562986
357482
49885
197802
275815
259008
242245
528910
556961
130811
101442
650243
227998
351330
842212
340782
523781
105364
50301
715193
633809
526991
184179
496769
272795
219954
369159
70652
408910
85484
70659
12757
19727
170224
271967
115663
764206
102027
328996
134880
180186
118258
152557
744851
959425
959575
1127521
488566
905710
93389
396217
609764
1051236
228524
22300
27025
160228
237264
114426
633763
221874
331134
145329
135287
483095
349772
180296
292024
161636
487086
333920
518657
592690
469019
381340
394994
331275
465991
128214
354438
153560
51902
806886
197648
677765
206395
290728
174858
100309
39206
281392
447136
124511
191077
434895
177718
70181
346155
87255
94061
259368
602056
152418
83746
149845
319115
262127
523860
272830
198624
272760
294675
144996
959741
84357
653342
36220
602572
48139
619217
201046
20041
118386
331588
458676
646007
163441
7580
98402
143638
58984
33048
351774
89175
130229
267282
118155
26665
512029
151248
606526
100245
456819
238418
132387
336835
135768
188377
217308
937244
158611
8960
222083
112921
530405
31463
108612
59579
260938
143439
29587
18643
257036
237241
27183
219558
261406
115774
149439
252668
16674
299314
264631
763531
256203
491853
156916
631889
571322
551802
95405
385568
368640
33298
249093
45768
120239
64701
535511
573963
329527
817361
26080
286041
46761
19382
48136
214250
275031
205725
142272
207315
76248
194054
148669
270859
14332
341323
191952
458578
239239
2094
458458
103672
458831
101759
256157
527789
27338
92716
92303
345950
49635
59636
109262
521451
226896
28477
23081
282005
313802
157493
31964
788116
152183
412
655590
93361
118877
239623
29713
317819
268548
148704
154199
89359
231944
97241
39654
479684
97756
12355
343001
113709
95598
293586
109488
364409
61296
84327
32942
242604
4372
51207
300409
282586
456293
161225
21347
479960
531015
148442
21131
21589
113032
64899
105311
261920
104921
729084
146683
392265
95296
209420
94834
27924
532630
188330
163754
402000
128640
103197
59151
460908
342480
137592
545065
321812
510583
89476
396109
232272
59705
554142
135031
445453
7058
295318
184178
536715
20483
48489
539151
4631
25495
953417
19006
458705
29593
225978
754041
143278
121808
461041
139935
118799
26227
123678
94312
345902
251490
256630
160724
22415
723985
253769
244798
139742
92336
92586
115043
121767
123663
28051
452274
252687
858429
246478
280331
132806
113852
154310
117661
599311
155397
653216
43870
264629
270237
354376
262885
274835
189890
37599
66328
360828
128793
147486
75950
272989
667318
21206
336340
573216
207901
287660
24843
257690
60186
264201
489100
2777
203099
173011
418515
69407
92928
148104
104779
123727
14088
664840
52240
253280
343497
414245
13347
201945
636419
148229
349354
530575
245522
482839
280540
9053
733756
522812
191089
130632
27051
19534
204645
444592
105776
148137
329439
148671
232253
161109
123206
238422
35097
38130
92712
156926
454335
512373
216015
842480
92111
242231
110480
72284
94170
79942
308712
100283
131005
450018
717021
280600
1053681
58599
122210
220992
3653
239621
32624
64271
246107
401187
255840
164726
23444
38301
96373
400394
925457
192236
193861
99466
59263
396299
237890
287676
181571
333757
248504
393999
121156
264147
578653
150981
53456
175291
159273
141334
243287
23460
402581
59318
174871
75804
479494
231205
260576
336400
41615
32410
430427
106037
188376
7659
536817
73007
156042
198837
40314
636423
22156
175031
25696
8102
148348
344892
100208
270302
255189
21193
361239
494621
1047167
139032
580778
743238
27150
168148
38534
359827
295038
547336
869840
142549
173397
196759
35514
32404
621409
323333
76689
209336
851807
147367
39774
120692
53432
45365
227706
109048
464285
18246
622248
14166
1027615
41728
1089989
40171
140440
178283
270847
2671
10410
247162
157132
199848
213536
448855
689964
523438
409055
251250
9044
286640
296775
153413
50613
926511
944732
823671
103249
136703
348827
123081
435121
11114
81506
258213
76957
528376
67192
261276
284537
180933
203112
115617
252067
766700
927084
332123
308438
245366
719264
890809
238325
4197
195726
551943
40148
532793
59192
85679
631829
921601
588901
566032
76149
85317
472294
265976
474440
401491
161428
564700
339391
49616
450953
127311
584868
440686
476353
439080
272871
368791
346082
102396
793895
158814
7721
321895
1098166
104312
175231
35518
289749
385806
490440
506238
414636
144503
143626
2246
301609
258506
119148
59071
570008
68884
92744
699992
92525
729155
464852
443118
188315
256554
115060
84762
146285
4082
232698
512001
864733
578426
210043
74211
625635
297317
286128
346410
54839
146991
669166
19035
66704
346042
574
61142
381453
263481
277846
455270
275597
431989
477011
439222
414065
287007
352264
147673
248857
583293
1103343
161333
286651
599530
253800
403238
189646
58219
548316
1118002
623052
22582
478452
466054
154328
669400
216797
66673
359119
75455
345039
448801
110334
20918
303045
162023
40614
61275
352688
39220
60055
68891
344503
959373
152394
259539
519884
128559
299583
72196
170951
30787
552050
106000
715458
113976
334918
180353
909621
275127
72686
285536
763700
839199
236223
559341
523549
161019
222075
406703
512423
55687
320565
255530
593416
241754
356570
142014
207157
486904
113975
118996
260410
44329
35481
700651
696943
555562
803714
498748
200431
179678
591381
42803
298136
601734
162010
26763
652540
73629
325057
391573
524109
41625
277779
7688
63919
266000
195598
293351
240036
273161
6586
242192
266082
91951
139190
1057875
161068
546825
707818
566752
31646
28737
648332
4705
61408
629947
253762
70809
159528
354314
76207
388274
7965
153055
550668
174274
18718
500030
510572
78845
450534
134620
828143
26795
369487
139188
153766
29620
262112
360611
52123
93456
227631
135297
352
16931
280681
61669
12512
266309
627908
257242
86453
484168
229668
210305
469267
188504
219885
149859
1080277
424518
76631
174922
208580
476713
319747
63506
175193
34290
172895
25866
586951
295932
491485
833945
263760
455440
492339
716597
920570
147177
271630
641064
177435
767120
102201
353433
299913
517416
559906
68676
277164
3689
207466
143820
225624
318923
82528
435149
237032
34081
861776
101978
147383
606763
862818
897736
106014
81691
18468
46908
632731
293112
292593
240374
109790
28386
3030
104525
89093
92776
59474
717999
6380
261061
274075
33895
1011262
70856
473424
198165
78936
520270
364387
452364
257354
276505
260244
76547
91207
101242
503794
18890
102889
1120660
198138
285261
192038
470868
1048724
140090
282445
590122
899933
468550
792981
806696
255228
104075
243151
410770
641970
206473
226856
735105
285524
227381
402074
543430
355926
521662
656591
185721
304793
450200
434779
134208
27258
398151
684875
230754
483419
205679
502701
180332
681638
289113
30976
363437
279169
27068
74239
21014
150599
113500
794707
1109384
74125
75853
24071
33123
196719
323127
69007
177670
43552
223998
103264
218971
114720
11296
827610
885332
888449
177591
260788
678019
229329
511782
311739
92588
299061
37113
93140
473068
499397
221090
91257
161002
534094
133664
185778
162252
159463
370400
23731
466386
25198
212251
865920
353912
144604
7847
624596
711696
641638
347430
137550
294595
331493
140583
419658
270982
476076
42307
287108
636350
20516
136791
182073
438911
659631
200426
437313
95433
281081
455092
39186
252786
591085
113031
355146
11060
58936
345899
32909
218422
31066
100445
295485
75800
260772
773844
25211
207618
430997
75609
363278
203222
94074
92810
22002
177636
30278
74751
331892
734491
1126352
191601
83835
70485
187463
75194
341710
455619
145940
7706
122536
206876
126309
392993
530588
18312
703467
393682
236790
671501
381978
86825
261142
362281
60974
848082
75904
69757
106540
132626
339560
783670
832512
50624
294630
1045762
617089
6304
336315
62681
280652
235733
82328
131085
1014426
241380
917492
69698
539696
129835
581715
251919
97552
71203
521256
159213
73724
457298
811648
965019
636580
449776
349478
114361
42724
408116
1087990
26086
435095
346119
291010
48148
302238
449786
175163
246567
145380
739751
153456
449474
94300
446409
24014
46781
97058
666240
26405
499463
96805
11003
705983
1015552
256163
476583
89067
147632
456192
252183
91421
28590
195846
261284
267083
345238
494909
71856
156313
75390
224347
697279
35433
251594
28233
128101
241911
329497
226538
44907
245136
105075
136066
409389
143340
35910
319755
582940
123979
222906
285415
207235
448586
545596
873329
263479
901970
92022
95310
30709
68915
131933
48088
907682
594930
131478
532765
1462
236884
689969
398773
397092
163563
1005198
73862
636643
408051
419675
11162
865226
398207
336279
248959
23552
231333
523575
161021
13451
419972
584408
319321
505846
659343
518659
595769
342769
802412
84014
622671
239081
85486
451250
24916
352105
37151
94946
273100
149049
183962
91931
193210
271039
153419
440590
76487
144783
4568
31310
205048
770250
362426
154200
148814
266286
30569
265332
207594
964129
218504
13086
102158
664961
528993
242145
417818
268994
599707
342347
80160
92335
164815
95919
571566
124809
10093
524117
26419
617221
311581
609324
506231
94602
120826
239691
95682
162271
634291
279487
174513
2885
52118
353628
662943
250649
26034
307988
644689
101607
290848
26285
551702
277557
45221
24428
348562
43313
103564
201841
152923
602569
18186
383572
242556
171413
135324
23499
579344
45481
157440
263441
344065
4175
251839
92055
24354
864018
198917
293362
270867
55395
241481
682
132695
29275
124419
14155
136224
524248
194098
1049082
254843
115652
114147
259432
414043
125962
270423
601439
150006
430019
635481
50952
409231
103678
287556
645368
224084
277115
3603
244521
85412
386544
94610
501080
144644
6941
247276
439840
540174
50777
96586
131365
145779
641270
91689
45750
188356
562999
17250
263738
247774
42339
600817
508268
266198
18631
131358
129099
232104
271684
257152
270809
35248
163121
610
63956
465899
521235
122126
145739
87607
303999
72134
630441
512002
44989
277068
96198
551932
181080
303782
98061
37850
319327
334705
635251
42989
66494
164574
29102
246627
96851
92803
35468
610654
136406
255289
75130
209722
139109
339993
368040
466181
118365
147417
24811
36207
95479
449892
138889
150220
127548
76427
496710
92952
127303
246679
38807
125752
719352
446550
10232
308704
567109
516064
28635
136967
296898
117463
261282
27584
5334
96666
239625
66795
20192
246098
367967
313518
97865
818828
52781
21879
21316
147340
346960
19937
251514
95570
394021
521200
59435
23166
443774
13497
48786
27787
655610
64256
180386
185754
347905
205041
493428
389281
304809
149187
164806
211120
485039
159408
188410
7052
21208
293948
904965
94346
48689
118450
120472
174259
209953
29908
188886
73905
319354
401568
71799
83000
216798
272994
92820
486
96530
29196
446128
573547
32722
286917
172655
152391
508763
31911
27290
272680
402111
141563
26098
586019
174474
155123
269155
160259
836762
240425
194085
120459
851972
50258
136419
68440
158820
34975
242408
505699
82866
126248
330032
162906
157204
441525
64144
92518
491962
451625
574917
17173
172626
155842
242895
19718
424793
1851
87763
335753
299488
117476
1034141
255871
831919
382005
105398
293196
84312
200653
32143
419333
254369
96991
303677
135361
200989
221150
193987
260768
104472
10392
134210
147723
132705
562676
453551
41092
96168
272683
255857
270791
259037
121427
51560
201864
262057
19340
317535
336796
188583
150057
381457
309869
216802
1045554
347479
666061
272929
148018
396380
511281
157727
289471
27154
123196
145331
569199
39129
1112212
5013
464638
11992
775403
64269
587920
145933
269089
389943
91171
275818
23202
223677
774921
925735
95852
279407
1057433
936519
135180
42594
100922
120145
777670
271132
38702
418220
458884
236319
67069
615427
77111
346107
89770
658235
456441
190606
136294
367768
139074
93842
212155
3382
297064
317872
267633
208269
871961
219964
486781
20924
30746
66264
294293
275146
5412
650457
241373
201432
279075
667537
616541
541462
1107751
1027831
695046
44452
262416
92372
476414
972919
641314
175279
58735
101754
1989
420429
356731
238200
381432
459120
66582
471798
180075
123731
210494
259198
16805
628846
179908
572976
353138
197838
870181
261513
883717
439970
578078
530257
831729
614704
102750
69740
112924
44592
327891
1145
133062
285056
508727
395536
532488
130165
20338
295225
408981
157465
261375
42994
242049
12379
2100
363562
222696
896967
165115
388779
767673
161908
70397
235607
645886
224764
106267
320996
1039374
539473
41339
76973
438427
520881
558045
1065237
478750
613283
209671
188394
115561
49475
285482
612623
19870
286887
89458
24777
267394
148891
641359
272774
118859
164598
631308
416793
114755
22146
24451
263735
688754
169577
258635
716239
146239
160796
47700
768961
70649
162250
7275
87766
29273
845065
757914
159612
145450
26802
7623
66404
191495
207796
58407
20361
874532
340972
114520
639549
638081
691446
94104
509945
604513
503574
20899
6198
39177
4186
79335
17546
140387
30962
220657
159118
4804
293300
507032
315509
143225
274559
190698
216642
100762
127768
16807
23697
25548
616714
733867
457937
217623
25828
839363
83718
199672
286688
159403
111520
103321
84628
91185
244268
356177
508625
334522
30732
721695
19644
140273
416595
139337
918308
472696
268601
97468
104953
195727
198306
78944
264581
166
21861
77264
121704
97012
254993
924959
1112429
69072
319568
568844
402577
148331
242814
20433
54644
352832
267960
237207
22907
498618
45771
571904
194952
137115
65552
100541
1853
737017
43644
130805
23370
118232
3071
474300
274276
446184
585562
94918
512197
7528
26190
141649
131390
235995
435463
232377
418291
108059
901389
110709
134819
110848
876372
207834
367964
765861
257210
220094
100424
346664
969368
450282
491701
455408
96865
222476
587039
265539
222956
59523
189632
163445
11556
329008
326840
255835
422838
293953
22162
247285
6476
479070
636544
38362
323061
98653
1050864
93150
543684
758635
352502
569984
96906
1030597
242797
402902
207571
159754
631825
598933
16734
263386
61907
294194
167467
127330
438580
39375
51553
867754
40248
537667
658199
178891
117680
139115
245036
19173
351796
155346
175144
96528
33172
222587
382593
479240
53422
71926
287082
243375
507489
209074
610559
837493
436077
549270
122958
391472
40445
293399
102754
597179
631850
885601
36006
8830
142890
271104
794286
262720
77278
59514
464159
524294
138530
157573
15459
569493
9789
395849
586624
575265
297172
28436
36781
58993
200122
24049
10129
349619
59370
454692
967447
1080394
104339
25871
438779
608269
364556
80180
154547
209590
207982
71522
816463
15977
757969
135698
597055
211054
22303
189352
63192
195028
605650
31388
243771
56196
103946
267564
135066
956156
440191
334702
593676
82940
109382
444490
790902
279132
238014
1001977
1074996
47346
832468
12014
1070782
498515
246355
74822
807816
589281
529494
464736
175089
100804
470981
151448
85787
19392
88005
148961
396311
386727
646990
18844
221530
319154
13954
31873
697241
191467
41526
368852
26119
62820
250784
430357
762946
134878
110789
260886
768771
29915
472403
29836
276160
127026
144216
635119
361772
466734
105413
448357
236781
239995
341142
141376
490044
6108
402714
4380
192547
698744
222892
114232
595012
222694
227307
645245
187539
109129
624955
179870
130992
943483
119577
30312
291401
723634
28420
579294
175209
151670
473721
220720
162171
834750
606370
143698
671492
3718
309835
458207
184225
50936
164266
240139
402560
251035
584435
143721
636399
210101
381792
236946
103958
772102
9137
209379
200154
82538
59588
21335
417649
94830
453360
719404
7054
729248
822944
159362
436589
30244
227707
490802
271524
96348
354394
68931
1025882
506835
68909
606480
685191
29611
241307
211283
579059
356999
49932
996187
227310
420202
996509
38230
641256
437171
397248
20062
3624
30185
143680
124973
299647
18979
482870
838596
435217
141516
8653
583929
92416
546096
174132
776555
600070
318636
396859
113176
70306
431314
691
39984
783442
615073
240474
2158
244360
77415
641422
1025837
598332
26716
30682
72898
665149
334876
762423
286779
93683
156558
561364
66427
70776
83790
148130
476539
45178
555087
58711
141805
140285
397204
561058
24767
725972
633864
100103
296385
303092
430319
886031
143784
273346
66689
85045
262206
61004
19700
40495
190658
476876
218926
181141
125709
64305
189596
504407
34985
99438
340992
140109
424743
503241
255518
236678
71597
105932
193610
3728
297268
99987
290726
380927
99250
9934
645367
486754
268503
539440
38781
386728
55163
401084
553639
92720
220247
17431
22596
121080
500466
190631
301454
119306
132566
26835
805318
92043
363739
21756
260146
91992
93197
10094
217767
97010
511280
444790
885583
12799
100326
64127
238919
74713
154557
100858
231169
593494
667871
966846
82543
395711
162791
727
247622
95006
164778
279733
179749
255976
86777
20423
155259
20215
743525
91820
17739
163704
637352
40385
19314
100652
27601
178885
121127
99323
917067
136506
27363
899110
147455
32289
772317
244642
270127
83161
266066
446685
177470
63024
37457
274498
103979
538366
39242
67602
295137
102773
3983
235417
544060
174792
36193
344585
14324
221650
218332
354464
61286
283047
215344
21844
142660
133287
191866
446
359923
186807
190370
194059
99281
71412
293035
139139
12974
3657
537307
31891
319992
230332
334066
325125
36909
210106
27250
340971
259011
879939
38904
154420
438201
289177
568551
106444
535
190863
154457
184031
447530
19503
271009
153306
197711
146665
64580
94102
245102
202112
236880
757193
20928
384419
178544
207657
57316
44448
4616
1051077
50981
31549
247229
986776
245
123132
64160
398811
131405
18396
590338
200195
218015
53278
242148
20731
860693
233179
260067
41537
144998
8545
104297
814251
352079
238992
125917
334132
670995
911051
94299
105754
18100
96074
21883
448510
127112
151744
67674
291054
61298
702101
22823
123114
25594
348493
39493
78954
594181
78070
806228
54882
855888
129072
208650
11056
467727
157262
242544
17075
403067
207218
287122
22145
492655
96618
210976
21400
136637
99334
881515
94789
622123
82985
154436
50921
261057
157991
188052
943323
199145
226797
317955
138990
244335
135000
206131
610926
431222
21116
101613
610886
362232
71569
99324
191330
1036269
66348
105100
878145
21232
147447
28046
41471
635371
96655
137522
220702
780626
31592
384580
406148
4716
327847
134711
87230
163795
241330
467864
29462
12424
23256
260622
252189
75406
110462
154305
100032
237734
156883
255645
498018
446886
9263
349632
347379
123542
568818
602345
335855
195609
258850
2023
504943
78632
191220
23142
717540
116678
20944
28523
7703
95210
718604
47689
537159
646343
199242
446261
19490
457716
319594
36240
99861
532553
561141
269101
97356
170980
343
386286
832827
96448
40562
13430
37489
29109
11586
51546
71650
4068
53637
360891
208422
58387
70928
24981
236848
530796
134811
70886
38893
102799
23917
3086
222477
581769
326854
67968
92547
263247
163765
477467
151747
260636
6090
212260
237647
318974
237947
216506
47340
31848
79223
38873
191067
151926
54636
136225
368744
197724
4985
62162
348022
298931
60954
120783
381042
68793
889538
37855
338856
809256
25221
390450
86838
161364
101271
42082
97466
160361
31689
91352
635668
4060
53166
121593
625542
95574
218032
545937
641514
163551
104468
10541
61035
175343
389562
614829
175098
248141
552821
61896
625842
806635
632750
197607
51049
538581
747638
80740
568781
27174
55962
69255
26508
52256
105409
125888
51165
770429
359046
74823
270606
281312
386172
537551
181551
100733
20279
855781
477524
41598
18410
571447
294569
49799
30743
71130
45865
471005
42926
141513
47802
537573
144657
47359
463186
253316
455808
29208
571594
401013
244479
217500
590042
92331
131398
391762
134568
270943
102051
645633
696174
26640
294839
752507
211324
739033
65793
546867
125855
74542
271823
458061
128668
946768
106071
250518
341042
270609
388312
464910
364247
581244
31851
311824
228937
191984
629396
19008
1002800
73638
34011
121238
327817
175887
253673
368900
562491
446030
3814
392374
297328
122208
156361
100048
2708
318676
830561
83189
539323
390559
67039
221001
184919
344904
242067
319638
367651
178221
300274
105930
640990
327346
258474
33915
250949
606556
382773
95741
51319
997583
111859
44418
180342
257777
268510
117365
23462
657677
96519
3640
326055
148608
4284
198328
479351
149639
75508
119517
295050
10482
216219
121151
453106
438019
144683
23009
77064
37230
76683
20755
187304
913538
92822
950596
150059
630439
191466
243611
43982
289669
627490
160209
221445
158676
46262
475395
79367
186913
728427
941078
299110
364524
122434
989249
76303
228383
456264
391574
106704
196257
337007
118351
578170
28623
40541
210226
609357
51041
120010
624592
574268
94571
43921
625767
874061
28151
36468
240444
11224
95841
610063
134950
551994
446048
417558
28821
317913
382503
7184
642836
937576
438900
474704
851664
13469
88661
155112
395702
369344
598154
61307
588063
162792
340709
208116
401979
11854
619589
186590
359589
24211
1987
26689
436181
14078
362291
145367
221567
329457
221234
629409
51442
274273
143722
588560
20727
36702
59394
23393
227877
59044
401651
243750
274351
66532
31425
201059
237379
28003
256611
623017
195787
74778
6047
200043
583177
211202
791797
296776
541836
646140
78649
630359
498450
27102
229213
70299
174242
96229
79319
446488
490684
299044
69045
478458
684567
270941
106679
10415
19043
114253
472140
235933
120517
764804
207772
438791
25101
19924
326093
206324
1007805
428898
236168
63588
861531
266402
306622
259337
409618
430327
209623
865065
300199
467515
191155
300191
443224
4646
13030
1115130
285427
51485
199022
1037168
443418
172591
141415
28167
13550
87253
504414
503607
250726
276731
103783
137563
606456
572412
506361
173164
97279
470745
272694
52371
6125
435156
947546
139987
230192
33965
381934
110807
775376
596119
73639
61637
205627
201710
147051
343608
647844
487033
44467
255623
135084
141539
559245
35881
241919
664982
495387
341578
222817
210580
587243
24090
28988
49593
1118310
99187
463660
177579
51703
1119064
573814
701948
344254
236826
575123
501072
63589
447928
109590
95898
242507
125246
26758
1132422
64578
54629
573423
821921
25449
58589
91864
114668
171415
234624
590173
673065
714129
839895
846057
887928
701962
614596
269156
908119
4749
149131
31096
632403
104016
246571
650773
833904
655346
143798
419979
90996
121650
15281
178322
329989
396350
301412
69241
53005
1118487
37585
296020
28149
348406
97072
110135
269845
2031
549668
574768
580655
150780
882357
247518
143222
148547
1011606
13856
346604
216255
215019
162748
153782
635593
17597
295354
47049
286181
154454
131381
247574
518405
702686
125002
820759
744120
386011
269462
648489
62671
343597
41157
349452
306047
598615
31115
432614
180182
549844
133004
430188
1082246
458785
392408
150235
342138
865089
236639
97926
690492
163502
152228
37847
331598
63891
42516
4118
91894
28144
205729
352634
641237
96584
218747
144339
781820
346775
265983
218105
600058
218276
536352
154476
91542
267065
44260
590102
53807
610963
277940
552766
189356
841981
146484
483805
877311
236506
493578
17603
103472
258431
104317
248737
163707
4452
137612
92965
24133
71308
127123
50905
78097
773590
626781
106687
267461
10029
1394
54815
179649
30811
148839
2216
103508
72208
203236
55014
154158
709930
156339
532192
362483
392266
143518
192613
698927
145709
281783
146192
818462
272157
97778
220207
140434
517737
8847
280084
445735
492483
263613
197671
996219
352466
267211
695143
702739
174328
730495
136511
496729
726076
27017
278575
353814
331599
264045
272564
129110
188397
417412
251293
185886
238930
473749
268254
397362
184158
271254
114322
430140
569330
36934
40375
246658
27259
106702
580790
147902
692705
969934
590146
422051
298845
254989
122259
263193
972186
326482
272265
402713
308216
35151
629640
242437
962830
155685
22929
2219
18636
163467
80427
819402
39542
127355
219541
163270
489156
84249
219552
45540
152770
83971
156950
417449
124980
191493
102171
658491
450209
412271
769015
114650
528951
82657
67349
63283
840
131157
59694
51697
27326
463492
34889
95248
252167
209633
161815
119667
274763
736912
786026
198109
574242
314887
297613
153434
137662
339986
20441
551972
22827
269572
262824
227728
82268
465643
476129
124933
586288
262690
260899
178904
453694
94494
86184
173205
61624
467954
267622
369569
89844
354151
634559
13751
83828
200402
104052
588226
287258
92633
294965
301698
18962
43191
279485
465190
9288
185957
365574
171268
206126
471227
242200
179659
424
103540
4634
500484
34389
435568
579007
32889
137021
163506
100902
22618
101461
252972
623976
79051
69952
11453
149317
825005
101748
319927
218033
336404
201741
627410
95811
11024
1017037
23964
128663
41586
201939
269923
841477
102986
240712
49818
382972
581572
954796
466555
4953
45767
101537
219609
661419
96015
803971
237002
187323
13635
222275
125853
256834
151557
25422
265279
964795
446571
244525
925880
73775
961913
447501
732034
199787
309779
26615
133100
547624
328298
447575
219720
73707
271506
390678
94320
543985
522059
184960
133815
258167
713595
139290
975234
249291
219141
106524
149589
703419
61255
293764
221302
195409
275629
11158
71895
302219
768693
470839
546055
625841
586195
148509
698992
66853
635642
101994
599966
144574
32980
100545
1200
488814
271183
283859
314840
144150
609227
298964
715705
286978
264787
816412
270880
6821
579229
436501
532797
7050
54638
39441
180013
1048781
253609
1142
7537
152513
40607
58730
32142
21187
622995
204719
232331
587384
418426
95247
533049
95719
6352
25199
142457
92624
101258
249563
281090
60708
235431
161821
83577
258634
299452
218030
131827
101568
334058
406191
41747
274447
553576
472684
88991
47213
463426
105375
27649
361583
104267
265997
127133
290685
472317
543140
359756
450201
651705
686183
352257
232083
131388
357102
506034
274689
69608
105072
207368
102383
31870
522640
44780
510290
446899
671304
692886
216259
53464
499329
2490
251210
195761
258997
580761
613389
972081
254435
437535
147933
29780
274530
72003
95469
136548
153697
244103
1514
618471
452958
93046
836879
290806
160086
270297
30943
531359
180217
11254
94139
43095
100268
281292
126956
189765
2343
53630
292709
9104
222309
269222
60239
2345
155095
102229
532231
26220
102679
456443
102501
563189
117918
144986
97616
60941
122177
31113
581295
148508
235891
27323
58505
160236
831130
25233
92482
600016
267515
288406
531430
447427
29082
37925
236445
132792
500171
710879
159887
465180
95546
609021
1076202
678639
31452
273480
93587
363335
120453
70499
91525
208766
94751
105596
24806
644822
154513
139394
198906
449658
294280
269524
8618
11588
386593
6948
142607
119225
242125
20229
73864
290391
278984
146820
58701
498592
453601
190944
702661
557848
311182
310912
58150
255932
158271
491649
22230
255643
258695
347473
278574
113120
38004
281097
67965
401789
277995
298266
352647
267106
268612
283166
41497
37129
137833
402076
6104
150105
118966
255039
329226
498793
95680
889830
7896
101674
152970
368593
10983
121381
130205
187871
91006
26882
188329
732934
775770
217242
140486
281033
220255
119580
271655
368898
39989
134014
244194
263585
649092
1043202
59353
146427
188099
232915
768324
738192
147633
633042
733933
915719
219003
848955
424486
251329
698364
471054
842843
104098
470808
430255
259184
260015
10856
216669
24488
322032
625858
184180
31878
293868
50532
20299
321571
68936
81952
292990
22800
581057
582159
290653
695249
217007
735153
207416
680114
608813
265169
124214
640335
445740
71936
191326
769418
591962
430098
351761
369623
215527
517694
96916
972555
180323
41196
241971
44108
978163
110660
623914
476351
157512
109028
285636
528119
551752
325606
594078
242024
752062
271484
72021
319363
666536
91960
40429
83031
1040237
362119
728030
390434
37540
152564
660513
646668
212543
31126
285471
532515
521529
318409
737356
44086
35538
218809
646595
68594
347955
684252
397490
657195
238440
441542
155488
6353
222937
446937
498789
19407
435671
562431
294532
62749
43101
953161
141903
737851
279210
281419
279213
867897
1020912
388401
539418
175206
292966
1075673
593626
94612
12396
19552
449012
208561
47473
510101
387041
341617
30295
277782
117521
249211
2038
246590
91334
40391
266216
588088
412333
32810
236056
669
299588
758913
298880
33814
43972
443242
1059967
628228
112774
1009330
104115
248934
207712
159062
22222
9409
112499
381105
547285
666563
803781
6374
96712
251516
140850
216895
546666
103029
146069
398547
455419
16937
8160
1027290
728200
133976
393551
139502
160145
100710
825441
32048
921739
594
102784
108777
349921
808009
143815
3060
202946
72670
496771
528421
249046
51241
787900
70481
217591
294991
219648
278599
83894
292374
950389
95669
11906
20541
71666
297157
483850
472443
149612
431610
295219
643256
222964
626095
31499
101634
509950
20246
152020
382590
184331
274166
187286
686758
39178
90829
155142
519653
605947
103357
456932
186819
112116
351480
809653
255933
367771
317145
228569
16751
269141
120032
2167
8309
16760
680262
261492
528966
356323
174547
148271
840908
9637
12605
13538
29131
188514
554441
126138
44461
624067
624811
13375
646037
101377
95440
658916
268110
325545
253658
893270
177663
21312
82749
61306
102235
948052
389932
260054
29751
137317
119754
187072
117377
156580
91919
1053
104734
25410
402113
17092
455888
684750
253958
21634
590998
345923
195361
493855
39170
121014
356290
904100
547685
293834
256817
97975
37734
218692
298788
120443
578350
533843
698754
280448
3544
392384
153950
33887
433587
485070
77119
143903
20295
872309
294235
217120
158152
591099
879854
153752
381508
457755
207421
121113
888879
232604
452261
648391
34981
752296
3362
349783
368415
57990
52024
283607
10907
1056247
152137
286650
882190
332471
385807
22743
61081
98284
215880
104049
195176
61726
747794
140952
271955
424405
268170
323703
1023325
528689
156211
842038
272878
144710
352335
806807
324460
25999
73614
722
612624
210342
112773
83634
313570
229694
910187
136446
451717
110053
178008
395005
939672
152430
119714
287004
229882
359084
253425
61639
102809
641850
258206
6010
157622
44253
164601
312814
632319
191117
356516
152996
454548
217391
101699
434764
565721
191684
463131
355557
60687
831745
347721
102950
331346
614464
267714
45726
891895
25119
437915
439296
536588
20374
317449
706134
862017
791787
842711
199172
58631
71121
162607
684449
62504
220762
219931
319183
499403
5740
113909
39191
104004
1119576
218921
577278
423506
910744
416731
49006
69271
265334
17471
6452
297726
96181
393083
443826
128646
468753
247635
125150
160821
520767
277463
49317
176606
291078
218443
292778
346304
650374
258656
742852
74102
143421
77212
41132
121020
597248
430558
355680
140388
69842
591707
285827
26938
236210
103250
67875
578354
187514
230248
642785
29737
64592
207243
112978
149999
475323
235447
624020
198918
432229
28805
248400
585869
76287
151656
3883
107225
60148
70071
296623
582629
97069
152687
528616
262503
21323
12617
214176
344145
91058
92021
884212
464713
349857
1768
155670
188313
88299
170104
62261
103706
107406
140235
214970
333877
417077
543733
663320
700388
708709
866757
934206
1096956
240882
110777
118635
1093795
6474
769197
96944
4293
117798
116525
163800
260444
447519
139675
66712
263126
40436
536404
261286
178281
240537
342011
24538
69563
43181
547369
490459
100539
120381
227756
16716
121657
230062
170952
362288
381875
402928
622876
140055
96516
144102
81921
284518
437270
32359
395060
134249
222754
776225
123551
154156
528802
125132
294616
96455
537360
430897
17044
336959
495036
75520
352642
201286
141855
245000
773982
211350
20620
66361
225776
1068070
109209
1086200
418227
290556
728158
336832
581728
320727
99985
712961
208437
66986
115951
510646
39189
492675
361069
97212
624614
64332
652499
217573
351776
489862
95766
354429
157286
826598
156659
23021
349379
488357
154278
382790
891904
863888
532524
884452
722128
49514
906934
97487
830789
202624
50928
994650
83185
731353
63616
321908
49122
483223
606804
661295
164412
591472
744245
232534
31272
151020
93560
253586
451347
513150
223519
512223
7253
342390
28603
286890
2276
357098
44855
35595
93495
92432
160703
267164
381385
526661
347429
346613
1013439
749302
146759
10581
49291
236435
250681
95208
322309
264535
609343
259712
577439
23391
4655
148519
190498
199527
295983
181540
747
275059
32450
466504
22466
473066
506230
28200
420147
486041
7357
65029
534947
59746
228332
341347
29622
414671
205963
571371
638325
789662
473123
249886
227018
334894
758202
38434
582692
680940
539032
396820
78816
99467
63868
128611
34928
398445
209271
119017
135256
253317
561714
368109
260968
222132
135880
475080
429598
488259
462134
136812
391398
249686
269907
22861
598282
202672
88286
259954
248207
102330
90961
10768
89756
153924
786978
163996
61228
244769
148178
201665
35741
164842
260182
44570
21253
157917
75891
368273
56102
18
99762
2043
260075
255735
58201
367745
13377
63056
125603
135935
295334
53627
216451
510631
253496
224554
178444
486417
447522
102265
278018
278644
370109
578824
100325
381480
19617
96456
85594
274600
240313
30747
325965
162585
95184
235946
45197
228033
99062
128713
114292
207546
96933
110506
91417
138575
290773
13327
329071
2914
297711
238181
251218
192468
559839
12037
21008
263243
781948
99169
218261
476087
48252
39929
121713
31043
83439
102052
240269
262949
259165
136616
260510
119445
102226
227439
688444
828554
61810
742610
190486
314046
44608
104311
10300
670116
58480
32517
18558
251517
50946
271505
370053
438776
315291
196253
279763
382915
117472
66055
585321
482671
648392
793
25209
103381
545583
327034
7601
472350
26126
534547
121823
258164
18506
7210
103748
395619
292381
393081
217598
383644
347102
39470
3361
262173
237005
43932
155437
53130
734513
235825
27754
22302
86854
450210
464653
428923
391467
693310
880158
82448
875622
219439
294885
252203
331154
803647
751684
298378
257502
262746
15921
237857
195747
154334
320360
300783
546683
146190
448043
267081
30305
231898
419758
217382
58544
266544
706088
143251
626
270768
524223
62715
220976
185730
86916
326701
154202
24908
120540
94642
61161
188288
119070
91958
80200
160627
29203
178514
61136
113903
563196
45482
265977
180071
50626
473036
177402
390523
655275
268952
190
315784
623974
7730
236291
180129
115350
233199
14151
265452
419663
134697
27339
158073
285485
593856
161088
33443
273756
95428
117400
85018
624430
227303
159624
120507
1077
41245
479085
589911
3982
81527
198742
84283
27686
402156
130265
112651
33707
160594
43397
220167
964397
119825
231117
232379
621169
8604
543619
442846
275261
462223
118656
991958
447382
191139
219884
76706
221333
807129
16890
65277
510980
587074
28412
13920
216936
74838
94877
97099
210014
89473
149832
527926
144825
18047
464742
232808
183616
119361
135404
708749
164331
319922
145193
221461
162092
83589
277932
265038
94666
24588
650897
63171
835667
413360
336522
285092
318407
8108
644623
541205
610965
96958
156793
29582
56556
114447
60557
106693
361384
827554
12609
125889
40408
589164
1103809
648158
409061
29660
355198
72107
123088
640999
157759
92387
247013
155227
634870
140610
64215
50592
271571
1089251
99928
980141
260717
78727
60693
231488
115629
360205
559095
363542
32354
326310
251481
37781
194027
30643
39959
555859
1923
30474
270454
96436
122072
762488
38850
751505
131367
258829
636181
261232
1030821
97537
506735
159878
204564
579292
474765
384500
125487
896207
274041
180618
173258
299460
104045
252891
223853
394992
719105
53497
38880
117384
38299
855593
455183
581534
75910
49011
100474
458459
346273
26175
390427
695282
10666
591527
222123
364130
243466
59688
599579
120231
170597
725501
512262
324105
263190
764346
204523
744547
436413
938
280164
219574
142455
255356
13383
147082
224605
351805
245149
738749
95779
308266
195245
136547
650100
470838
129908
1021636
59232
280418
140499
794017
267647
150073
101095
311220
517620
649464
678594
866664
447030
386392
109847
625623
692625
332096
26379
735519
156189
766521
357007
155165
386607
274638
351219
351352
475492
190489
269590
117687
347906
47375
978873
886279
97217
95879
340145
121394
35859
230651
853674
27203
161566
112277
298825
241557
116243
28474
199390
273372
764316
673243
1125148
138208
238825
142266
26274
487773
259430
381577
23847
117639
546449
582584
536918
172983
148131
31847
102364
129722
60689
953829
414053
10914
275864
590958
106130
196551
131794
347205
122965
443303
18862
214258
240458
310526
250831
464220
140489
326590
94648
174021
24858
163778
27376
201318
76593
139163
643700
132735
677919
931936
42379
71955
152668
539190
764026
936218
118457
402602
191472
493582
988
382705
64849
174958
84269
99339
584648
175147
101251
511004
648736
5892
33421
28535
381637
58977
484420
109902
857596
119828
340463
8378
381575
84364
658703
537202
536651
68854
66935
4595
252173
64857
163529
754242
107334
738607
334006
915484
219733
487660
347744
711156
153123
102218
1686
99452
239989
593548
225820
473835
96397
125470
253642
76407
27348
187247
492381
241545
36799
242445
230931
368284
116316
103873
749374
1006400
622747
138899
143273
341800
304953
115626
730068
103719
477384
260629
143310
339140
43928
23104
380766
849042
6922
109155
176352
506541
550792
925722
1003905
1013214
13187
268699
415441
561911
583656
758361
35498
75236
141880
298930
23517
388015
239136
43157
29121
24426
431671
51252
283383
284740
105205
559932
129572
128613
545322
21224
331202
38862
17794
213507
636957
568196
216505
356808
164263
105942
23331
155769
145548
99294
247387
301766
530573
952590
130963
286839
50475
464892
73623
718911
159824
155067
680427
75490
608660
401911
39243
30196
161030
83795
583221
666215
842915
215116
669771
47023
71821
242896
66565
63136
241825
83221
151253
473112
59649
6453
629235
6990
108931
61133
121974
208047
239973
532470
3484
147451
944046
834292
18354
84992
584250
518548
320938
255939
268185
71843
48470
245306
42177
562340
963007
877091
536591
529333
1094676
94854
636843
227390
3139
491587
74831
89152
261715
675256
455273
370208
692307
621785
207249
658423
576699
150102
91045
680633
474009
574450
454510
244050
362654
164632
132762
506115
494858
75857
222647
370374
259459
292280
243293
343195
596936
102551
17103
19425
292606
446066
788130
157133
394997
94629
75726
776540
136568
36995
153053
7699
143221
256022
242285
331996
219185
224491
318687
1008706
298362
933096
196392
149983
222515
7747
179757
151694
229348
296458
23691
47635
102793
539325
327110
119208
239559
397488
642760
4202
241162
132561
541697
156633
207675
477199
191843
87396
121075
531079
26290
150020
104060
236574
593055
29581
121799
227582
770729
585736
883726
163856
133260
104295
290955
20472
4894
32532
73971
450639
144937
341699
97002
93403
144930
158508
199567
61501
191995
144610
251063
812204
14081
7465
626718
346510
2121
229214
157185
97111
83729
47342
228677
97332
191163
6958
488369
357041
184981
156483
3019
347941
722765
359001
249732
319271
615499
50940
363576
1083109
49301
259382
5092
645064
1022185
500928
530520
148050
101086
648401
101608
77578
4880
947007
216266
215441
59391
583133
92631
218350
139106
301059
768733
445972
929324
71629
286902
825254
172969
648791
228030
606612
583578
1013440
261120
22428
349582
493167
126023
128477
29097
441316
359690
327210
273045
730753
151057
458717
3254
23576
351551
34345
237607
387970
412117
187358
180760
152071
357305
9787
267730
707320
814520
323269
474965
170445
48676
897529
252175
191108
280411
150175
916142
479625
105656
17140
317072
454382
664364
13827
11942
26865
148055
262724
208789
591579
635620
293642
86731
30567
591374
3193
251765
231193
274348
523265
230749
449084
199387
506987
364000
55137
78016
877089
32495
31136
265108
240270
65486
126281
583
14352
97337
409232
7731
161410
87712
102931
151773
263896
27970
38277
134265
584278
11193
84592
219349
381006
112835
381033
92274
443662
150029
329602
118636
634832
197933
26210
829330
140561
1039604
222769
92334
75315
190661
44721
673810
568922
41696
245542
152549
154834
246790
78270
77183
213202
213386
11163
922148
3675
646004
518256
465032
159063
529737
21428
13452
128681
777320
8185
482282
218901
323274
1123655
736406
127740
239451
45006
493288
88833
53625
206810
21808
510367
260853
116383
27266
277036
92650
19790
154555
237386
152578
982854
159775
139071
148473
277780
326427
44934
179731
749568
95361
33557
71861
1198
220004
103519
93861
530612
701348
19491
258064
74314
602689
21867
272818
3886
400903
91322
262182
228952
98445
1117107
23879
356377
259372
788395
523982
131368
486685
27600
135449
7830
206866
267133
225328
233181
898424
633779
13969
249499
282781
91528
671172
291209
116184
16744
144921
148875
287317
267058
55252
83234
132591
32486
120379
151675
31122
96363
8204
128452
222742
20156
74397
270853
244045
319935
354070
631590
606772
277543
1944
881670
7971
444533
361129
7865
4691
30689
163183
618980
49756
105928
715570
636041
739122
149979
1396
436248
350184
327987
118355
278095
23806
345802
313045
432466
140897
544758
296092
290578
121362
112746
217013
229321
75473
348318
331112
20868
43840
133701
261091
465434
59405
134467
173301
148515
20456
61034
95174
42799
11948
91590
27345
136676
134340
92908
449098
79726
128693
18400
119022
533888
2828
575435
96898
122233
577279
11585
12281
8011
96735
185959
667996
275539
293493
26155
73756
60565
238757
706061
239612
95481
271633
6349
7838
116285
214964
252641
21254
152226
183952
20337
94250
93344
237877
28448
617966
109118
52239
13736
83494
155503
242509
23219
48384
33109
38900
627745
473431
218556
3683
672634
566864
793510
381913
361125
41538
159746
161682
655313
103199
420379
464799
96464
112690
404812
286634
91213
857890
154062
71563
26486
104744
20066
254950
28182
137728
36146
273393
18823
267672
806409
17022
216638
94804
205825
154448
140513
22058
640589
174784
39430
236447
46300
382334
184925
747790
26896
570756
97276
94407
390255
359560
718965
21269
199025
151233
109832
52178
43580
316941
37483
156822
464743
512282
259398
255132
43401
157170
121102
306634
122715
121115
111584
163013
9612
336176
947265
35597
484888
32840
336325
46212
445818
134241
239624
95139
94564
16919
295106
258134
523472
590657
208587
102191
589886
142601
199021
17048
9176
94169
44244
500155
94837
389131
137371
462350
556643
339261
226869
584600
36925
199736
452410
268490
146647
569140
68505
65049
416537
75526
280998
63672
596050
590701
249762
101942
96911
964293
96266
21171
82131
50483
40605
155223
355327
251871
510942
346138
155209
240082
30975
7094
361740
64106
336396
478341
503619
6377
120361
369390
26178
153129
130969
136807
33444
267733
64157
884287
606458
599526
89719
138907
31273
671396
42709
122185
70301
97347
143772
17850
703404
621201
534037
120009
183870
684340
539768
1882
265972
285832
870821
713066
123316
225412
144313
879313
143096
332280
320099
821524
979456
386320
253442
271756
778874
335866
624445
783610
285828
758675
386332
151145
606862
164020
210960
410932
785750
135893
785895
326811
239969
267655
716500
7225
605676
639217
233355
21288
92237
448473
589315
146025
11345
269339
810984
547183
185809
385870
877824
820017
259222
522693
1087343
138249
463524
55400
257019
529096
72790
2299
593360
134798
259119
151034
496398
955758
452638
239944
164802
455010
24527
336711
178735
370124
4656
187612
145528
543379
244954
455750
288536
457749
768446
936030
50904
119740
292145
23005
276321
35577
338366
61686
255290
446505
217059
867908
74190
463720
254275
798425
586348
20951
141705
820274
145683
318562
552789
675730
26815
965192
389314
201388
155164
248984
297429
154258
45564
384526
171506
560284
743998
46313
67945
206469
26076
287704
147771
103479
320880
224219
4789
147167
406967
99881
257667
98147
149214
95041
52617
590675
496601
156083
179933
356167
274335
70096
330148
844860
475085
1097925
473863
634617
513099
49324
692486
821639
298485
105648
842471
577778
259134
857008
283310
105734
298895
669631
926581
11330
141746
179948
241157
589582
681152
136689
99878
141325
61873
277825
497652
331340
439104
1101662
13090
551801
340573
656484
497170
348528
230257
145347
83433
578307
465177
599764
227768
792449
107289
191382
561402
414288
840798
13786
550684
121422
147170
653444
132390
31647
341881
62886
61821
273170
37712
344879
103910
27050
262909
270675
3920
20163
538513
582079
147385
20128
694642
578346
7610
92395
135723
471085
831403
29090
626215
220268
292378
219286
257260
537393
294213
65062
117247
136572
847
69008
488869
836323
170463
27089
163118
3221
684007
67448
58535
82822
906605
954156
251842
869574
6851
34980
979697
262144
50031
302230
498401
268956
211336
159661
9791
248791
98121
943553
452572
49884
426793
20330
32412
189658
301761
102610
837735
132905
767822
454749
236248
104748
381935
8091
27332
198297
319853
507212
479029
258355
572405
50473
678186
1027132
820671
31304
7348
353672
96220
238491
13891
151441
279993
80947
76418
289920
518618
134259
481271
565340
106731
48746
424758
310483
567202
360862
913232
591549
119338
82612
95810
360236
146268
98478
24232
392097
148609
101916
91239
531543
370299
238653
159723
920409
4604
255171
395992
256528
617848
221169
151797
42855
42815
114901
162586
25932
570743
12475
958884
91679
192208
821532
206478
26309
28229
69835
139838
347309
197783
530569
199769
145539
807946
1027488
253489
253301
534770
402302
524250
451954
247037
331844
127772
83471
191265
890957
418345
242101
43413
163036
218575
816305
582947
44820
878613
136642
820822
51624
81950
229628
100982
800543
293283
182
22385
503081
232003
984857
25563
582375
53817
627192
233324
24750
69074
70159
59041
551995
20157
635386
319216
738303
341689
93959
75630
30645
271587
246698
81807
343388
22640
216845
556954
12691
870926
339960
289450
519663
13205
761746
195725
352119
599758
274902
292224
268979
356246
190703
127375
524439
581582
473878
6303
131138
271711
218027
267276
478051
110404
614223
619
260433
971018
465396
102560
130245
695120
7581
241374
139162
34905
634821
319882
204974
585810
13343
143400
356765
271125
573804
655231
102800
562401
298824
91551
72187
348843
511066
58615
418412
327420
39105
446508
27010
13595
21933
657675
192667
31586
523651
641876
198920
1035966
149273
58120
240388
143739
300782
530241
103097
28898
763533
252004
1051165
19932
10700
950406
36395
147093
579517
30475
1050270
6442
437174
148316
381929
154343
497980
20511
117443
13888
152704
64241
111565
126096
225797
743301
1057852
429665
126124
783563
665247
3529
118159
571803
158226
207503
280653
84382
44241
775
417472
43741
198960
384283
93543
277793
436498
28806
230302
250543
94148
69139
139260
105242
749376
153290
125184
102844
681902
409274
616859
34397
150152
144117
444737
203041
3940
30111
492579
240315
72282
202346
151849
523312
959040
104751
161569
127807
159355
176347
14048
120034
248953
355842
355737
646112
199560
148172
257308
966997
353906
37573
217198
122989
646288
621542
63456
353050
315787
11009
163124
140459
242235
529571
604019
1079222
170563
22406
118910
158137
75131
317524
675260
150042
962305
632598
289891
284384
818232
29896
867374
248775
102934
120500
678438
163655
110060
707216
152163
113884
908237
256833
435098
13008
600876
264538
483365
195758
386852
132971
278657
270153
488803
121617
386123
32316
435203
482347
784266
526299
25744
88014
82686
624090
175228
251616
355502
274369
178029
239173
347135
380824
109556
94166
300678
4117
353402
781592
62606
252831
80061
226628
417510
84870
93673
349451
529405
136003
39805
218305
39954
385969
279562
186578
128631
227769
115851
908869
449113
631306
45763
464823
128932
30634
286775
44344
530728
206487
401508
346416
190535
164095
348803
101683
71938
601541
137461
606609
725654
138123
742824
580473
283380
423754
774026
30956
387053
287591
55255
149279
162079
147313
80159
255160
368635
121798
573278
341049
89625
63858
117564
562162
477923
229732
10875
317541
570909
101106
92680
634620
86925
470566
3865
99964
676692
630075
522260
1051796
716262
671234
666197
251870
94627
94737
263790
238385
482950
274361
553573
294186
103162
844878
288627
57957
149874
150459
69760
21893
325946
241942
670632
11170
187492
12498
267639
819099
163043
361659
335279
435490
41616
3771
26819
68785
103951
269261
4410
59524
74996
458797
512003
120792
209712
131641
343105
103343
84494
447186
50913
359630
326557
463693
148310
103050
216833
132439
144839
208177
313838
198311
82916
20690
145800
633066
146671
147409
206885
819
102925
4087
447286
78084
99915
627517
147418
38160
278452
188901
186670
68510
361836
530406
224509
948153
20381
263522
236101
76118
344570
613864
75953
142762
92354
682876
195314
144620
48774
54657
300417
117806
312341
691263
520843
94018
211019
92294
381573
844043
33191
21214
58698
209172
64763
240822
95494
340225
773812
313816
76934
227471
600199
645318
208871
249075
149327
122782
75109
260414
51418
80934
69890
7327
667342
599728
42285
66791
206865
469402
50449
53624
68956
1029864
104294
134163
220684
347398
73372
262226
98296
340528
121746
2792
13509
263189
436605
92478
639750
174497
311701
83934
127074
31391
13615
70316
70859
718674
313865
9715
622654
569623
354838
45920
751025
389105
95132
103294
229312
61488
856099
271615
30258
233334
469811
354354
298723
391427
162843
449593
287577
502533
16689
54995
13053
61039
95703
246927
140145
156909
11967
45547
280194
24558
100008
49469
474513
317615
471838
700167
284425
121820
113722
389310
74403
53129
222733
58650
64103
101417
185992
139326
537762
335860
148879
269044
299516
482905
7942
314042
397346
349565
828126
263160
445595
51118
103998
31682
49806
221632
93366
281094
216325
17803
186512
150841
161729
102033
68851
443936
277990
52155
391395
179769
67071
163539
101222
148603
39087
41673
48134
59908
105746
204981
290843
897134
104272
658375
498683
270274
122435
174281
261341
185906
703536
151404
24058
575086
83204
546812
707357
344796
699192
528397
265572
43026
26281
5105
12292
236869
319205
322123
830004
478404
27271
631420
155043
163673
161284
209819
263188
988415
227119
4289
63892
212874
8269
233192
747959
435643
160535
83871
171226
91388
37204
574384
107241
389846
788127
279777
61450
267348
627127
227434
580094
368934
229017
264718
286615
674201
95409
272258
98340
20513
340577
139517
13708
191202
12925
53473
180219
240443
248766
100371
229447
268277
184305
146662
570172
119924
19975
289761
99975
144760
291412
102105
126131
118746
404780
26239
293685
22244
352220
71446
840237
212142
43864
3279
260058
294262
28807
341809
266362
128332
383555
341590
419764
476618
151430
418209
479630
98253
667602
322975
103318
632896
446819
288614
31110
22915
310015
140546
392207
25668
290661
16774
80417
43362
22689
273889
471935
268769
351841
824419
1092396
286094
117366
34992
283597
242086
433594
46293
403093
869304
62311
623088
635702
18377
462525
93709
382013
578472
503769
492051
448735
17000
793734
537395
278488
825667
949056
264641
206617
287085
221331
319971
482013
10514
132213
349816
48399
151427
159984
179781
194261
228940
245213
260769
292618
348284
524214
532578
561724
761858
789527
919921
966636
973799
985471
1006865
513267
892964
926359
55325
88195
164730
165031
195597
196313
245818
287993
357963
566677
597237
616293
736191
868691
905156
925349
965396
1058892
1067634
1106706
613777
222011
117529
458871
338114
26029
95250
148346
635104
719333
101589
149407
941972
526127
673416
612748
334410
23006
356064
105359
422146
692491
16761
109362
630290
8824
1014316
14040
140961
9631
679485
95297
118664
2641
868969
14003
281816
726862
149165
855026
584958
290000
350213
628662
924456
278817
626092
1100
7875
506998
145530
293360
1038096
227557
26643
273942
506819
477570
208588
388551
131656
89214
30585
499020
223541
529734
317120
137577
51171
464687
439857
949043
664046
222861
269566
214229
757316
300794
115402
492192
208817
439245
76597
273646
602351
196019
864595
160374
170215
711061
163683
455208
17360
241175
259438
406957
610969
476321
30847
927017
214318
777947
402587
278268
66228
583783
330054
325039
235903
214248
1006326
269072
330973
24721
151571
491279
80549
69882
24634
482297
28736
95895
13523
652465
50628
27619
326398
71422
258572
713632
119642
260171
507018
153340
788436
907852
248779
668063
99430
339479
634968
307974
348408
890465
537955
255209
498234
558647
783430
190910
342232
112001
83502
163050
261491
37136
79274
303398
45158
146861
100579
3729
246978
7787
263719
820194
568619
548336
640336
134945
630260
624386
615747
868767
37775
7178
141205
755022
588029
538659
446182
152393
315171
95294
163351
144560
105307
571433
9793
229479
76776
474875
587865
145863
153473
37141
293954
2821
470401
130259
321452
499513
545853
582432
735282
7074
71017
418435
95914
24759
9054
23735
697180
177711
746836
259471
827068
67019
451211
758727
541187
586466
580159
265964
243610
449032
320117
664235
28577
108619
141931
401052
346043
6793
292382
143709
94810
592053
63977
408026
157134
188004
271450
88297
398241
436101
120450
20045
275374
776322
857998
121087
172426
572614
448226
390776
50428
902366
33561
708566
547573
220571
257947
124975
472093
475505
386208
101912
94502
177514
287067
455210
914139
994682
88352
682367
313786
939141
325502
298059
198762
44527
525197
93918
279527
506900
912967
97877
128553
450654
475777
591551
17839
494317
114107
175274
92936
893417
33724
689552
455150
121501
122265
448468
255001
518251
51452
184732
1018291
106137
208585
444669
99221
18950
281136
61254
116255
612604
436478
654292
965065
652835
91630
405441
101542
631490
190871
100677
386683
435271
609127
201569
237726
552676
478344
124188
231163
221526
141244
359121
395716
77193
506111
109186
163666
656335
359114
21975
150527
331223
792773
529048
104449
6781
348629
281314
120784
392155
418574
188312
156544
107653
434932
771211
39299
319155
592015
154012
326308
230650
344122
662603
251553
694208
655618
268631
151899
49976
1036328
1113650
386738
272749
582701
219561
31546
227053
145459
99940
874065
404593
195516
211578
895235
44124
223672
2407
1003928
757434
71566
121812
62801
190688
973228
163436
351063
1091247
22134
89784
276976
251208
178458
445527
27794
574271
181010
527379
285480
463910
170386
21626
132115
1011774
272468
336463
921736
294793
846
1379
501065
442813
917247
120809
94782
51388
1123665
136660
228718
79530
1095009
227798
199758
77953
222339
187396
243453
242794
433593
563338
381141
24117
65945
241035
765781
370231
207789
18388
298572
267259
84544
113166
71929
475762
269713
278278
453190
70065
299729
269249
203165
465652
160555
172362
125700
437549
662897
157261
74829
342243
602488
144667
506036
189700
293234
31663
74316
388895
312268
402863
560311
157344
222195
463968
1100740
66561
70153
635619
273533
74110
252840
94122
843617
679992
126080
767288
50095
64727
578500
251229
206680
58700
531860
100034
66632
282004
914971
336934
343209
71578
533015
261455
595741
953649
585164
1006908
599132
688665
74771
102156
147521
67204
44726
217400
70174
151067
303622
66487
61001
121890
808076
488829
84947
3637
66382
1094952
468737
73595
681771
500951
317063
875060
209134
665907
738923
273495
83872
266053
388178
61062
464069
756714
743938
622805
537916
286614
756662
329425
360581
149931
128880
1050100
788045
84894
277556
584721
52482
215940
96215
648973
32510
845477
92856
257666
344320
29050
545858
160986
142264
162030
179758
96861
465206
202823
236136
24439
275161
171494
32937
352708
936731
226444
669489
84230
43975
226465
91044
400987
235492
279801
789517
70484
157925
173243
323225
319835
43589
92515
188531
353707
84397
253009
332260
229386
224484
472638
236535
256431
267026
121518
129767
449647
58298
83849
201212
537450
844854
14218
31015
100338
160497
735910
355950
632870
470978
25009
265393
4605
27447
626798
142105
125329
199897
246789
628878
357010
557892
145938
397257
51860
161735
209418
702156
150878
21362
432615
565969
68929
505503
216854
41866
464716
151064
69981
298986
612728
217602
526248
260548
531181
471851
22060
153668
156572
179807
512408
384427
451033
212887
31383
179719
286595
670870
84620
144951
63592
464688
384342
680413
124674
7407
110700
99306
73983
258954
809732
256155
402033
130631
532970
156667
807109
190827
128772
53914
92567
4812
26556
3172
450157
389330
626074
148234
397332
393711
35415
326150
18740
629662
414210
3629
43929
459771
452128
117462
352895
42756
10649
453259
141391
936475
957244
50227
95543
131993
560970
342681
18976
653417
79385
157126
341179
153827
126142
381831
682316
86606
464218
49458
263395
49778
218494
775452
245114
21145
12656
742875
263271
259958
110583
11887
159598
49649
551370
333641
153913
635805
190372
46903
605236
473409
95256
23766
210609
53017
241513
624556
491673
38255
433785
290009
327870
519772
245096
105680
135904
634458
143939
32132
455858
197972
368685
25705
33936
45377
362415
586800
242123
285646
231183
146575
152927
161505
26445
41651
230294
645125
101493
589547
364135
8040
73934
93341
307
513672
343182
51234
145176
20198
187977
20575
132315
44094
195551
334084
69173
30579
147368
249378
149642
9868
120097
22041
151790
370062
44906
247633
94361
58395
33711
44121
7877
58173
112587
192551
20723
239196
43271
227807
67792
218879
219879
208450
584902
197474
128005
11339
125865
473951
216476
115807
237205
11265
638006
4493
24261
497031
102018
309802
19729
455279
12835
117945
14095
266522
309855
191059
1088247
66297
36803
320224
221517
163565
616496
172651
186570
151555
797528
261865
201713
859626
313806
940948
31684
419639
145292
21156
7908
340324
30445
278572
197627
556503
369454
20176
967112
300671
219747
191634
19908
99349
2284
781428
278223
79494
352617
899865
247391
49636
142550
273286
94812
321307
95555
22397
264470
3532
148554
154296
71237
96674
92801
262787
101737
3031
8544
27773
65194
733917
4102
383620
290720
647833
221668
573405
187997
122722
86541
434893
331382
528046
55223
395800
8643
153878
303319
23574
21198
388043
241964
402873
126159
578100
298414
205895
121815
450094
236545
253954
299708
154539
348402
292165
612649
584111
352771
430030
21416
453291
127249
161379
102256
64068
31929
184092
179827
137396
897224
683332
48526
13440
208756
395706
128591
36575
401640
436095
268293
468774
25532
637956
156775
475745
269236
323008
180176
209105
140973
460729
319860
228599
21162
287773
398370
31270
650596
588969
329217
309454
241011
262247
252013
92191
249622
519445
566193
205012
328251
451762
35455
165149
520811
153798
149824
31965
179785
135028
832918
134989
156928
255031
69691
227710
142676
472254
26653
477797
206236
558743
510358
187117
82629
155785
54841
419041
344136
259127
789789
507116
688396
110778
7878
838451
236681
837716
153549
304985
164875
752063
18625
55582
552752
431549
944457
206908
576703
1074514
180783
360748
853196
152753
64651
586801
65009
1108025
96295
446126
275445
126545
498156
430677
279172
914380
860344
968189
162677
160566
1002405
48653
590730
209603
488956
291562
189630
37112
200132
25962
170191
591293
992762
913811
78162
248936
838229
160818
164657
651785
66878
271103
708605
640811
664481
657417
200086
14149
471584
90905
317512
157469
299600
563095
2681
100874
262491
351474
359113
96702
219243
71468
510967
457183
861359
338852
203032
253302
170320
136442
268118
471348
137465
264098
122792
403284
148939
830319
267899
246485
138888
153234
7234
331457
699006
258156
105775
102928
277023
134239
218137
1123980
343296
251334
271046
239096
753673
382609
68520
575013
247367
189056
294946
251370
24137
179665
19400
302720
252626
483200
1045328
641057
361204
137656
69849
96667
149934
156801
344115
248518
108685
422845
245754
161463
906056
340967
10565
301205
597236
149749
452369
240958
174978
1133329
772177
59146
103276
780023
981757
136796
219666
164835
274546
162526
220493
685574
527762
268263
101755
69776
461522
177577
267419
239413
634409
765134
273165
113899
570893
720417
66700
472695
154089
463804
605538
592933
105415
162147
87855
341738
876699
556336
704601
3441
334012
789674
851464
72044
188456
253140
321359
267162
476107
39932
297545
121146
263814
1070231
287490
97005
1099517
21991
26172
474035
155023
939208
840959
969023
283844
4269
237215
240527
598932
161425
470382
222148
163938
347041
30220
262047
184455
103408
822646
516245
722055
811627
60180
141933
970230
354479
226853
185786
158883
222147
929
343187
623664
155445
131021
40540
100307
48821
253659
547429
61431
33818
626481
655517
157069
863815
26538
29301
146053
4724
34474
58396
331261
384486
401527
339293
502813
92630
916846
52471
297431
323066
3537
627808
544666
526126
101196
241279
432286
170145
306624
219573
94651
910926
114011
32682
69109
123913
646859
774220
1089771
1117888
918994
140164
105241
216658
191820
7805
770349
862600
679410
445860
20473
121568
1863
154009
551128
16776
52438
343234
20166
1089377
145992
269026
637200
1052576
272201
276368
436652
455630
606499
719281
744559
817045
986262
1068031
73873
108565
260761
263872
536718
636618
967840
1018048
144598
222737
270747
126118
174787
35007
590236
21443
92540
18103
384727
25332
66782
144492
77330
4850
830624
327589
363217
46378
258944
29157
109625
491689
26165
873444
264790
75763
194076
56629
92917
324743
43836
393767
636144
503717
616710
21455
401774
201200
105293
210585
46730
626762
385451
75640
278577
21760
551682
283368
395125
326120
176568
39942
121747
451918
368556
465950
222493
191245
945419
186621
70285
195136
608531
476757
492939
345871
332019
235408
435940
576305
238317
20407
146349
988864
274410
1792
586155
17902
62723
23013
13510
251227
75418
248548
521518
657347
71727
157976
969070
550494
352263
43255
427650
342714
222018
188853
164972
452720
177923
269914
31642
630373
277006
112595
230792
124879
627338
36926
667688
34935
1647
240054
512326
545532
111758
347190
102302
588815
61041
577808
160785
159809
105331
163685
184218
180660
55257
267722
335504
636933
443497
197674
48757
825962
35388
6359
501076
207271
226176
49413
647992
200169
268893
277614
65190
956248
534455
83447
112583
30711
665250
650731
908783
786193
287461
24245
18167
483280
131446
463579
485312
45435
51105
95370
69964
180971
1121257
22608
145287
447978
503366
9042
163973
85359
38438
156660
256571
38875
241968
100730
408996
640651
1061653
239449
193064
323129
199315
22124
131087
387368
643687
755545
266026
347371
139390
606842
127161
40352
17872
178520
570034
258080
251887
243127
406767
981544
146286
293600
27402
332179
23723
543673
792816
29381
361850
95495
44789
1095
758204
490647
263096
381870
271447
147563
117118
855963
17500
588097
520041
262840
455486
191318
189383
32432
174590
25780
20532
273261
345453
446053
275362
94991
35611
219755
222918
191235
149284
591649
788379
156293
73993
121226
261674
354086
539554
448577
307098
326502
61050
552753
524163
735106
511268
9123
160283
683076
666550
532300
155069
164626
534822
98199
779251
199754
435770
122278
136643
62712
247798
81472
116947
2893
198141
590308
788381
221518
31037
738122
347912
136819
447730
45676
650730
96817
635788
20438
8229
346791
101454
204067
548513
357535
29676
591550
34982
58054
537152
58634
680664
511996
463756
209690
679401
219540
156061
1076951
695357
361527
815177
598709
137670
530914
80910
292126
749537
719573
222883
253035
154010
458218
660638
90563
13256
6208
606079
331787
583496
589785
94487
252166
221238
146834
21159
682101
83947
109624
393112
218978
171302
623649
410755
301126
381671
97449
603745
456232
513103
103134
346935
198324
158937
251166
144711
22432
161193
64383
129591
320367
386856
74706
31524
97723
498825
120791
44252
443546
8165
9998
191784
456142
569312
453741
161200
136850
19780
3102
351863
229347
449380
283559
78074
23003
121805
224584
73968
70555
105319
219420
7549
221595
879671
74517
264458
141934
147014
54531
391635
178047
915033
924019
246232
71280
125049
524027
37622
26885
180331
149941
334592
153278
239869
39856
219542
345965
286915
208046
97722
537628
257805
453765
163129
10895
347490
955773
19539
238279
356622
59589
10043
251973
92050
101986
106349
95631
299466
154175
997581
362423
4181
312175
102261
218950
523853
259244
336864
139083
222710
244915
153018
983559
271449
616295
6161
918426
512398
500885
26261
222284
706282
40187
41954
502818
67028
208392
301898
179602
97065
118860
68820
81294
346691
254115
322171
274332
36420
559009
585358
103033
67649
370306
431890
256537
512222
352638
178320
548350
630136
601607
464259
129750
24930
27623
223471
22042
635081
200766
7909
159704
319983
97090
242164
297888
143624
140460
64855
519973
13026
267486
116910
233350
205815
65533
503259
25849
116465
74254
30496
447753
355535
21407
3292
91319
573085
568771
331938
49919
24009
251978
723387
21423
153876
51757
451478
96188
49965
23836
151360
149992
212140
219804
20197
150052
666658
142603
136514
382372
20592
471507
215316
474638
71657
907873
64946
191378
195797
927661
455232
217268
636629
10517
390161
129734
140564
264527
62682
10027
205835
45609
6866
268346
97265
611838
12647
364717
509229
7497
179670
179825
550031
78571
654319
160422
175267
266267
395754
483106
115869
613692
31704
84765
341131
140906
246521
175374
265305
147979
545222
304573
219110
242184
82750
72292
283453
3040
510285
22339
347687
299461
75852
96109
27040
113966
93891
260383
452570
249365
231185
100319
258210
246374
90915
104576
143858
143942
648421
95992
58118
17854
539385
33091
85620
680416
116126
219808
237470
906507
390454
164168
65188
222288
13892
685889
128579
287519
76264
47303
38755
7794
64630
4393
533363
104251
152570
64083
493408
337063
876701
212663
266022
176238
38640
92974
30988
221671
153578
471036
28554
81458
71715
348623
27116
331608
218564
136008
491292
58652
326318
270602
873355
621726
158053
17516
25165
475881
39918
101821
560385
72162
240040
448474
137252
173133
221599
468115
137539
160731
521283
206851
109057
453258
621099
42392
100701
97446
570193
65186
109842
129085
158573
303405
21111
314914
47426
904680
132738
120369
151733
899175
67003
609613
145865
146383
698340
54804
102536
563302
54932
385597
25349
136675
208783
361124
118165
550014
581956
150810
498107
101166
214899
304950
76053
150040
331943
604017
26429
24965
19473
262382
349659
21130
473564
773403
246605
224497
74919
348248
156053
137904
641901
869482
190518
1107231
327403
35930
44549
239761
1949
736402
938561
633213
61374
812167
1078690
28428
640690
45492
147278
614615
71801
845689
346140
160733
32
157175
245277
603082
134823
578437
1017567
547662
124140
23231
1046468
2393
268095
451900
89707
261219
1123022
587873
1070934
212342
877181
3100
952912
640959
251578
875610
573815
3680
252417
242845
292863
455368
102786
924527
355969
188723
166267
627376
202974
541510
95483
632775
421061
127043
267709
191296
2518
135249
139398
13564
319166
650527
195535
317659
600307
650936
163636
290
143941
77286
195845
143423
436428
227167
63525
84497
228928
212274
1093456
6860
27247
448203
99738
207651
880543
449382
363419
147104
727688
54773
674223
842124
474929
85279
249756
342688
634369
93167
1054000
590090
96959
937197
23405
119200
98464
1893
204998
770226
746832
147321
604578
247351
93593
792863
103735
711366
449104
207553
689655
191166
87895
595064
856870
216941
889076
94798
96850
310805
202833
148955
65550
294777
146929
253778
717165
685167
825762
636235
842740
221798
136662
265493
747146
714398
64846
852307
490015
187267
128822
75445
361043
96527
262947
569909
225989
497390
347364
979298
340462
435457
25747
519454
186881
326194
343454
900654
113921
100155
173097
621987
245110
187399
6390
468401
474576
158416
637004
417360
109085
759175
980765
1100862
94041
646609
147688
294430
120169
144166
443486
383394
77343
777317
737547
450227
4080
244916
26558
13282
275633
103174
346171
175338
274195
820540
800567
174942
219029
576383
293593
476755
239308
600765
106238
49489
289780
257474
19848
385071
651212
150442
331438
837628
146677
94923
623238
162931
132619
188976
72283
274523
4218
606052
149276
389364
1118078
576126
470387
570216
50077
590847
120852
219532
321148
319834
346727
36784
420235
356296
97513
215355
419818
31639
75663
43935
966083
406228
13927
308575
88471
294241
563639
725796
163460
430866
568233
747179
1107536
28672
240186
871502
127215
89482
468114
66366
199667
203197
1097373
899202
87139
368941
160824
21786
479778
281355
326607
35292
326632
437889
860
236332
278530
887633
779740
427429
874684
131045
9407
25844
416904
327227
109955
1065154
242003
262418
158358
186514
62618
286914
381825
144929
575301
576327
47650
249079
347774
153437
87047
104518
300247
203125
65457
453225
666687
363782
161254
114234
102248
747709
96090
283273
131733
247266
697470
453041
496462
728991
290748
137335
231052
105052
20400
7935
348527
149990
44138
166105
902449
268903
457015
456626
344516
796543
949340
394429
341501
522629
117788
91823
146313
455410
274985
79953
603811
441431
492374
106192
523578
29249
197834
554928
790200
120414
852686
770319
272651
19603
95307
85956
800231
251777
740565
137250
568967
69681
144159
723189
774948
136903
418312
215720
143938
242100
804064
143275
172356
180194
114555
251841
661
186987
12123
278552
709934
752096
1113362
433316
105228
163859
575399
500117
162652
220741
343011
1489
85076
398609
30262
189556
650405
62104
339120
149392
170238
158571
95753
153006
83510
491596
97964
148850
241936
7586
452833
78839
192683
135312
222029
507082
140568
447520
464630
149077
150455
1042716
339299
173052
172902
335705
465294
227356
506153
462608
136821
364302
356175
587388
566133
75151
807439
417179
386863
506155
138940
239181
417603
257657
352499
81093
49569
242089
124382
54791
175438
754854
83504
175057
888526
143320
29042
630011
542892
588499
221979
455889
66529
260012
229819
292568
84299
884624
123687
27605
511220
275270
163175
736861
125252
472256
621443
591456
221420
558038
216665
57992
788452
8124
590647
53353
455509
194129
700703
101735
634598
116330
60075
44913
100726
102002
400726
71270
162341
294792
838597
1000203
53664
199868
786102
471639
152617
61582
101626
64624
829944
694254
348780
566041
387513
69748
478167
618678
423548
251748
347474
215299
341466
125254
52492
200678
44008
327407
689458
95709
826962
229281
700679
13571
903311
574573
341975
75369
238922
148626
455527
44744
435742
239515
253010
455367
69908
653335
237640
39420
254923
188326
94428
268336
524359
465902
573530
574018
836191
187540
177972
653569
65709
7708
269552
18821
351595
69533
654680
160077
219536
7755
300795
235470
680177
181114
709882
285639
715578
505260
105721
92437
488627
58355
136658
4513
354219
800530
36817
245981
730307
898514
150002
39190
49533
84553
1089235
186006
58258
105313
325349
26693
503784
323318
433722
243398
593341
279484
874007
699654
383747
53274
229406
522194
105305
145968
292611
254358
152735
830833
726065
73988
888779
138174
196724
201534
613231
137593
441353
104218
285841
253085
386640
573013
133578
396148
416631
247171
159439
29129
530184
273715
593391
237723
22505
121308
327881
94754
41527
156495
882502
422047
105351
888532
19805
125753
1107230
31012
447134
93063
692150
140656
347426
266508
26712
339405
236292
364170
198934
66144
170255
224620
58573
191301
188949
149216
329026
18218
346182
267059
3956
902434
141277
174796
53491
215674
199012
287088
435125
292674
242008
126854
588928
45523
44490
471094
326717
61899
172673
153955
591642
696798
324600
874770
474954
110603
154353
6422
590410
190772
132134
484074
216024
8843
141770
97024
46303
179790
528756
24361
148716
576272
975402
2726
436166
318214
203272
3634
132958
31833
16954
80014
4131
217030
448039
504109
583002
105244
92096
336824
491602
1616
398131
434780
244101
820557
511111
432058
627095
265105
46145
90947
586301
1091480
50343
75979
27533
105207
702685
272684
188490
879374
196951
498787
118622
498280
475431
612472
101611
285826
29113
163850
134962
135128
27198
148569
3990
537608
814576
550077
254445
200133
19376
339913
64851
59201
279108
667494
118926
604954
459400
84146
55141
388302
104782
596355
504138
17678
53787
590917
528026
58971
68344
523790
320633
201758
71824
309532
391421
3881
102944
156899
218457
668855
349631
204935
46185
66431
148604
13626
65101
389297
197392
7067
112800
119986
477253
252774
192017
736184
42474
184249
191941
898134
386051
448738
190896
86291
143623
78761
73712
36085
445876
435563
31299
574039
266021
145948
1116114
462153
143742
872778
293946
435891
66118
444691
19417
22958
3096
606807
123901
362579
627988
630077
452434
309163
222709
7405
351098
670667
346993
227079
586136
595144
8495
296886
103617
120392
152156
96002
68480
277607
473410
265943
285486
151720
27589
30292
242010
227385
95609
824718
226075
360776
434908
121909
269903
71913
906998
8199
72189
29749
81955
247865
12418
144768
58042
171491
46301
276158
207508
944487
55389
137657
3457
507786
76888
52763
645167
388456
5774
65794
43329
208818
472378
82527
130920
124015
766152
311876
235584
83938
157411
644193
709566
25065
263750
65431
363262
76354
361924
132176
339285
26194
630665
4310
118233
25173
127373
198922
646344
725943
607041
581541
653287
348250
56839
174894
147683
102945
171511
130990
316238
103291
563086
628045
331000
34986
128146
208652
11081
301418
102517
569783
136851
17463
69935
523856
346170
208039
24903
301799
711692
452356
3594
164011
811607
239617
131447
210774
469403
154043
160440
61902
208578
97074
507067
272532
91008
48295
94309
344871
4251
125934
116231
201820
336382
464833
121214
513257
150685
236307
463493
383541
458271
23396
198625
933538
128561
940887
55996
252912
538486
34452
155871
98100
74198
88656
161437
106416
445443
22100
199733
435
331597
221477
121810
217298
44548
224625
129677
114101
97027
608278
511344
389289
296633
89647
610545
606529
656933
663747
277831
101948
485097
191300
4726
120208
258799
210849
93445
81957
138134
123421
303963
393063
418083
65583
606813
158796
83435
572711
50766
446427
235725
40079
92352
639809
7846
139289
42536
49641
324681
283441
140457
134971
797777
146028
4455
95523
148480
109251
629297
131584
246378
853692
75431
513810
217721
842724
340474
414124
769805
133726
331811
444547
120454
597351
623227
539838
712215
157975
448602
397605
539730
20051
72082
542020
336836
156371
463585
533142
71731
265068
816162
191508
92941
123854
77327
258999
226306
988869
93144
5936
262100
541396
274861
327175
43508
285055
882500
59442
25169
64733
715323
794437
101985
605995
584371
247372
40010
299637
75457
29080
84640
606352
164880
91372
671346
271402
342814
263992
489105
188481
474577
351632
845475
190381
529852
773897
13244
533310
49619
581839
119979
100584
139984
1065242
788035
177769
91973
111145
144552
44469
155347
58390
340993
238216
646105
499233
139359
1094694
4028
38048
118220
500860
76904
615444
317666
1029162
127013
593649
148923
353841
850197
119618
101736
805504
545679
148371
179612
287663
698416
110685
224542
191087
156300
561801
277495
399044
28517
581472
702509
64648
141828
112956
630637
196395
161411
437336
364651
29365
199123
349149
655534
204626
321084
624455
819559
135898
666384
89734
28515
883553
710884
362206
140052
11712
260809
645599
335749
115838
288583
74423
270460
792850
226373
27764
39743
92878
621101
529746
191588
134657
444090
823020
140446
915877
73907
271192
152035
218953
131180
770767
23318
52299
78307
343099
25748
241397
356556
629094
824969
391605
163358
252032
872444
171925
196980
887794
29433
106617
251894
496962
37662
226955
101917
400938
281296
164593
586206
820638
51612
446815
253830
118160
962899
230907
134270
156777
43308
178084
11477
742834
448410
352229
98275
24024
790290
51240
19927
651141
248524
624877
602564
449241
290650
267479
159485
36123
33429
844857
267073
262104
650503
261186
270411
236442
61204
473405
360727
45670
13245
433451
63683
537554
574611
94998
949389
293881
189330
81993
61065
8930
462974
239535
221303
296409
436998
172409
343662
325789
288235
128748
391562
191532
10109
272925
242802
300615
96920
29059
102870
47773
456972
486747
1042006
312757
180187
148220
474497
600713
4055
249394
171637
497067
170158
102743
781841
100927
249530
252165
410756
286885
300811
78804
119012
354380
6067
128021
779214
268571
121658
55742
247659
36414
86405
75105
309769
619180
216961
142665
133631
537707
118445
417340
128007
192344
409058
483816
272635
1065278
285968
499554
104009
268978
530434
867989
550790
92381
7732
544757
110783
345881
38252
448583
183858
503363
36835
322494
40271
56440
28566
178425
533453
361566
128027
448593
93595
274104
336299
207814
146878
271558
935639
221920
319639
163642
627997
337085
448160
645089
160826
328351
585224
269850
369312
627333
446882
417236
558069
616379
607908
416986
606254
779823
323100
152760
71878
239642
396092
530638
144991
35416
199388
123159
93753
69461
26814
1945
156776
257463
682315
49549
769929
370067
51415
492854
74844
201442
156766
684243
636997
530964
861598
890897
297318
364139
341391
359069
186949
120646
19411
904244
209820
352424
1080587
837816
103032
174032
175040
224494
113320
381374
2119
583332
30193
623309
99711
1677
662979
175016
287640
64591
484916
652970
512237
37791
127040
94569
180001
29482
501092
242631
104315
1049480
986198
43013
584838
726133
517629
253521
389956
177652
7491
1029687
994564
885238
19666
368258
490774
34602
299198
99699
679775
801292
177645
71183
452877
298103
35008
23008
135608
349183
71798
938597
151078
469128
445842
195819
263216
17849
271561
436241
221581
58496
339950
200438
225721
390029
513033
7353
86436
662052
256246
643606
686118
904619
706284
114203
635809
40367
11129
450233
149553
197456
347846
103150
367657
180518
879330
296229
49509
91471
94620
212481
697304
1071176
200121
578079
148828
319407
491463
401493
335979
91369
174968
698826
587636
864529
667474
681499
3931
636518
220140
245587
50234
135858
150359
175867
340129
639791
570952
498004
897101
16958
1081302
27950
254049
736525
242331
338174
487939
451253
22440
142478
561040
42782
752051
1070545
136688
28686
523302
28060
129699
370278
24702
61141
713441
94333
533619
161351
913507
277063
36537
348816
495494
1978
29439
10950
125947
333752
601664
471673
216095
369575
264635
310801
821926
356226
1080107
98309
21928
998385
137026
46920
984408
187357
1083930
1003846
47421
452063
1045976
476116
293467
297336
207750
95166
155380
41617
20860
113200
476063
22405
146232
809182
645755
21955
451917
646678
729029
827562
146173
767404
642987
97089
1816
184709
151238
448108
61536
336428
177479
430362
49552
221958
19971
639294
75928
351721
100167
2911
1063111
333987
540113
398505
1023624
420192
357194
369282
3530
49466
191742
291914
1065280
14286
270987
20578
697225
29398
864530
295380
291255
431076
145189
417055
322430
364273
452311
326697
749550
75329
563759
99761
639881
348704
304875
401565
26054
153830
58600
406818
155601
336210
206461
389290
608558
31038
148540
67352
393333
387506
488636
551297
4050
25370
30308
580215
274957
296086
266536
39978
4709
401573
319895
44437
368646
528587
186062
291336
402962
197946
141265
100294
531697
95846
206867
523468
299695
643981
50953
164500
348231
25851
454747
187232
148855
326512
448627
977212
193900
145905
252674
21668
62807
16747
258930
287343
136395
264024
316904
435249
104541
422163
54969
576289
293961
18178
104268
667557
443792
596674
177647
207826
255859
364623
383574
246471
319176
47028
388309
363916
595938
9067
234799
319395
28123
91397
155814
631066
25965
510118
201556
386012
119236
123785
402366
512407
368725
51742
477284
291032
117439
25360
209255
184060
64119
155145
47699
201326
684071
244413
23042
144861
245986
65417
874379
275099
617933
22252
716184
221964
353448
102079
118949
86638
59476
319029
479456
881211
454704
13587
391917
221239
558515
259456
345827
97994
27860
221629
140552
56549
131166
63761
731223
425141
357378
385404
150096
221444
268632
370314
260765
220381
141801
65419
622427
242577
190561
161086
62609
1539
41216
117658
262954
217286
163772
293587
47766
143318
64657
32234
261415
689509
18975
241956
271776
4044
3673
409318
488061
32966
361406
28848
228433
154126
236776
152673
195390
120411
368913
774043
184658
204713
687671
597086
209916
779634
101783
279141
147089
127296
87042
899779
242171
160546
119312
142089
382595
632320
459885
97317
26213
24233
273951
979291
74640
21188
981758
23346
262380
96413
75818
71950
422832
510102
162660
55780
310527
287551
270866
263504
473545
701054
61364
275301
229232
27061
28454
37858
265922
261853
336065
161350
179630
3562
140475
709560
83078
326282
598920
472037
199694
692045
68307
669250
8754
139196
736524
58450
89738
37693
267749
161008
828380
211045
120456
391493
103444
159628
301416
43442
252558
4721
497362
513155
172417
271308
297063
274149
125552
593591
102219
70359
636443
3518
92310
131678
232907
87698
319883
560803
2709
121717
1029837
473875
100346
9336
64748
80895
260138
613960
99843
493925
229351
243710
273110
685571
119281
238441
699241
246934
30360
70090
172683
150700
257455
193103
4061
309885
331818
788562
119555
32411
384389
262532
905386
120538
271171
140170
180831
710196
136381
87669
134702
334130
47128
144548
662294
395990
100771
140614
155428
208458
720675
23952
36230
491351
303807
20135
346232
68905
646770
432096
250421
305588
4176
103500
150454
605888
312111
343836
31853
185883
159479
162734
528889
135726
32747
489267
140239
430425
228818
162136
322966
240411
767601
100582
158298
116005
99170
101713
6004
556345
89021
101803
224536
160346
287093
524015
362518
243664
216818
460189
145492
263960
542895
650753
21161
239399
299451
370017
260728
24026
51732
346579
98041
17683
20325
663230
135573
258603
463928
344593
146382
646628
638869
913666
242143
395710
231103
389321
36210
164676
146728
280712
10243
74842
96919
102310
640030
489106
558312
37263
141574
109138
159853
194041
206118
123513
633736
149822
125011
292471
109179
224588
151772
39182
147727
4830
347307
257087
458145
178061
45101
160987
22814
572999
141232
53083
56542
129120
135944
456370
92163
881610
162082
150019
541217
368858
221789
134985
505822
128620
352711
828964
393592
66728
139496
1098520
96778
240845
844338
590919
671287
483461
475173
85420
140846
256843
238423
264753
222085
917066
449660
951517
738177
1019628
78536
510343
607719
29299
105463
683537
622385
870439
392148
479871
1130339
366034
74252
584057
1078365
64783
469815
906685
454941
987391
390708
95106
121714
510630
148001
123189
257652
289782
403148
156284
286822
219676
389811
5368
510247
27538
21135
204707
635445
493798
321896
66732
120002
301884
45638
459442
155656
949887
1077924
853164
110416
66649
294879
326376
467157
184792
623670
286841
309599
273315
346729
69555
53646
274590
490081
140018
747154
243279
787803
9878
268067
273636
36751
225738
91294
190905
274807
232318
13080
937382
765994
857760
49546
99462
1024777
327583
469229
135409
17757
132228
218966
437092
340973
449378
222658
131620
624311
472353
320496
534515
499026
474152
220363
778
73170
229610
965086
275494
133655
532856
244094
275298
498434
127560
103949
737675
585338
34882
10847
188307
127020
102471
157540
482582
1017191
639367
608542
834195
105757
118556
163887
932802
815529
380790
635837
469420
23067
1875
318180
398307
1003036
332012
437243
966844
61265
569450
263497
354761
625789
697007
346108
124545
153274
230101
921961
974127
43501
23857
95051
279055
198
195025
203189
61713
974549
996542
96814
178037
77002
458565
955764
342827
261784
41579
103140
69087
16727
201422
565379
150202
253225
302054
691238
3295
448048
694146
103269
113987
43887
220469
137713
261834
229463
135435
274757
349788
100095
416710
937
59402
17083
342722
25853
190877
276111
21966
343238
263780
195547
912880
210291
98297
586616
105885
75261
139614
145534
159876
41501
4527
498728
258610
728379
170583
20217
468423
62010
666120
628917
774469
551425
547600
662348
71060
232656
351361
246684
109008
687958
156314
180028
12239
699868
18095
629118
682203
59661
458338
671998
455802
418524
920893
402268
687754
269110
516251
325953
360550
164286
574615
251712
161456
121225
290775
222456
359439
239695
391466
732014
180842
349889
824432
766849
724653
709922
422116
852779
450971
392430
262839
581476
284545
530991
500194
674992
139603
141336
18555
665008
1119501
650630
6361
27875
63556
201809
178921
188548
69403
450197
267753
22811
24066
319833
878900
46936
165430
689786
275337
352569
553257
617717
393090
37958
238622
610983
382160
331878
500939
161368
454751
235954
24754
357728
368654
950419
103079
37253
74966
116721
1083918
723645
144024
450162
298832
180079
854366
94107
240473
1009399
58172
257575
29070
192678
66620
83709
41212
681253
158570
458504
87871
76638
147483
196380
108114
505419
211121
261975
136416
45870
145219
655
101946
497798
92070
570308
218836
367732
53429
149622
7524
180252
220397
682958
94597
806578
363467
423891
24723
141044
626596
445895
30838
273950
242019
46922
36921
142079
447179
576715
1033682
99546
645220
59018
334669
588520
1017832
352526
235936
51255
205667
521742
275823
401686
134721
1076017
149269
350101
26877
70332
31107
1490
84229
837739
69519
386909
727482
20230
105223
185900
171607
352614
490629
3717
154316
53279
159669
30218
99185
187301
196559
79896
550918
524267
844407
102172
180486
787851
92702
448193
495124
93025
109695
419099
630114
32204
648586
453420
89433
604358
48741
565760
891012
28940
27622
195919
29963
31622
744334
816921
1213
21395
69141
672653
144084
155202
209689
761625
476960
153612
153714
106290
185917
90974
172653
75523
897471
797728
424559
464421
18786
776108
463321
65560
531168
157498
453874
122986
433508
582082
355306
646505
353954
44274
193726
144762
125190
121923
49572
5157
21600
341461
298639
281283
622042
125119
75567
949995
510891
318553
348297
503219
960276
855509
240602
30452
448751
790406
61465
840432
774304
530823
139689
8184
878160
92122
610604
159028
242343
27411
359126
276069
125760
452293
229980
217978
120510
3583
317147
133780
472622
82817
397616
369428
824447
246898
216595
715474
191594
100416
135740
5813
101684
512264
565620
543327
120428
586649
294737
403172
976367
121337
934402
259242
71161
47747
845614
132000
191243
120617
37158
8286
121231
621991
160985
96341
95317
280894
458136
787008
206212
586786
44014
84205
1815
95704
61817
744764
61928
210934
247263
331281
22840
304062
383426
267572
84983
128922
218848
795175
72236
917634
210865
549864
22690
28179
457480
26130
679527
51903
153565
146552
444678
49576
334298
447207
272326
4689
928837
777606
904164
219367
824627
257161
624875
141431
13291
27891
76174
364523
244530
117569
325955
21430
229183
130371
40103
1077929
774044
244783
82007
229412
130688
349796
521544
1070201
92130
26278
463501
269098
206153
440140
344866
447230
130288
246496
65179
94616
50404
488714
13486
61643
437541
144591
85969
101126
260743
275689
346770
91344
349676
151812
150619
571536
852510
106768
488287
39222
24576
144640
449176
222430
281277
102236
504845
188342
504378
295613
423579
452627
247829
837145
226568
102137
286873
65934
204683
23228
103761
38863
159615
27330
190356
6082
96099
216947
616388
248270
28719
443661
252866
455443
161101
342652
64954
601474
510598
16982
395069
327768
316870
594106
122083
50640
385691
21693
872091
28507
49938
78645
41083
256990
208795
641421
254940
560861
102859
129802
28294
40364
186966
408025
151467
386019
299258
173086
395595
162265
279616
257572
681240
20212
140887
37909
332125
527276
156243
44649
237608
320393
96808
7226
150241
325740
493107
100533
625006
764535
222878
114186
256189
1033390
280748
26731
153270
389275
267248
260033
224612
611642
148932
450801
31640
231711
145321
236602
263167
476846
534225
189272
1101004
788995
286965
163730
106337
275833
89276
510359
74898
687439
7095
314363
536343
161316
623522
457267
56684
664459
52176
133621
418466
12211
588585
49590
147663
223993
141680
227236
268723
365075
242607
436372
21572
96819
50293
178896
19676
193031
69449
95343
220986
164774
81912
9806
221522
277491
462353
136693
96543
880076
334235
347556
61840
902633
310525
651585
35049
135245
272693
510132
28763
24957
177659
450145
330597
398250
277032
27539
328970
235630
492532
1029
548396
118555
218637
86018
499703
154409
460031
2051
13138
184227
367862
137123
164363
81122
2015
11616
42944
262016
153527
189736
153771
75067
65209
104529
122071
632684
133207
311834
670304
146606
209935
6064
286848
200764
263138
152697
644495
260957
468113
93034
395599
131000
125009
365745
391779
13970
938820
611493
321327
668842
257853
266010
23372
130950
919
216349
822489
427640
282610
343344
188628
469071
53272
126224
49597
128754
841885
162378
4775
23095
39858
384359
309250
96506
537645
349266
859456
442820
126117
216018
7993
215284
121360
103476
25606
630948
85524
177967
61116
675788
85792
239622
133080
532781
1091227
317680
199595
22986
149197
268633
239757
416527
186034
386672
152745
57619
384874
242395
523297
118559
290091
121205
96497
401859
131454
121475
69569
191779
42845
269394
445894
148712
470162
125185
254136
23820
225730
128210
500455
333722
353880
9778
191916
867100
74934
360341
122635
274349
633828
439826
6385
250296
92298
63044
20492
189032
246576
490
71083
84165
191105
246185
244787
23426
230614
345874
351255
31166
104234
13614
160486
91317
22195
217608
476926
187400
64455
39359
180181
7484
139420
243976
449217
121246
1014
581759
352589
94356
554720
10064
196691
330953
155105
293144
74445
3073
369372
289785
177574
103064
29408
512393
131515
22734
268419
285537
118642
125916
103397
283691
363543
478889
430365
102960
4214
50633
477531
510371
42032
344534
211286
52249
31876
53115
447973
99754
817060
109090
94697
614384
1086640
373005
362587
236017
216012
810
68681
90908
569856
37836
639709
174251
502559
75240
593671
19405
229599
139694
88418
397661
18170
770383
732412
190545
131980
733473
667536
61012
239290
905736
436164
451657
861253
137390
459123
85764
233204
394432
990161
692936
124558
244504
37199
256130
7673
35335
273413
148217
537522
289642
265457
279629
574711
6381
934646
622220
286321
16712
25107
220328
820047
950513
101544
54988
1124822
285436
101491
131504
138271
21271
13760
94574
288969
476619
589983
345888
643729
980856
927174
188422
11629
156188
31830
271847
457515
715000
1096432
842270
25297
271273
156153
12840
141278
381283
36472
494704
332071
184833
914583
395697
188067
101186
201455
498750
538788
349182
37193
522039
268384
294679
104014
365310
1087555
505934
724099
22024
74268
139902
351185
388414
359703
129703
245857
294344
459567
906
31572
884908
420374
49922
161731
206391
127027
246455
117825
207533
437277
244926
812570
47010
3373
261137
655319
277208
636461
45859
612109
276907
93962
543351
59078
455948
111865
317656
50765
346663
131466
273395
296454
157276
697536
271626
220507
131061
735388
440222
528847
228570
256420
40270
221814
985954
720543
230751
655143
111709
246460
824981
884683
669350
163904
975111
264724
125282
654813
868976
71591
382420
838458
87127
505872
255005
434129
12036
160607
19256
142479
27797
58518
476310
173938
292192
35403
222108
5515
738258
157776
727384
194243
28255
14704
934373
447634
445873
74319
20398
816928
624232
552783
434604
976217
477964
106695
365797
64395
89058
359924
323357
505756
7423
207540
195665
160794
587559
355504
326716
198295
145479
184797
599646
406161
1044410
24640
138886
175295
23502
678591
135696
534361
232420
199027
155102
313862
231360
677878
871511
7435
472525
398283
1079460
554880
237287
63629
454790
384657
268670
229478
954737
294640
475378
811645
277783
9738
149296
200207
23140
795746
388389
456858
72847
463657
287000
774954
458057
500468
503815
626809
616622
590878
47869
171070
5800
13177
383136
273139
119453
160329
58271
790689
280368
192367
207871
504154
723148
18485
682138
310797
465403
69030
23216
145483
614767
54781
1057819
222588
128025
406992
871354
1044397
36625
180086
688655
18927
190729
1077838
446516
189697
239062
118999
896520
27842
31884
552538
222366
389136
219809
8219
445672
875391
897133
151236
1007532
455046
87030
405468
286995
67684
334193
583981
593242
664415
754877
981995
1002785
1024740
1061102
1120911
3730
31077
32114
45734
59459
66806
69572
103888
114248
175470
281351
379014
588207
627307
766774
734779
543772
94067
222851
552315
38889
766012
18717
395742
519740
614099
584618
646338
268861
684049
64535
602606
541441
949867
263208
384650
121445
6786
256461
368629
357188
894
4045
323317
215426
443850
100663
363330
839790
513078
551704
21314
908228
445849
76727
237342
96182
364470
192614
304603
318204
474040
993098
125997
203137
739721
321881
121371
243711
45286
25032
508703
278094
347717
673143
357036
276093
152210
141723
579268
221710
105272
198108
58168
63865
536645
39471
258574
133731
20314
90954
28096
368871
180026
226963
171096
79272
136860
20384
2052
80979
33021
503005
146754
346786
473444
806156
183889
43959
647304
448934
390154
45128
988309
201003
265139
535493
523147
339431
233200
428747
9055
104609
293929
1044642
281122
264496
349357
163619
306630
68885
41854
273320
1047071
399758
430190
235588
20244
198902
226828
135902
753770
190406
45148
977169
462519
12398
457762
286855
123774
178215
278303
122317
936283
21956
50379
103843
263710
452506
645954
879402
973653
1053328
1110841
96839
539262
688513
245245
874707
385913
351244
197062
449083
31172
179770
557903
92847
49651
684941
14173
109272
949167
13424
321587
1026208
95553
689839
238856
236815
699687
802201
353571
21777
195382
827294
72801
617906
473723
538716
278663
744158
2395
96659
83977
331525
456165
326291
162263
418592
866337
21938
20259
278324
472468
680082
636095
628473
855816
249922
24714
21884
270171
250410
105726
276500
381170
684073
20881
183965
333617
47431
212139
17406
18549
247935
63193
382761
243639
269243
539859
298302
515495
1015793
19984
460656
145043
468814
210475
788164
577262
1354
815420
386164
131566
185791
221963
20203
1069471
292542
510257
163986
70571
566227
666579
147002
685576
416679
4603
160712
359558
271474
823824
513093
290782
418303
92787
75855
179457
81945
199113
579950
600134
145710
158681
4300
188574
274974
559733
64003
685168
96509
638028
679982
340354
153371
238916
386905
200967
238885
99343
624812
266406
157112
32051
9120
571108
87918
148818
51798
331205
383137
101267
160343
101637
260245
347497
609760
698962
250727
128160
361960
351811
678111
508403
59204
97617
219332
164664
154405
397554
406776
293349
657764
128379
261010
334703
141984
162354
204466
131155
287401
178441
152148
147087
28434
115429
702464
464219
498583
147833
668095
661376
117434
147304
135851
468891
101469
447151
19494
791094
751232
70616
387364
68934
287064
101929
64762
30801
32019
252044
1062240
269162
20751
97318
610631
7577
19876
239707
317651
4966
308799
341849
960748
319622
285624
53352
223955
858039
327253
418188
73777
679444
269511
50273
464426
601600
22057
364013
160365
156929
289912
205579
184062
177639
242707
191424
43948
263826
54769
22981
180029
104841
245168
163915
229858
29393
120496
634754
340738
387557
23385
95480
212451
100419
21780
433444
396497
449004
153106
348227
148445
3806
772520
105271
22199
498882
228330
207194
565239
126140
56562
218887
48647
319905
37339
215121
116246
664210
331415
147497
213177
259454
692224
176232
262799
292860
901165
1022997
230594
333789
228719
445852
26520
222285
209934
274374
94490
75395
268869
463463
369052
217587
217219
454272
95665
327463
119254
674240
952832
86977
13394
355459
123097
246262
324831
105982
226401
115263
89070
289152
157211
654423
175094
40134
298672
49828
157425
336079
730253
582508
191595
51030
758505
37916
78976
433971
150826
149244
651137
102216
190629
17712
257787
467523
17201
327297
219817
84917
299705
300862
882223
164094
99364
184268
12960
163463
522781
302067
228792
122708
701395
145323
69679
522794
148383
69445
148775
222555
393997
562331
141741
118670
277902
1721
246282
380856
369019
238979
43296
223424
135860
200747
71304
160174
539937
75106
180132
47424
128788
47184
331332
174110
910929
471529
18567
157110
191146
80919
143081
448683
190475
206471
219339
146103
150165
339331
652
351788
452045
439226
456050
229349
320822
191499
134892
104826
269
268803
104256
111078
12402
510984
241383
205757
7855
97774
25053
132693
240897
304983
489822
348652
262663
60681
19635
294529
493163
318995
321575
419904
53050
263371
210178
305037
521496
112902
260091
273094
1020750
58703
13946
52224
239867
398533
483929
448111
141144
292971
999698
30807
213189
516250
92042
43200
178510
116232
26380
130214
130958
302231
275930
274277
64848
108574
88063
183612
149365
332176
474505
121736
353032
23781
312580
141128
448793
82617
503064
26252
398508
683193
242511
254378
92368
332010
145679
120088
325725
75519
254432
28105
70961
675267
22669
398548
205706
122067
36322
389645
342640
69565
91002
151725
341089
201260
3697
179776
445648
286852
809469
99782
512218
159665
318838
3620
26932
155694
170249
95067
635037
334468
22756
89191
353561
331412
198322
349105
337053
119106
162090
134695
47804
654971
195397
163182
71528
879093
65047
260451
38699
382687
185733
242305
53650
476706
344733
206991
129671
162595
69541
44510
27220
1997
190887
457954
103425
97972
12027
135890
600018
249935
83162
331009
51688
34386
317106
140509
406155
103235
224060
180140
7359
50803
147805
19444
468777
944549
227404
69994
121610
289509
242412
623139
322104
7922
269989
139561
539773
100069
187999
3184
64570
792768
252177
503610
155779
102438
329504
62888
65547
12184
134294
33894
58947
70218
583216
433315
71362
95375
275122
271129
28505
385687
308130
51766
530441
533254
453234
576317
121210
241975
14264
32923
347059
568409
76605
512190
598730
40550
263653
240462
39659
618543
146203
552628
381126
138043
625485
850555
103765
72226
361057
859050
1089992
1116244
260485
1025672
326987
157758
382488
103353
65167
152920
450895
31745
252430
395047
387811
175029
325416
263612
290233
128122
585114
522378
2396
857958
478809
105879
893317
843453
163797
115458
160723
647210
356634
263754
102113
90184
273415
606555
157227
95482
250729
247193
969388
463692
624624
286643
623687
155274
768563
47137
136296
457524
435135
858829
164468
661923
451777
222919
578127
27551
233067
31702
854525
122092
554915
28922
25552
664166
927677
276770
47179
4168
146572
86771
368224
810008
40044
640956
301763
448515
280140
56352
16762
231112
87351
106285
252210
751332
110429
186546
153819
630867
1046475
225418
491588
153510
4408
191358
16835
766881
20048
175215
149252
697769
221460
627956
505648
253162
246116
606563
648261
215602
621161
31708
408128
131582
67629
99747
147643
601261
159026
59399
236608
189076
104338
674234
531203
521001
307972
101844
739716
163054
68716
193920
577433
876182
109246
43732
699073
532125
701895
360937
71122
220205
758792
907697
797290
271693
48793
603151
533330
19047
693603
649094
522760
258738
62928
59207
290692
828794
93315
551920
69752
132384
322185
32005
254216
320735
280122
164491
529053
693020
26707
187036
560204
117878
144125
256570
309917
348394
268920
21134
26228
145760
243064
783642
236293
334118
901153
258482
52246
396454
146114
150986
268052
491580
21148
195178
13190
545569
790014
205733
356733
272626
156360
95467
479950
161906
75222
451146
489828
1043650
352044
609049
648599
634376
306637
982948
990368
220436
450581
531784
268217
556028
160685
23356
589422
881534
43208
252228
368081
263304
294782
122059
119161
851009
650622
7590
317904
450367
51813
545912
211453
668799
161032
265985
144482
115694
340235
518676
340969
174457
9435
241015
972003
37822
199229
195623
66424
1054528
48475
505917
6344
488440
3465
191927
232905
136555
970262
321676
239917
162240
627654
118794
44470
258100
223611
368410
171064
23354
21287
680268
1024021
121486
518653
108658
289514
150716
794305
49933
611872
523681
827398
240260
424397
146716
264667
160484
123031
323041
52469
272316
164813
532334
115348
894427
242072
586036
252671
71093
99113
156056
1094376
302028
455882
954369
353474
88336
65046
266061
510896
209614
183643
180510
25840
141571
13133
340639
611808
386871
162598
103373
463044
364129
356390
270521
88774
861994
253216
873205
98290
4258
244921
419816
74429
536586
1032145
221509
259178
300512
24285
62821
137610
605392
221315
44623
364636
80050
246615
322376
299732
52392
78618
219781
198011
49405
44876
26291
21408
319201
3064
303678
981142
91895
328387
866882
136837
125098
142319
331109
14587
19600
517829
104204
146201
493198
163953
314737
184890
623014
146275
251408
199620
901784
96298
121039
74042
816144
449179
1036804
500893
145378
777600
55913
877803
106314
392109
500120
71317
264611
4058
629833
698993
416551
349495
127798
714426
839495
189902
295149
171554
909828
513083
171435
174004
241953
596968
964455
219344
49498
402568
35331
17847
173098
75462
275791
691485
190481
75108
247335
764370
239003
356448
10894
516614
408137
54864
98373
287679
220638
133970
449977
250038
258529
325651
728471
394991
569739
352616
252128
286262
74430
402576
661091
116145
246489
76432
923911
351848
105690
21297
255853
131196
287774
281483
738677
511914
72071
493683
397272
430351
28057
142840
174141
587349
382859
151015
185923
351980
819530
384515
937551
191450
280074
11379
117342
728495
270403
736616
823325
851430
468372
113990
151888
141604
134257
869939
160587
145854
622896
288874
992101
122039
260621
80738
896436
58426
137630
321906
35671
47739
471612
72817
359144
731211
274357
251875
136862
27190
304482
242538
76395
106008
155107
1037352
634117
554836
133099
62876
140435
70871
673091
75396
120750
132402
273131
95647
139832
114256
886515
13312
345600
7676
144621
492540
597121
239784
776754
243261
132595
128743
590276
952911
402555
457544
942863
916850
503193
240406
578567
252913
273143
933280
1055683
573079
533831
299847
905400
574329
6785
218819
896800
280068
20619
123022
45898
356340
13650
477320
598218
528703
852729
749247
36167
534091
272097
657737
140029
771283
991725
478417
150441
390568
31375
23861
285535
575003
21240
545769
382640
644322
493837
850139
37740
153903
235594
723157
34692
27209
97153
3020
48912
497349
479513
236299
635553
33768
10032
463794
602695
240857
7813
189643
41916
243745
723719
448182
45984
284274
436045
529283
381631
699128
228959
195781
136638
324590
160026
612453
163678
21036
319917
669233
260923
186979
484931
135850
230896
547695
121941
114608
238310
59198
43452
69805
526129
84867
97508
271668
523451
277476
634963
617963
24658
462849
229448
60155
27886
283199
362075
349492
269187
37839
131129
95658
348375
177669
143725
10324
247173
136841
128271
87502
286845
612665
229647
40046
141771
439684
58467
216332
132949
36778
207798
968838
269041
49787
397604
275787
125740
257092
55634
419199
150035
48133
784233
131426
71276
29450
105853
597073
850294
251917
150925
91269
163846
280592
492835
261803
621725
136009
209535
236294
13197
475898
190758
502974
684790
132936
723601
191229
238522
143770
191990
48251
474594
964
531966
637525
727193
25968
147615
13616
355433
49578
1010308
549978
561021
55148
162239
64192
101881
68865
16978
99393
537810
336424
98513
529063
277470
144549
236485
144095
19567
52147
609034
820519
52881
275858
10002
528896
190973
93082
27859
269140
269325
146542
246472
251423
338518
155385
471544
29163
595133
263731
333973
1793
696875
544706
144622
14448
63605
11910
190764
1211
207579
77000
781460
75155
97048
382864
446543
189766
1955
570965
250672
127490
145145
117805
645363
317621
591529
22833
662450
55768
444370
336454
155049
531160
554013
54926
473646
97007
691443
241437
19859
273024
299457
177637
361126
1103526
147773
294176
121616
13590
216829
646227
77157
28774
772258
430496
189778
289546
102913
238366
211195
194087
600339
28213
43389
154195
79563
261541
264997
183613
434945
31287
260280
290563
23986
458144
199195
242030
79741
7867
719050
594754
650122
4679
67387
8183
96317
807000
258951
498713
882731
753364
178376
269073
221533
139507
76880
228553
61257
69589
39926
118366
159452
144919
96990
246558
63091
230793
549815
1040686
352519
515560
37576
588332
485146
131981
7013
646610
154860
78935
191817
134342
228637
487230
618328
119094
346513
150919
577466
26275
295518
93960
626959
125961
82263
331804
211669
263797
94860
230892
275777
10481
24848
188090
28600
2888
233165
7455
256315
91099
443693
110359
614874
331487
8368
134766
71429
344602
919789
37176
103726
100318
271440
92915
253777
30276
7284
219978
189260
298703
259187
68953
355413
613533
49830
492520
153619
488842
103754
195959
13634
702543
242053
153513
329334
877
121435
206872
26144
214202
878856
24995
56202
190950
134805
241502
87257
483169
781951
888777
272761
388806
154036
13834
124448
13644
27739
131378
782969
586286
439756
494171
125701
157439
126060
74765
348698
285768
304079
60712
190981
70606
17866
497133
304644
11907
336910
370311
170486
321649
134792
31326
147528
233212
498716
212232
998962
115342
91251
638524
117110
284730
95691
235457
700907
71571
16861
69265
91039
58655
92124
102498
134247
24163
296629
236430
456022
13496
282597
25943
148182
150896
259385
19504
370392
351438
20130
27780
60937
152843
32886
195784
128184
274070
472265
2950
110191
680111
148449
123965
96349
92388
68028
186957
302024
95366
139395
981958
78523
38628
277061
633922
129777
328149
74486
260653
476600
246613
529735
628044
136412
222173
208568
396491
117364
25471
522793
219403
221342
25054
578402
153507
346226
139360
553810
156901
426896
246255
344222
189875
268876
70244
57877
40168
209695
381044
219252
253514
32766
13540
246498
561889
32471
73860
30234
42781
201473
155109
20012
180233
242580
252057
409621
554332
648715
162465
261207
447608
489322
626005
736514
82618
172342
446330
439913
254791
255975
17952
629988
531793
854839
503634
259713
1021181
27270
50710
863560
271945
4200
18347
260697
402920
252676
71896
364482
266643
576139
207745
257076
622147
257118
531778
128810
88120
936743
5893
960197
149465
657375
1018149
336071
295987
1128565
264146
821001
174073
271688
512187
170566
270332
890228
163631
71537
462269
43436
362125
438602
596087
881846
980167
998445
1055691
56921
117482
503965
860324
158525
366049
1061239
9483
771531
196897
74811
25981
114188
296408
370256
47396
192580
800512
239512
70713
357140
680252
339004
22630
130206
918144
656975
613518
236043
69956
92272
85095
654770
104802
161115
1116106
18729
6797
37133
52689
303596
651092
104224
531071
276232
443227
585776
622010
766785
95165
662456
623929
418802
448780
600406
731202
468105
437499
238828
23929
436201
438633
96418
190503
145681
99442
428914
569147
207637
273760
218358
93615
136388
456075
87460
838863
975186
475206
349762
979955
252784
157888
773056
140565
495652
921906
308474
174995
617673
22495
156217
180442
534747
150340
466891
364311
589376
443446
636359
547728
118230
210809
765553
830781
968185
1050275
156759
712958
272702
131094
146082
360219
92039
154451
705446
715281
836597
148882
121740
296036
538236
252869
75079
282511
256629
180430
381347
9771
45810
451664
197451
255834
504479
822048
279276
206479
330956
112594
186598
56806
150734
103074
137047
353438
198163
363489
157549
70883
90335
7117
264751
327056
991219
1111560
351810
288681
263151
240662
24042
9487
254050
347424
16750
22940
144876
23940
93207
35085
100933
1083259
870359
3474
91348
438927
52597
510260
96937
208634
143170
408110
361736
128118
142852
657563
251882
355302
430243
683621
629962
119563
19894
7695
236994
589694
667977
885106
186905
180159
254449
7263
240211
386003
124539
92576
21643
385593
544726
132219
922030
711928
294997
330598
615568
596925
360584
172350
462730
74975
140057
1933
521206
49689
1085043
585317
325013
391496
31333
362524
43518
398325
19304
206143
824107
241448
271796
136625
297197
69768
98627
54628
730597
529106
227240
311520
235709
446150
1054089
570704
122912
836533
569095
368576
301282
222896
558776
267420
70805
66687
586093
120353
394730
86465
991269
174106
683646
942515
951781
317442
331150
66583
283476
4479
183639
688931
465781
147441
546849
191955
93547
100023
23020
286351
134585
189069
97465
147717
179845
319615
820
45698
522057
500883
727610
77035
728536
114141
247775
113006
149636
31470
203260
370071
318799
346737
70992
143437
208595
233611
30458
257622
269877
484700
237301
71976
570535
625163
512329
82520
267082
534072
893515
104594
102177
331986
92288
484778
392345
364241
244896
766695
149299
859300
471969
318705
339306
30688
446188
128866
353104
18869
31420
234022
47296
211005
6857
964741
229575
136590
7686
577360
733796
35541
120882
272770
210057
209507
104023
192271
61125
700892
830505
267568
630055
1085147
26926
516210
661756
92672
586573
101049
241339
528685
23938
505588
72296
135132
40589
21822
239044
289432
597124
22207
406018
607046
815114
151328
658507
138933
242178
466676
711983
908076
437119
295291
2877
147306
343432
27809
510224
612126
8224
136554
49617
125867
178321
63529
155082
68845
538950
12828
75050
79065
2176
163609
443322
406821
506954
144609
1540
273062
97580
454803
838602
769419
534214
245676
782777
881524
104198
275921
852505
854892
901
368618
523672
22033
94156
534220
218960
383584
119001
69800
281430
435294
157506
788285
739097
939696
580407
810888
24350
581948
45917
383167
645757
361358
248948
100129
23279
207752
228676
283204
127699
447511
408273
40296
698545
39833
86364
201208
235731
519944
767699
530371
273662
475155
144714
245296
136757
21674
331436
341797
104554
204778
158170
275769
341246
20028
115347
249233
151671
26484
296627
391614
314779
124127
8180
19983
22558
31510
38965
48222
52234
52782
61683
61684
81076
100340
146712
194996
199509
207177
220080
258434
259540
261827
297641
308063
320210
322369
336104
336402
408142
418944
450384
453017
457828
460553
463900
472472
478574
506469
507240
523671
539334
551921
576378
576753
69731
254413
392341
507885
998961
121332
73695
226961
518736
4120
464235
20188
463676
13793
244428
288409
819131
102963
177689
537424
100377
609504
146310
47187
299184
391616
146522
435593
64838
217714
641294
386638
70907
730019
1065471
7131
24867
19262
246390
621693
108675
79382
6031
140825
90957
597447
244084
403271
690108
119125
332030
369517
37902
435269
230968
722711
811577
103347
498478
385739
676976
325418
102699
356628
97520
150066
315530
230739
881850
98005
118511
275043
39844
687316
134888
457065
92472
438023
625053
340455
120821
304866
477942
80844
157462
1071036
824936
94911
49403
451398
257245
364507
217002
293481
654864
236550
367722
714510
117402
8708
104785
139951
836800
456026
286847
96884
38637
147297
70407
149632
975975
322075
160269
488455
142109
217091
51750
236850
46894
881523
4720
47823
76199
530334
94439
179609
925736
191130
144320
150980
491285
566420
69332
397174
53325
737693
6232
546004
120383
21140
119980
286459
16981
923963
306689
71816
155141
195475
948519
185734
325655
621620
292806
209984
100651
102404
386489
672253
101725
131607
68408
20539
361737
71394
99318
275235
141560
10190
500458
330477
18716
195587
398098
299507
153146
446915
442891
202278
133622
46009
363921
285126
270350
154400
109715
158077
294949
147117
24097
30429
9046
149264
7247
155037
335208
388303
228729
244059
190869
624740
177987
102020
475365
339526
355170
229194
18535
262493
861754
382742
139355
246509
120585
52768
250583
477895
506981
115738
82590
162395
221795
625791
195446
242762
29966
337017
135381
273107
230156
185969
50140
525212
55668
531159
154064
104502
161302
254356
319644
102400
118341
854728
149321
418310
58550
21266
17821
200932
388185
561428
446860
96320
193444
191289
192128
221296
431355
326361
142460
279119
23990
103530
161818
155021
96481
445637
918529
95388
135049
7911
95367
466084
162185
2358
118224
228513
47378
121213
160339
510561
175300
92119
130212
385003
347843
136413
4411
583923
133277
269255
97970
39197
250720
94692
65254
322317
159900
669128
545131
274233
106489
23734
191672
522458
524421
95181
677462
197788
59149
561841
543039
606388
95345
17304
88295
104617
1065572
101981
457493
103462
274344
248929
241961
73894
124406
180135
136428
45603
417388
165682
128722
53483
353292
49446
249957
132966
102456
148584
89711
69969
92199
221505
477210
140667
96262
136484
617723
71015
473259
21904
185
258512
657998
251501
7824
32715
99174
59218
299403
33846
546770
448591
220257
63538
7919
102657
336320
23160
37529
70945
974
93312
984903
464975
83601
615906
909586
147515
479419
27380
188017
299121
797908
110099
53774
200124
95168
286112
786868
54797
121467
151544
135704
952303
121369
361102
241413
92017
37587
101420
96332
99337
483108
837825
224516
241349
304786
249920
81389
562740
503085
206233
210314
268284
190603
11039
329574
4906
424692
240068
290850
207641
636354
242026
180880
148227
83086
486906
386193
236482
465988
144758
716341
54710
195981
431485
226281
180207
515887
343529
222291
341925
500172
261376
99994
96392
121771
741617
619578
151149
355383
859170
75074
191738
255861
251872
1900
634514
487368
97251
109230
6170
499273
572447
329371
140998
274027
111474
68798
327288
391925
240876
66656
529754
508187
488443
417427
195538
240021
97170
123711
86583
105696
625411
294773
114066
340096
675284
192259
447197
326731
31515
278085
89120
67712
201818
232488
120575
198105
685215
191418
136608
99341
45610
159787
150607
587
260178
108580
667920
174136
94486
292920
94741
160617
210238
446195
76135
606800
185916
120633
197002
118350
515
274533
629664
689874
235444
617961
258827
236684
791
347471
157340
191992
583207
590277
605661
608517
609766
610633
611352
615043
628252
642352
646702
652284
655500
663510
677909
685024
685774
699329
734020
736546
749481
751701
752593
787893
793997
800513
836443
851513
857178
868232
870823
872375
885364
893457
914181
915296
919835
949421
955158
955717
955980
960889
964535
973500
978296
1007620
1010841
1013778
1019493
1030077
1032160
1043611
1047980
1057424
1091082
1093159
1101018
1108640
1116792
1128618
33475
255789
287684
17043
68623
238632
1008535
664450
132391
22691
86487
7500
42552
180511
901025
420039
95121
954477
62953
139492
626378
319191
1092558
74327
870767
29123
18596
382758
767537
238242
297156
686256
405464
62666
24837
6906
973506
665807
156157
749578
832745
46141
630569
780226
848584
629755
19844
40558
1052552
220972
911932
739851
463324
967835
64522
558140
343443
283325
121842
468109
519787
146031
41091
164262
597
20145
828385
418562
207453
251850
543735
25544
722164
242120
149286
219559
453221
179042
102579
488283
26980
115160
7691
159456
71207
14018
33675
1037807
646683
347220
633393
545101
458165
246894
355558
984823
880194
797222
139324
254405
8085
1147
727807
826426
816272
393927
114530
625874
449416
479861
1009508
210230
933488
201791
26559
716610
50260
69098
578435
163600
177968
523327
580860
155024
611555
459461
381330
448485
268938
966622
211355
155410
103141
61629
110762
134856
625153
47521
982218
274663
611951
588143
24375
431729
755773
516870
463526
24888
916186
570653
856644
632713
262544
308028
752015
222752
542910
110784
584466
127167
821178
140560
231196
456057
147539
74939
645042
561207
206790
276065
733720
448724
299315
651154
341793
710097
810018
188118
191273
327562
356420
417579
260543
18386
1040416
264642
666459
407139
543961
287675
4519
152530
401015
456326
87598
279140
448792
70347
272015
227669
476655
729678
16895
149364
396298
312936
596108
529293
469551
518145
612597
106556
636262
71296
19599
640145
784353
327501
820155
26166
162388
299500
475435
381106
603926
148641
22206
751193
967195
679956
434122
551776
149846
331056
314976
264060
641269
47875
635515
160412
239669
52961
471895
84372
26183
263868
38767
86016
82605
74093
2929
97698
180946
1037804
621096
94779
299916
103227
347459
711964
202004
733620
263295
851706
1044656
906458
803776
441266
252051
77245
221908
42902
205701
647712
195371
1057088
342324
21252
897212
240384
51032
164817
439096
575616
582443
52294
492743
191209
364495
260688
532438
538850
885278
636249
650506
157979
26019
612096
67029
197067
381050
94130
186073
197765
151610
282885
120308
368731
65663
206857
252109
240064
1034652
153657
138618
210636
164010
403363
338885
689971
306646
27830
655739
529703
598914
458115
719640
154773
67997
263417
26469
222890
510080
531586
151162
7660
4255
331970
918787
21367
138332
44037
15971
178818
101114
23647
1044564
72131
389249
267450
219945
1086232
144844
320282
591807
220852
207566
835872
848958
180485
844839
261200
382660
209995
393149
81962
20358
484753
157162
148458
638360
23758
8142
593339
545085
465386
540384
104986
318408
173121
841037
100170
573066
255594
230652
544700
634337
334153
64253
255395
751556
1126233
180599
635953
244942
856028
329147
39847
215031
1007747
48711
252087
456335
159401
269063
103289
418569
603171
276317
1075455
82446
190542
456383
181510
470486
510839
348799
29012
390467
417660
349326
266282
248795
509973
785253
275619
263022
201571
101381
831426
34706
445980
48025
610209
532822
870039
602052
624447
589126
242255
944476
191998
421048
562031
1012318
29079
114112
293777
624280
670499
146755
148350
82499
435959
456919
593356
763656
10449
552306
13984
973613
146739
171363
591852
61028
16743
511791
275541
140485
588932
254304
590237
222106
30070
1077346
561073
13918
701640
910791
368275
115631
252675
263932
61358
462364
274283
96243
646015
50705
220286
139217
110543
4347
730575
51647
1045868
133361
76735
175208
773855
671370
733552
441288
125211
238857
240212
99115
129764
7033
539849
128838
147176
95962
74869
128648
1108210
121660
69439
30595
360638
17068
42330
510656
189831
510515
668499
8004
60967
472476
106094
477855
179823
446494
236573
406722
383087
106533
146327
1030338
13893
435078
131425
612383
40282
28564
3706
27685
189271
104808
113746
321580
483120
20810
157096
156606
416809
9354
188343
92279
74350
465182
180863
3501
382868
128854
544693
134920
48859
91447
12058
656974
460120
999083
108790
42268
100324
866876
148311
10175
93576
666368
228741
218099
336093
17174
285730
419757
137353
222206
275898
275975
463592
8720
50220
85970
437473
252185
52666
299428
123690
906288
59647
26714
353455
150931
177998
285048
75542
156584
273865
93080
497315
69239
6904
86450
195091
740291
35368
263495
29648
263264
141386
463531
370106
102908
334243
24850
59830
1003052
178076
120927
398628
342526
275618
97032
2494
361760
364650
121818
131495
837822
95386
191364
257212
287143
414125
141066
77080
150773
146842
129785
341575
385588
489074
334122
153422
443645
18586
279123
63513
57981
45644
7016
146838
210006
354408
327927
99992
102695
185766
195838
10524
94611
174868
456015
521153
97589
219932
193993
102244
829879
103412
577625
26837
299176
207195
238419
272077
68704
142016
237729
229357
59381
457778
35236
727368
435163
269061
130069
97882
117628
352552
354318
341683
275124
528998
368662
135914
158533
29934
485343
7578
317985
423583
201647
449984
161222
158249
96047
10037
160090
998220
216045
420071
142157
333822
498220
262924
511875
652533
43954
158385
823736
905576
213231
2408
75810
191897
387548
331178
607263
141679
717007
86646
345161
14032
48844
242441
338858
469559
134710
245074
285473
498367
339968
300702
290793
347338
160395
87876
152736
368826
779735
148464
556255
151042
276134
953563
326568
160963
64121
369104
10765
120179
45897
384902
102905
568633
387492
30812
128243
30495
805975
299414
7682
354475
156158
51626
33728
494510
262802
253285
26515
1066526
765267
879340
351560
96302
355733
135905
958357
93475
240805
79718
117914
503772
927206
292156
334653
189701
91320
227340
532802
92609
65097
48552
125772
7485
61508
845772
61519
127430
88890
25172
334647
28651
279107
265373
220269
494849
97160
237589
537563
29095
529351
241169
23049
106060
77203
201835
152998
265349
24100
148377
265482
7681
339166
71574
489601
210810
92497
265312
361025
237353
10827
17676
587277
500092
96993
74683
447432
301830
239436
503797
252680
91906
550495
404764
101600
99789
43043
774085
48761
41839
582311
448499
728472
25246
261788
22957
188289
327979
58523
254960
219861
742821
498252
664342
89709
418223
348418
398311
507894
595680
286453
93431
101581
430185
153141
110024
63691
156159
120766
114056
122115
443387
31609
648138
510765
52587
229763
333886
266283
463935
103956
35179
153100
266276
83914
145385
209980
200964
463244
237436
27171
17069
237309
334095
501048
361775
433199
242854
39862
189296
261201
331967
257204
321913
233247
491928
188001
317919
32898
13420
462406
114123
252894
51281
121900
301387
278485
131276
71438
52283
119108
18965
65121
135332
261525
361664
609275
463239
672904
646269
449167
319840
448994
106144
84999
239673
578869
13172
246547
521957
238236
355823
35510
476616
95635
530912
186669
150546
286255
159826
513677
268845
631112
201801
236634
579318
93129
33009
43188
299552
146886
154559
246522
27660
121047
222750
286304
152567
616126
138319
602226
606389
446183
179924
238431
389881
135298
639990
171224
134586
262396
97759
319651
239910
348678
194937
269565
593876
61919
232703
208071
16703
672673
326304
394414
382787
2473
762
317948
94281
160698
503173
195324
602518
1113494
261599
477113
492419
582852
680934
257949
281443
475718
220444
185871
574139
732383
685469
464920
155097
470226
494562
566669
575450
493799
215057
662458
671469
765734
930939
1070514
154149
164037
533065
952840
1028812
863819
238240
1008575
16812
382788
344179
1038345
178807
196058
600368
237617
255140
1124719
83567
437684
267487
27856
41560
88952
326718
571641
661685
223450
603819
955229
331349
586784
122472
332283
274558
94105
164041
666335
115202
160063
559379
402942
22896
751506
20359
702362
256084
455678
189046
851384
932645
175079
1084102
319118
572940
298827
170189
166742
26644
59187
448851
602497
127557
69600
215826
668319
27470
268161
236317
1118602
401968
71192
223850
889257
1026323
228920
214960
101733
175371
644107
718473
896159
622998
537721
718968
50534
539431
836564
237267
136305
237136
333887
503349
458279
887525
71061
180491
262473
340694
69505
231885
4841
740225
703558
152804
861850
281055
1039288
1005447
91416
398822
437819
297587
157431
434539
504150
569100
657780
1110726
396842
627090
10424
15232
45731
77321
915056
1062
146380
203294
284614
605142
664394
1124495
447844
69989
119024
581623
8039
349127
246246
694410
355411
508378
13926
30779
27919
274285
143306
112783
454476
858850
319670
102242
175355
848898
588827
206452
732386
469876
217482
139843
250397
97776
505437
593791
383719
55517
969649
643783
13611
10735
639545
156094
418214
544426
163108
458886
61332
988357
308041
701457
93570
256934
362096
454807
394457
222301
698286
99445
319678
686253
16657
239077
27001
8697
10707
118858
344378
533387
258473
369130
340514
40620
406149
128288
243696
77360
20682
354616
27106
476881
241209
735351
141084
184250
28432
647435
290649
654479
146411
103674
8118
6916
8645
616821
23571
624244
609307
911659
393088
17479
602731
471246
516059
840819
203030
340024
624937
268070
729339
145953
745284
771586
147553
463163
152758
24987
8303
37227
275888
110239
174798
643001
444269
167776
283118
962707
1064128
1101061
453604
91392
842607
353919
103881
199515
133789
206024
76350
149624
121801
808452
162770
348253
763861
3799
24307
31196
33442
46241
61850
70411
102726
105831
107624
144241
147350
151066
165380
260893
272975
300239
325647
419063
457643
464393
497977
519957
585016
591959
599761
603951
629397
640660
665302
674488
677712
720359
722292
744568
751259
763967
774901
785552
829714
871980
896474
905729
983481
1036058
1057649
1059938
1064783
1069472
149571
128329
121571
414303
277008
159084
536785
220872
146233
27435
231893
49877
64243
95842
270883
93572
2460
308117
93913
140375
888110
1073792
134652
881357
626392
10170
82671
1056651
657618
437739
24906
856632
22637
581959
767590
459260
754667
986405
1109687
109370
270337
13219
334111
925426
343163
155279
256416
71939
191603
1045135
159134
436833
288623
247253
119152
259566
359530
188948
740405
88223
121814
275427
329517
7737
74135
860659
7221
710890
389357
743845
68640
233313
448227
584964
624617
661931
1077023
122304
26760
571580
452267
11066
75253
267629
863171
21216
159451
228511
4172
838629
136518
28909
319591
317104
255075
163848
157800
28394
463471
670603
645992
229901
932265
254006
821940
268205
680443
67986
706368
49481
40166
492533
422793
95313
101709
293736
245113
1128
529932
150221
528580
654796
585713
342642
24093
927365
210509
275191
446113
274010
162253
246340
159271
31781
118451
252213
312513
960989
48280
958869
185713
120059
419765
446637
867307
195378
464348
219116
1044621
21812
243598
431351
538278
615546
779144
900666
341108
573659
691668
404759
57887
388607
170213
236443
578142
449766
92577
166594
280286
322602
580852
636391
756324
944480
960695
970635
1047466
1056926
65041
853275
515522
123201
189313
336966
28621
66437
547441
163304
118516
26027
221694
174877
593261
20133
499038
60573
339563
451863
22375
89710
191749
8112
552454
95144
312465
343256
178232
99149
697897
99731
859841
457691
825553
93535
317143
588
251840
496489
61205
43857
467513
1020183
146610
61880
272300
618240
439156
543097
384310
414319
287677
52586
836002
827741
329207
92053
54997
280051
259363
4593
962346
132599
1012179
487532
69203
218844
106217
99347
206915
451526
148171
13349
59966
1020203
338883
295154
91668
370214
448502
221139
492416
117396
6210
204640
150542
771171
190787
130738
320359
69960
260795
298809
180607
146836
978598
474607
445948
747474
342249
634273
426539
199947
588186
842958
40524
280076
302002
170188
144750
317669
651082
153116
243880
150933
117657
263039
62915
72028
362610
99262
332747
95551
466749
55536
152740
103976
771986
621137
244872
263573
456892
32604
573057
93640
618074
157103
149109
215109
205698
334695
3447
93109
68330
11859
216154
334880
78702
141309
330111
697166
104001
125774
809212
334217
153271
120508
682809
150446
441319
151621
83455
23506
418207
151980
239238
238227
98448
293386
159260
446588
292696
30756
270048
105763
479012
409016
269096
230272
118259
150000
13566
51298
64423
31575
386251
237669
570664
13612
868213
264200
498867
392145
236336
447171
614403
59220
23389
31203
493546
887931
72030
131064
71971
463576
139986
334039
361053
219721
189659
61570
420057
149068
336070
505681
109088
150012
96314
94159
318455
781018
96350
144392
82365
633873
184696
222324
64743
203100
153120
120445
150064
31417
361786
1048531
54643
26407
466015
9040
259481
66765
108689
530963
109469
400837
73381
222374
160513
26972
344432
370057
154040
738364
4574
802834
269060
20479
188562
562436
920551
418110
45753
344619
43161
266178
632118
226741
101791
137671
319640
216227
226166
140858
275575
264816
494029
523169
270366
79936
161349
280756
273753
893866
523424
533532
104099
470594
23239
140567
181993
653450
263442
71046
173988
21759
356264
46315
270273
252041
37793
121166
49071
240431
336691
479612
249811
526139
343257
353908
293845
95224
142278
355309
24852
52126
86117
185818
101763
156063
120834
905172
642781
104259
21141
229408
64860
197892
98439
92101
89112
198158
16941
68016
472368
12376
139939
258821
449331
88427
259440
345619
18843
96953
419685
74425
94123
503346
575339
483367
133296
1011142
146981
109065
88795
548273
195527
13831
977363
370228
27294
635082
267569
113527
70242
267575
27624
97322
122767
769022
3050
384791
722013
948089
325568
622403
16768
246279
368817
700280
102790
154455
569291
447644
100695
850913
246475
54830
585066
577673
102896
331838
97205
717604
4253
21077
391941
71349
540229
188083
82307
261552
626792
613137
59227
156291
143218
491333
442808
334257
142877
5838
160953
196952
275311
417444
100413
158657
37905
60001
436265
298785
837574
121356
345854
155093
537223
148970
529689
401619
315994
464380
41495
245092
361588
159603
247289
26200
180163
369081
285033
269895
112153
327730
244750
582396
245120
886765
418525
74970
186926
523471
246117
158429
121605
348261
17657
102231
514633
435401
303628
401626
95520
274260
52359
240383
319589
49748
77215
246602
138150
134666
212075
143973
144617
32848
655562
293916
644
295972
75739
124088
156586
32443
245108
26458
383596
29171
45105
128867
252962
64165
254142
1094547
238198
279997
353732
104053
477618
265498
401653
310737
277914
25680
263880
354100
17030
161497
588046
714034
346234
129047
319966
275765
580899
101162
471953
146630
512046
879149
43652
32843
300696
207208
209822
148901
217273
91291
141645
120694
262123
60066
28511
935322
852170
21192
544731
356307
660568
291293
386026
136378
95192
99955
103865
28835
437912
271913
40528
998091
119376
96738
30401
50889
339159
31881
42953
91412
175216
145541
218584
69028
664375
319303
590470
151821
385837
295156
293977
449762
443405
348407
265417
74892
37167
714429
263869
628377
505481
681194
384309
94689
223473
121766
395100
369171
5012
82833
48755
118533
135103
11993
702351
848265
2728
24157
117700
450977
126230
128242
139241
261274
469141
274345
313758
576726
53075
370202
252903
66655
164827
418379
298712
101437
251110
344428
367769
398523
26766
96635
356633
245402
299688
334157
240416
650593
96018
19847
9311
223459
395347
135575
636483
232350
74891
124503
99381
299702
28453
220162
133297
162356
121696
145139
770781
110669
714888
534058
205745
281216
229728
456854
453043
95047
189742
208002
18516
202010
17823
582663
117532
258989
680805
148944
564382
449049
211048
231509
97538
73617
252628
195262
309440
450351
245752
152504
199081
188459
400846
160983
827583
1033437
566163
420032
465597
767061
226371
100735
424395
249901
145222
228512
42362
180014
202948
264026
181403
368649
160569
530917
59320
270139
276660
93920
319042
730194
65012
99422
286974
888715
758
648149
619571
288142
127563
446244
14024
3966
289489
472686
189012
382746
93972
114113
101226
299659
263381
1029840
332955
561546
1023577
124211
780784
137936
55347
163737
635070
582737
514077
401906
767806
157173
347571
453681
293485
191307
938197
786429
133675
780076
504854
172612
1017991
526027
237276
875410
189716
251202
278480
151669
642841
314257
47417
27015
521028
516247
1071398
596140
1124607
599416
20195
196556
78064
73972
383665
136799
340737
10935
29919
175097
313565
406020
519619
658758
683428
985457
689642
272690
557103
465173
197932
18363
979944
382358
122029
349974
252207
490511
346334
533729
201991
86456
265366
13072
939967
135247
23010
334652
258445
180673
730718
98492
206912
94108
443928
29233
19466
47546
129626
75220
27776
109485
218489
178789
528614
391649
673224
213080
1072371
95491
108656
299561
121282
93542
295621
369745
642660
593077
15147
19851
22382
24259
30965
38072
44540
44660
45273
46728
68291
82517
89532
90998
98884
109288
125266
127779
133783
135960
167424
173328
177956
178482
178485
223347
230797
247730
260951
267982
272653
273442
294469
295459
316923
322979
331333
334000
339444
349945
354317
361698
386604
418467
419481
431486
434089
448338
448445
472945
476301
489058
522101
529356
530960
531956
548088
551812
562868
569966
574591
584500
585364
601563
622268
628568
637192
639553
645512
657832
658241
667240
675670
723840
730581
732685
735783
740593
756263
773518
777214
804693
806894
816823
817999
823320
843223
843517
852881
854644
857932
871508
872144
877650
897312
907920
945481
958534
964792
967955
974397
981338
985921
990755
1015546
1019353
1034294
1039183
1049426
1058123
1079211
1091205
1094265
1097512
1108142
1125743
163692
89764
70591
90906
1120846
31673
319626
61263
644938
91059
229781
276197
75320
612643
233405
1053677
618781
20117
347616
91484
127445
94933
122984
158563
600640
227162
255332
159397
72132
234547
335511
515994
419262
424453
180549
170433
204744
776179
65846
699102
38883
568401
751360
504947
236005
393287
643722
727221
27625
87336
141735
232644
170108
449897
97256
86695
809973
655518
263831
50943
274140
28706
22997
109089
164627
249372
189311
578160
882776
66967
287789
692155
239679
200754
392348
305072
6840
67027
536700
97710
31442
334974
311837
391815
568728
733757
1036297
545599
341959
220396
20016
658525
451409
785562
860973
152582
594005
53647
164586
562928
623048
146140
981155
70109
242296
254722
344384
161788
106309
29160
2905
251105
707457
846095
362293
326121
13250
27016
303658
71247
81794
53271
36623
206662
455416
766002
1062793
53899
132661
395120
589768
584444
518654
36586
437322
655662
32335
164149
229120
940307
971714
1115461
697688
28410
660120
491574
273762
753077
316710
828565
1061348
445859
1091692
902270
689061
215955
748033
8611
907214
158677
1074770
78905
91390
182247
195461
209997
510109
260439
12725
342903
207183
59054
70192
181003
38061
86021
149023
299742
92797
43651
18920
88079
450818
248
610512
519650
96566
102340
89072
49870
334895
352556
424460
640044
50193
733391
496377
368245
157813
121584
120480
232439
300328
67521
201693
223968
523242
729450
253262
8343
294099
177515
219738
69596
201830
512040
771989
824344
682233
339448
102059
639953
308410
202016
262135
50802
341223
506001
392114
73718
868378
253555
3621
136894
273449
278550
802725
218281
836706
877339
18894
34941
507168
267280
164287
1096536
5929
270455
144500
440071
161452
249767
388409
25248
96146
659262
335858
414327
196947
1043645
713036
86040
159060
64523
309119
600464
275149
94996
919909
13281
344911
569339
974277
257548
418096
44485
436597
351348
491626
512112
880814
71494
281787
209201
119664
134851
317436
78962
591669
87849
695361
540115
249952
398760
617662
492788
263576
265992
616817
20387
270996
70204
598971
742955
78662
37436
294812
20831
252149
205914
99162
331380
520213
218690
529014
430023
642780
563027
89513
838412
597723
119565
341009
164369
136912
61403
162338
88302
20651
416576
221628
338192
662546
133039
8978
268813
257492
293087
386994
466675
224623
155
270340
4746
433724
95376
271043
616241
95799
144900
110243
20711
154523
127397
319598
153949
153397
174866
362385
43085
743116
237006
271794
264042
366024
338119
4388
394427
277054
592683
175322
731671
387594
418097
417130
65330
474273
704629
351860
61221
140673
238581
724121
136988
617155
61216
947033
795865
95967
148856
95639
265340
352411
194176
21577
195370
344276
106080
219124
59322
238368
142502
54647
101193
640046
309434
145036
343032
24823
252146
528438
149111
1001291
97177
28401
158466
155315
279944
156813
150825
27141
449986
434624
99322
717352
615393
4333
11092
450301
43278
70598
428748
7923
319859
161073
622549
44743
103607
344603
349227
292140
229978
78647
607361
237382
542355
362519
22315
315925
300514
126009
142634
150888
639907
118268
207251
71305
154453
257532
117483
30477
242273
247873
416778
26341
65494
260650
96546
30411
157234
19565
299679
27851
35470
188755
384421
480340
58630
64286
35447
463005
28712
119606
191373
227109
162587
944373
469012
50508
655588
265165
322548
84184
38295
145970
71631
195881
23132
216916
2012
30938
17869
78446
146487
274116
131782
120417
136478
246593
51181
462867
539852
308118
546422
30349
236714
299182
680381
112958
445729
84309
99342
541346
685549
179652
228017
836682
680026
713646
606633
97169
26752
96101
120419
65061
469358
103528
260619
252212
203085
503577
146274
667512
208214
289367
660571
160704
39108
105301
114974
439121
1549
268856
611912
215926
148613
688644
369183
469863
22239
575429
158855
298776
91656
29822
29296
37473
389994
155829
125852
261522
24134
436313
222373
766958
36325
9043
329437
64310
318478
29701
192664
267997
289465
67864
4748
128751
150194
941794
697973
907933
453246
158398
297688
216037
96463
152003
195214
313829
471781
52444
692154
95326
86401
394998
541968
152581
122352
211949
144396
347049
85605
263404
121304
259185
630478
538281
531490
396541
52730
257181
8675
48727
78822
351624
136998
140804
331036
453317
635129
252760
289391
242166
93647
336725
209697
55241
99943
55110
96589
573612
232745
155326
424454
152693
257389
184850
273797
508586
64788
142753
143182
137352
572833
48756
130940
2947
249174
1088978
102758
254128
568195
121804
136630
617399
271763
586930
252708
30880
821268
348367
259622
219579
611565
238113
224501
456347
170059
511920
121100
96114
270835
742634
548885
424764
141678
118446
17929
240951
483786
64400
714249
274750
109743
28062
147533
147671
368954
23321
105058
36081
870977
258525
397606
587325
161493
252730
523689
221856
118541
468294
61135
104386
71604
177682
80812
528536
129975
611820
246133
13139
39378
299394
75059
95129
237715
296484
268975
159251
205933
261338
369404
315924
342467
185984
71016
447491
136094
317661
296645
100914
450302
927667
297569
499734
100030
3559
70541
923595
143839
53921
123331
1107197
263419
327008
124064
260316
134343
130936
102097
973765
29284
417669
643699
268376
731610
70779
1101212
43055
370246
122033
398314
58408
263823
37568
251305
24470
487937
401157
7791
49493
667747
209419
33884
92129
108994
217644
26023
146990
319637
464
682328
569985
110356
414317
325302
286725
157443
295926
574141
63668
93208
482310
417673
115453
46995
457296
179006
146345
464160
420240
655316
260137
614510
254336
751538
357593
630642
769062
77579
703402
937363
297428
554423
177681
348643
51202
328016
878167
449450
97606
226198
151521
192509
458608
354168
496598
728288
766237
184261
735903
259120
103308
195566
11831
346849
706232
325862
254134
276322
69991
73994
37530
9921
292856
292060
836
758201
53462
41566
268779
447602
154197
101293
224878
360268
431977
445684
532381
670092
790119
416596
292869
106410
122469
33399
269596
45065
22782
89733
145688
585821
623198
38212
43272
76722
77652
89630
113950
115398
129052
181366
222951
232140
283040
342459
403516
437944
442649
444306
463790
469268
471991
474221
530438
589888
591790
604367
623464
722923
735620
751454
778803
801392
846097
880594
959041
970802
972720
996646
1054127
1054205
1066028
1089621
1120598
406774
150236
286437
264114
392927
96077
86103
301624
497300
335756
468726
661513
262111
789800
596270
96366
196735
1102592
661887
89125
216484
32890
821041
7412
7786
156043
143223
633962
1106508
120027
136324
857727
212349
351192
692740
319635
201362
312613
933310
516873
147741
464897
150255
287338
12607
236070
135488
493038
180066
204298
34015
96838
615776
77101
396264
178347
260871
231165
140947
359209
728457
807831
104762
66965
264610
762274
178600
160293
340220
163381
319582
884723
76047
16965
3251
370268
144304
869988
388569
389047
298725
464374
35405
16991
538083
816657
829728
864506
1040597
1042239
885410
157293
452137
18865
21356
154061
137641
157423
407403
558073
569030
50954
896717
159784
355618
531887
58431
160211
878690
534066
61827
428828
147706
711387
860001
246142
816787
21319
258208
1022364
549837
551262
721952
176338
121979
478948
315102
592978
21227
637551
455706
82774
228746
66836
119026
36460
558978
72285
877577
992414
718643
490633
650542
309794
387963
919729
809549
259853
24769
77282
530190
110838
1051906
654866
67786
758951
148868
629156
26363
662981
332066
648361
19460
770102
264123
998452
230239
314196
309653
152288
298835
122634
446503
383765
175277
345704
83966
536248
448408
882157
566585
118237
326587
103315
878593
250745
109951
13959
690121
221935
635066
93459
140282
272892
1068589
631736
427513
348525
352880
594997
159378
645503
486969
276929
145159
455271
82537
344464
327779
498677
215422
319828
538473
7073
24044
24966
25682
44629
76039
87335
119016
167649
171445
177498
228365
289055
325734
369027
392296
397758
456933
501027
510946
554472
619941
624600
665106
721601
807799
882766
902421
907935
979121
1101344
81257
320068
632032
766953
899173
992120
230106
283491
267890
942087
351115
254204
47249
290805
158581
211139
31610
500013
642643
598161
99951
139144
877137
332255
1039491
115094
7342
47106
545238
42837
213275
139310
76163
92484
55125
626077
209251
493410
294978
455966
92009
940636
285787
974619
1079620
162385
512192
583432
316644
651295
477730
1026978
51719
149314
7254
668139
283633
277038
419802
322939
147376
96534
75221
323748
145342
350626
164441
128859
295899
462534
665496
8640
257641
67838
644682
135448
1108301
63178
324622
277982
532806
109895
82877
449834
33388
114827
351929
329073
162305
110708
279129
688436
165923
945910
272174
462123
787467
420977
831705
95734
635182
671566
758594
858095
659889
45473
753157
500178
718892
418778
289557
1118489
19561
39964
249635
1134236
100159
37627
123905
519584
351417
28692
827654
523090
46321
935137
11602
96433
150269
59330
497246
148526
75232
33189
50241
281869
139618
390319
249359
596316
131123
594827
165301
20162
22680
22000
42455
190660
571202
256903
1075308
64287
12490
847397
160716
71763
95877
149627
558476
29002
767576
613043
341475
64340
281397
708477
639290
710971
904840
259848
287095
342803
51455
144413
64100
78176
520198
267050
123685
489411
162027
22174
722398
26934
852423
179860
1131999
122222
980880
1051842
211160
277021
368399
256233
546568
677903
290790
419952
17268
884711
430514
13365
71916
173151
88685
905078
668300
36247
531626
105788
871817
372936
177432
161357
447801
153999
140868
643701
153491
802362
62784
804279
13348
417663
295298
964815
596417
58677
642375
156791
825818
175178
630699
33274
156370
191888
296453
118132
101937
257028
210173
812791
151224
918179
70796
319612
344124
242249
194177
588070
918139
319611
163560
1999
28398
61229
100026
852083
639509
521243
424429
921915
47337
808563
97019
110652
408045
122236
363560
2064
1112
970268
27140
159424
156269
45969
537205
70820
344430
541974
53093
180400
61212
541965
439107
653721
927668
270634
534217
475416
405462
162312
162115
113970
641078
521572
25124
67091
326277
629626
623699
312455
95880
27156
399830
177446
878084
565707
876974
105940
381984
238410
640028
158133
339358
84962
148546
335754
74473
317523
644789
514073
297395
926838
430366
351106
52754
261521
338932
52993
742051
634127
260286
958987
278043
66327
184336
253424
347098
141902
191959
919635
41111
269321
96912
257792
286867
297409
777092
29063
18764
121048
328354
398126
102223
92514
117800
131146
135432
142954
146939
225153
2729
185638
648470
84198
74363
209727
299530
313754
96273
30281
105095
30363
678269
262766
148283
129766
381412
401885
258919
342374
121983
101764
70858
546280
91844
315201
109069
31502
9856
381925
120018
541433
808560
217158
580895
115461
238117
7726
10865
353905
18939
148068
71981
526925
607115
436296
238311
109025
53782
882534
496714
122730
101111
454277
602803
299179
1084091
191254
109103
754004
635543
200566
118190
28984
23866
635674
838411
470895
121103
298614
435803
7816
128639
240158
33939
632475
130913
454714
344521
246147
70353
74647
695
317907
121132
102411
295611
558489
87262
896818
617319
653911
24440
95685
215289
598782
129159
223630
326285
212296
983375
339301
253119
228901
83615
305604
38836
388441
263255
592059
30699
190636
290355
635849
139045
89111
243665
186592
78438
354256
28880
71809
280817
149673
616447
484660
473892
92290
350134
456723
53125
170231
215100
568862
570178
607064
858962
184373
254377
396357
147951
42852
83973
144782
75845
48820
93182
403195
325060
342541
2413
258442
162982
50397
354824
256853
22991
133762
381027
572974
274356
96518
264028
69267
497824
885005
96457
918145
92115
51502
32998
96895
349698
478699
98164
458710
419186
300603
510282
87379
71470
347722
27215
207634
22236
927243
794
144686
233587
406704
315660
286637
166507
100439
74870
385864
95473
79070
422035
189601
492892
160472
141559
477708
209511
161690
52758
229743
163133
116977
319573
111821
141515
239165
975822
194173
18408
239812
28608
5803
79727
623097
27714
729556
554501
674131
32991
256980
128688
102780
301822
742957
200406
205861
290697
600745
9241
75237
108774
336474
89779
242013
634391
252429
202136
218855
319886
329490
96872
16247
983001
26622
260175
531149
242620
689204
122960
39870
109816
348645
444299
347385
955818
645331
31033
512478
4774
822226
210471
316707
95526
64170
238190
162374
448443
48379
187553
153113
141271
180492
302035
130365
135194
329435
267451
397263
20134
724118
258139
40649
217490
481282
389271
39741
87701
220490
104392
82138
18792
146496
710258
124197
207596
186955
331444
72002
403220
243092
83614
19709
702747
18878
478177
242841
639968
118453
39174
75033
628374
784238
293675
416998
19368
129695
281272
70322
217009
726917
51693
362141
261713
29671
71402
136246
131089
626503
191449
13941
417174
160240
276091
323662
513092
825438
69110
517585
523515
26730
195852
98077
538365
153276
242588
692846
24518
703523
130993
117610
145952
297220
65147
505585
120862
95585
642825
30669
286387
103423
53302
352159
714265
332188
292040
1069614
5075
17904
27442
103022
136582
147743
176163
192597
255701
391535
544672
637966
646945
929371
930961
973885
994041
283845
249047
503649
321978
258216
475943
405420
836153
298771
650734
25715
19114
92840
589027
679235
8064
736338
631259
294948
182081
530877
137160
166140
289176
332157
712818
914018
520714
223609
103350
132579
213186
161414
363649
69955
342377
356606
348674
252205
386534
104241
852885
975899
96401
929518
1034236
231411
542912
697673
996081
1007840
1098952
1122159
31030
319941
466764
908003
231619
533364
33314
351119
887942
164814
76016
118583
139574
26884
770879
473182
37695
22888
203326
47051
123221
95544
53015
271569
94935
296632
217021
80469
261253
31850
544054
160473
1070088
844137
307997
120115
723410
205197
340357
880795
425034
263565
743171
136497
51641
41508
69586
499824
341850
94245
245145
18795
131372
920726
708637
700674
699041
570884
1127602
680732
483269
559601
700937
41271
553418
952811
951010
370457
888874
328019
266188
476763
19987
521880
773669
45152
613654
883505
449595
188045
771238
267439
7162
531154
95710
503077
839533
86271
608407
37764
16680
195899
570247
21724
173021
27103
174863
751588
402182
106836
546245
785356
876342
314876
214611
29500
4001
570645
146152
395063
16686
386616
327458
275943
146697
2
751485
103840
498791
17346
633871
514067
982794
565176
1025898
1112188
28387
345228
314027
637894
217224
246210
989889
140965
658759
27053
58332
387359
484325
180114
333912
58938
36153
944015
803450
238365
268784
652514
153886
424807
507799
1119608
13095
13099
819297
486616
242823
449771
37214
124340
489977
30009
604465
1063631
1035968
867877
1078426
1099690
718
573570
99308
87729
148309
4788
564529
671690
21013
879249
8164
103653
603369
510238
387554
976316
290815
184184
705963
124872
295529
160165
1020333
103478
259877
394099
319538
944675
946778
948596
23976
98727
1001452
261897
128888
133590
288769
188419
809542
235436
82362
487089
156913
26679
101003
50469
437354
141888
282580
258963
534649
546871
784240
230694
117905
730125
331714
329415
823443
948848
26219
231715
127408
121817
245160
146660
93205
867599
1006401
4124
388412
385581
132490
222441
242017
642604
936438
222730
329243
1067664
95289
845214
392429
1077068
39233
580292
558821
685551
61271
193339
221669
75251
533297
639802
344252
437563
149400
277544
129112
125253
917339
686131
7492
621773
368636
558902
141237
497883
238369
905844
95380
201102
543621
216394
499066
88947
987223
852888
94315
438046
538607
116951
45937
879623
77922
83302
178815
311671
605494
23025
73870
180037
239152
141499
692086
104411
945253
29973
640290
612458
299761
22853
752741
227987
186071
725342
135425
146935
921247
102856
38777
237859
220494
92095
139313
237186
533207
542728
326564
607140
273534
180535
424193
494255
12929
152831
272617
110128
381879
613728
221563
37642
22381
1105752
492519
539362
751040
539200
1439
914913
216168
553158
116230
91888
147873
85743
830074
990353
141492
840631
70269
999917
608232
836700
101794
477498
32231
75218
87481
315775
339484
192684
141502
440276
201709
29198
30979
29655
269913
93999
241648
396308
157982
733313
429474
298527
96133
615520
95443
664863
186993
276367
1082703
446570
26075
52798
578884
291753
292490
270228
741770
28902
383405
369078
143717
655028
327285
74846
37867
843000
91664
167272
254974
522443
548459
591896
612066
739016
776386
900376
1134678
52133
286861
484
324717
16684
276054
505247
589819
800505
982079
83648
489124
421047
396508
751348
93730
238579
516235
113675
174909
77089
255624
173255
856301
220153
510222
386912
964554
497765
46568
104793
160453
672974
147863
26805
865618
646137
22129
689621
51430
191451
360209
550933
189305
605430
250480
430003
382668
604982
4888
492586
95629
826128
958150
639986
587637
506110
344242
1060573
150978
389624
633323
67409
190879
219112
134847
511310
23981
236277
122023
265367
396180
96265
737326
261687
541528
1035414
270290
609244
613471
156731
405601
61114
532978
71775
131037
294819
219176
121147
894558
245444
29603
402075
408284
69872
229342
534231
101907
159426
718306
71024
20380
197417
156316
114230
671336
790273
70319
222623
45662
920537
883004
208876
718835
611785
61552
84238
443543
183891
275250
251599
837951
184881
238670
33798
59186
242037
938594
254678
304784
628659
483131
621428
662574
59398
165009
158162
215985
1086918
783517
792302
322303
977167
852788
162310
1127200
679490
1060499
61433
839835
446189
948042
111487
13071
102008
152358
74370
1039241
163390
267549
940808
468292
756736
26575
544437
327316
6395
139407
148312
295988
837271
615611
331442
191381
34319
2397
633302
261801
30400
263480
459995
462685
157720
447289
221543
294310
178088
866987
180581
693115
536830
517769
275277
397497
159717
263403
440311
979222
331054
310262
255953
135913
451519
144943
142602
36281
219045
588068
28520
260660
316371
853013
263564
254437
328269
190742
236397
4567
244680
225619
230616
539895
784239
817706
289768
464888
267675
339442
590574
328021
568445
983151
141326
860371
274539
491862
96585
569793
177725
251439
847186
11300
576086
255470
84495
578535
593024
363665
236303
11132
212925
109875
95341
1044429
237653
298903
85384
96445
238211
420237
824302
8261
704371
281361
291701
40606
100566
147254
1817
89278
212141
262793
85352
455694
64920
303340
16881
150068
575292
683253
298111
69123
387362
1052038
261720
140555
23526
660587
284377
483086
1003510
190572
341560
581964
872824
118181
331381
196752
817042
229861
149893
151921
105358
102639
91349
655411
229456
102096
43144
129843
435176
609593
45146
96977
163450
249045
27243
66517
590014
303984
230247
97532
467591
27420
30484
174345
151674
685056
219360
4112
126588
70504
4523
873851
488852
183988
156991
154823
589487
747810
656628
162358
142265
276045
155236
21147
103534
24073
352343
355316
395609
118246
435510
227031
49773
26742
578883
102989
31866
602104
71228
730202
47409
295183
303696
348786
1056650
21180
37116
31067
91351
279500
650414
220001
497828
153917
140314
212116
320726
42849
95169
246659
188515
315274
303670
149878
245292
193739
154545
121463
65574
491736
498463
174850
150391
452417
30204
85869
537820
304585
431092
325665
404063
565905
23865
97554
546457
102514
628853
259567
303691
201135
60605
4449
156889
55258
320165
634148
74020
493056
451197
298550
576282
316243
606865
123071
105211
189845
92988
302523
633050
259652
1000971
446296
120709
109788
842178
293471
210771
154584
75954
158687
272024
207560
351618
265392
348374
742953
583553
20094
279139
249568
339440
101646
246424
288570
101422
590791
1001814
58177
381056
101741
3668
102133
28525
983040
51933
28191
156521
922201
478949
292347
105357
137537
286777
91995
229683
313745
646725
31031
382232
918160
185922
104367
291883
222502
2090
451186
493606
270637
876496
75507
610695
28584
494200
935107
278040
275942
789753
493331
110764
78552
699035
102783
184251
164142
79748
427654
381962
121666
131102
604239
144629
253924
7761
148529
989324
82643
608333
271647
707467
263410
134863
71044
27732
205619
121224
446656
308064
164455
7035
1034589
204936
156900
329208
97244
158943
493843
118835
37873
146139
322372
317100
348219
31591
71638
64419
161723
1251
606502
1104917
170054
289031
50974
186631
537388
112872
555713
130986
58135
106065
54907
136384
867766
151534
151680
102475
102153
59581
215712
344139
511110
94514
241992
242062
641473
458610
354294
287777
326062
160450
451746
240580
510376
199481
350049
295556
298770
236372
476829
666188
497626
942659
151700
569991
191346
450044
200755
536058
463969
716258
155018
806178
10254
250069
657559
26077
135200
344123
62718
195209
574479
351482
134818
417177
3294
203211
263259
110851
556339
263354
335859
26892
321011
121359
20097
317494
393201
2092
408907
457461
295047
251967
24763
222081
475304
281599
13242
290847
664389
264468
383632
100027
258004
102777
388001
117579
110768
170435
370077
320765
4046
261102
28297
38558
28332
273084
144987
154054
559805
147468
440233
498847
154861
361794
137602
27765
544473
513130
50915
638421
108781
119575
361800
223612
246490
210343
135853
103011
92632
229335
75541
210166
250821
31301
631026
920403
334662
704248
258436
881790
628854
212137
146178
164635
191512
271466
160414
151493
609558
522717
592184
95907
51472
63100
68017
198224
496254
349256
115055
529395
8409
9694
34459
398815
368346
82245
600258
98327
81369
238574
109162
57320
986304
879593
81806
468295
220973
174841
183659
855069
1053508
1005056
133508
476232
23351
402827
310068
31090
446481
95109
260276
226835
12527
139619
419109
612804
285442
28997
180801
237097
725179
804744
601352
164097
29627
252781
193977
465423
1080010
488149
178219
229597
91762
239729
1064209
382262
671758
111568
398599
871204
607452
108666
471424
996241
132982
549974
280041
97045
75883
29223
40851
1120
853385
102461
206002
254255
58725
263520
104216
309184
852077
944731
223422
174517
74277
64320
853250
629805
394945
255680
262388
416532
220496
277132
232863
266296
312541
163029
599908
125820
244887
388290
45765
235562
606453
52280
264088
598656
521713
678336
35303
198185
5544
595805
154475
347524
142144
843418
201115
424733
483972
120953
499136
52114
322853
954850
158090
474119
938589
589449
331919
227504
935083
658519
1075233
147142
222180
644112
699326
828626
559949
677545
532707
802198
446632
1507
269522
296097
109177
29817
166007
704424
94549
530878
689217
885556
369387
48997
69446
91982
723906
381366
21398
109552
524780
627195
268584
295040
226553
256093
648825
744830
252689
267984
198937
366046
257404
1082190
277037
153160
858911
235413
353183
558446
159618
570240
31721
272808
216994
688713
507395
536507
112572
156756
114529
49692
75944
915227
455293
12943
226953
220344
1130727
91179
240412
84304
626777
333634
265133
70537
191612
201244
435778
459466
170538
381716
635828
591391
25592
578355
1015972
711001
262023
71012
650530
73698
121449
539951
716836
3760
387501
240472
3585
140367
146186
65271
456344
772483
153102
31338
551346
576228
600309
369080
262737
817214
439255
22665
561596
524387
247654
978654
134584
130918
287683
180144
3000
328054
489118
144689
152005
152644
28853
255056
603890
420232
381070
267842
394987
443793
149233
28937
162750
351554
318410
1038228
29314
389572
276000
702461
329361
165698
82621
317028
261516
569491
205812
362402
270118
22555
2035
908736
291920
120553
157285
577733
45649
105948
1019568
492191
592042
238295
249409
513051
313273
29319
52692
607821
223961
705788
193978
44508
47336
162568
578542
547333
598394
13712
146283
962071
274456
227136
100271
694675
4451
540156
127126
732659
622753
184222
75062
893723
533304
956393
349809
593376
146319
102979
449236
532351
694093
255902
448407
982448
99764
1107581
783355
263445
297430
474259
135821
66617
679568
43180
152181
307996
191569
727276
262203
46316
79387
750142
153047
39215
833111
117854
351126
249040
368788
655279
591485
76137
91791
572788
914816
864674
141836
65862
562097
658666
772884
332083
439143
36770
264448
28080
147112
793517
671720
163916
101470
249386
236441
36636
67759
1864
293794
101685
334094
621596
201808
141335
121168
273737
143430
93829
135090
130946
658568
518100
158559
104303
106331
103017
77227
897255
342381
71355
875888
22311
436196
447027
84668
260894
4313
861312
34070
112322
463811
437488
402298
910879
50590
93285
328079
789693
944124
191285
717503
105753
47339
274286
793516
904793
75915
64357
190728
190633
81092
151520
18009
265954
446537
526207
420004
70735
12407
1051542
114966
99402
188435
173118
70619
41450
711710
352706
43519
359809
13368
59477
324979
569181
1076635
50463
89989
191766
197973
337086
546176
918929
956811
1091790
548489
177518
1044483
450325
190413
570246
1054700
541699
725427
750829
76437
985417
621656
57892
83346
65057
98179
744135
264206
102480
153427
25713
579274
52953
333863
583839
663830
409239
1085983
323089
129653
86824
95726
473678
295028
29310
261737
576283
125667
652852
120452
949537
283393
974152
50706
17495
594071
622500
3850
21654
611836
314189
25460
562559
123163
131396
123529
239417
153109
275949
50043
277050
263421
506979
150427
863583
152912
119765
91387
49531
569569
640306
644435
101779
24051
551101
102895
25570
419799
485077
559976
151516
1985
267334
46125
447341
710090
303122
35440
68159
127996
296028
334797
357525
357716
423620
664152
821543
919757
983890
1068554
1086804
349328
446298
222800
290510
94890
395197
882635
479637
228698
628529
359853
504853
831795
361731
591403
258121
186605
657442
651310
148455
242436
252736
25832
319788
237375
351883
768536
94124
81716
655095
254093
21772
342724
41078
220715
145265
221113
280574
65066
254422
141285
513446
188209
89584
63003
49555
339411
134242
149433
327240
802126
538828
241431
307895
150087
93907
273257
4641
20869
874380
30916
153130
242522
207471
702445
304852
150453
953475
236433
983555
26863
239916
41718
38502
4489
436195
61138
629167
192815
123095
159886
432203
133719
67598
97179
809124
220442
211383
315804
145845
112861
258362
200744
268289
116983
930115
517419
243333
65255
126090
651407
416686
342380
250650
541475
46012
600471
244082
351972
146242
109030
325260
598598
436108
264778
16826
129608
110456
273207
245554
139604
295189
265560
5836
78386
645351
528553
341901
22438
229609
76073
240544
327246
102003
331865
45089
184160
81963
69298
382767
269535
185291
146276
216982
86884
292498
145935
140473
467407
877390
301779
98111
26801
336798
157138
162334
608968
434888
482346
174054
644901
93819
163414
134221
91460
252867
104192
268826
139050
7077
7851
96932
75761
529756
259177
268583
4170
283201
135852
29201
289940
261940
317844
580283
267732
41086
434263
8036
64602
537959
288137
243189
697780
253652
240022
64292
162597
113405
501117
615748
254684
195839
402240
621355
548139
266394
924580
609544
387504
159079
174121
304142
112964
229350
636901
41241
40817
494143
152191
277680
212275
69531
47624
386893
212528
48269
49077
279063
318259
24997
220567
570268
776509
114005
532810
149238
4222
17660
786119
116179
132814
844078
239288
142115
71510
349029
200110
265565
276485
95547
667780
158399
128757
159821
143527
260426
247958
50855
157202
104901
273866
20275
32555
510229
66740
27839
43066
576290
11539
121687
37251
1085811
327048
569568
102264
74304
32676
283449
85851
468833
551320
102527
347256
270659
446803
101199
98404
191249
419604
624978
773305
204616
162360
119415
100680
209200
1071147
100748
73573
269584
344708
206996
206180
387967
20242
445474
65573
118959
61097
884482
298664
175984
58427
192450
143286
4400
21906
332044
884355
596103
161426
555847
817006
92572
784350
172976
836717
435144
207111
4405
74986
160813
97114
370203
222
86661
201069
463020
466321
240450
529653
157961
121181
20744
357004
161321
851792
752050
70270
188480
30431
226554
464642
134661
959073
29666
5926
473574
241500
96552
5779
64528
348949
11997
240381
74515
102143
351964
157520
51424
357157
70848
26976
238920
684796
431257
320725
546782
187995
260318
164931
128032
150472
29632
254995
194184
488192
6995
31741
275090
22540
357715
43378
237240
40447
51786
218045
259449
627926
462737
510235
247943
95768
318788
104422
294420
517350
212317
359663
312786
144852
102494
27378
504899
66847
147901
476318
26779
921516
306699
149665
633631
369389
252887
145005
73560
92805
92277
126102
173044
154082
779706
21203
220911
93297
185939
102374
654116
264444
100787
158524
468283
434254
328139
195873
453709
92710
209850
195457
4294
157307
54941
343120
503201
448282
26999
191192
242042
88680
263140
204970
5275
10247
212255
511288
453614
260061
253293
592621
94832
30770
94512
77156
50373
274532
420226
590480
49838
25899
261466
50720
335872
275549
16838
134481
151241
64294
400835
69054
238112
559862
533943
27956
717028
86714
4463
271692
188558
414225
499039
792022
482302
25194
414604
295604
369058
299372
135226
158582
55249
1058756
485413
1093656
66718
86497
97822
842059
65345
578668
121708
547475
555551
527523
292963
395803
542833
146931
192301
240446
46010
273706
856637
274594
633738
677862
78504
354097
291432
175169
254274
20336
268934
233320
22444
592712
359898
26180
300793
28395
267275
734989
769974
272917
60445
1040521
393388
128055
7297
59066
78956
77195
825525
364622
51825
72327
135321
236122
462959
250776
254663
957492
134733
1574
51589
462966
476689
7784
468953
200981
435968
553383
33194
471563
530268
298687
599251
654746
580474
89981
160979
574647
157130
201405
496466
29550
77252
102280
142879
147509
242866
341842
374209
458506
466671
669880
712771
772874
873339
906725
945722
130209
127991
1074023
792692
852042
267565
120435
84966
68948
21679
275740
22306
246727
154186
126266
67500
1056153
71300
97029
82949
267032
777753
214312
27665
275910
270245
503202
598142
563293
157127
150074
17071
38167
345246
531734
581581
181545
695230
330963
7100
361725
114097
569455
361912
146372
426879
38975
867558
146803
320371
242029
127730
193957
281372
755342
988182
618048
448088
636612
529248
222744
77015
39949
140245
41644
455792
242410
145680
368126
975400
94792
48224
117167
504406
393162
474176
170281
3684
210142
222774
400801
145707
841193
484357
70511
153425
1067099
446086
233426
11814
103493
78477
686222
98329
418602
104337
974860
338234
139343
294199
162278
265383
4592
118821
119558
177132
258427
353416
587160
619438
869145
899976
299813
482451
633384
1059215
338998
169731
186665
508811
259389
918609
141424
440211
121990
851364
249755
931607
1028265
974461
464119
139238
531601
859079
253296
761693
1101175
455352
68541
96310
676735
4432
455671
584555
639719
907446
475579
314099
263568
278318
490371
444634
183904
554589
286916
115597
272852
68901
174946
210304
641402
237907
159005
348020
393526
785611
424731
725999
47818
144663
178806
451522
61054
544964
129774
174990
162078
359671
503547
18712
217259
200758
229620
1044391
278426
263536
312609
342952
789745
149266
26636
590533
71845
385905
213225
207810
139078
160017
40290
1023114
538972
36867
1083932
95423
349378
301391
355958
121829
483364
1030924
648524
46626
195195
22766
118346
574937
137945
252158
359067
510789
175084
58499
809794
430251
488352
536702
122577
432481
981443
179672
239531
351407
882193
467948
92838
446291
419837
207793
516131
56029
146797
48419
457024
464515
25368
175266
261815
896342
63623
503731
45665
314190
13210
66677
169851
416894
534929
1120354
76126
84477
254785
285869
607667
618513
930594
103218
955228
474271
816919
713950
43823
266404
388214
118788
220443
621100
349429
81836
192014
717532
356568
685759
737588
123837
172501
746446
814218
102697
136970
210561
88903
500972
870263
1058502
172687
51781
616813
25974
188089
340609
188751
654763
2896
893275
565154
26270
520956
945109
672802
105741
206030
241252
250893
593140
611817
688540
1068069
1079032
277668
583811
713991
1076545
120021
816458
20205
809359
208545
768888
671105
269610
250647
344412
248767
639591
125886
127625
433438
809803
31416
270823
866222
633228
477418
142011
77572
157135
289776
26909
786160
1083869
729496
9948
102300
550448
983653
30375
127345
7062
474327
180302
91684
267573
468908
624191
658993
1562
619587
219972
844750
259789
578349
229392
158516
52288
206898
783544
32562
636353
138603
201048
334265
139834
224552
474888
45501
184347
157964
159080
38741
269543
898856
476888
223491
336482
86527
449881
146595
407422
396309
493092
7148
48839
137560
827212
275120
261600
588878
621273
82504
163776
575818
70317
751889
43367
100422
580717
356551
131469
614698
232520
133637
341961
54971
858856
533307
264537
563067
1088829
608787
412439
188449
161429
367945
77216
957603
142750
451310
736429
554989
19650
29389
501137
272990
128618
943161
105089
22542
621411
64393
144854
191072
40252
344177
488430
68713
92594
739133
913796
50919
285071
1122183
290687
221409
582012
879269
609122
195145
241190
23417
50616
104460
14008
259533
396635
858399
1127649
346415
152922
829571
280668
290970
849060
881478
63032
131422
91885
327225
786091
396246
529573
117622
452952
130831
588544
51607
553792
492136
313820
148173
27281
896725
930993
742799
211289
253944
336532
155486
13607
33587
388402
132922
6831
692358
28813
221550
219319
298647
833353
251585
84305
159448
72143
144730
133564
254272
158523
4151
93435
147530
528027
9327
558977
207420
89749
807982
113110
596400
393521
518540
283552
592454
26755
121053
346934
398663
23291
645309
104438
539936
439113
31336
331876
27890
64530
559894
145343
108704
625108
138021
633812
684151
511324
118729
91567
95432
71256
326807
352924
394047
239823
384943
97775
151735
695124
2053
219604
115562
342740
298988
239684
512411
230642
230241
109158
13191
515531
81798
96482
147909
132871
263829
146238
54426
268272
553686
163143
450979
289446
960570
235819
212836
334556
120202
193971
275948
790913
323126
19662
386519
154070
433856
71628
275397
320731
263878
131370
113062
159518
273217
126304
77499
39273
653586
64218
68717
123077
457874
4049
33917
236399
178328
105068
617214
161220
334804
158569
75569
201996
394951
18981
177562
755038
109908
264469
403368
529146
237460
488396
92420
49906
1007381
340512
149692
10068
519524
61331
498896
359068
571564
816662
397253
191231
93968
19583
91049
1105234
145930
266242
623453
808901
7191
121023
175181
222149
273588
45432
510255
191813
348753
41806
149227
486741
800484
592634
58625
516191
75762
852496
653612
859185
140479
195862
55077
148262
139302
800677
632094
48115
465737
227055
71757
300420
179961
70147
56627
173918
496972
581723
607826
923326
139286
219250
348044
95575
584559
47691
483845
459492
348680
30832
97325
4964
136810
137797
343009
647012
134987
78151
150820
121634
722139
1734
774005
159386
648730
69911
325849
241244
41116
97646
58979
443633
119255
117972
63361
126026
4957
24994
154777
446303
58624
520142
185880
96185
14872
148089
485438
48777
76527
45582
96411
17956
92320
42546
142809
635331
21011
263387
250921
26870
448180
519739
578102
126292
498086
196940
389922
120001
283515
482877
280201
337028
72100
294768
189709
364258
497044
854946
1096907
321140
417535
17698
95758
145932
121588
68835
216321
382304
66504
95651
41255
83912
582603
303625
267792
444722
242038
508161
614728
611202
20177
103760
157430
101201
75831
385931
447417
293518
19529
292442
801539
30837
249500
331685
227727
6368
855184
264720
858141
338670
299196
65348
104255
259317
461375
247190
27284
651411
605684
146823
134551
927374
131496
5019
146529
100496
19352
477523
285608
256020
29337
18015
24309
1001688
261722
61137
517156
9206
101921
190756
37059
10151
64516
1100200
43249
120829
381135
387679
19626
358921
28326
133033
453435
578123
785618
16756
340838
61042
539354
62675
417750
28304
142059
145986
177426
195289
136962
164693
185989
146495
116341
456123
239264
94290
459396
30219
673290
244962
61929
196028
134826
46896
267229
153291
298691
204624
483053
84240
675824
21292
359767
543479
349309
719834
435252
134630
242202
361759
287549
205035
270622
701740
121644
58727
1005210
151082
325150
26237
256698
156925
443763
26001
121599
217093
91946
320370
316937
357369
149146
101189
332981
247808
100407
97055
6055
52937
551798
600572
29559
150411
28439
930497
469421
651463
301449
630590
286721
699060
263330
27511
229363
369846
195556
123218
256230
369546
419964
99289
210297
491850
269467
157885
522206
86780
190480
37920
319685
140600
101283
296968
21444
532584
239827
268997
957821
254979
480026
61267
149381
454059
221936
151863
697962
38622
158526
45612
7983
55135
60572
462480
196409
787874
4674
270929
7425
77243
660436
64871
54126
634769
61288
35013
158417
548615
698034
92013
132203
157974
21485
439215
228699
152237
351337
585593
354088
666386
500153
237246
348576
270803
139213
362528
237420
93943
53098
16822
160899
153784
828157
68966
76591
276323
28382
132497
504158
100432
54893
837308
13195
163969
611882
563762
201935
135400
112596
309463
145503
6507
50849
93957
71607
331402
209664
71836
200569
243979
95116
468505
871966
59766
23148
156180
408282
4643
277473
119450
147262
144818
557952
951694
125851
797465
889590
381952
161295
30277
139237
143532
77162
65821
208178
333937
772447
328060
1004150
56872
23123
257239
489689
247264
273241
357021
76755
1062158
51351
3738
218194
297007
118263
150687
888605
87714
1041718
47262
288549
498320
544856
655320
1010976
1119695
122637
311598
241242
464956
241872
726874
39237
491494
666180
631470
348885
117162
202364
218198
177668
56272
626365
659359
491996
22804
258514
492957
78352
482736
605264
763510
994027
323627
500414
697648
193520
986846
536745
103314
27006
868968
87001
612605
190901
256065
164089
59594
296386
891395
91245
318497
446848
208916
68718
99350
20936
645405
300391
157754
231922
21204
153430
221571
110124
191791
30341
48638
39690
222122
312532
318629
483182
201587
105951
552814
353539
224908
260417
242443
97122
48363
158591
215663
21436
486664
800563
880713
766332
382639
766996
152236
556389
78355
1084959
102630
745344
278646
671056
564856
664447
565981
878703
454263
828770
438644
567294
398242
21124
747832
183615
965726
30739
132109
6026
499841
310782
93360
290577
521559
75959
514717
384666
229236
609124
652979
1017897
134170
534433
78824
309737
145452
32124
345943
889044
201743
254392
195405
220561
916918
292136
388106
594222
1025748
839418
92530
258714
654448
152516
747558
307100
268945
87476
772474
263059
289952
335292
77315
299151
623780
881803
160958
96757
560081
3389
428245
66675
44555
368291
779785
873497
587914
78058
124948
163260
73882
270250
335541
394413
323113
43893
206107
325440
659314
1099913
619299
147139
92319
36508
446416
368451
251515
160303
179593
816954
683362
147832
122093
1275
69579
209588
322922
250855
362278
495788
5904
570694
545968
393066
911060
31845
254431
1128814
140517
30693
12970
715469
127404
301450
92723
635060
329674
740426
567902
244925
64571
145939
1053301
321508
595961
152568
632076
266582
388058
82858
738247
533807
120722
319332
463443
125955
476010
209549
688384
201396
212654
216843
74250
1076581
731361
578651
952530
12978
381587
487252
201564
626951
661460
572064
56528
1007497
92158
763525
469424
38189
336326
463328
723660
774221
82240
861768
447845
127606
444115
1081818
71662
644183
864695
866771
671207
199112
274367
209109
77270
1085884
291008
245165
71484
971989
327911
96315
139270
163633
339270
18904
116509
132962
816122
191733
210146
849367
125080
491877
9247
192644
715283
241967
243974
208619
149740
167572
147422
887976
16709
444407
135799
617894
65814
419973
191214
61714
624545
361841
26891
743892
636480
128134
43311
225726
954897
452446
17713
88441
180030
895277
71583
218164
158579
368637
468380
314537
138944
887003
83681
159354
192001
318076
348387
506922
560371
659098
659705
758307
846317
874733
1029824
539158
697423
1081326
491335
458270
26765
100045
132640
247002
369469
748012
295927
270268
10613
19554
69945
625345
187345
427585
153779
174998
443890
968264
712974
151882
645839
636825
1011233
446238
263859
102906
104313
576051
82166
899609
340868
639894
179883
628967
61513
920171
131559
27039
770979
51144
621877
93384
150966
120377
462914
611559
49926
156979
223489
230993
40979
847347
212423
476826
142283
102642
35272
574727
950934
529135
91509
266371
71612
16289
661631
446327
224895
280311
121419
606693
144702
329046
254669
345694
642266
180170
288199
542786
344899
466445
227488
155404
121241
263046
685494
157779
139208
595230
339451
144624
18031
45075
206826
235735
677659
767017
913455
1098955
110695
572665
570765
146667
243721
510569
68669
162636
56038
36544
78072
451358
46746
477184
254373
336995
732994
267095
242601
203123
380770
359468
177644
137650
85354
362867
259569
107945
39002
523106
601274
424469
89505
96300
462727
769954
177641
261025
573773
180656
620379
980995
49072
247625
345798
944459
239268
103947
255554
151679
462149
1133112
353831
766184
348810
209204
797672
72096
797073
963899
837474
877883
349387
267270
357629
220440
259724
512255
228887
680291
221649
147897
221930
271858
556630
878050
87654
573622
860350
880027
339281
64322
865818
47745
428085
355116
689157
200127
621878
116646
410707
389593
237751
602968
271532
21152
155892
133968
152885
112970
141311
603624
209593
27855
97884
467921
152716
148916
195561
4648
347845
121561
193967
492525
109607
779786
220887
386180
148699
247855
262940
149562
401020
401016
685495
163606
331057
71456
293761
482240
341001
547151
13942
468110
148713
313514
4241
297648
12416
222439
40594
93373
266465
280505
301176
172498
82229
145596
16803
266067
153852
458382
669642
294636
22942
300690
59862
102814
348299
771049
618076
239828
128405
578207
401524
63516
96794
734709
94587
99301
405928
521019
19817
84821
147860
496508
89469
445959
784264
339466
102836
630073
270903
20600
42502
49444
194048
37727
940
606029
309580
129647
19135
667696
855602
671668
104206
7555
400326
299440
334079
390143
492529
28015
75701
207258
290206
64290
71699
307107
140599
3363
161509
159429
34938
60032
593096
814380
50948
71910
106053
330915
149656
352818
230608
33821
129010
504843
91893
8600
35459
327038
192282
184653
4784
47461
152268
131067
435041
272602
630135
538774
28727
339053
512909
586163
48654
589222
150709
347312
61579
96736
337207
680434
293492
351355
219693
218019
534431
216504
642988
473603
868887
655068
1037222
150836
178225
157444
64263
285732
75740
669795
237187
265326
148244
110638
83225
95801
6826
771914
201035
202017
136488
216424
55364
58608
61184
51947
279113
418366
198161
102016
580995
681047
887006
382850
630314
103592
447574
68880
162467
215889
434584
598751
96857
336536
273013
94442
70052
110169
224866
490463
96749
207257
340790
258365
436099
96070
175033
249205
49472
74739
92241
53633
450952
44501
258757
478802
70257
348899
153040
227245
458764
69702
159714
53049
863443
494170
523670
74105
148433
689099
98385
94476
443124
344195
42993
140503
64369
263390
383728
269327
226415
555402
457146
476012
1080284
1130490
227856
121638
10493
692717
268892
717184
144926
756612
222746
588035
21692
126467
303734
632372
96425
470736
615573
61733
187525
42839
351862
16713
717435
237957
713653
497021
222061
568425
13737
925914
368950
145011
642239
7735
345884
28739
162128
403103
398869
201306
209348
164199
157777
55579
524222
794605
262259
116738
259235
264735
127436
635827
117596
662019
416545
21001
109254
259680
503660
73578
7086
76938
256374
309758
529712
164146
7053
93933
498894
560950
541238
340817
367639
36808
141264
320879
121749
119982
106248
67582
74693
98349
153359
309129
57944
3481
34710
35457
212359
773856
248445
505434
290346
927231
157581
717443
33847
507874
144303
1033
722141
247979
29135
95133
150975
74654
135001
20182
34423
700889
2464
280507
27400
632030
189661
256244
154223
938140
360637
47622
10251
242609
622359
124189
91984
146923
82246
152954
636227
66720
312963
419966
326981
13637
720136
158639
27355
540264
27458
100691
356045
145973
719259
192009
150567
94560
125942
318863
179884
416123
385977
65281
25335
249745
1061203
25468
259160
9200
104610
51151
532589
610349
296108
120539
633567
302036
269132
172678
249676
446157
418917
231591
585746
563770
49728
553382
390429
614909
494571
78169
120644
49527
100259
121631
783381
490443
581186
11793
327098
329593
401570
250081
193697
311326
215513
149291
451785
16957
83495
144280
55010
283382
92419
582510
746610
860343
610490
268820
120560
21497
114591
487918
160526
195428
395777
244912
292265
657207
822363
944543
711920
667330
352114
395594
97343
242619
195511
156833
26887
259226
54897
246294
144805
268582
583743
262345
209483
1010
607772
387108
159755
199542
440260
561480
577258
7408
348746
262886
91140
161422
150536
573219
257798
100682
299142
17709
121264
295042
606484
280796
274628
71561
567773
242389
157795
857268
282614
402178
331167
744732
163258
285610
91466
22812
172477
28142
418364
18339
856814
606608
389960
396126
254145
96004
14150
122088
232960
346602
237885
156621
64479
689732
160308
41151
299371
157621
543477
560207
20227
43722
224948
244821
320798
611954
473546
498372
149389
663924
980535
665902
62901
326328
123545
114619
307987
207765
22069
581853
103278
341703
309462
215336
129074
257700
584064
635591
97765
152739
18903
208424
353953
149719
139240
7728
765969
264144
327477
278625
209933
358940
462484
43506
1130821
464059
264426
11096
1105872
395017
754312
122344
929560
92114
278329
120603
726606
453959
478040
668375
734099
752757
997238
368847
71001
929384
21217
122773
143417
382388
538891
499937
223578
270334
31912
75947
103313
745431
381757
23251
550155
445567
609230
1072597
50784
94729
237031
483371
558766
28723
504118
180719
1118946
141283
224839
778498
143245
267508
1004798
779398
3290
31130
103056
227687
148899
99893
242279
593713
658192
75212
491860
122641
1022649
95733
717936
251969
185735
775260
346008
331099
680544
156122
239811
981918
277141
588918
191237
57987
245041
43117
372808
68366
74591
271584
398793
336161
233141
260847
30374
1051793
956926
180260
263100
359170
573469
187242
914592
20377
361711
996572
20216
150271
1091268
363411
974514
326422
832620
116191
437051
40055
876758
247896
733618
100595
204457
198886
349434
979599
114395
591967
191754
103132
250404
44757
921916
446688
22887
48795
56469
67581
84378
123158
163764
259565
297034
375371
389676
500193
514629
538894
568653
600662
623931
634026
635396
655817
692365
716408
737866
882943
929790
1013087
18501
95689
102473
125244
143590
574638
360392
271799
366036
247302
821198
269782
184901
816369
283183
91770
149626
241717
96947
102811
98222
218889
636190
155697
622396
466827
67639
1020331
67394
172661
401627
31405
522899
618755
331929
431291
1045411
443246
184013
4903
93672
9562
555309
383336
160571
209528
1089012
38927
475948
573213
54992
639713
188072
417668
424804
680269
730522
46900
71410
3432
131414
87098
199144
621147
778908
897566
999005
272002
640810
460115
436048
1068
71297
537149
275599
616353
419595
371306
170316
92821
722415
533798
645608
275322
475965
262295
388450
494162
562178
299203
37108
106257
396374
164722
356569
956045
253467
150233
265352
417234
250975
49644
183644
291400
298733
48626
17153
184054
170218
719853
221564
210476
156613
249802
948314
589416
575775
58609
659234
237313
492900
635577
512016
106494
734940
939717
254425
543034
195279
1110635
28404
641637
578287
882727
618134
38823
244567
441240
71475
268909
161214
800725
25953
473222
227367
912049
136372
664
112722
49585
140382
64438
841779
915279
667918
136415
512268
93940
216322
262817
239755
9111
30621
403034
691666
827893
420556
143078
145207
947459
237638
538899
532766
220673
812176
35004
208593
134832
878240
121079
831563
639954
706272
917332
20408
67097
912204
21539
91944
98395
41200
363008
92170
188569
526167
92287
551838
585666
19355
24706
664815
43615
655214
556201
278830
875472
97284
102170
52766
402556
456202
71616
985835
273733
566559
93608
711000
255949
343031
459122
92483
400966
114313
20535
96075
178488
570047
124130
355348
174810
211981
190640
61231
351340
93497
241966
282228
463344
1006868
19923
396250
521150
7007
154431
289048
178236
131312
684120
511776
474305
447418
152641
791092
286143
174974
920760
616599
852538
36082
982828
4447
160825
58236
437337
1036653
86997
751421
31447
455956
266117
293855
510803
326118
513999
100109
207799
830150
950342
92137
275294
913390
20296
23062
633291
466240
581549
604489
655693
791258
957207
1014425
1094377
157079
737839
207516
229083
256586
445744
157810
121629
148808
124378
569126
249315
722488
570020
44589
150412
70313
433502
280560
115105
204735
248788
629377
265384
455734
1071759
353740
258631
367700
794005
93600
455313
530189
76058
162325
130416
457300
92891
543546
28224
73958
35752
103792
28318
96568
836389
103452
1054122
841780
264757
913428
319822
90913
161018
276434
408107
988096
331916
576351
121963
654670
419968
587265
101850
261506
174752
475022
513470
450000
220214
262819
33877
338948
815676
139601
78937
521189
69077
238363
209493
808892
21925
160549
396127
161608
135144
629496
221055
360943
100772
83131
443903
432682
287713
558088
230719
781490
209936
285648
266395
614135
55601
317064
955671
3608
396467
49898
259947
523679
26477
8918
238089
635590
28931
167200
230965
20762
132648
91600
141478
146924
299540
74876
220880
718624
238766
79329
816258
607825
409068
161267
153273
342351
161829
274829
354958
75608
62939
149070
456951
116349
195728
14072
153426
345939
795780
269912
343274
189599
560241
58260
329363
865768
141552
259320
37634
174234
71339
148745
142837
496253
20793
353322
47644
493359
161288
96893
327638
99956
771428
235536
71129
364168
578532
331734
419453
949416
178440
19451
6788
139268
767176
26566
192396
483171
254488
689888
303348
388534
593543
898133
390693
518451
27777
101488
136396
418420
269890
471183
64493
122423
130092
125930
810890
91003
870025
418601
41142
257298
201980
673166
464394
643540
7090
52301
667480
101627
1043018
466990
140507
664688
1194
639899
92962
70200
71164
226458
61148
926940
996721
406764
711584
260775
271952
49662
71810
147159
201206
150939
227029
190909
262941
354970
120668
294349
94332
678437
103513
721669
534323
162262
153453
921159
93118
190639
95186
257396
681223
19374
444789
64171
42730
23328
13381
261503
32467
349277
474612
304947
63145
49864
94765
633604
53592
130218
201720
805729
99234
128127
312520
92551
146265
1668
98370
555393
336306
1027487
349572
145181
106252
487744
424026
783944
151001
76531
698557
64266
135933
95896
332060
268511
120651
171513
97290
28891
27282
985834
44724
67748
237253
836768
721530
66195
104377
221860
290822
353842
16913
55270
198300
6867
30853
400997
84907
239568
141269
220765
17396
499839
695197
385943
262126
95562
204633
229305
77339
563774
474087
335789
1154
838732
246115
671996
177809
160015
271119
34946
265268
26592
303803
39823
11496
464250
565818
263963
783668
208218
17352
1012845
587535
121251
389986
393510
121351
178417
134320
521766
1010238
238466
6861
263249
331486
162119
49455
301521
3091
276804
124461
91135
121697
258614
162100
218989
114158
341564
724
625938
196856
136930
96288
606307
141189
793343
108683
581551
142522
258872
901878
22826
285001
73584
91428
264754
102267
472699
216475
141556
362132
246839
30861
290213
776270
139673
29086
506849
4424
74561
472435
245274
206260
788511
242575
88985
384501
172339
546639
218832
479083
238031
592129
294598
135205
297675
582505
236481
95945
274197
157555
445605
453917
103372
239156
363859
289981
466355
146497
147434
115522
853650
157258
121015
566476
7072
19776
170401
97246
162175
261523
242058
507034
174184
155034
327016
314858
926256
236450
96386
583919
1090857
22895
699491
99486
153744
369056
149641
380795
102213
325341
269961
124822
83108
275760
79213
252761
362258
277040
268347
473985
558982
6392
24676
494169
156942
7588
35626
452051
353014
515515
154225
26170
150649
170221
565274
185896
240059
241293
869877
150333
608853
109976
27064
64207
70340
220401
239883
137310
24905
131177
47930
209078
140958
61591
90926
75277
229596
254428
51564
27291
76861
162249
496447
159119
152618
159993
583835
939992
120582
274434
771913
17291
19515
155431
180174
562953
635526
8751
100406
73919
586129
504129
71423
260624
184154
60547
399827
771997
566
162313
872243
346208
265978
281651
242073
21448
27301
623283
362666
37166
402569
247941
318661
258090
267887
92029
583211
219237
158153
343323
1073245
256680
1070502
436787
160375
496596
248269
221141
221170
206443
18034
857036
250580
1047908
314228
580789
800402
64786
271029
1033184
640876
253287
515991
219321
993963
28470
1034683
583183
906265
801058
44205
636096
534920
301781
451230
44487
983308
250959
521858
183873
1832
257795
13025
45095
54891
889572
70021
355545
1096391
201696
174088
202
165095
257868
770123
487855
48456
420142
122295
738549
281003
157960
447238
456917
18874
364646
118028
151911
325962
17121
606454
131088
101955
338927
60961
294491
133069
623286
1114462
888954
180366
87317
569402
593408
268756
775908
95383
277897
533237
449484
1018352
275756
253088
285386
101836
451303
334606
351892
550681
891428
202401
26767
751539
171611
235670
805278
456439
225564
33026
292163
135164
1070233
75961
20428
127305
186569
196763
996678
466302
448161
451536
451765
827202
159288
246343
273111
1053934
821111
275401
140436
474534
299645
339360
264824
40560
257099
434413
712216
839944
435134
2061
610882
77220
778348
68740
274581
131978
101591
475489
293723
39793
532580
25838
189057
102533
95812
104592
995199
61057
80170
121279
142124
70955
439752
528952
297205
580188
21182
174062
437468
472607
575976
351818
292393
144547
331179
435188
64206
530592
95825
120897
329185
72078
150038
143451
709431
553054
52190
208983
31131
397629
830839
1115236
69330
134491
46770
244572
54865
18929
259003
614183
381078
670477
2021
293178
497771
524233
92365
162914
22697
207693
944359
222720
840359
241003
95985
100039
149027
144983
869271
92640
133084
654844
476760
229826
38158
191061
276935
870343
1002129
1076544
808651
392292
432469
694264
267261
60957
262893
63620
443507
21880
476066
6236
50751
447049
983050
340984
598541
236560
67339
5512
43247
513098
221739
274257
103739
594108
208036
684163
290808
128194
251446
27946
187312
26293
50375
565970
222545
820400
566754
472069
792745
31325
340476
122956
642870
1112266
65871
348336
66628
931469
273034
260205
741981
255574
252809
102741
275613
163680
146545
580482
270123
661830
561644
247177
691670
237226
1036342
944897
37961
12304
227342
241965
61351
322292
618540
753645
1027939
1032862
1120768
108567
149390
483195
12360
334211
644587
580222
437452
262736
716636
528113
236669
127202
93811
164631
223012
390798
937492
49968
23692
263050
211676
735596
1117185
73763
288916
184008
261918
101197
505643
593280
204741
237952
483789
242899
605698
591478
122548
190842
300579
331385
3567
151637
622185
1034918
121161
1103827
344834
368823
353179
49543
900221
901505
58524
64234
659871
650927
160335
397082
242290
285738
66238
232530
627203
692939
72487
624895
591968
252799
722806
327047
13112
94851
331286
534423
471961
177735
916934
214233
671008
434966
286973
700343
266655
859734
605668
132014
716409
263768
58230
181108
174795
705946
878860
913677
501077
616405
105681
33985
148971
479325
134750
532560
272798
135824
937193
32295
508332
89768
915591
31111
61510
519634
22585
712234
390278
492973
621265
884489
939983
498970
908394
275496
634753
623721
359721
352548
221740
414669
842021
911522
164073
190881
157445
161111
411848
842753
222447
4737
352794
125977
1049322
785338
912194
820293
101724
319912
626214
263150
145352
787108
22768
781543
59977
253065
584303
29289
141095
542881
439884
8447
222010
352719
253040
247487
522682
397503
236647
279040
1108444
948021
1061645
853545
629447
151920
1026421
74759
1017481
267947
467576
245784
203275
20962
103191
694123
777048
189273
269053
150982
252621
180039
251645
554227
476855
76289
943996
282470
120601
995701
268457
325304
917693
294355
173105
257967
287784
532891
153179
946413
154865
180250
407156
485423
191116
258082
473476
836665
688549
570695
959693
296977
631932
22875
12736
120261
187557
618566
528419
94552
523630
952
255971
76777
824095
362269
910981
912020
922230
926579
39130
187520
195089
543150
617278
877710
1117759
144957
24618
230186
785546
58736
262848
591546
121221
946686
635997
737801
237618
447698
45699
419687
596700
290095
292157
505923
108563
156255
764977
470196
75378
506516
280875
138931
393685
15935
861756
94828
143227
696260
270644
479239
221422
7261
122922
37170
866065
53338
762957
103402
268049
70490
269268
18568
141193
1102173
465006
313825
1020718
221466
263062
156891
533809
155820
664167
113462
444798
190708
436812
236421
123735
866560
505570
69286
120078
286808
8385
451188
222431
694689
70970
382843
313807
396464
8031
212156
158496
174882
209969
150839
457463
533066
44433
125028
140793
3489
407404
561134
263558
259397
13463
393701
685497
63472
299482
106447
1238
204517
7910
229489
955337
471736
356043
191125
83522
348432
326350
123764
146416
201780
199731
294527
12634
497082
97294
531867
147039
238442
4573
450667
72007
272254
229828
697394
151043
75452
190641
566402
103396
163399
670755
92779
449615
21548
145486
30830
92485
508667
118534
474668
69514
687650
303347
488641
318790
216027
395121
26000
43425
105556
46914
95887
276532
269313
83616
450660
208557
651704
20000
246100
26563
1022357
144918
602084
134475
75299
447827
317791
21563
458277
393263
590115
85485
30199
314188
92824
72242
143819
831309
91364
793906
360289
99998
219959
351946
463047
387483
607134
64265
341880
354834
303770
343235
147322
56215
243242
640394
150249
108735
53675
904734
994861
151284
96031
431329
110741
23628
490186
62387
503748
240438
258849
253275
804638
43014
527891
148341
321499
222276
186641
239191
326045
258140
586151
105672
246273
1080854
467025
154030
408112
54908
59683
502672
302214
171516
220668
505630
890965
313607
348749
72000
274831
259695
172928
829746
227331
394008
91142
136803
331375
311812
541822
825530
277944
145981
73903
100546
446778
959536
791722
636301
20520
121258
581281
630535
80062
126050
153469
12314
47505
235794
256932
203098
2032
98065
442861
151577
105740
117849
462362
71314
431183
596666
855675
327761
493216
28421
64139
199601
454487
460060
22404
345305
268192
490445
137939
19845
282061
229608
239603
571525
289993
440162
1848
559244
213237
62984
358988
148176
830168
279928
96761
171461
348597
200935
323086
423855
279041
662883
658291
242136
92743
214218
49677
17915
191757
92312
195263
12627
45986
519633
247182
19377
334059
158307
255754
531098
459611
136354
260967
61894
253766
210148
455978
103977
325957
395173
6969
121302
808633
152007
161491
259727
337
162242
126149
678966
49909
352141
523275
370321
22564
646101
139351
248292
381768
196384
58987
152610
467033
5991
103644
142987
573193
247248
355907
36196
624604
478738
64728
318721
510227
396043
86344
244484
224853
161448
221703
299114
314841
150138
38074
483241
160306
407158
131012
913597
312848
33347
145520
160967
117697
22908
153537
76384
90394
510363
186918
658721
51687
331147
486505
229031
341593
1075779
689089
368799
96544
180162
510851
279269
83100
99786
183958
491964
108912
840199
629945
391629
74487
157150
88326
229023
430492
74452
870661
701705
257803
121526
71530
235421
98171
64327
140985
524293
206157
240618
132028
195661
178093
262918
346333
228612
150169
275816
254281
99752
469330
20129
179701
64837
71855
204964
82778
146290
764862
75820
255989
206466
139291
103588
398405
316257
214974
153068
150737
353543
260900
91198
129639
10406
658073
191719
630975
391486
65260
148344
479708
83905
224548
119921
1023841
1081102
331
145281
473226
463009
101901
286014
268881
513036
235378
161270
143778
24086
388398
29219
578122
125047
91505
618107
71914
224699
800978
240515
800778
129784
147436
71097
120025
350097
135197
116359
38922
102753
123049
96795
582080
64654
40368
689086
773016
492284
471206
118545
343862
9896
984136
95045
27279
223689
131409
154327
68527
286755
45165
606525
22007
286909
26587
255909
60707
265403
554087
128144
126101
233099
742823
120398
353607
64796
209366
344445
92165
616868
344303
347028
140574
649104
96656
56374
141941
178773
501050
473331
201417
349820
937381
160714
491222
163526
25455
153272
328277
152771
254232
348153
53023
537727
158534
428926
475858
134748
103558
455504
498795
207493
671614
244421
26861
139854
446813
355310
346647
74057
544612
780696
215546
157230
523567
214606
341912
585193
636119
25197
893952
463573
95071
172891
731633
556689
154264
844547
135538
293134
316965
392328
457581
935892
32931
414107
287419
671797
883844
465111
505493
58437
1033137
1070921
751662
247256
919325
518403
31308
141163
483748
450439
630580
356988
85483
237868
451486
514402
355985
102399
104396
111605
227499
587870
336636
1047125
227042
264314
472577
528856
456472
348321
36739
228532
326069
635956
482745
132845
239477
471773
99515
31013
30290
21338
79831
624422
834035
13830
180435
171377
637583
259211
605263
571541
1074393
902764
903620
61797
261830
300147
4765
7611
759207
372897
70085
967380
3627
142621
178092
961427
26621
26324
60938
776205
24027
67144
918939
1065000
138921
289502
533133
577429
396313
978228
163569
208133
264162
641281
731860
862395
1046110
34323
911900
852353
18274
253606
954911
1009803
661332
686338
153062
645429
26021
96403
571131
736443
398161
201998
327475
574561
722523
894395
634944
298458
71220
566409
581997
341966
155469
62870
10387
12717
161202
445557
149376
95708
274953
561517
299136
464730
642571
198025
298522
225359
695206
147344
588778
3880
36716
674199
661036
131042
33594
151930
158636
188388
201322
260009
322339
418578
830177
869522
924404
976577
995001
132544
104145
595140
953655
401001
25620
275931
467354
12664
1006343
212305
538506
339865
196234
212308
95951
254363
28215
317993
383124
210382
680377
414444
298975
657047
542896
172267
280661
323664
288155
604697
945180
64752
648941
295327
444332
639708
115337
401490
69354
364304
649123
192034
368841
698846
773001
931672
885712
100111
269312
153353
51571
58156
647640
803675
861317
478112
691855
264532
163714
668463
929777
25036
736170
634655
827636
580255
346020
242264
117368
654946
103236
103058
510978
197827
262551
395248
753916
229331
817512
45112
638393
636413
476453
69443
742594
517661
907914
260947
328458
398350
482901
636513
106462
532119
262591
690541
174823
322263
287121
399856
78735
225429
395752
578754
1063600
293759
544730
106029
565178
3777
238470
99455
634713
248260
455719
29235
911771
614621
151389
382847
543296
881687
53446
391494
321072
876597
39740
993523
162884
856692
166407
55822
359115
156607
242595
850086
857188
62736
291151
199602
298620
236764
26308
96471
221369
96637
479040
237035
163442
447840
822733
424812
279155
523433
653913
52125
309923
452192
154410
25226
456110
783425
666625
13342
674239
398416
245100
48941
716544
468121
102634
439892
382080
765010
657982
326576
484034
471174
26991
110322
94284
159621
505286
237883
193192
67830
327795
641725
911939
469183
884546
279578
398372
4554
406123
463607
255398
261733
13704
906624
109343
544931
261775
937729
59183
259133
433269
129714
632795
197
879015
248230
220727
314894
581537
145464
851400
433493
52922
189555
1130766
581608
60048
22696
137169
75888
138455
634745
712126
1874
261758
956891
475995
829799
972623
865354
141721
520905
472062
359804
642008
581614
155547
549333
85409
965021
12190
18839
30186
244537
92608
65437
42969
212953
703884
246444
75796
131111
180995
414141
593136
751751
1060166
430885
27082
532623
227551
141662
509453
131013
570418
134371
229396
108970
500069
226795
609481
277029
215969
925508
102415
1048525
648943
424408
785804
160147
321295
60115
67513
1098339
152274
52459
162721
623041
32782
198285
25126
362404
829454
43004
172496
4085
9607
31536
45855
51602
58728
64058
81469
91674
164225
257559
277918
424506
460752
479235
536524
544843
555948
665440
668902
683608
726674
733764
766276
772864
810057
830590
860456
884976
978139
1049258
1062655
1070219
1087444
110824
66506
86999
180563
179664
16623
445968
96158
93049
356007
490496
143979
268925
37603
335560
655021
341426
631054
619552
4182
1005735
737190
351440
242159
157778
435117
12915
241548
635058
396773
260681
141246
667231
492040
204954
174907
848999
542741
402353
23486
282431
260487
305005
187579
993798
264252
483580
631253
473249
522266
83058
132042
42299
115408
769641
882936
341472
370125
66854
611159
27169
96491
1062809
852511
277993
450475
151010
211237
335112
521875
31555
92380
868572
109398
317770
368939
253184
185874
443653
418068
47352
238826
133435
146064
389634
362334
125749
255127
92491
888202
174031
172974
355423
269577
596415
100967
495018
822396
631013
219361
210054
394963
6858
536282
135819
856695
150573
301247
140624
295902
22936
157367
532369
602342
79277
820193
96207
361246
331079
62773
71965
103116
91843
550669
154069
293135
26936
493595
64197
74494
275845
517735
488833
178634
132539
361497
62634
356075
271837
65625
156355
285520
94702
97485
802659
145334
28946
454495
528528
50001
326584
246649
249529
402014
262550
3186
88708
49400
95214
158387
391375
359732
26048
628480
1088441
23478
345068
259467
44581
27273
440359
699195
53160
532949
71050
20070
472976
630555
59913
102510
446242
74641
227855
225146
91097
102970
249768
303645
661504
92859
104132
44151
153727
153267
296789
92583
1062225
357610
624761
780258
97143
96030
532803
353145
125452
456447
299749
89286
861225
290671
283466
103341
919655
71471
82569
271795
156773
624928
185895
276708
1033445
520085
71245
575452
835356
853273
270223
217483
471205
191122
746944
229872
625897
628638
136083
92377
435471
671320
150641
602486
10194
10147
62650
218864
472080
11909
483758
1016478
634484
76296
394453
188345
349386
852507
824437
62922
161361
180879
306956
252318
753553
180346
92963
150858
457763
390456
26983
95066
51260
1027942
951462
398534
44944
71352
389064
250734
386600
82804
154303
345909
121140
537846
251581
27325
33530
48531
327990
9991
539365
251424
343540
23550
396128
565295
117907
287160
352912
188612
683
631254
76405
96599
493069
238687
448487
54807
456224
734731
64273
17717
252771
115364
344962
244883
783958
91957
602961
261520
135919
265116
199423
301796
27568
120237
482702
381074
534580
147826
230933
64726
43098
276459
459701
149827
71127
113985
62700
119485
513246
683576
1037868
239224
71931
68390
204533
861326
767849
100105
228463
524281
264455
258508
91472
150443
71545
250719
540332
125748
40264
188470
39744
267283
401175
218348
608960
96296
178738
529750
602372
198894
541689
48780
386426
240482
222338
19496
71827
95904
452081
100431
386837
210089
41561
64095
66434
152264
188554
95668
152023
118034
190367
145411
58265
452335
54987
855154
659900
111982
578541
5794
64451
200965
389867
116873
291274
405473
313837
137623
690
96289
935464
7092
9834
70827
45939
96908
97260
70785
594342
630020
201271
75034
20747
24731
987781
163139
129071
142216
71925
8496
10370
196385
71265
612607
261556
686491
96046
46216
247966
503310
391492
448109
94762
91882
655160
92582
455823
208078
319302
6888
446583
816231
191899
443229
164897
33
287345
75688
210606
565949
20138
232996
605672
651336
101408
418428
71793
227327
149116
394410
95157
89080
273924
331891
147079
152381
569940
465594
999205
71589
635564
460226
559711
72019
34717
329367
93103
229648
333640
149272
534343
440170
60086
117758
297348
246143
407451
139367
914157
659251
179685
104239
50342
664726
255119
8798
121793
236083
622518
636869
648511
134716
291288
52990
39940
216363
100648
150065
528748
153063
1090015
260760
147564
322174
112678
498855
513522
630551
464593
76049
18313
466777
362247
237236
590382
201821
253647
71920
96701
462260
4697
23172
341443
765659
632694
267007
102445
563335
265574
153277
274355
155817
147289
489861
522579
33409
71132
242201
400999
260463
85612
560844
13295
889334
636380
158252
410767
387582
416547
83843
610961
89732
101446
230617
293848
351201
659240
510503
880997
386471
29153
622673
67329
599682
610703
392039
261835
866345
158422
5572
32513
13455
94717
215651
598305
635616
641180
792989
28314
229433
600729
118188
1014581
50677
934476
794081
240087
206654
40185
276612
141585
62428
364549
102257
120467
152033
232552
596622
264521
468236
819965
30753
32056
644099
162891
1103536
78121
317822
684209
109492
158308
291087
147072
42936
919382
114488
340078
336985
31674
582058
814712
257154
38835
11786
3137
12653
91258
268232
508627
552756
663961
666169
759274
814224
843168
864055
1068556
1002834
591330
281335
448173
128227
530915
907637
262788
1116682
98332
826446
222591
163352
4285
764629
95122
751410
105711
448595
274892
939301
118648
100198
452708
44455
638632
575685
704377
104513
531645
535974
133803
949940
152574
160337
92224
125722
662544
1129567
22203
466853
521013
595161
94509
117131
235672
528111
634659
767762
458280
910222
64376
284700
683275
804209
46174
129553
516911
840503
59065
260914
218595
396254
38602
336419
58649
1052802
750004
1030923
454778
27743
719093
275035
312562
261579
806842
40559
640603
707463
308445
27445
723474
47744
189731
351494
137647
716386
644492
136438
13202
8086
74839
272573
100106
188497
544841
64359
306108
622266
632998
125468
477711
106558
179734
368478
346568
414139
58394
1100409
134632
625788
792005
79075
623223
473550
195621
381977
105742
242411
750810
134514
871513
467656
492505
626560
104070
135282
728810
269768
931156
767314
222481
120394
979987
628490
476284
21300
48567
299933
716506
112334
113848
361405
531389
285233
838683
94988
207342
839563
87799
171265
646003
364557
6202
323769
258351
52484
27616
231171
240273
310883
467743
95565
109244
52774
492309
290694
103703
77525
250557
221100
453724
4366
396284
94358
645154
532198
16600
909754
259531
492653
1009422
326849
523439
343308
144572
402289
299146
498206
758867
546640
281291
996018
50941
619283
1007450
284669
145333
4291
76922
592842
131883
455560
585609
792677
651113
598149
600319
325590
345028
628023
246290
296344
1095725
6214
554242
144192
155253
231142
131821
341853
71472
33949
136383
274384
238580
368316
966078
387482
328200
483112
63026
1018314
622399
72833
532374
127409
207536
492728
44229
348170
943048
47177
15302
49757
410923
529011
740501
885039
494614
315915
637172
1120919
83476
344524
227954
31264
100552
162396
566555
31103
141371
160760
189713
235415
250298
435601
459089
483093
668315
1039469
252896
135841
164364
74576
580609
880041
941898
597251
152801
926783
553008
283774
147610
690570
31328
111795
519659
1108099
268406
415489
123707
264172
1013211
651591
549711
941196
733402
489859
148066
868466
484865
733761
697506
157878
58583
119378
293452
543041
285458
293373
990777
1017801
938282
108534
178385
194274
258285
268486
814786
1133223
533337
1005927
430314
260971
162244
662211
259064
506670
743377
199564
65812
70284
29207
61897
46131
44535
246561
1115489
135657
938861
43958
141796
670340
220886
151625
214965
192281
573812
269952
150218
1030694
368904
344299
117754
151552
659158
152925
472980
22860
42245
299587
573762
803970
678080
543631
455712
980130
123243
744956
633516
105642
432488
272159
100351
218719
643952
900864
1041141
99755
273150
960294
657033
438794
355239
102722
397298
825592
92180
318800
975953
1090919
67022
1050753
451754
275612
560283
716995
381894
384362
988190
123692
7471
252890
651162
105906
636942
575862
131612
382793
263877
630328
1097332
678377
992865
416684
772920
837076
27466
210538
498796
572659
139919
456042
253622
291580
733688
131440
319646
453710
163530
160449
661344
417565
220528
350387
6869
830696
561225
25677
513055
317940
347038
243695
477010
204643
103001
236032
685020
712164
334063
269239
511880
279170
854662
991876
542744
663451
219657
473395
618640
32084
37857
3289
639695
176011
196984
210930
348378
551864
671106
830368
37869
100890
227269
231901
382407
494693
499828
595179
595193
605178
624174
739066
790695
830472
848159
923315
1035689
1129545
726101
240941
145584
246316
85238
465319
677791
157421
361889
773737
521731
69968
1007755
300539
43532
263915
74665
616800
212235
220150
388812
986366
626446
30612
281420
296587
23612
436239
783279
207519
320898
743744
181014
351879
999415
293809
468460
197794
154603
794790
967001
171376
58579
953697
447019
223496
935092
886075
201231
113764
88998
1009382
110145
339597
276575
97083
92696
402558
132037
180469
2115
147431
112707
71072
333866
104905
1105565
887350
94120
991967
406817
348070
714449
860051
145345
559050
72203
19577
175260
48779
571394
293127
263099
834664
726836
380993
118054
491453
219242
238680
212234
319430
54669
391519
26912
274868
344075
417132
325116
119518
580048
262202
1060425
101042
694139
52647
569939
94866
147914
268557
603034
263773
103302
329448
338872
25195
1009423
370220
344427
209775
61100
352298
207425
130130
455058
624369
606482
488568
138355
488820
4635
63900
309174
390266
100485
451686
975809
420140
492875
121280
231091
271047
97535
261519
908587
190559
755746
532447
869274
63915
357887
68432
13526
456283
104454
120658
232682
733433
842005
254659
58517
303631
95474
256079
123255
148525
748004
995358
60560
634351
317508
222008
105424
646677
788453
21070
771623
68817
1022568
592626
61333
562968
121602
287370
200760
101541
315771
204969
359704
75882
5114
146934
731473
185114
389580
274753
23876
120775
115628
252722
185758
122724
54499
244473
121572
635664
419451
241715
271007
364210
68832
398554
28048
642448
670655
146208
495121
344301
660540
398566
382717
152764
370093
583649
275222
9758
152196
390531
120373
445510
30768
273180
510103
1862
537703
311459
16639
329118
277310
810696
284403
43177
356514
76498
101438
117936
535518
135398
102691
95393
71155
284032
161035
27410
609936
774103
239088
39229
70890
64123
140761
269514
777276
70345
157349
129073
636826
84507
318479
3368
705574
616499
4301
551298
195394
147281
120528
950562
121208
133036
136242
141531
267898
279277
191399
71867
3490
101120
456021
381367
227858
607186
290420
33863
363546
125959
4391
71354
308184
216933
195184
103696
264084
231101
474206
59179
180266
45147
467199
17880
157140
352619
158365
153591
473088
258950
130994
493430
143021
236407
462562
689044
304845
558861
340912
644827
124479
28732
920799
449066
55485
147906
58509
149313
76553
308447
289154
21942
831146
655165
298249
20726
29128
120782
237307
52284
4777
290756
202644
35523
322151
668460
503632
444356
202159
204942
705199
513104
135690
17398
29532
198159
149564
39944
385818
865150
10995
253779
32910
432657
94368
124509
471136
121338
94674
123093
432472
470842
265907
525194
71499
635314
602986
25939
64298
147386
70993
210102
212861
470380
414609
159606
104287
361273
263555
118298
123996
121083
123730
648950
96936
144608
92322
101187
329159
879911
69517
141540
331621
710743
349421
98126
255176
569219
294783
1003960
97941
25924
627757
218922
229398
171315
677813
693172
64845
824624
136657
267407
1700
1003030
20702
338019
141027
685569
30346
657885
244365
871384
98204
1003409
675257
351797
161910
543357
27844
103070
614598
355424
34967
100438
96469
131022
151488
103068
61134
449753
195426
43229
468781
625399
134968
37911
120516
671366
138199
150206
336829
334882
59369
398607
244071
511850
153862
247722
96703
79532
222512
269793
283901
664271
95358
822265
841727
336157
240802
232178
337047
268014
514092
456464
6846
447607
239619
161487
91022
64506
237239
904491
121077
22349
135246
30795
2919
13429
552852
257560
123151
222731
595336
64546
82302
255376
262193
780093
91993
348693
631113
451382
950188
57965
120570
607678
60966
174921
630593
102641
186844
538837
6871
162238
172420
609839
300436
362608
114552
75559
455791
136551
147080
1013411
13141
434084
580029
289813
670484
1062863
445728
456290
712323
607384
140243
105777
1116773
186911
162645
25688
84075
175395
155400
437201
14073
159802
450159
186030
246539
563372
41960
907671
1092043
273133
429568
743348
79730
221712
318633
261612
208815
512292
467953
600762
670
44320
25303
308424
270670
23598
713034
23143
142536
106640
242350
171560
806650
26465
246555
505873
874041
419768
76222
111195
753582
2480
68005
252214
473999
560677
682820
1038648
188425
10128
812513
446842
462866
173124
974283
317111
229317
20965
1120714
91870
179596
1019416
363853
513450
631118
388872
177997
581088
264404
945715
222938
934705
449926
238173
271931
229452
423606
132451
309611
180322
452921
83663
506109
672730
120494
52293
550699
236720
929256
174028
11136
960787
876203
21685
688907
873148
506687
637242
208594
300517
70098
1043865
70101
414176
989684
260427
510716
105219
75773
994687
101802
61868
624552
102450
97758
72036
41197
44430
104727
162439
166919
175403
253488
293221
299342
322668
342465
361180
383738
426862
458589
469159
530483
530593
536769
558955
579084
625569
640675
679810
685681
712950
734990
740657
779290
786986
793932
812112
823295
839826
857866
891621
947008
949006
953895
965766
976614
988975
1034507
1041701
1054710
1064056
1071551
1082682
1102457
362257
529749
340343
40255
331577
7373
186526
24368
180097
254996
463246
265042
286811
287087
208083
573698
589953
626519
226368
134983
217321
257451
488778
815916
1001397
1003541
888156
450029
1067449
20477
266287
301090
464938
242508
134463
99781
91311
587351
361853
878122
995151
1041482
1029007
829195
12473
128413
240963
832067
13417
31660
43942
279991
1044171
830678
720583
190904
78723
419987
590398
359947
331574
195659
208267
42882
74499
817267
138533
207872
69536
609491
449002
615795
871149
54650
452730
103077
395705
126055
159338
334721
438913
55120
642025
694335
158038
1108440
829148
296022
564503
9488
386594
806294
541292
633770
817553
543141
282488
229508
243406
940813
239260
597345
44953
195594
105743
67328
29228
104424
13320
530864
440144
269278
106113
661501
360425
381061
431515
689246
157236
64713
89901
456947
23992
195753
452361
805881
528415
253169
316391
360598
335238
868658
687843
45181
573126
866191
650591
632122
149575
268822
237084
91728
1047158
274529
112162
97192
1091068
670605
94585
931520
7108
42595
1017117
323057
854572
616513
504781
159785
939323
422049
731196
42598
255474
642640
455220
1087407
368630
209641
389946
389262
518131
1038798
127675
584606
296008
120028
869955
297400
211407
434754
191308
102056
67971
1073899
129793
406953
1050761
670878
591651
892317
405992
435352
97403
295910
254015
317594
494167
548501
593789
856910
908319
974696
749183
328087
389703
359641
414673
24738
435517
24460
416157
199730
641803
264784
16732
178829
277403
207236
19595
608270
1132753
1129192
528471
280086
27920
237129
918345
136002
119683
635677
155128
28430
64632
433404
121191
207286
632773
62708
820764
765
642759
332045
470613
118612
342961
9162
709670
1055994
532421
52612
120545
448576
470805
354025
646571
469034
285934
262185
89836
617984
98303
406112
109200
196718
790855
39691
506222
13738
353806
758094
68844
152438
305053
450436
93755
843535
245098
83080
277572
523805
551721
209325
536459
994399
31423
241763
18966
148412
100938
839078
108698
74985
369566
155283
160970
112111
218414
206113
13182
229721
219046
283174
103219
204984
580102
867858
957699
1099679
857698
153349
278843
396618
682217
435313
135329
253664
599649
615426
115715
229589
109078
180644
260635
552978
4065
146968
158277
43601
30414
651187
419671
913301
74711
221112
239241
91748
1032036
229197
598309
649161
973899
51124
1042479
35154
84374
89226
131893
510534
819664
580815
192132
971047
805745
1074350
685721
164731
242005
266098
345129
466770
750603
690137
628083
773814
533380
988582
192331
47004
550956
72182
12521
591804
595665
738610
146104
381861
136648
186610
101238
292351
343536
510296
273853
389054
244898
553654
114277
103385
19404
89079
117484
458750
348320
70297
33054
197493
451383
928131
617022
133661
144528
36939
294465
134929
39011
912546
816269
23677
258560
452389
660923
221026
402888
843117
883350
331148
646570
496673
871548
68302
57850
585279
398701
141527
746753
207790
705730
787841
128239
419873
102806
355303
108182
143771
896606
668078
352228
362225
368998
407469
594403
29589
128899
134817
682827
463578
920183
160196
92065
959132
685620
227163
877271
2123
122166
270462
162058
101022
843289
121946
282873
510331
434215
592754
381791
433603
435147
419460
662600
275544
607246
408054
188403
95425
273925
215808
301885
494920
343393
156757
555780
9074
300719
148299
327485
505689
75432
888888
27878
950353
772929
2050
281720
229968
496853
446031
24794
685408
325308
120475
40080
686472
758862
331998
382858
4613
124465
231666
191389
580649
283634
596623
103933
533670
149602
299769
280340
147045
101930
230643
597192
561782
229585
348032
338189
117991
201584
75022
331674
118284
717189
666366
137368
435283
65267
386310
469829
237414
711007
125946
226763
536407
488364
52745
218787
101706
103612
96927
435044
485383
12520
46889
837712
272592
750244
895206
384458
262976
563884
12724
229328
58421
130273
236461
130922
101887
188380
293602
626716
613695
139469
514015
17259
141625
536405
311910
258168
19482
364463
75527
155510
450158
298790
359130
914205
250392
569495
1905
17829
293003
51745
191123
536712
121609
134755
50880
96187
434917
265239
93028
19904
424955
97313
209663
240041
20969
76050
21105
75398
31825
578312
614601
623040
19933
96431
885778
341428
97226
947659
773655
317828
221646
188013
170217
562355
444762
201722
218991
121038
207373
943630
226520
98416
121182
116976
237361
120609
221833
236060
150121
96902
241997
916613
136414
109963
150684
354187
350180
121723
131830
240210
95392
235496
282475
94959
514657
120653
218023
136731
239246
143743
386259
1001087
149856
904568
424409
136356
342856
565363
60297
728490
823545
196985
19521
684128
160282
270627
79568
994160
62693
613766
26670
199034
13895
114026
498655
718650
191434
468410
141762
64248
329324
291272
95180
221467
93440
159129
81459
188344
474498
496754
54894
293772
9080
1056749
342840
18507
120546
71186
159716
102368
606524
298850
737936
981573
230135
454484
319666
466716
493508
654820
100776
159055
1273
75290
238271
71876
821972
250590
56563
269170
637138
334665
246211
983013
573516
877693
20122
274435
646290
252817
97321
19477
40947
71436
154321
60948
275071
67059
659297
131456
116385
382584
43114
477822
472962
346594
11608
156959
435993
551294
98446
265989
616635
101176
92052
387555
159735
27192
563198
656818
157106
47657
38773
771808
23215
285428
18885
624126
468479
102394
604456
139386
95427
732668
136496
112330
96276
440202
147252
253535
69648
97070
225069
485910
51725
600858
257401
7711
528680
218766
46182
231543
129747
346377
668430
86106
202226
548437
131014
492647
61006
364698
466610
264025
150756
24564
51616
200031
20353
210484
4453
121365
56572
322364
251320
568815
192121
101667
277269
608196
488987
71488
78851
124024
534585
92403
711912
498771
349551
159774
251138
277041
56110
535541
451128
63147
65863
908977
143143
554451
30646
448241
523345
188321
850079
299598
20610
275056
874275
43053
258948
72038
59073
154485
153699
563079
247352
593585
5919
8162
232829
12854
70868
70334
146925
800709
477737
3291
89202
635853
135836
153072
101524
419875
49503
23238
238448
154437
417000
7068
69815
636485
569500
506534
579604
648196
1269
780742
588589
147876
523427
143720
48714
321309
483906
160194
121748
538478
78897
953242
573081
92301
154139
333626
220902
352591
191160
736737
17008
8053
50619
319831
24449
131205
163171
145867
632394
398102
84076
41185
123103
66510
135211
244361
98331
242131
97033
802360
489151
131057
29270
121341
17953
1029006
239425
151573
330634
876254
629567
61219
344189
231135
154146
924555
587418
139165
97050
532384
263739
306306
259568
344525
603258
120738
199070
933134
172144
218981
20005
972903
31437
476216
48897
731371
339304
897288
15573
1087936
796719
475194
185813
475407
759566
75923
101035
83545
543264
96052
598108
482791
381046
102990
612592
779533
141225
837616
797593
122918
273610
58257
494809
726376
882130
103889
264662
257409
268587
196971
894555
274429
453349
55275
941118
237999
188358
46156
184802
436383
451032
70494
570337
45720
572618
275857
292605
1025061
261780
518562
460181
110841
173132
180427
206475
61086
615450
771720
46366
878570
634819
42811
49791
110642
512494
569225
979586
636010
79152
206603
618223
917552
141696
937280
820220
160727
984586
971506
268886
562356
258987
357291
43150
139383
644135
40018
228667
1006484
751425
178506
1084905
4503
255888
67178
843089
103578
1070083
224525
386052
833812
862951
733871
387993
432471
658186
145356
261275
268236
329239
353739
363976
439808
454307
543261
633940
738765
1019894
946497
455499
335147
76348
751413
743419
996129
987245
267756
151247
26115
79414
714911
317915
363982
905269
396615
190487
118182
295523
241695
962300
119206
646997
1034282
178833
261094
656492
327844
94606
828435
36402
914586
297407
865061
331041
956539
201274
3708
103625
511333
844527
940079
306302
268931
226021
152481
1056415
877989
204459
750785
498124
139349
120641
388819
133008
73133
587953
903770
248218
641169
249505
159247
348123
222707
81986
64362
224404
79330
221751
26095
489200
21305
102435
655266
335750
427638
583163
100884
510147
463527
119151
207816
356444
743124
155741
455329
81453
302240
803152
226092
88328
558019
681750
200244
463639
384443
504891
239280
329544
123268
1118736
439300
544755
148905
217673
242134
218140
692973
341059
107266
901349
1065936
471596
1105907
511283
20258
368239
143940
294657
83119
648892
105470
389609
102955
153321
217223
391611
83501
299668
304991
174396
101051
318820
77024
178380
69954
739837
492037
600296
185815
755668
156608
680939
228777
317801
99562
95558
144798
170200
172662
805147
393833
933302
844510
174802
23699
266202
139494
853688
231697
67868
502853
139831
684824
101545
26062
648331
827477
468094
828364
50332
485615
191213
265146
4367
163366
1026269
1069552
389915
24752
318892
210858
949464
294411
113342
147091
477316
4895
199075
393150
265142
591491
105394
645176
228583
251194
521960
506982
980210
441408
155065
438841
163161
207603
944637
154375
487994
521576
339959
1107254
367743
219943
590387
688668
30945
68914
222514
232274
246236
363714
608306
12463
198813
232709
262881
360652
389092
340557
223498
97641
6952
273088
389767
164306
195126
11199
438140
635812
862709
119887
446841
576294
198145
1099999
228434
739905
737602
26923
264208
629143
1113899
1132097
1132360
43215
471555
893098
897227
79395
217123
290635
417701
828212
947435
972083
976730
988278
1044331
104227
49318
762811
221678
119154
974989
262542
674771
154462
634918
91570
754063
255702
262837
847321
568115
11772
125250
317912
22178
132848
93280
663608
595208
97678
128615
209774
296447
773514
293252
188693
220253
1026303
95018
273593
128604
875799
754274
329247
95995
732576
19323
26253
1041640
159347
256909
30121
167304
1077114
117810
156656
158840
208466
70674
3347
83130
24365
257209
964526
245039
968365
610147
417024
148489
33616
450795
750618
261913
1112772
854349
143289
913374
49402
493853
344169
286743
624771
270369
522279
965178
261477
575884
363954
23862
192392
989873
683489
267362
1995
1112616
275303
122581
573794
603998
270514
164983
884860
950400
957030
357637
26701
230951
915749
611764
124169
13638
31542
765941
543096
9623
253363
175857
76923
940102
1041989
629115
606324
90703
960722
4741
606134
347296
449074
899673
79599
146960
131793
453791
140214
299118
628713
456238
431344
580917
673391
1016017
647609
822167
914625
863862
151642
470972
305006
262349
261985
100768
447948
1082219
762511
68643
145447
258961
351604
233205
555183
34117
122707
2574
667305
341107
768827
254687
522578
186636
360203
645895
730810
23106
657418
210723
57868
83756
770802
107965
393264
218490
113853
874421
96673
771083
456297
278321
266546
1079210
180397
242457
294806
1054247
334748
880373
158055
590815
46307
35164
139245
218424
148553
259729
70632
665157
10622
628613
115095
431417
43983
592468
508276
765266
824
164982
241023
643577
20025
24703
43178
104542
136035
107211
221654
101463
769067
100193
305010
528958
619551
636470
259137
271873
179710
146699
85531
396528
957670
1077336
389447
897654
92350
569111
629731
78081
625763
636525
82378
92701
38418
77180
401939
134355
143290
434243
507848
253951
136847
149823
531022
348824
157438
239678
401615
491647
559521
257821
69035
74616
95435
625898
253703
273299
50676
2152
32511
141219
398066
450203
382932
554500
891985
313616
40980
308433
389163
273042
280037
914950
477212
150538
392222
530840
914115
98294
287702
10148
339983
177648
359863
143705
145857
722145
101991
327789
680468
270844
97037
513102
241395
104221
179662
72828
1021
615885
357598
287648
439660
477599
297693
77217
106245
436882
137599
95935
237318
71331
362541
146642
24019
92326
260666
1006741
132172
487340
61718
950771
451158
777932
1015507
528961
127743
51740
40424
627110
497436
95340
195375
363979
146270
4314
8934
18401
141002
85462
743165
170204
232317
319717
223570
71817
680231
472257
336012
75464
80229
139271
141609
6809
673283
97200
136013
362085
125936
18397
255128
1340
136578
277981
327545
793571
355153
657421
510239
492518
147842
439217
517079
264064
638471
851798
133596
518072
115255
334085
148505
336350
231073
446532
68926
487522
258533
347095
235438
296945
299422
96887
327401
8267
329119
120723
970297
28702
73389
97147
41767
94519
934219
359912
305647
541225
335764
146983
65253
265119
30352
163594
142967
651089
162390
201302
92360
701733
668800
533308
462471
285496
230238
198066
4602
267943
431617
94329
292501
129737
261424
95304
816585
104101
149038
10480
465385
124961
336761
355570
19347
941999
1105260
730237
138900
538931
259445
62651
149668
901764
191324
812407
483115
255353
336179
350296
521524
207509
170155
40901
127410
20468
696302
1032022
459616
69703
351743
549009
96949
58250
202046
154824
221898
263025
520200
82018
92172
814427
320556
121124
50702
397096
153431
218853
240180
19439
248591
381733
523589
1026267
76099
841798
129662
325726
509949
142269
134738
271573
78277
120847
26677
828437
242266
663538
8250
124941
319580
58385
877276
262533
138911
197320
195458
190385
299597
400043
97341
297574
49912
156602
139206
541816
221921
331918
157348
287127
241542
355735
392799
238934
17017
104005
29151
275586
274406
262470
663537
516091
280432
93184
307956
648622
641387
327367
151069
27609
222182
470740
431815
197604
598185
51020
259132
244523
336825
147456
15691
202860
222639
299590
844067
46999
281034
139298
40525
141561
13428
69912
544759
268737
79078
143836
298756
1123081
255305
243099
651448
98048
320887
247389
297412
81205
218026
571158
43582
285481
225430
124962
92159
156332
219287
742954
146556
394441
532904
152698
255798
653975
447987
482795
269574
100745
139720
586791
96476
315301
387351
236958
75814
447998
82355
432486
47638
96849
138357
529616
59553
328
189054
174854
152963
613489
141664
325197
426765
885798
569957
1428
137325
170956
733873
43297
83723
447624
247113
105795
477738
442845
888318
146816
697968
537083
563371
69006
141881
102099
139088
568382
96970
269266
733456
786202
275246
270964
240392
587929
267161
464972
323006
292007
361940
40409
544999
390222
71312
132638
878666
96803
395867
621384
64545
346441
163508
353914
249881
229266
294521
537184
447255
346346
644106
189083
456765
1020175
600922
228674
160413
188483
533295
170157
660132
67984
368623
125891
765244
301760
591726
428887
195412
911058
720223
250828
762975
446271
401864
685868
179679
599257
294211
500318
999360
69983
329184
150679
565165
106626
246276
222273
269875
155074
63181
71213
498746
8016
220157
327320
533621
102855
292182
207408
228923
935
408266
1029215
391517
106100
78648
304949
636875
976379
170125
753919
642172
242857
538668
623100
171395
317658
435416
180274
586144
538771
7701
354188
30730
836662
466733
26195
274238
794758
730532
994500
430361
492432
125236
275796
167517
509947
463621
963871
24366
245976
91406
163154
355528
62520
207722
348238
330964
112692
13140
369406
175136
336618
114105
124730
915066
226199
652676
2139
767836
272908
291314
613377
270777
732567
368905
37060
45795
257462
289678
66842
107486
832581
142481
75774
475749
31864
322081
919811
393107
66638
926794
231566
319815
141273
566766
817106
452132
257109
624553
906759
60769
1110779
627484
309792
238081
562306
482444
46913
561395
239422
497260
667450
883378
8078
702548
874281
120162
146188
277009
75259
859356
338135
27263
83093
32554
26864
322112
3919
147846
1120984
641338
359617
686887
919764
145829
960479
151803
483571
83136
644543
733685
241977
95566
704691
251644
261747
115111
389699
38344
146910
21471
243098
350618
973087
240440
958086
529452
180027
89205
14185
50125
96882
254314
312077
321540
401887
455938
465579
577243
577496
580084
790936
804287
866029
902710
964936
648468
32222
626750
521628
91108
270372
113667
224912
915779
273421
450296
250944
788166
308139
45103
1007228
331345
791794
253759
739738
907883
1054124
711708
870199
292771
464076
47248
622283
257826
880995
513248
331384
361519
258586
414668
237476
583959
787793
698310
728027
657434
151128
250507
522126
199593
85011
86422
857726
79590
352186
85588
286343
269978
636412
657062
232654
449528
537206
357243
218331
331095
317633
717624
475494
655421
558371
135041
563516
796867
673173
339538
462693
22342
81951
117441
13023
246568
499954
79418
688434
1107253
93085
850866
157558
382837
770997
1046256
892675
610693
387660
177934
232619
254065
629881
318505
289244
857913
12458
328385
164151
1034018
713818
115606
414504
71034
564553
190376
99161
841947
25752
190611
256236
621102
247293
625644
743192
71101
960449
238270
576297
348042
369235
14226
646286
283455
98305
4096
145677
386458
67034
580433
189595
294236
226087
92477
39952
1124938
348385
503605
157375
645145
917113
67450
110757
280564
10301
72613
147244
65558
576106
45995
70324
906443
934541
625313
124495
783873
432033
108677
897527
45510
243690
78423
276360
24501
524288
571128
335171
64607
892194
512021
261668
773427
149980
1067622
97303
51269
606293
164652
240487
532323
681300
230600
614227
103355
199550
236860
74952
276486
1018734
148887
12606
534601
253273
160937
180119
634488
261182
353675
22877
794807
80771
27612
11860
484358
863780
292725
136016
956209
563780
680405
1056394
1113230
1082386
14836
519678
865127
915636
921314
1003307
1040433
1054637
945411
65784
237298
58031
598221
762937
730295
25037
826028
730310
29184
788350
51317
30925
685745
64601
22025
206008
209249
356431
683256
479661
152956
10576
29621
22923
145047
11102
351218
474778
747166
254946
204919
464865
151490
446070
532628
507846
291036
117605
618578
662325
669830
897609
1047941
1074742
1104865
230087
824744
941715
1059636
1106151
27984
20674
264705
254123
259938
102030
26393
267271
271735
584427
924307
71904
33536
684422
295881
532204
155703
450831
268397
395180
403906
23801
117374
141644
276576
318684
351072
448684
938905
170253
574893
1074993
341450
331855
523291
97547
170048
150806
580434
1839
60920
91834
612059
27370
867118
37064
248314
261432
774281
1050068
419251
34003
873427
747994
238833
170053
139594
367735
554421
589082
188389
237924
474059
874604
470414
155108
1025765
404828
227773
301252
227609
450555
273412
507881
326967
403045
530530
51048
267104
507301
402552
211265
120408
126246
11154
545674
94406
364417
557995
609537
357322
237329
769410
458010
458829
614999
864349
401454
777394
146742
50198
477332
635952
179732
259042
320827
280840
97312
77155
628929
214914
146644
70125
985509
157726
154831
100928
44518
494554
184221
209365
642368
245989
350036
177688
1082302
750269
3444
805512
216352
523788
510315
276131
401978
519728
588386
95320
260620
26495
570288
625427
152797
599581
109300
591170
508208
570591
224243
1090884
143530
260655
1498
632835
598986
470802
565260
1001590
32787
631056
8209
21355
172680
654188
352093
419523
1010237
1113111
794588
267813
43957
13082
939654
1089241
340238
455692
323105
61020
150938
75642
31021
188547
435118
351373
348476
219232
621171
224067
468071
250517
43923
89702
86781
112505
67897
533296
472578
565358
28860
438084
144687
390224
101969
160025
368572
547402
582057
148267
144817
222635
805766
428897
398848
743166
200151
615914
587916
147277
140146
92261
136375
758633
769940
694131
503785
120827
258740
195411
510686
224632
113096
225036
631467
848197
224566
329507
292189
64195
218586
889763
12819
24220
191736
419669
1049101
54722
41203
296571
805555
151852
723899
789031
537935
654093
147460
1016018
1084481
134752
211022
342458
638058
919269
931723
1751
143801
333834
227937
332159
703682
503422
288580
96856
926309
143711
133884
525882
440226
265981
756702
507746
286737
388486
252018
4178
3351
61260
348572
612708
204609
682370
706355
370141
498843
36594
58293
69515
532900
452428
27083
354708
611588
494997
63158
333927
105848
406781
64521
101680
198051
272308
195321
642818
27771
929143
33941
130976
609542
534878
23171
228549
126017
347027
395625
146258
42802
178282
222087
478066
518070
554524
4075
909956
297985
292773
562775
362443
39961
918669
71141
942975
381063
161875
51767
297503
64489
388060
259810
410237
447191
63088
261489
601299
877546
396774
142306
157571
351517
48736
251426
61397
174860
136869
52373
53909
395000
152934
147916
50667
450340
524402
699036
95593
1020975
204639
494627
336412
277011
348740
133313
221093
853228
682786
418365
1097759
398602
131026
340192
149395
292909
134939
287706
97047
749448
132369
669109
189891
730298
101506
95329
322021
1029958
229623
95698
26589
128471
285528
475401
485043
749629
673808
362104
226530
672798
260167
650438
37600
504136
139456
92795
264774
110203
177567
102093
41
69423
276336
882158
138902
612609
101623
573221
290440
94803
353025
429769
464579
157030
206884
669325
63901
997901
435130
503550
2446
368082
60096
499005
43457
155050
26897
75715
195968
194057
105332
260737
66414
10105
698777
532828
144837
237360
584805
141241
19562
583209
395785
247406
621675
537777
469458
255066
41688
184232
468284
62929
26879
499206
975295
242466
129762
584095
35420
183801
43186
174250
299204
303621
1972
16789
110697
295648
3986
64258
65056
102034
144071
381569
75873
343121
113963
747552
95762
198637
4925
326724
26672
654092
136450
64671
457985
92753
121314
180645
25980
469705
64803
125067
343404
64499
585280
398175
239676
671150
477598
516182
449205
459856
150891
788227
134677
331953
500561
789663
647783
334932
146267
109360
364151
656471
164851
252853
19379
244977
92032
329088
94129
250728
395511
519467
322079
120610
75264
98317
585165
203168
718079
25062
770780
235999
892622
677461
491
843883
602887
206315
187287
884846
445596
312074
136469
99978
71611
241357
936104
149617
634464
15059
193415
69784
470139
1502
51776
393025
352630
257807
305009
632306
24246
129624
292286
29055
265190
673227
173153
178079
170490
493134
48784
806239
543475
586826
270990
562479
97480
335225
207811
523098
533811
59131
1001360
218150
726283
454705
800454
20521
792097
436476
95978
199
344146
121856
139236
573692
349737
505612
257514
131096
276330
591798
149825
360779
309743
100337
631432
140895
157107
251165
187354
196379
105115
1722
621723
496586
27058
189375
329419
101410
54859
96646
161454
143884
135320
232965
94644
170220
102488
61248
585910
336443
179808
772206
331850
900646
121982
25041
266210
161
505977
1086490
626333
323347
622223
76343
98463
465104
22646
59200
83072
496740
25125
48387
60351
526084
390424
334719
261471
144660
584404
335856
450205
331665
453600
377195
277562
242282
26332
162643
63517
21516
713608
237305
12983
126042
595100
472547
298778
574524
400238
418049
54782
451384
273422
53029
262580
129634
462405
713560
186939
135874
933037
263857
117699
236335
503572
153707
822889
134882
251193
260810
32445
1099761
871243
251318
615194
431140
294974
6404
368648
265621
195868
617683
26142
615779
317667
356116
121403
135112
939754
382538
46138
812080
64172
170154
204986
973248
95488
118547
843585
215108
414228
485303
121838
604870
264758
479086
79217
402282
44136
356675
400049
466695
632741
7994
56106
146733
482128
529021
579093
831768
861204
997252
1009176
1094637
634373
788360
346636
192190
852061
116850
285493
2076
92439
253242
263204
300662
447726
752437
827918
853679
871711
1003391
1067853
37582
436487
842696
292198
70292
277743
722737
333446
10938
1130038
131947
494948
142503
1095547
1088372
104967
30610
219812
718768
149203
98818
203114
381873
520819
663408
844491
84720
632868
274154
95721
95128
741825
584812
101797
112593
7725
726046
841199
180625
451066
641025
216044
578881
805393
58221
61752
158179
141412
522455
546130
265269
210965
433393
32386
498557
623830
273941
430841
738144
790755
95943
186567
144787
650429
249533
218788
355527
945567
344802
323578
257267
39947
356088
239763
939210
151228
128795
5767
1043525
565188
255757
591053
1108430
297069
130223
570196
710
2465
2638
6336
21059
22775
25496
40631
71405
95979
102347
105323
114977
124109
127763
144017
149960
150539
174743
183618
196250
220905
220958
300312
343237
367683
451962
455899
467204
473743
483074
497631
504893
511771
519809
526103
529892
531628
603178
607124
611140
617122
624813
630633
640941
640997
650316
654767
679424
686154
692985
722947
766039
766056
772390
776357
814335
889004
911047
912193
950196
972530
1007677
1043169
1077094
690474
1061318
848650
85516
155647
516186
23277
574483
81479
148042
538078
237294
636172
482220
55383
195563
30918
128644
570714
804359
524080
445777
152285
349964
158936
22379
99163
228588
196995
221548
43193
622424
146928
914248
483544
451653
999429
335097
544995
18900
737477
496319
42174
26236
318059
132803
218436
1108460
48217
147976
249402
298602
655861
738888
843036
920987
1102048
55983
628307
1081973
201552
589092
95475
112688
64927
1077321
292068
71704
505577
241405
629241
329128
719121
262624
177944
124555
270689
870820
210313
575474
353862
99045
507819
252252
251213
867970
125078
491919
7576
29218
605356
85168
583357
157032
18318
364852
646497
488300
96057
975916
160909
25891
335491
1121273
247209
207778
184949
2406
351905
837091
450963
531989
944755
769807
852683
511035
163056
476469
637528
1087534
921632
368459
610724
89131
51420
499491
14230
982518
1127148
456016
59278
388919
889845
435319
565330
26620
435412
747557
175148
148228
646647
195996
1014795
329609
1057013
474642
350004
430288
39826
738120
666241
348940
161289
27371
207451
394727
178850
191944
327778
104527
365841
686614
580514
117708
295673
728545
348256
328429
179836
449315
513062
90982
64313
113647
614130
245411
124689
127142
488296
865826
662381
118285
626863
150859
159450
977970
662464
257248
121163
72206
145427
57870
58070
523791
130094
578697
77675
14730
174856
462982
834338
950954
956929
969281
598361
159595
1109482
67544
731884
1065713
574482
20013
218249
517616
191252
164344
565783
31710
183968
517750
118849
219564
824003
1115439
370111
125680
221729
850715
639205
232990
317842
987831
100915
214242
352578
369586
398239
914742
435946
7742
446606
6045
599424
752675
893218
188278
883281
249218
901147
752218
1116753
785699
961078
265718
163923
50528
240884
926445
1083856
120618
333705
292587
253284
429476
601353
801002
83620
788457
908116
355120
249630
759083
593464
722831
20023
391610
986898
446585
1024790
552798
588777
436886
148393
645712
832965
56235
157719
21671
128581
129064
733902
184972
40412
144007
145862
445444
531741
684018
820012
337287
95381
20481
389494
562635
467598
348038
1061374
249010
276593
496907
279044
644180
237308
43199
1372
190576
217581
188418
580333
600273
612905
745443
869959
489011
109139
689641
199008
251108
209537
127791
123050
262172
572709
277788
929499
533899
389594
195049
1053486
625143
47427
474252
339519
820776
212211
646380
261453
832656
328363
1030028
99925
953117
246494
113439
685055
573026
765235
274414
154282
127366
237076
44113
174314
532350
549449
349878
395649
151519
770730
443044
117449
724044
42765
45709
189331
466741
267680
823329
193525
1097760
634084
155224
260738
589920
242281
466814
205452
245932
201428
859231
938770
24604
92750
148834
130938
934991
87844
894477
178853
837039
64583
510826
359321
238497
445778
466631
1087756
11885
385556
46184
213469
116303
256922
71358
67129
215896
272218
530653
546127
656983
497313
259162
65792
2130
287009
1032132
287558
143450
287329
352074
357507
322113
239898
338118
446190
339296
152938
81859
8667
151446
255237
320564
553487
186001
150098
99778
128199
32053
56395
453595
192119
922518
31495
96246
115614
614313
236047
402280
566549
180259
731885
280986
95567
128630
89096
71172
401566
506595
55067
600576
335765
335857
64756
146541
59129
450033
265323
530337
526105
236945
519974
536761
992097
150215
204537
343289
269397
266083
468903
346580
155048
135306
303805
179696
681748
26390
71301
100740
28045
129731
96297
502864
332140
615002
1048870
33864
177980
115481
295186
309614
506591
135590
947938
230596
422223
364474
148885
190634
725971
3047
221034
246630
331038
325741
216277
285066
448498
517410
8023
328151
135891
539810
17064
157224
201763
4014
708544
120056
154024
163052
26132
222000
297664
359533
679258
130889
587915
510878
94327
435139
32208
465989
819967
157332
121067
346040
136863
64667
268880
240812
254409
272901
17800
322074
4849
281459
327594
195392
61290
345901
613660
157038
986511
160302
103104
235979
420238
280362
332141
108935
766687
155620
84223
498788
86791
868051
245703
533107
4715
139250
320875
560820
159632
26688
406718
364419
533014
29117
463577
69810
135057
505995
923839
247305
95573
296643
69907
299781
274673
134809
117035
357561
227033
65802
498437
730387
352970
97310
59022
92983
178447
230787
299190
25829
697511
206891
712888
843867
730112
529696
256950
436900
333148
233170
147485
178784
159932
26671
81245
787789
103331
925425
59507
857216
1082611
576054
653889
745381
460072
8370
209072
103345
476672
770576
127095
70341
388304
18006
599928
68843
325681
117437
76998
156908
682195
162255
882581
254203
872674
153406
263736
130208
847352
97243
331489
229642
327688
975267
222209
100475
163048
981276
273259
381040
393990
586192
262130
102062
299167
347308
446087
139803
287218
248961
526164
70861
127712
84647
594152
160178
139365
500071
599396
222474
86921
380984
322095
352888
130981
537594
719254
158121
94981
38271
102590
389277
742804
711391
225272
364467
152425
47812
500
132869
79362
229954
145507
593066
529674
446591
139121
101932
212321
43121
159007
294329
91850
30745
637349
730297
51773
823948
386828
236866
60159
180949
262509
142281
467512
93598
146967
645031
343214
640393
260539
265999
152292
905567
135889
449979
260825
621391
117575
492790
510203
18185
62662
329057
654453
484102
303605
104354
220390
997900
589701
9114
110716
228733
12568
258093
299484
141629
866460
506860
146813
475717
1014794
216704
71200
100454
275045
528582
114050
479144
538780
826194
319671
611483
636146
135362
91739
96934
241441
250695
773938
22284
141702
497013
698984
285784
584226
228496
139323
331515
40024
631970
143796
636883
71124
87384
188674
214283
241417
259510
267118
360872
381266
420058
449359
510818
548090
586755
623300
627869
671481
691725
728436
728459
732431
733332
747819
769326
801276
848433
867199
903531
905897
949787
956545
968598
1127165
1119955
900409
337067
47410
255367
681249
54667
263900
147165
7678
614052
1051185
128847
349596
513502
1022215
132209
102360
200138
451136
95230
390193
3611
136908
749112
65039
155794
103481
191599
861804
270942
606895
227770
110688
820471
199569
199079
229354
229204
35361
472411
46855
532590
231054
233010
740238
41164
131835
715090
180284
448274
287208
145504
137675
670744
236035
568655
40471
726
393253
868187
142116
746609
628227
239852
115566
893547
79443
578280
112953
292810
168467
149067
54955
293735
1113958
951429
563473
319262
365957
329411
498140
627308
19293
242947
224887
223320
98693
697117
91240
49732
830248
821976
3563
162684
899455
1041262
635303
72085
476331
178205
398422
393228
227362
462925
22128
151062
362416
242059
99309
220706
309622
890200
41126
922947
403145
464354
275820
188458
192640
167079
552335
65563
86848
116119
238348
1097470
44996
859149
452448
498865
227527
19234
118282
221783
241635
616743
785443
814404
20957
452858
151524
236027
960815
121235
139354
264250
475614
175353
381103
718732
604709
123709
121775
462570
342696
488921
205684
239348
9404
916838
179814
388856
94633
261160
243271
538464
820601
164904
636437
347442
152450
74643
496490
20321
876874
178344
166463
137144
249757
103409
199043
910325
698493
1031363
127302
201225
637114
10815
106643
190714
593696
76036
119250
537947
86629
60706
893682
26634
808419
62822
219665
314240
105709
91866
737371
227056
972857
5908
195947
96533
172580
636970
179621
897681
139052
1072321
84587
110820
28983
25104
40058
115057
223754
796583
980793
768481
55286
132224
186917
321681
529276
144014
137589
104588
814266
406700
298624
332049
625784
456716
185941
473174
346795
149231
472295
141569
648377
96813
920034
63926
296634
401996
607299
616119
639762
662273
723530
822182
865326
881074
1057163
1130452
256536
84449
79597
115142
978841
125912
72428
1039409
721004
5093
828811
668170
78269
278449
91409
832958
96313
49825
83229
162457
218152
571807
693342
52984
39440
623726
643758
643760
49305
486633
453476
29570
546823
55027
154068
26335
174888
221043
284007
929636
30712
597706
45019
98587
200014
496989
1045361
588864
621851
319787
35808
463183
686051
340158
944682
787809
327525
324578
2401
69402
878417
329433
295457
722265
223840
194018
667476
362481
840478
880595
579398
1078166
868724
132411
257073
120385
475230
1094502
387609
253998
51492
841056
591971
81947
239050
733768
121928
229653
51522
63690
82132
105719
256305
285483
662224
714595
861273
680868
471947
501250
93022
561626
667588
944023
1065555
159435
955766
24496
965997
1081363
91156
520212
892462
280822
991
202483
269836
437480
553779
439942
28652
35430
475590
396745
578649
533042
159918
188347
467027
163728
883850
536854
483180
457355
216598
201444
885096
334213
106521
92185
217036
580128
17719
975467
209942
447075
210164
264316
253264
435282
120375
326095
555790
1022999
242012
476177
97175
268800
348865
902742
856938
44281
240824
153678
1024535
131982
600622
844232
650620
464423
503636
531129
579971
193569
555295
451045
482946
152986
1823
161805
239001
449988
4216
27566
823699
219554
1027183
241532
1086082
857921
562334
232664
288869
70023
1113909
69585
18432
561568
465128
339268
1034098
325338
220124
181622
473216
688359
781654
579978
852015
114159
141701
664675
564496
247272
66376
352192
746457
84479
132542
94822
159504
184063
27486
18235
237652
692460
470898
95276
766999
768981
63996
189760
252219
306137
3896
65801
560959
561209
278216
4537
830943
343616
462222
1105817
333828
38550
191937
47235
105200
143832
36216
76889
684271
70230
68438
325173
133711
498971
572894
31753
73233
222567
1073034
343251
398525
283529
874091
126242
89655
550373
290254
238364
357408
188159
36487
180680
137946
454500
156605
68339
268134
1064517
398071
878195
322823
103857
571800
25813
121720
152787
27324
317066
773641
89148
548229
684102
103303
475312
32717
75178
751493
177401
364627
463310
513049
560960
684305
767808
419211
85386
732289
13130
158587
626634
242195
613732
458805
28715
768903
123537
647843
613210
241973
648398
105494
728406
252996
447052
1043086
102449
127270
272716
779967
199782
867430
663687
177335
473439
1036482
266089
272796
609445
1121617
11375
14074
50519
265122
624444
720677
751202
203219
120889
76013
662291
554428
144703
825728
822628
122289
729651
591027
830049
992768
37842
442839
344535
418583
641343
382855
807318
465155
1045453
1045450
704730
264478
117817
492541
281043
957587
740493
423519
63061
7188
305103
384986
34700
643506
1053353
214186
215126
19921
37927
40165
52368
178852
180461
672674
86552
331733
201574
613510
132207
102197
164083
339373
274821
821483
965168
875384
152340
61498
685772
29411
133166
659814
466895
431994
78984
533794
382353
209821
805815
7398
28788
150076
820516
286282
569
573396
245626
261743
330467
160908
533745
122778
209370
163151
405954
240304
227414
751271
267243
3213
319764
96380
154308
32830
823792
496439
293012
926102
252835
144766
102511
662917
592043
232904
27314
239087
38129
136887
327939
156610
145354
45727
260709
29188
469065
237385
984596
98068
597647
191239
65527
191772
141751
218304
352190
354542
868921
240199
348849
262898
153896
184254
135279
658701
11890
337102
354835
151326
29454
820602
341183
84816
241768
360227
642663
581806
506686
329530
216375
74046
121259
92305
250680
562729
663792
980030
300551
534921
730386
114192
83003
902553
54900
282046
278142
151986
54733
527026
630081
599397
684296
609740
77539
26822
250646
51793
157073
136436
160143
632219
261915
27505
16976
91067
612070
144712
204963
159000
784527
50885
239438
53651
629495
331227
218081
94726
359962
99325
139818
111527
251889
636436
494918
980902
139120
259149
102011
771187
89084
239779
236864
336526
96689
8109
269369
581618
562843
154467
464274
147928
717205
147562
237356
541509
122332
146277
471154
503147
174951
863902
244260
157144
634319
331408
144638
354751
491688
321663
712001
623746
71627
95354
144737
149819
28207
589190
221769
75154
34694
156290
275755
92605
485132
336775
77093
17721
814699
474274
65268
346455
497892
26525
96143
27957
81569
190493
891968
72414
242335
162022
962746
269992
475139
43115
336370
911868
65430
179768
161092
582957
49103
334016
132351
109101
163785
4972
22944
556276
600117
34528
147275
616786
521514
259151
95415
61180
148949
75238
28780
148544
236812
446934
171475
91161
122451
633257
152155
340910
244117
725970
142166
665255
103265
155474
61058
226523
272907
710843
151203
510455
995858
892169
238201
237961
640053
269532
19532
105107
174999
79027
51471
76537
4800
346680
128776
97263
796853
297051
985056
630561
337031
201790
163273
142938
123417
361809
491286
499933
99984
143214
442736
155640
673127
23777
70887
357376
53597
89701
123180
239899
71010
446410
312196
145988
82014
92498
438929
53546
585340
877880
466000
280981
82809
494576
607872
180257
144922
581412
632943
301782
22104
155482
529222
528002
139374
451761
286997
317757
646080
51797
301750
510333
4584
72049
45613
270716
963868
321938
145178
9238
135032
259285
110161
936241
150308
229495
369231
75741
585100
314953
494144
331008
228690
586568
71036
428904
631258
253803
511065
140538
245060
518684
156902
975469
625879
254823
894376
466851
230235
91367
104159
45134
62738
52911
600262
191576
1108338
1053022
157387
199293
463500
23282
261495
128145
300216
57857
256603
94168
146840
157163
96210
274196
239319
178304
242113
493506
511225
83132
289983
155858
135203
468269
491932
758734
431220
292383
191938
941440
1057086
86956
285259
454710
241991
76216
292610
1048196
220432
401555
289567
66754
183608
128176
349835
117574
315565
92791
13527
447636
385715
732594
190630
195269
303574
58714
344885
422048
718008
126046
346253
854028
143934
465953
350123
697030
80859
108987
118087
139051
160793
163830
215698
249108
260520
295032
347636
418640
653429
666165
740660
880289
1063325
52797
288861
398215
696684
753589
784132
1975
19335
106404
147307
368205
683426
703787
787103
928838
944417
214281
331480
807830
1029992
582025
160193
32214
186658
103927
218552
147652
249977
1102572
20392
31262
45918
51410
65870
101017
112769
118081
125735
148011
194464
270737
305942
341779
349739
417060
498600
527985
553814
570066
623400
623760
652868
720361
783892
785638
868326
915572
931069
947537
959203
971821
1087410
1114163
344791
320916
113192
137114
486837
613548
450686
6993
10575
124243
332739
474265
523840
684487
4872
290035
459878
629741
945615
147055
3343
40206
225528
850244
672746
908601
289524
174873
830249
604599
388606
283240
135202
586146
843293
598380
302813
131442
447676
286583
24877
159569
143372
201203
54666
475956
336500
1064004
106498
321166
595180
490097
581368
658966
349383
755222
998698
586533
161892
44269
672991
876791
676363
202971
1058118
96025
925200
25997
904181
640746
645490
497617
532476
80586
877670
21259
35676
61594
180180
476942
394060
1056422
228939
145965
91686
953496
147950
522174
173670
275596
1069645
313180
319576
617412
140625
660581
66789
103193
666230
973842
37640
141510
142914
1076796
663529
46934
850122
140776
1003989
98323
670412
353809
1052796
201927
90907
807802
364604
853912
221560
164752
470278
644641
406950
925
285498
489036
1103966
455306
266727
11457
705069
164940
67035
843589
259408
842503
144733
482235
24290
1059934
414189
61768
92671
11519
239351
1010207
543644
157877
255212
419841
244414
152657
188364
301411
841531
658551
600978
298826
788553
21133
121368
654416
219600
170192
206384
3365
1099516
147627
897735
25873
102791
103407
1074403
1115736
780017
887179
623640
577264
69105
103869
1113
259643
381930
333838
224570
97352
11452
95417
31401
29538
199429
256979
92469
672651
641271
332085
479142
101404
58002
333913
742819
595096
942424
716606
291553
73871
180476
7526
894535
933566
573758
273486
384440
147074
583272
248164
943353
970308
117765
261270
943340
158240
207317
229838
247321
163930
583253
602041
457382
108555
201268
301805
839628
478777
222773
267434
779645
27127
352266
57988
153357
565357
59538
158564
158366
62978
76682
298875
320494
368778
130492
181026
58000
575881
565672
327531
986467
397254
273867
647626
233834
465375
454470
936620
561620
388589
116051
388108
639687
468132
271180
121416
510468
60699
297324
120620
758163
125935
121806
61386
972810
81639
101934
209322
222955
317526
434255
159519
162355
195135
239630
317468
319097
462716
498541
715316
726102
772616
800225
979584
49681
96137
448429
8866
278322
2034
240468
86452
289162
229374
45199
296463
829866
850949
346624
636547
772683
571057
37619
142763
83523
23708
140292
571354
49468
31341
71579
463225
382037
33712
191444
92496
74052
83269
110632
119807
201739
276061
295660
590060
789231
861439
1070298
646612
47742
914760
502539
48111
131803
98556
455470
796592
194072
214266
593629
541211
262821
268802
682070
801519
92732
343104
237867
1133167
960568
1067443
109909
119232
774388
270755
718537
212875
2145
872159
5462
664013
735679
738592
819383
367834
339266
750176
472580
618522
339027
283418
187529
173115
511945
473666
985322
3994
1116836
538971
40376
658884
292787
108655
553439
974995
277971
284927
562772
450323
612133
814572
863101
143874
981170
80385
47405
767617
277599
93699
585847
43130
574320
86645
988458
77306
890368
383092
351934
72216
563213
340997
357924
633209
239775
790959
499905
963712
646986
7044
101050
113073
291421
447645
484964
655059
741647
943730
159336
1073033
859438
346256
65774
602440
507065
70239
173202
258389
470825
836718
522366
97605
731401
293666
254440
1100882
212213
475832
876317
764673
438061
977473
149229
273029
356660
74496
206870
581274
367815
1071907
579197
677561
76508
246329
149185
47438
83996
627102
573561
29159
159645
634960
85470
72232
465316
23869
41914
29165
131484
162122
119303
933344
55868
518685
344895
31225
290542
364426
597426
932868
574908
71188
236454
273809
450550
27117
687995
348317
13379
221388
11703
390606
139952
47913
457439
96330
112448
14913
22506
924314
385980
127101
95990
93037
659398
160995
382926
103113
450130
519904
334913
86341
141025
455032
458493
420994
607404
164373
1114876
382496
418331
9423
45696
68506
77147
94072
98405
104476
113925
117652
132268
153821
171458
180957
183713
194222
198924
218401
223760
241603
245460
267481
275704
277554
282545
365962
368171
383488
402219
434956
449207
453424
476089
477888
479470
505306
508697
514418
524447
541353
584423
584757
603190
634780
643549
664500
676043
277020
609345
647693
41610
7213
1028045
30030
659214
571349
191257
1034068
663694
544680
95518
275944
453778
218843
34450
534501
158865
728602
102444
545915
133763
112151
71381
258991
259022
351198
529710
32155
4462
79543
820383
148339
75775
251589
329534
123172
252685
106699
95866
243653
252848
960831
101953
85147
889831
655241
77151
503629
353667
13292
96226
471248
855417
702453
1019888
347353
113537
149028
898746
236254
828432
65245
241733
570209
369593
62241
96423
294544
987444
505564
220428
65075
369512
252649
309733
256807
716182
72210
209658
952845
102037
641272
141016
418102
65531
21948
258173
287703
87413
246553
468805
646613
96092
177428
315314
58361
879404
31877
75803
161873
185757
544458
591704
468878
356548
76052
625263
534503
494015
101560
48245
248703
667676
29283
190635
217594
237746
121092
159989
282438
497688
807419
758056
92343
312452
529015
164295
668271
28502
239274
801547
264560
103324
578068
615422
157143
570624
257211
160896
700955
130295
446502
443558
174287
59634
71114
474544
152798
861189
343558
27385
133169
384337
269516
101758
333777
309535
59992
276911
151759
357591
120728
486846
83506
392418
986894
186579
126136
16824
920242
517295
22115
104193
319697
750533
448431
71252
95982
558922
348633
992802
65834
116632
919515
118945
148610
436170
370128
104333
339566
528363
75245
295476
446777
45968
26588
1895
456158
86593
42935
331319
200123
208462
121992
47446
368769
921630
475544
121653
55243
398922
340767
863312
151340
136663
144709
157116
632250
522732
151699
71832
984203
671114
98434
598279
127128
13196
261369
982049
298848
465373
1121996
661084
242889
244924
360077
669826
1011896
242236
63844
907884
12998
269252
320346
145138
391266
449978
1306
327930
151631
833186
239561
99184
769704
123968
258152
468130
154076
309471
163528
10364
59172
1012346
474598
246646
277017
156591
66596
206116
594936
808994
871265
151574
197491
47621
368108
97475
257714
327605
710099
230023
260969
43899
174215
553090
186901
840252
272915
961036
401998
368738
614317
212231
141917
242081
329235
456148
1971
630261
123787
64561
195424
32028
489880
39759
729067
97409
637279
40405
92813
156307
387072
905401
149569
193129
53905
346717
223022
134778
589232
155513
184284
178456
1077536
648148
381801
240162
401174
246536
535987
123120
263526
154487
122783
348316
28385
281268
152821
28231
161568
602200
339365
924306
866458
134336
162307
207366
121288
459068
1004366
149419
159766
50701
327019
280399
141631
387562
49563
18037
343424
390132
101813
793120
92882
825031
95804
568432
222013
560089
416685
104067
238267
102221
537588
93725
275814
437211
100801
162234
467024
51949
222287
503282
697951
899473
492880
424811
445586
51141
292386
136010
486851
474062
469629
230606
59747
417654
30315
612785
341198
498992
479469
537933
141477
248050
232893
885321
83152
655488
335822
393129
213443
382647
251162
27741
68850
630601
283680
102818
520790
81700
508292
11465
255046
914573
364435
703610
1080225
1959
4588
30619
45301
72250
85183
88015
106906
107466
107500
139229
142131
148314
158028
162392
175287
189740
218342
244650
257904
261916
264315
266258
271293
274179
333659
336483
354413
355751
381104
449003
456168
486782
498584
530556
551216
553162
603952
660122
662700
669339
676379
681689
682885
701401
707531
717225
726280
732650
735684
736486
738459
750699
754319
764707
770476
774053
777703
780103
809357
826785
838345
845663
850277
888784
895548
896352
907618
914564
915035
920577
928715
934594
935516
943767
943824
950964
957082
963643
967101
977543
977691
997272
997518
1001487
1009031
1019412
1036014
1038803
1039269
1052359
1060396
1066539
1076850
1092241
1100480
1103100
1103303
1108419
1116938
17023
197365
251676
299867
65433
11138
571897
705935
1108775
718908
587017
100223
276942
882700
216940
364473
507107
16723
141183
354079
510010
514415
528408
850087
895252
1005478
1083428
1087522
1113243
454990
743655
553582
470733
120048
648861
202420
92954
236819
853192
262486
1064927
154226
981007
970809
774273
17149
242591
121728
257129
260729
585323
155179
277915
326181
237365
569435
47884
331067
475117
579046
321885
498730
686785
255883
370346
384782
988001
419760
650523
772143
1013178
743758
40415
52951
101101
224532
32045
1124791
237837
281225
476847
561717
660382
1010550
849687
287469
750467
491803
567846
94859
206249
973288
636434
874214
529197
654512
75025
675098
229199
586092
114282
733879
227270
539667
58557
577712
137395
288017
131445
75195
888913
1030660
1045594
188327
543123
257269
353877
95290
244908
65054
356178
154045
101305
337721
448060
61051
265337
466914
636293
878869
337168
286884
6975
261316
430849
106593
140527
154683
253519
740022
838272
1020149
9635
53412
70512
186081
665080
855920
998740
1081473
28700
753402
390554
22260
1073618
265295
4441
510618
938026
262274
38966
555118
1064163
483614
1081695
387674
246486
684059
278343
492732
127770
751523
276365
627985
205916
341671
10999
265962
267034
517470
205375
557072
155896
268630
3149
159093
370226
260808
500770
1038790
491809
9725
670128
77196
626017
11762
840384
435758
251810
244773
22704
196497
633116
167441
220983
146734
886107
251634
188475
269918
738895
608961
245130
622832
641646
449173
140142
172852
1060574
85825
31649
159211
286168
417564
552028
1097889
911989
2823
236474
43074
192552
252329
264691
469441
153548
385420
58560
97867
396373
871182
31566
348072
386116
531935
579214
849268
348247
455168
270726
1018197
159233
268736
386634
127426
149082
695233
773429
863167
70342
79790
357438
30889
78079
594111
70621
344317
267942
342059
295284
681525
340023
313835
97077
188368
74070
226219
723228
74197
271736
624806
1000104
163130
105203
808740
590703
332022
518700
538061
403068
274368
608180
268530
267561
315510
484734
654503
857491
228372
505379
252953
602970
268216
455170
210510
96588
727534
787507
65058
33758
654799
590219
186928
318997
139294
744010
31511
102324
61317
355975
159863
591645
170933
212066
455883
79372
367730
499260
667987
482908
221494
1047148
112781
108937
1070203
59205
231098
1000235
10965
191709
941210
579117
121026
449059
4733
912978
837994
974432
296876
368432
231942
335689
69574
566219
877904
468144
651578
1125215
76285
140159
348668
954104
74639
582700
646785
65163
90055
637534
369561
667883
931174
41773
365967
575207
267755
117847
908241
254951
189348
754695
393343
42899
336867
73752
389048
101967
220751
368208
160011
513480
693366
655344
677700
104355
589289
13206
29125
29706
107224
132530
137812
147613
155440
174410
174836
280852
477751
598140
635756
684751
728813
775713
776218
886117
902864
944949
1015755
1063225
1072679
1083781
1084683
1111634
95008
279895
319839
351362
489633
870795
318677
144194
149226
179746
824438
239606
367654
879706
271555
153108
906864
38479
93075
117438
55988
145032
658632
898069
6228
28761
84758
449206
689132
631867
239089
727646
31648
131326
286550
288475
608197
550160
966856
196697
71851
9135
1045061
93925
729635
95002
335965
745020
293463
1074645
222389
61878
1065682
102072
73563
2326
1085657
309305
262794
479644
102567
219245
46181
102012
657660
45052
101307
447920
26565
24899
51610
188582
418947
523725
973418
650686
981335
879179
162477
188303
92178
582007
70329
382525
241389
356549
13149
127322
192004
340409
133282
717954
516957
130496
844771
750114
237328
233520
418074
871854
563674
259596
892618
114130
917
260142
685514
444763
637892
255229
243288
63196
218655
84736
658660
188673
171634
591810
627184
346167
260715
405460
382873
157100
650602
470328
67130
530807
229360
641335
733142
252720
592340
718352
796956
29586
33615
60494
99332
238827
277286
580705
147913
269273
534782
201470
613531
84366
296032
229400
149079
120256
469078
1041546
450975
31757
209565
78674
612028
254108
887143
99190
140989
563341
276219
1115550
59006
404758
773778
624983
44733
272932
629308
47425
1019521
231182
277373
283584
121328
981365
27744
353883
575149
817726
73559
1078089
79533
361518
201826
349624
417697
179741
244088
246629
773776
523581
254300
485925
49790
253952
699343
96327
492359
384973
259006
151331
102215
242167
344831
329498
36749
694956
906264
919171
361382
126318
120523
131044
394424
431227
850017
219792
577362
472308
102968
20710
92345
321977
603246
23197
459990
117959
415487
110422
160295
545916
96307
386455
212529
55238
289491
285394
430498
326580
827910
327656
729957
837742
382978
577792
136617
526130
30574
75199
36124
268738
191832
217718
64901
824533
749373
541194
108654
97588
141844
282916
319164
227260
123733
13576
537685
817309
333879
604906
146597
149408
218374
44028
269550
136371
666006
2866
138621
146711
19421
326197
71636
100901
242321
275817
260347
902905
28918
335497
96447
155438
71642
153667
151071
249314
287223
597640
219027
858942
292175
273763
253843
914923
777861
94698
20845
153435
25796
342923
277582
324043
102926
75756
204836
103158
641280
17065
503364
3720
993070
286801
255543
447666
55127
46155
238535
91665
816045
772868
248339
259598
19623
217619
278544
43406
145147
261802
276468
268207
187369
237221
115681
223962
343581
887194
291425
205811
829128
664802
389756
118005
840906
537085
879612
523473
102035
156635
485089
104668
146807
261504
456605
140504
221059
351424
628530
104068
839795
666657
151337
229511
47613
135288
658512
75546
222074
765614
221492
455795
71347
587982
32041
265356
493547
249478
62679
70010
331842
146134
344506
148829
113618
21086
353955
79168
11104
612754
758070
135392
398443
644922
105842
245468
133681
262805
1057108
203109
852831
36964
105997
523561
211198
232134
556677
259206
24059
320280
64878
224799
48652
245808
163816
617646
33655
696753
334459
566717
240432
13636
291889
322876
97278
754196
669365
473848
349960
242077
416671
179766
212279
478408
593026
260180
449782
157836
603915
357712
157201
286114
543165
41755
96284
139047
460113
47631
668270
12151
465052
103587
150311
37283
922011
942118
1102622
756303
181009
136352
151698
61096
123869
7644
602841
369518
141882
563076
333624
75128
354850
354268
326188
269247
43204
628353
121583
368285
292857
340241
351521
152746
41266
93123
353337
561210
583709
768972
353447
233201
159454
266517
209829
151349
144637
314016
492266
195419
492362
817128
215907
98215
469405
570703
60007
1090066
608082
51092
239523
508399
384544
4467
38088
207583
253532
978180
199179
298460
640991
67739
600517
158666
128605
353500
265355
1052188
196855
26135
476825
155473
152569
966794
27407
187982
336693
37783
71486
257782
844772
287109
368469
586062
728025
101960
13848
639693
502867
510986
106104
654803
93938
548493
414231
919886
56253
368625
69164
898971
568603
184043
69229
12205
356227
26327
23960
90964
560779
595569
85100
531879
93533
24427
672757
455659
353689
105913
354368
17607
342950
334681
482862
507101
574259
644795
805706
135239
356138
37970
785379
585619
476758
476217
222736
621770
492901
40728
91102
584630
89315
262836
63665
492774
131178
251454
222012
21201
216311
196961
297650
61210
489079
906553
256609
450139
520789
87300
888610
563181
582833
731367
401310
61368
650909
3470
50105
70506
96274
97752
100082
171267
199727
217924
254941
290453
298951
301425
331494
350106
360895
372885
428050
453549
486527
663770
676924
764604
939058
944590
1095953
18835
151262
197622
240332
341231
598231
888979
949475
970060
997980
9766
117142
158592
188073
241612
243576
292698
471984
499813
665574
736491
886485
949759
974827
63122
978
771537
449493
3741
132983
539704
47457
476233
600314
164118
387387
52142
342285
92375
32066
853540
497807
651233
304596
630911
818179
6971
529688
326554
96278
792722
788591
790133
71013
639901
1123731
785276
67988
130973
35240
348035
1083578
434208
44059
539436
750158
57931
155137
354473
142667
733594
147168
492232
94319
3908
4392
5934
8302
9847
10663
13299
13572
13726
19797
21449
22109
22136
24471
25052
27428
27750
28599
29432
30406
31547
32070
32099
32439
33423
40163
44129
46080
46348
47960
48320
49483
49873
50980
51062
62108
66059
66440
68437
69216
69431
74222
75254
78796
83443
85827
87547
89047
89560
89765
98524
99768
103080
104072
105439
108434
109208
112157
112510
116114
118523
119505
122217
123615
127903
128195
131536
136710
138920
140100
145495
147314
147712
150193
153374
162700
163567
164886
173731
174239
178539
184273
188097
193518
194298
198055
198496
199154
199610
204696
204773
205743
208436
209833
215547
218377
219538
222263
223101
227535
229509
234281
238126
238772
239541
241231
241400
249370
249640
249904
254130
258974
259491
260708
260813
260922
262655
267932
269938
270439
273494
276410
278060
278276
281311
281332
282605
283410
287126
290660
292532
296083
299096
299567
299955
300867
314485
317618
319596
322921
337755
339478
339767
339778
339892
339946
340550
340763
341310
341325
350480
351765
354078
355169
355215
356050
360988
361121
364351
368737
369047
381576
386603
387344
388885
392199
401884
405894
417595
417791
424430
433504
434335
435913
441433
442200
446026
446492
447292
447868
448831
449608
449792
450902
454920
457137
458231
463978
465862
468530
470771
472755
477131
477883
483161
485735
488175
497298
500097
501980
506134
506259
508666
518691
518773
522581
523602
528710
529262
530233
531103
531161
531293
533028
534280
539089
539945
546592
548249
552662
555367
556918
559014
562858
567968
577723
578755
579358
582618
583170
583663
585031
585932
589157
591560
592242
595411
597134
599320
603418
605357
605630
607740
607812
608497
610657
610731
616592
617598
620684
621456
628879
629220
634505
635335
641209
645899
646676
646914
647335
648788
653126
658150
661070
661263
666194
668159
670467
671174
672894
673669
678133
682753
682788
683669
686349
686679
688254
688833
689100
691433
693297
695349
695355
701963
704310
705185
705792
712451
714531
714694
722603
723801
725964
727621
728225
729570
732438
732477
742782
744435
744598
747834
749894
751719
762450
765307
772064
774111
776207
777676
792479
793224
794806
800828
801037
803783
806236
808146
817098
817717
820412
825408
828815
830676
833242
834660
836590
839505
841952
842024
844149
855623
861989
862525
863413
869644
872544
872833
872979
873212
877234
878002
892095
893310
893381
895178
896889
897756
899652
899732
901871
906418
906474
908149
912907
917635
919385
920812
921901
923295
923352
925706
930338
933018
939265
940351
940919
942235
944915
946084
953061
956049
965736
968965
975023
978677
981322
981924
981997
982091
983660
985227
985455
986899
992753
995527
1001670
1002579
1003542
1006207
1010946
1013412
1014125
1015628
1015939
1017909
1019138
1021548
1022187
1033138
1033357
1034350
1034866
1035919
1038550
1041419
1042634
1044858
1048383
1051888
1061423
1062621
1065333
1071918
1072753
1076203
1076437
1076522
1076915
1078948
1091346
1096949
1106893
1109969
1117100
868382
1106652
794660
96918
701701
41235
183629
126225
837820
150055
31071
764971
140198
84519
179967
842028
279877
597648
192673
349673
402906
671942
771473
485429
482372
307413
1132159
53677
93695
483450
513671
637148
1112411
41107
164372
182389
269498
271897
383746
397501
478086
478901
482040
517347
819319
935080
1098862
364309
395219
164590
474494
463912
398782
587744
2237
37881
751465
358920
93051
252868
212145
780632
75598
16749
492841
435033
821961
594561
144493
498665
724222
626688
1050759
879730
23355
13863
903692
937525
349527
361627
221385
260049
195874
1031388
658320
55064
11810
667479
118130
328336
340525
979826
804147
146676
384556
610484
18253
70000
994812
212265
14577
671452
260014
139953
151643
62756
18842
242809
443439
262820
636422
658610
1080271
1074175
444610
208179
156532
294791
627520
402736
125151
164346
507499
827092
319586
93218
383098
402245
512105
205057
600185
1040399
1016561
121198
646681
565364
98406
162114
24221
643816
904139
247634
162910
364647
120119
37753
330959
17944
613790
838790
172898
195315
243132
170282
10723
156892
863594
918707
851701
330989
102954
515733
561797
25859
275153
95886
839701
273764
188009
656577
216351
841724
334744
628207
471056
407170
68848
54913
510713
75545
1024546
139249
405920
150027
293789
104178
273264
207407
19693
623234
7019
141603
142591
232551
136613
825802
609226
146815
97154
251703
466439
910218
2915
48240
145773
136515
299161
64944
321043
672950
632776
74378
855414
381895
914182
608722
95501
904140
640190
868715
290302
121327
311810
191884
314053
298650
210012
329607
133300
321460
64706
143758
94185
403221
880879
91474
616242
68092
271049
341664
27931
238186
121217
813447
91445
339264
103025
155287
108631
286780
953287
803053
105728
152589
523827
576331
400813
16874
164841
651452
161954
867625
473008
11710
1051432
499811
310786
451149
476434
75215
530626
869583
669366
133370
265451
190620
699252
649359
126205
124138
276033
335198
259251
355409
395574
19338
259625
327579
214205
92957
316141
363738
650691
530842
25695
333831
75136
725514
26169
477994
449643
355977
386642
523078
417040
1037375
146772
534875
448171
23805
37109
102017
75197
118613
300669
716358
26511
217195
390440
438758
462767
322149
195444
491466
64866
20817
86172
600781
64156
145532
255664
645798
121345
151070
190467
553630
298772
50664
327613
59810
439665
265350
178314
381874
617829
505560
267136
101855
2479
16655
161831
696277
1858
173100
222151
64057
96048
94135
329048
61309
49894
52378
650910
569553
327918
450212
240240
368634
259356
187239
134341
242552
82706
140356
206142
238058
108759
13014
44287
206094
52329
148533
241338
66651
104096
246880
65351
320585
96178
79261
133666
382124
4917
291257
505604
1119556
604550
731422
96550
95456
445960
597145
79739
725585
470985
130524
286402
136397
536401
577845
117351
44195
561576
145179
136858
476317
279879
130935
631810
650681
454482
894388
218984
206919
140622
510161
191745
192880
327601
87936
419455
20100
200141
532983
536057
586114
752254
783631
1029772
1071815
96267
76653
402547
641357
344517
7338
93844
529736
156965
340622
129421
139617
823162
108649
336818
510895
21056
32711
90933
105884
157832
170286
326808
414052
455233
512239
516146
529238
592939
616701
766898
802572
836340
845439
893341
946991
961299
962235
1008801
1034398
319879
947026
837900
328516
530572
339570
321650
226446
338218
216656
347847
312588
865319
210327
697261
298626
275672
93909
455987
946496
500151
214386
688480
240477
162180
226748
4152
516639
661634
143561
102111
187570
4439
116030
195748
585757
776041
824110
336469
271462
632932
223003
338959
1042220
128761
446561
369836
475118
531790
420606
555420
229346
785166
474776
11257
112581
346288
1856
790216
654564
758293
666145
1044834
199137
584927
118383
543263
286993
253780
941792
417521
259585
88502
900695
121529
951444
897955
347323
644417
361749
385897
585038
88548
266357
69887
112553
143427
454783
142855
118417
74440
104309
635576
842259
707460
93503
287225
49464
396544
890354
134785
701641
689743
670509
252198
8686
567932
36844
625986
910431
74384
207393
58969
243859
446425
840401
609437
492719
275573
634134
736574
754713
10645
107293
112856
140021
237658
393231
733216
758860
827658
862385
520081
329054
94530
218291
624201
623915
598934
148150
246857
124031
140171
249928
742999
1112209
225073
120941
99767
750116
271742
336673
730085
793964
805963
245056
836495
161554
370092
473733
958747
962624
53296
67004
73515
389095
677227
151776
559070
1007121
74255
156205
452016
529497
79169
201027
950301
240129
476244
139299
392151
767574
401063
398681
492413
634245
453758
2668
401685
122351
270817
297367
363541
43116
497356
135734
191655
471250
144736
1002214
2529
170047
759381
190496
730500
942746
986016
39595
227917
63191
183953
345983
317101
469400
805928
319204
625151
188460
607190
207908
257930
907756
197160
8126
1029559
758144
451269
148213
11753
455066
523521
51150
235900
192626
47084
275806
152600
450592
289962
238646
218790
619273
604543
360050
250766
1052324
174315
3934
252391
823487
161654
339565
174276
8973
475779
210074
119961
213398
533913
135418
497948
7243
387695
632768
655291
316216
284409
582854
142506
164900
893751
162944
160992
66972
47033
75071
84321
172899
427096
450805
477793
532520
559357
590756
670900
800714
843129
881370
906054
918828
993917
1012573
1052031
1118598
1122691
132103
498423
645532
758634
118546
271359
356422
150067
124379
209482
264375
11690
388337
635638
272038
22253
927055
670316
437312
472212
876406
46178
39175
40006
91356
109660
225085
234920
239199
247802
289314
302044
399768
449708
472096
510719
539202
567985
575256
578333
594404
618883
621699
650937
663287
692712
697395
721704
723484
728641
767149
778598
836038
844961
877882
888462
899434
920174
955607
992282
1021465
1043339
1068033
1070421
1080574
1080925
1092718
1104316
1112248
1128181
67912
89218
94670
193141
268041
280453
289685
328513
361735
369083
420085
550739
571168
602595
628905
633723
640252
653621
740361
769673
911294
977556
979449
999490
1053751
88493
91424
108678
185032
197646
231747
237678
257797
292607
321521
364958
521860
536995
601628
634306
775898
895037
895387
916680
1000126
1018082
1037740
1054090
676990
348543
1061278
323004
504134
931613
543718
48754
63969
69858
104998
147081
189088
258640
417189
679088
838470
864383
870601
218771
1063114
450218
195393
549932
476328
271612
106307
394731
6119
146281
727165
418650
772249
252901
395167
341278
753541
474436
750725
965738
143822
267734
726815
424509
301403
670413
190738
17009
215318
21015
9624
118848
123719
264627
271875
606229
615835
704175
826771
842762
12191
79061
127558
338676
351536
368221
530277
555722
583436
695226
853483
926119
312035
179197
1076976
151657
1037628
980110
810847
137652
473357
28426
250366
276512
386447
40787
666364
632843
435794
631617
227568
1127989
220240
553443
248281
647412
578310
85372
26081
249780
78709
43833
129692
655573
559237
913549
136281
974607
1044474
911439
355429
151867
864082
722564
1133833
923487
113997
933590
1106842
22975
8314
216190
186643
319760
697721
16237
273063
54689
1082810
268637
115548
592041
31351
69645
607756
124455
386384
930827
3837
397210
646223
706236
698122
889613
293092
293702
604703
582401
879574
263267
140766
963611
102168
268965
67021
340593
319855
832293
933705
317113
802853
37919
418414
1005633
189664
927005
23548
359548
540361
678515
206856
1019980
320623
228962
49686
1827
715210
1121455
98152
184118
1055319
1132650
221727
349662
787837
629514
443502
119682
877352
877353
554408
464778
498670
462478
121260
402571
474691
384415
243508
453574
139094
7114
70348
69039
82784
230850
279384
473638
666369
715119
821190
1002487
69284
403096
66541
456030
13166
295647
841696
153891
362558
716905
925104
2576
899813
229411
680917
814525
276479
410741
97442
58178
1035147
341835
475290
628690
9454
41506
120511
8076
71632
276858
102408
21472
147829
425083
720328
139970
148886
95872
583644
200224
1061300
242116
199016
688410
31567
279706
983133
186018
35552
872697
28145
162177
361465
117372
37177
829025
33971
243627
572707
344442
218841
128106
497621
445456
896100
237854
304544
61206
1021524
11763
595331
457451
253200
1084496
657919
297677
164642
585755
402833
557948
226590
120514
532051
79706
974418
521661
300428
143995
1075110
31627
145636
581402
95833
778595
252316
302248
293414
478701
979905
309190
187236
226221
904049
10991
8820
71937
103766
110774
118001
235353
341672
364460
401708
447713
478346
547800
568678
579275
685822
853647
865918
891526
909523
1009887
1043532
1105966
1121413
1124663
9604
342226
397252
707929
715034
805373
998102
1068424
1096273
140545
31899
417195
451411
59170
137101
715662
278982
108609
909706
419250
26205
283236
683070
906135
636415
155468
647249
384300
321243
438130
641722
410739
336990
390191
464521
271042
795656
896070
21487
503407
67745
133702
332680
104228
354933
141578
1055602
918753
77145
402879
71570
647891
770061
468762
319148
450821
684876
22357
121297
259937
686329
557913
151868
559080
164954
688408
396221
486964
940698
95463
624060
483915
75912
102946
299675
85266
12638
136531
1028109
384311
502875
1045913
142088
295278
157004
532922
132399
862504
910219
638115
297219
917360
384296
360220
71440
389687
237725
252420
498389
61607
732999
188434
98438
161506
469461
331251
629722
106073
313770
472678
64870
401995
517451
58538
277012
253477
254119
124771
155381
30697
51779
261526
125971
43253
61681
464694
153851
31945
516892
1002217
46289
463234
493772
729659
28035
444460
621882
75914
580971
28622
83956
102090
1002216
17764
138260
1061912
472369
450342
71461
51748
99926
103893
137672
9963
230285
646906
163936
870895
401089
327621
1117668
300141
36418
347375
318011
146857
4336
614699
83626
74791
121607
269611
228494
719534
914492
71907
828352
313995
242317
688711
917782
185849
105898
434643
71334
347374
539378
146540
92035
744244
120424
464370
65259
142484
397492
401017
601183
147445
269106
339882
247819
587736
597249
536675
275656
364188
600759
570567
526161
134337
502543
432467
180270
245137
476886
248506
30905
40428
2400
434513
151510
655267
160996
162132
71835
19023
54889
652713
545878
138617
418410
238001
101610
354768
600291
990654
20497
150743
215665
597463
263864
302976
102089
275674
656682
266060
628116
1109739
279574
247833
61056
102508
331978
139119
98316
146063
251351
726866
384626
200880
136876
1021859
422158
42950
630529
645365
336520
106026
472462
93924
666363
700999
142279
100889
769799
439223
635127
889787
129718
282129
969476
436488
353823
21711
576304
584515
994891
188304
738945
871450
880770
566672
274114
95743
123153
239265
207181
71418
551922
5033
88293
122596
217848
67000
330976
139657
344668
558985
383005
632399
12243
136776
802106
33244
144903
532814
452876
86051
75196
97273
136373
563377
627488
339317
946877
534612
115456
1001890
105059
29278
221824
443560
170418
287078
181400
292931
510783
63993
820871
1025793
153365
356397
145466
585327
3355
488427
958240
212894
267286
257855
529776
382651
397258
644058
275809
995699
386
37652
647871
116087
580550
381265
1128613
71069
270216
651468
319937
887222
7105
729561
774425
158157
435407
96885
705986
33202
29959
265368
414234
431469
851033
978572
319581
139608
218051
3034
153880
410785
258717
230075
319647
61182
531223
808256
131785
147059
537030
240401
70559
129917
534697
648154
245052
397334
120761
456979
615429
625401
814180
546604
235732
31356
96442
12884
137216
419457
558164
16887
685849
252204
656486
13890
259154
229626
201252
59704
187000
456084
100788
470450
201267
362272
91459
718881
99284
180324
271859
26269
236877
816770
191776
64869
312516
5773
94459
292947
763320
294823
161442
119188
139445
529594
456305
103012
281127
553192
74949
180235
28183
812171
98177
218649
84324
529305
590685
74558
284317
327585
880355
1042864
871293
221844
435678
780089
26306
1037427
699724
336452
341845
710961
618280
771029
19294
58188
87049
132658
164252
241220
241467
323330
353737
355259
572814
198021
329302
149727
97560
230243
192485
25234
106234
464773
133933
832718
31568
304184
80325
219851
69341
189826
552251
95996
887370
781039
736604
477692
21137
301558
426876
635000
526116
636529
18859
244969
75601
312514
7956
482726
517638
829650
974823
994844
72093
123429
185792
97484
314560
878389
615895
254156
131389
22792
69014
69874
475600
491562
521052
533780
546175
650287
884155
1015096
1072731
21032
140542
262707
270264
573740
657851
666635
937394
239043
244433
763745
109205
491671
102967
143842
387347
506171
266995
6893
157214
82889
71191
13548
98849
246631
344652
613198
488844
341584
1046774
472444
942979
661481
659081
152190
222599
157402
12045
3045
5004
479283
464527
82128
146706
475433
104054
779358
336257
478760
103088
253447
406446
103637
198240
266163
677168
192318
163557
94421
251820
65827
97082
146603
389052
361377
17740
145782
584171
450155
24348
301890
341558
318666
1007139
209444
68708
144544
613712
135572
99756
788946
22587
42945
439177
27145
237279
262054
430738
27762
317491
52356
234207
222921
96167
342402
353093
466406
22672
241012
468498
492756
323232
94733
81881
1062684
347021
800313
471324
810908
369513
16641
472436
578490
434693
1075021
109796
78435
717235
814555
702708
925360
327454
572705
49386
357571
312794
269163
20419
445572
1098757
69290
495732
10501
278076
228445
158459
609442
446702
1084720
243362
351858
146198
148975
30337
312670
95805
208846
427417
95196
160417
189550
270589
474701
896509
1325
109249
173020
274387
831334
858243
598713
21765
239578
321023
788126
474302
287081
153
25100
510334
587491
38436
290791
1051129
661461
246144
386887
94151
235453
36528
58422
162326
893638
22899
382081
661732
867189
305252
1119122
890174
11323
575614
85216
4787
471116
135273
390578
280863
102628
1055088
269767
28876
676936
494781
394000
458445
816789
2209
357570
1042074
814057
719835
51858
117745
50843
531273
853886
119617
43003
126829
260060
209646
100811
358795
711385
43038
105035
857547
434824
364049
46118
288120
264039
834821
95968
664719
869057
277051
488235
586349
621271
74480
531955
133713
157026
988318
257494
145410
852241
55789
117784
188452
128621
726381
136085
29936
242233
751582
475981
982010
259931
1014088
304045
127182
13088
17196
607959
141454
521527
156254
1007795
103482
882651
161580
382553
291980
74449
974617
180928
99651
785348
380935
692769
144955
343038
71020
623622
262024
13897
30518
77491
102288
119631
132559
157999
230908
251373
267384
279568
361205
381179
470788
521848
607133
608943
709627
712062
766512
820832
839430
853000
880208
910745
911838
965110
997247
1041528
1062261
1063000
1111509
66892
188474
222815
469304
588388
935602
978675
252631
805330
423890
112670
19399
105659
819156
889937
260949
666019
565164
318663
135243
848320
321679
565402
1081469
531442
579841
635197
299910
992056
67797
117815
452190
414219
285741
274427
246420
555552
978329
892171
443503
683631
328463
536530
242396
265949
352885
49553
220596
588022
679320
991505
474072
627429
714120
523322
671296
636170
624909
206679
46018
251000
156949
56664
506626
2890
359584
74383
370021
469017
243900
292138
102195
30299
32529
95624
97426
103620
141299
142039
199821
212647
237873
242558
254421
268125
270467
277483
297308
318621
335453
382153
450331
644727
732032
807991
809484
1002583
1019197
537556
949204
878955
71148
96234
299720
591820
622742
170303
55342
322023
257104
277046
768710
319396
77322
890795
172290
186174
1055799
523836
469456
191100
31344
643755
472055
1102726
919922
161846
28756
802792
831895
144550
96488
274659
113780
430167
319146
514091
252924
223954
147529
87740
156267
546578
43843
246151
144934
219218
237138
39319
795440
29240
128585
579525
609765
457128
161498
254429
294697
555564
745035
878097
1038493
1070331
97453
225302
261072
477299
575002
589784
821833
855543
925726
1063315
84562
164370
180601
227739
256400
326083
355503
359297
406022
424435
439249
444687
580041
581583
605220
633741
656824
667418
823019
922384
930384
971441
1004141
1023033
1029212
1092459
1104615
588992
27822
175981
529782
257272
33982
177646
606819
359652
952120
200187
403147
27347
295272
354766
555824
17870
332181
66706
510519
837036
121705
304393
28881
13076
150353
540776
13935
180090
117510
577353
66882
203069
558920
61493
210755
662959
290120
368248
295133
100998
285858
288283
854826
483753
623291
4312
10936
460122
587961
99173
393278
293596
733834
267510
2811
128737
162110
133226
208426
882939
464114
61786
789340
818369
1087490
15760
31907
44240
921913
960704
775448
12434
583302
13319
801295
227952
752061
7438
500186
1066488
655762
902486
87821
292961
57366
285500
805113
32546
837830
71495
844840
12776
275916
141521
910788
100355
712452
712453
493004
502719
61047
164952
170163
820213
897172
36635
65090
84500
87066
100746
198858
216491
344475
636034
725750
787229
125226
49339
128653
128892
222600
102923
51154
3399
59138
723181
539130
646061
192234
149124
576309
4083
102245
271035
99477
311831
121069
24587
357430
261448
899119
386915
257946
253669
233220
713888
344527
617216
237972
329613
590025
87014
99484
805059
389058
59446
195198
678303
156631
94392
41716
1086130
499537
435663
503323
265319
15824
549980
170273
431983
472056
52584
294800
585331
30866
45182
134478
539857
1007522
927006
1078387
419728
782775
96142
64863
32653
111699
19402
331392
318763
558377
352149
648155
78010
238972
121126
521905
25006
814284
468316
89700
833079
524437
625528
369493
904280
869862
153155
569009
278335
295314
160098
135384
44541
474583
528857
43122
1037780
64595
758251
368722
64136
634272
1025066
261809
120447
331228
471305
921649
331635
44051
141497
130964
216557
76091
632926
443540
200961
154060
139123
20927
445704
346290
109987
573869
136421
13618
307554
49856
273660
437311
832719
628692
464886
29253
71225
149213
33927
1011006
27221
791256
884072
257456
336708
369595
66502
356740
259193
332156
492890
340451
112965
381455
17674
133673
78485
299762
173978
492025
144551
71372
247191
623358
36828
148614
473846
361130
526028
62512
71435
532898
984836
587487
424822
390190
602692
540351
612612
724350
96177
135098
319741
454942
139233
530514
223485
270968
875594
62457
121636
391487
416134
698770
152935
65037
369202
146855
584784
20855
186920
21370
154534
368549
1030584
71453
478622
64799
252902
43445
9975
538905
104061
339376
341557
75283
225714
257169
355671
96649
851724
127480
23744
51763
40873
563477
20662
270014
356199
529817
777000
634966
135401
227845
273547
129799
53561
276930
249555
447170
357437
1003494
436587
17833
706218
540112
77379
543551
72641
143152
263724
315934
668326
94855
445958
992058
529605
599652
19578
92127
191101
147102
841726
267501
648172
160993
1435
201246
155506
959755
103866
101443
103296
592052
191149
984988
146824
140620
263307
92526
62703
121178
91986
6480
240803
559872
64735
104235
138896
219777
226779
598104
44874
345829
860231
732283
65668
788323
702437
257271
533653
79924
868354
75793
68834
253266
160736
220619
483750
26704
51190
54749
347435
611163
630680
772748
473107
755673
699855
96239
149891
461730
274969
529281
318833
531604
415437
70948
384772
260106
909235
270961
160284
191317
298049
668055
34005
505401
492903
292564
266345
548623
735006
911277
334197
5025
2532
236507
1105093
303837
348544
219649
298498
112655
483
698928
96212
52237
591256
6320
394405
336471
4857
9063
44958
19963
18781
406133
95292
520037
839527
164361
532892
447665
628226
78049
101698
134243
696120
127061
36727
24649
65779
120224
118013
157197
275421
32563
155386
141222
465033
260360
1674
269471
483183
253953
532926
267886
174827
188014
102118
530204
628069
198321
149657
83785
29342
1055800
837915
46204
115692
95892
271416
210733
2994
446775
304951
464909
31456
271834
93500
997940
1040223
146971
115335
625244
151668
157695
159629
160499
264782
955131
95729
500463
529838
207691
815771
202979
150046
1130252
66433
395542
826424
628682
7422
173040
497017
264657
136560
492968
602425
351173
150574
146668
921903
264722
830577
31654
983796
866665
286889
269526
288845
150361
751469
841772
226414
148342
1017024
38068
91918
27000
1081392
21876
141494
246382
386726
697208
217200
664118
1088491
890520
222009
479258
163356
963064
46101
641927
247447
154046
1123391
12388
431730
455280
1026423
473633
285346
285131
151480
188487
806344
556394
230201
235549
648646
9995
771495
399635
53155
176212
466714
226766
190583
240389
887050
1090359
4227
22759
23365
161271
172363
88497
474276
10360
510621
216483
286576
1117046
208760
1006315
261269
349196
269100
3688
91701
102845
471475
528531
903514
347089
957763
65329
23209
934253
24200
290713
163538
211524
254846
498820
940629
947038
220411
453495
640966
737283
86185
177656
269645
696479
337095
141250
767905
879131
752095
472267
356639
767561
563697
273400
777963
339356
43010
622749
435429
19484
32279
764664
5039
431436
125307
283379
151829
162368
47227
1067174
117572
293075
84350
23816
573749
66336
912412
239857
523713
288885
153114
71891
288839
138606
120506
293174
394423
249832
314125
447209
291941
274366
482786
503849
195498
18061
844342
135157
101351
26996
534318
821125
70287
742057
30559
100238
363725
455277
570046
697669
193040
534418
498614
570347
153731
223431
130965
66360
83191
92715
117841
164051
205803
207207
231723
258673
279917
284470
335094
361206
393445
417219
452029
514732
686040
735423
736623
779677
829574
903024
925334
963354
984901
987064
1024443
1079871
1098505
1121810
255783
158367
368349
36228
65866
556307
426789
259551
327465
23232
26489
332018
456011
128647
74600
251874
346720
3665
242105
88519
260777
761941
863033
512308
680723
1030176
1053866
464334
154572
385880
868609
971035
1133302
506356
331679
495122
472404
203187
236920
201774
1011505
106430
273857
74031
240498
244334
498798
707053
121960
254316
118300
207568
645114
121428
392197
787458
367703
309831
1016524
314047
98399
115799
944770
219108
683519
751063
443827
291659
644509
710251
710261
26931
36798
50547
103139
162140
193846
254267
276081
303598
310282
333190
382213
456006
462412
462722
463992
487686
555812
617243
629619
641094
720319
728961
743972
821876
863983
879695
881619
892102
924558
1028083
1047117
1057654
1105281
1113045
1116345
1118373
338922
390034
7750
1018359
294707
971557
364471
340871
1004845
353745
227252
249692
821245
189723
54134
13512
22794
40004
88116
93983
170946
742565
1063083
438359
908463
229319
661067
77350
96507
973399
258086
58882
105810
604675
3476
278016
191367
75893
186586
217222
235992
538267
590407
810750
906483
933436
191361
275267
265622
246200
671194
716154
658757
285005
70498
4057
203134
291044
118947
65115
97248
117873
409000
913843
256779
902525
832558
274693
1034242
229161
287102
184281
172598
263114
271034
69491
1118741
242205
145136
370308
158684
459139
994406
638036
162131
237654
787593
157926
220615
417795
1058272
994759
251006
246577
790866
140769
128495
341458
455701
91368
157516
399890
809682
206893
189300
256556
119640
31075
199438
749953
864531
806949
999779
469572
687818
322883
53157
640412
1103811
249835
33396
75117
89540
922491
1112615
3337
1090896
452806
326480
532556
184171
69079
1133189
351372
139133
131479
772211
959199
497705
299518
175164
622330
820088
233780
163933
738532
87301
63013
75808
242851
1085431
70863
199221
506547
653560
845467
188306
17235
873264
132854
65299
726516
396173
249706
64891
269941
356094
171229
552411
944114
131195
1012139
218578
18957
352409
25245
184998
259644
1025216
260071
34021
254691
397261
134749
43564
245822
1050829
6271
573690
19852
1019194
268759
352732
253974
455502
45177
64478
76695
105110
106477
151153
174034
285478
298395
553992
593025
757396
802804
819217
831163
843284
981647
1006035
1070832
1100390
146397
8034
381485
87387
95031
164305
84905
850925
195572
18118
388897
476460
153832
218839
755117
264254
177680
624837
684563
646426
91470
106184
117786
251179
272151
397228
510155
915809
163622
459415
4337
715410
209915
677859
15584
8049
667434
1940
91510
772521
333711
446794
75214
127340
146369
159353
34653
221597
842147
88311
215634
761638
642676
77235
287592
3604
171525
605900
660569
208058
655827
255759
137519
466091
584729
149193
827639
445787
9722
532039
160139
136927
856651
112588
1046215
232284
23939
478118
733918
297364
25994
207470
273783
697384
189671
741399
524122
112585
746929
633997
113184
156657
124940
55143
968579
68404
344200
506226
1095812
227589
180530
822183
438065
594857
6565
67217
261623
257108
357460
218932
110288
274993
575257
287717
1006507
851875
612524
580225
141639
100687
416729
1110223
1245
265120
293542
368458
1027067
117260
83282
941651
191560
191639
26350
51642
738200
151494
356730
475875
183990
101726
28435
132343
399554
569573
404622
148794
260349
24136
148920
1012556
985170
337142
561148
208011
343146
160294
53472
274469
351179
358519
85756
18164
931603
392088
21092
142219
531187
191777
160277
333908
819173
110679
588292
776839
769801
396381
605897
239204
629394
77213
147830
347181
137620
10857
75068
11110
284110
190865
611
155635
19690
582098
178854
7010
261734
456012
246616
191198
9795
121432
147272
230000
364421
151688
148208
246588
322295
23371
648016
103182
121807
344286
64854
921742
83691
96569
412349
62239
357040
269940
22344
1074515
219106
102443
22418
71330
498717
75002
163035
273021
262562
317892
601423
348039
319754
483397
631240
433526
295618
54924
241326
94655
201740
592988
151918
670772
106523
715601
339868
559902
191464
458635
250725
765180
43886
53797
170181
664345
271064
281895
443945
528040
287059
455152
58175
55647
177569
153126
731467
334963
292623
75015
252243
661443
519778
7916
592375
100481
238555
597058
829114
558111
114419
368632
510652
507811
270022
155045
532077
320456
221408
500098
73889
184276
658407
434606
91477
341016
619375
218248
152371
122545
464389
201642
256096
141793
419253
1497
131491
150861
277042
230626
398620
361436
800856
530898
26506
25241
163741
76017
504249
191224
615896
29244
357604
586644
162380
9548
293094
171389
142429
629596
14111
919540
150450
28425
623237
987549
160688
3433
472106
1033760
505636
217419
325226
516227
172390
139148
331348
711278
111784
97252
573785
20154
147109
36887
541230
65546
515556
623037
264572
100754
151011
94202
481976
668150
240992
262196
19663
185966
131112
88938
260646
103075
245111
218492
103297
151805
477383
409688
325900
51449
281508
8113
26654
69114
141179
163135
715377
803003
855839
876899
1064722
64841
423786
236021
879388
79889
274465
543203
464911
103464
490524
999790
1103216
281114
155022
71681
1639
220812
614405
448430
894206
634749
148138
667967
490117
251055
383402
80473
503452
675511
29058
416724
719108
898707
851838
114089
9564
573774
651049
1109260
946869
146325
144992
104029
477798
21647
71028
150850
605439
46021
788976
91924
702183
70829
575448
808922
6333
616502
64740
103770
259645
26597
102892
445938
68318
177713
579847
428178
151416
243912
96772
285257
785592
250080
74943
277194
572897
139426
134744
387470
777294
252247
224622
140270
552249
738333
575865
430587
444498
537948
84719
253128
41752
971597
104047
88775
457994
75836
582746
28850
153951
765082
89016
318686
24690
600659
75487
326879
6921
85872
157395
38383
9385
747656
692730
240435
190750
515710
363793
144628
383616
42954
219816
28339
298067
23087
704624
327543
100052
227120
102453
148437
458454
151530
664077
380633
132456
1288
1026661
456010
436983
469168
40476
854182
624105
639776
179601
10494
904470
614284
150580
738664
334682
1041957
121776
277077
664268
206277
517090
356228
433879
12592
390234
428140
242572
273071
222556
180141
101837
616805
289526
436671
938797
1048872
99478
106538
255687
319798
453798
186057
361562
326479
224118
584110
123087
624628
148734
831524
560851
74527
189686
679217
41759
494256
1024720
36814
104332
266812
245116
1120544
209589
364023
646087
908331
92126
152881
389317
528950
624555
74422
440234
511917
815910
1013268
263407
247953
196438
331083
940533
940534
987289
420956
448015
311988
127188
229431
478313
591358
435207
109853
833609
231146
146650
270219
391632
542740
1048093
610007
1013830
140619
985334
235488
20515
271793
17622
179794
229209
303139
256199
673302
750440
187290
751364
121755
1113247
667397
292137
523696
602827
322477
264554
188596
340806
331136
3367
201766
192253
188451
388188
362991
181724
174912
451719
771413
43559
113004
1059209
700742
940694
384546
954841
561736
788965
816707
434205
476880
299714
393499
153454
255050
334641
361891
543045
262554
496871
6807
140189
19373
84158
188290
27976
275088
438647
644219
43949
135108
267600
543189
109042
30455
103570
199047
996948
575200
771960
266403
91017
354147
28633
2168
98977
1085019
201354
34723
680432
817711
261877
510717
303556
49596
596551
91321
26404
646073
537946
200203
207809
823508
990789
512374
17595
29786
964790
7514
24484
801015
1043459
449462
163831
207394
444478
110829
275554
152979
583659
238587
587301
293226
28992
263425
426761
146605
164304
245393
475439
570426
647086
78955
257432
892758
455013
1040170
795101
902664
1024162
794079
505920
918572
300527
637209
536143
65613
86226
345878
469394
543798
614051
27342
43168
95559
285037
25792
416817
415482
1134556
136907
221390
228000
715269
957080
1059726
1095103
436479
1079878
59412
195451
289383
819864
604598
814592
828652
227745
751527
219636
350485
25985
944597
632109
227441
70282
64422
426838
435483
80137
74853
151974
626992
56020
594416
45563
215427
416523
209967
636017
646198
146271
19348
7989
1027281
119340
93850
464984
90973
1024987
1024988
341782
581411
742635
857708
546491
915672
836589
447611
820785
62730
52474
818456
73656
136423
331030
978829
635387
331654
293031
134183
29948
583132
159497
33448
492621
479718
416982
242812
393917
131992
87004
1041547
77561
179874
121070
198869
235150
15444
199990
191708
918849
274965
99227
271250
563218
88332
879214
72122
381378
359624
170562
246371
638550
62406
277691
419661
523716
938182
866060
329232
482489
290686
69965
293306
614854
897699
137312
942671
606995
581192
701106
562966
1034716
680317
253651
19523
477912
464902
817995
588944
8392
532629
121790
568979
770809
119904
277243
910925
1081766
19949
356445
161956
1089857
294609
197953
95439
85681
612280
23624
10058
276550
443940
427639
69888
180378
227359
767333
531785
1262
120220
774
457986
449367
658450
128584
45022
47172
81686
96044
108993
170648
189955
197837
207764
224103
294775
321266
326332
346710
348043
372917
476424
499351
588958
608503
622301
633540
635865
659744
784061
808384
825514
826923
841923
869321
871896
891325
954900
959374
962378
1004119
1060545
104611
186571
217961
235940
277177
281839
357410
474629
527790
572772
830095
957795
607343
163731
779687
812529
62097
99475
654311
999049
765152
263973
879295
724035
361533
24795
640248
30906
581668
277617
114852
532792
888802
140581
6133
249618
549702
37898
1055474
174298
639847
54784
508215
436404
272534
145132
271219
269505
688861
155780
335048
76855
424476
319980
122598
773058
54411
4890
96525
499374
121277
700577
1118537
930266
528417
192641
464517
64227
483405
139191
503648
136565
416805
139197
49896
97319
349740
667949
827062
346962
933709
124614
164294
733311
28973
265347
973048
624389
86510
274422
583440
520771
907793
800390
281247
419108
556827
264571
831616
40457
992420
151978
222881
149848
230669
722616
43295
97749
100222
119845
201639
773279
950793
987224
545861
618012
729847
566786
218259
295206
84414
257182
293804
114196
540172
861178
883241
175368
253193
299830
792880
361821
689253
783393
896184
244584
563436
134116
466159
149789
598884
319848
21458
23868
851621
969269
62314
395826
201479
189785
101869
960762
90967
353320
57942
67673
105025
204992
275972
360710
859180
989158
998656
103610
139307
336401
403302
494270
555809
681601
693500
907740
920911
508185
536520
115288
104357
538743
697893
246323
448905
28539
934434
661172
244053
290628
13483
702875
479197
34231
161120
75224
318789
727177
53415
207822
394949
30240
42796
517352
820665
192568
385051
499328
67685
272966
515599
267507
38429
106025
298729
638
161085
501098
638481
385041
102291
336863
398093
350015
529445
1043317
528902
262880
82065
163457
352331
754335
311813
932016
897573
49861
521145
554132
756938
174948
338182
352037
938115
289597
447139
17790
206302
768742
776241
879670
941086
623003
217058
1019396
414290
697838
569361
141750
210902
1092871
909985
58401
380986
503382
48376
89694
636137
232199
647369
694822
395512
179903
1841
38176
517623
681629
102534
1025030
79244
769506
20241
317193
508304
978575
139944
209239
19938
348895
519899
74416
71146
305392
364134
587392
336420
848425
125115
529446
298686
854171
54766
254778
271710
336395
635960
77181
191268
851176
244944
457737
385829
14420
505896
35487
10393
74983
356794
147508
341886
176251
981580
317123
647876
1061789
543273
297144
78837
780972
184181
600165
201297
102866
128570
773126
268189
361892
96152
273691
66528
611903
155546
917529
114129
222552
148735
295276
76931
78305
503279
25936
536940
118552
483411
537950
556106
261890
419158
58126
285675
571838
121266
679218
90903
600012
349453
159022
92727
519901
266119
203223
680431
93299
47300
595272
364550
156531
62694
143797
221643
160901
103985
228480
616027
7829
239853
55242
473589
632371
41268
242313
474409
143851
242142
463458
183863
136426
899160
143817
359623
150792
578910
97030
16793
690274
270006
7349
705004
546651
473886
100697
64303
137435
139400
229390
141243
507190
331427
455209
103051
586645
148209
236045
30894
76090
161602
244503
1073640
254673
133108
271504
294774
10274
23070
551973
908163
146246
85850
95771
200130
521182
257991
541467
478115
27158
161459
162591
888223
262389
357511
927819
193919
580017
587353
638625
485083
445660
118744
439794
96176
319844
346485
466878
61224
91339
13358
338868
334188
732406
719015
389914
821553
176581
607024
531533
514345
148906
334680
592272
151414
528765
871941
171529
17946
121203
48022
51752
522744
156831
940891
323625
597339
475496
347389
102339
40254
630
135345
231400
46399
522783
54903
210115
149996
363690
104559
12270
1011152
26217
650534
1994
752019
112961
20647
180113
152672
131078
552725
601112
362692
585250
180808
184293
227357
273099
383444
422145
519828
658279
925377
452223
283497
155470
259249
82574
303374
44170
71430
91238
23551
829576
120141
238529
7314
137658
840330
8802
40863
71204
238712
453594
189060
33216
75848
870373
933011
409006
70964
607764
156125
150777
231916
284261
783433
146972
359534
94800
417533
328454
24926
214291
475959
278065
28666
362295
258103
64220
571126
95424
891064
424451
482139
189549
17062
64237
505511
8655
695367
133977
25525
144813
31149
103538
70596
104763
829050
951779
250353
121578
96361
653050
101961
81191
357074
248323
381510
993450
115830
424530
178729
143789
510141
343232
267437
580799
992952
1064798
47067
59989
199683
93243
352103
17109
255340
347539
96409
207806
196203
601043
309756
242172
590307
147637
9721
827
72869
320627
454278
257835
517432
390486
277013
505231
178313
123061
45802
577267
633480
629966
560783
1078254
1121334
164738
275253
124743
145643
145509
418854
161865
160599
978718
237192
160954
715676
369521
41353
73613
177924
483073
7780
54939
588738
121637
132533
46195
212524
550022
74959
174316
499057
161304
697059
314870
20753
334151
562900
201276
385689
298658
61814
28217
24936
611290
447816
531402
104195
524848
329250
205972
664605
253522
19655
428142
321053
13042
126380
678558
193136
334664
840743
299097
152689
152238
512117
468394
201762
318976
209929
258801
186914
104076
448572
242095
489225
96966
61153
343040
992777
122220
511924
511918
71259
119321
979323
236004
489841
207792
317925
661101
448255
388054
161804
21143
24329
263484
219638
70920
733982
845009
531603
116845
108681
1056734
466016
259034
503448
538792
417764
860405
287775
1099581
465432
187630
25580
681954
222120
94441
122480
197504
198126
221081
232936
623779
640367
667416
819594
992316
1132227
69793
412312
517409
539747
670565
683141
168461
686152
456746
456009
271095
173003
562655
462834
72302
208564
262205
270793
149970
183641
510901
242303
296102
97020
211295
89094
742303
44572
417033
281032
914384
463215
924690
917253
438323
158733
150293
160739
180138
87219
293090
196812
21150
381724
601735
628963
134198
95282
26108
103157
663346
300659
218782
457412
558087
762554
900965
911625
201207
229500
530393
743299
408625
370218
349286
252290
524033
1115861
369051
161680
149183
26583
253950
270502
334067
242074
332222
39941
198685
611798
635598
457487
165506
689102
29156
544703
1102428
453489
546641
457733
337021
676120
651103
131492
701104
477931
588829
929919
75201
185779
91712
149954
1020017
733367
531767
895882
91242
952397
365285
1037000
981984
221967
1077137
163799
275265
475604
543226
969620
30517
210481
160239
369285
831067
803219
570416
216156
75001
1002085
18323
69482
95242
131004
731579
33555
392693
852258
145790
151439
434114
283391
67005
31887
120041
532457
156898
995485
311818
20142
333630
195463
309791
766673
733665
79731
95286
448907
413463
790211
769656
1071696
313964
462691
592234
592235
247178
290666
741751
851894
98319
1117655
50790
666636
585347
604027
915878
984559
542260
1019837
569367
587907
971086
125945
381038
805247
174748
185904
22496
1050182
238436
796768
47852
2020
158150
33906
593522
880363
77118
671474
1016015
281289
880153
247893
189598
191815
5036
937433
969737
299805
70437
280363
815428
66573
226865
40105
106313
479324
544435
734490
478019
533431
534378
573719
699176
955739
971560
1006882
1044256
4377
87233
92638
103548
123152
135949
147201
152875
163747
164119
164300
177097
179600
182359
183301
188070
199656
201905
204535
207879
224095
264057
303000
303815
328076
348921
386730
386981
416558
445854
543683
582777
592568
607376
630881
636644
639197
681729
696027
707428
729797
732100
749789
752852
771979
792637
806957
839217
865835
918921
931163
932775
938863
1008925
1012612
1019188
1023530
1026355
1059505
1107283
1110854
2110
50157
237421
389534
900722
723486
215323
222641
174499
821072
97266
752067
24651
96446
772000
783629
502844
157158
136656
868747
122087
971075
488191
4029
670875
446028
507104
12042
605192
1134082
217341
8845
212879
616552
349222
172887
334791
463567
1097551
464417
605960
643793
347795
237204
640231
1106782
576280
17610
265909
121589
295030
1133152
6072
265016
3331
259929
146551
958281
1002378
438699
1080075
644834
101677
1084786
26975
955563
635517
381877
384668
219207
522232
607141
27759
216777
381327
897963
108721
330904
844122
343882
238577
1106641
440682
101812
216753
302951
398913
1129492
262121
488169
227445
31389
120142
200771
37654
160582
370340
2761
261288
496902
143876
159482
279135
220808
89179
99737
266256
268742
449031
211089
944058
450817
1071895
540166
937504
769655
58493
198421
410742
150868
260959
432490
273604
368790
341178
291940
258189
529335
449077
1057854
345859
1123982
268824
622439
36481
257295
161285
848737
894100
37820
289164
472537
497713
634842
458436
286176
35508
45739
357319
137553
6246
156080
884460
899156
959594
22126
127015
624658
36900
134038
271809
312964
476068
807881
219984
314058
622270
290343
127509
68542
258826
354343
271682
793361
40144
45946
104595
133187
249345
343208
360884
458791
476035
547626
552881
591372
633601
672648
773124
896673
943633
1061247
1108543
278453
317922
155398
740326
70246
138626
217546
325325
982806
239448
1085214
18299
905201
1002933
1013736
340987
91481
351698
293019
39238
141682
256285
1126627
265900
896804
546502
260446
98369
293630
494033
936578
265325
403701
858882
256404
360912
101814
455512
888597
72124
219831
416594
688411
145620
70644
192677
611036
349212
497959
152242
354099
314177
606431
1017800
101300
616153
806969
109033
60022
253829
300587
103743
729425
241032
21178
42018
163713
257186
449582
879910
251683
252944
732297
907261
283316
593079
115227
291433
123200
383143
839284
684384
446818
1117407
36317
449562
532639
1081393
27645
1130739
947259
605537
960307
141929
416581
109002
333941
191954
785894
260870
996588
1021910
255576
26284
163934
274874
534108
836796
316889
347273
474487
824103
971048
476141
32578
263534
777401
262279
288987
21438
336663
347929
1028027
1104665
275897
901769
999050
354082
670600
607670
950485
33069
807597
857967
350647
147628
102724
22835
754186
24970
162317
821308
635847
270330
69966
162966
827598
336854
709849
1109619
585039
136360
588500
453582
278623
29754
19146
84353
387537
641099
659170
683298
979188
153061
454798
70296
605027
949968
1031943
681296
174896
96271
416798
433267
217481
331351
361168
244984
300516
45174
397266
218925
854211
188351
29584
462970
740417
804196
285880
887141
895883
258108
562648
174982
386877
44853
70027
1132600
39173
267251
46078
21261
64921
632108
688547
251641
201280
2760
395730
247805
288347
265499
39745
222553
627987
300176
612026
819804
479845
247179
50740
156111
119484
357435
142069
523458
286175
153877
673190
482919
104470
163760
494273
212271
149816
408914
335352
253723
144958
556636
63676
336901
25868
237884
91849
29927
245232
87537
610369
64249
330983
439159
440159
341977
103143
34947
475605
283510
94829
173232
34773
514079
134804
439272
297698
250363
855031
519847
958464
780279
332185
536705
1521
471317
38185
299464
583341
236558
67422
157545
29964
319911
233277
148565
151897
226802
493411
170176
24012
640025
269651
208833
95679
98181
646430
448348
97000
95285
914255
223838
196232
840223
935604
941453
252000
499858
204424
162241
206225
270852
121553
268072
397750
318508
1127151
770578
370193
538940
140587
463528
770156
822465
830779
49858
1931
158275
704984
100230
103286
646731
398138
732617
611132
59993
144292
158401
162899
71108
64360
24809
352102
532465
4381
259885
229402
64211
289748
263983
753871
473899
587045
666309
300688
333781
162819
128614
282493
42927
435417
253000
710160
71119
148678
101077
350218
351174
1037728
257327
447961
239595
299739
48733
215481
547446
578782
537196
78344
191266
804983
96682
30283
149199
254211
160713
70950
336779
250609
641829
147859
241375
151726
7004
821122
326381
534302
19533
229371
239640
573281
320776
856067
265012
577394
275604
576063
19560
266238
792598
136759
30622
59591
27629
151099
446288
602131
1397
261682
8453
242238
255650
121366
563166
329538
12578
286229
659397
695139
349287
334271
328457
25964
503418
121689
595572
801461
13021
40265
139257
216261
220560
328250
125099
58382
88342
157020
112860
132088
960859
153524
435315
143246
775583
393280
443791
638610
526623
98425
289480
71217
349757
435194
297701
100411
356450
207727
37819
1005921
474215
829632
309121
1101721
120600
342301
86147
359774
298520
1008348
96466
114695
254944
68942
48003
2036
583003
281594
155838
381425
445431
920136
420067
216913
44520
217404
277265
243235
215536
264379
118379
1098977
154079
159881
98454
368514
632336
64500
103281
831899
626852
745382
578076
350108
655572
419358
103245
771291
299734
96390
272089
296095
321470
537176
861058
911305
592508
430760
249769
453359
164413
661706
666359
274194
63958
13569
71806
434230
261464
274174
1069821
561624
399757
273022
439765
262184
476299
996400
155698
458314
179977
164708
398656
808829
1025221
438346
281091
531526
104021
277488
351178
343594
319898
474149
180873
174791
163738
91024
531880
178764
24507
205853
49815
298742
403072
51634
130955
340786
490573
63536
51782
115261
103448
505909
215113
851155
858538
980629
143761
149733
457989
496318
159176
329152
501010
334949
607778
623053
162109
463931
31455
586646
134195
875116
521747
180542
117856
149590
518142
34421
96098
959493
899485
842838
665417
744069
25134
201568
1049291
583554
423888
595929
562108
6050
533460
787411
1092313
353747
357440
64190
54837
656633
79604
35967
280338
325540
842578
612894
465820
763863
589023
1109241
28010
1070674
1084087
921055
890128
506604
869749
19741
611206
1052516
95727
8739
11801
19112
40156
86554
148409
202316
257088
333942
361665
435046
454236
528949
565415
566164
566550
570941
579832
583304
586838
633411
639800
678476
705747
730818
736556
737169
758168
766964
773077
802273
865167
874893
944935
967121
1002301
1020746
1025387
1077984
1090174
474312
437259
22171
69324
104818
164402
235418
346767
519980
766644
896518
911803
1008692
1061744
37771
46083
52634
55848
88797
94563
132167
139835
162464
180267
297990
300317
339873
362020
474324
651381
762947
831667
863260
893088
1009335
1038229
1062306
386759
410990
453859
533457
617454
803611
813861
819447
869261
982411
7493
193936
901831
1064364
569526
403043
386979
239711
588727
997500
640943
326918
631387
147698
816346
22032
224569
662134
1079348
640379
1123062
162
37026
45219
50337
104963
118271
130723
138242
162145
165274
191859
192655
220025
235300
260149
275404
279415
284692
319535
325993
368262
386257
447632
454820
465687
498494
532276
544614
570762
571407
582444
589024
591545
635029
636182
658180
681206
716735
772218
786968
831327
851747
858032
866956
884651
896966
902760
916079
937409
959345
979217
1006052
1033212
1041152
1050090
1083755
434830
923066
506103
639949
84440
699886
62649
386022
25895
18930
72953
212278
97093
28779
623035
319814
145983
159212
785437
1133745
439834
47468
97844
455835
163277
562
70614
85639
134002
159793
574074
809942
841537
91041
539363
587183
807748
165422
1043791
71592
48734
671112
1014972
105835
135480
144348
170242
172606
185853
246964
327153
355709
464827
471480
521945
570963
634385
645009
653634
820159
862729
1013727
1044356
804134
585919
638418
905478
281227
279382
207212
210673
31134
509925
188359
198814
72329
473826
153732
244870
1110002
908123
55629
498838
738392
14137
188436
120598
265059
286443
348246
986352
778506
559292
19385
22757
299349
219442
807320
188499
498647
430289
933311
321548
602010
778667
12761
280165
35404
126164
25835
532485
151030
92186
95293
246457
349715
27084
396096
532134
486518
650436
437208
829306
1091972
1114353
906696
867934
269364
33145
659979
819845
467968
547601
852316
109022
68533
598651
653524
616961
61903
841221
938020
1057729
205764
229336
915394
1107516
125036
164764
47412
299128
123435
595619
244684
500965
28192
227153
344408
219531
49065
447703
656958
27799
159096
173993
209347
130315
872441
95838
3707
3848
464375
37241
475786
110781
143262
894489
240436
821069
242315
1041626
1042816
18595
9212
250121
255999
822621
241370
9981
783422
255977
142643
122219
236095
486998
243284
77557
274112
560621
59393
104343
1102203
1132767
129213
1120113
359773
134244
156199
268843
976640
431764
31297
82910
477219
590142
268129
496334
968259
76440
362166
155096
430137
684034
1105810
1123570
126347
519101
445571
574852
114076
246367
341370
364491
714745
239781
335797
308121
103391
24118
231161
302242
240395
87461
473434
1086122
555861
324328
448250
2895
71789
180541
271653
416161
56193
120085
589921
44182
292232
904035
381272
37735
193576
236018
23059
5306
587590
272645
79514
419618
119051
31645
863157
1091818
32754
92559
493078
859168
87135
317811
345911
191282
558009
104208
455366
489872
532214
1011
116561
300680
174228
58096
161440
248306
523690
499591
293050
100742
103015
118790
160670
1107832
75097
93571
98389
150180
152410
255219
326732
444438
769983
790698
920646
964202
32060
215789
640754
40983
893266
1071521
159109
71873
191692
161005
353393
990927
693207
1075075
7974
189082
553701
295068
831723
131392
150752
185983
246589
270193
335544
187340
237149
252144
353819
158052
256572
895130
698519
121535
668414
608221
382276
933576
272654
739757
740637
633994
1082622
553358
49459
152446
770659
71055
738339
151511
439939
292008
320243
61927
288850
386771
648743
950898
95303
72484
88746
142369
707263
729062
795825
133230
372915
59979
699108
240464
218423
855672
512163
92281
74112
290765
560397
178223
26272
963334
1125868
69836
286086
13781
19191
24975
29110
39269
56370
59373
84054
105663
112871
117809
120061
132376
142611
148788
154768
190042
206890
207018
219855
250389
252898
291396
317622
319847
361645
404596
438916
457133
467709
492239
553879
577309
626922
627366
639671
642728
713611
722146
747795
763586
796453
840275
853874
887095
888057
939018
998960
1023468
1030895
1119273
1123923
197560
783496
199548
473761
261636
243116
547625
268622
7636
13266
385867
752086
198057
682877
123793
868919
772917
1055883
756530
972127
286853
100930
224046
624314
883015
86792
184848
455723
148057
657873
4881
19914
263693
279947
298987
327351
463907
490350
561977
586540
588310
567319
85410
46037
361368
230790
1037730
44795
352759
96886
858031
1049078
120382
350113
466890
816343
625579
350176
64236
141230
102612
650411
445432
12982
684861
236117
329791
154429
121451
96120
51751
93334
115700
246574
511117
228714
244999
43033
463566
1001129
115710
64917
671866
734802
626340
5842
315497
258832
645978
70824
84784
452337
544639
121502
235582
277010
770658
71342
1037543
148374
124061
274870
500460
634172
49638
186935
78774
141202
626076
437218
259172
240051
346753
101838
119404
856089
153030
494263
562397
67370
592517
848858
437215
87968
222030
790935
355026
144300
267986
596054
173288
259114
478927
122266
286444
357442
13860
40440
904190
1516
580807
560982
290352
264670
715573
364566
156186
381677
632665
446358
417036
143809
184230
671684
144868
678167
567181
206880
504745
208919
41687
555114
1029709
108558
241092
975875
96878
349398
92790
78952
31612
188505
236243
103665
238840
546983
195433
569655
492344
562039
852317
22449
1006135
499079
1026805
208020
586567
402934
523285
488245
143736
657484
499251
489076
534847
289174
1029900
152385
396616
546813
588563
110719
71862
325881
195798
159885
611098
714021
347294
1020669
123126
117736
1033216
24186
29200
118575
71363
589651
77326
891228
274841
42938
389693
159334
52936
195312
414110
26949
322105
546864
368553
17865
804331
713439
495097
19740
150177
310736
71198
325728
62034
78893
297550
315059
443505
489780
679290
790135
437689
344504
124960
131032
498808
1079037
240372
403222
653178
42866
110061
103260
386853
451364
364310
131008
156143
92226
1055880
524407
35177
289814
611299
602093
293418
644294
403044
462703
662860
105737
263991
635056
657493
778507
103320
177779
96973
45004
170105
402174
112998
727580
109032
712713
95314
700267
28337
4264
653518
905477
510136
283464
392336
856711
96980
583849
361352
762080
716257
141377
267166
351497
240179
180116
174208
42794
339371
574627
239780
47660
187500
218352
474523
671738
801462
792587
524060
24726
64577
273268
603724
58264
207490
666308
712328
150598
260691
364402
251685
91901
940774
265274
987048
24978
575864
264564
218835
99898
120204
130888
336727
587592
535857
90963
550139
583406
30586
329283
398407
626724
121247
189730
121352
4435
677714
171443
8010
587591
268986
408915
477961
382741
259905
905660
199597
691762
135189
657077
28296
274872
269280
534840
467876
660098
201065
348631
86133
544658
54255
18307
157142
548161
28823
806246
391804
477558
326810
186940
50308
68693
978637
80297
269542
74651
310127
231071
896825
228910
860595
503787
485482
321680
788423
337045
648195
242040
148376
9825
100306
152862
232661
186988
220163
962487
343057
331367
368812
108564
84548
17185
240200
53055
591212
153801
51759
693122
115864
92789
581666
31942
96011
542739
585670
114032
347555
37594
633002
208070
253201
764506
174162
857424
262917
48309
236469
71246
327255
668413
359909
61663
170432
33900
156306
91346
983444
456150
143885
472210
348376
431992
1120880
112554
506242
8017
334073
53326
555371
70876
39873
387026
612638
562974
310615
229764
74963
852030
88562
263726
427134
964990
491595
12507
3617
570761
661625
768260
819921
886189
927461
969215
996844
1038050
726844
902721
996113
275741
127337
53084
447245
792705
241865
352183
602
29158
27393
493835
937296
562710
164122
145996
703752
492748
188486
474882
44057
1113228
203342
362133
134461
275242
607528
724225
611380
59819
205913
505842
258388
553860
742747
178222
113850
587357
805692
270632
132598
1047840
331028
229201
931782
151301
448668
677935
21108
201831
346756
466873
589355
623692
736814
795099
1100550
210543
35195
91405
133276
662017
340477
62921
494253
204515
250420
593144
148922
582824
583646
827170
47236
602912
658984
59367
254059
345426
360548
198362
33324
837635
242605
580506
241700
660972
140528
867957
195593
536720
47503
904050
977882
341393
555326
496637
418591
269362
45799
9064
352800
904118
231296
18198
639747
267705
254543
239004
280360
146588
244022
146008
194026
466346
189702
277444
364609
103099
757447
950652
348505
438708
178203
23299
353763
230934
101682
180248
97075
243363
363401
484938
17848
43160
100722
583794
476878
860232
483123
359918
109059
59215
282305
159225
37181
1061433
120358
537939
1119877
73598
180914
955356
1016153
1121747
270050
605210
200896
124588
155490
304442
487078
64096
218816
592481
773519
415515
326267
766759
93772
164984
74785
123726
211951
438188
578295
1123584
940646
1070926
212322
170398
504719
721631
7153
915785
370441
555470
61933
717977
850600
134271
13043
176304
294367
492842
149952
316384
476779
776560
192070
100138
997077
456853
43901
69046
94548
844354
498544
266254
106371
91938
384919
229323
504445
95780
285583
949328
255830
178287
71058
584929
160990
716560
767686
133709
118972
228476
83226
297699
843843
264125
531612
1004184
280762
698689
588105
18126
35185
261991
589962
835870
906923
260290
455896
71646
242417
904098
768796
622267
69374
1050453
207377
536746
256179
678017
553952
42609
293424
418933
483443
18266
646848
103934
66345
78678
606959
592567
531372
1044480
398268
466927
263977
185889
1064417
31488
983532
44971
824129
937424
168296
39764
172539
251906
403108
551870
253191
819306
108719
289047
759064
172663
925459
334604
1097921
1003616
273652
869835
454934
149059
151538
163020
636699
649115
4963
21066
213232
438882
55248
157095
187005
244557
249151
329345
340619
359368
444870
460089
491064
570740
672981
759373
761974
772340
792060
793216
802915
937815
989190
1052226
13145
772224
967339
1041545
103393
58598
409191
893245
335005
79584
363964
930370
471223
50674
45059
913751
402908
66835
135950
265891
272926
669257
960032
345864
514694
391630
255302
396156
539421
869956
176579
147126
659351
1111738
335076
270668
885839
257103
637441
3318
772974
553471
767107
772999
463006
972413
240524
451130
23446
153929
193123
249734
501052
504437
928439
1078421
23340
896300
641717
830924
472048
473362
280522
49961
494942
3736
448592
60028
153124
1073316
63621
292336
667865
242102
848464
145309
76164
215158
810640
94144
96416
75135
440482
138304
753123
741958
390723
46701
994521
1120281
836228
1079532
24438
512394
766206
1062122
368819
956215
1067611
140045
23520
965208
1002621
878804
280634
570475
878879
915071
155476
396535
985331
157257
699916
20866
649310
539728
43120
892199
114187
126123
648259
446724
526979
139046
476153
645249
1400
290238
4110
277988
822149
164206
265561
161091
221772
83068
116272
394110
391604
356659
653218
24393
313808
573087
791931
493296
17350
843275
63830
518520
983058
1033296
117980
464551
762939
1050442
483187
954691
188405
845795
252925
195271
907303
188530
148837
581836
268823
239543
254146
512191
524850
249551
418368
1050044
614741
818110
112967
419717
518511
129878
215230
555808
596983
907941
190915
299765
644381
814198
975956
1048277
70035
29395
613219
80899
145060
614740
224487
352685
624537
821867
64475
772870
192665
861022
137707
61722
92426
142746
948167
999351
539249
834194
274596
592189
309158
162386
152985
338175
861115
247814
586
478248
156819
251662
440189
905869
63138
537581
240402
870736
443889
749494
179965
1012234
195922
876997
11669
666456
623589
536522
184132
76808
157193
597070
392928
175924
133262
667396
656477
930155
28678
941956
52710
102135
294394
295212
334078
757788
773821
975199
973573
993402
329211
122978
482100
1122538
622791
20780
821142
355219
461731
914066
306014
26389
524046
897951
310822
381414
483375
291188
889391
7892
64041
680740
48233
290839
88351
457012
974832
1110
32052
157308
400941
571173
701778
386295
72101
1111557
792806
225105
99297
940947
305
737384
493623
467951
283195
153069
329168
625561
390237
210384
305984
18452
161196
566875
69816
570137
793320
229854
739913
191661
801424
1052253
1043969
17841
716400
657994
984016
36960
912868
261567
24786
285453
716458
109083
384532
302218
975101
725308
171008
199046
1070906
1131807
522019
924652
708681
1049421
518382
103013
222040
313582
27812
121353
598985
63186
62489
148597
237322
271513
448295
612061
70164
364428
69867
1074131
615607
263595
661024
584928
96063
217004
726867
498085
4793
74439
58533
121931
269909
906931
134699
139267
133013
264731
339334
571218
173114
147432
313818
137517
133759
329154
355573
150997
267125
380926
856090
17020
570383
99948
289168
69361
839218
152607
544640
333918
101914
553859
361112
461038
101830
146360
906245
1019744
430697
102535
161971
391608
47073
423598
353769
984900
350121
878183
132739
984618
362501
677891
825655
276507
645251
730258
92788
802573
27598
297991
262968
191118
608551
996534
419958
250306
53351
268191
135577
836907
367990
634743
289402
123236
105889
589161
464705
309887
99847
539545
582405
259260
396758
71962
1006313
70905
273501
91972
626339
187975
131100
773983
4390
184811
502916
248438
331896
431624
653609
1117873
249393
686045
483233
463891
540241
588647
402832
523847
851843
541244
854813
819429
146938
640877
466843
775499
1015870
221924
561176
260664
455497
41564
265209
810610
839179
269289
683375
303700
250417
673670
247810
341960
263270
732957
75190
383614
28710
199477
19589
350105
158560
417031
528451
766994
237020
64150
122021
580134
241334
227553
345924
319736
715645
126150
139315
150892
171248
995654
369193
219322
641179
161108
476873
32963
274971
381626
434192
128114
19881
84520
538973
597071
285022
193668
224503
44261
629458
259153
548494
146719
236020
199914
260315
1055877
193946
27881
729599
343603
103192
64212
268625
121022
506145
96130
617689
507005
389116
580809
127233
74658
914087
539772
1095026
553861
85259
251463
579209
769787
144240
854186
704962
572619
289552
284440
861227
666686
592734
141259
26431
768025
155502
219238
151144
21748
922246
402872
504398
146654
927967
3978
293797
519721
505586
268830
347432
362277
95295
232507
145269
384573
160861
248117
44130
911363
970212
11864
354108
561876
451362
872153
92317
857267
419982
339469
28494
640625
145836
144619
513080
10725
538347
76042
117536
160257
80597
44270
238380
145508
710118
155505
498547
99362
242611
386296
33919
224125
497884
209523
240409
249281
85159
101835
221664
402907
776737
104883
265329
529334
784092
311689
44656
383589
50466
100006
98091
829945
272261
692949
65530
61195
195251
349334
97320
81079
505863
289633
94025
552137
589316
804044
478280
776743
52751
128427
364178
249498
231653
207534
499002
153939
350117
1044905
95688
552139
475059
110705
278099
272788
127278
46001
580773
459707
97281
44597
738136
124469
849206
314781
299515
244923
685702
436904
496806
191869
304931
659099
71100
908019
562989
5763
523774
466036
1098661
186227
581185
503581
1056757
452957
112579
100870
292391
696478
20739
606291
360021
247786
92156
1030799
247007
844979
252833
622347
148845
624542
156154
91475
557964
448747
272977
1104401
610526
667767
675876
1042493
241781
123791
949781
88569
583404
524160
555724
155499
433377
7595
13301
26573
29333
30343
34195
38157
40361
46314
65208
66075
78237
86372
87426
87861
97905
105269
105923
127098
139719
179928
179934
198857
200299
217143
222463
223865
236452
257847
262417
265405
272321
276904
296686
334623
338153
357277
369209
385737
397631
448885
458159
458272
458384
472771
498942
506355
536116
553912
568885
577234
584071
588750
590054
609785
626034
630644
636408
640825
663691
689457
729539
730353
761935
763988
783829
785716
791167
800637
836317
845742
912429
954924
984551
1003244
1007552
1027321
1041646
1045420
1060226
1062851
1084270
1088323
1099972
1112989
137598
216216
185179
500909
1035800
773674
288495
44226
409320
496689
417653
648527
120648
1022595
153734
34196
318874
591121
98013
206269
587857
158941
579849
95828
103621
250661
74368
451193
484855
844867
58930
147219
466137
907386
10544
1126836
681210
62656
227593
251838
435670
531561
544592
574557
635916
673299
826832
826833
831194
861079
951675
30921
106324
712690
878455
1059887
160166
968245
90092
170441
226382
289389
475962
528996
982970
469440
48853
18442
271534
369094
46310
566911
975533
807279
227605
890493
139921
733776
99979
22316
763986
476118
947756
825227
1122303
265362
477143
477966
559280
434121
210945
13852
532680
40280
128328
573460
845454
948488
160292
1077472
491324
380909
319869
94051
265098
804456
45369
98705
341188
100286
973808
1126153
153275
845114
209303
621148
299107
431796
46931
764543
93750
911906
76524
431278
100498
738534
386891
498615
22656
188511
473979
704089
591972
21290
614178
591201
94584
294267
327555
327566
381448
572470
576065
608930
867915
907944
976345
139311
293421
633359
947668
1047789
408886
98437
31319
191241
711009
333701
630710
583062
571254
252917
351414
235919
245800
505945
161592
629443
629765
212746
657357
437484
117669
507505
4070
6155
8957
10441
31860
31871
38097
46657
51158
51377
59425
65849
77304
79501
88966
94542
100110
101409
102497
102900
105382
108408
115483
115805
116680
117191
122474
127688
128323
128650
149444
152712
153729
156168
157458
163751
164470
179889
179972
182922
187001
192662
195616
203220
211036
215254
216149
216215
216876
219814
237038
244441
248534
251933
257707
262822
266293
268429
275326
278035
280763
287334
289746
295345
304604
334657
346144
347838
350638
364902
383333
393411
450471
463509
464384
465013
470315
471029
521078
524124
526312
546663
571758
576132
576587
592396
596731
637559
651621
661994
663349
665771
689123
690252
697941
700661
714790
723320
731380
732429
751446
752732
779232
804198
809108
811913
832897
835082
838892
840161
843873
866384
881061
888451
892638
900066
903845
907089
909211
909824
910052
910252
910527
924326
934899
957697
957709
958585
1001726
1002854
1016197
1024161
1073327
1083585
1083593
1086501
1093909
1126351
104375
182783
451632
977523
157053
385695
32672
561902
63555
267037
95717
637145
220060
973010
742885
613181
854242
537371
155246
132496
238176
34434
28070
472393
120430
382200
819398
177657
489014
568915
199411
258787
195385
964151
99939
16877
221143
251429
529537
135683
208526
211498
244875
257262
335978
654083
672618
927673
945960
1066803
123528
138908
643491
165534
445870
531639
636558
671345
732104
818448
824824
975220
1018754
1022051
1076829
1133993
61064
256692
98605
763376
610806
511317
635967
450467
586272
119576
580846
367
164351
585700
587517
497131
64826
150718
942978
418820
129689
519521
289467
532893
337003
227456
471449
217452
20119
636376
246336
219836
247968
458877
1133867
131084
7941
668037
24413
546702
735926
247906
861842
535995
843862
357006
261576
622442
1104612
247823
16884
985337
428086
641989
772166
136499
540246
1128669
381166
524151
396460
24549
193912
877126
340866
229370
153748
784088
188402
230900
478303
521184
661192
429453
454701
882183
936522
112831
528370
303775
529572
331692
273952
17627
618610
1009536
144200
44550
262479
39840
317496
140694
352136
401305
892872
934611
1065323
85201
518272
215577
1059553
22974
43902
243328
643548
744420
277390
218240
596342
27493
100009
299419
51941
66379
439133
510706
1046287
30033
474674
33295
4727
736632
1063475
96369
73276
648466
25737
445755
154549
464245
531165
766869
221140
664437
185875
326487
1305
643705
89059
51889
922803
52590
613289
289159
29038
61037
65875
151138
329618
272650
859342
967655
727366
919615
115755
180210
44114
841753
309876
41732
37476
279956
28239
627562
27283
495000
125902
965614
468235
110437
642796
808774
1034395
160229
852588
101163
65829
95618
27264
164153
28440
78489
195578
220919
675678
24322
26184
32141
174824
273202
290237
473215
619572
848738
1010492
1102663
422174
266157
636223
69075
669043
802393
968678
75099
191593
285258
86870
1042529
161561
253440
991873
95643
17105
791207
512297
155497
128767
127403
645180
125872
287264
382528
30869
466941
24410
718550
16489
27157
669680
1044462
273429
340173
185665
47556
838501
174479
231129
50312
622668
547313
191233
721605
728134
809375
931781
1019922
510487
534518
977313
614584
733771
456871
227412
532834
236405
417652
476115
558114
576286
420003
100053
700454
502644
91639
656478
10750
201416
479280
384875
791205
273424
149388
669217
71284
334086
472493
446276
36724
27443
8813
968829
466775
406146
259196
92473
51930
78829
659108
96001
576212
218236
132288
241230
239731
118171
154038
274795
255915
71924
289556
131117
575170
69288
640809
193659
848398
221647
552138
391607
136743
566180
19481
498873
424185
614546
437937
805204
96921
95594
560033
863592
7547
163588
131055
150901
1014066
862481
94429
743060
347748
64128
191861
95933
395776
70864
344664
577482
191943
106118
25405
144801
217003
97997
63857
631435
803854
310732
209499
538485
222978
402048
468406
145517
228949
109136
153919
243304
474931
607490
831622
1043640
11144
160491
990632
691322
329515
49781
96402
262792
104065
49695
645100
691437
436402
928088
975531
260313
103559
578709
242553
658401
88268
64704
120778
159579
179973
477850
236598
1070390
804455
1070222
383617
417025
636394
103654
29413
360730
484607
338979
405974
186873
121769
32939
665041
1110001
809211
179890
25319
344142
269189
941813
246667
455263
67183
138972
142628
132347
332273
1017539
4647
237902
369722
255841
241779
368555
1041180
651513
280370
687803
90992
174207
256175
28501
435608
401093
389527
74502
701503
712162
848951
104806
476681
140995
553154
489593
117381
832588
91053
651554
74855
343600
503315
777176
280482
240902
450103
222307
154266
223843
436490
418780
930529
124775
325691
444341
921147
256765
7387
206476
667910
731453
58402
269564
720387
1028367
253972
1040325
84412
136418
245618
733647
59738
62637
464234
246110
302753
682150
325804
140993
573064
1064934
268623
22246
152205
271063
289581
472677
438340
95015
917397
136295
440269
288167
590562
602191
17763
1059407
634843
551778
92314
99418
7262
395077
853135
860578
492411
584578
417026
139615
129775
94257
44149
88270
258483
240208
65073
696878
212541
127526
596346
289484
716402
848724
867933
808891
511919
246277
128782
147838
237805
499535
22257
352050
156536
184778
147595
984584
795143
289544
120490
130954
3873
351188
281100
98397
335784
22972
529895
618112
75256
930817
417171
71618
96604
157108
970591
195769
458721
23061
46704
1116127
477719
64961
131047
23464
272568
638555
655768
322293
627540
39231
128700
215813
319901
636902
804888
327352
792675
627773
219753
44523
250742
335408
786036
342560
97808
134696
218294
992781
268461
884730
315472
721474
122409
246141
702392
957436
268679
292635
384498
866504
1021821
787182
545259
185961
333138
612887
148354
79064
816898
39227
153217
3088
198751
633497
171561
343679
477890
493150
870600
423889
645563
1789
414658
256204
238160
931219
68882
152409
95110
280654
298849
40320
356136
824595
476426
147803
344507
151998
103606
505492
679443
133561
1095037
685507
106243
170947
189757
70507
63188
320489
844664
94680
135578
1119386
504717
1007397
1123711
124248
163186
162371
109961
355251
456354
714300
757923
858283
59378
31604
70067
172583
285643
287406
417056
590010
633979
808136
899060
937924
1079042
836827
142274
229378
537208
300160
140589
104196
531903
212239
699982
654008
615212
440198
779664
871514
408055
502535
716572
900425
247184
164274
148487
112337
227908
933297
289082
242353
269826
767608
227135
1035442
566899
1124262
605680
579563
980782
26910
198491
586600
344874
859054
470918
937659
108976
92271
101757
383570
87207
467074
512469
70113
473418
997279
1045933
94303
127840
128750
142851
187487
518512
570507
636842
800862
499300
268825
158500
25842
222271
342845
22946
663625
144771
644981
626113
206020
128624
281130
460039
118272
222171
299465
512004
980533
264230
7308
177593
259932
436253
452617
915488
103147
634374
150798
730349
543325
529199
493711
155693
512258
95564
297352
417689
27377
236334
926310
279858
1066368
29272
264708
444640
963884
21570
450525
733628
831066
465956
388147
871945
117654
34693
37401
41335
75070
87916
96788
139056
140322
158198
188939
260999
292275
299767
505333
506974
591487
598488
609006
784322
937714
979364
32484
36136
98085
138108
175005
258219
261258
326595
402322
553325
596088
602962
605334
621608
623338
640568
646580
886799
899592
947329
982546
1000672
4262
135068
656359
1036649
189628
487555
334180
146974
850
5100
26222
31822
34050
37157
43060
52194
52806
69195
72091
89613
92543
94843
98945
100869
101355
104623
104913
131721
144411
149542
150880
151393
163266
163942
183850
189379
193242
201744
219352
221938
237261
241565
244754
246623
256331
263762
264268
264755
266467
267232
268936
270554
272276
272732
274943
279567
294376
294428
311919
320045
329637
350939
353572
361224
364144
398651
402680
423958
436465
437545
449917
459772
464073
466774
475181
476197
485044
490462
494448
512705
520048
567908
580257
587422
589201
595734
599709
634054
636372
636537
645425
650463
651467
677250
678528
679957
682764
685588
694360
712820
715446
718802
752694
764385
764391
771024
777513
787834
829719
848844
868465
876475
893460
903307
926851
927536
934751
938001
955088
956774
962234
987190
998545
1002156
1006876
1015252
1038336
1048349
1064949
1084432
1091527
1110429
1112809
1115818
1133453
617169
487498
297009
821881
810033
240429
474320
1092095
1079845
1058687
21703
457491
167114
294264
479212
586676
692971
849021
853706
877240
883411
1024906
919642
206763
780533
505387
751422
187493
272986
140147
269358
1119850
457333
492631
831291
21476
24344
199082
241826
875020
1009667
1038926
710213
71870
606859
69647
288024
477827
943639
860267
392174
922045
541365
118590
578083
893297
2833
815884
207828
236821
569861
498133
956426
145859
389132
397612
122373
341576
843687
545884
223044
860537
628449
151021
568477
360807
299957
979686
998485
96558
621891
343079
565845
674207
274983
443276
587742
684525
727179
794299
929478
945533
946098
951780
997619
1082475
1097566
1109685
1130690
101078
207749
46899
217468
276002
276560
289589
456667
650854
1093169
76757
84614
204989
279919
295230
665184
703520
752788
824468
919374
989229
1015348
1039147
1051696
267365
118903
144941
71096
149620
610213
396523
113863
256344
500901
214264
151242
399568
390062
604310
482802
267602
634860
403099
183634
543433
797423
5979
1131786
301296
71268
186124
30333
624591
549315
54132
66705
28462
270305
541479
287738
45087
149104
100799
469121
496997
352494
501201
473150
119540
636816
248198
768572
768578
124471
837595
105674
1075949
447360
219980
952972
162297
160152
287263
338443
551926
75148
5942
180283
398204
608248
643673
751474
996297
243118
290570
479476
675943
669718
612847
918164
222165
901293
162372
268244
1007313
175286
261826
143780
711221
424716
1092332
443935
960781
180201
232281
88134
448822
736862
219369
477869
672593
794784
810082
1035154
84855
778879
46059
539566
179853
391950
449990
87896
582689
739872
223015
343599
770810
148655
1075116
244209
897775
631022
455737
474393
733797
934360
1043436
500983
13233
118389
70566
150640
771446
822945
910640
143548
678231
236629
567115
309458
95123
219234
61196
885407
1027376
361513
106707
949753
830784
1054810
96881
307601
792757
86897
207292
845569
1054424
230236
134609
384713
448832
346229
392449
166640
346899
180265
115327
317881
341204
367786
395066
181135
824967
592602
1088159
5564
36417
97556
106329
124394
533108
629566
966375
1000618
1021434
1047824
64668
224576
600495
641348
705915
168257
228427
1007675
21907
292508
316231
614315
273583
815518
534221
839195
179607
330065
929943
563495
142508
161499
945408
680119
819208
774061
694857
66645
686147
1110042
1007875
294432
245217
507077
913625
124463
41921
242606
59202
996240
100272
623661
551505
669679
1070905
767791
985941
493025
436485
42487
934029
196999
162926
939561
327433
70996
241669
362217
8468
314195
19945
591684
887829
168153
259677
549839
258612
263281
209793
7739
87843
103237
147069
157972
174625
198214
230826
285906
418916
430504
449943
450002
503268
533534
586372
724064
810915
898434
949818
476591
803848
942813
852460
436499
220197
228458
197403
97128
451337
575585
918147
51912
357042
565172
149625
66993
548439
950116
170301
43002
777418
759318
530571
28497
101647
993
121431
225177
120619
86995
221648
298262
121647
471117
465962
463290
209206
756703
62721
455817
255955
554228
468048
35475
820774
291441
499667
313781
140200
265336
845602
503340
678244
726145
20106
419962
317941
577535
267770
281920
198921
579815
440168
45770
1046239
202534
678364
262538
901292
65545
258747
120076
845084
28569
200797
59156
119701
215072
387407
77234
704236
403100
554467
252031
519589
196390
779211
11878
134439
645990
907602
301987
903494
186958
19782
486965
240017
649501
499000
24543
312561
297339
264326
223980
447817
573650
109192
455350
580266
201329
112486
520147
467993
480359
160485
920727
212263
640935
274111
280224
983440
242144
828584
332134
359611
258576
749316
146598
160314
996602
463347
1122957
510626
473416
43040
563011
250374
621787
895
5048
74709
458318
554431
657053
172926
46867
627644
259203
20090
117804
1104252
87404
472581
287115
148488
100897
174960
762835
121153
964695
583425
983265
158536
155791
604658
196520
388757
94708
627537
346179
28947
94685
236791
347750
478241
634366
455853
532808
70305
10759
669371
71009
589455
144587
382901
789296
147505
289490
136929
556403
30789
331958
420967
209867
484067
124476
1097346
681307
198140
663454
874901
329164
601307
731266
29970
481580
462739
218154
624517
70547
59868
529433
101208
533674
265363
443241
123178
328971
145358
100692
43179
94902
240430
146740
919090
261511
506536
448900
656245
124518
58448
327445
351526
157915
518270
154018
960246
41276
249041
740636
768396
159588
870681
239672
492363
121123
453818
633262
803847
474489
148926
270226
519648
117984
570670
952976
247801
222308
156165
179595
532899
253172
336579
510448
368350
267928
885107
956327
70865
153908
589407
498826
95245
238996
766897
20009
715470
334970
308702
827685
523846
91461
283271
74372
153914
174356
551433
191178
19783
246625
730242
159478
79549
253159
506839
774243
830218
911001
219973
329173
834311
114012
293915
65155
533791
62249
146811
873462
238090
456732
989210
780380
258642
319763
75101
344539
599564
94391
287177
145624
38343
943474
779469
1002421
1065623
1013532
299010
47385
905846
23200
25575
61564
91458
106652
118668
124817
126996
158446
170491
198377
334394
360541
386399
581605
582332
595699
655174
850425
854695
856561
1005017
732839
16818
37098
458867
637854
888275
19989
465767
98143
319938
617767
503631
386477
596825
181027
658007
141262
245348
119733
444680
678065
572852
361534
277092
223566
871551
488592
616465
104292
633095
6261
633906
762960
1115654
982284
630578
853147
286888
69448
999091
496803
245018
1000317
820313
4160
5052
22793
39814
94684
96532
96804
104248
113782
118871
127758
136640
142327
143066
161199
168207
203186
222596
230184
232462
252277
262239
276094
291048
331094
333183
342942
446413
496712
505248
520115
537340
561191
561882
624052
646327
651547
652949
661947
668342
689166
689456
726865
736222
835173
841302
876555
876635
879141
890518
912575
914741
918885
925871
928325
1003808
1016092
1067143
18175
40140
51075
65257
78231
93235
95554
100950
101344
101995
104281
120371
131501
135457
140634
142882
145296
146521
150712
156458
178483
195851
231643
244679
246124
276199
277662
279189
298002
333958
340379
343241
344630
360379
394412
395994
396580
397839
406198
436138
446389
453602
464795
470726
479418
493921
496921
507300
539386
539388
574192
585026
590896
591795
602164
608128
612691
613490
623345
626157
632421
635789
658164
673340
682738
697482
737896
740517
746490
747172
749260
753824
787345
802424
820036
857288
859928
861244
899252
903785
904462
904691
910561
934874
942168
943038
1009558
1018290
1061041
1067315
1083933
1084922
1099538
842218
229292
240439
384499
249959
34425
70383
264255
524261
544954
726104
785602
823920
1079287
225133
856759
888430
58751
71364
452444
127756
242526
437176
608012
662015
56529
180220
393601
318591
32637
247638
254258
445779
579695
579696
639980
639981
771425
771430
972832
972833
1060061
1060062
117508
79690
255822
1008454
4735
58551
180098
338978
178868
340483
276431
902352
1066344
348613
1033271
302739
532202
5962
25768
39296
109386
145788
151454
159906
195953
203288
230374
289984
290269
402974
447990
467701
488270
490654
523665
529148
559270
692948
742798
770999
777362
793589
846351
852031
879729
898476
901190
913309
955081
994363
1091298
46690
242831
357306
526490
954042
147568
7209
227885
685935
100715
468991
302401
452287
655444
444992
597418
136467
93832
533329
64566
102174
138574
228912
321907
361187
406993
436097
583096
842394
898936
931884
1071725
732695
600776
949208
174970
537351
802702
1055142
855469
77644
247759
34929
732507
47330
127130
286840
640606
347733
558808
839157
869452
289839
642555
737491
610561
8001
11363
141567
743935
98388
242825
826836
364648
317777
11806
362624
201210
309287
156505
395981
491598
252388
784657
971308
862820
499063
948058
61742
1106555
523420
588142
510694
17202
505111
502585
581253
344840
221619
22317
500180
359183
777023
159806
465084
814778
449985
500459
1012180
507807
961140
50392
83825
116088
221749
326397
484041
541199
625249
696164
1107696
20767
317314
127115
348523
11737
85298
528506
497821
18997
18998
29360
46696
69488
122464
165579
166058
184100
187240
243766
360196
414188
448794
450949
529991
531132
593281
612194
698098
848986
856618
881517
935684
936800
956818
1083911
37014
42959
106096
106552
361574
423677
452286
512448
539397
736578
1008737
1009264
1029282
841551
1028377
505596
36912
81452
236472
88626
281414
10891
312412
839030
871942
69073
12430
330931
898475
762945
203875
124543
95453
43312
67885
436460
117963
568682
631367
96762
559528
85801
242176
577359
359252
686103
9969
979875
146900
825476
841834
286131
102549
227126
23993
259265
493219
10604
84383
3890
898789
592785
606825
1029557
1084137
610645
118398
560826
201936
922104
249037
777087
506014
472405
650774
655767
464196
194192
334984
534375
30577
871124
8074
10488
13835
25465
26004
44537
46872
49811
61569
67803
69788
74424
78033
81946
94936
101672
102825
104430
119157
127065
128023
135901
139996
144602
154517
155339
164398
170405
181477
184965
193910
195226
195274
208866
208893
209612
221446
224551
229469
230284
230441
230936
252889
260937
263527
264687
286442
294451
297391
298595
299527
309460
331527
334362
340869
353928
382653
399844
446233
452027
458371
469256
471883
477846
478840
496639
503123
505626
536283
556068
560432
562793
566989
569149
578735
579332
584550
591826
592587
592889
598610
600448
612255
634702
636360
638097
671693
680873
703561
707479
716951
736909
737522
741174
766779
785249
787218
796351
820256
822989
844779
854030
855261
860529
871919
888423
888769
889605
905126
905256
912009
913294
924692
931152
933786
938717
942499
944063
950908
954949
954960
961220
963297
964281
994221
996749
1001625
1011297
1016481
1017712
1019971
1020125
1022261
1024553
1028333
1037010
1038234
1053000
1058061
1062642
1073410
1077487
1090271
1094645
1104462
1105007
1109143
1112599
1126324
1127461
21464
24239
32487
59250
76809
88540
88896
89881
102084
102504
120754
126158
146350
149306
162057
181183
191295
193337
205997
221732
244664
251994
263344
277579
279613
317891
363459
363667
365336
368526
401929
419356
441554
454386
454762
460121
479493
509328
546627
552905
565463
568794
598153
624051
627711
630348
645238
687171
719180
722833
735418
737339
793521
816945
887772
910040
920261
947617
949811
957593
982058
1003903
1004697
1018421
1081383
251256
28072
87243
405940
127320
13146
198419
919622
537088
21705
69481
73118
123044
162620
188980
206666
215680
242127
388870
409792
448156
482756
524251
546218
583897
599258
599408
789740
819558
820183
836254
865004
1041614
1046773
1051377
1097360
1121587
1121898
189237
610423
621388
1133005
422998
137585
1119911
559298
866427
173942
932640
281092
17817
508693
161715
122123
851810
147428
250359
624795
123023
98288
40533
506535
583952
1051886
102196
199213
236403
162373
253311
845083
13968
39974
776385
529254
106390
220226
4864
329784
677794
993276
468949
613491
94899
851315
281103
5768
387968
218849
547489
667490
242099
136653
340831
102987
463129
156169
78963
257406
360859
26312
968444
381986
1008075
831817
463680
538463
877415
644444
74590
75167
128189
501158
735488
730239
986064
48684
147106
58442
67502
418273
441418
344532
1061040
817853
468261
334239
68937
129716
229943
368194
717347
717088
679586
105012
470327
274044
888111
559105
179994
762330
536421
446722
270096
258461
79552
858956
342821
85984
172237
825358
319593
646779
1063093
515651
824977
536394
273114
261088
346161
93798
178349
476167
507974
361742
293748
699003
933100
844372
768503
100172
103497
626504
699981
238305
645785
419988
531025
184018
553564
381072
41265
393055
349950
483912
530854
607974
864646
74455
419984
71508
96925
507559
344510
229381
10416
16849
560897
45943
402941
1049967
24328
443000
1113800
283255
43933
118923
224929
219228
768799
448673
62421
394240
629725
457745
918431
122942
54651
64387
65576
22004
152585
152138
334667
401684
95705
250587
121892
469399
691993
458773
208451
143713
649166
670544
298844
96744
826033
170300
259266
296479
37178
824382
880758
160186
289765
264725
532920
119096
94878
222084
152053
647582
195510
523939
29560
41202
660099
917405
21245
116181
118544
148077
266016
482026
781548
851717
248958
91136
883070
523121
870284
575526
275738
342028
271643
897718
932915
386274
576329
271574
2128
435895
123460
291003
53918
73643
89101
89760
99958
118840
148965
154001
156181
158391
181521
185876
186912
234594
255107
287580
381915
386374
538980
638569
704945
728951
788972
806529
836421
1098040
69273
273582
386826
937880
84854
33873
953660
569913
30568
197849
554091
1002052
331391
1040156
448906
670921
646721
975951
185822
275660
352176
589242
922962
967934
580791
17702
52314
156663
1063287
1063300
23756
163900
286854
215080
618499
268686
446019
695420
79762
61253
33234
557885
150762
134779
581858
198294
218614
242300
883607
49646
361884
78931
12427
689764
137073
31045
849763
278132
265927
242082
959885
420568
452017
143462
292914
667525
827510
838247
15457
31192
86164
212454
257227
582499
729282
736413
804280
843950
862826
913533
914763
927096
1069367
607125
86836
28178
532602
544969
626261
43537
188068
29618
1075381
353790
223681
9599
18563
220921
338736
435276
513337
578669
588206
744546
844762
851823
855486
871007
899505
978847
1005312
1118855
28989
57971
70409
220713
310111
473682
523787
831471
880301
899123
910977
947128
1039627
1108990
45784
272512
590707
744198
907192
1014376
1047152
879684
865277
24387
188601
23965
815911
134633
205762
1059719
25721
238432
650174
357001
677801
553569
963115
743334
207715
46128
871943
489635
38560
151028
961411
885753
776496
37923
188467
524347
163815
266988
950479
14168
18330
30991
44221
45879
62572
109294
177430
179674
224833
236810
237542
257816
268688
270128
287052
304790
341620
433771
438216
470586
542855
556011
587881
604007
787237
812497
845577
862328
931861
947048
956216
958842
1051091
1062156
1075941
1077645
1121404
102677
341693
425135
451948
479770
467117
869122
98590
606602
685481
602109
69664
918444
104755
1114464
222014
616435
31082
78148
289904
573324
712085
785803
846098
911660
434156
131186
1065403
558388
874696
499794
673072
314853
498254
24522
617591
775562
1066632
235855
750024
325531
956957
265516
272738
155461
4306
331194
178011
494246
1129540
434655
344530
241051
546842
160804
946268
42997
113834
115932
70442
239696
206111
9830
230677
628477
1086602
127747
570958
283636
436493
173290
773625
161963
7508
295136
474515
1117661
223953
1042459
145819
661374
808077
774913
335258
24002
94577
1061159
429
7270
9920
30953
106545
309851
394718
491764
558155
740583
985807
11617
1071000
1122504
330814
3354
26160
81778
83010
92705
124232
136285
155672
171728
179683
244049
283984
368079
386796
395123
418137
449282
454725
470921
479934
486918
500033
520817
523479
537352
553115
624231
649142
666498
737822
783537
805759
806345
824020
829802
846458
879265
910366
999079
1112414
897854
242198
456124
456125
666036
20966
651512
693441
49488
569758
681911
1032455
156632
253087
885337
973646
393975
662495
398616
280631
19774
642609
241988
105013
21655
120705
309309
527321
682039
792183
28591
339432
127199
193911
576200
449013
553399
443805
195202
362461
198093
435202
584622
450350
455518
521484
491571
46929
694376
927434
98268
414306
55091
475834
531063
1053223
292567
45097
1114569
64169
96103
212084
663703
471665
92959
763729
124094
304602
100217
205652
92992
961482
28810
334228
287305
290595
551289
51734
253127
447631
368903
71140
190867
285834
60194
207314
56845
882712
191352
9266
733070
858932
875596
894607
259498
158306
637144
909563
298684
42861
218830
468139
289941
560212
60871
89104
1032021
392373
837188
245647
899965
1054565
1092123
44812
93499
241198
521482
2193
6116
19351
20193
34155
64373
69258
86675
119813
152894
162680
165287
173129
186043
192827
199038
204603
221200
242385
256257
259913
261585
263118
383361
432654
470650
482036
494830
528885
547141
561625
578981
584832
585875
590554
623195
668737
695965
704251
710122
757139
777041
785814
899776
919937
1002271
1023745
1033444
1034537
1048066
1056288
1073731
1111972
1116364
6801
75382
523804
253570
579867
185914
294348
9996
91737
123660
184909
252425
260857
268071
286830
387767
475640
493422
603764
806219
1114304
793315
219948
505036
849207
879796
388307
229586
636271
26102
852222
684023
299075
937142
105729
463818
392191
259199
472211
587341
595076
860360
41915
828631
435606
401011
697094
227573
507710
1016794
247219
251031
519812
913181
22990
79555
881321
41573
308092
511027
42329
847379
1085495
298382
24737
67314
95374
673420
700086
355177
468137
3072
457647
583751
46717
506948
422052
317887
83503
84336
159832
790693
545262
211302
904033
222576
556144
58121
246669
47833
482041
893639
130824
23374
43135
449348
496348
701627
633963
2324
50288
119708
1047156
203249
148013
7402
247728
451378
369272
1043449
277378
141045
244243
384918
898684
384923
639819
1067881
445896
147634
18941
155407
596609
99283
960459
265273
194022
49329
336160
362591
464658
35719
44073
609541
311825
491939
144980
538739
361739
171359
894528
455362
628639
158714
609012
758203
266222
1026089
498857
22251
738925
441287
434947
259220
325671
121263
68761
947061
288461
164272
287596
101987
65916
276522
441277
720991
1047778
382731
757123
117495
100246
96490
251358
477189
590174
146315
702751
219811
492876
63442
260303
63256
64311
613308
163951
293608
278134
497301
699400
925734
334898
118779
135541
773946
478139
19106
464512
1001130
342030
96694
279059
278390
417640
719183
171606
569637
105004
684294
863063
600254
162662
453545
220225
150432
550726
30157
355964
901910
409288
467901
493361
777253
386765
989967
1096830
499151
651440
286821
482828
265601
685597
46304
120565
6520
339934
636743
254124
31626
265991
919957
93923
636400
626600
74428
493548
615684
156798
960190
256873
260723
191333
153375
483916
495738
543767
549397
98687
500980
592494
261055
418177
398847
452489
75905
250360
51109
159599
1039239
9893
235883
256433
624824
4115
18049
33280
37164
43661
85385
119795
174057
175075
180096
259289
309262
321868
553450
582853
587689
641853
685156
914104
930525
980487
1040137
1064022
1078307
118090
478787
736610
1029620
128327
418456
80789
853112
245043
629922
153117
297019
703697
869839
266342
77131
87266
163977
259888
263455
330149
435136
954
982287
792967
1035142
924804
807473
146554
435405
277260
146391
446299
516606
1460
531333
229288
151611
547310
23582
65077
169292
797596
822392
273667
470705
758525
274823
488299
418141
1958
19996
30614
34000
46135
50102
101180
141636
156785
162011
211199
296005
96443
175073
947153
66793
777255
289009
309962
1042460
477995
141889
534216
65262
705940
704959
106544
233269
365878
38866
139149
581856
628414
472261
503281
136493
792430
578727
6875
192209
716421
542383
581574
806367
14249
595117
1105135
1105136
7654
268398
784258
352099
551313
692666
144706
831879
953593
568737
20356
705938
577776
297612
629737
402566
385703
3726
570993
384502
247331
1075365
61563
418335
609539
478878
150433
71991
493125
105048
99139
61112
287516
1045934
948
13859
25254
94377
145987
389613
347842
532930
655650
252237
935037
559373
616580
773997
238838
459882
143305
658009
701065
1008180
251374
95268
262472
154994
992005
519826
221866
457014
30964
254122
573382
151522
704660
219109
451547
25095
91137
135940
149150
162190
133414
402199
758155
164580
629723
630750
457145
105396
944852
749476
156140
264270
140534
417337
95212
595426
354053
35667
647880
95531
1070100
73633
632511
796579
102447
851128
467062
892576
1058072
20202
216976
356338
45925
884681
311112
135581
528635
331387
442791
628379
277796
451380
596397
571600
149634
678954
105042
257517
9540
510949
493482
113163
785168
1051147
612599
274378
1057661
450828
247481
809225
655613
266373
519676
910505
453517
537690
502799
49040
325781
297146
354055
610056
8182
725440
71174
38857
684736
106396
329563
505252
73837
593627
191758
151667
319082
218837
207628
44707
39212
526109
446748
153673
446723
196924
146731
190619
636662
1079980
773764
238269
339449
191963
95813
64784
492933
992271
446746
343089
135484
621717
258148
548220
193160
91512
57932
3681
699913
678636
97081
236089
92925
140260
465863
639289
733071
966891
41652
916681
369049
390024
683625
127822
789839
96432
96571
144306
105255
740496
49326
93777
780083
986106
207611
18109
4898
690142
16977
938301
910438
910915
55336
606179
75336
47711
294825
475210
112133
70758
116017
293585
34989
867995
368870
268011
96998
113958
1084381
243883
219562
158672
539717
282459
160808
52279
326938
38174
95206
201198
78453
302946
179750
91260
274136
222446
245769
277261
126208
345158
434960
500546
522576
547652
627014
660677
694887
716357
790143
864557
867446
868149
893462
893556
917363
968612
969918
988823
989995
992133
1008058
1054897
1067111
1084990
1111821
1117984
251964
5090
6342
13318
18850
19342
22388
26641
52668
60662
77478
83607
86724
104752
112225
116312
117414
118405
118460
122261
124920
137354
142951
145697
155363
170978
172269
178809
180169
180687
208638
228483
228710
229881
239888
242379
253520
257326
267395
277689
320058
327132
347911
356163
356943
361364
363511
372773
383389
386864
406113
444192
444493
446445
453603
465065
466177
467039
473699
477740
483208
486743
503447
505267
516946
536704
554241
569844
581615
583920
584470
585094
591689
610220
625242
628206
642783
648492
649182
658426
660394
660924
664040
667469
679803
698517
700540
712167
717103
728929
770136
770712
790863
795909
809076
813480
821050
837711
842304
875049
885498
885912
904505
921177
922911
941755
946874
948754
948987
951275
953667
955880
960105
962167
996312
1009589
1014271
1015023
1030342
1036387
1046533
1082806
1113584
1113878
5419
6289
7331
8002
8003
8068
8081
9625
12126
12901
13238
13503
14885
17932
21511
26246
32849
33177
34888
41844
43124
44737
44752
49625
50796
54793
59352
64260
70655
73979
74085
74237
75282
79279
79352
79539
81621
84237
84493
87967
89465
91191
91262
95222
95455
95583
96013
99391
100774
101329
108690
109925
110746
112710
114625
117119
119194
124430
125312
128377
132633
135931
140345
141050
141443
143047
143425
144913
151097
153295
153703
154131
154838
156749
161227
163004
163698
164689
170178
172284
175910
176040
179684
180799
183995
184330
184986
185640
186747
187285
187872
190198
191385
191630
191698
192021
193799
195088
196414
201607
201687
204972
205015
209809
210982
215988
217418
219119
222028
225475
226397
226629
227106
228884
230234
231116
231601
231760
237644
241671
243161
244871
250454
252105
252433
256340
256857
258607
259499
259790
261763
262829
264213
268179
270249
272191
273513
273539
275102
276089
279980
283613
286215
287268
290845
292135
293878
294528
296624
296911
297700
301707
303331
305536
306016
310409
311860
313080
319020
319554
319949
324916
325895
326845
328067
328074
330985
331626
334125
334336
335000
335290
335517
339460
346607
348157
348262
348681
351831
352570
354472
355706
355824
356661
356705
360380
361492
362091
363966
367962
368527
368592
380311
381159
382064
383924
384324
384972
387367
389507
391615
391618
393151
396206
399855
423536
426504
432032
434198
436586
437236
438197
439202
443235
444395
446155
446789
449742
451322
452625
453883
454183
457256
458980
463171
463233
467248
467619
467950
472612
473251
473890
474126
474812
475050
475508
478074
479214
482878
482925
485008
488634
489082
498612
505960
506934
507186
512033
515932
520202
530876
534451
537013
537061
537341
537413
540059
543032
543662
544709
547158
548434
551431
551781
553053
554225
566983
569055
569742
570250
570955
572560
575290
578431
578980
583137
584424
586026
587329
590844
592075
593263
605675
606864
608721
608821
609022
611554
614890
618473
619291
629684
630946
631311
631875
632102
634025
637522
638037
638622
640967
642718
646072
647852
648338
651120
651317
658381
658682
658955
660372
664469
666033
666629
671182
676206
676991
678916
679131
680109
680444
688602
693140
698742
699083
706481
718694
719071
719336
719669
719885
724071
729530
731236
731625
732866
732876
733035
733362
737875
742142
745446
750727
754076
759298
763137
766716
769289
769542
770187
773145
773756
773896
774992
777473
780278
784359
787621
787928
793543
796777
801173
801610
810928
817914
820394
821110
823478
824207
825240
827973
832774
833567
838601
839460
839629
840480
840505
843844
844463
846341
848138
850050
851760
853656
857672
864746
868779
869876
871531
874821
875091
879704
883698
885338
887356
887705
888931
892423
894636
897186
900168
902791
905272
908047
911138
911508
912847
917252
919173
924240
928110
930001
930946
937693
941450
949520
951662
952009
954020
956567
957619
959585
961265
961443
963533
965874
967259
967563
969093
973346
973463
973593
974961
976274
982873
984794
984850
988262
993613
996626
997086
997099
1010163
1012912
1014130
1014293
1015735
1018570
1022787
1046187
1049080
1056494
1056775
1057116
1058873
1059854
1061794
1062689
1063239
1065861
1070766
1073725
1079225
1088127
1091854
1091887
1094084
1096673
1098129
1100492
1101441
1102429
1103201
1125717
1127427
1130182
281413
73824
252195
655163
386287
351555
368485
348781
244791
47776
12500
161435
977149
472399
155767
269024
605540
1027502
83698
876340
424452
263214
78758
399717
359250
698516
244706
416779
441263
963581
115667
448942
468852
419335
855936
878882
87608
101260
773594
1098154
1651
3588
9573
13422
13715
19581
26140
32468
43703
48760
51199
63670
68007
70404
79227
88238
93008
95909
109229
114965
117871
121733
125446
143156
145851
156103
161817
206871
219688
224433
228369
229667
235664
246342
253186
271689
274137
285873
288535
320395
329691
330129
339951
344556
348119
352009
354377
390726
444441
452256
455814
456842
465240
470522
474953
474993
479816
492429
497237
505559
526169
526537
539361
545189
549324
559006
573241
573371
599645
613248
637480
639808
656555
658249
662003
666644
676886
686644
702709
707728
724213
737472
743078
765411
771950
825409
827775
837259
842600
854346
865365
897491
904165
916610
919984
927644
928280
964404
983319
985805
994378
1000394
1042496
1048463
1073735
1075981
1079124
894529
259118
45742
63294
200191
247348
642113
656866
914879
962876
972497
994625
1083695
222248
273716
290762
294891
645710
362183
18991
61471
237262
299194
590938
712645
1049477
252079
402938
724886
253625
478141
1070340
102971
765743
756860
245616
31019
859006
604562
607112
170194
270914
71606
1046541
683330
336468
289987
723497
1042838
204718
275214
1033215
179858
984757
266005
776744
916885
964718
157024
433953
85194
335755
266432
121128
878880
1008522
951532
569362
368528
931538
47634
913650
149988
697916
230166
251187
541956
88022
389089
161439
219658
64781
37845
208203
337937
435389
89686
134625
465321
650536
717369
135911
26543
16742
69617
510328
261301
196957
534631
698279
670420
607195
671524
247284
141387
199191
52339
68878
180192
636797
186629
26732
533841
54753
38848
496315
94443
329646
1088157
74907
247936
680230
423882
1111495
258326
796235
64122
455355
344819
51366
697917
146388
223631
191880
50683
86847
231709
383329
882947
195600
251402
348589
21481
286778
232365
685724
1100691
395831
670349
53087
464710
199572
30791
37888
206145
423933
128755
201776
95195
61230
389042
2740
40470
147921
300774
266122
284285
517113
403287
132768
452299
816191
662710
298683
503321
22513
21831
723967
667640
637573
445577
452891
313793
498784
96222
83230
660092
444365
115740
530801
116128
203110
840714
110258
73611
74971
105435
464664
827935
904657
1082046
318767
92837
104191
153289
657102
227497
195319
274168
156294
136581
238461
589269
386114
18766
1006931
660094
331045
532894
151703
158529
24869
350206
319095
145361
796372
135399
416680
121307
147895
434887
38345
64625
153923
689450
207830
179963
17138
960747
105852
127797
176096
201131
244862
291262
332072
434235
449168
456299
549348
580377
613473
704701
720688
930317
823351
135106
307081
292012
655262
704634
539826
739707
896851
40123
534816
47822
152577
84368
337218
2045
111517
569593
492620
1124841
135347
270390
1545
107
231406
266443
888821
164418
848259
861547
44286
229173
1090486
251716
370875
240980
500176
545089
646875
398855
145976
353603
852022
763730
786956
395566
276118
631521
172614
791730
59390
103190
41124
164148
356168
699919
1109744
255299
204799
50770
337055
101712
218861
277386
102633
236716
157613
727406
789114
558658
41709
448587
797027
716499
261217
162967
367699
71837
617403
286774
479299
407187
98158
439153
146000
3063
41788
938658
622893
336425
161301
219938
566085
36833
58571
350046
221857
347298
400866
475046
591588
838859
17084
1130774
685083
636232
474759
474761
1458
2730
21207
29191
29537
40005
44245
46197
52614
61732
62068
70215
72219
75792
80922
93678
96191
103914
104388
113562
123411
126676
146705
163428
163971
172265
190594
190595
206731
207984
208038
214425
222237
254672
263356
264877
282210
282236
287477
291086
292792
292793
293464
293465
295805
300927
305847
315085
320951
322518
322530
325007
326357
336134
337736
345056
345560
348658
352246
359056
359653
361219
364037
364771
365941
368726
383454
386326
392031
394664
404887
407142
418588
418589
419535
420054
420746
424677
437637
445977
445978
446079
449246
449247
457922
458486
459954
469306
471957
472534
476032
479532
499586
502929
509225
522283
528546
530274
530858
531938
535753
535884
539824
555134
555658
562628
562629
568456
583055
585792
589239
603747
606002
606918
609651
612788
613996
621012
636840
636841
660123
661553
663737
666064
666065
669079
671763
680603
680604
685355
688132
689563
693582
698718
702974
712077
720893
720894
726089
726090
726207
726208
732226
733226
742194
754282
767233
767234
776403
776404
778810
778837
785670
790029
792908
793934
799365
801715
803698
805776
805777
808910
816337
817758
822135
823469
823856
823861
842833
842834
844910
846356
848903
852086
852730
852732
856243
862933
866991
873470
876257
883628
888438
888439
889611
893129
893130
896464
897626
900318
900818
906920
908875
908876
911677
911678
911701
911702
913864
921564
928965
928966
932650
932651
933805
939169
939387
939684
939685
940835
944522
944742
946645
952084
954207
954209
954210
954734
956683
956684
964407
964785
965156
967310
969017
986353
988072
989499
994924
996435
1009069
1009070
1019580
1024155
1026908
1026909
1039539
1040138
1041666
1047755
1047756
1048661
1052882
1055292
1056131
1058690
1058694
1059015
1060041
1060042
1073043
1076292
1077119
1081948
1082764
1086849
1092472
1102409
1104732
1105809
1113757
1116615
1119781
460737
470732
300809
3472
270603
26257
40543
70361
123161
503455
544690
679297
99892
1047522
1090932
28559
386231
551296
590019
645137
215795
357522
223719
636410
181468
1028896
612647
50851
775241
478449
436415
879159
632315
795690
845707
135402
174157
750438
1102544
40049
256052
980869
510349
855770
453507
772233
1035105
200440
430599
29575
538260
537014
670580
135228
119098
443500
521407
771480
1054133
40158
352247
271181
390159
1019848
880314
437203
968045
27717
142668
983352
98725
131433
161774
241297
555693
98583
30829
615093
276217
271419
510850
843473
384725
293165
112817
260888
694144
78336
46191
75728
13833
608293
889798
1020193
940092
150200
613117
360228
814450
868307
77062
546094
388026
155350
881373
472893
221757
507041
584184
627873
95949
237795
238375
252055
884394
503239
637787
896674
5641
12967
13373
13706
13748
14129
21196
21852
22901
24421
24547
24727
26111
36005
43590
44035
50971
53880
59473
61642
62677
63015
63586
65571
67463
71838
75528
75605
76203
77139
77256
77336
77642
78971
79398
82993
84852
85360
86209
86432
87542
88216
89115
91276
91785
92895
99724
100333
102685
106414
111886
114161
115794
117069
117284
119766
120908
122459
135780
135791
135945
137049
140376
144228
145153
145926
155147
156527
157592
159065
160006
161406
161559
163370
164138
164245
164409
164472
164668
165019
166035
170384
171464
172907
176518
177436
180044
180420
180502
180709
181511
182292
184929
188305
189849
195714
200146
200273
201385
206187
207890
208152
209180
212021
212471
215652
218073
220099
220998
222865
223436
226709
227421
230518
230537
233024
235485
235929
238066
239102
240025
243625
243889
244159
248642
251947
254930
256679
258336
259395
260029
261783
264027
264962
271740
274323
280043
281068
284717
286147
286806
289169
291062
294984
297619
298510
302377
306479
317380
317605
317636
319687
320751
321158
326467
329375
332052
334684
334819
340060
341541
343259
352936
355521
358563
362661
365027
368854
369255
380892
381071
382884
383528
384688
386714
387495
394883
396501
398819
406236
408023
420144
438113
443627
449693
449982
451485
451550
457756
458221
458923
460116
462975
465167
468054
471571
472918
473755
474055
475534
479195
481273
494788
498558
499450
499876
501002
512146
512620
521721
524142
529672
530849
532097
533000
534500
539195
543217
545601
549358
550658
552965
555656
562408
562758
562816
563025
566993
568337
577809
579692
580652
582472
582562
583392
583873
584953
585231
586297
591096
592034
597255
603918
605559
613185
613657
615644
621623
633301
635779
636514
639326
640350
640475
641500
641734
648739
669985
670117
679169
680611
686245
686473
687324
689593
693224
708657
716941
718675
720307
723724
731279
737257
746390
747434
747473
750128
751494
765750
767201
770227
770254
770346
770774
777654
777945
780130
780638
792889
795154
803903
804560
809255
812619
830682
830758
832170
835610
837533
842225
843989
844116
844827
845184
848389
850102
851207
864017
864706
866282
869380
872500
874329
876028
879208
880044
881063
881474
892086
893071
893831
897917
898116
899348
899567
901070
901558
901732
908004
908162
908290
910779
912969
918911
921173
921877
922417
930787
939650
940238
941311
941634
941680
947823
948546
948745
949713
950374
952152
952815
957817
961563
961570
966769
976602
977369
980539
983100
984922
987327
991213
997084
1000692
1002655
1004846
1016648
1018278
1019291
1023950
1025025
1031102
1035962
1058106
1058751
1072064
1080114
1093824
1096641
1098986
1101113
1114633
1122178
1124820
23837
60567
102233
105397
149200
181485
187512
191446
390152
446821
446822
448269
479481
637563
742176
807362
896262
1065352
732837
15466
118525
1101340
200389
1053840
168298
904366
511299
945083
1021665
1090184
222671
260595
155435
76513
290234
23352
138984
584611
586802
591847
645758
216471
577653
495912
124332
346235
125968
344873
822727
1005285
93721
160939
20098
69959
426889
86098
984909
1130943
435910
354000
218979
353574
820380
38846
72215
317521
636024
1067759
164648
144886
530802
528636
221855
94111
715219
439414
219470
1125887
362688
895816
852024
128774
558756
834266
180032
1019853
7039
65854
582546
781481
801069
73768
633340
71490
75120
117516
975748
543990
268501
959366
349548
219577
1028895
121380
217424
84352
968974
980337
287412
292938
810983
728521
94215
791395
275812
1056544
199968
772120
520726
447910
580697
816687
1093812
252440
211033
225377
655619
652535
459063
75727
154074
155342
230868
47640
845073
146120
84891
1048367
353477
624318
134533
636025
115683
54857
287674
503342
134386
136429
275792
423932
561962
848490
270170
381564
712990
718542
218330
216267
538103
473624
187491
24341
189663
238554
64492
438227
13651
127014
1922
1058649
218850
773797
241001
389098
94085
573282
607192
329523
96748
643992
364642
69651
411029
608244
629925
827986
207587
482958
219555
917258
868193
555285
72117
231930
34405
55471
150661
195127
275190
291156
398410
616077
699553
831527
163927
3999
158068
172658
778813
265245
205934
249142
95728
236049
369059
241333
66681
96864
947963
1026470
778515
157790
1038806
318428
960456
398747
190614
91792
471795
450363
405403
1041851
340845
26192
335951
261066
478924
648140
966046
980564
1115491
173184
744313
22480
382890
221553
801784
58588
172508
207678
83228
456289
566827
916905
148823
712968
477412
164609
157240
135356
275915
11511
104378
1051677
104270
206886
297992
770937
677575
300270
700758
630835
397489
414724
815974
908596
355117
457106
483852
754331
989597
1081700
17737
912469
670881
1056324
233184
1002735
424805
478993
984170
1030300
28238
951511
435866
803728
1100770
55365
569378
278063
605353
32807
824536
37584
291847
301897
444520
485443
497993
419706
102301
474510
253983
82088
235229
326136
789406
820185
836150
868912
96263
444472
446837
171551
677850
243548
313222
339292
435314
718899
633815
950920
218999
628812
209648
597085
264531
705964
359260
478635
817583
64608
252012
956576
255572
359256
653498
680512
27550
37598
344736
349441
730445
752159
951408
964916
88281
100296
243019
471852
571177
1004272
16766
128753
197894
200383
452042
484273
566391
652880
790873
917272
953395
975215
1031730
96782
63696
1001759
104555
320925
60737
50811
679977
867299
636325
173168
164767
431494
199473
577861
952463
84809
884161
664920
806384
988536
920319
504940
84250
186990
352859
1065136
766923
444483
534509
579989
83627
195035
29248
602383
529297
61302
65738
148335
47392
79074
908115
170037
780654
579387
664400
389333
433494
558465
74803
50973
75083
267491
319890
587685
297258
1070062
447062
90921
784059
1128435
127869
190368
271702
504380
103698
181859
346198
382532
479011
78989
258265
327966
831502
1094050
907400
634751
685859
268707
31691
638498
688460
13987
110084
29239
957510
123948
649167
32181
132349
278402
172385
158461
121265
390160
75986
98186
25751
934114
46006
439976
45871
119967
131420
341437
443192
567039
586385
752242
855172
207656
256196
767336
138898
159100
277270
44478
30275
146390
182808
470894
671280
678010
451671
560788
488444
258888
119842
494931
585618
919994
988785
993326
36301
39280
44708
76074
81291
109591
298864
456002
578281
658844
841043
978986
88314
242261
630262
626888
208592
243467
253767
261053
290698
348584
456789
636236
656842
794433
913174
222078
445844
145561
331835
389419
90948
250705
735668
298891
193139
293677
547143
559509
605194
912083
934264
969035
591809
705345
290623
452310
42593
177643
389570
186961
4277
219998
1121279
22001
372815
545171
72218
575187
579034
828233
1062515
670370
131567
17765
877549
447635
339997
53694
186738
26482
112919
329109
115444
139009
18876
575868
45570
466965
476778
1104808
581609
975260
983588
1031235
580087
101688
244150
76856
1014347
246503
121727
127367
655678
771661
392202
51519
139375
139377
29028
20334
473109
84046
381083
86281
170164
661131
770873
100880
252804
470579
285266
947737
997301
1022391
104452
787135
310740
609134
330040
268491
173260
974195
369461
624809
148384
670959
322002
454809
682724
948126
743314
232463
324751
152497
247115
294925
552081
666285
195012
274432
480385
276015
477396
1588
7573
29213
64867
202130
261041
274607
498975
552780
554427
630966
781726
1074306
1090549
877100
590489
651253
419937
35608
878023
947151
969883
448340
829053
174155
325805
491837
445628
95337
742951
155090
701814
1036
27531
37983
40154
55381
113356
227577
227584
239048
322088
328145
328461
356440
416861
456052
457053
533456
575126
592968
660933
713013
832795
906493
908795
931962
989659
229248
152040
18086
21082
404600
709911
228435
13257
181022
451246
1876
18836
870584
474137
195213
701113
112806
280556
151285
701022
736472
963830
1051818
1101991
24210
85248
110812
288202
295275
304183
393699
529432
584525
586090
871819
929405
953257
1036829
1043318
1074817
1104147
9191
16785
20059
44987
46927
51163
84105
85090
94617
98894
130472
138351
138387
162701
164444
197796
202890
209983
223828
238390
252341
257858
280565
314154
341706
346565
438090
446241
450596
451415
459664
472961
473888
498738
522566
538948
541944
542764
545790
586871
640770
644001
651029
671018
693009
716575
743010
777579
779890
783516
802746
892328
893569
895919
902464
905923
908052
910789
916263
940423
953917
954869
963121
976853
980356
995270
996944
1000545
1002753
1014218
1016049
1023616
1026723
1030881
1045112
1048656
1061660
1062638
1065976
1066384
1069878
1091461
1092106
1123480
1125696
1126867
1131121
251550
357320
27098
103999
407183
857745
456101
361014
152197
103498
530581
87018
100444
596960
700996
796591
115074
104238
42471
101075
623810
769715
614815
658200
255245
894648
994281
398860
512339
633995
327412
40592
55256
444605
475178
623715
970441
952041
1127412
162456
2079
179921
382691
828765
897026
644328
770341
118141
87555
613477
729830
229939
190451
735072
351199
1066098
167598
255124
1017501
1131038
6421
16350
58740
59312
95586
112657
123420
127297
159174
194253
236793
251905
287091
316990
319197
433515
439669
491854
641356
671369
675846
738417
751958
787217
914094
953248
983203
988048
994187
1072515
1078590
1081166
1086043
330307
91157
650652
163821
958998
146333
263729
120595
592089
103277
297435
884286
808700
485138
18509
70100
266369
221178
888505
640355
526493
749696
816401
27564
28825
39338
70522
85644
96888
99675
111471
124568
145391
216909
223449
255035
265425
337103
387107
449293
459642
474570
519640
545676
553713
571895
573518
591690
600496
606286
661906
707480
769547
960730
980453
1016213
1028070
1123463
29073
31474
50899
66614
75484
75790
154612
180612
242337
259402
485529
493233
516292
541357
574622
679505
699124
706425
715230
716179
735316
846376
162173
20622
171238
511997
671810
490305
483963
641192
102167
766606
947133
635216
153655
259253
582943
51244
50839
246484
621285
503344
3319
426557
512464
258135
1133010
982255
478360
42934
888182
1124264
766876
569096
723518
148502
215987
216979
807822
1122889
6201
136938
183799
284587
307976
332194
341027
430617
609685
652493
661724
679772
914541
972403
1025197
1033744
1039688
1065917
1090518
1119872
1121735
1131944
435565
882539
595781
905244
779308
252209
33792
49928
58341
69811
92440
122483
128816
146316
180384
227638
249710
389320
390579
408994
424398
556262
571377
575089
607307
635846
662299
722494
723867
926317
1087289
1098510
1103407
444544
4936
52324
320972
450222
974327
751517
528398
292405
301439
1018103
545136
606841
831048
783778
477501
342680
648802
921749
458597
462677
664645
671442
783651
951680
61739
59973
638620
452179
979608
83961
123454
685480
91270
124718
471451
463671
824461
1060121
1064059
831549
21385
293558
597101
1010885
237394
391631
396078
1005497
503378
1010170
334741
1018282
456971
391505
442849
642804
101004
253686
403075
448054
576089
147129
389612
445185
676907
1054203
207487
188500
164334
733787
624200
570568
109075
164233
288560
121978
641225
6252
273468
448720
855739
898192
230265
669707
40765
193523
479290
22703
27030
22535
352506
386827
292480
520229
1419
35026
93115
340849
688090
791234
273722
900002
558470
345190
114139
20368
1019676
86862
845282
439318
28907
649203
83882
941304
831548
1131748
650976
1077396
295641
471453
26123
132081
857790
156765
275058
246194
824868
1028183
834252
353775
544029
201067
884162
309854
480278
199771
789670
26540
2937
733196
1065137
149738
881219
271969
229904
291331
95251
890911
861840
138504
926873
962646
530312
619582
92537
368261
64450
106408
544997
740477
557853
110668
149772
237953
44919
68301
32475
193073
435862
587616
250313
144920
500500
252151
352606
310384
280873
676898
887158
266298
300314
121773
163431
418540
155288
569581
38746
736276
274502
576033
64832
897398
439661
472661
523352
574582
220272
110213
94932
391805
1002736
1090894
229353
30268
797307
529480
676205
632567
784127
440203
29294
334502
884163
121916
208837
312542
158234
292889
455022
497805
186550
144144
61183
71519
82476
102507
161572
174323
716177
1094961
1044140
135289
232953
109413
121490
340467
560849
453804
275793
83908
1025028
271905
641191
912597
829743
681678
1010907
682718
134499
450362
700643
763846
483627
585005
560786
91752
202048
222145
52748
526090
152421
787531
286894
857799
35594
139559
238303
667682
4739
276014
304556
351835
385983
390256
520181
717338
778893
801807
906567
908631
925225
1041241
1051549
94044
54855
256676
331924
559651
368735
626794
974973
215575
680587
507112
312333
836555
769813
444517
40172
95484
571841
49792
4846
173244
455309
701111
790186
821511
499896
665404
13477
159965
922189
532829
435753
848693
275917
890840
821487
1001048
275908
565243
394006
333696
30708
108720
64560
742480
209031
91952
92045
11120
930056
380788
153777
478258
1110038
1126629
114393
1124671
851474
766464
385146
55092
345821
139300
800410
240403
473257
70579
28104
381728
976366
144615
296096
609671
807615
301645
745444
129619
744994
1046388
640182
201284
8795
487562
241487
328380
197618
489073
767090
926791
1117190
520097
155696
1021388
1024920
1072583
1115747
909546
596563
660040
1045996
969519
438442
9324
524161
222223
703304
897891
398163
299725
189907
561186
176029
541215
541186
8513
2066
38551
127719
934600
192254
133670
230262
842018
155481
984890
215537
27543
22499
150830
239168
913670
637359
4023
19166
216900
220329
300555
705922
54113
70435
136571
151469
160940
172879
280409
296779
395601
632005
634935
689898
896457
910375
102023
911783
153307
74248
292546
482428
95634
454750
648143
64061
104030
161370
218516
894304
1104390
1113880
319602
533753
1122384
876849
187534
258395
773378
944028
947805
1118219
801694
263594
445712
163015
1121230
24415
575630
116353
59403
143811
254701
720925
13972
141414
259035
861664
3714
13865
17909
37856
45212
69992
115525
120581
158603
203212
293147
308102
338383
530786
533626
538968
575065
581358
592257
592958
666351
692101
712932
751092
797286
925246
65361
229581
121760
4590
414122
566895
263326
730098
867935
327596
57941
115415
27747
181019
685462
575333
331350
268210
619318
926236
18446
29108
150613
243563
301759
580727
723776
1093331
423631
547278
713434
843554
913667
918790
616389
911881
553619
625257
24574
105010
1097475
347412
948002
680665
489233
437965
298622
1028041
630787
975618
528461
604356
734511
444692
99435
740492
459709
360418
490438
119097
168205
223964
331545
661825
251986
184733
21195
570678
155222
640753
770707
490447
219739
141854
342041
127393
595413
46935
137203
456047
546655
455661
68955
642716
253707
17492
145500
385570
21752
70370
78584
84741
106425
122494
129576
145689
176068
180147
180319
184803
190701
199669
218840
243554
321297
346583
353890
376075
385704
503601
580792
598577
702466
859009
885082
895047
977471
455703
278050
69500
384537
1130987
300675
159776
189
2117
2567
3105
3384
4520
4548
5851
6074
6773
8252
8657
8749
9142
13813
16548
16922
18053
19030
19356
20189
22780
23316
24402
25670
26299
26371
28039
28114
29463
30020
30024
31394
32441
34403
35340
36622
36726
36744
37209
38063
38280
39293
39859
40275
40374
43429
44289
44833
45003
45140
45189
45772
45902
46284
46891
47387
47391
49369
49380
50967
52247
54603
60562
61347
61506
62000
62806
64075
66759
67554
68536
70041
70387
75173
75175
75560
75779
77175
77229
77531
78930
78991
79623
82736
82837
83565
84161
86991
89106
89787
91255
91422
91886
92366
92767
95590
96786
97025
97470
98130
101007
101806
102635
103142
103646
103752
105691
105786
106265
106305
106386
106638
107055
110295
110309
110965
111437
112350
115332
115833
118893
119556
121252
123511
134059
136471
140168
140904
141657
142044
145487
146077
146682
149965
151257
156363
157200
157580
157698
158325
162466
162637
164837
165668
165745
166259
167701
168442
169061
171031
171564
171974
172225
172889
173844
175360
175611
177410
177473
177919
178525
180273
188109
188253
188485
189316
189429
192013
192592
195911
197680
198994
199475
204531
206418
206437
207661
208767
210392
210611
211259
215479
215501
216806
218412
218479
219702
220339
220584
221849
222289
223202
224115
227697
228605
229850
238250
239925
240335
241435
241987
245107
246181
246188
246840
247303
248129
251613
251833
253469
254033
257470
258232
258545
260394
262021
263516
265642
266248
267823
268867
269145
269438
271011
271237
273156
274264
274867
276357
277647
278267
280088
283182
283324
285461
285558
286923
291603
292133
293046
295285
295308
297857
298781
309904
309915
314280
317386
320867
320941
323005
325316
326221
326474
327179
334688
346716
346749
347304
353267
357450
358931
359230
361094
362395
365855
365899
368569
369401
369418
371817
381517
381554
383323
383376
384523
384644
386361
388313
391583
392042
392110
397159
398216
402954
406160
407177
408878
409577
415444
416808
417217
418923
419832
426791
431873
434221
434957
435556
439604
446514
447408
449619
451213
455257
457713
458686
462798
465050
465414
469202
471945
472203
473968
475918
475923
477820
477899
478249
479027
483620
485096
486767
489937
490098
492974
494262
496951
497317
497830
498901
500526
504928
507723
510571
512113
522269
522454
525220
531152
535574
536487
536547
539853
539960
542845
545584
545969
546294
548085
548097
548123
551768
554670
555044
562192
563057
568680
569084
571038
571582
574037
574187
578750
582065
582774
583283
584859
589025
589347
590911
596981
597107
599376
601385
604269
605643
610127
610346
612584
612613
615911
618993
619666
626803
626956
627998
628571
632984
634370
635658
636062
636532
637473
638396
638571
640319
641330
641539
641652
641891
642171
642294
642812
648550
648800
650175
650257
651216
651652
653922
657155
661525
674428
674645
679421
680457
680592
682727
684640
686322
687883
688537
688633
690085
691849
691977
692620
692652
694287
694820
695807
698781
700282
700426
701726
701994
704316
706239
713618
717224
718059
718868
719194
721907
723332
723692
723700
724018
730752
732044
733009
734221
739041
739728
746970
747658
755254
758326
763055
763823
765804
766807
767073
768391
771928
772045
772207
773308
773667
778161
780527
781694
792864
794430
797655
801596
804311
805254
806720
813479
814210
814692
818453
822374
824178
824957
838639
840355
842134
849101
852158
853274
853649
859853
867740
868945
870112
872063
874133
877220
877317
878638
888179
889304
891504
893015
893850
895325
896633
896727
898231
899754
904956
907374
907806
908050
908762
910955
912075
916489
917778
920505
921256
921910
926840
927012
927246
929677
931066
931288
937011
938936
940240
945976
952529
953137
955338
958003
968469
969014
975011
978444
980338
981319
985338
986142
988467
988962
989290
989877
990144
993299
994590
995228
998215
999714
1006624
1006633
1013453
1017972
1019366
1019920
1029037
1029686
1029802
1034075
1042383
1045601
1047581
1052342
1053144
1056264
1059646
1065294
1066606
1070199
1071306
1071960
1073409
1077888
1081391
1082976
1083552
1084201
1088630
1095163
1095253
1098047
1101569
1101645
1101727
1101988
1104045
1107836
1108019
1108369
1110585
1110763
1114269
1122604
1123091
1123326
861843
383491
155262
71345
763736
91264
999769
452856
909718
135635
300741
422030
74267
87722
493346
896496
448506
569107
253439
138556
319894
79312
561861
442735
596562
275388
389133
752021
383698
103048
526216
153364
458905
477796
99366
161201
45156
267683
94599
973233
110376
796869
671040
147684
541251
598399
192660
80850
821016
24621
566012
560787
448543
384622
275176
369185
682047
1825
503786
606650
780035
222384
160216
163127
691520
319887
510565
796327
96741
356552
141258
1795
61240
1071639
730151
515876
802808
51051
177764
329228
450369
267186
188018
953091
261684
368872
451386
220267
858407
22445
419591
879199
232476
129978
171486
173250
291256
458554
476266
532466
839945
521933
106409
267438
927636
852946
852947
95411
549735
727918
139384
238502
120774
933968
934093
331997
251629
190522
638015
348776
489679
508382
320492
66386
451030
95536
737808
157027
369462
95449
984889
1052619
545260
189710
230756
876091
938635
270696
273864
146616
27229
147328
56551
90042
333776
971064
173096
430899
1125677
1126282
1126343
1128920
1134142
49970
475915
220699
899510
467295
18158
1003267
1308
899534
516032
500031
736785
878521
1105385
106220
772710
903010
1060397
289877
503776
325051
217575
608450
588994
115727
450208
420134
1011118
1025608
26319
73625
439815
294511
21360
35628
69329
119424
530521
890495
890973
914163
921110
479492
579052
318191
832684
46474
641049
1042594
79591
174580
582652
631147
711574
849741
902212
1080716
1201
24370
823960
131595
556490
845166
849738
348189
767557
749975
339398
117411
720624
240724
27026
476782
14593
23344
23623
31927
37217
38216
41889
42360
44054
47957
54479
55545
58278
61973
65855
70673
76621
88575
94365
95868
109248
123713
128483
132231
135957
141914
145142
146373
149610
150247
152030
152493
159348
162009
166837
170260
171274
173186
176066
177419
179940
180659
189833
189881
191649
195152
198524
204631
206291
210276
214226
216926
218626
224070
224112
236465
238235
251866
252172
256014
257105
259444
270306
277257
287638
287822
290800
292237
296798
298418
298937
319135
330901
335217
345194
361290
363836
386943
401633
418434
419824
426835
448301
459401
462963
466717
472147
473964
474855
483137
492490
524249
543534
547566
560327
581442
581635
587974
589235
591268
605513
605972
616682
625498
636251
644947
653373
661744
670550
679543
680124
737288
749570
752386
757011
759497
770970
778657
778740
789402
805172
821861
822760
824935
845340
850367
858885
860003
860656
881062
887637
906435
909682
911409
918925
925191
927696
938013
939765
954330
954763
963089
963381
963476
966177
969816
976438
980544
987949
989448
995173
997217
998855
998980
1000534
1001592
1009075
1011491
1040001
1041254
1068988
1073665
1077993
1079253
1081919
1089985
1090125
1090154
1090778
1097212
1099885
1100424
1104389
1117745
1125168
1126686
468764
715342
245177
163
7933
606700
58744
99814
102271
143457
351978
352165
862390
876008
1100215
122954
610853
451716
458581
345402
261565
283462
770803
772763
144485
652539
170936
44267
986523
144427
19997
28479
65586
66761
69862
73016
95368
104500
107217
126204
201319
218898
229116
242267
252830
262381
276888
288490
312229
333698
361012
418363
419750
439706
451467
458780
466215
480329
484685
491378
500456
556662
565407
606697
651221
670923
673060
750020
767906
771805
832916
880217
934762
256543
784227
273553
59349
94788
149648
484480
668267
768905
226307
279255
143687
897204
1046865
330960
391813
187554
395631
263620
244238
735712
775450
971859
1015459
57903
62234
177930
342331
406954
420389
522371
788257
901409
914191
122514
445848
464583
473736
712904
586198
771230
101957
153198
819349
819351
526045
124965
192099
195817
768838
20907
524195
331279
558395
1011214
19108
569643
239409
359282
764500
292632
532838
20667
247976
582075
207829
51554
783961
829979
1014506
1133531
269097
288659
448863
1092928
592991
689153
567883
571188
329087
56951
727164
1052319
120819
79426
163679
47648
162012
84515
344739
773062
935546
579433
836504
156651
497439
644933
996242
1119595
455874
775351
777603
857445
1090712
1092586
121363
871470
1059055
385701
163921
3159
11079
23632
29733
31267
31810
32605
38131
38775
45930
45955
47331
49394
49665
62751
70034
70124
88886
91544
93048
99550
100104
102885
111875
115600
117898
128673
148422
153076
159259
171567
177560
179931
192523
200163
207522
207820
237959
256460
257912
262246
265071
277445
277898
278302
278440
290865
319726
321639
326507
335851
339137
346417
347568
382520
389581
410782
424539
438960
445428
452302
463335
468123
492516
496957
498712
503706
509900
525208
532170
532449
532836
540245
551325
553545
569052
580202
586445
606072
608230
616679
617663
620190
632525
634975
638278
660548
661784
684134
704444
718572
723170
735299
736143
743515
743914
756740
772096
794771
828663
850725
852271
872814
890014
891489
893923
904582
906240
910938
912313
921866
933411
933561
957718
958297
966740
973383
980635
981693
1002844
1018888
1019320
1033909
1039697
1042883
1046958
1059480
1060515
1076144
1093095
1107694
1125869
344310
286907
218389
29753
49637
491373
259418
598160
79226
85610
669382
45645
774571
9296
53299
69860
72328
192652
523793
758684
840887
848335
908624
1028902
1125332
97102
361463
348692
190454
3348
6949
39615
200230
341046
393542
627078
16923
170467
151329
271853
795846
271738
918999
824955
17177
431226
120086
465187
913076
7244
58513
94474
8263
1125449
76185
166497
196050
438199
462855
845096
1121264
809993
128500
122710
344213
7719
606147
437320
792922
93505
47693
277502
1133362
157502
12805
13265
20886
24070
34734
37641
52315
65724
82885
92691
94872
119329
143923
149195
150268
154313
156097
163901
183652
191469
200454
206911
222211
227334
239762
249685
255023
257594
258136
260978
265004
271636
285894
297276
328470
329116
356670
359176
362628
367779
369210
438557
439882
452894
466832
476171
487385
512285
520539
546050
574894
635110
646712
659554
675785
689382
693021
730309
732376
739003
749143
769014
772473
772589
783389
819205
819405
826463
834669
859892
878692
888350
921340
954815
954877
956494
964648
976620
989164
1008077
1011715
1025786
1042922
1053496
1053610
1090539
1091442
1093146
1100314
1108755
1127376
20930
185785
106611
348185
610569
679308
876852
912216
1064097
117154
64259
251478
349505
199600
263349
1004559
83247
203196
609920
6328
71218
77177
127196
311179
433322
522627
643969
993928
446397
482400
1015668
270157
123162
339614
902828
766670
938285
1043575
30370
21004
7852
427637
590828
503114
656977
497125
298777
296039
965041
587715
434971
193918
11972
143146
575395
587666
665439
1005741
117778
462836
102303
536361
91873
279219
29661
292492
597661
873254
295506
328439
777364
857530
969755
1103070
401488
71795
245583
272048
938983
388426
711978
289171
729853
953878
232441
286423
253265
574806
763935
156784
670911
821713
982421
106642
896536
275350
621272
229467
430840
730561
265037
869389
521926
338991
28344
483083
485037
579833
763392
641154
435155
346805
488955
279283
161513
497124
498357
944807
348333
118372
574521
681913
1023335
656446
209556
793177
229480
885693
1067116
181522
493569
1057051
96609
738254
464157
962438
1074835
427646
977943
7600
12620
44741
48144
136717
164259
185770
259948
280582
326614
383009
406862
439704
473984
537907
539889
581251
582119
591574
632383
643968
648796
704968
751950
766398
768532
806195
848949
866130
870778
879144
888603
966932
967139
987449
989392
998725
1035325
1041739
1083721
1115271
1130102
1131743
1132831
22720
118192
136594
184167
219152
236517
239694
254044
260070
300376
340885
357537
383115
431800
453114
561631
749967
751897
785993
833237
841408
845372
845485
855286
919391
1043672
1059708
1125227
189074
73588
258834
162314
714008
67146
98245
30382
632785
331304
92321
465184
117138
135976
349872
386537
650309
700152
65745
164302
1103505
95824
171645
70180
182757
273832
87507
652779
60281
491264
127203
639263
101721
451827
92806
147900
240058
242168
243323
331817
389124
823837
1058167
492500
55098
431859
205637
17784
468771
95175
499453
44666
829283
31948
887404
669658
762455
130219
554289
183835
916189
45565
352107
818184
9318
350195
543277
689837
806779
952970
520810
24122
908272
389112
24404
642714
280791
157819
143783
237967
127476
327479
154439
259421
263593
650851
240510
174944
32154
772715
806174
765584
33462
589266
29111
678138
324617
439836
446744
996512
300805
155498
88371
560302
75481
102286
71927
213418
613114
163545
613958
971740
560287
232571
260615
794746
22355
368770
249557
263200
886322
776611
260774
892453
730790
243117
232508
511335
2191
157120
520217
130982
83232
32010
69700
123960
634395
831109
974325
896785
13660
791100
1133363
147519
17727
797459
118844
359394
449306
86945
28273
645639
477527
965139
139063
133816
887400
11240
294827
758088
447794
602460
695339
766456
808317
973953
19936
647996
531765
818334
77060
243305
55304
947609
292979
882162
152997
472264
588996
613740
670879
763734
896379
1108826
628088
42315
289921
16646
159002
545002
1037074
897983
180308
335468
38036
609758
613686
530619
91174
669461
834826
890172
1087427
505459
132680
504432
96217
329312
450919
476096
426854
154114
773191
310229
613180
589209
86294
191538
264437
650648
153215
967470
461365
601259
178727
579053
598341
635399
271704
537821
228925
280039
966087
439775
504433
871144
209815
195381
190494
261297
362221
132504
831191
301808
191734
827346
25722
98139
296358
493886
655839
25115
283351
463220
723902
751558
819682
891897
932549
1031201
1118953
1130924
264623
444430
478834
658417
660527
908273
919448
993291
998665
25549
321493
1004715
326535
899508
351622
52472
52744
264447
271122
271414
274036
282886
368297
521941
651590
1014317
63607
446618
339407
135829
123934
149399
465679
513053
656658
939657
121464
255937
238926
468381
710892
668247
586469
614489
152755
236137
433853
153941
364889
33823
121192
221723
177696
569596
1133802
862995
232489
949803
63371
1055802
1104263
1017906
763053
88101
17036
236627
99995
1089768
648988
231046
427107
435086
238625
147982
434275
7799
9860
18402
43723
55456
61872
76030
119088
139923
142487
244797
273732
282997
330060
330967
339830
350700
448782
460346
475611
478830
522384
641487
646201
830092
849782
888231
893171
988010
1085164
1087088
1122236
1021907
586442
1122302
163031
277455
598409
314299
242111
853083
159280
114875
135800
205813
602368
71299
989729
742867
145406
292814
317590
276003
911114
1056655
563292
216826
26152
360764
26437
54958
270790
334497
664220
147781
823011
208169
779119
383810
503236
657762
1013314
1059843
679818
1088789
287831
584892
688459
511100
954182
382119
896208
230670
382139
720312
520894
982076
446141
380932
426786
767859
94562
312671
243207
313775
148471
148165
584488
19928
272007
287501
736843
140016
204847
254394
355661
372960
476885
607205
809253
247901
585835
35438
70069
278116
568840
59734
164589
502872
867961
949463
1014525
1021851
513300
266255
1077221
291591
220251
258130
134771
194998
267924
466724
929911
924426
151645
659892
32969
586148
617295
23298
26977
67676
155504
247767
414819
609404
618063
671098
750047
1091826
97234
339446
644212
161000
488137
556408
637039
136380
901837
258079
94730
767934
1130637
1067993
24254
109263
85027
115914
269790
347436
455875
648248
841890
219118
431137
451466
78652
222385
1050557
951993
244269
446753
174935
45673
134589
453254
242213
10760
231739
29030
73603
612949
908839
959663
11303
21237
42819
69236
164720
335563
418564
597672
636382
681434
905536
1037806
982309
888584
362370
55547
83963
94431
94761
270815
417334
417690
440165
536512
33377
44190
56315
192279
244145
337340
337770
455228
479530
590945
592354
633841
740399
1027235
779661
30371
341685
591505
732785
1019728
668082
510520
524017
382963
160586
106298
1602
1855
2455
4123
6396
7194
17090
20183
22457
22635
23754
29229
29616
34729
39555
40318
45725
47157
54695
56376
58587
60575
62709
62959
64053
66311
67263
68646
74649
75145
75894
77140
81278
85915
95177
95644
96643
99172
99511
100975
101625
101788
104002
105092
110476
112874
117022
117586
122661
128773
132664
141441
142158
143569
143860
151426
163695
164078
164436
174788
175935
180871
186809
187994
188702
189014
189672
198168
200204
201957
202114
211127
214976
215122
215951
221061
221542
221867
222058
227254
230344
238223
239167
252838
256987
258250
258328
258864
262183
262832
263148
263161
271580
273503
277676
279625
288624
291942
312169
319569
326908
340650
344716
345515
353123
353508
360851
368491
369959
382920
386108
386305
388366
398240
402676
416619
419623
419698
422837
424427
433339
436555
439008
439127
439658
443818
457225
458930
460960
464061
465103
470208
473908
475806
476764
486963
496363
503039
506340
510532
513469
517811
529034
533861
538071
539258
547299
548149
553464
567971
568501
569603
570764
571452
573621
574254
581084
581452
586098
587161
592342
593245
600844
608768
618554
619476
625905
630691
636895
637132
637287
639879
640471
646206
647905
648180
654489
654880
662180
664830
667962
681634
693006
694898
698835
723966
733241
735890
735993
740466
743103
751675
759367
764016
764096
764344
769825
771248
777322
785091
785343
787191
794646
804204
820530
825185
830216
831553
836660
842745
849044
855081
855500
858466
876872
877993
878578
889484
893430
894841
896976
899187
899811
912882
914024
914830
915164
915472
924666
926166
948679
950535
951965
955860
958852
959131
968726
969959
975266
980478
990593
1001820
1004799
1020023
1022234
1025680
1058005
1060378
1061473
1065216
1066549
1070216
1074857
1079973
1080924
1081455
1081474
1083374
1085782
1117408
1118375
1121513
1126197
1129470
1130358
1134417
1134657
36486
930675
568778
842163
262212
629930
188000
516204
587432
881509
959717
853461
106135
44516
334934
529778
807069
737743
194166
947275
22437
591134
558448
150077
884224
673443
832836
89295
490332
1064058
331647
349629
639576
84873
18554
776327
58047
35606
43906
96253
103571
155197
164283
218846
231934
294225
344815
347499
359873
436902
628346
631127
631620
644218
651202
960906
606994
1129106
179467
237124
149186
344751
584813
159321
163574
251002
258262
267739
454525
467184
478557
490325
585538
658176
673870
772216
776818
816492
823976
871299
943756
1057866
313583
287682
369370
145339
112867
115591
155243
184631
147666
13845
106515
667511
859263
95784
858408
714282
668721
970998
476413
1622
2000
3103
6268
8130
13322
20524
22553
23418
23928
24020
25158
25267
25955
26391
28536
28627
31051
33933
35726
36049
36785
37366
39154
39349
39773
40647
42554
45778
46723
47984
48124
55391
55521
59870
60601
62728
64097
65903
66093
66733
68923
69145
71779
73278
75566
75858
76219
76556
77048
80277
80534
83470
85767
89336
90739
92123
95749
96615
97981
103084
103561
105917
109372
115730
116347
119876
122135
123231
127462
127499
134996
135433
137546
137559
137872
138935
139363
140519
140827
145273
146124
146707
149984
150467
152026
152816
153753
158713
159547
161494
161665
170086
171342
171639
171770
180954
183594
188450
188535
188621
188824
198557
198761
198871
198883
198903
199368
199995
202201
202830
214920
217212
219625
219637
226665
228895
230377
233203
237567
237743
240869
247692
247956
253749
253783
254260
254919
258185
259384
259592
260556
261181
261255
262042
266232
271594
272042
275210
277991
278926
283060
288353
295399
297048
299532
303697
304553
311606
312607
312611
313545
316395
317934
319478
326051
326527
326895
327932
331930
334707
338899
340471
341402
341687
342447
342842
343396
343519
348118
352073
352226
352884
353444
357622
359469
364154
368579
375643
384568
384926
385636
393996
394733
396403
403480
404598
406994
408276
414123
414182
414586
417580
418305
419441
424021
424742
426877
434914
435451
435691
444427
447006
447819
448006
448181
452112
452855
456111
458542
459406
466133
466468
467871
470719
473866
474735
482343
492350
492678
493844
496258
504202
505341
510374
774106
573171
96333
387120
352659
1035569
328343
96531
179594
844112
221721
382962
17859
207535
1115834
340151
587433
633908
659637
917318
332124
54892
591133
624919
231725
351616
487026
446297
614963
262390
807866
930688
570049
542719
248689
26944
864089
1105139
474856
462870
273173
221681
159345
892898
61202
629931
716840
533980
28367
717582
768964
865104
951992
96309
142699
53649
349510
97389
256729
250172
242119
93253
148166
140608
307964
208016
259884
573718
724245
658513
261322
562752
843135
568896
609759
1115576
235553
260079
53785
729015
729447
23656
157346
43072
73388
148222
209119
217057
104979
502956
184320
318273
361599
361601
408720
859264
92972
201876
532130
1004877
298892
198182
135810
264414
184259
602419
254168
479495
143281
435088
120120
359497
615765
797316
1073706
433512
17588
524123
639947
765204
868983
1067994
566696
925514
588412
589265
962083
453770
831193
876244
896063
348788
533226
737741
71858
241909
349031
362546
145346
100001
472624
121373
304651
258024
825550
29025
966987
300232
145743
711606
103545
178387
781807
333717
635061
21342
75397
117018
183928
219748
262086
341000
439861
495106
510488
516607
520079
526024
530772
540337
543512
549968
551200
562119
568850
572597
573005
575300
575596
579067
580307
587037
587261
587631
593478
598701
606850
616167
622527
627175
634801
639254
640293
640909
641224
642119
644343
644714
645065
645606
647588
673230
673815
678892
679876
682113
682237
697778
700069
704639
705993
711506
713907
714143
726033
726868
733593
733640
744434
751509
751693
751696
751717
751849
757086
762848
766127
769072
772001
776199
777155
777604
778174
786060
789417
789975
796212
797718
802079
807624
808745
813179
818433
831531
839230
839287
842396
846315
847298
850603
852260
854978
858040
860743
872331
877557
877778
878999
882940
897034
900004
903619
904015
907143
909915
910892
913057
921146
921864
925786
930086
936242
936318
945791
946223
951105
951127
951893
953492
954066
962553
966183
968033
972800
977055
984006
1002641
1006777
1010648
1015240
1017465
1018422
1018662
1023828
1024255
1026868
1034528
1039941
1044390
1044557
1058093
1059780
1061116
1067533
1069011
1079090
1083745
1110477
1111123
1116908
1119792
1122729
799
3574
7320
13285
18023
18822
26334
27634
32389
40095
54961
59462
60084
63713
65269
71194
76386
83354
88465
89643
99054
119788
121376
148499
160020
173159
174880
175273
180451
187472
203190
203264
216781
218594
227171
237601
240012
249390
265726
270479
278922
292871
293889
303821
309475
326539
336800
385843
389166
405841
414108
419060
438062
448349
451002
453526
467648
472352
475878
484978
487649
507791
519716
519975
520021
521339
531459
534092
550171
551924
552647
553424
558566
562771
567842
577245
581824
584576
584615
597053
604010
604555
607068
614835
615829
621327
625890
626907
627180
635163
637110
641129
655333
664967
670080
670883
671698
671951
673818
676713
686733
692267
716719
718649
719790
723955
727168
727382
737143
738289
738679
739998
752585
754670
777427
783852
787992
790189
792865
803478
816963
821133
827490
840512
844914
851397
851721
853687
860279
865383
874708
875600
882910
899875
900978
903089
907410
909365
920066
922179
923532
925773
928029
930617
942963
950108
952758
963366
969741
970578
978419
979825
984904
985860
991709
993577
1040872
1046112
1098791
1107918
571435
894817
842391
659643
386359
1100028
930752
43554
633582
859232
456315
521266
21597
556325
84172
204637
775586
566757
1074998
342550
683118
994004
222724
34340
37968
322261
456338
569399
334421
362102
64639
132474
77570
114210
251563
1014977
586601
449337
264303
283488
161708
809991
97282
1041600
206768
130253
913649
150008
505642
629884
915064
250066
321165
188443
387672
536560
625774
590797
556830
39535
865547
789743
924635
1124512
364431
507174
876826
865558
172917
288159
526154
807812
978553
1004110
72237
128284
175102
247049
333660
334888
451241
455422
479312
500429
503861
591427
644649
871911
910086
967670
13438
296607
177348
151901
207621
221016
251406
271627
284433
294322
533790
581600
606937
735674
825825
935973
968756
1009513
1034641
1062134
666234
624896
114644
623103
459583
884617
196758
2742
239513
691780
675493
477242
839087
177722
92604
562147
272637
1035540
754233
360395
637210
533668
87410
668297
455172
106628
70298
650749
458020
187276
265397
274871
114208
870942
44497
718250
458774
43075
65107
114733
143128
158349
163028
176266
180195
259849
274383
294303
468259
475411
519719
523372
552563
567087
572811
1052104
1067910
702925
279620
702064
1714
588513
644060
927743
469164
12894
321992
986454
464868
3747
206210
837549
616438
129622
252401
734081
868192
220488
71860
751435
166371
326508
334457
471549
534935
572869
589135
599891
636790
662385
735928
879220
992036
1024673
1134854
878536
475930
610558
25864
826656
136984
177674
31523
581834
17933
693166
416516
808178
330947
942177
971592
574678
553472
588334
477891
957554
75683
122335
137604
143706
153460
216771
220663
222748
226990
227174
261984
269047
277239
401062
625160
648448
655539
768621
814234
877872
899866
952812
972015
984196
1007828
1114731
511275
13033
211165
598206
235246
53006
243459
158711
1089682
336016
773791
355092
1088436
568681
553139
72490
479332
927
4145
14363
24430
37955
41970
42477
58137
66395
67172
67532
73571
87428
91093
92262
95240
95686
97441
102157
108743
108978
110168
112235
120550
131660
140162
143037
157457
163896
164077
164838
174837
180480
180552
189749
191498
203262
205192
207751
207833
210272
218122
222064
232059
242833
247860
254313
260764
268798
268915
269231
272603
272707
273106
275171
275651
276132
277401
277585
281846
287101
291077
292867
294215
296651
297050
299493
309164
320038
326006
326712
327698
332165
334554
339260
344110
351446
359627
364492
382431
384320
392201
407145
410783
418489
420398
423866
423901
435628
453417
453816
464650
469596
470545
478971
479556
489865
495056
502649
503260
508791
510212
514517
531886
532576
533822
534521
538983
539596
540006
543127
548224
561166
571768
574137
575804
583243
584703
588140
592737
595963
598820
605612
611797
618335
625864
626086
627034
633422
633757
634472
645671
647373
647988
653657
656647
661731
666260
669745
694301
699507
701322
703247
712653
714506
720310
726337
731458
732506
762968
768519
773775
779393
786027
788512
797579
804884
808537
820789
823673
838133
842191
842807
844932
849270
869576
874971
887466
897120
904171
908393
914156
923360
931346
938938
952807
960268
963762
970271
970768
978023
978568
992425
995056
997300
1002968
1007144
1010847
1034226
1036718
1043738
1054170
1073904
1102094
1103524
1107953
1117793
18694
19354
21263
22613
25798
26694
27853
30903
33546
37624
41139
49045
78433
81253
88881
89818
93853
98364
99210
106709
117409
124666
128158
128409
131295
134555
140126
142904
148064
148900
154435
154955
155728
173348
174214
184870
199436
201788
209784
211456
218903
222976
225986
226416
229590
240609
241445
242775
243494
244228
251918
255297
264599
270251
270779
271696
275020
275343
298863
300593
318854
319566
320043
323458
330944
340928
347397
360423
362548
386850
412338
431563
436391
450066
452754
453330
463216
470727
502848
507716
518543
523467
527787
528264
536838
561938
563068
567833
569826
580796
581089
583667
584869
587374
599537
600312
605161
606348
607067
621628
630327
635362
638040
640433
662561
689787
694329
730494
733107
746858
754036
764304
767771
768873
769740
797336
838398
847484
859611
876051
900974
923172
943140
944102
975891
1022342
1034905
1056369
1059111
1067039
1080322
1088328
1098158
1115442
1127034
2980
24746
531125
935733
23323
54201
61412
64840
185952
236284
251689
317553
384386
496506
508695
510941
735681
864354
898318
910088
943049
954414
958178
963134
1071855
104446
810895
888207
444519
603518
578878
293189
821383
824476
1097604
1132319
10702
21562
875071
235545
93430
533669
450315
502947
447226
247842
25661
163955
521702
449005
468318
114832
58498
121841
612140
950421
64642
553577
504058
582084
805284
893253
581835
467196
645104
528467
242318
18272
1065700
614732
209373
153702
101182
626822
205788
821124
935975
346215
335720
264300
578384
8257
658794
834625
1006479
1085288
1114730
512713
280058
563772
533792
677815
254572
207398
634110
446123
468561
645612
676882
287835
845704
84272
753730
1069149
259391
888351
104573
326283
242122
731231
574408
63798
396105
396107
884616
869427
150016
615270
768963
768966
279007
220601
464866
986455
1106421
812223
329915
487975
142092
1386
119801
899460
543049
888108
206561
28117
100363
111949
112192
186825
189322
232129
247126
357202
391609
427131
464229
493668
534106
689143
713598
828301
36847
777769
615262
674464
919709
919710
96899
149387
28926
848796
94095
387472
26307
967052
139334
554139
713960
96495
913
954157
636649
325016
95369
446592
903760
4873
281248
467723
530859
809998
1105732
105909
635292
160401
488349
853743
702599
781532
977150
671374
199750
598994
23092
195177
75716
236051
6805
349577
43176
859136
501012
123199
99742
455872
950423
136854
237214
238917
608715
737742
767792
906853
229839
74000
624332
331209
847431
522377
290276
624657
556310
727647
37586
53340
77541
201502
210431
361888
362516
390233
401750
418249
435748
454285
500934
559921
642656
732803
783358
822200
837185
863787
960206
967547
994390
1028108
1030953
1041096
156904
121893
657359
926684
61334
355119
507076
232398
25021
890879
4664
11911
12599
18928
21508
22254
28422
30214
39804
42565
59559
61889
69525
72204
83120
84826
92863
104556
105386
106717
115467
125157
126125
130645
145233
151661
156882
159481
160444
162381
166404
167945
169049
188363
190439
193565
194259
201300
205709
208655
209632
210160
212909
221402
221607
225307
232273
249414
253876
255100
272294
274119
274490
274822
274849
275811
275874
280406
285020
304873
325583
329178
332126
343107
344520
354285
395712
437936
443679
448840
467060
478380
484234
493058
498711
504055
522140
545575
555543
558496
566795
605547
608738
637283
660547
676782
692509
704320
713639
717467
723731
758119
763550
775603
781397
800412
839719
844355
885829
895791
898005
910629
921612
926817
963780
976910
1004051
1008847
1017437
1090955
1093972
1128845
71905
97117
143343
222470
239154
269193
457780
462147
468866
536791
538073
664948
739103
764662
806692
871209
883449
892140
903864
960157
990570
1006467
1013808
1088947
1094643
669115
463292
61077
774988
350204
164797
789640
86504
96775
119061
40729
385688
511034
288908
301720
905591
688531
100791
329598
330584
584059
625782
640527
685666
700347
926375
971073
989898
1059557
396153
52065
1003933
91606
115696
257485
533098
708922
928315
262375
35173
357546
598834
208220
23105
650452
518668
117656
536023
961839
189886
156728
102083
529617
339351
43931
1004645
86170
139122
900056
635699
650524
569223
317399
433250
135718
104389
362243
36743
42871
46614
126741
128682
156709
267570
295140
334335
362673
449240
457693
632618
633362
655806
721625
767051
781262
998622
1024488
1029808
1081864
160420
1099914
1097635
770995
84831
193077
1024748
1096912
457048
496994
21531
26743
32206
65328
100856
104514
173356
207732
220378
266129
276502
299555
316006
335129
409462
444082
468455
483167
536417
633749
787831
851490
934889
1020461
883407
925543
1000066
5840
25934
33426
42114
48659
60598
68641
76991
84365
98162
99377
101052
102746
136673
181079
195678
214237
230255
292090
299267
304488
339144
349622
349965
361686
389644
402797
430667
449394
454777
458950
468117
561611
603159
607923
628505
655577
689553
765228
772913
777542
877857
889607
932885
950198
988714
1007453
1037167
1118486
105794
112930
117444
135405
151677
207319
216155
233327
242381
287036
293325
380771
449545
470685
476151
493143
506373
538545
542996
563475
577870
609693
652801
673023
689548
699494
773889
778575
902460
914403
915185
926172
945872
963017
968089
970864
1009280
1011150
1043392
472329
891789
942744
209514
1117752
21350
33166
37950
47752
69418
120547
135304
223610
256759
359631
362367
395029
450406
533273
582684
629161
729439
810130
978248
983886
1070333
5136
10224
16465
20422
25880
34001
47847
79619
83796
95732
96883
114999
137574
142229
154251
183795
204995
220089
242091
251575
258916
299188
319778
334500
450882
492127
552530
590027
604648
622407
653061
670934
772324
778786
829428
837981
859638
890333
911119
918740
975102
982122
1003512
1051756
1087213
1071268
266130
789564
1051791
137846
640612
894911
777309
145489
29054
57882
100980
101628
108695
133331
146580
163126
215115
237948
239855
291772
297121
491023
516236
532975
543046
668116
701402
762891
885565
944108
3633
30959
104112
141786
257515
266889
273058
386333
491459
562167
577163
635979
672941
738410
803956
233286
1033756
364207
145901
102004
123080
219800
342891
317918
71881
297584
250115
286115
333961
1009
39005
75603
86591
263335
347618
353885
646606
917518
1043321
160069
43415
505662
579026
663838
1086411
138604
242476
445580
788950
212242
54703
160128
346316
471818
820509
973017
210118
546878
419893
934860
498212
294704
316945
433642
640672
353514
64317
876633
1032191
167639
446203
216278
28331
27703
231224
1085751
285668
617950
721702
915234
342946
715121
780071
148095
451255
106294
138476
588886
656527
277384
836766
93741
472248
101756
329447
368174
444330
498679
609782
855589
320375
326173
618887
604953
635766
744162
776740
841305
8560
173061
177552
317531
381886
558037
590414
666448
776997
820327
895000
926602
964043
1006733
1020721
1039296
1118126
1128890
176372
778791
974606
1077957
1695
701721
186520
159455
59471
219190
242094
661352
890951
1017978
536959
52167
871741
424413
347366
205836
489849
880324
694523
7136
462430
769791
497761
187537
257348
229071
4617
156232
361284
890663
27013
242104
13389
209992
903434
155110
1123374
536497
593067
996545
88312
599248
1127280
736241
51812
618110
856844
215160
30387
116801
152254
323222
597620
741234
802369
914101
949518
680425
217217
897959
715622
586657
825411
613582
1075871
52974
769454
906800
97296
132297
216020
532787
903648
1057844
562232
898778
104603
988773
349970
424782
582614
1105388
135173
180706
979313
991382
384581
266234
84297
187543
1025399
1106437
246807
880006
898874
941352
109664
252187
365074
787843
1001424
1115666
27327
209436
256595
297508
630984
653204
1058259
1042013
586320
296327
820582
459731
606707
702682
841315
280071
532896
257006
342521
471213
995034
51208
1123328
720830
236100
309643
78069
293701
71332
75450
199163
136591
194035
44914
87474
1044473
117460
101294
666557
343133
729428
878438
1030791
345851
346152
673317
938751
230820
566764
382024
52611
635191
461053
164244
609077
298642
67299
162480
885561
370257
948783
267185
268850
986437
1092399
143900
631674
163980
119275
368313
61524
498844
896050
840030
212105
329261
396388
887749
424921
733599
521441
498455
783827
872073
777021
446167
61871
3630
140058
229352
270168
739986
5057
437910
43660
252779
581684
228934
626109
626110
362378
539408
606898
1040914
136520
633608
985324
304963
121969
449399
119895
1057877
327504
516414
925030
65048
579204
919650
115369
298690
171447
1068319
580837
539856
700885
570328
539389
532890
1096297
25589
39578
126190
508889
896556
420584
230519
606884
97863
104716
209327
274057
283540
360317
547579
876339
930729
984747
35136
47460
96753
132047
170107
271716
282591
293004
546493
555908
655724
712699
777398
1004234
329316
117660
11493
14299
22599
45947
48520
60666
70183
82288
122450
139065
152614
163792
180459
185723
186751
189768
197362
273777
286744
295220
329640
341883
345702
385963
441315
465937
473450
473766
478173
508275
510214
531210
554712
555506
569535
606929
769868
911490
916203
933123
933304
946220
972440
983960
1000225
1020549
1037323
1058257
1065874
1094971
1111943
1122561
1130985
4680
1050838
1055724
31084
191247
396613
408903
419142
338267
92337
341532
236646
630902
903097
1032020
467891
246541
151290
159043
234060
637874
11744
84853
155528
164254
237033
244086
263088
303747
313528
380825
813940
199142
209966
8695
779067
1044702
273032
318449
801178
563765
558853
1054586
105834
789824
221378
882438
346326
309955
207385
158418
277498
353462
1515
830903
229345
769795
848991
88830
1003062
826244
582734
197573
661919
1000021
295150
769796
733246
806575
260170
455103
1067261
433644
38096
820396
888901
332530
79347
1131655
218920
991379
104631
498215
466807
719131
591422
148094
807633
3339
43162
191242
459835
1016862
1023455
505904
935062
2068
997952
58642
118716
914640
574211
63521
477939
100426
618115
651280
854862
967431
616329
820678
3655
1053620
476564
155650
457776
68695
196964
357346
836767
359351
962015
33670
237383
64316
490935
392523
643063
934857
326517
88017
21616
241780
101572
618286
749225
982860
293545
388373
148049
274774
349732
361590
914230
58931
132684
136432
150262
157407
247914
370098
389885
553572
606897
793628
826855
947894
276362
21231
771674
1071265
448447
263588
533634
1826
233279
113295
51341
200148
382041
435285
435286
497759
633607
872075
898210
955942
1058402
1097515
419861
342404
148255
348870
369380
629437
292934
451256
1016864
270650
309674
268044
200987
178499
162573
711705
205789
188493
334650
133583
737305
82996
327309
265354
287624
148149
156171
246683
263783
294705
325417
577226
77524
259682
148135
848767
790860
259239
925029
416211
987590
1066879
152715
1009157
158945
830806
96374
921897
183667
398637
346713
770125
855588
862979
906430
906700
268109
70309
256098
628904
1101471
470428
787435
104011
175915
320601
395766
664172
80293
395515
419143
535965
809656
1037236
793529
268613
85383
1123338
99983
483863
951378
146143
336429
398704
973249
506170
842004
293114
482390
145049
147086
903472
237656
1008280
70965
765058
789889
1085210
787444
494898
1050884
273945
326314
386362
153405
194986
370266
642500
1054851
624917
180983
1276
633834
138169
658038
1009413
776738
200794
575125
26394
256466
844100
251561
329248
1009767
1015032
202831
681877
59568
220796
221537
273390
274188
292503
405923
420957
447087
458350
680134
680351
705785
790786
1084688
1087258
28514
155768
419822
475408
513820
832544
767671
55710
179966
588640
263310
570654
600601
517022
574543
433456
139079
501022
339552
655202
489356
50057
434817
201121
941501
51307
24603
368551
1100063
232312
456225
614673
56301
946981
597907
115686
368554
272186
326683
275095
287765
456848
1035813
218663
4975
1102543
303816
222889
254035
634707
769786
1065648
109926
801820
585573
262039
74037
589795
272721
189078
201995
951100
47680
699119
41532
18211
783289
821593
543218
355603
261622
381426
260550
135465
152283
21895
251661
531361
23588
285445
876584
661991
348649
531847
558789
160547
403696
16700
262357
505554
150782
293665
984597
186074
237312
326979
359090
449156
559912
598266
606924
640858
669121
733825
789861
925156
1029225
1050691
1133810
42074
66496
323771
426831
837736
210818
264219
160080
845711
260987
571530
334966
28190
199756
273300
319119
384474
1046273
777629
21412
43340
45804
163906
222170
228929
254450
267314
303369
347243
528483
603244
611562
637719
680816
759055
763060
868685
934720
1008084
1105751
690463
628001
205054
40341
229563
82500
793845
307419
417618
448727
472960
523785
631874
910200
1040157
1116686
11037
28537
103491
138885
174269
253957
438229
664216
744380
770456
208525
614472
32664
257066
852350
28270
583075
289213
398675
252886
1044636
1045597
652635
496438
334670
420060
337027
31709
151184
994190
446784
11004
273095
1125052
77263
2033
101397
24535
53795
195087
141297
3646
617688
165131
585715
776069
874096
47800
82405
624403
773014
21049
358924
314892
71120
69497
463920
4725
383391
891815
986950
143928
789149
297392
319214
621803
621804
121472
1015627
229182
43394
243743
227787
547223
924910
957710
1011875
1100417
285166
65941
66320
273232
452804
454516
457348
508316
539374
553698
582164
735818
747367
772936
784237
837075
850161
862961
868310
871539
977794
1028153
1069883
1073246
1083836
1100308
1125555
171543
838720
969283
729551
1006839
271220
485335
4611
16340
46542
117618
128241
131385
148187
158530
172639
212370
230776
279607
317290
339504
352467
356424
412302
465411
569159
723577
766059
864431
903893
921091
1005424
1025365
1032483
1042020
1083005
72877
173109
534233
764386
833971
1057780
1116993
242022
439038
123962
276611
473534
944566
681885
830182
354890
463740
914245
455359
871241
412059
309672
502810
679411
722384
26120
1056593
24057
7420
561023
611162
87372
222340
749195
35399
490328
658431
1084215
1091147
175030
737486
1093441
626030
187243
105685
989602
2166
70158
848486
31342
160248
261881
920301
262075
381346
730229
878124
92899
607679
473010
586175
74238
110312
363912
69287
103376
216469
219363
247360
310708
323007
355699
359137
452500
467453
469077
485489
533277
581796
584876
867475
908657
885213
286116
132142
215089
398391
403245
440898
27160
250183
403246
608956
635877
33907
131303
191085
210445
238597
241393
343395
419187
430309
901682
97015
329281
954397
3790
19115
50779
235054
245847
246738
351694
455331
479101
697762
727653
804427
819568
878827
886122
901449
997642
1061922
1064586
582953
863470
877875
256728
25896
66346
402613
291205
1051744
948813
110686
184976
220319
924989
73561
322208
529109
529110
1084028
1084030
802832
802833
766151
85017
85964
63850
549335
551293
591160
298718
329462
544955
702752
729257
502651
174058
662295
41950
274218
473735
543167
25855
129936
147499
274576
448854
636898
983683
18841
23058
40182
67454
68828
102731
104296
124510
140611
172427
175020
226422
240066
241402
242060
300639
320364
335766
381609
433777
470312
470832
534552
550063
555443
562430
579966
603984
612047
629977
634313
654735
784475
792770
830808
894432
958638
1005389
1092185
1125568
83621
303543
1032850
119977
318741
954915
541818
582446
512104
632629
965869
95928
835984
1032569
1132756
242146
261776
539487
670860
701029
1009780
1089163
1104040
71922
793071
43916
69166
76879
89494
93872
143968
152453
189558
201194
217955
218895
242824
257077
296879
336082
494172
531194
777265
912048
999989
1053712
814223
1076018
471608
471609
777387
974419
253454
1051415
516068
108381
294120
609002
92735
791359
825681
335836
69458
1125357
1125370
295525
396440
766311
153447
598158
860370
344216
641051
46907
47233
112608
162370
140554
106222
64765
294042
91486
468547
157398
867438
613631
983843
1043163
257208
16584
238818
41578
482254
315770
246157
181513
1025287
1082446
787124
470176
815253
149271
1016276
622914
31035
93233
136052
167438
221033
225555
335275
474375
625562
729618
851922
1055076
699674
427287
61350
75562
79311
119601
491289
70196
764098
58011
391391
650282
53639
410740
592185
1049286
28084
28159
801004
933743
1128011
83137
140700
180167
260322
1080678
1095468
758605
997830
258649
5132
615132
953857
43263
242913
543025
293308
10238
23833
26042
56746
58576
75870
84307
118183
127399
132967
135434
153368
166704
173957
222803
230637
281262
349934
364420
475928
493059
498243
508820
558022
571713
587405
606586
642719
713971
728935
735846
785436
826639
934643
941493
982365
989478
998738
1023759
1078943
1101058
1111904
1122811
86610
262908
781379
838793
1134834
1036034
199878
392113
327359
274219
506339
70338
565394
239980
420187
839963
555453
44761
227418
353456
418485
1108151
222898
50916
940812
41623
742041
865554
50594
40087
243125
185936
756251
573594
64790
984784
144234
184697
752078
237151
458173
537402
536418
568819
1071517
247897
685419
821159
204360
218865
242080
250923
257678
450652
546510
680972
820902
886211
1058045
1111662
29103
449094
538155
271200
587846
470269
668384
910906
88112
150174
193056
266159
271697
598393
72184
360987
450676
103749
731630
28025
945374
370244
397504
312244
88050
176774
267181
386002
435937
458944
785524
899495
27113
463983
685712
864930
777396
69243
331014
537056
188269
304901
335612
223960
838811
658121
589849
115174
885938
642165
352058
154797
688440
866184
75951
160040
500157
340326
70966
893031
229998
33740
551292
981378
17229
38326
298416
649390
767704
157035
859214
346325
1001121
787125
256338
958030
309702
640224
528740
652634
911908
160078
1053614
1046283
35963
155654
201397
155195
1058441
286599
609041
464011
1023457
325295
83110
546501
966725
424253
753845
256279
903136
88506
119483
221909
294815
933899
758609
776739
335835
676883
459955
245820
76061
80744
874248
902283
1095649
208560
945954
220325
459608
456182
158029
232553
210119
585717
935060
539218
1017927
120746
64137
24487
505352
175321
293543
44539
26713
479541
61198
33723
104521
349784
104742
223534
1062336
1062334
993597
754698
1066289
569005
627435
641100
570655
1016275
493409
260980
1051414
70933
98001
201742
492499
779231
851301
39807
309906
388567
392298
511015
563510
814221
988526
1023603
198197
1048696
885102
25078
94472
104741
198656
609218
590837
1093324
122037
97108
422702
589483
642994
756788
121661
308079
102690
70320
759389
1046282
188334
85451
862407
42984
238202
777395
852778
177790
583786
449551
453339
487039
545860
630957
418045
121186
293667
190942
227817
180824
765851
140471
336632
157102
328290
465730
270905
273391
253004
146193
646076
160023
262488
814378
24433
702753
800962
940811
477417
494269
669749
392510
151525
96672
89704
219090
923317
356538
46097
104308
167640
340450
626748
628965
654850
770540
937847
952971
586740
840243
174326
527142
85636
403288
615582
234638
246331
817622
621122
354390
233518
588719
118557
264416
389774
931917
260319
38824
739104
144631
245409
893033
776742
697870
152907
177793
72513
644699
670485
149265
59080
439635
1065905
151214
97394
137397
396162
523510
48479
156986
318659
537728
893200
710403
419823
71365
646375
965694
598157
18522
130953
233221
101690
242011
263530
9000
582959
806822
28793
145182
698563
184939
420001
89838
575442
1064859
180512
983393
262684
145417
478005
91232
222086
253578
650358
249062
681422
135
36848
81920
201431
731263
1048443
1126801
98387
10525
381794
423767
823524
299076
17700
100806
263956
300769
439250
493586
538492
801215
995523
94715
109369
269540
580181
144127
188587
263976
454087
521989
455957
455959
1065244
334634
140931
402812
471519
563656
101753
175400
225837
252637
257165
440617
860166
982254
793117
614210
361101
622260
1098417
443926
319790
6856
569087
30602
896422
1092151
528811
588639
1059680
19587
629888
532095
61416
516342
433872
744252
144406
600673
46096
49893
144034
174175
220915
249030
345921
479071
518558
532455
664937
982643
1120752
316858
144477
185970
221129
293536
680342
77040
4806
25056
43348
51313
75906
91402
93773
115468
125858
172890
179641
189790
199245
215892
232567
240055
246706
251306
277387
287707
353201
400967
471086
487199
497639
497679
499418
506487
555650
573023
591404
592110
615234
655350
657852
674238
680979
718882
728485
818009
900714
929659
937432
944764
947959
1021022
1022159
1026486
1074488
1086416
1095667
285
1197
1242
1392
2468
2509
2603
2649
2812
3396
3576
3724
3911
4334
4609
4905
5233
5337
5856
5972
6494
6501
7273
8156
8632
8846
9153
9253
10790
11540
12849
13040
13163
13771
13960
13997
16999
17277
17964
18582
19789
19809
20937
21085
21890
21913
22037
22283
22334
22673
22989
23045
23286
23740
24253
24472
24500
24875
25797
25882
26250
26498
26676
26685
26700
26702
26832
27210
27587
28168
28771
28847
28862
29138
29807
30079
31058
31303
31477
32047
32355
32391
32570
32716
32876
33528
34041
34160
34965
35408
35783
35787
36621
36931
37106
37337
37414
37509
37555
37558
37609
38520
40421
40512
41138
41511
42588
43129
43257
43419
43610
43837
44443
44627
44794
45038
45515
45710
45919
46149
46827
46923
47437
49486
49659
50320
50652
50792
50870
51116
51318
51331
51465
51691
52589
52671
52773
52793
53495
53689
53908
55045
56670
57080
57204
57869
57939
58313
58541
58710
59248
59484
59572
59695
60891
60914
61139
62526
62724
63115
65034
65355
66113
66397
66443
66598
66669
68064
68081
68376
68523
69172
69432
69587
69739
70112
70518
70946
71493
72550
72752
74579
75229
75889
76385
76691
77058
77189
77586
78605
79112
79203
79403
81454
81874
81929
82275
83318
83631
83682
83958
86338
86672
87238
88440
88801
89735
90030
90851
91573
91860
92383
92766
93195
93854
93871
94192
94594
94853
95164
95309
95420
96997
97130
97860
98299
98444
98974
99053
99369
99378
99415
99491
99780
100083
100563
101472
101645
101738
102341
102373
102395
102455
102807
103615
103673
103962
104359
104445
104474
104934
105243
105300
105716
105883
105946
106105
106382
106455
106621
106691
107269
108173
108696
109195
110332
110529
111489
112844
113699
115282
115523
116016
116236
117746
117899
118092
118242
118362
118798
119066
119143
119181
119530
119992
120503
121832
122214
122633
124016
124148
124547
125103
126644
126785
127190
127553
128132
128197
128461
128672
128959
129243
129251
129554
130217
130238
130339
130579
131585
131926
132058
132243
133177
133862
133900
135071
135280
135691
136126
136441
136982
137176
139600
139649
139727
139860
139963
140444
141229
141737
142218
143382
144002
144309
145402
145472
145941
145955
146181
146321
146381
146403
146577
147938
148725
149065
149323
149638
150578
151424
151879
152295
152482
152499
152508
155455
155682
155712
156638
156932
157156
157459
157807
158217
159346
159914
160588
161345
161586
161595
162363
163166
164071
164131
164394
164519
164543
165179
169016
170114
170387
170485
171497
171512
173024
174950
174963
175037
175195
175401
176213
177467
178136
179051
179824
179920
180008
180120
180275
180297
180615
181036
181317
181516
182066
182553
184121
184138
185079
186058
186296
187225
187413
188037
188287
188411
188478
188565
188819
189801
191430
191632
195103
195155
195406
195614
195746
195861
196765
196789
197938
199391
199453
199711
200425
200629
200745
200803
200998
201384
201670
202853
204576
205011
208231
208464
208572
209150
209263
209315
209430
209484
209497
209993
211339
211940
214800
215202
215725
215799
218258
218968
219682
219957
220038
220224
221744
221750
221832
222424
222580
222646
223189
223435
223493
223896
224169
224189
224222
225058
225269
226746
227134
227281
228437
228819
230726
231134
231574
231683
231820
234636
235873
236093
236162
236202
236831
236865
237127
237223
238027
238481
238645
238874
239431
239654
240136
240261
240461
240888
241289
241468
242323
242447
242755
243652
243679
244366
244375
244395
245161
245417
245948
246192
246299
249629
249691
251535
251719
252211
252265
252422
253209
253281
253441
253818
253878
254504
255298
255450
255524
256117
256209
256235
256385
256487
256498
257072
257793
257928
258259
258794
259597
260120
261106
261517
262222
262266
262441
263211
263720
264108
264737
266731
267500
267829
268331
269314
270095
270144
270373
271432
273130
273216
273312
273602
275355
275804
275913
277148
277840
278045
279034
279143
279266
280022
280315
280492
280588
280827
281267
281522
283222
283427
285910
286418
287172
287474
287560
288055
288151
288301
289523
290126
290827
291413
292617
292689
292788
293248
293313
293611
294540
296588
296937
297066
297416
298238
301010
301803
302567
302787
302980
303133
304148
306091
308511
311113
312158
312552
312583
313153
313559
314169
314567
316313
317894
318538
319274
319285
319631
319669
320479
320772
321387
321500
322288
322391
322550
322854
322888
322897
323132
323326
323384
325420
325891
326495
326574
326756
327024
327618
327766
328437
331913
331917
332110
332696
333709
334594
334735
335850
336174
336245
336393
337051
338543
339249
339477
340355
341434
341608
341763
342160
342711
342902
343343
343701
346077
346105
346274
346633
347423
348024
348593
348993
349135
349561
349922
352265
352505
353128
353622
354124
354192
355314
355599
356061
356432
356960
359249
360553
360745
360756
361743
362303
367816
367959
368129
368465
368985
370060
370126
378702
382216
382288
382836
382841
382891
368919
250589
650281
325580
1093327
220241
145016
612362
388129
1108192
1011051
356531
647616
95844
151723
174899
571334
104314
43720
204700
110349
39657
111889
923451
332150
239385
264781
1076709
121253
511276
588699
1117844
578615
574399
453839
19548
98421
192680
443919
149112
291501
303669
345801
562923
580107
339559
144645
109940
909954
1128144
187479
497880
664936
875389
966854
1076218
615762
322877
151227
89142
591988
24945
209659
164085
387034
89418
640718
956211
517597
561599
503768
121537
136534
553991
122089
1001369
218862
478002
132692
349785
286654
385911
386265
386482
387667
388189
388360
388793
390730
391967
392239
396376
396518
396726
397147
397233
398318
398717
398827
401621
402231
405952
406132
406738
407019
409054
414169
414558
416122
416133
416677
417494
423924
424259
425087
427108
428762
430551
431211
431568
431761
432249
432381
433881
435810
435941
439204
439219
439519
440572
441222
443267
443672
444329
444389
445961
446354
446655
447155
447431
447538
447704
447755
447871
448215
448688
448931
450477
451048
451635
452305
452565
453195
453387
455037
455493
455931
456361
456422
456907
457027
457510
457764
460149
460658
460979
462555
463004
464390
464591
464611
464737
465117
465984
466278
468172
468315
468338
470368
470597
471492
471918
472122
473272
473497
473628
473673
474263
475468
476623
476915
477405
477988
478319
478383
478714
478871
479039
480929
482239
482431
483598
484066
485850
488171
488239
488446
488505
488728
488800
489354
489597
492396
493105
493208
493458
493515
494583
494913
495119
496425
498044
501854
501902
502990
503508
504392
505553
505798
506338
506359
506375
507826
507999
508277
510077
511296
512298
512707
513047
516181
516993
517136
518257
519606
520090
520818
521279
523422
526197
528643
529001
529042
530469
532519
533472
533871
534315
536469
537139
539381
541768
542391
542846
543480
543655
543713
544618
545576
545909
546266
548725
551775
552105
552455
552755
553306
553314
553365
553400
553527
555852
556941
559158
559394
559545
560798
561856
562212
565877
567295
569522
570281
570569
573911
575906
577517
578279
578851
579602
579972
580020
580250
580485
580547
581241
581252
581875
581971
582027
582764
583540
583562
584078
584432
584881
585683
585935
586352
587684
588331
588465
588555
589250
589412
589940
590684
591310
591819
591856
592749
593138
593377
594110
594947
597084
598642
599654
600032
600509
600859
603394
604249
604831
604924
606108
606478
607232
607878
608653
609301
610659
611816
614647
622190
622797
624154
624459
625051
625606
625776
626147
626360
629089
631859
634864
635466
635482
636430
636767
636972
637007
637244
637361
637765
638614
639792
640684
640705
641260
641353
641448
643667
644285
645227
645603
646169
646759
647627
648594
648909
650088
651291
651653
653460
654797
655377
655656
658108
658690
661038
661735
662516
663440
663495
663646
663718
665763
666196
666487
666515
667517
668921
669855
670459
671563
675720
676897
678817
679964
680267
681873
682100
682886
683605
684123
684900
686858
686886
688196
688539
689062
689491
689524
691405
691450
691459
692655
693235
693333
693980
694694
694833
695669
696532
697567
697694
697758
698053
698434
700220
700318
700325
700684
700752
700958
703660
705561
707756
708825
710741
711615
711966
712753
713077
714243
715287
715311
715550
716625
718559
718571
719343
720843
725484
726054
726521
729906
729932
731235
731392
734500
734610
735310
735900
736405
736538
738427
738584
739973
741402
743410
743934
744365
745473
746582
746868
749680
749948
752090
754000
754220
754330
755032
755099
756603
761949
763294
763393
764318
765831
766384
766541
766578
766908
767272
767363
767543
770029
770542
771181
771819
772453
772769
773847
775283
775730
776467
777687
779495
783928
786869
787081
787184
788856
789801
792023
797042
797466
797650
798424
799887
806265
807570
807683
809208
809356
812406
814849
815075
815524
816859
817614
818379
819340
821274
821325
822053
823610
824245
824709
826103
826735
826816
827297
827622
828688
829018
829922
830057
830446
831007
831308
832050
836225
836551
837107
837532
839293
840504
840755
841515
841938
842106
842918
843065
843173
843271
843921
844089
844343
844436
844461
845666
846320
848268
848715
848883
848956
850504
851468
851879
854968
855708
855757
856186
856667
856776
858396
858524
859528
860029
861099
861199
861870
862841
863610
864416
865159
866158
866437
868024
869305
869334
870242
871426
871494
872270
872431
872504
874069
874734
875553
876274
876853
877567
878388
878702
878711
878806
880861
881044
883285
884368
886721
887803
888032
888730
890182
890454
891840
896235
896941
897009
898126
899768
900659
900737
900972
901749
902831
903910
910287
910993
911424
912406
912706
913180
913730
914120
914209
914431
915665
915930
917938
918573
919353
920040
920160
921345
922596
924429
924585
926966
927070
928247
928933
929506
930087
932208
933298
933303
934573
934990
935182
935564
936905
937361
937909
939386
939729
940049
940377
940745
941737
941760
943560
945163
947057
947488
951038
951339
951849
952072
952275
953400
954153
954199
955685
956676
957983
958321
959287
960630
962223
964622
964694
965050
965733
966200
968923
969867
970966
971481
971496
974323
975370
976710
977272
978669
978896
978976
982787
983648
983762
983880
983912
984112
985325
985432
986113
986271
986327
990104
990405
992500
993083
993264
996842
999602
1001302
1002585
1003351
1004784
1005120
1005468
1005960
1007479
1008884
1008994
1010188
1011943
1013275
1013700
1014263
1017471
1018099
1018135
1020300
1021150
1022859
1024485
1024883
1025191
1026260
1027233
1027843
1028198
1028811
1033191
1035249
1035622
1036852
1037249
1037310
1037845
1038644
1039442
1039621
1041178
1043170
1043798
1043847
1044259
1044382
1044489
1046909
1046930
1048188
1049046
1050797
1052556
1054125
1055819
1057354
1057487
1057732
1058447
1058648
1060012
1060797
1064098
1065533
1068611
1068793
1069268
1070459
1071550
1071586
1071987
1072755
1073355
1073689
1073981
1074135
1074399
1076110
1076163
1077063
1081530
1083314
1083737
1083818
1085359
1085655
1087069
1089202
1089378
1089961
1090223
1090425
1091177
1091701
1092545
1092982
1093333
1093651
1094191
1097174
1098261
1098440
1098717
1099195
1101068
1101770
1102734
1103453
1104020
1106780
1107333
1108273
1108458
1109218
1110392
1112574
1113567
1115168
1116112
1118004
1118951
1119881
1120755
1121314
1123101
1123638
1123694
1126635
1128189
1128307
1131878
1132394
1133706
291104
384892
546810
570994
578564
612354
688736
726358
733891
803960
808966
829443
852790
873193
910354
1018265
1082421
1083554
49450
866554
250790
93961
718655
331583
151413
919000
704561
271548
244648
590282
902779
253963
99150
949411
126213
267624
3146
4072
4921
5071
7579
10714
20994
24854
43635
52770
66871
67949
68662
69277
74118
112223
127042
131778
138547
158931
164330
165211
171989
196355
196734
196801
205010
217126
232171
265616
266563
271077
318778
320908
326610
333825
336723
346937
352723
355211
356378
386469
398334
403097
436341
442643
445494
454341
463506
474448
479310
494227
497891
504737
511881
536962
571017
578097
597090
608199
610552
624449
648475
661384
662021
676942
769472
773450
818207
827254
894083
900403
946824
951970
967262
967765
998423
1017841
1040892
1050972
1112155
26571
95847
182905
249502
270176
895771
385557
72494
146524
187003
240469
325975
420206
495051
583081
639874
717196
937936
1077078
62319
218746
232705
397358
532110
779585
909919
995655
1012825
47649
595163
185002
753413
309025
6181
477959
127774
180396
181902
1018484
19840
79267
171442
308578
314915
359930
394422
452234
472654
490900
521663
526291
691953
795500
1011578
1015940
1120992
898844
1105985
84837
934459
905886
437748
408046
193944
342628
342630
70346
579224
116074
103212
569629
588723
971804
574009
224970
873465
941605
240969
792452
297559
658453
424755
257318
964825
436452
145899
469103
114180
139613
816024
1023698
824185
136827
101343
346608
1114055
911121
282491
215119
786058
1117482
1117487
784406
1029236
2075
4747
11759
11945
12008
18288
18794
21401
29638
44847
46750
70050
70118
72651
74913
77583
92024
103124
105215
105225
106168
297942
390370
577562
646183
571339
443338
89474
131041
32345
222912
692758
692759
1065246
971651
424386
954555
1130429
567811
221923
368875
120977
539823
257939
269899
1117066
1076016
267531
908708
34740
71230
658837
621550
1006736
477960
536460
771953
151458
1057744
1017291
390375
1758
503053
326862
658840
104428
1058053
76505
28917
795716
595162
70847
1088850
591934
236028
70839
155083
186960
205910
918997
381714
472372
414606
354676
154073
174458
266557
271951
297408
344827
347549
352539
355734
387502
409089
463195
493239
500248
505241
566540
571141
591055
606670
607969
611927
618470
619003
632777
646083
654575
667887
675290
680185
701796
752920
789971
804756
811537
856129
965268
1049601
106360
114371
122526
137316
145813
160138
179705
180460
190395
201287
204806
215303
226916
233289
240154
259469
261765
261907
317265
357092
391384
400908
449195
465677
478874
487225
505416
532096
604651
609115
628761
636304
653203
707427
725833
751828
827764
899867
915543
938941
967511
1037278
1043668
1088990
393156
609856
150785
897474
86895
264003
336502
18688
356964
513827
804245
1034491
401781
656970
772124
620513
4302
997237
188498
3442
580555
153905
85243
43258
104464
327948
867112
342348
22383
840705
927384
399719
238583
141304
156315
851477
28483
69248
91082
151483
159025
506914
540171
679481
785909
1005935
231178
617816
106582
392286
220937
143397
329170
396024
286893
746041
994465
30715
46634
68167
90430
127584
144537
170237
223923
253438
332317
467302
472784
569162
577815
591083
661195
699085
735991
746746
758746
780115
857630
859663
864938
873146
885065
893650
976612
1009919
1023886
1024515
1026710
1058431
1075706
1081284
1102337
1103976
1107718
1109052
1121146
1127582
1129692
3210
59722
202852
650182
661571
729379
989619
29740
762806
172357
976336
110755
417555
99809
278419
751477
725959
262164
445589
843395
405964
997949
8529
591973
978309
273354
189048
667862
714200
897520
475111
1090561
156185
612741
69272
978726
649050
285465
548518
1039113
1039114
165348
812935
633175
449418
1007378
1100622
943155
24039
515647
100278
273707
266229
104768
792874
973060
473618
58224
807691
1086738
12370
647639
927433
794661
188016
942015
30885
921741
142834
251730
66342
160144
291000
303146
18093
256966
638485
158227
634976
44279
1091716
1066230
533275
84489
398569
951330
1120661
188533
761683
14028
633154
191441
130925
238174
515536
39886
62942
75168
104092
105069
106208
122374
127506
129757
150537
153372
155221
159987
181857
187608
219514
230085
246289
264284
268943
287828
303134
390539
431722
437755
457477
551247
580267
592186
614974
617935
641928
683676
725869
735592
737928
789435
791801
809904
817627
859405
888273
889504
935128
1022572
1038747
1052706
1055359
1067407
1131372
222794
725888
1033194
2177
207648
565378
1075956
904317
48048
84273
105649
136468
143302
239804
263458
304981
498995
545075
800597
872436
889533
1010094
7885
13058
37203
74104
138595
153662
171626
196743
243160
381191
395102
417323
426858
447828
474294
477566
524228
596901
624412
648530
822312
823458
825470
907171
923984
1015035
31176
34995
92059
140259
275356
510872
1116763
1124704
991425
550679
840717
1266
22987
28364
32745
57912
70312
70733
77061
80211
82372
87307
88331
89502
90990
92064
92266
94588
96751
105614
110541
110561
115761
122443
122631
128807
141957
151798
156821
158166
164180
164256
173994
187533
195400
196751
197621
199804
204663
205267
237489
240109
240182
242459
251232
255321
267610
269548
270641
272540
273363
275632
294287
296598
297598
298670
299818
300633
305313
318472
327625
344302
348634
351630
353838
386112
409591
431546
474921
478960
483787
496494
530863
568229
571353
577282
587084
587598
588821
596617
600579
601742
602678
611657
618615
620082
625722
640842
647981
654818
661386
671195
679397
681140
687623
692511
699860
700906
732202
733555
738159
764720
766092
767186
768215
789573
790271
793244
800447
800865
836670
836720
837918
841618
845765
860210
867244
868011
869293
869544
877775
879001
880513
881426
890882
894693
896452
902575
904915
916920
979775
983496
983710
994017
1000280
1000302
1005498
1026674
1032972
1039187
1058418
1070487
1088404
1103095
1103096
1107297
1107299
1134016
1134873
3540
8625
12753
16671
20044
22073
22978
26280
32177
32645
33045
35593
40622
50979
51594
57958
59710
70210
70690
74299
81019
89057
100627
101971
102505
103108
106483
107181
107376
117448
119837
123714
127212
132512
133770
136549
143855
144106
157080
163640
168680
174307
184912
189071
197683
197832
225471
229307
232002
238817
248742
254244
263090
266982
267415
271559
275279
278048
292458
299256
300418
304860
309101
309871
317403
317552
318785
321078
340509
346492
356111
357162
360059
360274
361293
381727
382340
393203
393954
409582
418163
419299
423528
429603
435520
447917
449248
450863
455023
455080
458767
458814
464146
464387
464983
469092
477290
479374
481274
488306
490222
491557
510977
518582
518877
524345
529878
534006
538349
553589
563126
574897
578771
581838
583688
587304
590519
591483
591660
596171
606809
607060
607203
612150
619036
621470
622202
631132
633554
642152
663524
665296
676388
677806
679403
687136
690585
698408
698429
703583
714504
719410
751234
754920
764314
767584
769664
773584
778224
780955
781051
781068
787490
788284
805491
809053
812113
821469
822931
826495
826739
838098
840844
843287
853651
859583
861656
866689
867002
871634
877253
891535
893543
898039
901937
915656
918708
918789
919235
923086
927892
929350
931802
939768
941521
944838
951863
954418
970662
977667
982422
988433
995271
1025878
1031029
1031387
1037717
1038641
1065118
1066005
1068049
1084500
1089333
1116573
198988
227146
47872
816093
137504
348187
215968
332377
431277
74945
96322
543443
186538
329183
246357
112977
591124
192610
550239
763945
851443
964139
352504
24826
42599
55086
153101
329730
562309
632787
1045785
60680
70355
156040
175301
268860
364697
631276
659553
749624
886680
1056657
265127
448945
443746
584621
266382
60939
553672
765707
5707
22546
23970
25793
39304
40071
40860
44818
53404
61491
62187
84298
85903
92003
92991
99680
114929
116387
130290
136165
144561
147702
153722
160538
179941
182402
190880
205817
206232
206564
219382
220982
223904
229419
239782
244438
244888
244956
252504
252983
255234
255761
256118
263058
283457
318634
319336
339542
340340
345507
346310
350096
353580
360716
364397
384298
387551
388459
389638
393375
397739
414674
435730
440760
452851
460552
462363
468759
474000
492956
493660
505103
505291
550260
559868
561623
571429
575012
591155
616909
635142
644891
645949
685241
734655
750138
752670
770392
791922
806456
813832
841066
846197
855192
912494
928463
934343
940531
969200
998325
1052640
1063099
1086808
1086810
28472
697410
842965
873459
136015
148563
149036
245469
870785
940440
966749
1053450
404763
147194
618203
1391
4623
96854
205937
247932
347233
1017854
708690
939193
505236
6745
20460
91193
137596
150163
155746
164694
209978
327000
348823
353226
544009
608592
636844
664359
729078
740106
755236
922068
949726
965291
968398
1050948
1102338
1107461
734963
37980
550585
392339
257213
43363
148116
220932
844135
854836
144697
984522
470786
75674
704348
773851
449509
24209
199482
733144
908974
487433
639861
21920
38287
47095
128231
136778
180224
196993
217152
237856
280092
342054
351706
383678
427476
456363
499922
538836
558461
573232
610922
619194
625876
642531
642549
705652
725434
781308
820229
839532
841327
941241
964491
974880
58348
753552
938423
229285
19406
41505
46911
56288
86534
141234
152788
163629
185752
479254
571833
654674
668299
699718
891160
892719
988165
1004469
1036320
1056648
1105627
382914
933961
822155
1035627
1081895
1096255
93090
51958
1094956
398198
245209
251884
321169
237339
35362
245500
336272
396435
456969
457760
462170
520851
573575
579943
617038
637032
639165
766739
841904
883593
920809
926946
1033753
1076325
51495
74774
153581
160604
220457
230967
250637
390196
539433
730347
824862
277272
771397
310537
40450
42825
88215
606062
654438
435529
139156
931452
938424
1118303
897476
771392
470785
348169
967657
53376
562573
817227
242224
88563
252073
653884
689633
322177
148892
10444
924844
580557
1086741
74259
521607
113982
272075
336943
929029
224157
23206
145368
153641
262007
367660
598276
832192
836732
615922
201078
23416
33076
47150
440948
147638
652433
691714
237303
58354
63006
297245
491706
570462
580315
664711
711740
568085
772009
65040
245115
645484
4492
122046
817226
435591
39802
254698
380792
584781
40404
80107
181860
447563
563128
569293
20607
417566
270447
161300
841106
756578
866133
133377
102673
171548
104083
456352
457459
685519
907946
147836
227761
250099
360668
552828
560265
18504
356306
531455
582034
632656
96555
469354
44018
145906
906186
30263
153857
101809
398172
1126613
36572
593497
14015
4541
956252
390015
523498
151086
471341
757334
39888
273626
299018
317865
381419
456561
466499
1016416
1077073
1130842
739975
206333
678343
68424
270191
518670
863703
1114056
70105
1045109
147440
97737
972734
1114057
267574
1026418
943157
465124
632330
293671
74391
85241
285454
396960
636225
640843
445597
805223
227980
45764
118195
177932
272576
463147
608890
623176
894661
1081076
1127383
891796
272279
710922
957839
1013267
189302
921215
122339
160561
551993
151024
180178
736625
528986
630051
385888
1020181
273692
625403
318714
281123
752690
877728
433693
1124034
326198
319750
277912
613820
20874
290689
156636
883891
1052320
1110055
458579
523290
245194
715233
91037
969255
935439
22241
927428
6325
30589
170098
180862
186632
229174
257643
334671
355402
433672
523743
539821
737240
756873
838421
838422
926878
989149
1076321
1112427
874749
751748
300196
830726
640283
626779
98483
1005349
774964
667236
121693
645831
785599
6341
8859
24586
39672
51469
72940
77242
90991
92745
98901
99051
105250
106114
123005
146486
147477
185934
186994
189688
197077
203363
223942
238302
264292
271453
275009
281298
290074
309801
321322
325533
326429
418052
424010
436142
463595
472400
477019
538777
568127
589442
612994
626567
642674
644520
671037
803526
808756
815869
875623
887908
903897
910927
924651
947353
960813
966370
1015649
1026512
1036614
1054634
1059163
1064725
1065372
1065557
1079553
1086022
1110339
1119773
1125397
1129107
668823
862856
935583
175146
266383
559000
596091
143802
189823
648085
807181
446743
319989
498578
13248
648684
157712
184348
1124376
993391
551961
773323
382678
1071632
308716
750715
662965
3649
497995
497998
478276
463482
578358
819493
925109
925110
971104
1109858
1109859
135274
1072010
1072011
1127281
195232
463194
286141
25888
96909
227496
287687
309476
338198
521253
546032
752262
894527
19873
331450
335575
244867
727994
768800
694476
190538
369877
319370
580835
555498
697912
622748
65535
219175
388653
33125
191936
321016
1095008
47395
139909
113855
591037
276046
326096
367624
512421
639598
639599
1104841
1105755
1105756
1130362
71777
1022642
592507
197592
142823
689587
455559
866220
276571
224836
383026
705746
144741
197526
585155
112591
12160
14246
22429
68461
89038
89064
102041
120470
138803
146507
154548
162821
172682
185712
187634
198317
210113
221765
229290
235642
242907
255197
256481
268777
294184
327521
349677
351787
355532
402904
468233
489188
498001
504867
506668
511845
530327
556224
574359
581869
588986
622194
644097
650151
671581
683602
694157
697297
703225
735806
789040
796881
805396
809450
822455
832137
843561
846335
868536
879553
897907
898437
899105
922595
924296
936516
939356
944987
959102
969703
987183
990034
993046
997151
1007478
1023670
1026134
1033763
1040332
1041306
1048127
1053995
1080116
1083143
1086084
1086639
1092150
1105555
1115000
1039
1358
1555
3388
4398
6003
12068
12547
12939
13246
13393
16949
17111
17703
21523
24846
27901
29821
32228
32505
32752
36877
37248
37812
42123
42584
44264
47397
50853
51321
51996
52037
52171
54963
64427
65488
66566
67214
69225
73787
76368
77135
79611
80843
81412
81786
83618
83919
83965
84842
85917
86321
87088
88171
94045
94420
96468
98635
98640
99417
100131
100981
101913
105517
106166
106205
109659
110602
111468
115206
116406
118323
120118
120312
122539
124450
124571
126061
128554
131537
132253
132721
139432
140028
140364
142825
144456
151928
152999
153828
155577
157065
159258
160403
160715
161779
164104
169060
173094
174213
174430
174994
174997
175087
177721
179717
179820
182326
185882
188513
189904
190468
192616
195168
196976
197388
201772
203140
204983
207061
208615
216455
217906
220635
221154
224333
229367
231642
236171
237078
238975
243454
243717
243856
245002
245218
249002
251181
252112
253232
253879
255054
255281
256598
258354
258704
259157
259968
263743
264137
267798
268673
271185
271642
271743
271953
272859
273498
273669
273679
276169
277919
278580
281750
281868
286275
287806
288093
288970
292092
292333
294155
296115
296628
301033
307855
307950
308011
317207
317255
320476
325257
325780
325938
327355
327760
327822
331975
334616
334661
336749
336820
340504
340649
343008
343307
343606
344381
349966
361165
363995
366007
368428
368586
385068
387353
390209
391757
404441
406006
408835
428145
432569
435110
437216
438121
439240
445892
449292
449410
453678
458363
458907
462359
462531
466693
467673
467745
474154
474439
476792
477716
488873
490231
492028
497066
508756
510504
511789
511867
513299
516982
529134
542991
544810
549432
552158
555336
556482
556505
561489
561499
563470
565911
570862
573891
574488
575121
577297
579243
581564
592993
598144
598242
604807
615741
616407
616761
617796
623055
623701
626205
630944
631351
632113
632347
634178
644702
648134
655348
656891
658958
661471
662172
664424
665466
666504
670638
671650
673074
675130
679225
680555
686914
695238
700926
701055
706842
719053
719353
720509
724783
735885
747799
752968
755797
756515
762504
763488
764361
768543
768862
771201
774397
774990
775447
776343
778649
780680
783789
785893
789613
789881
797603
802396
815098
820285
821496
827492
829281
829357
831014
831363
836519
836950
838686
841793
843484
852263
854740
859177
859930
869425
870337
876230
879556
881130
886156
894901
896677
899699
901403
902638
907918
909767
911877
914951
916463
924930
925404
934578
934973
935504
935888
936249
939021
941107
961706
962055
963943
969884
972467
973318
977676
986813
990393
990598
996102
1003614
1003886
1005624
1007230
1030354
1030442
1063568
1064737
1064956
1069026
1075333
1085660
1093397
1101484
1115075
1120836
1124064
796576
1065326
287656
1069820
809713
1088071
191876
100653
84295
59283
73612
353168
814772
135721
1047597
445709
621835
621984
844084
863298
907134
1047600
1051223
1065028
273235
199013
148583
510855
188951
91381
210472
237320
819052
250315
507117
623770
728178
168244
2521
3055
4931
25765
30478
39122
65242
73661
75480
76165
76372
82828
86063
87143
87380
92085
100133
100270
103522
108932
114609
122481
127400
134795
135082
135390
144772
145525
152106
152151
155125
161274
164673
168332
169696
175157
175961
178542
184021
189775
195217
196723
206798
207962
217324
219940
221222
223226
234778
236652
238880
241832
242747
243187
244104
247627
249627
256241
259098
270522
271427
271623
286330
289457
292892
322232
325331
326496
327775
335691
336453
340810
341755
351948
353585
359152
360588
364500
402574
430027
433857
440683
450368
457198
462766
466685
470290
472701
475498
478129
489910
492884
494943
496730
503074
518372
528681
530476
532053
539351
541201
542807
546752
549307
559892
575623
584623
588593
589101
595909
597586
602682
607663
609356
613242
621043
627777
629475
629837
643751
656973
658166
676724
688371
694163
716834
727660
729383
755917
762951
768798
791822
792314
808130
809547
816238
822146
824506
836142
840177
846201
864801
868604
873068
896339
899087
899883
905051
910357
914901
915969
921500
926399
946166
950476
957588
977562
980016
983373
996673
999807
1011363
1023817
1036222
1040002
1048876
1054204
1062185
1109838
1112474
1113779
1114072
16804
22258
26125
38814
53753
63298
67032
76492
82033
84655
95284
580556
61366
253014
453364
615771
294275
1110160
736626
852508
602429
640282
868211
929997
191930
585156
770035
871695
252025
785601
222704
908040
528662
645101
257057
703129
345168
1108439
345135
1885
894773
602094
1079077
1086739
543028
892903
939118
334737
63841
156241
549973
78777
266206
467728
734742
524194
217597
441410
159473
1052957
492582
662964
326185
1062628
729424
326189
248361
863709
444630
277043
344257
714875
645830
141167
160168
865832
309236
322861
457132
229788
140590
205693
123984
176570
485194
595315
642815
645277
29056
551959
187334
953131
1022574
850358
767280
17596
993160
41572
892316
627867
580277
645828
331452
1033474
30785
435290
14041
148849
602438
640285
1057237
9901
1086737
152762
402311
95770
248546
360752
991968
92082
96747
98231
105049
106270
112949
121312
128188
130014
135906
139262
140558
154478
161034
183161
201323
205110
207198
218419
221546
221566
226426
236160
239809
250610
259448
265908
274142
280080
285936
293348
293864
299147
301409
302228
305600
309981
314852
319463
319999
321673
325873
345153
363439
386273
386430
447499
469086
487695
532932
576323
585758
588571
595216
601214
625759
639184
647244
647654
662562
664069
769930
775878
882062
882150
918377
940004
953332
970907
996583
1020913
1035244
1059781
1082358
1100309
1112784
823236
341525
181139
404766
770496
191704
828089
32618
357395
507960
907862
1069701
771901
633581
435988
447217
362156
443816
199504
670643
738890
342830
18779
20302
24734
49663
56264
77269
95913
135038
144337
158125
185037
185039
185955
198991
213276
220649
221021
236019
247804
278056
280674
369102
372935
386075
558895
573632
588531
649145
650572
736624
744131
820817
825605
828223
856993
882385
905519
911486
911487
948056
1008711
1069543
688889
688891
473200
963743
63840
6491
28441
46949
46972
59161
69337
80702
96107
127178
136605
142569
188595
223204
232612
275617
278584
341661
344171
346807
389574
465681
484937
585515
652397
653882
698550
743564
762521
763850
767629
768707
790847
821149
829609
861975
865156
867101
914771
933665
949525
952079
964653
982009
982565
993539
1001470
1024137
1027955
1036970
1039219
1039680
1067002
1076175
1077265
1097654
1099143
1104578
1116747
1117195
1122006
77146
558091
1063686
852418
554130
669479
456786
161802
459469
76532
320570
555991
1042197
1095763
3133
3475
4136
4204
4663
4822
4909
4946
5426
5430
9929
9957
10675
11188
11923
12121
12440
12895
13271
14319
16206
17126
17134
18825
20897
21054
21684
22198
22364
22394
22728
23150
23565
23579
24114
24674
25431
26283
27740
28589
29461
29507
30135
31009
31236
31291
31517
31537
32415
33718
33937
34465
38403
38739
41146
41638
42921
43119
43474
44324
45149
46290
46527
46563
46987
47126
47308
48671
48790
51444
52687
53139
55283
55653
56536
57730
58039
58161
59262
59290
59448
59789
60684
63494
64333
67485
69529
70199
70392
70706
70793
73818
73898
74492
74533
74543
74879
75703
76652
77615
77651
77753
78160
78180
79014
79072
81082
81152
81998
82811
82983
83111
83499
83942
84204
84768
85886
86309
86529
86805
87180
87612
87847
88306
88455
89859
91768
92445
93509
94879
94979
97418
97648
97897
98277
98690
99255
99688
100320
101716
103344
104441
106155
107677
108247
108432
108575
108700
110538
110598
111551
111610
113480
116297
117248
118578
118674
118748
119348
119596
120753
120937
121530
121884
122558
122696
123012
123222
123762
123769
126016
126877
127692
132083
132586
135195
137488
137635
139683
139802
139859
140556
141694
143716
144899
145821
146089
146398
146399
146710
146714
150128
151177
151540
152646
154283
155235
155958
156556
157937
159465
160596
162016
162960
164592
165122
167675
171530
172249
174125
174135
174202
174920
177233
178534
179739
180325
180375
180754
181011
181563
181769
182425
182549
183814
184267
184426
184963
187577
187983
189380
189800
190638
191624
191914
192048
192385
192472
192688
193740
194191
195029
195449
197910
197999
198550
199587
199760
204772
206035
206122
206742
206873
208086
208320
208926
209666
209669
209963
210657
214465
216481
218582
220102
220524
220894
221456
221672
222133
222413
222943
223260
223279
223915
224455
226372
226995
227633
228828
228894
229186
229287
229389
231526
235412
235484
236964
237114
237181
238936
239746
239788
240161
240339
240342
242292
243501
244127
245152
245606
246328
247005
247107
248224
250704
250722
254131
254706
255040
255062
255286
255653
256387
257044
257723
259323
259898
261690
261860
262267
262595
264841
265172
266223
266915
267254
267442
269323
269848
270673
272585
272997
274510
274605
275376
276383
278022
279440
281758
286084
286870
287659
288369
288674
288866
288928
289099
289392
289841
291973
295077
296042
296335
296578
296641
296693
298630
299346
300103
301281
303034
303142
306433
307519
308136
308422
309613
313106
316633
317931
318229
318439
319780
320789
320833
321449
321661
321753
321769
322010
325360
325870
329542
329875
331613
331976
332290
333750
334077
334230
334593
336346
337373
337760
338010
338216
338957
339254
339282
339932
340204
340361
341208
341251
341607
341887
342514
342745
342802
344453
344519
345731
346363
346621
346803
346984
347783
348538
349614
349907
350621
351511
352414
352635
354347
354443
355592
355666
358938
358977
362463
362537
364486
365340
365875
366043
367744
367802
367958
368114
369628
372928
381803
382577
382804
383514
386111
389086
389157
389340
392414
393594
395054
396409
398319
405856
414595
417317
417430
420119
422198
423237
424002
424294
426927
427272
427350
430371
431175
431527
432489
436153
437175
438123
440171
441219
445134
445587
445630
445636
445920
446421
446487
446874
448479
450167
450357
450469
450822
451155
451242
451662
452345
455641
456372
457955
458614
459615
462479
463373
464315
464903
465422
466752
466880
467029
467905
468917
471628
472744
473838
475442
475814
476866
477111
477215
479455
480782
483579
485173
485507
487557
489084
489093
489613
491301
492035
492322
492355
492595
492623
493250
494560
495099
496709
496931
498291
501649
504775
505296
505628
505847
507068
510555
511082
512240
513302
514283
514645
516943
519715
519881
522367
523553
524220
524440
525396
526021
526132
528694
528999
530803
531240
531329
531522
532016
532631
532683
533502
533628
534045
534472
535533
536255
536527
537386
537734
537788
538597
538662
538784
538811
539419
541788
542825
544428
545943
546608
546755
546914
547688
548211
548674
550829
551310
552517
553831
553934
554855
555500
555917
555987
558116
559169
559185
561519
561615
561622
561742
562714
563545
564986
565064
565163
565731
565972
566173
566396
566547
566792
566971
568202
569974
570932
573437
573537
574614
574704
574981
575552
577323
577514
577796
579256
581191
582005
582767
584775
584845
585150
586110
586497
586737
586750
587521
588018
588225
589456
589949
590660
590724
590762
590867
591753
592482
593906
594198
598186
598542
599364
600653
602826
604003
604241
604718
604901
606541
606579
609117
609427
611535
612302
613511
613615
614462
614792
615130
615421
617246
617426
618635
621138
622084
623842
623920
624196
625563
625679
625747
628136
628469
628770
628901
629351
629441
630678
631459
633098
633253
633614
633743
633784
634065
634683
636464
636747
636779
637968
639703
640024
640348
640632
640857
640882
640922
641068
641228
641682
642036
642534
642635
642647
644542
645518
646373
648179
648389
648725
650396
650443
653577
654173
655090
655553
656581
657198
657956
658676
659211
662911
663206
663556
663562
663571
663801
664153
664260
665613
665625
668225
669059
669176
669876
670408
671288
673446
675457
677563
677782
679087
679603
679923
681305
684763
686162
687706
689397
689560
689608
689827
690120
690793
693621
694340
694533
698526
699574
701822
701999
702507
702744
702987
703413
703415
703441
704614
705508
707476
710773
712288
715606
716557
716935
717125
717159
717197
718248
718639
718978
719151
719468
720483
722529
723689
724348
725861
726039
1052817
998054
452882
543027
482399
2142
497931
71968
742023
253269
998053
267805
1042630
99654
632355
263610
819399
985882
808760
22550
219283
389528
982348
1052074
157451
550787
883893
253258
893436
633577
614516
65878
469320
30836
931997
170050
160169
476404
103614
212072
245373
265179
351515
848688
949232
1007895
1095571
175840
416681
220230
677834
123706
444635
327584
289405
1022739
831503
529307
77214
276573
579409
726092
727073
728036
728558
728692
729457
730120
732798
732915
733477
733752
735370
736189
736446
737113
737728
738662
738820
742962
744240
744945
745427
747755
750684
751491
752043
752364
753002
753532
754028
754878
757077
757408
757996
758304
758542
759467
760122
761566
761581
762465
762619
763375
766338
766403
766871
766887
767978
768439
769042
769658
770795
771432
771635
773616
773731
774229
775059
775955
776255
776503
777902
778493
782327
782881
783327
783524
783528
784090
786999
787659
788084
789615
791368
791472
791841
792186
794087
794166
794705
794747
795081
796451
796944
799041
801269
801627
802723
804166
806857
806877
808512
808951
809122
809187
810686
813856
815528
816173
817109
818372
819220
819542
819630
820639
821244
823572
825591
826040
828681
829671
830007
830549
831485
834648
837410
838244
838439
838771
839177
840087
840456
840858
841204
841741
842966
842993
843104
843800
844042
844051
845457
845609
845731
845748
848237
848466
849548
850179
851416
851921
851958
854526
856816
856920
857301
858125
860244
860349
861249
861834
861885
862518
863029
863880
864940
865364
866055
866285
867379
868179
868267
869619
869847
870051
874185
876098
876995
878004
878633
880463
880537
881285
881759
882482
882830
884618
886147
886492
886909
887096
888050
888447
888870
889169
889548
890255
891545
892631
894893
894910
895259
895534
895710
896167
896686
896971
896972
897050
897948
898390
898540
899425
899543
900273
900304
901208
901484
901951
902040
902194
902376
903173
903212
903452
904158
904644
904719
905063
905394
907206
907529
908335
908555
908794
909187
909539
909588
910039
910427
911134
912156
912224
912942
914320
915075
915137
915561
916717
917592
918374
918435
918976
920836
922102
923354
923368
925165
925279
925285
925544
925861
925885
926563
926641
927735
928134
928142
928735
929527
929898
929918
930509
931677
931801
932327
933686
934388
934575
935440
935826
936005
938492
939367
940075
940338
940651
942803
943389
943707
944997
945255
946870
947075
948174
948577
950071
950274
951062
951345
951615
952128
952360
952850
953322
953392
954176
955581
955779
955898
956377
957716
959242
959660
960769
960820
961231
962796
965307
967184
967396
967759
968595
968634
970857
971265
971345
971353
971895
972564
972968
975002
975761
975786
976069
976130
976155
976727
977343
978406
980531
981300
982975
983260
983748
985540
986715
986732
988579
988895
989823
990236
990284
990637
992855
992875
993355
994423
994652
996804
996816
997363
997938
998914
999025
999830
999936
1000671
1000764
1000943
1002190
1002464
1003561
1004135
1005479
1005867
1006196
1006394
1008054
1008080
1008158
1008420
1008595
1009953
1010040
1010244
1010842
1011011
1011912
1011964
1012331
1012805
1013430
1013555
1013648
1014250
1014257
1014917
1015781
1016589
1016598
1018603
1019240
1019574
1019861
1020588
1020874
1021586
1022307
1022309
1024597
1024607
1024849
1024955
1025607
1027045
1027258
1027838
1028072
1028155
1028353
1028807
1029189
1029239
1029571
1029663
1029893
1030019
1030857
1031902
1034822
1034897
1037423
1037915
1039964
1042376
1043815
1044949
1045081
1045258
1046289
1046749
1047687
1049745
1049878
1050160
1050248
1050440
1051192
1052266
1052555
1052701
1055850
1056771
1057278
1058959
1059003
1061119
1062162
1062429
1063027
1063094
1063115
1063666
1063769
1064240
1064751
1067396
1067610
1069057
1071654
1072711
1072964
1073250
1073518
1073634
1073734
1075748
1076659
1076993
1078525
1078632
1079126
1079432
1079440
1079824
1081103
1081741
1082235
1082384
1082824
1083916
1084795
1085136
1086635
1087269
1088133
1088915
1089104
1092840
1096035
1096055
1097082
1100212
1104344
1105452
1106141
1106268
1109802
1111555
1111988
1114840
1115481
1118538
1120021
1123814
1124377
1125473
1127118
1128456
1128472
1130455
1132879
1017391
1301
443490
607084
775608
215322
701501
184842
110596
78059
318632
458723
80150
424024
148020
163456
346317
198154
669378
971882
27173
289388
578103
392986
123
106564
217632
360597
505906
510568
533696
650675
87037
6128
122640
658805
740823
112282
794601
800842
253992
41605
132150
191854
213283
221155
276913
321065
334044
584706
614321
863812
887530
991479
1045951
563670
875916
972893
752060
888031
49878
352559
55863
69988
154769
173280
174987
244241
460699
575036
633923
856614
996600
128035
51498
92667
339011
788598
277798
446536
29083
195208
565360
54588
200075
418314
996899
1103981
155198
59761
199539
322030
352653
452060
511873
546602
581694
587190
625077
697009
752388
783439
916214
979662
1028350
1091171
127031
716561
834624
334933
334939
426890
679548
173338
740491
91700
398113
302967
948805
210575
555763
803747
914170
661075
75040
237072
455852
579459
25967
1087513
523701
487133
538072
355665
478004
156281
1736
2138
157246
556315
593669
124376
152375
784349
30241
37165
38293
78524
78580
84400
109835
117866
126062
149663
150011
174377
205960
206341
222660
242214
257778
267135
269621
280675
293790
335825
341028
368642
409386
471304
484346
493091
531231
563405
569029
571391
629444
679495
689862
697472
710849
726082
771927
790874
807666
825341
854398
958183
1023282
1026697
1043965
1065446
1107127
81880
98987
115608
346521
619199
763758
877559
916710
59329
144642
117747
1021909
476242
144646
296194
328069
448603
460048
622251
656425
977896
22503
28488
84226
99899
105720
106171
106661
122359
124459
137971
148111
152294
180133
180134
195470
287837
309477
355289
385065
406948
429217
437252
452279
469619
507120
507121
515024
573544
574826
619588
622245
635019
635666
636221
636542
637969
658532
672631
689610
693144
701419
711973
726808
768530
819417
819418
827306
850452
908345
918714
933875
955010
960618
974635
974636
1023242
1023243
1028911
1042093
1121574
319006
532441
962467
1017320
131034
49984
185071
997064
1068119
446193
909799
106645
45107
878868
807815
820647
242283
316976
538715
245181
365305
603209
621055
1056321
449422
861272
148434
96524
682009
146264
924137
180388
29864
100952
542726
429466
149820
125305
630747
50713
45117
105744
488454
616098
143487
910889
308089
5027
70107
538791
914207
446758
23767
85590
232298
1044212
651338
298928
178757
300267
384609
155507
831117
256945
264651
952861
335662
1054318
228528
136754
634
717
1107
1762
1970
9742
9911
11169
14068
19641
21937
23783
24648
25942
28427
37003
38792
38885
39068
39967
42820
43194
46543
47653
48843
49361
52457
55573
57976
58637
60095
61266
64196
68606
68711
69204
69263
78909
84077
85289
85563
86053
87469
90321
91128
91396
92807
93313
93324
93996
94027
96014
99905
100002
100124
100681
102463
102654
104210
106051
109402
109513
114815
115046
118433
118455
118458
119539
120376
123072
125456
131411
134135
134789
134889
136561
137634
138559
139776
143478
145403
146414
148595
153412
153920
154022
154274
154752
155777
157806
159295
159366
161578
163247
165494
174123
175045
176054
178098
181028
181744
187367
189717
190789
193976
195596
197670
197807
198129
199240
200248
204519
221809
222911
225209
231967
232645
236837
238341
240979
242112
242370
242694
242945
250642
250674
251303
252014
252061
253594
254490
255048
255471
255925
259068
262335
267169
270272
271802
271833
274006
274428
279321
281286
282218
284362
289933
291693
292559
293763
299682
304805
322884
323629
325020
325392
328350
329565
330112
334743
334971
337037
337114
338170
339406
341657
342294
344700
345975
346591
353237
353788
356030
356539
362557
365960
368511
368857
381442
384602
385928
387628
393742
396355
398409
401056
402232
402999
430264
435391
439373
444720
445718
452936
458701
459114
460196
466019
467573
467606
470626
474819
475054
476255
476784
476869
479013
479468
481686
486727
486830
498769
505407
513270
519960
520025
384479
505332
774390
697883
530350
145871
593667
803748
228340
174212
914219
524110
824989
409579
988220
647534
1062627
648082
636507
1001701
446316
704718
541220
661076
556311
915548
570598
28519
417169
493566
493567
1010913
244448
648269
1096025
984780
604594
563658
52874
76603
117694
289386
447601
986560
814402
39651
558932
885302
414503
699495
302748
924139
222547
154820
716562
317075
776309
803627
185684
112915
3580
91963
145879
150740
325027
100192
701000
476405
624659
960295
351550
476220
701001
145873
228022
244656
100618
100630
219965
340137
477917
41274
103539
136918
146029
146768
160478
255966
388334
444613
536575
539337
544777
617151
926691
941029
970427
1048688
952862
136634
618648
153770
589773
317095
311416
998059
910888
281764
155211
581591
624660
100097
714141
956951
129666
69542
69545
8726
140218
200054
597805
82935
96340
251856
449423
465870
538766
722782
780694
859762
1059572
1060680
1089957
127312
181034
289499
356582
365277
388132
621056
750959
771923
901540
1107128
72017
604016
78680
82303
164201
184047
251587
273605
282059
313658
386758
432247
458604
508175
531224
533002
543130
546940
551689
558531
574821
579173
580427
586774
587849
590915
591032
600568
601572
607765
609498
623284
648041
650435
652504
666152
666302
669234
672683
673423
676928
677436
697415
703317
708483
716471
720333
730061
734616
751525
752373
753367
763712
764890
770778
775399
776286
776608
780528
781274
782015
783283
796580
800558
805276
811824
820456
821545
830145
834827
844312
862639
872435
874121
876518
881526
881758
883668
885130
889038
899281
901245
908860
916886
935671
958387
962779
975488
979384
993893
999522
1006840
1008492
1010348
1011089
1043308
1058326
1071579
1072060
1073441
1077493
1083392
1094088
1101140
1121061
470548
522685
568622
574754
582867
626879
676678
683231
684154
689833
717903
732902
747800
768867
775243
824070
838031
842695
854531
857489
858366
876711
884051
914265
924964
925271
941466
945458
950613
954989
963019
965426
965474
975504
981816
999613
1018332
1018887
1031449
1054577
1071179
1096736
1097131
1098525
1102239
1108216
1111880
1127236
1130682
1134475
1134557
435253
75632
298942
162111
506852
742056
113174
41597
963991
753613
92106
398761
580309
165141
246302
233602
663785
587291
653319
277022
1103544
80133
331495
189737
593013
808175
49102
89198
134273
448053
466242
507090
521476
831364
890464
524157
12789
195536
190673
47175
546236
217827
252009
271753
565318
465770
1014188
767125
4512
455396
361217
108577
732313
386883
1081805
187987
795434
29279
221741
665924
239685
109203
109589
386409
470144
102796
142799
200034
294628
326004
455219
529599
662147
705424
767486
777958
809578
831046
851915
947613
958840
1015987
1018790
1032257
1054078
1062369
1083047
1121418
649
2154
3450
3536
8046
26762
33891
33995
37377
58071
70755
75524
75949
79820
91602
92379
93656
96029
97390
97879
107799
117481
131212
139865
140432
141667
143810
144724
149926
166339
171636
180531
192954
197638
200197
203287
207073
208809
216922
221662
236237
238994
244271
244343
253610
257859
286163
294317
300875
310320
314797
324208
328072
331077
336108
339468
342483
368160
385598
409109
446394
453814
459228
468757
488849
524459
551790
577887
584080
604877
615502
636494
641502
664798
692708
726117
743146
790888
824835
826196
896535
914373
923541
924127
933830
949744
981898
1008646
1048178
1055645
1076475
1106181
436429
788386
788391
338194
717669
29182
1067674
704694
186638
275782
246058
613730
1347
164230
197992
210954
259409
869807
1083704
680465
1037695
1086529
33035
36459
40268
40327
45173
91379
93982
110793
127702
159387
159389
205974
237051
237101
258270
294614
451231
459389
459597
474549
496929
524270
562569
596852
607823
624387
665127
670808
738794
795598
986051
1042593
1044715
1103956
88094
144107
470667
685418
199621
489087
48246
51938
73839
74349
101686
104605
137370
142031
143512
152643
326567
459732
570384
641425
646958
666113
688626
785252
830449
1071237
1153
1243
4526
9351
10258
12489
17387
17938
19168
20260
20821
24724
25336
26311
26834
26979
29388
30941
31002
32730
33384
37678
38704
44476
45758
50731
60761
68864
69933
71346
72574
76771
79193
82586
84511
91696
92220
93261
94306
95854
98195
103898
104787
104792
105395
107288
108215
108634
109104
109237
112336
112620
112839
114006
114542
115969
119082
126786
131579
132322
133427
136032
137756
138607
144287
144824
146600
147449
147726
150976
156484
157455
157504
157560
158467
163782
167535
168419
171384
173187
179954
180059
181550
185016
195429
195964
196803
198183
207495
207746
208183
212567
214913
216524
216993
218581
221919
224326
229320
237728
242438
242742
243238
244048
244547
246900
247432
249083
253468
255304
257393
258833
259458
260939
262305
266244
267775
269408
271256
278473
280330
288510
288812
289719
292911
293392
296959
303769
309345
311847
316021
319620
331417
341479
342629
345001
346453
351463
354258
356710
357047
361641
361751
372552
380862
395509
398562
417481
432130
438417
439280
446850
447231
447484
456449
457160
460623
465273
466126
474458
474773
475471
477317
478052
482213
482836
485822
492994
493504
494771
498012
499049
506229
506593
510183
513466
514100
515573
516017
519683
519718
523331
526111
528940
538453
540373
540387
541442
544847
552837
553060
566874
568605
569398
573323
576689
577208
584141
584837
585784
588980
588993
591953
596687
600440
606386
609849
612600
618871
627153
632712
632828
634062
635038
637723
641052
648772
657990
664192
666101
670083
670134
673546
678457
686846
695705
711523
720592
723726
726561
726890
727207
740166
743879
752185
766465
768791
772335
773869
775052
775860
777044
777665
785065
786848
788849
822464
824002
827715
830698
850470
862378
870588
874791
876428
879613
890652
893044
897479
899101
905986
907717
908516
912479
921480
924034
926446
931094
942961
945921
949004
950211
964242
968929
971835
973336
988151
993250
997102
998664
1004061
1023775
1024871
1033312
1046050
1051912
1056755
1081158
1081612
1084197
1106357
1106802
1107873
1110009
1111747
1113163
1118952
1123112
1128564
1128988
1129145
1132647
450196
990070
1038794
1038795
643795
580014
766368
802421
121459
262567
150721
1100558
89119
242610
590626
727595
1074778
580176
449649
521191
590673
231736
750495
1045322
142188
503079
20297
21194
93212
98125
132897
184911
200200
233216
295961
309780
345266
359324
388671
469413
537940
560372
582378
583434
630038
647164
811528
852491
916546
978047
469158
677902
2093
2913
11649
19367
20756
22017
22481
25545
29466
29617
32082
47758
60933
68545
69758
74874
75517
85452
103354
103451
103826
105258
106142
110109
112132
127444
130934
132519
140226
142649
147181
149184
162788
171423
181676
186608
186617
193898
201201
201967
215390
216385
217646
218312
220559
222665
222922
232885
239896
240453
244362
250042
261372
270172
271113
290218
292313
293725
301786
310808
326054
341669
342951
347325
353734
359580
382989
446478
453673
457625
471868
472188
476078
480338
498449
505757
508661
513101
518521
521869
532446
534078
555098
555760
575116
587639
589676
593901
608388
616906
624093
626108
640057
648476
659261
668273
678434
717426
735327
743336
777022
781535
786864
789444
804232
817357
849028
875315
881685
888648
900790
907240
912879
913378
919332
920019
930280
960622
982250
1004837
1013726
1021057
1025045
1026241
1029865
1042603
1050808
1058183
1059446
1060423
1065286
1066486
1080250
1091445
1092746
1094393
1096269
1099996
1100634
1102389
1110716
1111379
1115316
1118497
1120395
783144
356784
148432
1113717
612960
950300
355183
246224
587490
587292
16974
746853
1017449
164442
65374
768445
160976
401788
544779
861827
23158
118701
815909
1024452
336759
482337
1116365
1121677
1031127
74856
225210
588195
444503
326714
793569
12431
31432
63975
97250
119337
141900
155645
181524
204446
204677
246317
336492
422778
430714
438663
452903
473161
497338
531091
587016
655188
703539
732623
738940
754236
764948
788481
837560
856352
865700
961705
962345
967468
980009
1032462
1070057
1125666
171411
814213
872469
476221
665697
642021
123880
478006
93362
533462
888293
262801
763646
1031124
1066394
336892
397885
942825
962613
570182
618105
145886
180925
642740
478801
205303
274360
452928
1092629
222522
353903
353753
943052
355590
757375
757376
973627
61731
43731
98400
103775
105310
149927
269502
304542
434607
587289
702865
284704
67110
585204
880552
895357
187376
992136
814214
137484
522084
192408
951228
610727
72027
164828
201592
309303
208754
858392
115569
153521
262838
287497
364632
383429
524159
580154
583896
592746
615702
615903
971291
1073630
457236
64676
135798
360424
1106334
853224
66621
544021
121642
143577
132463
164548
559718
76703
67995
507091
574154
642543
772728
963546
963995
19882
233202
951668
976065
469599
432182
756899
171517
613343
20800
175390
232158
252011
52290
943051
184131
60318
132788
498661
521190
521481
759364
793570
993000
1112997
386410
202841
743750
621418
981620
1057863
661223
381048
138915
291292
717608
823922
980550
178519
62849
95692
827392
581528
919765
880319
37893
216719
272949
227801
645321
1065134
229267
506294
889543
28403
31525
42731
98462
112929
114556
146539
147728
157494
163882
195447
204620
219826
221802
248136
264075
269876
286125
307122
330928
352352
355801
433437
438420
446251
449893
473758
474064
476701
488204
508726
510898
566491
596565
607486
627899
666345
684482
701042
741295
837787
841055
1071577
629856
289699
289698
883033
689533
699196
629176
265283
135065
171055
211193
220374
241522
242278
269518
297233
575321
634580
1097965
20008
199904
260428
367652
602130
670987
885587
768649
872681
622395
39854
21606
348661
34542
44730
76647
97298
116512
141368
190523
296759
317258
434495
450415
584605
667976
883849
1024233
455296
222566
622394
643516
1006316
351172
119111
135522
270102
81928
140604
587236
695322
732597
653333
321216
142553
199379
222218
446692
331551
186535
12041
16728
17371
20303
45632
61179
61815
62500
78483
79343
85838
99804
110282
136513
151035
174799
190357
221994
222910
252863
253648
269401
285751
286742
287006
289378
298539
348281
349255
349445
349688
419452
422079
430723
440885
456353
466277
490624
494564
499801
506505
534098
571213
600932
618169
648479
650283
657763
680284
685767
691788
735914
750716
788415
804614
814175
822648
824541
856141
867385
881519
887119
907792
917600
924988
926080
1023788
1035043
1051907
1064295
1075664
1081809
1123265
270635
1106514
326725
24776
26354
50202
87626
87870
93181
94647
105751
155559
164401
171408
174413
196236
196244
207289
222455
238665
288121
300506
326504
333274
364449
410688
437979
450591
470405
476667
492711
499333
510639
581348
590587
590827
697053
699967
713655
716818
717594
733919
738463
742242
769184
770122
770502
777883
804341
823964
839695
840869
857447
871969
875921
900863
902265
904609
908008
911015
916272
920674
925372
926588
928769
928770
952459
959204
959205
976104
980753
984356
1013711
1019951
1053998
1059280
1067233
1068745
1076814
1090064
1093451
1108001
1110134
1112571
1116852
96184
476675
737106
95660
1090515
142638
164926
19596
976603
148269
879689
1132297
320487
843532
156309
336774
867936
455707
494590
585180
623651
309396
521186
545603
647352
911362
927759
45717
905675
48409
256380
9906
11055
93347
107433
132265
172228
307550
614289
796570
844749
889358
929217
947795
1032814
1074027
1102385
625794
1117589
1120278
272215
381822
1035096
38785
39181
84247
137774
146295
165196
223035
227721
246291
249077
255531
302411
348729
473369
493318
506946
522440
548340
592532
611384
648351
658989
685755
697895
719083
726859
849303
1008764
1015636
1134268
558403
962297
88026
634793
962255
1088730
224486
528364
94976
524873
733783
119481
136631
259785
633568
97323
222973
208051
1134762
780678
343261
3597
11234
104940
118112
123720
131210
144470
160024
172644
199110
215806
229790
240918
254144
260161
260887
263029
266446
267962
273836
307868
309767
317720
317928
338698
338951
341609
352665
359108
367757
369123
390185
390610
390731
392229
398177
403084
431473
458414
460730
462347
464043
470320
473459
474750
498216
498217
499930
506023
508020
509078
535513
563424
566514
568719
581494
589991
591051
597644
607399
619020
631536
638459
640241
640242
641080
644861
645028
645317
645881
648734
662332
673252
679265
689448
714169
720686
724354
726271
733968
734098
753519
763961
766277
771985
793994
797343
797896
808771
815457
815458
839479
847770
853102
859799
860417
870136
873551
880057
883888
884972
888537
888805
893807
900195
922965
923606
931691
933126
942276
942820
953785
957494
973686
980940
998996
999662
1005267
1015902
1017971
1022382
1025823
1051317
1056331
1069494
1070206
1073820
1074277
1074988
1085642
1094621
1097963
1109608
1112197
2626
5930
7001
12311
13722
18062
20101
21847
22275
23181
23414
23751
24214
24287
25839
26792
27588
29527
31637
31749
32240
33022
36542
38364
39975
40462
41745
44557
44579
45168
45504
50155
52183
53906
56506
59419
62215
62796
70189
71822
72331
74787
78494
79240
82185
85877
86996
87102
88122
88357
88980
92033
93624
94523
97369
97379
97824
98223
100394
101576
103438
104414
105167
108751
108787
109060
110477
111796
112005
114885
115763
118360
119723
120638
122964
125227
130629
133771
133887
136025
139592
140177
142171
142894
146037
146051
146957
147438
150003
150069
154588
156066
156308
156345
156596
156684
157495
159317
160545
162139
163136
164419
164513
167918
171490
180168
180596
181453
181525
183830
183916
184839
189966
190752
191384
191565
192328
193332
194262
197679
208271
210336
212434
213424
215385
218662
218666
220063
222343
222344
222835
223150
223305
224582
224596
226736
227047
227378
229414
229789
230723
232505
233441
235428
237182
239799
242602
244784
250738
251567
251571
253896
254361
255401
257959
260216
261114
262096
262853
267147
267963
270177
272608
273164
275497
278887
284031
285575
292942
293548
295067
300385
302756
308468
321281
321591
321904
324834
327843
331170
331180
332942
335502
335503
336619
339131
339843
342631
345723
349405
349406
351239
355325
356458
356459
357882
358264
359102
359213
359257
359576
359577
361504
361512
361652
362427
368631
369305
384514
385133
385846
387142
387397
387422
391544
392141
392205
393989
395179
398199
399057
401572
402504
403417
403425
409575
409904
416217
421002
424271
426972
439889
441264
443363
444565
447150
448167
448490
454154
455830
460850
463608
466416
468618
470319
473151
473460
473611
473619
474543
478294
478779
482298
490644
491330
493885
497024
497028
497630
500923
505227
505230
505303
506959
506960
509144
512287
519905
522460
523702
527597
528845
528846
529954
532070
534845
537390
538812
540781
541444
543382
545936
546441
547576
549332
549334
558551
559056
563661
569420
570320
570961
572163
575258
577474
580726
581488
584052
585053
585249
587606
589462
590106
591254
591301
599711
599782
610527
610742
613874
614242
614312
614524
616448
616547
617139
617799
619188
622197
622198
625123
627439
627610
627677
632876
633267
633285
634315
634768
637304
637307
638356
638634
640841
641058
644841
645745
646057
651575
651579
652848
656394
658141
658202
658210
659382
660746
663915
668376
669698
669704
670906
677787
678159
679264
681722
684235
685161
685254
688731
688732
688786
689741
689921
692071
693091
697971
699054
703887
711997
713890
713891
716260
717510
717511
718468
718767
719091
722120
723678
726036
726471
727181
736416
736499
738596
739686
739824
746387
750538
752047
752231
752287
752533
752537
755723
764215
767023
767229
767615
768537
768620
770159
773400
775455
775725
779199
781738
783690
785355
785862
786850
787162
788031
788032
790446
795546
797697
797895
803158
805812
807957
808282
808772
808899
809006
810076
810553
814219
814273
815452
816229
818155
819126
820795
820840
824183
829052
833268
841689
843004
843093
843578
843579
845063
845064
850004
852517
854669
856062
856247
856527
856532
859144
859935
860152
861361
865606
872495
874950
875884
876152
876565
877655
879175
881089
883863
884225
884409
884410
885609
455710
482724
456008
714507
628345
831118
483807
219129
821531
1035099
216929
651164
135812
26161
386411
791791
87171
528362
634795
844237
989846
447167
7927
248965
388901
927760
927761
893867
381034
860366
1063320
448569
101561
857936
193295
842940
211132
107821
984176
984177
905676
292427
185872
635101
611970
942012
590715
298728
343262
662104
885586
35019
804801
751534
741294
909709
1087604
270097
925210
207465
219172
1062603
476218
321161
623652
205971
827354
321164
1134760
528551
6950
635867
780677
780679
779230
643784
1040902
105063
1006310
1053806
59196
84346
97404
130825
981702
60691
142624
631017
71208
120370
243916
258225
385841
387577
420561
454768
536324
616182
663201
728162
773598
841054
858278
883586
916616
929018
934557
978578
978616
981903
53499
658897
1116963
38532
563487
579686
37190
195276
23425
184272
323883
572443
71109
922393
246847
239626
447235
844754
844755
886517
886518
892966
892967
896794
899367
899368
899788
901265
906146
906147
908442
911123
911124
918831
918834
919766
919767
939171
942937
949828
950473
952724
962181
962182
963858
965471
965472
977737
983502
983503
983509
983510
985759
985760
993168
998458
1021326
1021327
1022293
1024375
1025559
1037668
1044587
1044762
1045326
1045330
1046697
1046700
1053560
1061260
1066363
1083223
1087615
1088476
1091842
1091843
1098393
1102550
1110024
1110528
1110530
1111043
1111044
1113908
1113910
1121796
1121797
1127739
1130222
1133004
1134503
1056932
3058
25181
191062
191063
1056746
62792
532065
6419
990894
94405
104494
1088337
1088338
3973
434814
666449
570590
537689
2085
14065
33588
42096
51943
52186
53485
61870
65857
71117
73771
79732
86020
93093
99145
99961
102778
103764
103818
109298
119193
119672
131132
132826
149060
159596
214255
215895
216703
221545
235477
251246
253075
254801
258524
274315
279402
296868
309666
339357
382706
393240
402861
418217
418321
456025
465569
485164
532112
571160
577843
607045
632209
636488
654662
662621
664418
726078
727146
737666
775692
814279
865929
876379
877961
878153
915687
934561
981525
1024129
1057815
139207
23080
352887
653239
256036
92754
64913
293491
994040
230731
270551
648605
12622
246462
344237
482355
767796
342847
2880
19615
28492
32696
44317
46869
65800
110614
113977
132643
137403
142617
145266
153922
170881
177046
177327
183877
199965
200614
209332
240559
241199
242304
257214
268634
279171
281237
281411
288554
291848
298143
310283
310596
326190
369224
392313
432560
435431
435829
438478
440651
456576
456890
458574
460166
464299
469663
503604
505150
512210
513508
518254
561980
565580
584055
599356
641447
648770
650883
722030
736678
767030
775405
777686
787496
787938
789507
815525
815647
819713
828724
836530
848586
852025
854711
860609
865039
871430
878009
891885
893374
893450
896165
917338
918132
920065
933525
939902
942315
943725
952541
960683
966731
972643
988538
997458
1010709
1016334
1016888
1023096
1039103
1042154
1045982
1094839
1106787
1114736
1121341
1124532
1132055
175686
903883
227323
29761
33453
121595
227595
267783
318739
352101
381282
449900
533320
813415
158835
399599
334105
24018
671205
45373
904577
91636
179604
222799
554246
588028
678156
807814
206917
283852
827671
103171
630910
1124846
975240
154655
450349
150191
421026
754887
141780
78677
474663
688499
22711
272292
890034
20628
926194
155540
773734
661894
100623
267526
360287
1063318
272260
536253
10673
37912
86217
163627
174260
206177
219796
241722
270871
302695
340122
382576
424033
456222
472331
813833
934498
981926
890823
890825
640236
955594
520245
521703
1041914
64540
772626
1011780
245854
752415
121389
677505
26625
312250
1103429
258393
249348
577320
667684
910971
1127544
206440
475012
420411
322360
303774
1040144
237512
310644
7958
334952
830181
372898
633093
964470
855528
1128599
1016809
116651
384398
62568
75326
96572
159852
192608
252383
255198
281585
294341
316868
325683
386488
486939
561836
668708
910787
1008222
1022628
1059007
954585
41248
768418
6314
8161
23838
24298
79503
79581
103722
106148
109245
112960
122780
124514
135820
164049
177182
178389
178722
178724
192507
193182
194124
215310
233473
236771
248053
250678
253385
257069
261942
263548
263550
272639
305894
333935
356194
359659
361713
386134
386135
386292
387572
387573
388064
388069
391840
392216
392306
394506
411141
439859
439860
466732
479448
533879
535890
539848
564084
564202
571223
571224
584878
584879
601160
601161
629923
629932
632060
634720
635645
638132
639108
639109
639527
647696
648683
656716
656717
659023
659163
661587
661772
661773
662014
662016
669829
684061
708551
708552
711741
712698
713694
726018
726026
726345
733359
744652
746978
767827
768392
784068
791448
813373
825431
830405
841836
850249
859126
865580
874426
874427
890830
911391
916619
917085
922863
925427
925428
926524
947570
949189
961944
970723
970724
987186
1004081
1004083
1005809
1007848
1011818
1011819
1012176
1012177
1017619
1018515
1018516
1024953
1030780
1034028
1034029
1043940
1043941
1045331
1045332
1051992
1051993
1054095
1054096
1084339
1084340
1085127
1085128
1086185
1100592
1100593
1111991
1122818
1122819
1125807
1125808
1133204
1133205
845479
502966
16738
518413
648157
298801
135806
278588
1031036
70013
106468
139936
193906
641262
1011301
1115138
1130848
1011756
533056
294513
917138
298890
170979
1026024
237185
899693
640914
156917
883345
48324
994038
1106719
89135
96625
906568
76381
368504
1008124
680176
433968
85272
588339
80759
10227
245144
328509
89145
314028
453404
579327
624396
643819
677442
966363
1041279
75192
232450
777225
391516
59586
605025
200469
510259
691344
443887
445635
463306
51031
661059
853768
874861
1081592
292667
501014
938253
767005
1018445
1083924
329333
360316
917081
117544
460180
187477
162423
385059
589055
273976
11464
326155
389890
448165
470166
624451
1024381
255656
273338
472391
947150
74954
163191
646166
655199
679995
1023027
71892
285780
783745
327338
723201
69426
588173
492049
479161
394027
324472
534876
579140
13329
141190
142920
147224
154052
158359
158360
187747
274002
277501
295630
307611
331117
446435
458239
458859
522236
524406
682215
689736
758328
816818
891984
982763
1019461
1019462
1034315
1034316
579139
382393
456417
767068
767069
774310
1075699
1102522
258730
258753
160956
145191
838506
556458
563420
103196
939867
897169
295203
61843
552875
665700
895329
106225
171505
239601
491300
506026
275535
276012
890954
278135
1116336
293676
117887
250320
887551
344792
190419
105077
156575
698406
873998
838453
553078
53676
502627
767631
1101661
646364
73311
569074
153884
420667
773813
914944
658777
1064624
730318
912610
188020
829115
40108
260187
688481
22012
71382
537793
716653
900045
918047
947399
1022515
73589
85133
141345
1020858
364331
505254
845470
2357
2660
50807
122031
200285
225985
241406
329133
668704
1022064
394470
896386
838837
64262
1073100
816712
943142
975783
114167
24948
606885
606887
895038
529163
529225
252859
97583
962304
838018
69588
360702
719789
498703
109934
162346
197588
325959
463028
629228
629229
730099
752269
752270
770067
791928
817811
837404
837408
857655
857656
904695
594343
64738
304019
467562
492739
492740
147769
564287
51777
207222
242571
340617
431323
936501
33186
451480
690451
16411
424754
59545
222867
252184
367696
562266
939609
772732
555773
1117102
283456
808192
863115
392189
493544
152373
649921
295544
381772
952505
403105
531077
309576
700328
327809
583519
615627
335475
788078
70373
136357
250764
303811
303812
505785
678348
855082
899207
657151
272909
364341
113315
200042
52338
267843
953810
597481
19459
138441
1049118
70162
143686
858720
561467
1011498
994191
359881
312248
74977
817068
911907
917259
1120682
46361
443650
487922
572935
817066
839941
1120680
24480
128696
189031
593628
821969
909961
967077
1113036
824870
10498
96750
1043823
287408
2487
1104241
35590
100883
581433
721516
829490
171470
564118
259413
588337
410685
32130
574687
50700
50727
159777
202141
452206
482869
582636
621054
1017797
1116985
772173
1037316
297554
780072
163740
409539
562776
689088
581226
397623
923
17053
158260
700771
545090
321454
1037315
194963
858265
312662
112933
706412
392299
879439
1106718
392302
264770
677849
727421
975514
232050
615389
80791
986401
32341
239249
86061
93642
190432
239125
912608
537538
191886
452955
116010
624135
621419
778396
370019
21690
351991
433749
855527
1059541
772733
643552
113434
141769
808193
1082570
1082571
307169
816711
990895
990896
1074810
1074814
466352
742682
455448
222530
148607
257566
841366
336653
639589
1081591
1016812
926193
134650
294799
909362
142552
76026
1071938
177811
817560
879707
45513
388177
634490
1101664
86952
489009
533813
778395
1101663
367774
663534
78850
211899
347067
761803
910272
938470
278714
275300
294514
986400
86046
1001781
862821
889453
617449
149201
469818
856569
994192
237332
342034
99999
99807
71467
588511
830654
28586
125862
630045
388205
491657
443372
602275
68130
85978
102571
164335
285024
348536
352613
355585
559800
588214
686196
694703
741245
803826
853220
853625
909434
924498
926906
947401
955595
964468
969308
981885
1004379
1020857
1022514
1022786
1065135
1072159
1075935
1091343
26772
631137
128674
792793
448229
95752
5616
6231
257074
630256
190922
568025
844022
192581
534450
454933
1091599
1091601
135956
119999
209435
360376
131779
666588
339439
469566
638646
334679
784106
421046
523871
1014169
294517
294512
250651
116043
201036
285781
330914
490611
504019
537629
731852
773038
1097734
98631
131863
150707
164004
173211
235093
249932
275195
285779
330916
505807
566798
670644
679994
731850
740396
767632
767633
783746
783747
837068
1023026
981189
7227
965433
171528
623653
632914
787012
563380
926741
155778
697924
510766
852356
902373
991970
539346
539347
352819
70245
1123216
914942
738669
1002036
262510
171534
591975
45668
744159
855084
687791
795010
726646
817007
990298
993626
1127546
1001673
314474
772167
17540
35505
51016
150638
224055
256284
256409
263659
333931
397265
430146
443590
498860
585373
736839
737296
784113
824984
864564
932794
972461
768286
41275
733188
301584
216275
750321
61719
96245
343886
5674
6632
9356
10843
12122
21853
23852
27368
31471
32449
37589
46043
47062
52572
55739
57305
64098
68162
72966
76769
89808
91811
120301
122312
122563
136926
145461
157655
157827
159019
162186
162366
165876
169249
170092
170801
174275
176359
206421
222975
225195
236200
240512
246936
252270
253486
257703
275540
275955
276288
276449
277235
290131
292602
292683
321616
321641
333453
348241
348769
349214
362265
364091
377282
380784
400889
403164
406807
412779
419051
431649
431680
431881
434184
434224
434699
443847
449919
455403
462708
463470
463704
474406
477231
477305
486844
496392
506045
516184
522994
532456
555514
568611
568960
585294
598303
599114
601023
610205
612365
617956
621975
622167
628024
637059
645717
663834
673794
684501
688763
690497
692215
693913
712111
718402
719759
736618
740027
741335
743388
760267
763979
767436
773241
774101
779217
780337
785970
786960
792701
801202
813573
816495
820693
824212
824471
836987
837784
843637
846402
849015
869846
877507
877740
885674
891327
894396
897393
906169
906425
907711
918476
926073
929520
931545
933524
940578
950570
952640
953758
965356
965466
966693
966996
971803
974167
978589
980679
982369
982663
983819
994570
998623
1000358
1004076
1004181
1010283
1013935
1019990
1021458
1024626
1027226
1031170
1031500
1052117
1054478
1055874
1057538
1061358
1062184
1064372
1071065
1076567
1081563
1106792
1112102
1117823
1118306
1123585
1126887
1131475
1060602
268992
60309
928416
59439
704570
639909
639910
1024408
29916
447081
495007
93867
456230
874408
920483
1075579
62717
163647
685929
596949
1089
12777
66535
160515
171479
174762
227024
265131
292619
385592
499212
510190
510326
521268
533306
534067
544805
735436
906722
1034190
1117476
1125711
126185
699531
146860
940340
482986
811944
363834
120874
299592
730389
1108736
230573
839798
210996
38483
97104
114617
131716
141775
148328
178463
218287
269592
292917
326820
419624
423646
444492
468282
471115
510529
511417
580118
585237
597757
600959
648091
758161
867490
947531
992170
9994
15094
35169
43874
71532
75088
76899
84763
96721
103431
104022
112787
124381
129715
135977
136202
137605
139752
158598
159608
161803
165029
165324
185810
186122
203118
203232
207215
215475
222226
222227
232648
236006
242260
242420
252426
252731
269874
278144
278458
288197
289922
321080
326864
336514
342773
355065
388080
392424
401965
424500
431341
445555
471816
482068
489229
498831
501074
503742
510172
524385
536710
548227
561159
566037
571122
573765
583490
590028
594275
604519
612770
623609
630553
636468
641385
645373
650329
656949
666233
666518
672846
696536
701375
709866
714425
716242
734447
738370
749685
766577
772696
788490
802270
805814
805858
808955
813986
823707
838357
843455
869651
899285
912123
924554
980427
983293
983306
993027
1001296
1025304
1118272
264665
611953
359340
336048
447044
836646
23193
48742
66958
69467
89769
96016
218466
222154
285112
287118
293042
298697
331521
339154
351203
361442
417560
448672
471313
539444
569496
574802
608650
630826
680241
758282
837492
852011
879644
209825
272257
362364
443701
472449
876979
1067203
346771
863707
584050
658439
1125833
29167
523298
523509
1108229
465368
661339
1006472
31820
166622
2737
5080
6024
13693
45191
72309
93873
96867
110898
137987
165548
180716
188580
194928
198836
199741
224640
257217
323266
330238
342613
347711
381932
397090
445788
448561
477807
488361
498812
519745
523523
545957
582197
641032
645136
680188
686604
702381
752915
933317
946589
962532
968173
975091
997698
1000984
1026390
1033116
1039723
1052529
1061265
1067645
1107319
1117277
880587
905191
254071
233252
714808
10835
288881
587645
587230
605384
826740
369925
552635
1023941
266273
344478
661900
801713
867639
890898
914720
11051
27577
78848
301915
345624
389967
403058
412386
419243
443164
444436
588272
661898
751537
823449
897653
914718
929161
946031
1103173
85202
562671
594217
684083
868410
70587
95505
95781
128802
164427
207454
308086
391554
465099
465100
466395
466420
487688
550581
562026
628938
641132
733977
751536
885001
890159
890160
927794
972699
1063023
1082891
1102802
1102805
1124393
1125145
365224
816811
816812
321409
127068
386099
718269
333939
673037
1094590
1117065
1887
2091
2856
3993
5849
6970
7063
7076
7648
8262
8434
9456
11986
12150
12465
14188
14848
15789
18830
19212
19899
20174
21340
21529
21952
22378
22779
23447
24281
26199
26265
26648
27918
28124
29081
30109
31156
31281
31487
31879
32001
32430
34324
35015
36507
36595
37039
37238
37252
37689
38232
38646
39414
39499
40542
43865
44509
44601
44962
46676
47141
48888
50207
50712
51224
51299
51489
51672
54627
57934
57935
59032
60971
61075
61679
62001
62005
62689
63164
65095
65113
65170
69493
70099
70855
72074
74808
77356
79160
80641
81750
82339
82474
84462
85976
86331
87155
89610
90455
91854
91865
92356
92851
94010
95101
95966
96587
96677
97687
99298
100477
100667
101538
102388
102403
102618
103556
106199
106394
106803
108639
108967
109196
110147
112744
113053
115059
115441
115473
115666
116085
117524
118022
118607
118802
119229
119790
119808
121149
121546
122923
124799
125206
125885
129658
129660
130048
131472
131524
131767
133689
134362
134830
135892
137645
137942
139274
140135
140237
141719
141940
142316
143620
144035
145022
146320
147222
147450
147545
149394
150809
151207
151333
151739
151880
154535
157639
161012
163279
163286
163500
164024
165822
170569
171437
171500
173372
173506
174959
175294
175319
175659
176001
177489
177954
178006
178537
179830
179915
180513
180845
181112
185231
186334
188069
188817
189673
191456
191809
193155
194071
194163
194251
194548
195814
196406
197709
198170
200260
203581
204957
205860
206889
206892
207023
207665
210169
211061
211271
212488
215418
216085
216645
216942
217125
217300
219981
220554
221410
221598
221728
221742
222033
225189
226556
227702
228587
232172
235647
236803
237249
237581
959083
120833
1035555
839717
902324
314497
205750
338974
610560
230244
566900
687793
522170
320923
281838
822148
1016810
1016811
839488
679195
648609
559424
452954
135576
162393
276008
368567
621233
811939
241681
255708
577285
158430
158432
591976
248091
615652
250752
260039
331529
334951
388478
720740
755737
872294
893166
975540
1029516
811940
1101665
311895
470472
342534
452953
274007
323764
555769
602144
658438
704017
928330
1117105
190868
774867
116133
906009
1102545
69051
665872
21544
1125831
1125832
643451
479629
163725
384788
12812
53295
957966
103453
460179
580018
936825
1035190
902323
704599
704612
180678
463018
629299
629300
623655
499309
180702
1102537
144775
96430
103689
14338
464561
1017572
574474
520988
590323
245053
808196
319703
192672
298846
722601
902025
591974
1024410
105264
634494
20265
24804
89117
118426
238530
239283
240414
241702
241855
242272
243595
244147
245694
245937
246286
249801
252115
252193
253369
253491
254090
255877
256455
257322
257329
257774
257872
258575
258776
258941
259406
261122
262779
263130
265365
266600
267017
268223
268789
270909
271430
272027
273172
273466
274263
274371
275215
276487
277039
277807
281128
281422
283268
286735
287270
288534
289918
290619
291468
293214
294889
297346
297506
299611
303553
303675
304946
309472
310711
314173
317017
317153
317320
317932
318780
319986
325255
325415
326193
327472
329065
329910
331882
334276
334284
334452
334558
334714
335793
336128
337023
341673
342261
343266
344325
345444
346813
348274
348433
349499
350059
352104
352375
360967
361259
361532
363696
368591
369516
381339
381483
381585
382208
383677
384277
384401
384635
385115
386669
386829
388163
389303
389889
396257
399664
401753
402550
406973
408127
409255
417599
419763
420995
422033
430705
431488
433265
435062
435439
435775
436089
436613
437489
438118
439616
443366
443879
444086
444134
444313
445440
446224
447206
447697
448112
451538
452070
452144
452388
455050
455215
456087
456218
457492
457601
459369
460332
462167
463481
465885
466169
466205
467207
467902
470408
470702
472242
472318
474232
475061
475932
477525
477557
479886
482387
482772
482934
483469
483910
484321
484605
485608
488268
489160
492960
493297
493349
493516
493878
496316
496530
496894
497783
498972
499312
499714
500397
501254
503359
505649
507471
509952
510016
510353
513701
521865
523303
525879
526117
526262
528373
529449
530287
530360
531202
532090
532393
533382
534044
534408
535609
537180
537292
537941
538773
541224
545211
545505
546430
546819
548352
552149
552631
553144
559102
559486
560639
561898
562146
568683
569115
576078
576117
580389
581484
581586
582403
583236
586021
588134
588728
589371
590197
590697
590977
591691
592980
595662
596997
599463
600013
601180
605024
605301
605705
606668
606815
607121
607832
608959
610852
611185
612090
612230
613855
615097
617267
618760
618921
619520
621303
621786
628339
628474
629345
634380
635134
635374
635437
635869
636517
637011
639361
639849
639983
641364
643689
643693
644464
644707
644739
647723
647808
647903
648395
650882
651122
652432
652502
653191
658596
658692
660044
660551
661025
664035
665246
668268
670519
671022
671702
673809
674966
678236
680031
685165
685523
686102
686327
689139
689719
689765
694830
697048
697804
697841
699103
700358
700719
704483
707331
707341
710030
716617
717116
720358
720921
721489
722015
722288
723697
729869
731687
732841
738256
739908
742203
742978
744018
744152
749184
754323
755375
759311
762059
765971
766250
767702
769113
772954
775481
776305
777499
777510
777515
787830
789255
789547
789905
790085
790184
799045
804555
806275
814260
816501
818053
821143
824694
827225
827257
829664
830362
831186
834912
836206
837204
839647
840388
842333
843905
846033
848429
849000
849471
849742
849799
851834
852111
852841
853697
854286
854936
856591
858393
858441
859569
861844
863448
864927
865329
871400
872263
876709
877509
879318
879510
882987
885554
886365
887984
888435
890249
890885
891931
895393
896763
897680
903506
905335
905961
907495
910346
911038
912493
913841
914067
914194
914224
917083
925857
927885
928944
929304
932253
933635
934336
937028
942055
945565
949223
951554
957800
958463
960862
961628
962077
962468
965481
965627
966089
966759
968093
968183
968252
971519
975889
976558
981214
981587
982984
984336
984491
989042
991455
992376
994848
994961
999600
1003873
1004924
1005029
1007155
1012812
1013046
1020065
1020240
1020900
1025056
1025819
1027317
1027667
1032829
1032957
1033572
1040047
1041530
1045030
1046636
1047155
1047710
1050577
1052223
1054338
1054996
1055089
1055491
1059901
1063706
1068948
1070956
1074171
1074172
1075998
1076063
1077747
1077927
1081829
1086559
1086688
1088049
1088144
1094618
1095260
1097553
1101248
1102174
1102671
1104097
1105564
1105693
1107023
1109898
1110483
1119722
1124024
1132979
1134630
1046543
727681
22960
456020
45728
679459
864829
179726
152042
79424
1006276
98852
6355
230574
230576
671388
1015931
473753
457115
253456
294687
523669
570604
988715
336206
826140
834707
427629
862994
977338
67647
65053
141164
160161
178448
178460
539766
752328
635215
127109
519833
628962
806137
101160
999705
919101
315862
885966
42925
50950
637919
145230
1001140
50994
2540
17594
38284
41259
43964
43996
47139
61584
65207
68924
70582
76022
76675
85212
86951
92794
104753
109684
124478
131493
133690
151712
163040
180049
184050
184119
206209
228175
254038
266620
273277
276596
282003
296342
300718
304595
319460
319696
321825
332824
344313
353936
390698
394573
399571
403131
404613
418516
419283
423628
430268
437474
443878
468239
473511
491594
500070
524187
574497
574910
584732
584744
586078
590171
593936
599681
602107
613095
627709
640807
662985
684190
705369
736449
743888
750705
768895
793627
822872
868433
898818
907811
914381
933445
936699
941477
1037831
1054900
1065485
1095878
1105747
1114235
614845
921513
588508
274820
305415
643045
890033
393786
1022281
832716
953158
35120
219163
477121
505684
1013025
120650
621893
1065997
496599
174932
1112308
85346
579006
950815
663598
188589
37061
73965
968128
838694
18793
283352
39687
650704
666336
78102
21459
623838
236879
679846
763319
403127
568876
845226
999670
335791
476070
482874
270707
71063
481946
216493
671387
577715
946729
946730
972391
531894
1050475
48533
249145
555789
292808
215314
418233
529159
242793
35022
883763
262505
95775
144179
162756
171434
171825
198401
201981
225091
262261
327602
329102
334057
369278
369540
399716
399726
434602
437534
459149
467600
483348
496503
536986
561088
577356
577357
601703
612857
619193
628456
636915
639550
639552
652017
652086
681934
692399
729058
730750
738846
738847
740587
753574
762865
769128
769130
771523
771524
773947
829508
834606
844731
848846
856975
858977
865572
893293
893294
927382
927383
929398
939687
973390
973392
988404
988406
1018201
1018202
1036336
1036337
1043090
1043091
1044137
1046444
1046445
1054230
1054232
1058269
1058270
1076077
1086107
1086108
1102012
1102013
1105384
1105386
19602
25269
33118
46127
71151
76415
92828
97381
109265
161594
175538
185068
190251
195497
196160
199241
210231
220290
221024
232696
245330
248311
258733
262262
309156
317718
349100
362089
369938
373090
385529
391324
476274
488075
493037
537617
558445
562773
568344
581227
596645
605401
645647
651228
730749
740653
743967
743968
750615
754870
761722
764018
773948
794158
794159
804999
827770
840907
843427
843428
851515
856786
871712
904929
904930
927808
931015
986981
1038597
1046446
1050924
1073671
1092907
545071
447242
697502
806136
359596
359598
309542
622170
244052
75768
630751
959358
26718
31121
103076
116337
214199
257554
297358
304166
341729
392290
418781
436408
454038
456096
469283
475357
487035
585679
616830
635823
716721
721619
741409
781030
854918
874574
966204
988271
1070909
1128931
732
4622
6584
8364
11522
13450
16891
18119
19832
20900
23737
24326
24592
26010
34321
37043
37254
37697
39696
45276
51015
51412
59211
59295
71018
73601
75691
88420
91018
102781
102797
121907
124776
132340
134354
136155
136485
140490
141358
149280
150093
152671
153735
268786
1006275
134441
573669
1046544
294822
1118665
45977
466074
936827
838696
360265
773328
635189
937581
694741
287276
614848
921514
998337
1019799
1019801
78961
262534
222633
476069
991762
991764
27181
986249
85556
809121
44689
28196
87567
320369
743887
857278
1019446
1105748
67098
105713
150664
599655
741101
208517
419281
488280
571890
627826
661755
663355
687792
859236
1025598
1038122
137580
206729
277564
284519
341132
435028
511489
530321
822871
962727
344138
98482
622168
256710
315051
148324
61435
105043
235787
39225
362028
362029
121508
141268
559878
584632
883762
1030377
449311
449312
473751
216503
1077875
363391
277149
141184
494247
805544
76076
463582
1118667
583870
648359
121676
473411
261729
659642
270705
270708
588392
588394
72736
1062171
1089011
529154
588507
457113
528543
706367
283355
1022670
357123
544493
901720
163388
165027
171326
172617
174351
186027
204463
210369
215166
215710
217799
218170
220588
220589
272221
276478
292680
295207
295333
295903
296359
311270
317312
322396
330948
334584
334585
340239
340321
344909
346658
349890
355648
433596
433884
434375
440956
469349
470344
516248
522277
522361
544835
548427
570582
570608
580243
595939
597174
602466
607187
623603
628014
628964
631263
636472
645811
665928
671015
680006
705147
717909
720247
723449
738259
756366
757037
770680
775426
787111
805435
817629
820287
836250
838556
839918
842733
843280
860383
862303
867344
873862
874726
876714
882458
886460
895371
898486
916442
917099
932009
935725
951392
953349
959811
960111
971870
979538
987558
996634
1011570
1015837
1018793
1040461
1042658
1051638
1053204
1053412
1054725
1060221
1064560
1092641
1102183
1102597
1106171
1125585
1126954
386656
564435
1047732
855928
965867
218166
328132
435553
577215
833575
621383
662864
1127983
8682
180230
242861
299694
596726
463976
79389
180211
635773
832048
219754
784065
907828
983172
1961
31261
185998
196991
220750
288789
518525
45048
138180
216163
220612
236163
269064
336189
355136
401435
419817
428190
529766
532205
605659
625510
729554
855025
892807
899253
906658
910786
927787
1013998
1014397
1030643
1055728
1071631
1110182
17056
51611
64474
71919
92438
104390
135947
192560
396444
448495
520783
522178
596952
599755
615687
667653
731496
751994
769219
771310
780147
811082
820935
823055
887150
911723
942059
978198
993746
1032404
1046506
1061138
1111020
1114017
1123834
1126546
1130945
89507
247918
498239
531055
691281
937350
956419
940460
571581
226778
655001
827198
697461
682102
201563
773556
1007122
339291
73896
346318
783684
512344
364008
117777
281409
671115
70467
75898
521925
1051334
110142
25445
106585
178538
206809
230382
243033
351828
452289
475166
489034
555447
576306
823527
941953
943993
957113
982019
1058208
893110
471234
471330
573318
299799
827200
168305
7027
22790
24892
60397
64649
108583
128294
171562
198162
229222
243173
296372
451308
501078
534345
578705
614884
639183
671088
869134
1011253
1095006
832490
647831
935494
619288
536295
309741
353632
643780
194065
246259
332296
644586
779662
823926
1001627
1029574
104739
105109
124917
435928
536873
632808
856238
887382
59208
557089
582022
588082
92433
1026025
589853
589852
362152
792822
250724
588504
342848
964069
1093865
500128
776380
228648
25081
603354
870723
943163
1028275
1123852
153642
972966
128862
221593
912122
133212
2290
94009
99883
159308
207846
249518
624128
1061384
532575
905054
3379
3905
6739
25912
26842
29643
34055
35571
41085
65166
69999
92748
102860
106203
125769
131025
145242
148421
148687
173045
252023
271280
274038
278416
280862
308614
331092
334767
341615
344419
348364
384648
402553
435800
436291
440193
498727
518517
570345
600266
624977
629736
633939
643925
646611
665019
692082
706884
724097
749495
751526
911507
917412
945644
953806
1000246
1027642
1028410
1033485
1037534
1104443
1115492
48177
804315
963395
383672
412334
587594
587595
78650
505971
340012
788410
206290
606826
207704
390148
299221
29035
181018
104209
134727
145425
149885
221485
326570
339828
436888
455017
594179
792938
874798
916031
942561
569906
655280
531848
900621
767766
965014
38205
637051
544588
716498
255381
836012
605951
30820
444166
1078244
897429
964924
995217
994122
20534
82264
470404
488943
105017
455101
283361
1042136
465783
968961
37139
126019
446194
9050
127009
658281
810761
201771
297351
1039879
579200
260251
613227
466396
109620
426348
1076422
660864
970975
986248
140990
92447
613340
1716
4501
6391
9550
11311
12584
13589
16775
17139
17561
17666
19275
23715
24591
24643
24885
26008
26046
26313
28550
31561
31669
33581
35187
35209
35256
37592
38385
38827
42150
42513
43961
45061
46269
48288
52188
52498
53179
53813
54067
58762
59087
60244
60450
61913
63331
63810
66709
67276
67746
68463
68692
71863
72927
73942
77142
78614
81341
82943
83056
87628
89599
90889
94199
100064
108072
111248
113718
114744
119173
119192
122099
128206
132517
132974
134333
134593
137895
139740
142794
147609
147614
147935
150306
158726
164301
166025
167357
167802
168451
168536
170067
170454
171502
172876
174865
175153
179656
179984
182325
183166
184139
184223
185539
186877
186919
187471
189340
190702
192926
196370
201499
201863
202895
202957
205187
208469
215464
216442
221328
223013
224357
224462
227290
232562
234957
237373
242002
244338
251143
251800
254593
255769
256806
256844
257673
257709
260036
260162
261545
265009
265278
266347
271369
271444
272530
273168
276463
277383
280484
281042
290215
291138
296695
300510
301790
307069
307993
309341
310637
316836
317048
318371
321468
323679
325266
325430
329582
334924
336542
336733
340408
341412
343219
345015
346424
347030
354702
355150
355304
357490
362664
363452
364667
364977
365756
367256
369602
371834
376672
379584
380112
382968
385620
386707
391399
392267
392407
399534
416094
419105
420097
422459
431361
431719
433871
437645
438189
438237
441530
441853
443266
444883
445434
447638
447859
449138
450681
458047
462828
465027
474694
476484
476604
484296
485285
485526
489360
489376
490226
490704
496982
501169
502822
506277
513447
513651
516203
516835
521463
522507
522945
525550
528403
528864
530635
534179
534959
537568
539863
540665
542748
551633
552083
552488
560568
561325
562282
566488
571933
574150
576432
582130
586273
587800
592084
594147
595072
596863
598624
600049
600525
600829
605199
605399
606694
611811
617118
617184
620674
622228
624088
626213
626424
626703
628079
631625
635531
639547
641039
641162
644755
647051
652633
656241
656946
662509
663315
664306
666964
667369
671765
673836
679713
683325
683731
684490
685727
688103
698693
701326
702659
707462
711569
714494
715135
718148
718804
719845
721417
727933
729376
734236
736481
738024
739853
742442
743902
745778
746200
746258
747251
750203
753242
758325
759808
763035
763774
766859
772489
773434
775746
776062
776412
776767
779141
779413
792281
793832
797867
798292
799270
799756
801577
801706
806707
809880
818151
820543
821518
823125
825725
829186
832491
833148
839008
840674
842961
843288
844189
845498
846043
849024
857221
857569
861878
864630
865221
866104
867671
871575
873343
877112
884007
884239
884416
886916
887267
893068
893508
895525
896538
897999
905214
905344
908797
910467
912380
914177
919896
920259
920407
923293
925437
931874
932551
933265
934996
942471
943850
948710
948719
950666
950762
958109
958168
960457
960522
960608
961547
964244
965708
968206
971117
971430
974263
975368
984554
986825
989829
993619
996414
1001940
1003289
1011364
1012298
1016877
1020353
1020464
1022598
1024865
1026648
1031998
1034164
1034709
1035676
1041572
1043331
1043727
1051529
1054345
1054502
1061117
1061754
1064687
1073659
1074629
1082811
1082991
1084033
1088353
1089237
1092097
1098724
1100510
1101577
1103872
1105395
1108512
1110142
1112461
1112588
1116827
1117496
1118993
1119232
1121875
1123851
1123972
1125177
1126434
1130432
1130949
1131399
1134600
1134801
999704
89407
1076423
67936
128601
172597
1005803
51328
110728
852649
893887
1058481
365061
807824
851855
4981
11443
16799
16924
20350
21509
24380
24503
133213
1039877
950352
231664
418392
290825
42962
91723
342479
840762
749796
1028039
63258
165305
529156
455178
121348
543111
559881
159889
314744
122163
259914
259918
396023
521927
658282
663885
810758
810759
958895
958896
138962
767763
701585
222631
613344
893107
4589
26680
945619
66851
803550
77299
84151
361188
88917
21612
202567
685873
362154
338966
69876
58415
139705
175240
647832
1051335
1077876
682104
56415
880083
978281
876006
194941
75607
992938
24419
77292
639863
298764
260232
962058
110227
349038
353630
353631
717419
722279
49925
389642
893108
531849
346320
774213
983173
482322
482323
452724
86898
612938
997751
83061
217359
206283
929469
73624
273597
668784
10956
194580
669767
348380
765481
887316
259946
970337
472390
529158
475506
95091
148304
532414
863706
953809
323199
21595
35456
35560
36764
37189
58018
59456
63377
65480
73205
79236
79359
84580
86746
89807
92655
93681
94292
97046
100353
102028
104277
104769
132292
132537
150448
151197
163451
163854
168146
171446
196705
204361
207599
216456
221755
228932
229364
232356
241711
248588
252487
253313
255181
283433
283851
286121
287030
291966
292153
298744
318651
327727
329212
329240
329246
338226
346494
349866
352878
363561
364377
407188
433933
446808
446839
457997
473377
477555
477778
485193
488453
498885
504444
505383
510563
510806
534436
542713
547198
562126
578352
591281
592861
594641
612974
616246
618524
622278
623051
624394
631795
644510
710277
730503
733467
749113
756715
770445
779171
787378
789224
801528
819536
819936
821060
833003
836683
841091
846428
859652
886566
933031
937174
980923
1007515
1035851
1064319
1091449
1111623
1119161
332177
579201
579202
547450
482054
989192
511940
1050765
219563
912121
447394
899956
20032
33876
61689
62099
229499
321219
530216
541884
604492
788486
1048204
1048206
222957
150217
230112
1036475
18577
114620
150242
172361
459549
503703
523850
619469
672797
724258
789150
806858
868384
1035708
1095538
119256
106009
394627
24037
26013
74049
75584
87349
93643
104795
105422
118869
134007
140531
230649
235146
248601
259871
275961
314035
318690
326442
391407
441164
458966
479056
500896
506564
521711
561656
587172
616789
698407
936772
970490
976246
1020456
1032901
1047335
24688
580678
470398
28325
146798
569075
57494
359202
665015
945762
819578
97008
833585
519790
423563
132274
750546
2415
15183
16945
22512
65354
66844
109004
119822
145705
174376
177672
218159
242057
268838
276916
286403
322365
346027
367672
381069
385710
438596
443232
443875
473639
498167
559551
570633
604933
610361
635381
645975
648098
685698
744265
817581
834272
838537
968877
1050513
388807
261067
79637
76713
88739
106079
125105
154290
256291
263266
291001
326566
360566
402225
497060
538462
675495
148802
273443
414088
621408
768915
775054
775709
778265
876968
994276
127788
139228
147578
218641
237733
559082
529153
192952
439607
8228
217678
111988
1077458
467477
399779
1078798
179037
1097718
1097714
365710
98058
423278
549241
657344
689434
709447
748218
818282
853509
904939
487902
97157
385934
687535
864122
440874
547452
547454
25649
559704
559708
287465
508651
793579
708437
203401
680641
496383
975616
222053
628973
670314
829891
965136
4831
131552
292457
327821
532033
602492
670588
874284
902461
920758
988161
1073530
1073529
646045
13762
130024
294340
311153
406014
951598
64747
247455
783686
599548
539357
362153
696451
1124747
1124916
1125017
1125498
1125848
1125862
1125952
1126120
1126234
1126431
1126543
1126687
1126688
1126775
1127580
1127981
1128087
1128737
1128960
1129127
1129166
1129648
1130275
1130466
1130638
1131477
1131605
1133349
1133406
1133434
1134047
851
856
864
1595
1601
2103
2125
2212
2312
2552
2871
2879
3025
4052
4098
4263
4272
4514
4598
4681
4791
4807
4927
5281
5847
6011
6382
7069
7083
7088
7245
7249
7296
7651
7669
7700
7785
7887
7928
8025
8439
8661
8856
9249
9471
9620
9757
10086
10154
10432
10445
10607
10701
10873
11017
11347
11425
11695
12546
12566
13175
13200
13324
13331
13490
13565
13622
13633
13734
13824
13877
14043
14300
14900
15724
16711
16724
16948
17171
17213
17322
17688
17754
18066
18393
18454
18544
18847
18907
19093
19270
19632
19726
19930
20493
21099
21213
21273
21536
21584
21641
21725
21742
21940
21954
22047
22386
22473
22623
22643
22836
22939
23033
23288
23629
23653
23676
23718
23854
23885
23926
24029
24492
24562
24785
24891
24980
25329
25611
25812
25848
26011
26085
26322
26347
26729
27369
27682
27900
28086
28298
28342
28380
28570
28571
28955
29061
29071
29309
29312
29358
29384
29464
29480
29512
29610
29614
29757
30044
30051
30114
30316
30383
30590
30632
31095
31322
31459
31583
31688
31863
32072
32129
32619
32625
32767
33184
33187
33571
33709
34332
34962
35098
35235
35478
35556
36610
36780
37928
37929
38117
38132
38617
38664
39860
39884
40009
40115
40146
40360
40498
41221
41331
41689
41731
42028
42195
43009
43022
43256
43337
43343
43418
43681
43707
44519
44596
44722
44782
44877
45001
45008
45042
45430
45548
45559
45574
45618
45711
45786
45793
45838
46298
46368
46573
47871
48396
48438
48634
49016
49820
49846
49941
50041
50123
50490
50774
50989
51059
51082
51140
51735
52192
52230
52724
52787
53004
53632
53742
54646
54675
54868
55366
55440
55445
55555
55691
55791
56006
56274
57683
58051
58200
58285
59223
59246
59294
59554
59857
60677
60716
60726
61304
61426
61500
61638
61816
61847
61854
61879
61883
61904
62379
62881
62923
62944
63336
63618
64289
64569
64652
64653
64982
65177
65751
66038
66546
66663
66889
67037
67194
67378
67402
67415
67540
67706
67754
67813
68267
68334
68367
68498
68509
69160
69428
69495
69546
69547
69548
70102
70111
70144
70206
70220
70235
70830
71004
71177
71182
71277
71785
72229
72321
72521
72948
73627
73736
73766
73975
74016
74204
74900
74926
75134
75140
75146
75161
75393
75447
75482
75622
75669
76191
76269
76485
76746
77132
77236
77806
77894
78034
78143
78250
78297
78350
78397
79029
79409
79417
79527
79616
79826
80315
80611
81103
81104
81847
82011
82215
82340
82502
82535
82607
82791
82964
83924
84137
84749
85953
86342
86419
87057
87393
87668
87720
87771
87912
87921
88197
88388
88392
88409
88475
88982
89065
89077
89228
89498
89666
89741
89786
89828
90130
90446
90900
90901
90923
90975
91007
91091
91126
91172
91432
91478
91552
91648
91680
91757
91954
92019
92031
92132
92275
92373
92424
92524
92564
92950
93408
93605
93892
93947
94001
94289
94298
94415
94540
94631
94649
94881
94989
95372
95379
95557
95560
95695
96494
96579
96607
96648
96683
96723
96846
97036
97038
97164
97447
97463
97562
97791
97842
98339
98343
98700
99434
99757
99770
99927
100028
100094
100478
100519
100671
101418
101489
101505
101514
101707
101775
102179
102332
102333
102659
102672
102829
102952
102977
103138
103188
103189
103319
103421
103449
103597
104046
104111
104307
104649
104715
104823
104839
104959
105183
105246
105294
105344
105363
105383
105515
105617
105800
105944
105964
106030
106229
106320
106352
106482
106655
106751
106925
107212
107673
108153
108265
108471
108765
109058
109082
109540
109889
109997
110734
110782
111261
112044
112315
112457
112602
112875
113069
113211
113972
114260
114296
114577
114798
115087
115169
115512
115596
115616
115653
115987
116189
116441
116494
116789
117709
117710
118248
118381
118431
118782
118801
118913
119023
119121
119579
119629
119721
119841
119897
120380
120468
120487
120802
121091
122195
122264
122334
122561
122718
123048
123568
123680
123917
124019
124128
124299
124410
124525
124530
125086
125093
126451
127407
127542
127573
953808
899957
243496
783683
589155
956551
975615
423565
680638
116280
639860
736605
946504
946505
278987
463975
668787
520109
671162
543112
96903
394558
804324
804325
906612
949683
1050762
707429
1083541
396192
88155
158541
396193
423564
746298
863708
864124
211273
298504
680634
287472
735523
78747
329560
580679
334559
687536
796829
174342
429505
580680
163147
613279
616716
671165
947357
521046
639862
150435
1018805
141588
522519
989191
1889
3406
4878
6101
6415
6790
8038
9047
10178
10838
11186
11255
11966
13038
13083
13743
13764
17426
17560
17624
20906
21368
21787
21905
22097
22166
22500
22579
22772
22864
22890
23434
23851
24229
24258
24862
24967
25204
25278
26650
28518
28648
29458
29624
29654
30403
30865
31872
32620
33006
33136
35130
37444
37806
37991
39497
40946
42757
43428
46071
47548
48881
49620
50361
50752
51221
51426
51605
52513
54977
61268
63417
66716
67041
67489
69921
70018
70262
70344
70617
72053
72729
73606
73715
74340
74724
75122
75125
75960
76175
76826
77133
78129
79788
80614
81925
82191
82659
82742
82917
82995
83202
83347
83879
84083
85492
87666
88177
88398
88406
89736
90135
90942
90956
91709
92452
92780
93213
93355
94029
94738
94771
94820
95055
96809
97304
97866
99395
99784
100062
101020
101428
101988
102014
102161
102283
102550
102694
104254
104376
104920
105606
105692
107620
109003
109515
109538
109721
110687
110704
112185
113253
113425
113865
113890
113937
114377
116202
116311
116692
117339
118509
118774
119694
119770
119791
120541
120938
120988
121110
121227
121300
123839
125114
125298
125514
127127
127319
127602
127685
127706
128175
128383
128426
128720
129324
129531
129830
130932
131151
131471
131477
131500
131527
131690
131814
131834
131841
132065
132235
132389
133591
133978
134192
134197
134331
134701
134753
134825
134930
135017
135096
135241
135323
135393
135436
135654
135658
135685
135693
135742
135864
135925
135959
136221
136230
136379
136610
136665
136870
137086
137108
137282
137348
137393
137524
137545
137679
137805
137830
138184
138905
139142
139716
140087
140095
140181
140342
140455
140569
140676
140733
141525
141590
141599
141681
141920
142005
142117
142170
142496
142511
142599
142797
142828
142836
142884
143240
143359
143383
143684
143685
143937
143975
143987
144387
144512
144653
144659
144873
145390
145684
146141
146197
146474
146701
146704
146725
146969
147123
147138
147267
147512
147661
147794
147807
147889
147898
148435
148561
148650
148652
148937
149058
149125
149278
149580
149826
149898
150176
150184
150201
150207
150277
150393
150395
151087
151136
151390
151810
152032
152434
152498
152866
152946
153352
153494
153574
153634
153783
153987
154332
154482
154520
154560
154631
154746
154983
155055
155335
155377
155480
155754
155762
156321
156522
156815
156939
156943
156952
156983
157320
157386
157617
157670
157784
157788
157891
157928
158118
158237
158449
158894
158933
158979
159058
159440
159458
159585
159730
159812
160079
160146
160254
160325
160332
160575
160610
160652
160874
161118
161258
161260
161309
161404
161485
162164
162318
162365
162641
162976
163257
163346
163455
163517
163554
163649
163726
163766
163794
163885
163983
164047
164103
164229
164255
164277
164352
164460
164716
164757
164780
165076
165635
165636
166018
166113
166185
166795
166904
167822
168086
168137
168433
168667
168697
169039
170103
170250
170261
170431
170557
170764
170959
170989
171119
171776
171830
172102
172240
172241
172345
172373
172489
172527
172592
172656
172942
173183
173266
173355
173719
174241
174817
174820
174842
174926
174927
175282
175380
175644
176108
176198
177499
177575
177929
177976
178834
179666
179759
179760
179780
179803
179909
179962
179982
180004
180318
180501
180572
180626
180685
180786
180955
181099
181104
181221
181547
181579
182457
183986
184263
184454
184832
184980
185315
185707
186478
186595
186645
186681
186687
187021
187148
187390
187497
188025
188079
188169
188374
188423
188510
188695
188697
188930
189047
189070
189649
189883
190358
190361
190610
190810
190952
191314
191427
191435
191604
191665
191683
191686
193208
193373
193490
193769
193781
193857
194204
194939
195316
195450
195483
195570
195785
195907
195974
195978
196009
196387
196416
197406
197537
197574
197720
197908
198121
198184
198370
198573
198927
199150
199156
199480
199549
199604
199714
199851
200185
200913
201169
201257
201320
201349
201497
201667
202170
202296
202369
202869
202991
203005
203079
203086
203350
203724
204496
204526
204536
204562
206429
206649
206824
206859
207116
207185
207293
207348
207473
207528
207616
207647
207673
207755
208015
208053
208089
208243
208407
208915
208923
209276
209277
209351
209965
210157
210176
210317
210542
210981
211252
211518
212119
212476
212741
214220
214278
214471
214918
215044
215120
215149
215184
215298
215308
215416
215656
215689
215736
215753
216192
216329
216422
216507
217086
217214
217320
217589
217671
217840
218316
218328
218429
218477
218574
218678
218820
218937
219317
219368
219380
219575
219695
219728
219974
219993
220087
220292
220460
220895
220990
221148
221334
221535
221661
221682
221943
222129
222134
222150
222191
222247
222486
222615
222791
222885
222901
223104
223567
224229
224565
225020
225237
226238
226585
226757
226965
227005
227011
227025
227066
227152
227298
227332
227427
227580
227608
228062
228333
228368
228510
228522
228551
228556
228898
229027
229369
229376
229417
229507
229560
229729
229816
231236
231241
231357
231429
231841
231884
232261
232438
232494
232568
232865
232870
233049
233057
233193
233229
233391
233694
233711
234554
235420
235445
235482
235616
235626
235750
235777
235838
236209
236356
236446
236710
236829
237500
237548
237694
237735
237941
238053
238281
238349
238482
238562
238595
238672
238799
238865
239047
239534
239637
239879
239964
240175
240187
240196
240255
240330
240407
240833
241332
241683
241846
242124
242181
242193
242743
243063
243331
243367
243714
243777
243982
244095
244177
244234
244292
244453
244466
244607
244608
244609
244673
245290
245386
245391
246215
246320
246354
246376
246482
246518
246694
247106
247252
247328
247423
247457
247696
247931
247993
248074
248312
248336
248351
248784
248796
249053
249080
250030
250625
250641
250682
250825
251155
251204
251217
251321
251448
251799
251849
251924
251950
251952
252116
252164
252447
252488
252710
252818
252927
253161
253166
253187
253188
253326
253371
253637
253641
253684
254245
254592
254690
254786
254986
255098
255123
255239
255663
256292
256351
256371
256402
256657
256669
256733
256766
256831
257093
257151
257422
257569
257620
257936
257973
258117
258127
258297
258394
258428
258815
259013
259036
259041
259923
259950
260010
260337
260406
260419
260469
260536
260662
260879
261178
261213
261242
261378
261742
261774
261934
261979
261988
262099
262139
262284
262674
262702
262764
262808
262854
262912
263239
263283
263357
263370
263466
263499
263652
263930
264103
264116
264333
264337
264382
264395
264421
264488
264489
264500
264501
264567
264583
264597
264675
265040
265597
266337
266377
266418
266851
267062
267295
267529
267604
267993
268039
268404
268554
269219
269619
270035
270231
270270
270318
270347
270374
270452
270515
270597
270827
271093
271096
271184
271333
271465
271565
271669
271886
272033
272078
272139
272259
272677
272862
272985
273328
273426
273854
273910
273929
274118
274155
274454
274695
274929
275000
275209
275379
275606
275862
275926
276070
276143
276162
276359
276896
276965
277019
277044
277138
277357
277367
277518
277669
277863
277916
278077
278225
278409
278528
278989
279138
279769
279913
280319
280558
280989
281747
281952
282265
282622
282965
283356
283376
283451
283535
284398
284596
284665
284772
284906
285101
285121
285397
285589
285766
285908
286089
286280
286716
286749
286770
286971
287142
287166
287192
287392
287468
287499
287632
287752
287802
288102
288119
288243
288621
289011
289088
289366
1010677
975619
975620
123115
543113
530167
1026922
218158
1018806
289663
289667
289725
289783
289812
289866
290082
290399
291022
291202
291300
292128
292345
292706
292776
292833
293057
293181
293257
293261
293275
293309
293371
293390
293978
294180
294335
294582
294600
294683
294784
294849
295037
295224
295437
295570
295596
295655
295907
295911
296015
296111
296363
296492
296494
296778
297013
297026
297160
297238
297316
297461
297572
297996
298464
298629
298713
298754
298799
298847
299014
299048
299201
299402
299881
300088
300172
300243
300415
300656
300716
300742
301077
301147
301559
302181
302843
302875
303280
303907
303996
304119
304639
304878
305834
305952
307985
308004
308444
308699
308707
309138
309521
309530
309646
309677
310443
310491
310688
311017
311211
311805
311830
313314
314051
314110
314831
315252
315428
316189
316418
316964
317097
317390
317394
317411
317414
317613
317649
317746
317748
317884
318271
318484
318592
318605
318644
318870
319127
319212
319266
319352
319634
319688
319698
319733
319888
320301
320438
320490
320761
320830
321037
321374
321513
321677
322124
322392
323320
323736
324561
324577
324830
324837
325018
325215
325314
325505
325509
325543
325599
325703
325712
325752
326146
326377
326401
326452
326585
327324
327425
327541
327682
327915
328096
328288
328300
329210
329421
329526
330002
330041
330056
330898
330945
331051
331357
331369
331633
331729
331900
331907
331932
332128
332154
332196
332523
332575
333048
333589
333742
333806
334159
334214
334507
334590
334605
334612
334745
335043
335096
335289
335439
336249
336282
336380
336473
336533
336605
336754
336886
336946
336953
336969
336979
337161
337737
338532
338986
339006
339231
339389
339422
339459
339537
339845
339853
339918
340331
340594
340740
340762
340783
341018
341423
341453
341679
341820
341907
341983
341992
342018
342140
342289
342494
342529
342597
342624
342738
342760
342775
342966
343068
343108
343147
343193
343365
343383
343456
344201
344346
344421
344426
344458
344476
344863
344963
345369
345664
345728
345991
346021
346165
346181
346230
346263
346411
346483
346553
346618
346667
346669
347502
347589
347605
347641
347715
348014
348161
348220
348496
348507
349104
349270
349275
349438
349485
349588
349714
350160
351295
351889
351990
352308
352443
352525
352654
352829
352874
352985
353325
353556
353677
353813
353891
353915
354041
354203
354251
354349
354357
354712
355122
355255
355308
355436
355563
356002
356334
357101
357601
357729
358961
359342
359446
359552
359858
360226
360421
360453
360608
360688
361000
361099
361270
361395
361777
362450
362698
363596
363944
364138
364736
365348
365888
366223
367915
368161
368250
368574
368616
368827
368842
369007
369151
369155
369236
369271
369297
369342
369419
369567
369596
370185
370420
370762
372200
373789
374723
375258
377266
380826
380895
381292
381343
381646
382012
382296
382865
383074
383319
383591
383971
384524
385053
386048
386176
386343
386440
386815
386818
386849
387130
387969
388052
388066
388149
388452
388816
389326
389336
389482
389714
390163
390314
390589
391394
391534
391545
393093
393223
393519
394002
394013
395128
395200
395311
396258
396632
396779
396814
397596
397752
398206
398373
401949
402037
402072
402253
402758
402821
403064
403077
403457
403718
404627
404779
406016
406225
408171
408420
408888
408904
409019
409397
410986
411021
411024
411137
411552
412370
415706
416623
416670
417002
417003
417386
417483
417620
417786
418153
418186
418232
418396
418407
418787
419241
419550
419650
419670
419767
419874
419948
420566
422307
423639
423691
423928
424206
424891
426545
426794
426853
426986
427174
427276
427341
427360
429464
430246
430384
430564
430662
431065
431352
431794
431993
432267
432304
432627
432652
432771
433378
433409
434082
434164
434173
434411
434574
434622
434630
434664
434863
434866
434926
434987
435042
435129
435158
435181
435216
435246
435300
435621
435892
436044
436247
436333
436397
436482
436514
436595
437294
437750
437882
438810
438876
438997
439287
439478
439699
439920
439957
440194
440212
440556
440592
440612
441314
441416
443145
443402
443553
443947
444001
444177
444564
444628
445607
445655
445699
445803
445861
446069
446093
446245
446285
446295
446800
446824
446849
446884
447058
447120
447196
447220
447284
447514
447657
447659
447719
448110
448159
448216
448518
449157
449189
449377
449596
449691
450224
450738
450791
451111
451148
451178
451194
451221
451225
451534
451766
451944
452163
452479
452979
453251
453524
453525
453655
453683
453768
454326
455264
455556
455561
455596
455787
455906
456114
456718
457013
457209
457405
457433
457993
458023
458073
458137
458166
458409
458520
458628
458768
458777
458876
458895
459058
459994
460559
461520
461529
462200
462610
462640
463170
463177
463451
463503
464167
464291
464497
464526
464861
464905
465139
465882
466579
466705
466921
467537
467571
467886
468263
468698
468850
469346
469742
470670
470811
470865
471066
471079
471429
471789
471804
472510
472616
473052
473267
473394
473729
474289
474404
474496
474579
474601
474632
474680
474878
474936
474946
474955
475121
475175
475251
475253
475662
475851
476340
476902
477125
477213
477451
477606
477734
477800
478071
478138
478316
478621
479066
479379
479546
479709
482227
482846
482907
483508
483747
484085
485362
485515
486029
486608
486946
487342
487434
487687
488093
488471
488906
489055
489166
489215
489251
489334
489707
490073
490261
490719
491295
491551
491725
491871
492045
492083
492162
492230
492376
492467
492543
492771
492978
493165
493178
493207
493448
493571
493864
493961
494002
494161
494173
494209
494359
494561
494720
494815
496304
496534
496862
496888
496901
496922
497352
497391
497443
497726
497812
498355
498754
498814
498830
499007
499022
499109
499437
499654
499745
499869
500109
500244
500339
500911
500994
501301
501700
502566
502624
502656
502796
502863
503126
503143
503158
503377
503491
503614
503846
504242
504814
505110
505363
505500
505885
506281
506837
506840
506966
506993
507025
507119
507198
507386
507476
507767
508297
508626
508643
510022
510076
510181
510272
510291
510364
510384
510415
510524
510638
510780
510843
510931
511031
511080
511160
511470
511835
512017
512036
512122
512204
512261
512357
512365
512413
512429
513301
513524
513832
513945
513957
514144
514272
514351
514378
514643
514696
514963
515711
516084
516151
516177
516187
516219
516393
517087
517102
517186
517221
517348
518292
518360
518678
518706
519763
519771
520108
520891
521002
521059
521104
521178
521815
521947
521965
522031
522053
522332
522396
522429
522511
522525
522665
523240
523440
523566
523579
523838
523998
524009
524274
524433
524801
526750
527675
528358
528394
528411
528433
528468
528593
528626
528734
528967
529017
529092
529331
529365
529403
529509
529676
529732
529919
530343
530347
530394
530906
531145
531183
531211
531328
531474
531539
531800
531954
532028
532377
532876
533041
533064
533202
533316
533335
533365
533773
533892
534223
534541
534709
536010
536262
536412
536548
536680
537365
537593
537800
537826
537833
538402
539108
539434
539460
540463
541343
541497
542182
542452
542715
542811
542984
543300
543346
543710
543784
544033
544058
544353
544546
544609
545197
545425
545625
545711
545757
546652
546822
546855
547587
548630
549682
549776
551475
551515
551687
551875
552052
552185
552208
552271
552320
552846
552857
552876
552938
553202
553447
553466
553664
553666
553705
553918
553950
554812
554910
555091
555104
555190
555437
555445
556009
556103
556198
556493
556629
556670
558206
558392
558502
558516
558839
558962
558976
559222
559413
559481
559512
559680
560114
560270
560291
560392
560946
561218
561740
561850
562336
562363
562426
562523
562571
562582
563051
563199
563284
563303
563498
563635
564385
565621
566022
566776
566860
566882
567184
567809
567887
568026
568135
568151
568314
568539
568749
568812
569007
569038
569124
569226
569248
569273
569348
569411
569439
569771
569889
569898
569923
570006
570011
570019
570081
570291
570315
570351
570467
269563
327010
856100
570503
571079
571370
571396
571400
571416
571425
571773
572534
572789
573101
573123
573678
574058
574535
574789
575366
575415
575575
575673
575763
576149
576150
576178
576220
577166
577200
577301
577352
577494
577510
577785
577828
577833
577895
577910
578105
578340
578365
578380
578531
578568
579227
579449
579927
579961
580012
580450
580472
580618
580849
580904
581147
581164
581470
581679
582077
582488
583246
583488
583792
583996
584173
584499
584619
584643
585041
585259
585275
585361
585770
586016
586194
586292
586589
586910
587062
587077
587395
587625
587657
587991
588053
588147
588231
588241
588252
588477
588833
588904
589033
589095
589493
589542
589954
589956
590287
590359
590412
590426
590491
590897
591019
591205
591226
591470
591524
591547
591727
591806
591834
591841
592211
592217
592424
592558
592722
593092
593293
593863
594177
595702
596173
596236
596702
596756
596971
597239
597472
597572
598500
598548
598988
599037
599373
599648
599742
599877
600399
600588
601008
602181
602403
602431
602971
603036
603227
603302
603456
603477
603616
603633
603876
603882
603981
604575
604701
604878
605652
605665
605701
606508
606696
606901
606905
606951
607048
607163
607773
607932
608247
608372
608553
608696
608769
609055
609084
609576
609993
610157
610176
610578
610653
610721
610927
611225
611607
611754
611941
612130
612192
612213
612341
612361
612416
613253
613406
614056
614104
614122
614301
614654
614896
614948
615124
615260
615282
615461
615728
615759
616345
616451
616586
616700
616721
616853
617329
618253
618518
618627
618806
618970
619179
619362
619444
619583
620276
620432
620742
620956
621098
621238
621269
621329
621529
621684
621701
621873
622000
622305
622464
622476
622561
622789
622994
623039
623062
623179
623248
623618
623654
623795
623930
623983
624112
624114
624388
624518
625301
625312
625328
625720
625745
625859
626023
626386
626649
626651
626696
627056
627269
627330
627642
627760
627831
627957
627959
628276
628526
628575
628622
628684
628873
628944
629065
629148
629256
629491
629980
630128
630352
630819
630930
630972
630987
631151
631304
631315
631397
631491
632002
632531
632593
632906
632921
632977
633481
633616
633618
634227
634289
634594
634600
634661
634911
635042
635237
635270
635350
635489
635605
635778
635791
635794
635945
636164
636491
636678
636770
636955
637049
637576
637843
638160
638297
638496
639114
639312
639483
639564
639710
639913
640132
640184
640359
640599
640875
640887
640891
641087
641882
641905
642122
642528
642848
642968
643827
644455
644716
644917
645144
645260
645292
645569
645659
645782
645843
646055
646572
646585
647354
647543
648323
648325
648371
648498
648507
648546
648670
648757
649103
649105
649209
650109
650693
650765
650781
651101
651420
651438
652715
652918
653137
653357
653377
653448
653591
653926
653962
654218
654582
655363
655490
655616
655815
656391
656998
657472
657517
657579
657656
657811
657921
658243
658274
658365
658515
658819
659070
659841
660412
660634
660962
661020
661317
661336
661646
661748
661859
662152
662241
662451
662487
662491
662705
663208
663656
663684
663758
663791
664073
664217
664327
664497
664540
664642
664985
665256
665601
665875
666160
666373
666628
666651
667064
667149
667357
667590
667683
667691
667789
667907
668091
668220
668837
669318
669635
669739
670266
670291
670536
670622
670737
671064
671070
671247
671289
671859
671979
672326
672629
672897
672902
672935
672997
673223
673540
674305
674329
674874
675817
676114
677251
677280
677320
677330
677459
677468
677591
677760
678212
678297
678500
678649
679174
679229
679310
679624
679804
679926
679996
680053
680145
680341
680709
681039
681158
681510
682160
682350
682783
683247
683388
683509
683647
684004
684108
684489
684542
684557
685230
685488
685713
686202
686325
686510
686618
687440
687575
687761
688247
688423
688489
688506
688593
688810
688901
689117
689693
689790
690017
690304
691343
692176
692725
692771
693029
693227
693350
693363
693442
693568
694237
694358
694478
694528
694700
695245
695378
696083
697240
697853
697890
697922
698214
698404
698417
698520
698551
698969
699122
699199
699879
700281
700685
700734
701026
701080
701139
701305
701732
701735
702071
702113
702389
702510
703688
703838
704578
704755
704828
704834
704964
705418
705581
707304
707370
708188
708464
708515
708707
709551
709945
710067
710252
710393
711106
711355
712419
712442
712744
712790
713660
713848
714050
714162
714175
714827
715232
715250
715318
715700
716293
716488
717336
717635
717919
718077
718562
720081
720274
720340
720549
720731
721701
722060
722553
722879
723298
724131
724913
725898
725905
726029
726147
726573
726801
727184
727379
727448
727815
728410
728415
728512
729000
729442
729873
730066
730348
730350
730556
730658
731234
731631
732193
732634
733044
733088
733224
733325
733692
733981
734966
734985
735278
735338
735432
735569
735680
735702
736017
736059
736612
737331
737352
737807
737925
738131
738225
738441
738451
738528
738747
738776
738845
738993
739019
739042
740454
740518
740647
741627
741812
741997
741998
742025
742039
742439
742713
742735
742814
743212
743237
743266
743821
744111
744150
744262
744264
744382
744477
744826
744935
745469
746599
746754
747775
749169
749924
750212
750358
750596
750721
750729
750781
751176
751212
751325
751359
751365
751370
752190
752301
752330
752343
752345
752666
753124
753162
753618
753882
753952
753997
754903
755141
755169
756513
756760
756865
757736
758166
758306
758400
758751
759088
761955
761963
761964
761994
762271
763204
763749
764413
764515
764636
764856
764857
764864
765120
765124
765608
765662
765786
766153
766171
766268
766825
767072
767319
767344
767388
767733
767838
768207
768239
768579
768608
768720
769088
769212
769252
769433
769434
769738
769820
770063
770139
770457
770479
771538
772724
773238
773307
773440
773521
773524
773627
773818
773831
774816
775355
775370
776217
777138
777321
777494
777506
777957
777966
778069
778480
778729
778847
779181
779229
779325
779377
779671
779841
780138
780991
781276
781382
781482
781744
783354
783370
783392
783452
783550
783809
783868
784367
784589
785051
785535
785579
786853
786861
786936
786966
787173
787248
787546
787592
788219
788226
788401
788439
789404
789655
790026
790038
790438
790444
790782
791113
791313
791743
792044
792073
792098
792326
792937
792992
793103
793752
795765
796229
796542
796807
797102
797212
797325
797499
797590
797594
797729
800006
800274
800473
800660
801421
801922
802604
802981
803054
804096
804100
804596
804869
805352
805581
806110
807068
807158
807269
807400
807436
807590
807928
808166
808331
808708
808805
809032
809249
809352
809746
809845
810003
810583
810853
810925
811696
812063
812078
812246
812563
813353
813857
814138
814149
816267
816668
816737
816784
817159
817631
818017
818247
819094
819315
819331
819736
819997
820184
820562
820938
821419
821436
821643
821775
821928
822013
822029
822057
822163
822171
822232
822332
822397
822402
822490
823168
823183
823243
823670
823880
823890
824132
824248
824426
825045
825053
825251
825494
825618
825769
825793
826517
826563
826925
827320
827449
827491
827829
827881
827944
828359
829031
829291
829335
829379
829444
829452
829646
829762
830157
830187
830480
830688
831047
831169
831182
831317
831529
831718
831761
831896
832035
832079
832092
832106
832707
832887
833425
833625
834309
834830
835111
835316
836151
836231
836394
836515
836526
836704
836848
836977
838382
838587
838646
839075
839365
839492
839566
839971
840007
840235
840349
840982
841492
841559
841945
842006
842042
842046
842152
842458
842586
843238
843283
843514
843582
843608
843668
843684
843895
844171
844253
844988
845326
845553
845897
846217
846242
846476
846512
847150
847393
847693
848214
848223
848260
849201
849260
850545
851086
851561
851568
851615
851685
851828
851899
852048
852396
852515
852552
852711
852753
852950
852974
853678
854054
854784
855023
855335
855356
855604
855771
856201
856311
857239
857243
857776
858055
858472
859256
859585
859694
859802
859822
860161
860219
860457
860848
861088
861213
861216
861259
861357
861803
861990
862310
862741
863007
863214
864515
864711
864821
864844
864967
865070
865229
865263
866053
866203
866341
866436
866445
866545
866574
866696
866706
866885
866976
867008
867805
867903
868023
868393
868478
868711
868861
868911
868946
868956
869096
869120
869124
869630
869721
869810
869944
870197
870585
870746
870810
870946
870988
871227
871238
871705
871769
871868
872261
872520
872522
873139
873266
873279
873381
873509
873905
873912
873951
874183
874342
874463
874721
875031
875095
875605
875629
875787
876120
876299
876347
876509
876557
876811
876877
876975
877105
877202
877313
877374
878025
878362
878789
878893
878925
879403
879795
880167
880265
880561
880776
882310
882794
883061
883224
883644
883673
883816
884030
884406
884497
884530
884744
885038
885401
885521
885628
885764
885983
886195
886394
886724
886805
887025
887130
887193
887386
887549
887758
887808
888161
888300
888342
888582
888621
888624
888645
888889
889201
889238
889247
889664
890925
890940
891482
891728
891802
891807
891841
891876
892165
892168
892711
892805
892926
892950
893126
893146
893190
893217
893221
893298
893553
893606
893823
893841
894363
894407
894972
894990
895041
895498
895505
895552
895598
895616
895640
895784
896161
896257
896296
896583
896769
896901
897090
897210
897291
897382
897578
897720
898317
898327
898465
898681
899251
899568
899725
899952
900040
900106
900406
901341
901553
902042
902379
902546
902625
903147
903298
903383
904121
904208
904220
904284
904285
904393
905068
905574
905673
905731
905745
905764
905824
905876
905906
906092
906132
906269
906580
907082
907307
907732
907861
907921
908136
908738
909177
909737
910474
910686
910765
910872
910933
911268
911421
911503
911628
912617
912833
913059
914363
914801
914967
915009
915184
915966
916201
916571
916589
916630
916903
916904
917172
917174
917188
917651
918016
918574
918693
918704
919098
919120
919213
919318
919324
919598
919716
919893
919897
920330
920340
920774
920912
920938
921206
921327
921479
921855
922106
922175
922332
922413
922523
922580
922837
922871
922956
923046
923347
925007
925387
925915
926113
926710
927018
927161
927380
927739
927845
927872
927909
928582
928608
928713
929152
929185
929224
929846
929924
930069
930333
930357
930398
930528
930539
930602
930835
931148
932726
933486
933595
933628
933916
934597
934843
934947
935101
935535
935742
936289
936673
936762
937099
937691
937900
937902
938248
938854
938945
939145
939607
939937
940218
940272
940523
940528
940569
940759
940908
941046
941148
941232
941934
942282
942483
942553
942590
943076
943305
943508
943929
944125
944375
944636
944639
944643
944707
944817
945348
945459
945539
945927
945935
946119
946463
947995
948020
948600
948703
948818
948830
949057
949101
949203
949248
949373
949671
949712
950068
950333
950382
950746
950778
950779
950804
950974
951063
951150
951586
952086
952340
952364
952408
952488
952583
953472
953803
953954
954340
954803
955360
956043
956312
956808
956815
957024
957053
957250
957285
957653
957819
958170
958719
958985
959232
959981
960010
960546
960705
960713
960721
961177
961239
961298
961567
961847
962871
962922
963191
963671
963844
963905
964396
964665
964756
965150
965201
965265
965455
965500
965527
966564
966882
966915
966983
967159
967499
968150
968390
968568
968773
968881
969682
969921
970042
970865
970866
971155
971512
971606
971709
972713
973615
973756
973929
974212
974396
974976
975108
975403
975858
976072
976098
976380
977077
977490
977604
977817
978338
978370
978407
978484
978497
978638
979163
979294
979551
979842
980386
980430
980778
981031
981442
981533
981769
981973
982104
982154
982285
982498
982698
982700
983200
983379
983419
983904
984329
984365
984817
985603
985735
985817
986218
986504
986651
986679
986805
987125
987191
987521
987551
987961
988006
988080
988345
989370
989398
989741
989912
990682
990762
990828
991259
991593
991619
991759
992053
992176
992180
992239
992278
992415
992532
992721
993388
993448
994178
994272
994334
994588
995048
995084
995243
995368
995440
995662
995843
995953
996004
996089
996537
996589
996765
997274
997495
997513
997919
997955
998141
998222
998576
998578
998943
999393
999414
999497
999578
1000014
1000830
1001118
1001347
1001789
1002290
1002505
1002998
1003826
1004271
1004370
1004734
1004789
1005407
1006029
1006689
1007146
1007457
1007697
1007727
1007791
1007944
1008976
1009507
1009612
1009770
1010032
1010162
1010235
1010724
1010914
1010940
1011003
1011063
1011073
1011148
1011956
1012200
1012456
1012745
1013129
1013346
1013351
1013552
1013744
1014508
1014881
1014979
1015305
1015472
1015617
1015815
1016386
1016394
1016403
1017928
1018063
1018588
1018627
1019049
1019208
1019303
1019342
1019697
1019768
1019851
1020505
1021112
1021270
1021344
1021710
1022014
1022041
1022244
1022409
1022982
1023351
1023599
1023752
1023997
1025286
1026551
1026617
1027391
1027628
1028250
1028292
1028421
1029551
1029664
1029727
1030089
1030757
1031398
1032015
1032403
1032555
1032881
1033103
1033264
1033342
1033882
1034808
1035066
1035158
1035184
1035187
1035487
1035992
1036602
1036604
1036738
1036837
1037365
1037386
1037723
1037814
1038043
1038411
1038857
1038878
1038921
1039552
1039662
1040323
1040709
1040954
1041016
1041857
1042032
1042072
1042117
1042258
1042269
1042319
1042327
1042406
1042871
1043174
1043574
1043669
1043735
1043864
1044276
1045500
1045847
1045935
1046062
1046155
1046351
1046500
1046553
1046997
1047087
1047259
1047420
1048061
1048180
1048767
1048915
1049041
1049518
1049526
1049892
1050639
1050809
1050832
1050975
1051011
1051110
1051128
1051182
1051281
1052219
1052325
1052332
1052406
1052746
1053619
1053747
1053814
1053842
1053922
1053987
1054653
1054785
1055194
1055243
1055439
1055461
1055694
1055726
1055803
1055828
1055988
1056167
1056737
1056772
1057134
1057349
1057387
1057830
1057872
1057952
1058480
1058790
1059202
1059545
1061166
1061183
1061445
1061682
1062467
1063402
1063771
1063908
1063933
1064117
1064130
1064626
1064861
1065176
1065298
1065371
1065378
1065642
1066072
1066121
1066331
1066542
1067710
1067961
1068164
1069042
1069056
1069616
1069757
1069766
1069902
1069957
1070076
1070103
1070336
1070572
1070671
1071112
1071219
1071576
1071737
1072386
1072893
1073099
1073599
1074122
1074519
1074782
1074928
1075156
1075591
1075667
1075722
1076624
1076854
1076882
1077356
1077630
1077866
1078070
1078326
1078953
1079302
1079404
1080151
1080267
1080427
1080535
1080703
1080913
1081101
1081249
1081436
1081487
1081938
1082029
1082043
1082267
1082308
1082602
1083726
1083876
1083877
1084297
1084453
1084636
1084772
1085237
1085986
1086596
1087262
1087500
1088009
1088039
1088853
1089131
1089540
1089958
1090166
1090314
1090526
1090586
1090769
1090887
1091001
1091071
1091109
1091275
1091626
1091691
1091999
1092476
1093094
1093834
1094188
1094652
1095045
1095050
1095194
1095389
1096426
1096512
1096515
1096659
1096763
1097022
1097850
1098437
1098504
1098913
1099024
1099623
1099673
1099853
1100137
1100207
1100210
1100371
1100869
1101121
1101761
1101799
1101846
1102049
1102064
1102302
1102576
1102895
1102991
1103574
1104550
1104736
1105032
1105102
1105277
1105563
1105669
1105724
1105838
1106260
1106684
1106885
1106924
1107139
1107179
1107693
1107759
1107777
1108357
1108396
1108441
1109152
1109163
1109646
1109999
1110207
1110311
1110388
1110485
1111050
1111190
1111319
1111427
1111847
1112277
1112441
1113141
1113341
1113652
1113820
1114651
1115267
1115504
1115603
1115833
1116107
1116629
1116694
1116882
1117130
1117365
1117440
1117469
1117680
1117817
1117843
1118407
1119120
1119355
1119751
1120320
1120756
1120881
1121076
1121476
1122425
1122481
1122603
1122711
1122779
1122797
1123181
1123511
1123706
1124271
1124646
1128734
1129827
1131667
58612
69743
494494
508513
520074
544438
553559
860188
951050
1033070
1034632
1057856
1096180
1096181
123859
236370
1062845
1062844
1000725
481120
181101
19318
259392
259393
296881
419058
953722
319373
596121
114991
402588
545241
741890
584503
544018
556508
615253
8702
36164
82536
151806
152766
255716
255746
260400
317022
448052
859891
875646
986250
588083
200010
822020
700031
464646
464656
589506
253991
589015
376076
64189
908694
908695
279011
55418
1033607
590465
1028291
271604
989547
590848
494610
861540
155788
562780
47458
186121
36563
286647
369028
698529
951438
772897
621364
621365
335265
816720
354323
132192
565786
1001061
328794
359798
548833
511872
469277
646870
855821
814671
915915
502575
82598
246808
294717
579313
114091
1108959
260357
272162
298533
402668
559247
561310
563482
678357
686271
772894
772896
820449
888163
945732
1112906
1112907
562778
571104
638619
539628
740346
511870
590466
678589
754873
19594
278207
180102
588085
754874
971885
376429
231713
601730
860755
626489
680172
858269
996162
651337
118885
163957
386422
532137
569008
639831
650711
758959
880510
880511
915143
915145
1024984
1024985
532132
956503
1010666
1034495
651340
965387
965388
30332
31434
68908
99828
102485
108630
125989
195430
199093
220568
237157
279551
420627
447366
494168
510779
522003
538974
563243
582596
658051
735220
765310
827929
919132
969026
977830
991041
1016897
1070505
1079189
1105973
210952
783463
533052
533054
561461
926900
54956
971884
878858
170287
272160
1053766
242642
13070
365885
597443
1111583
562779
291793
218063
1053764
47239
781695
783460
578714
581942
49876
97996
97998
615985
199097
640911
771375
110549
1071452
436600
849275
873967
873968
38818
499064
200985
954698
232023
226455
779989
139010
257595
1070385
1076000
31874
367980
450985
30846
39193
121243
195339
205016
219772
259775
269259
386007
447114
548263
612874
717406
747019
830199
894973
987258
988310
5843
70143
161218
163675
178504
787193
863868
1119803
31521
591632
13768
29471
118113
160418
160815
162153
164219
173201
199445
239848
239850
267122
267123
423925
455030
494221
529641
534507
558589
569057
727812
732495
734879
771650
787464
787465
820837
820838
849530
906862
906865
908684
908685
1048457
1063432
1068144
1068147
162161
913151
956249
730400
753122
362175
382291
393974
45823
902726
475865
1081891
588765
344639
971255
18229
293339
238354
652457
454727
117079
43203
808657
86094
500927
586745
589090
589998
617524
715713
729453
729454
780070
780073
789259
817279
849793
866838
866840
873740
883600
901516
923931
923933
925226
925227
955251
1035506
1035509
592719
1035018
132257
2238
12732
16211
18291
19624
21540
26056
26987
28000
31744
33534
34523
34562
37367
37567
38596
38892
38958
41489
43934
55240
60949
61922
64203
70896
71980
73916
81423
84354
84623
92429
94433
101557
101891
102106
102483
105099
106140
113945
122098
124414
140516
145453
146599
147478
149091
150706
151562
153318
153525
160172
160461
166471
168136
180667
188466
188792
191429
192951
193907
195673
197044
207515
207791
210684
215125
218364
219397
219673
221512
222358
225859
230782
231058
231637
235362
237866
239555
245701
246556
257120
257983
265114
274501
276508
278004
290866
294330
298869
303520
303627
309948
322168
325363
331539
340674
341205
344311
347039
353518
354423
357304
367645
376380
380869
385749
394492
417086
418215
422839
427633
430712
432487
433397
433555
436557
438816
438840
449503
449857
451134
451273
454766
455155
462787
463846
467268
473213
473881
476742
479236
486794
492679
493554
497219
505476
513085
513094
517872
524380
528495
533282
536737
544587
553764
563140
566697
568035
569245
571749
578505
579528
585724
587376
588845
589512
589553
589712
590686
596009
611788
615025
629693
635389
645095
645097
648312
657778
677199
681494
694281
697600
698926
718003
726986
734007
767877
770419
781849
795916
812508
834306
839803
841304
843635
848430
850591
852895
854770
854787
857743
861741
868501
868581
872124
879315
888317
898022
902631
905435
906511
909814
914746
919323
926651
932641
935013
937955
939135
947296
950684
951084
953792
956424
970203
974367
981985
986037
990039
997659
1000707
1006653
1017010
1033757
1035435
1038419
1060505
1062680
1066700
1067436
1076680
1085607
1094620
1099520
1104360
1114208
1115320
1118583
1121929
1128177
91557
177655
223484
235760
257249
356745
369436
381667
381957
861208
1019181
32004
12451
24442
71568
101224
101619
118886
119447
137528
146499
148874
156642
159228
164126
188350
198589
239068
243675
254011
264593
276193
290304
348295
348360
348815
386317
402859
482294
576043
578112
580765
585365
627737
633424
633429
667399
681888
732910
771091
806955
845160
888052
902532
905251
958511
996681
1011143
1031417
1045094
1064522
1074302
1116247
101243
112891
162028
441303
617654
714171
776190
1437
2097
2252
2551
3527
4298
4352
6926
7056
7597
9205
11492
12043
19880
21222
21733
22122
23366
23760
24392
24447
24900
25929
27095
31213
32447
33516
33584
37448
38673
40026
41284
43689
44297
45782
46169
46425
46538
46589
46638
47692
48146
51107
51491
51695
53424
53692
65443
65451
65719
68504
68974
69499
71408
72222
73408
74802
75620
76523
76972
77056
78707
79063
81282
81410
81975
82258
83636
84282
85019
90238
90596
91181
94036
94972
96989
100800
101036
106794
107259
107349
108055
119090
120402
124650
125075
125294
126010
128466
131450
135653
137835
140248
142121
143328
145957
146326
146904
149659
150429
154129
154152
154348
158669
159631
161151
161917
162716
164204
164692
164882
165630
165924
166846
167579
167999
168166
168439
168747
170052
174329
175011
177504
177571
179796
180003
180764
181071
181570
183605
183890
185067
185155
185854
187375
188104
188333
188655
189358
190613
191973
197331
197693
199523
200040
200362
203580
204943
205751
205942
207770
208970
213627
214709
218951
219905
219925
220563
220831
221639
222914
223262
223676
223926
224194
225998
226914
227794
227863
230583
232627
239777
240127
242314
243334
243781
244013
244569
245182
249284
251392
252834
253518
253540
254518
255808
257614
258201
258764
261139
261509
263566
263571
263601
266356
266413
266431
270428
273102
273109
273536
276415
280078
280426
284912
286145
286970
288796
289318
289395
290135
290610
292804
292969
293032
294641
294928
295901
296334
297389
317080
317092
317094
321662
325915
326983
331033
331871
337930
341859
342606
342811
347597
347895
352608
353625
353827
355132
357991
362447
365140
368433
372071
383711
384667
386432
388017
395587
417597
424385
427842
431701
437971
439874
440255
440491
440557
441278
441989
442816
446210
446609
446774
448868
450425
450647
456351
457415
458509
459300
463307
465853
471055
472025
472938
474347
475232
477904
478872
481628
488203
488316
489091
491552
492370
493175
498736
498902
499770
506881
510546
512746
513506
517879
518273
518402
519981
520863
522274
527079
531363
532661
538192
541403
542712
543262
545333
545549
545885
546442
547065
547404
552102
554513
561630
569578
569779
570108
575192
575730
579576
582553
585078
585861
587996
588277
589016
597591
598150
598657
598860
602679
605915
607942
608520
610573
612988
614296
617262
620342
621887
621898
622163
622195
623960
624421
625323
626040
628557
635285
635346
635409
639043
641718
641743
642835
643702
644829
645308
645634
660055
660439
665206
667327
667493
669524
671737
671934
673492
679192
688756
688823
688835
689680
696493
697888
701331
704183
704235
704378
707220
707248
707400
710124
716598
721697
723004
728306
729109
730808
732407
735324
736090
736731
736927
738146
739870
741975
744412
755216
761212
764226
764332
766802
767429
769074
771085
774416
774878
775482
777111
778225
781808
783950
785734
791741
792392
801250
802031
809791
816084
817303
819140
820507
822702
825872
827740
828704
829269
829374
829817
830338
830460
838100
840031
851668
851796
853913
855029
859591
864025
865191
867943
870813
871626
873727
873932
874735
875876
885893
886257
890618
892025
892861
893036
895218
895557
902254
909189
913379
919396
919797
920355
921499
922430
926444
927790
928497
930038
930626
933269
938441
938671
939287
940157
940250
941644
942851
948492
949080
952208
957328
957785
958075
961792
962087
962895
964019
966947
969291
973140
974244
976680
979395
979897
981725
983830
994834
997638
999528
999859
1001545
1003825
1003955
1006596
1008614
1009659
1010141
1013274
1015338
1017475
1017777
1019169
1019987
1020416
1023260
1026235
1034971
1036483
1037215
1046130
1051080
1053302
1054470
1055062
1056112
1057867
1059170
1062291
1062472
1063148
1064010
1064433
1068201
1070108
1072328
1073714
1074975
1076414
1076472
1076760
1078706
1080807
1082322
1085091
1085446
1088496
584502
581941
217972
382044
561869
238356
659166
491842
996161
817580
510463
180947
384969
754872
439294
200986
878861
578715
510464
772988
779990
963540
651341
918655
776189
588086
652455
652456
583834
615986
615987
119288
491844
82664
651333
858266
96580
630937
643179
288508
97101
179873
617656
749977
180048
478095
829680
344610
762971
235583
588084
817579
278902
198939
198283
609039
89750
989332
954697
591633
591634
1088547
1088548
978782
82620
492001
373658
329781
975155
1091857
1092477
1103144
1104205
1108457
1108461
1110022
1112487
1117798
1117840
1118293
1118841
1119157
1123928
1127114
1130412
1132200
1132270
1133455
942527
478381
7175
259152
77104
627609
927919
750463
750465
778100
32906
89138
390404
999467
673620
527981
40546
62088
224221
253660
405417
444781
659532
684988
785440
837124
1022783
1098788
974631
227712
682106
82609
473552
473554
983804
1092244
1092247
331460
300040
1035369
219977
619413
453467
28014
470787
771662
883238
248099
599674
163006
240829
24614
106040
145982
175411
188433
261070
275591
600515
621780
763009
1134625
20091
201389
207815
772984
335022
590101
46648
1073521
315098
447092
320335
180128
426980
930250
200984
349780
661215
988248
153901
427248
247249
31666
109149
143760
144725
209235
230745
449534
473479
636789
804711
814178
958166
964620
479
862
1472
1860
2268
2696
3054
4042
4250
4722
5377
6375
6481
6693
7945
8070
8937
10877
10904
11249
11600
13035
13273
13784
13885
14311
14342
16059
16343
16544
17037
17039
17543
18564
18708
21041
21249
22185
22492
22705
22753
23343
23420
23622
23977
23978
24266
25845
26017
26416
27631
27829
27998
28327
28350
28396
28419
29382
29814
30203
30225
30322
30704
30843
30883
31083
31414
32203
32339
33209
33559
34043
34152
34451
35094
35490
35563
36919
37002
37186
37194
38116
38250
40598
41308
41354
42208
42251
42436
42792
43476
43614
44421
44868
45932
46068
46172
46954
47373
49348
50929
51145
51254
51258
51565
52321
52593
53793
56853
58192
58444
59043
59164
61372
61820
62484
64620
65568
66243
66772
66817
66888
66898
67367
68544
68741
68858
69355
70133
73564
74064
74540
74825
75082
75551
75829
76753
77160
77255
77328
77534
78779
78983
79215
79669
80089
80853
81101
81729
82897
83219
83508
83734
84152
84743
84807
87293
94092
94128
95219
95385
96336
97183
98466
99105
99410
100022
100336
100859
101424
102492
102958
103305
103833
103848
104078
105248
105362
105611
105710
106300
106511
109110
109304
110320
110578
110773
114110
114567
115123
115329
116143
116165
117016
118536
119201
119396
119410
119437
120129
121073
121114
121154
122106
125469
125922
125985
126112
126170
127205
127500
128111
128387
128657
128752
129108
131574
131633
132178
132534
132861
135567
135963
137165
138894
140127
140522
140572
141313
141690
141830
143317
143689
143773
144129
144209
145226
146076
147004
147697
147910
148136
149292
150281
150322
150843
151618
151791
153168
154753
156589
156683
156796
156885
156918
157368
157575
157818
158209
159372
159404
160797
160846
160865
161838
162261
162592
163167
163564
163857
164018
164303
166136
167185
168041
168154
168458
170284
171329
173147
173162
174072
174258
174929
174952
175870
176711
177433
178263
178523
178776
178909
179371
179737
179869
179897
179930
179949
180661
180869
180904
181409
181549
182089
184374
184712
185602
185764
185806
185974
186524
186591
186642
186650
186733
187013
187635
187685
188144
188332
188563
188705
188977
189158
189645
189758
190028
190130
190519
190841
191968
192131
192620
193034
194463
195193
195373
195708
195739
195777
195897
195909
196039
196261
196478
199092
200092
200333
200464
200509
200523
200580
201193
202059
203268
204948
204980
206095
206242
206484
207767
209443
209501
215084
216336
216759
216764
216862
217089
217592
218337
219670
220061
220687
220922
221215
222452
223011
223031
223604
224226
225363
227116
227132
227559
227898
227948
228986
229095
229314
230699
230957
231123
232646
233214
235710
236145
237950
238319
238409
239703
240215
240375
240418
240451
241353
241503
241634
241791
242182
242485
243153
243198
243830
244020
244734
245117
245387
245498
245581
246024
246714
246941
247709
247977
247999
249658
250575
251247
251698
251868
252298
252484
254779
254967
255570
255683
255772
255994
256530
256610
257706
258175
258410
258766
260687
261911
262343
262777
263013
263464
263663
264037
264266
265077
265155
267159
267289
267509
267693
268150
268535
268971
270121
270156
270344
270399
270503
271004
271415
271989
272477
274138
275038
275565
276361
278064
278446
279984
280023
280065
280837
282611
285303
285705
286250
287209
287491
287691
288174
288690
292164
293692
296062
296227
296284
296869
297038
297875
299730
300613
300698
302072
305832
307207
312585
312586
314668
317335
319000
319312
320803
320913
321135
322277
323294
323452
325808
326579
327776
328573
328647
331208
333713
340119
341656
341943
342981
343601
344738
344810
346284
348129
348879
351309
352180
353095
353538
353562
353832
354045
355149
357076
357726
360673
360962
361793
361839
363314
363491
364457
367159
367776
368116
369524
373874
382190
383482
383714
384488
384888
385693
386025
389538
389828
390856
391262
391506
399884
401193
408589
408719
414562
419485
420014
420148
420976
420996
424491
426807
426855
428956
429093
430151
430533
431480
432277
432394
434913
435258
435631
437231
437482
438757
439685
439692
440913
441302
442756
443921
444617
447533
447914
448298
448459
448823
448826
448974
449040
450894
451406
453925
454032
454243
454414
455225
455297
458018
458177
459343
459425
459463
460019
460648
460814
461778
462549
462686
463911
464959
465082
465453
465653
466535
467334
467612
468056
470121
470792
471564
471712
472386
472711
472984
474160
475566
476415
477285
477428
478009
478029
478588
479814
482620
483440
483446
487114
488272
491249
491403
491677
493718
494251
494265
494595
494824
497126
497165
498709
498794
498799
498889
502952
503159
503314
505491
505984
507671
508242
510167
510586
512758
516206
517847
518110
518412
518533
518542
518560
520066
521515
521707
522291
523292
524133
526194
527576
531529
531910
532701
532835
533259
534080
534203
534389
537425
537771
539603
545511
547430
547683
547737
548426
550173
552036
552623
555446
560520
561163
561271
562346
566455
568758
569595
570112
572844
573893
575460
575780
576402
577188
577435
578262
578599
578764
579564
580097
580885
580968
582813
583054
584227
586481
588341
588457
590442
590473
591712
591769
592266
593308
593526
593834
596201
598358
598775
601262
605259
607560
607703
608852
608950
610064
610522
611214
612245
613746
614847
615641
620382
620647
621302
624164
625330
626019
626897
627896
628482
628847
629583
630440
630702
630765
632566
634071
636398
636975
637257
638399
639465
639815
640015
640580
640794
641352
642649
643721
644759
644962
645957
647437
647825
652974
658125
658429
659471
660492
661069
662343
664272
664494
667668
671435
671622
672749
673524
675859
680126
680450
681726
682794
683943
684873
687017
688318
688758
689776
690766
692718
692900
694374
696544
696688
696949
697255
698663
700918
701138
706888
707057
707217
708234
708535
710296
710400
716161
716503
717434
718496
725768
726908
729605
729993
732924
733347
733373
733693
735027
735420
735891
736412
738520
738642
739254
740582
742995
743569
743959
751521
751528
755766
756574
756988
759273
762158
762641
764209
764811
765157
765609
766557
766775
766873
767487
769438
773974
775011
776339
777169
778543
778743
780740
783518
784658
786008
786682
786883
787461
787574
787810
788656
791810
792333
792626
794512
800540
807427
808021
808807
810016
810600
813272
813859
815438
815471
816321
816813
818436
820007
820635
821163
821785
824600
824711
826076
826516
826644
827706
827734
827744
827827
827956
828018
828627
829682
829981
832467
833012
836562
839282
840219
840557
841158
841413
841568
842196
842814
843930
844765
845362
982716
349909
402605
988249
238357
133598
1097854
6711
453468
16795
809688
809689
804785
2109
491843
495109
453461
103687
236426
100393
205659
603771
776192
854679
1059562
32550
240948
240949
254631
390407
390410
591981
591982
999469
999470
46541
346754
476972
594646
160977
619414
357015
988250
253504
331465
536802
942528
619412
247757
240947
278423
390406
445659
999468
714886
930251
128261
186735
4671
121513
128373
274341
281118
416598
452026
483082
539359
837120
848413
850319
850433
851731
852109
853177
855634
857657
858463
858721
858903
860689
860695
861949
863006
863495
865288
865699
868333
869240
870131
870409
872269
872782
875112
876296
877776
880199
881943
882945
883143
885546
886824
887989
889088
889933
893238
895142
895164
896071
896263
896734
897981
900183
900664
901823
903109
904557
907829
908347
908501
910084
910556
911790
912559
912589
913380
915760
915856
917331
920423
921249
922805
923907
927076
927806
928647
929477
931809
933262
935887
935960
939062
940082
940552
940644
940662
942532
943063
944576
946310
950176
950685
951208
951699
952819
954006
954777
956220
956917
959611
960061
960602
960719
961704
962425
963391
963457
963833
967066
967467
968064
968792
968972
973603
976222
978206
979562
980659
983063
984072
984364
985300
985826
986858
990076
992592
993977
995345
995705
996499
1001141
1002136
1003870
1004054
1005798
1006182
1006746
1007201
1007716
1009375
1010489
1010735
1011186
1013089
1015178
1015196
1016415
1017276
1017307
1017738
1018224
1018951
1019228
1021222
1022133
1022184
1022924
1024057
1024549
1024619
1025724
1026456
1026861
1027853
1032878
1034420
1035185
1035739
1036512
1037057
1037691
1038639
1046302
1046858
1048079
1048299
1049137
1053615
1054624
1055796
1056779
1058046
1059194
1059197
1062719
1065753
1066003
1066044
1073638
1073777
1073806
1074940
1075149
1075516
1076416
1077085
1077418
1077644
1078927
1080085
1083915
1084189
1084198
1086452
1086565
1086729
1088361
1092341
1092612
1095158
1097392
1098407
1098965
1099470
1100743
1103031
1103041
1104627
1105947
1106273
1106296
1107310
1108230
1109487
1109675
1109831
1110018
1111786
1114463
1115715
1115799
1120418
1121088
1121982
1122876
1123427
1126894
1128016
1129269
1129368
1130360
1132147
1132184
1132654
1132762
1132853
1133047
845506
849859
918668
932925
944765
946909
949523
996418
1051938
1052085
1069686
1092091
1096762
1102284
1116391
1124817
1134470
472157
461502
461513
622349
869942
1081897
94454
1072791
30394
58592
154124
287980
336465
507249
58991
103928
230703
329215
503679
307514
483201
12477
21125
1029510
1060
2997
4033
9171
12565
14153
17999
19800
25190
26151
27902
32705
35610
37472
43087
47754
61710
64251
71400
74988
75185
75536
76793
78529
79490
81402
81462
85218
86402
88501
93626
93696
97734
104269
108950
109381
109505
110466
110790
115878
117357
120978
121739
121980
128513
129651
130296
131211
138927
139161
142872
145869
148211
153502
154081
157139
162296
162298
163226
163693
163836
164220
164324
172421
178919
178953
186620
187569
189339
189784
191354
193649
201773
202968
207623
210887
215068
218557
219235
220202
225709
232480
235427
237623
239016
240715
242351
242425
244464
246339
249277
251960
252053
255480
261141
265483
269652
271025
272306
284708
288181
289753
290329
294201
297420
309673
311451
317121
319720
319734
326661
330697
343527
346168
351861
356159
359232
360109
374801
381774
397153
398619
406956
417387
417604
435507
435594
435930
435931
458755
463517
465868
467115
479024
481684
514993
522663
524032
529675
531107
531744
533452
543314
543315
543356
546488
563019
568930
570552
571225
571227
573954
575286
584710
587712
589890
590883
590885
592449
604996
608522
610117
613178
618318
625772
629818
631382
634752
635475
636326
636327
636476
642169
642600
643478
645938
646882
661235
662901
662902
666546
670137
679385
680536
680817
685589
693151
700894
702948
716349
719560
725843
729070
733703
737550
742350
750828
757958
769916
770750
771539
771776
783895
783896
785567
785679
803321
804870
807705
811965
815826
823446
829418
832102
832724
833580
839588
854825
855517
862669
864617
867376
887529
888463
888475
892111
892380
898556
901896
915392
918751
919278
920947
923244
925500
925501
930378
934280
934619
936692
939834
952479
952506
955461
960860
960861
990930
995285
996243
1001122
1002688
1024002
1027711
1032657
1057190
1063371
1063372
1071267
1079343
1079742
1085938
1088358
1089897
1089988
1092040
1092481
1092695
1098321
1098566
1106634
1106635
1115726
28101
31889
90560
93442
94464
227259
470966
500769
522662
589429
788
2059
5869
20376
22474
30984
33608
39334
41568
43825
59489
60183
62686
64254
66331
66364
66946
67718
74506
75302
80438
87925
96055
99482
105432
106035
106557
117115
124930
125859
137028
144662
148966
149547
154515
155541
156973
174855
180281
190604
190919
197410
198307
199253
211890
214239
214463
217292
229487
237641
244229
245012
263394
270886
271123
277575
278026
280470
285642
287417
290757
292789
315194
317197
327896
340004
349463
364976
381095
381771
408059
410758
410933
431703
433506
442732
448892
450398
457503
468384
474251
479863
491419
492891
504820
505711
510209
556708
560298
574017
578417
580036
580406
583542
587709
589301
593236
600202
606820
609215
621093
626405
626939
640826
641300
653785
663284
663978
731883
733560
737551
743030
747820
756851
757957
762958
791884
793665
806815
816270
817616
842117
844305
853162
885543
893388
906090
936691
938513
956468
986607
1012667
1013302
1013644
1013795
1026847
1030266
1031497
1038124
1065573
1070547
304172
918482
871558
248282
851491
851493
851494
417136
1063134
1067845
145998
808749
996514
1050915
670581
99223
220632
971254
582471
402034
585892
573027
967095
574960
171542
738684
672996
322276
642110
642111
750545
750549
10040
129342
481944
891403
265400
9245
260722
260724
646907
880442
958806
327387
78066
159667
218952
285813
514704
523977
618675
725436
729901
842061
842062
975244
975246
998678
998679
1016373
1016374
1033812
1033814
1035959
161033
792775
792777
474518
640137
652982
25342
153869
843159
498158
622348
2432
9551
37738
38782
40124
69094
74568
74718
83928
91763
94311
98104
102893
114624
121542
121897
121937
146745
149706
156304
163781
163809
179878
189830
195448
196747
197455
204432
205798
209224
211073
215082
252636
253481
255116
269589
281398
285862
287803
295393
314061
342310
352059
353971
356341
356567
362389
395717
423636
437116
452923
454389
482910
488095
506616
510635
533162
533971
533986
556778
557914
558862
594499
594746
628080
629490
637574
639455
664150
667394
671026
671791
689961
734595
765434
768617
773133
801140
808974
815161
833856
847284
857486
885120
962168
977595
979511
1003458
1018281
1018737
1020458
1029217
1049909
1056567
1063748
1066940
1099717
1104704
1104705
1109062
924467
641304
238358
1004676
464908
2536
5327
5539
6735
8558
12141
18367
21845
22084
23101
23724
23989
24140
26221
27135
27307
31092
32512
34599
36310
38651
41852
42497
42783
43173
43239
47127
51268
53459
58333
65808
70371
70720
71531
73686
76693
76891
77280
78781
78835
78985
79008
80928
86048
86349
89220
90941
91030
91404
93679
94914
95782
96020
97238
99658
99868
101159
102624
102938
105247
106479
106599
108664
109299
110415
110702
113693
115519
115779
116401
117121
117435
119006
120631
123415
125338
128369
129797
129820
133773
134042
136420
136474
136562
138792
140613
142819
143455
144976
144982
147000
147984
152449
153297
153761
157248
159487
159742
163107
163269
166762
179809
193544
193713
195822
197495
198977
200868
201838
203178
204491
205802
220100
222546
227325
229753
230202
231198
237392
239005
244501
244979
246554
259221
259933
260116
262285
264099
265598
270719
274282
276416
281757
285446
296573
314326
315079
317119
319222
319318
321498
322523
325191
325237
325753
326569
326659
331719
332773
336757
340538
343627
344147
348347
349347
359133
360794
369086
383039
384461
405534
406245
414213
435316
439276
447506
457197
457466
459877
462122
469803
470211
473471
475925
477676
477969
481692
483366
484761
489434
490659
496491
496509
500045
