19559
19535
7396
19537
3392
19475
60491
25925
91495
19751
26787
49334
2398
24829
3889
19836
27723
20096
49634
40
27640
29895
419
27672
19492
3877
91
19510
19837
75725
19486
27669
25790
13744
67
20237
557
43280
458
9213
33368
20843
26372
92982
19509
43
27850
3938
27373
1097
5805
42888
130960
258976
13889
25232
31285
19584
48709
69
55367
3885
60534
19468
30734
19569
29685
28476
17792
416
322
25926
342
19528
155800
813
579
28252
43285
7519
71985
334
43275
19692
55409
346
42
54761
3393
20839
269229
349
65324
2886
27254
20417
29421
7561
12035
71136
3935
20272
300
19942
6787
580
250
26777
27673
26941
246108
61657
31861
3510
6347
7434
61
95352
7102
14135
659
20790
7246
37538
19500
45
355
318
6299
487
381
11106
3164
3176
30687
9726
19950
19738
28055
57860
53
25069
329
1776
7391
91485
96968
151080
19483
23122
779
20862
25703
533
607
370
7376
7806
7954
7712
29788
20583
145389
19833
92073
301
20875
42878
359
19792
19419
19418
17613
364
61192
27249
54757
174026
10316
20623
25074
20712
70
10718
402
29399
740
39852
55266
42906
6855
64166
91436
27639
16913
17832
48756
749
78
3602
42939
71975
20500
28143
20760
266998
212385
70909
49520
68998
20758
24939
6339
3562
3946
7389
1544
19678
19857
6784
3314
152010
1013
19686
21258
7358
7501
420
7818
152230
27921
821
372
1538
428
7821
7819
54986
29785
26384
27691
8805
315
16994
224618
19926
47354
64494
1030
7179
29816
134663
60536
332
212438
2989
19744
20782
6811
565
42856
1748
20120
48645
70819
27410
20634
96244
1990
880
27637
145393
154450
7390
430
6782
92230
25145
3271
20624
92971
6810
71377
20596
19566
28056
91224
151704
31393
6774
68
256
132870
662
54944
7382
49430
20735
52282
28345
132993
42841
92244
253
55562
760
629
49408
20649
1604
750
20833
132939
97425
248613
2018
3083
26793
71780
149081
29841
60987
95360
121101
19883
184679
139327
64129
53118
49421
24693
121092
55260
61189
20208
17533
27699
54887
64454
53090
63951
767
17619
188602
27698
57861
9943
19530
29517
19518
19541
27390
27932
55102
7594
20446
42897
20530
236
64504
20331
25180
784
14097
822
20692
63952
19397
509
178518
677
19433
11894
112957
3298
7900
55101
48736
61653
20214
27066
268371
25075
44
20728
123147
103521
55257
92404
27643
37883
24778
52
8022
27934
30186
31839
3180
1361
3449
49675
123758
55268
1295
41072
2363
20705
27692
91501
19564
313
64696
20742
19520
49333
91880
202509
117390
140779
141541
46291
20494
310
4113
27995
20713
693
26448
59752
20765
64111
20659
39736
26060
60940
50935
29321
16614
19568
68782
3214
20653
117552
26591
42864
75273
177772
57859
32011
1996
42901
125974
96180
64102
13092
131059
102643
7540
64120
28020
119969
7638
19638
304
27394
27689
19514
570
27958
2743
43001
19449
7470
92410
26595
121169
43118
51762
48733
366
7439
20637
54750
27658
43152
123724
49608
20630
21047
1773
71033
26858
19643
7278
3173
20750
523
281394
1073
3241
83
448
7730
26867
25216
7286
43078
70927
26866
10222
3412
38
19756
3223
20796
42907
52301
103467
95832
64446
20498
170
26868
27761
121494
52244
19410
71653
49673
91085
35
95680
53471
64822
318821
20640
64468
845
92968
92592
27302
97334
3552
1929
19765
27322
20635
47623
7104
20789
71576
149969
42859
42881
42874
13641
30242
71750
20797
42862
383
979
68833
2400
64109
150681
49512
20847
6762
26487
53461
97560
64448
64502
2351
609
27929
2342
357
20282
114317
29687
1774
136645
65325
55317
91013
3209
97213
46325
347
1781
64698
75738
21535
50897
3750
19434
19672
1938
64487
26800
150063
20581
45606
27274
20809
92046
255
41
1879
27300
3599
92405
64167
42903
27638
318702
3116
27063
25072
20650
113006
162306
20700
418
49443
148183
72190
384
92976
71253
42992
26857
3921
71621
75153
56215
361
97178
2508
20717
3514
70917
20531
240048
71755
20730
92194
3250
6813
164465
12108
19495
27744
48652
75100
27062
22085
71610
19370
19570
49623
3987
20856
55336
97333
97342
29837
7410
27065
55258
20826
4260
9127
19438
605
8896
1169
17318
224
12919
71660
454
48526
241732
70732
64526
21730
7823
4256
91146
606
7839
29737
11888
264433
37831
25030
795
376
43243
11620
269910
71501
118709
16654
36765
20818
95070
3957
64115
19577
16627
70888
31413
55332
24652
257112
51631
19630
96852
25223
11984
49452
20807
9812
20644
129773
97174
64110
49739
42914
340916
59
20707
71166
136655
51722
93877
42890
7224
228721
19372
4171
43282
5788
65646
64724
2968
41238
64695
7975
22714
121121
7392
64830
71595
49451
56563
71095
19490
71740
20528
24933
136908
20708
3936
124928
54898
26935
354
29839
7416
299415
7371
42597
59732
30722
42910
20681
319
19943
17076
55
3277
4138
20670
3942
98091
99156
20851
19750
10014
163209
3434
20781
387
64152
49758
665
49497
25224
76503
149997
24725
64491
71341
55381
19526
66685
50898
27671
20825
26127
11305
19684
31562
58123
92636
504
185814
129068
64488
75139
91345
31412
26815
54760
7817
39
94572
350
64824
17285
151728
19582
20858
27736
27678
3419
426
64466
19874
24947
64126
55452
64501
28023
3964
64505
763
49504
71667
53316
42842
27253
121112
7301
7406
100578
19886
3424
212873
20657
2118
64182
2527
405167
33957
2887
972
90934
1930
4163
41551
5831
2596
20082
40263
41555
55238
2775
27732
184380
42919
60977
42884
7751
1568
71620
20841
25414
55104
7874
281390
49424
75213
1002
27793
346572
101585
60029
71791
10172
8902
42883
2942
25113
20805
97326
26365
55256
43868
72016
64145
91031
48767
64658
11647
54258
71786
20808
147435
92297
2892
70904
64
56468
19941
69227
8417
71167
27172
90971
26783
47628
59733
43077
64286
53457
27418
20844
30675
1737
25220
65654
42909
1976
20267
131048
48658
120024
70844
23242
75863
42937
55395
7177
6332
11398
274742
42943
20672
18474
48518
19511
1042
407
97158
53450
7313
572
485
6963
173984
19957
19951
26513
42860
7426
188462
129674
42923
58110
2296
17822
2148
8800
64216
21976
64481
20641
7345
117362
505
4321
132944
241730
70997
20508
65545
7386
64186
7545
71267
28250
24030
71022
25127
3511
108905
48723
6803
268378
64801
43081
101201
24922
206489
20675
7388
20504
5109
71104
66674
134679
76025
49508
64462
26855
153952
25188
42854
114889
27072
3503
20114
62638
55269
13390
30727
58101
8709
52245
68894
68784
1
96951
7551
27311
43005
7475
1777
64711
20699
57995
19944
6350
70897
19544
20669
7924
71497
136677
571
698
71266
130917
17028
7183
19506
68887
4062
113554
71465
27661
134635
17875
27276
49411
133052
735
52944
49410
26833
43126
495
19665
10711
64897
92311
52351
174250
228714
339
62
373
20395
3547
299430
3037
25157
19670
20773
241761
147424
139199
70895
16973
91231
2304
49461
129783
103275
19516
264188
26796
59121
23188
19412
68799
26518
99441
132940
71234
24317
44950
129550
93082
26837
11495
42895
121772
55142
49519
1771
13425
54763
2778
11619
121089
47610
11996
475
99312
24766
47625
53460
27109
69011
53589
19303
269896
134345
49676
2932
143336
152022
96022
5795
49730
53473
96935
91365
91879
26757
53493
20861
91431
19416
96976
79
64725
1810
91206
173992
7350
40824
421
119494
13996
103372
3075
25227
12670
17796
71963
20688
64716
10563
2916
68893
84219
129762
317
10579
7582
92798
74975
311858
53804
49495
147494
119513
4587
335852
318803
51687
19769
59122
7198
70808
129646
7456
22650
761
91266
26512
136049
149129
2394
206151
92980
28453
64471
27247
20867
7479
146001
94567
3953
49748
7635
71360
21662
96980
75286
423
70903
241728
112528
19946
124213
64445
37891
27408
71233
120578
23732
5815
4040
71359
185821
143796
72059
69562
120206
139809
21834
26633
8234
6799
96961
49601
25183
121500
739
121116
6812
97057
6834
64143
53472
71255
25068
126128
257
92049
20347
19393
136063
2344
667
13870
26690
148215
1849
71668
17592
231126
816
59541
3937
58364
140778
91201
19408
318736
18858
2734
28004
21968
132938
25208
27367
71516
19966
92409
37536
67701
3273
134628
92213
43374
49628
21364
27206
53596
2408
35533
99486
19787
119970
9778
129647
27697
161874
92075
58114
258
7433
45666
338
71057
65372
91148
71482
22426
2513
377
5801
51748
7764
150571
16697
34714
60297
8132
68852
30199
41104
70842
71274
60309
1387
71138
20801
121626
7570
20824
702
3955
91367
42866
49583
75879
20814
42918
21260
128143
121
50966
2056
49404
145292
92061
92363
120626
25917
62635
113318
6778
2747
20643
43822
3270
340
71630
71226
61514
26924
56684
60951
20678
92627
29794
117451
7709
1406
734
99146
22435
318804
510
51771
62633
5778
54877
147426
48753
25164
19344
65238
20275
33318
91338
99998
7421
3240
134623
20788
70589
71048
64458
270222
11649
71003
68831
177779
11524
27984
612
49526
91066
48778
14002
94058
19436
43832
140467
20501
75746
281391
42847
57874
132979
71496
65033
10202
85643
94135
1948
7914
53451
20778
47671
91077
136138
2944
19413
29712
5763
4141
10253
64117
91898
240028
66326
27195
42876
53474
73604
68886
44417
42894
2458
27126
144612
30802
7476
121011
148820
3189
6777
99336
2498
7593
1688
91988
32065
20757
95062
100483
79847
59591
1487
241739
71303
97001
100323
91492
97228
8032
7180
3276
790
27953
794
24739
19437
82
79711
2888
7822
7624
990
50892
64463
5794
26530
777
20631
19352
5796
8167
144865
64116
48113
7440
621
20695
61247
1873
147425
7633
20772
71222
299731
328
249761
96720
2463
70810
29115
7589
50932
54771
116232
20689
173989
64843
18869
20693
97520
12729
300165
70862
64828
71577
19041
71322
31406
92219
6768
27159
125992
42900
8029
75780
150021
3647
54889
248628
31260
7618
20720
70816
190632
68868
116341
59745
71752
56
235899
68796
6815
7664
54608
47673
93116
100473
64536
71350
63662
12950
20391
55497
42848
54880
97123
70954
160569
28321
950
54883
125028
93127
64664
49436
273093
174234
14629
27648
154
136083
13385
7837
20591
91250
13359
53794
92619
19563
27403
7998
230893
3958
8904
3274
36325
21689
53629
64174
52815
27873
26537
39968
145550
62640
27634
65059
120263
132937
112962
134959
75232
3278
20741
97928
19545
49653
27797
20655
59535
91001
49872
98010
7412
20754
70959
133073
49635
20820
65559
4261
64465
20646
136651
96931
103328
9642
71237
121582
24961
91371
1675
42941
3272
65642
20652
61631
99
71517
49511
95302
7351
71066
11665
154422
140811
71238
60969
326
3425
7502
1852
52988
6822
64692
55386
65360
41495
94153
49848
64509
71594
596
20598
19482
27097
71239
24960
27717
64498
3922
53478
3275
39936
20764
311
20722
119485
92819
121591
4633
75275
19489
346576
7627
47505
91204
24897
20709
24940
131482
20024
7552
27268
1763
71102
113638
134329
83216
136733
318708
26798
552
7997
47687
7291
121010
25178
27350
281039
92497
47608
51686
136641
70835
58116
51768
153071
3260
12221
128154
47651
10485
96308
731
19009
49725
441
91435
8375
123101
17178
68994
91100
92639
133104
136653
97221
121689
21649
74911
55389
8550
178487
8060
70843
119975
19329
92961
369
212227
3267
190769
139177
91444
65253
99331
20849
9181
49398
71283
7498
42875
45472
34433
121028
225549
24941
398
2355
49734
53152
27401
75742
8024
60492
17598
336
3526
50963
53567
28790
7408
7770
19512
53317
48888
3453
3565
117348
20830
120325
12842
95359
348
65255
1033
285054
7645
49731
70815
117442
64459
266363
27055
24942
121399
4373
11657
318719
74899
145229
203
396
40727
11473
42904
14020
32830
561
136647
295
43065
43842
71310
52220
318766
134249
53599
5845
27904
54879
2144
2391
47617
265880
13332
134722
173991
48664
60306
7506
41599
567
99778
65645
7517
42561
95340
25071
64456
346584
323
5833
26711
33603
17617
59078
47630
7888
27646
196
64525
868
55145
25162
16696
260
142107
54878
32009
64503
27202
64140
133661
98435
157211
54874
19610
121822
39849
59551
19369
331057
48779
51725
201642
55314
71520
55144
37597
64112
42872
71553
91112
178970
48777
3968
57932
55286
7665
134341
7459
59705
136662
131065
19761
1614
445
3115
52219
20846
129644
27118
120105
436
20798
20721
49765
26844
68780
70590
6779
89682
7306
64729
64236
28287
58127
94167
2938
93749
36401
2721
42911
133011
42913
57944
91060
9064
92628
71753
58939
48547
100787
33049
3923
19766
3505
96973
13430
26629
99467
49423
7668
136627
414
7432
3533
13360
147419
92188
344414
49630
55347
20737
71351
270012
20603
20696
71449
16811
4128
79748
95478
42951
51949
12
72046
7543
20976
96007
173
96992
47
3616
19747
54903
26219
71460
70581
11925
8611
17788
148558
24628
24569
143818
29093
71693
35630
604
18946
134656
20679
101824
3485
65543
7672
64739
25594
6770
54984
134674
65542
74903
121018
20509
2902
8802
8478
121120
7890
27685
29843
29667
3446
7267
20736
5783
64105
68849
52281
1559
29945
49671
154419
22783
7491
134606
71210
49445
7567
55492
425
39927
3430
52365
52293
57881
119483
33480
23
64147
89685
311145
507
230777
27071
143153
724
24632
4698
53806
92810
60303
95356
71644
119484
26927
25168
156529
20379
92400
3976
59648
20274
17791
178961
25213
93557
136619
48750
20819
10827
95350
92313
4105
3761
71
7679
68997
93373
133570
7283
113032
42844
189344
65333
7520
135281
3977
80613
128864
64457
477
147805
93810
934
47826
42879
71474
174145
3597
22869
17604
673
64483
54770
24964
16852
123085
71829
25129
36863
1037
26827
24962
71398
43286
96600
12719
13093
93073
64923
6764
3416
17820
53464
97581
121620
3989
101838
7385
51688
155389
116323
18139
51763
135236
71451
71534
155836
19572
38848
20783
71374
26847
52286
287089
20802
9764
56562
134691
852
71434
70889
14
42743
69086
25322
184
48730
49737
61245
143806
120585
47618
55242
4196
202039
226
134743
7404
65651
156771
508
64191
143799
120202
51821
12893
49405
95616
19527
123089
4122
17894
157405
121584
139099
8283
190467
26495
308
16995
346577
55246
362
117
80
57
22715
57854
151876
35808
71626
178
19814
241731
26492
27381
124938
174212
46366
271130
121761
5429
9612
7912
27956
1444
7647
26958
231073
51683
13993
123157
7990
91041
2907
117766
92099
45185
3291
60355
125767
53470
51752
97608
63511
144859
208392
11235
54941
23946
7724
129074
23671
4087
352773
5799
9596
3954
21005
52359
75491
219876
154467
202168
48749
351337
25370
136776
55346
147274
52484
113611
71769
174329
55233
20520
237365
41606
51779
48524
148336
16848
23895
49535
26830
55509
3930
174169
135887
53098
160686
134469
133370
121031
133376
639
19384
220199
27642
21572
51793
6847
70845
56548
19546
27318
2353
228034
174281
156616
29418
14015
48533
20752
55064
174422
139101
190491
225068
19429
156811
58942
70985
213239
19748
48708
49506
136009
97170
16890
51776
18729
71137
41760
20718
1883
55342
299705
27329
27913
134481
58295
91329
7670
82504
223650
28285
59544
55279
54915
49666
57463
136386
93000
19749
109251
12540
8245
8681
7302
6044
5869
7835
318832
212409
3645
90
47773
58147
14069
2929
152007
232178
20369
33636
55400
20647
16607
27343
20794
92477
51719
28154
1769
55996
49534
54882
55534
748
7946
52248
49529
7563
79727
13001
25335
136826
25014
64188
10689
80325
4001
27375
68962
20683
29409
41709
282469
64742
64553
26831
28319
20899
10684
44000
10416
55306
7605
75226
19504
1894
65001
103520
48713
212426
19405
102231
51734
20748
90931
12436
7893
49862
65796
101865
7858
134822
152963
7343
20064
6766
16894
55318
56768
68272
92796
7218
26810
268817
1861
140439
56253
289249
48661
29832
20377
28780
135866
5114
55320
13920
30702
13064
54890
25196
32063
7991
31836
59173
48512
4267
79739
57857
2404
121600
48522
3297
49849
55413
25057
742
31415
20639
241725
3676
148745
7455
2965
213353
7319
45199
26387
7490
55359
156
64198
113079
101855
27193
26635
51740
27887
39180
16954
5770
121497
164503
43047
65259
30572
56222
120528
136094
1306
7911
108673
21336
34676
213232
714
20733
12037
20022
48657
151412
19954
65171
58933
49767
6330
133271
123083
57866
3929
91395
42570
7979
56756
6796
27358
20800
7509
7328
136015
17869
98416
3945
64567
63978
8159
3606
20462
63684
134711
41539
24488
24985
70571
101802
28292
91221
54958
27226
30735
64511
46917
289561
126001
140773
75826
55685
70972
248757
53642
51860
55356
79743
282629
1229
7387
74895
12509
13944
12090
152229
98437
48755
113630
49530
32702
53513
135848
7262
113229
20724
64263
98
91429
2528
52381
91503
120658
108611
52877
97407
7181
53592
64175
94834
47169
3080
120582
29547
699
92485
20706
152031
42946
6757
92412
52583
100041
29212
38886
1884
134702
133262
213426
163134
20592
7877
122055
123219
132871
231159
228734
26934
9738
30695
92534
42889
121034
10334
9311
55106
64550
7780
1791
30562
116353
55717
28172
26747
7256
53462
120250
70813
29836
134342
628
102523
346574
53483
19824
26790
4091
95216
47805
49618
49453
229910
136673
26819
55249
27362
50182
186550
53597
6351
63680
3165
70832
81908
129065
126205
162084
178877
210150
49414
346586
55297
142206
84101
71077
1837
351514
119997
8094
150939
55551
61185
2397
118551
39951
117353
24839
7918
129766
89
97162
230581
91004
92778
92055
1827
7507
24765
269917
71461
142279
64158
5785
95641
51751
631
31469
64572
5834
558
113651
770
28084
55836
57876
136858
134467
725
121926
174344
113280
494
7442
125753
124960
30335
148133
736
49422
20677
128185
85425
19502
218923
217205
64690
71384
238502
134651
134365
25073
27602
109212
23171
31849
95535
52373
26768
19467
148175
7658
30560
71685
965
128896
22786
124004
99451
64138
212423
132882
298617
255127
55435
23577
136581
26843
115311
34690
261304
130914
212384
27292
71582
97397
8163
64718
933
4034
302514
95470
19471
121040
91218
19379
202488
68900
116370
125846
133669
65193
20055
4247
144861
17800
20734
50838
489
314
49449
48788
59542
53518
346647
302485
9644
76029
27814
100934
64225
297994
64155
2969
27749
16800
64833
134344
8426
77115
19469
91008
346455
395840
24921
21048
3163
21174
75135
91428
121598
65245
1310
51744
7987
92835
7337
177722
815
27189
178953
16626
49502
27817
19494
70872
54881
117032
37211
129784
20714
7297
125752
8115
75
5841
221460
129716
36593
52299
57879
58111
318701
37539
30336
119515
59578
55231
8023
27772
8210
55369
2087
1937
19830
492
10275
25477
598
64920
55780
96517
143831
173114
3667
101189
2516
42873
28048
18700
26445
59573
3216
289177
102093
131074
26829
6760
79726
35442
136139
589
20774
20973
28295
7529
19953
28014
71064
27795
139373
8134
27334
49877
121102
102063
69434
14095
12606
55507
63665
131098
20673
76346
10423
49444
91462
91016
185733
12960
8069
71603
252983
114361
53476
26534
75882
1212
132953
55326
14030
126184
10483
71712
20642
311831
242452
13000
93730
56634
59900
96928
20827
93226
58640
42990
27843
154451
52297
96950
28188
48761
17234
71707
19431
47639
51745
71271
28257
490
130945
13546
11889
56606
346569
150510
5097
121468
1830
217595
177770
27981
403
228918
7886
6789
110551
2894
136931
60098
55327
7482
2402
71819
21701
8027
43149
333
7744
179001
96876
75878
64896
5821
22694
20732
354475
5818
65566
20698
95292
51750
48011
5808
49736
121303
229651
151952
92145
57942
469
7550
41537
25171
59550
48537
26385
20638
17836
10661
97347
30444
55331
41560
97235
7397
48684
299422
52870
54900
41497
55538
6172
230023
47616
27338
422
61515
97753
42868
49525
20273
1824
2903
289490
89684
27882
264786
24924
26812
704
4073
34317
2984
13942
26510
26780
23222
41641
8502
18987
29609
286268
229740
71177
7642
346578
13376
28058
60356
71367
7942
568
27680
92975
229639
43205
55109
24466
21380
8102
20715
42885
96792
7675
64564
20853
1799
8286
95301
141209
71730
91962
56572
29840
42995
20291
8176
112531
121697
37687
133992
30448
144544
149692
38278
80333
71038
98414
71134
152252
3895
49755
42887
23621
35368
48647
7857
347265
59683
25189
22470
2409
101712
2009
139182
27809
386
20749
133300
121017
52246
74479
17963
64476
92364
44442
161866
24946
71584
148109
116281
20828
153771
41688
329585
3949
120228
58120
98287
112959
64114
136701
68811
134668
102748
47685
155844
8306
52221
28302
152381
41616
49773
351
3656
19519
92472
13343
55255
143803
6162
94818
52821
71958
69745
121286
19622
55450
26788
121491
24838
26020
19016
340914
424243
365
136658
240745
20682
277497
161875
311812
2088
28064
49579
77398
12184
55351
148559
224984
10526
101158
17618
71011
22044
143141
1950
59572
8181
161302
65329
96862
57930
161455
64714
51943
174289
275537
27227
20080
71027
20141
28446
7265
42912
163021
27982
47615
320
2039
10104
161269
30419
54772
65546
26710
19334
260013
347225
121350
121498
48653
2839
55592
59565
142108
28927
92792
594
3415
96407
41204
171067
6814
153103
216321
19540
7296
117364
136965
3287
120566
19432
27194
34014
7969
2347
173983
92561
7866
17588
115277
71147
130275
269920
134551
7576
132942
109352
24943
141015
26521
34007
94123
7422
132960
28591
793
97659
71105
162241
135286
99955
91098
93158
19417
139202
124930
70944
216837
143142
31597
26504
51
28050
25377
20612
7894
32014
94579
26452
223566
59534
100407
174381
92413
50791
61239
151284
55604
5858
96943
134368
95206
124961
129672
53497
144860
51713
13351
49493
55683
126212
65243
143152
125772
149148
357655
154297
213383
125960
37227
60310
98424
115250
2885
83785
315347
18966
55744
288415
64205
58940
149227
17833
1818
154070
136915
281593
5837
449
192119
91567
14149
178879
55065
92981
20810
55299
51767
48694
134808
121045
51715
53503
94124
202063
45583
153420
56397
12795
312671
93285
2337
359947
19304
51684
12925
134468
121083
49458
70890
129643
48830
90912
2016
27842
60290
134784
53496
98446
75217
100324
136851
93103
71326
35616
190693
153425
52290
14245
174316
98438
64281
55402
3940
46899
7312
33350
49844
93129
91888
55112
7829
4409
34692
26638
221564
20423
229943
148612
23564
53499
139053
25695
8007
129796
191372
7564
129642
96952
36208
199909
2350
61470
229649
98460
27783
73698
55461
155845
150333
129793
36725
240608
102245
9330
101820
109105
150928
74953
8165
190493
79936
27883
100440
120614
49028
134442
9472
71248
64825
156773
59568
228719
120697
91600
69422
120224
156948
36317
71318
216275
3204
4061
8227
50896
12255
24934
10520
64473
79709
55587
224632
25083
136863
2071
92411
728
335004
150933
66384
129771
4222
13
19480
51846
153894
27812
27890
4069
7968
130529
97055
56766
28608
55584
75839
198302
289540
299374
36403
20092
213447
75123
101830
7344
134330
54895
26850
7257
297
257065
1969
26870
216277
120560
93445
126183
95351
8287
27382
174385
18401
65804
101862
1174
3674
92117
28207
120089
55424
14065
526
99333
53484
231166
289539
140800
43054
150575
7441
15041
53004
266522
72015
64068
121759
120577
24896
7976
137539
213457
48674
56811
121507
23272
64723
202094
49000
19633
3622
20594
28387
9147
148735
7804
71695
3714
74950
140651
30950
55741
93997
287408
153072
55521
61268
155819
50964
45706
240733
25161
43680
144625
78232
60997
13048
27686
123723
3411
43925
7960
52300
230095
113519
285052
55539
70745
7454
25916
4274
270051
116233
35481
11615
113445
3284
2042
55263
27764
25411
80010
61208
6928
92403
94373
142278
61187
61520
116442
51051
50663
34389
20829
121552
190603
42949
19373
27854
53448
17868
25491
208573
409
17587
65060
55285
142302
61039
125957
48798
51754
113099
5779
4176
64921
51859
174141
7820
41669
51789
130951
353820
123687
98418
174389
19285
74974
6781
316
52999
20113
29185
41469
177736
213244
56576
59817
131064
7522
686
20850
7568
26766
17018
132880
59567
174345
66696
65792
27052
347357
17433
315201
71544
7380
120778
64953
10939
121222
92012
123685
228713
55358
2073
7805
25190
121033
71827
120201
48515
75737
139187
8116
413
131011
10043
223682
18927
13563
29450
19026
71661
12032
19723
123679
52326
8175
55624
70804
3620
13884
134478
120568
75042
80071
59685
204844
128866
68861
153722
29743
53775
33113
447
58265
48742
17811
71643
160964
27298
57886
91841
65558
518
12899
41854
315196
228717
149071
7187
26381
114233
91974
27312
25149
42181
20536
112526
136604
26835
206208
31268
126225
289404
256572
22162
51947
61197
56777
156807
20220
642
97509
494015
30942
159614
133260
24732
8183
99149
216270
90995
71385
68855
27739
141245
36560
303718
71554
27399
17864
17536
75221
184296
213237
71321
55265
152242
22474
136759
126187
19298
95468
71426
97585
7587
93053
42843
212903
26588
2931
27653
139218
55775
208279
19553
2395
70271
19532
3
28138
152008
282487
28952
6877
520
148565
72005
817
104046
94250
8250
53561
19542
31693
7778
173150
20854
27285
52296
64604
74105
136716
33079
150395
1903
64806
285066
147562
346568
66491
146832
118853
19414
48739
26808
8065
20996
9825
51743
24851
55911
94453
26364
104058
4120
51739
41108
158184
301788
410
62628
7620
71960
129795
19731
14056
90906
75030
27404
7861
25935
71717
9202
2081
91882
17821
7899
177716
3630
29831
27384
190492
129789
20658
811
53565
61198
11024
311138
297835
27875
64705
19773
3410
159219
212582
136602
131031
204837
51783
59577
20445
23427
26135
149130
64543
354917
103509
116236
131080
22255
174341
312491
134738
25067
55251
55391
17918
174192
119518
267646
65343
311220
55978
330561
63679
7260
114232
7644
49507
228708
133008
19487
318805
221539
7330
92936
4159
27020
93012
96546
150738
299685
97165
24994
28022
92945
29749
22056
14070
27923
412
65330
43254
56446
130615
17534
18979
27730
177796
213462
1390
24878
130935
315291
47632
16826
48809
59120
37616
92729
10732
139329
230153
74940
177788
1780
157411
14424
808
48716
117461
285710
75937
136887
65569
4149
16981
70559
136659
93015
45547
95
137384
66503
71269
212524
30814
212433
71758
204
71216
13652
97154
190517
674
120549
7654
98426
139174
125982
2884
18340
20739
303806
59200
55506
121489
184666
70993
235562
119982
49742
7247
7495
19975
99984
129729
49819
2434
27416
1296
132941
39935
41500
184653
27903
99152
71773
16710
3535
55394
91138
20527
213157
2585
134916
71691
128612
135861
231080
41713
21105
31868
7541
242004
84475
151019
212509
71676
58298
92025
104005
119560
71748
14046
89683
42916
18844
48820
57526
201243
13053
99954
95412
140808
90980
116401
120583
92710
60950
252
238050
1796
27855
26735
134730
125049
50918
24956
14035
96498
97438
48792
74993
74303
60301
26592
17804
48659
25217
49726
268398
147517
22346
55283
59539
299445
164527
32068
311326
65262
55606
245132
861
13486
13328
311153
238497
333616
48760
55310
13165
781
19501
149042
6334
150808
39177
3183
4175
145985
143761
121201
49561
101518
3242
71652
95326
48794
49909
65556
126148
19659
415
42886
140767
3166
121803
590
348412
54622
26874
17453
4151
136337
3179
7505
126292
7107
7356
136671
50900
113398
240736
26807
1840
19448
8015
60305
155380
174447
178696
99748
221563
23463
7611
19012
48821
281077
64588
19680
8026
7630
64581
146258
71689
19362
215831
56193
49438
13924
174139
113259
282503
20094
32540
304839
20743
51796
55678
19998
64447
55485
37740
13681
7274
71761
224623
23442
9720
7178
316243
63157
95207
102226
54938
58148
97201
202775
440153
26561
55250
213236
92173
294529
255065
47643
11539
60985
3208
23246
91908
114086
7794
281079
213149
24278
88307
60396
3928
19574
53014
98073
148581
174158
24608
7707
151511
53023
64180
27715
61335
21311
42982
43830
125850
235
60034
5103
93021
3995
58073
28086
145464
23861
71425
60299
44991
7381
74578
120330
49616
48741
7374
71158
248683
7966
48655
9338
27908
134844
101877
55465
4011
71013
7384
148552
341
41806
1191
20779
35631
137572
113219
64217
13172
311107
1439
52843
11510
93074
7474
100030
687
236242
92755
151700
70915
162000
135266
70851
118781
148566
51741
48648
49884
200960
58260
13333
55850
139137
59743
225576
136654
299142
92247
143745
216267
95600
25286
150387
6266
29878
26519
71692
27357
74915
71153
299733
55304
12419
7468
65652
51685
39178
400
207327
151681
55822
71135
91021
61371
19014
27918
95972
71815
56198
97031
70932
239886
148507
61750
91400
92417
71778
13310
48793
120514
55536
389
53477
55512
136101
1870
127413
21376
42993
8053
26564
320263
150831
302344
54962
231127
238467
161330
135448
75281
6107
26329
117839
18983
46155
55295
3232
134811
27978
24944
7355
54907
19653
144760
24935
346567
26330
71236
19725
134728
255852
8162
141220
74923
49184
240192
38067
130930
28416
121475
204836
228738
71890
41597
48134
59114
232782
48643
97653
100413
12698
148737
65577
25552
64720
28111
101839
91922
143148
231082
100648
34470
219045
144144
317987
54912
150893
172673
4109
4014
14115
92214
55695
133371
51786
55422
51897
121217
71458
57875
7414
13941
147398
34424
91137
80621
92420
71075
125983
62605
101869
223675
17882
28495
65282
192624
26357
35371
97225
7908
115272
53120
134847
11790
178908
461365
36281
171
51730
43308
144895
40356
63512
354840
55322
8639
5112
213257
74791
792
71688
58004
308667
93115
92563
17535
54985
136894
159935
85299
156212
26359
28239
229682
213281
3680
212211
96
7528
370403
9784
59560
70884
21383
99949
19428
154038
55572
133280
53465
55127
156358
64721
55330
56251
64277
179385
97412
1871
13985
18364
100779
143144
68818
49047
19531
51858
64449
27222
28186
3161
7949
64727
41605
178863
4086
52430
43030
96562
134920
92251
20786
124941
84325
71178
9238
13074
130907
97371
4504
96983
299369
134466
143726
7271
145541
75009
310729
92589
48720
7458
74972
99745
19933
2454
178963
72
26589
30411
241723
20751
20618
113058
95790
42908
104130
139421
391
43703
335
27710
147455
19425
25761
144698
7578
115423
49509
18737
13028
65419
59593
71749
25041
13905
6035
71001
27392
340912
136692
213340
62678
345965
96902
52975
7731
120113
55867
208346
269913
25124
136129
3094
39417
349362
75784
75061
16843
128908
48862
19915
13004
54652
52210
59908
83231
20268
140431
46
64944
98687
129073
27747
71581
25234
217976
101883
140887
129066
220948
2922
8190
133207
67999
34038
51797
17845
103517
113409
190749
186548
39031
301386
121016
184336
102249
43728
17794
104051
289398
9111
92740
261218
68801
32717
11281
51881
71438
233521
43316
125718
75238
178490
213442
3082
215510
134458
73
55640
54993
96335
60318
4715
95330
346456
224612
27955
62642
4225
51703
98448
22048
121200
170535
144898
13973
318742
7368
55370
2242
219332
84458
136664
315301
7252
57318
51945
121295
129664
211857
43884
19240
147650
4006
220367
47327
44437
213365
50714
2786
8021
213461
27374
103989
211493
101831
25222
139194
35272
64210
4140
61540
4205
64788
4018
49595
37046
347318
96972
60988
3052
183861
156359
9300
65189
96934
229640
20326
64687
7280
26216
100037
301333
26559
26491
30603
55511
160580
29834
28769
9231
7878
27675
70841
56629
30253
63672
224499
92114
249502
71716
299368
2464
96590
144852
78702
213252
13056
48784
94095
30535
100796
50997
259501
338895
1291
16584
26207
70836
233352
150678
53792
70852
121042
77400
93
27402
1862
139070
55720
20252
52039
134337
70999
28451
11612
30633
55825
238455
26418
52251
274406
100439
229917
60315
129788
23106
92088
25402
3970
235496
52331
49067
17
31702
44510
103527
154026
104029
134463
125987
64240
19499
451416
71086
92660
697
7625
25179
75944
65248
13637
46282
469705
8645
54810
6260
3952
6115
30788
3884
96946
126856
100577
157142
31964
10313
92227
10739
96954
348409
69018
60466
28222
75824
53573
139225
121129
34466
229700
50903
71113
28231
208283
153469
60998
17048
55259
20625
78832
71580
51726
121188
3203
70811
42893
90903
385
24927
92326
3614
88050
23897
71847
103532
144359
129802
71311
139370
17910
55243
76496
47678
135882
229674
3282
6997
4199
154030
7591
148381
71106
98240
68862
161215
113315
19743
27708
1825
145385
54909
136461
74910
75036
93033
401
155824
57468
353689
91062
103324
91488
346644
48824
49621
309799
125971
3932
11558
121104
7851
71313
441424
27120
3386
51766
92044
94129
89687
53908
97120
27897
112964
241735
71084
630
44441
72008
49813
133272
8292
109192
281114
288254
89693
129942
3268
85467
658
269947
7666
542
59382
52816
71212
71433
13429
132872
35667
158706
76527
230062
117456
135454
345866
201683
20503
28142
71306
120428
99966
159752
246130
96798
117378
113193
269918
72021
175229
27693
104034
3477
101873
19714
269892
3423
64722
3283
99326
78833
22744
2761
24300
188359
202065
24973
240619
619
48806
34436
426545
52224
44461
133277
221981
54651
21392
3637
43211
229897
151068
38005
75301
233128
132949
121043
356
71152
92150
96949
14061
351358
55329
121038
64977
6125
611883
229744
71452
213246
7836
27620
71790
28744
9241
50914
97508
1345
130098
212376
55289
148615
133580
3984
285556
90898
64602
28587
97766
64196
40162
13131
55486
368
303923
185777
97086
195511
51996
7211
62634
20977
71729
12339
13579
9319
315548
136876
8010
61206
132954
247966
805
8313
130527
7609
267452
27881
28357
75600
80100
100415
79953
104006
24844
91216
65168
92711
125972
56657
367703
70938
100012
157064
56395
174023
31833
136977
36008
19409
92758
4139
116276
7842
129730
184379
8392
41288
53442
152763
7555
27945
117490
13006
34706
55770
6818
17104
140541
27641
353034
34928
269890
313754
7293
31277
35619
188498
49320
135813
55516
64258
202451
68823
134251
80200
41906
269999
652
61016
136400
8224
134242
37258
68268
64552
136985
157229
102054
120537
229659
419961
71680
240201
229975
23318
97140
120422
56273
101845
52923
6859
149201
91903
128892
30276
47620
29458
301967
59692
97193
70803
641
157068
96055
79841
69605
26734
230603
8062
35595
120548
9921
3944
58699
64496
288285
90989
228718
92476
28120
148568
31149
1804
50882
184292
59548
19295
8612
22843
71343
466477
28717
10250
52227
71087
68872
212900
20770
52285
70911
17715
16942
90936
71079
281393
75787
19560
21727
60140
64113
134832
27354
223688
7357
55298
17948
71088
289324
8108
126240
28397
174171
70833
71252
93028
71694
191378
171077
8136
213248
27872
150037
27005
155220
32069
40258
21429
268391
347258
61184
71413
7419
1720
28936
136950
345863
435
97173
1443
132943
246585
55276
51674
143762
28183
587
64153
4194
136017
5758
5989
19934
71654
29780
177771
75892
92335
529664
50334
19001
205933
313838
785
98100
208320
128353
20543
101192
55928
200819
55239
27177
27043
39204
15223
419959
8034
358757
52496
27670
136142
258204
148224
134340
4116
97223
363422
55550
121581
58332
11153
99346
22735
97
229905
105673
357612
158506
96835
221531
145399
51935
6759
11470
48907
48544
152587
71085
55753
8655
28382
28018
120597
55863
64134
3090
229685
136072
1432
14261
93002
48795
255754
92831
4301
395846
121978
33976
274439
52209
3300
26998
213231
142600
7369
71573
6333
3195
121025
7571
212084
453
23147
60037
120529
141221
29904
55500
47114
24486
64193
27907
13003
186520
147447
42846
394491
135466
57851
19567
7811
30
237221
52303
3433
19402
113022
17643
2412
8019
2490
27389
279948
208394
65283
6819
127129
10045
62636
11115
155856
19952
91095
19876
1772
19658
120315
91154
71396
8061
515651
28601
19702
9968
41839
133708
48561
231072
60470
2303
223671
149127
123771
1768
65823
121357
121225
129813
11323
1496
2054
90951
213386
212231
797
53914
163611
19990
131119
16628
147432
61256
93700
12151
213438
149733
8126
27423
26511
87481
121499
28141
135886
31570
28703
7996
55116
178941
28123
71364
38817
37159
331
229652
2618
240423
19736
612655
27798
110848
56212
7986
17909
229935
71202
184306
92969
21159
17602
71665
94424
12838
218023
34423
144853
225425
184032
397364
255851
30238
42257
27397
136603
42858
7659
48536
94556
143800
5906
97356
55531
174222
70924
56292
406
64842
54955
55887
99443
534
92317
7588
2005
91360
33951
60535
539
96503
49756
282630
19382
75507
53550
92486
19325
52298
53868
68027
64121
249957
48774
213259
120099
190761
139468
238918
42270
116757
10048
64907
190514
238507
142264
49527
24811
7735
144406
34455
79741
371720
297890
55626
7398
150029
148613
130632
91986
147574
51697
58267
235297
16717
184160
13353
59195
26539
222502
53501
59553
23629
80895
93343
134235
14007
96753
120824
58297
71634
4212
27094
71205
355603
133304
133578
159273
41767
154485
70973
63182
10357
315274
130888
4776
65157
55311
9118
83696
61015
9408
6792
48656
65576
177723
53129
113656
486741
21144
91980
38896
136633
37534
21308
7814
285080
353
230596
188454
55343
39181
12988
208328
26526
133306
141097
153789
56633
311156
132876
45682
302517
59810
2241
259160
41738
10066
96742
288345
51742
27204
272730
34026
53495
3400
26154
129754
135871
317907
12343
37772
49589
63
1535
25203
121158
108594
29897
31811
58145
65250
14249
143718
3933
96494
161651
143653
12470
64749
122033
5842
30306
154523
41254
120821
240727
13437
144932
27313
233401
10153
139820
7395
56199
30638
330597
12997
302443
53498
208651
159580
191346
209373
233179
4179
25686
97534
134475
143861
148717
212861
94133
19565
30570
213256
132952
157022
213266
53458
85568
23347
6795
34985
56660
49521
15066
13294
129143
71767
61675
124944
154476
56845
2956
146848
72293
99936
9588
134710
21485
17929
177742
174157
37486
53453
213500
31706
132869
340286
16882
120572
7674
37
74273
55364
120932
202522
5812
309775
22176
51933
65240
350188
204424
51733
729
55488
133361
12868
26332
348025
231076
55642
136810
19654
55529
67058
26535
19513
9517
65612
152232
212650
58160
13992
50777
36769
52287
98457
30751
3370
116310
65165
129120
21248
64133
28028
66679
10561
190696
7196
76216
65173
275220
21
78571
38434
24867
74224
155892
50664
150397
159735
134336
8682
9654
124962
120509
240956
4326
311848
125697
67078
233101
27260
388
64132
443937
377326
23410
279649
227473
19698
210710
7612
136684
55652
49853
1821
95408
19423
7354
502
402329
144929
37892
959
28366
147516
3947
136879
187595
120635
49475
21577
79209
13361
743
1865
17778
277860
134239
92491
229903
139353
48671
140055
120698
123205
80597
222450
303
7199
471
91151
213434
97661
19551
27700
281594
8093
41572
11502
120085
3243
91039
136675
64106
95714
10873
228711
22197
7640
43210
28098
3925
113622
63177
218973
16716
53266
219887
20087
399
3683
9584
123755
18918
249504
12331
9034
76028
43329
144549
148653
7352
95318
65532
29882
211619
466519
238172
283483
139391
4363
67884
6331
130180
247799
8044
41546
21154
213269
21142
112225
59184
74616
96938
135321
48727
208327
4104
134681
353649
397796
29717
216848
229858
261108
28097
5777
31386
42892
129724
230609
139171
266562
100485
26382
288350
75429
71624
56252
19359
60048
136648
91038
121015
3493
48961
52503
19838
96996
3162
3199
210648
311862
174150
300328
92000
3087
210138
92523
259425
19525
97446
223
71185
229995
64717
58162
8254
64148
3316
148944
212063
288236
48815
408
39388
49418
126008
97442
65335
121521
7393
226523
26864
147873
92360
149627
310480
286836
70971
130336
347740
54780
96185
13505
41686
150573
97658
217186
133662
161303
2606
75209
8772
86
19777
139426
130524
139216
19757
48759
70003
120524
55548
221334
141039
4
118025
626
12583
19772
74914
248773
29258
98439
59834
229742
4051
71524
380118
10032
27612
128204
56685
156028
55105
4115
71214
10106
93279
99991
696
27279
2389
8272
20939
13292
27383
82436
231162
58366
24830
123254
8932
210310
49463
43498
93071
64758
150931
432
206330
121157
109844
593
3169
140218
298667
2297
143897
86950
192
28353
55593
3421
21008
51813
137593
135795
65254
145709
727
239282
55603
53482
154353
155315
226281
71686
29922
125741
4295
158427
100680
182757
10147
19401
8105
26745
26632
6362
97105
99989
29716
13398
25794
2945
161266
154557
20664
168240
70978
143143
5882
25394
26731
12835
27877
177725
116258
18853
126252
173987
20676
141495
41937
128155
113268
8008
70906
103382
94120
79744
91376
18846
142480
172930
450810
126278
76
13189
152768
125774
71419
27235
497
92708
178854
28071
59682
60302
19580
35013
13010
19712
49831
140445
27321
19740
44291
128764
27487
42594
300903
178969
97064
180870
459
94101
51914
24449
136003
26820
49517
357867
55983
145143
95928
32055
56861
329882
27690
80064
134483
100034
27867
212653
374
97724
79474
191517
27801
239001
20170
56516
213263
49515
48997
148624
52284
1786
25123
129626
49582
65026
68846
4290
52922
3915
7542
28177
64992
27846
172472
231177
133815
259064
159932
184244
7919
43323
54764
363
189535
61098
44456
12864
53087
208650
99341
118575
60991
47655
40074
84246
159
57460
54827
19498
40432
150927
49409
177758
212769
59006
24833
29670
92503
63953
55416
157143
99976
20577
112976
331917
455
7513
136896
23118
100449
27778
1770
123740
95863
57655
55838
20902
488
2921
47658
98191
51775
55716
240712
145293
223518
184667
64707
22
26863
37746
432851
60088
123667
156892
163749
40128
97254
185823
56663
91530
49454
2889
19378
55842
19708
83895
47716
162906
541507
128173
159491
404
179384
109404
32966
29293
13442
89083
131079
150010
126249
64229
129099
51693
48
149913
302934
56018
61289
150567
7460
48762
1803
306
16928
26361
129732
12435
48326
123539
48546
7504
47938
99925
7906
150841
148948
49881
147420
173100
23733
208144
2532
2622
7873
7346
3429
29352
91311
29323
131109
55553
61661
51784
97181
7696
499
20127
184368
48771
8953
28065
5919
302405
49457
55437
17657
7539
70869
31067
91263
80438
216299
26846
21363
48877
120835
77063
20864
49126
207424
43008
211317
27930
149310
27310
24026
97994
1766
282466
160962
64201
7639
157761
26825
295546
61207
18848
21574
21736
125749
1909
56817
210550
202716
119462
174233
151421
10304
136329
17064
227346
49437
98895
152267
202112
148339
361260
263
5825
64902
210162
50906
5813
158733
84
2399
178984
134607
39330
213251
136013
120096
21067
9817
41504
213459
14571
24888
29265
16703
148603
92984
123111
212876
92958
55264
82567
29686
113903
218970
93036
25390
148857
209683
19314
188455
56318
35024
75233
643570
74421
213354
73836
7699
98443
31326
20242
55408
476
65069
345820
26585
24032
28157
89706
143220
206256
153872
144945
71150
20740
427721
19781
27231
55542
28830
33913
17801
152926
1934
93102
134544
120508
110428
98408
39854
14256
8634
174252
11255
70530
3408
226165
139209
6242
222501
2709
31705
53568
249869
46992
76738
261300
23910
20358
129660
75277
205860
121634
216272
50
7592
227
8013
154555
30443
134729
34773
112963
55392
155309
355608
55301
91559
13908
156215
91014
95925
59126
238512
22602
53521
118502
60541
97591
23921
2973
228
20194
177759
202118
13112
2780
204612
157213
357019
243
66702
121179
31883
20680
19931
296
66
55689
55525
155959
64732
133031
94161
74799
139332
312248
26631
25064
8074
191971
131071
2141
451384
96435
92104
58369
120540
2935
95516
17891
55489
27878
22760
22027
55252
32595
2999
99781
68480
4000
496
24545
269895
202110
50287
22824
283560
64917
97383
19386
125975
392
191677
92254
141208
23789
6843
72055
249
55373
51704
223673
103303
47809
65530
145383
2873
3926
199423
21542
101609
22328
74780
49614
1289
55535
29118
65655
35414
63786
259076
421013
58200
208280
213351
320633
43811
53093
49861
102213
92305
139192
51682
10151
56220
129173
439600
152671
133287
2883
68371
150439
53089
49921
17590
11096
206258
139471
205052
129165
143795
121527
53174
49524
151
4125
229739
42834
115287
2904
76190
173083
133571
61246
129083
47832
37543
66443
20306
19718
31187
51496
75658
154438
202015
170120
218562
222356
460060
49537
64910
75216
3494
47338
27049
14253
3903
257064
49533
71723
221284
286837
20832
204851
460
128584
363111
83238
13747
31
19591
148056
52482
149
31802
5797
386258
63174
3917
22374
19263
52120
40266
103582
145396
21517
7450
51939
576201
76130
215368
58
36728
179839
162839
184937
287345
419975
3299
7347
151512
61251
62761
40565
269903
47813
64932
953
49584
133583
16705
151216
52395
380
301428
257060
595
145030
787900
6354
132934
97291
395
125750
172403
66650
29842
184663
185930
259248
446279
174114
40612
49496
149084
542250
80655
140617
8463
147414
11194
30491
175172
18948
120521
19555
21197
92033
281100
28663
89397
31593
49770
237729
147415
27644
37924
187254
1006006
25139
133701
237
125740
2067
1126352
94255
358
136827
394
54802
49513
582
72026
229238
95343
388589
151734
429570
149211
3420
2362
65327
177920
550
17793
150007
231904
209587
40411
24121
55027
3231
213401
388882
325
148285
45107
336135
28150
58338
393741
150806
208364
121594
119537
152245
281119
54265
71599
56467
23655
101618
210294
92092
17805
300420
133547
6761
6148
217220
261832
75798
65326
153745
133700
69017
16998
135325
57926
296636
24861
3486
139089
524149
4631
293961
152640
331935
178936
6765
13374
125009
427696
96894
83605
183834
264932
109220
237236
71656
114273
29830
16708
397742
96153
156167
109061
151309
16993
1866
135189
40544
26751
184657
57929
6509
3247
130344
26776
17651
10818
50901
65666
71298
20198
74198
628846
19456
139798
65562
32395
530
152672
53075
20155
84159
32067
315256
59150
54812
416775
13544
19940
30691
139968
93929
358296
260407
68836
58163
19801
143470
20626
96602
64194
10581
63513
92706
16921
50961
28399
120672
258985
150977
20838
54943
758913
71708
231130
50847
121167
238508
141577
174353
156357
289511
26717
59872
346629
213249
58379
95315
140423
135465
3876
92482
151709
461376
60540
29804
66585
20687
118459
9758
153772
22228
154319
139549
92568
10493
10603
19628
94035
125914
155812
16917
551856
64453
92255
2792
387103
93207
53065
163250
249938
157897
158109
25858
71706
173986
97050
2298
19704
69483
2950
1708
35460
11457
7379
219051
145379
64517
27936
277262
225073
26797
73276
144845
231087
49426
6868
210584
76511
19453
154323
6758
13129
37835
61510
27745
320246
480
65548
7461
47796
203082
21344
148750
96614
153419
64927
498732
53459
63668
240731
5991
191783
68709
20149
298618
280345
721
425108
131070
121384
12495
150654
21332
287511
12987
3584
116325
132884
59584
139536
2224
402682
80529
69919
57855
222126
18453
230000
7972
22774
431092
144775
19625
77
918
219877
52291
8066
7864
57445
49460
31545
92096
157117
29921
29692
221693
18870
20738
157962
260126
45652
2417
16951
19724
142272
11365
27876
517
43049
1017832
231401
58166
67201
59735
78959
135679
149608
27211
64841
2583
129843
71632
101452
155975
55390
64287
240652
157153
19463
3227
101555
27214
208340
348038
341240
217
7473
58669
63834
150974
49808
133461
139720
84161
27099
154059
100016
627
28393
1494
99951
223678
31577
76609
461918
155661
3168
71041
71349
1072
1027132
19331
26869
61205
736861
49417
50488
9043
213226
139405
52003
71092
145326
70020
19392
1133
131010
44588
244074
106
3321
31728
21857
145353
128102
816305
150692
79400
50884
71737
52869
5790
65560
58151
120782
37814
546
384762
29320
100051
7812
146679
120006
68860
330
115283
40353
145739
16938
70812
294271
20238
360603
126011
45775
26507
153104
392828
160392
58003
25789
26684
7962
4311
22505
61317
3258
70290
58108
31843
158420
53924
156351
330588
12581
769
152266
12187
705
8604
302403
120579
154354
83197
157957
141542
26358
152399
439
237233
401455
71724
29662
494018
140748
14264
503783
65647
54762
95671
95952
174511
102108
3233
97343
19697
54775
315309
97274
151926
173981
58336
28604
136939
27255
121292
18090
139348
71179
206207
1609
229852
191057
32054
104004
31330
18083
906458
149312
185793
120791
58333
148627
60903
434
26664
417
52218
79499
136620
223724
313758
153508
28938
207
145476
2306
57884
419957
576
31011
92328
1599
28580
19968
180292
16672
130885
240741
74742
326819
19440
29057
70893
460029
121470
12256
38897
99786
70715
59614
20768
536
101900
56176
3448
69004
102150
123148
29612
136937
195207
104138
108776
268807
125816
229921
134585
22058
121285
450874
93640
378
135453
17094
276786
20020
288412
91143
317138
156210
81569
184664
71486
179
52987
92602
140441
27406
71175
74301
71877
358519
92235
396132
17696
121334
13330
33428
129634
271639
160
158667
136622
58229
185010
908228
71798
254196
254699
63058
8240
170942
91511
120531
230619
31859
150566
150388
27110
95159
49505
100513
46283
65525
120199
3520
119067
299773
44185
88063
3248
89719
249343
136506
515608
26493
91215
71805
57982
164520
140056
189319
155828
27003
112550
1071176
121202
344196
281117
71751
49740
64919
70914
325904
204609
52361
27611
99468
65032
129631
120761
101821
77577
142267
154431
20345
90976
31385
94632
394397
202278
191508
97134
318717
91909
92615
147388
9148
712233
289582
1138
144834
57863
136613
446049
49022
152244
152635
232904
58104
19679
217151
20729
75377
19621
26132
96114
92845
19939
664863
229664
19238
223756
102684
98727
133030
142169
91984
30230
71813
64144
101432
116337
174441
309608
229646
72188
58266
188878
162356
31509
31703
228746
30303
26383
149051
10227
240715
153578
54808
585325
336040
2349
513809
213255
28024
16915
31655
30657
52863
263085
2416
60544
12267
293035
50893
157074
889257
64712
3481
1227
64699
19710
675
19571
210370
145029
116285
143760
152631
26750
1017191
144848
147245
428885
7643
42571
261906
46903
26984
91966
95421
44265
25011
16718
10115
134513
218826
352396
46498
17835
175
70807
149038
64520
362276
70396
470803
153851
189631
238272
228479
351170
19652
49419
52900
31428
65107
92552
57706
286229
97210
179040
16621
37775
54613
133377
127132
99151
71257
118540
30224
248730
43305
26832
51758
402603
18061
53896
268379
155317
20792
64125
70912
144696
177708
303801
68824
49655
172672
913507
17605
10221
7663
67634
26408
65
229877
124491
64730
60030
68995
43582
19085
23513
164794
269888
59077
451386
23968
28987
65541
161390
466
19701
123763
110064
109186
95991
20784
6931
121090
98119
256542
310732
223593
133548
506
52650
302194
53479
317540
126199
270227
54666
75759
70894
136693
231370
57980
49852
354828
64162
132936
144766
19645
198517
134894
623042
222340
21295
296602
29436
5786
528
200765
139397
476872
2756
148699
29225
3130
179045
318791
259543
26414
45809
123142
37984
271506
431412
30460
221980
267621
43838
130182
148099
66823
52432
6771
237237
136382
52972
222434
131449
286210
27652
123068
1106508
5860
283383
215330
131434
37525
235372
7185
120625
134186
2243
281078
17743
592
57000
24880
54940
29907
150877
358090
22367
112571
951010
17931
753
88342
47561
20289
91237
2483
228728
58226
154018
219286
121423
186048
155660
91911
31400
91087
13616
137339
54758
382701
388277
143151
121422
600
292139
115255
136803
155879
94130
148597
401743
146147
215335
155978
178524
100754
64226
302031
178328
68289
145395
417283
412117
155432
354466
350192
27808
141818
272528
287124
510491
3666
30875
51273
156966
183862
482
147853
286838
401163
152227
156055
20304
240422
20799
29957
283262
264609
107231
276905
190559
57496
58149
31037
46905
4343
277549
303622
187370
31699
190459
31692
92857
112920
408985
20168
121176
50813
146091
131118
136087
1448
21405
261597
4237
134968
20914
436130
25913
30949
24246
104236
40273
33429
14051
145
124933
40549
74
104154
216378
17078
28490
190602
3564
556570
177704
178981
92795
175139
85
277846
546004
383418
187324
61118
64173
97271
246648
223703
61031
123118
20191
49548
10794
120179
104620
18947
30380
174352
41624
94238
70120
70583
370013
184157
304813
30565
269557
30209
136325
295354
104126
20570
1872
78070
369487
37813
26486
254177
302202
209731
9877
151720
21710
75530
151352
248401
139638
276333
14077
31276
218512
180865
82739
18989
20579
19969
76525
3257
144887
49428
1122183
759
172224
974277
59580
70818
140760
32436
92832
262727
31808
219
65650
269800
248260
52276
21608
3285
151870
75832
6820
1081818
180261
20857
50610
143808
19902
257252
222683
1993
147510
24531
39809
397560
231078
259435
53569
56787
789800
129787
875391
178500
59411
146844
55750
50793
174457
294774
8048
11814
95199
51798
116437
27696
160802
30698
173022
252682
43260
50812
461366
135828
213378
13769
77784
113471
101863
12112
3385
154225
418042
341154
836153
3483
25247
216832
25236
451432
139431
228538
122971
321678
19791
19813
744158
52366
218687
97096
189539
228521
220192
129809
298
364385
738607
24453
20945
259189
901784
246
89720
21158
37112
119456
1083932
53566
37839
70962
37591
888879
792863
30436
114389
125764
147546
120642
860001
1744
104047
130911
89080
64197
131122
102244
30229
60
450013
274658
116303
44801
248607
257713
92195
151755
20719
120752
28899
151418
135006
31548
140453
570645
169577
3883
39832
188008
826437
209970
65258
174398
149959
151977
570765
280115
301442
147843
110430
76554
239765
68696
139927
70513
257944
61516
130970
60162
16629
163176
49399
91853
1111560
49829
23303
53491
1880
1869
105
198094
8000
134250
273285
150675
219447
201273
152161
221020
159223
139143
57978
19464
176606
92307
147520
938282
31080
433269
206326
40394
348034
258962
20529
19675
67585
222350
26687
481
30216
159824
93815
71445
29492
31783
20226
141490
223947
259465
37648
40540
423488
140098
22999
239800
132171
20663
19398
191154
1911
48109
29652
227996
84198
413231
26444
309
141551
134763
261207
151217
134296
130922
268805
71080
16706
25066
134460
310262
183909
228873
47686
92990
1717
1767
770102
206211
75190
19768
274120
179938
70110
30432
148585
206129
101525
117664
141538
20223
19911
3222
64524
455499
71637
68286
16698
64562
63922
7565
149623
13075
692740
232545
942515
19415
14117
148927
739097
24607
117547
570418
195747
19853
13325
311349
1901
2105
20440
69724
1108301
204516
232049
43062
101888
23778
96293
103528
69442
198362
132875
26758
178782
53594
98355
103701
19651
739837
121165
1114462
70051
174408
299
152964
151871
94
131100
149967
144492
83588
17448
853
2170
74607
7694
40465
134969
69238
110192
414605
19956
54811
93933
550522
382135
144617
94802
145518
23297
37226
20769
91499
490629
24516
893952
217185
52483
101019
69532
185928
134807
153998
125933
158805
99740
946686
149818
216804
138926
157149
406120
96089
43041
102747
64214
16625
1102592
136624
240445
237004
75228
158246
21545
24898
127308
54259
26410
3358
118553
207718
58106
211280
141804
210679
143276
64507
6920
311137
4112
58622
73585
75730
150619
143435
144769
60931
29047
139214
219895
532351
70578
243327
860659
8012
381878
42978
69080
53808
93119
493799
59664
101011
215347
151979
210469
29311
188495
92616
120180
145741
69058
475858
264666
223541
74276
795175
177705
257062
19778
26686
122726
178662
188379
91063
156980
177942
7099
6309
60946
92125
27075
20393
354708
618240
42930
670340
124994
250406
5912
116976
47781
30235
744135
763861
248620
148
40370
261536
64130
693603
120391
21421
281416
17831
126022
275
40601
31407
9813
660
351344
47328
20763
241742
270844
178532
127214
54774
656335
27176
54823
24167
17160
1030028
63611
183839
1127148
13653
24919
55388
205
65354
96068
3352
273749
59191
102780
99763
16916
204688
275236
996572
738
143314
7477
512
91141
74045
76983
353461
510246
203253
58478
17819
7831
64546
151205
217524
78009
214060
99980
145754
60089
20933
512016
356448
271823
160465
390413
59434
1130252
287657
207640
1070203
178699
901
162958
5809
97043
1115550
26536
117526
95308
178279
16868
60943
145533
112333
19759
662381
276770
95280
155200
222314
102743
108535
20255
41580
1048
402568
92508
202448
281082
69450
390865
145589
1082302
18790
302034
26343
451
31585
68819
277836
102522
27112
24563
979456
207274
17893
54249
120532
70503
60990
261642
1108099
96962
210592
86697
349650
20762
157216
774954
206112
152023
72237
140995
75907
593339
66887
21620
61406
735106
558349
39855
248759
72233
47621
17181
622248
92084
101959
24328
125068
256965
116239
27208
60096
230605
58404
21097
19816
160696
70984
159031
42915
273170
4690
27296
63479
212382
645599
1091068
92607
19788
206139
143433
27770
90965
49741
515653
24391
3403
92229
25077
19350
135870
221866
408235
159883
164657
128171
60992
120184
289243
28647
121773
129881
91463
146767
1034652
261741
174376
267659
81945
1053353
303677
7740
143704
4101
255010
154293
3311
121920
843293
103950
292259
381712
27959
186616
59704
3738
53907
90463
4099
9337
19715
46302
218021
261302
222590
97568
239778
21715
26754
142111
218777
139623
163177
439892
280332
218653
140378
201985
22620
97278
29255
49316
28182
64600
252391
29520
75029
55880
64224
141159
176568
144954
34976
10849
71432
188278
327423
75872
71956
64268
21238
67017
91889
201702
53886
22410
20968
71285
109131
20200
177712
290260
235536
318847
1616
32624
96833
891395
1082386
161560
89781
237011
67316
6474
66488
63521
92110
119567
134253
71678
105763
28337
160883
110560
74534
232030
28945
120225
806294
8291
17984
890368
183800
287394
20998
33475
134637
223687
764
175234
470782
132877
722140
396022
1019194
91434
271142
98407
168461
3394
66507
135288
10631
431332
6763
119451
42779
231160
143924
135849
227251
304988
92603
163118
131077
61017
11550
265564
162338
3539
134993
22142
24912
65162
228732
92922
31729
99175
24180
158308
97006
172969
16969
51746
36242
666
579447
201604
231088
2139
43197
155028
75055
3519
49571
65004
30369
52904
30221
885410
30628
542896
178038
104165
759207
147416
97041
202506
31300
52920
204466
4391
54945
2920
236959
121587
389249
71407
163075
24395
42924
92581
738610
227597
123662
336105
239
31602
103381
55114
35398
405420
1892
28542
68965
17826
7516
135543
121095
436164
25133
56311
1920
152700
30318
4273
121125
143590
31312
228774
1106652
21349
178990
6397
310851
139220
121302
46292
463524
20499
421047
64613
97476
91375
149205
27061
104246
127429
129676
125002
152506
123097
255140
65615
222400
42891
441238
70286
150186
49901
2302
9097
154490
64850
274655
221544
147841
142250
221761
7236
73881
62714
92825
69633
2446
49875
5792
496960
318837
241852
1785
291461
7532
19465
69252
121234
150568
69217
103
209198
67776
686152
15444
971047
136327
99447
125820
12978
6508
69082
2027
120689
6348
7843
809542
1013411
94591
50890
23933
282632
158399
128880
975916
197909
24577
48689
249699
189892
29149
134925
99948
113211
146150
47794
120638
116246
277834
188465
92527
90970
58115
65194
251817
200803
7112
97051
20964
31698
134499
70887
267019
339271
120938
152971
263923
154034
325908
24312
295526
94195
21052
20327
30731
188355
189796
92217
92676
662348
34938
92204
120465
314737
24914
229240
159892
262418
70234
282468
74319
243176
185737
129625
71911
79371
217548
134642
299429
20995
179590
89095
152238
241009
258578
210467
303552
267986
327891
82588
3171
2964
307452
423566
47763
17040
70497
327978
120592
3916
60993
70061
442
113844
29205
29727
65420
240292
70179
510332
573
239416
31557
60718
16860
16701
311827
190804
119981
301787
6791
204842
161282
257063
129744
29691
7803
22107
195949
91084
31348
49903
40242
357407
127261
25785
53998
121748
179457
64527
215079
30606
164666
75929
151237
116406
58604
326308
636970
161848
170249
262724
235819
381387
31846
976640
148132
200244
222630
54897
609437
423556
209217
262192
3286
145133
340558
3265
262110
6255
99329
126137
280564
21711
20956
238843
174801
212380
83623
153219
91990
364307
94636
53787
128198
159332
223694
293901
888597
149128
146055
679568
31675
81863
161649
729155
7741
7113
218543
29555
12358
139201
91855
72167
383098
207460
46626
29829
359926
121096
120177
237238
37119
111514
351485
184990
50781
70375
629080
200167
320365
42057
27777
232429
50788
21329
872697
21479
70516
1055602
69130
50603
661332
135118
12737
43971
83437
1043317
91075
150660
69769
75748
147857
22968
148740
17812
19681
143315
27412
150027
19396
213536
71840
17270
260418
160305
2899
158460
64558
131110
130634
247266
29886
29018
69034
216266
60978
395751
166
12923
119995
99230
129740
174362
633006
498
29211
117352
49456
7961
9240
148727
52040
135640
61220
37232
118104
145322
149562
17806
4092
153985
30416
185932
240412
818
12756
72127
134335
127339
87157
19488
132874
217188
203260
140
150743
160220
301445
1927
234154
97245
52433
171045
402962
7051
20985
58100
160507
260317
16840
145831
31274
36625
347098
19794
187247
173052
46833
26494
97240
150032
885279
238224
584057
574482
83700
28079
118500
150195
125268
14604
483187
29704
89759
7171
517736
16839
246895
555
188323
10071
3963
72040
119276
50808
31596
109
124965
49432
713950
123139
148181
269902
97092
210141
252772
7462
127509
21239
1045061
19760
254137
86402
71107
285675
20321
22196
309226
91373
451269
269503
19958
16841
190494
95572
338118
54809
58410
96420
69614
19636
188694
269810
24206
1073899
22225
260294
304511
157823
30800
75007
19732
92249
221739
91310
62623
14656
147600
129687
94750
41094
148833
275921
59744
95920
26544
534058
17360
184150
18407
52989
146683
21334
268609
117731
874091
123421
451411
137373
135299
39983
68999
174877
358365
116349
53785
31634
27272
342944
295149
27242
1127989
627484
512190
650
240434
162672
71455
91289
68718
708
150302
263568
65175
25918
92764
210298
186968
23644
210147
75415
348021
91419
123291
35671
393
114679
431515
1095103
49425
23780
348272
37779
171328
27031
28381
933302
130
1085431
559
158177
104
1101
52436
94141
40257
95397
50189
736170
134810
240426
773514
198860
45757
311142
364421
487086
70538
145584
954691
61033
28475
64146
503
130618
19691
275337
281418
147395
123105
51714
142889
92724
393054
458504
398060
40350
351775
192231
19395
93004
27625
143320
456344
160483
54268
692705
81868
533142
135056
72205
673170
97272
27162
395070
20958
589164
98429
72054
5780
34721
1477
131046
18043
188311
151297
342815
159633
150599
96096
152966
71039
122714
49900
5781
13213
529
177792
134634
23497
1090884
140764
37230
26567
210300
91910
18151
149653
60999
58131
19961
20834
18550
417663
263719
70502
418637
262757
576317
20165
121529
91515
973808
294280
604709
971989
20525
656
117696
157125
230886
260775
37642
1126153
158746
242018
973573
472608
135421
46704
43269
26043
320099
151235
70310
15971
163369
440154
139428
159982
93431
863780
628473
150736
18267
208547
76072
139631
23133
40861
64519
95582
41983
239725
47715
135010
84320
74826
6798
54505
739716
267167
210312
65260
30690
27598
136394
91111
255953
203274
44051
462
220749
26902
243497
524
71710
117360
74858
30196
139221
49899
126940
42928
119542
152166
476233
64418
265504
58122
70410
20029
259110
31818
1020183
101580
610374
3948
490778
37131
27395
68328
91858
99182
444452
237588
27056
180212
53579
51226
451655
200126
144213
158697
170308
61918
61443
1370
69899
153960
157537
543
98068
148767
1088491
90803
117367
43300
29523
172359
92782
74615
78054
274010
152846
79563
17874
94609
49754
398417
185786
281120
71679
823
24842
70148
61925
6817
163562
152428
64142
139620
296627
438173
1106842
91513
17019
293120
292378
988582
593261
545
20118
33171
133705
91399
20926
94568
251284
69662
679209
11114
395679
1116127
1082190
2114
2625
154023
40292
82544
49309
135309
1019837
70848
82449
276101
893297
2833
578083
262087
190586
56564
5850
606793
240419
282471
121652
215075
99282
55271
821245
838683
68838
269483
94863
72014
70191
304442
30206
858326
285263
31012
1021524
18920
91195
941651
54625
1118741
19706
286436
30259
64565
40159
147311
315306
34029
315885
10804
141815
153576
19785
28954
148742
19829
426896
4004
341879
123110
147658
142808
19018
136626
45670
485097
64763
92814
40461
161679
276976
91040
206395
18969
273
512452
121209
94658
21624
91960
93121
149054
206152
71273
139912
62602
841696
468761
92933
1058118
135295
842259
3413
201722
178522
63961
95339
78682
71655
143283
75509
18943
381425
27127
87561
41779
58068
110210
125941
61032
120542
152921
134328
40371
26628
73987
1034018
263612
7195
151226
146481
521511
49615
42935
19387
49434
145897
188281
40532
189540
64475
104518
124464
99970
31551
170203
762960
146062
51134
17077
678
68820
313805
1052796
412439
27027
52820
39928
476328
772224
146322
153418
71850
19427
21849
33460
3711
271529
143184
102209
106689
146005
3496
3167
39684
1124262
30584
59460
211408
54630
318754
139470
27091
63515
186249
20034
244833
9998
37524
155017
188904
96504
49912
78698
121039
304942
19604
299364
49523
468814
131559
22003
474470
344417
268397
144770
146979
431777
229932
3612
526126
174112
299390
488992
99794
92034
576303
777600
141833
86677
1831
202463
20111
27128
71835
1814
145429
153560
9807
119983
34
43900
75320
172341
144553
64834
43812
978829
94835
28508
145470
120262
99977
917332
58972
98203
24141
242
69573
85961
42870
97927
31001
77343
91200
6979
16940
830
69978
52475
60894
118501
993
424397
139621
145522
364312
83444
1117655
439108
64549
270563
140799
444223
97176
173927
117734
50504
347220
32648
83613
93960
9637
134246
21257
27087
64424
7353
128113
139138
134698
70402
445665
30686
3369
163013
134802
275140
134858
564
243695
529508
271124
292267
35455
49462
71025
471317
266372
196711
231998
126304
21463
145450
954841
338110
61735
151075
92109
661294
52582
264432
144925
256492
2769
1115654
25132
175314
178543
1133867
1092095
342943
21860
229368
252877
205712
47828
219545
99160
29963
31419
136089
189306
1917
49473
6110
68290
26623
264191
35531
184799
94460
116
49415
6804
21094
10464
127006
512297
273495
717
7584
31573
71320
340918
16911
253649
128116
210510
293333
869956
115449
71227
94299
97283
8266
92063
94366
961
255806
227258
970809
220741
52142
43105
69088
70496
979944
238124
26501
40744
61194
82750
788285
24841
120522
40530
44975
150851
208588
261780
41550
456147
203208
271129
142187
7826
6800
1096536
468949
3568
221385
885278
364558
274257
311739
84352
139507
222011
7602
709905
473828
60968
16745
29817
327695
49480
270417
9086
102413
227790
174375
259255
331894
19955
353351
145612
62613
141816
84393
20611
55077
134600
177790
97598
28400
123833
58107
223674
227411
344166
139306
58136
121495
57983
286992
91202
43905
49886
209688
257924
52295
114264
72163
71732
60963
67523
120591
152953
121616
28581
393166
2710
161329
444372
135424
75345
53337
352055
246358
49762
1801
103524
96389
63517
65373
3383
49668
199529
558347
136709
60974
270
7853
281277
57984
71953
120643
145752
64656
246332
143741
43845
50904
534037
37765
3228
28934
268601
16729
143863
23656
19974
255134
3495
134356
216657
44552
575
96221
23741
144539
23510
16736
148113
1405
31418
148772
482451
446537
72279
63211
54
59189
73567
23489
198161
357973
620
694
109813
623741
1050759
324578
75386
984016
21272
145227
135406
131462
6370
20852
450573
120357
135302
20058
92648
1820
552347
261415
364645
357206
154594
1900
104171
19891
35498
919909
543226
64685
92510
9565
745
61359
296008
164280
256570
500883
123725
413360
625
221070
260601
20049
242037
385890
274680
122709
5544
92097
273809
90918
146105
1097889
478996
551
65528
45093
196763
94553
44085
120406
220784
368357
101165
1064417
859054
91361
233244
49897
6168
171432
157146
65172
405906
58982
69433
25012
207769
92883
70318
66783
982284
24385
25040
97258
26645
6030
3471
147213
20108
58141
979323
215900
914573
57320
23525
324724
2017
209588
21119
84692
20917
7963
88048
133264
58497
402916
475063
88
20235
475834
364326
389328
346611
22413
188494
20842
258960
158664
290011
91847
531063
150611
134595
877904
247574
248524
260229
21283
1011505
121190
3482
49522
3920
133508
288215
49871
95059
339957
395783
98011
290738
296021
68624
139240
139140
37250
289353
16997
37562
3340
30265
348435
154011
92580
118955
148436
347331
289351
61149
22442
25140
6873
2421
327171
120623
744881
81932
86520
56202
242387
889391
203574
70988
255230
2240
183661
73745
22668
50050
147389
108782
471798
1098166
451395
178226
141823
825525
156967
7854
5793
233177
636293
109792
159758
95510
772211
89499
151303
31403
71633
622439
759381
121301
1064004
7637
263894
201757
190
104255
20115
969620
25954
47719
16715
191373
10193
23996
363743
19770
58325
23896
244360
572659
93928
266199
457952
934434
146311
208868
27366
29522
84363
477708
258958
157223
137369
809682
92757
96082
31574
17824
163224
69056
142103
265496
1946
43847
7206
47635
10666
71538
12682
94624
257234
25973
345
3704
283628
97932
196497
46952
25229
19647
39838
151711
1113247
124554
30997
65352
56456
217417
167517
396247
24950
59404
96736
71160
108915
27054
64563
94819
162339
416692
184347
203084
7370
263329
40534
139821
86702
20078
639908
51568
68856
191324
43375
218437
61131
279129
45483
41785
1075075
252962
30421
148768
127998
7769
152417
1084786
91118
950406
251318
65916
720991
276522
441277
49
20950
51213
141406
299583
447125
64232
26460
28714
29122
645
139904
103988
333663
91323
114673
65717
278488
161197
13710
16744
327925
318699
49082
1918
71866
1053223
1114464
190509
58113
92644
71728
128805
3545
70837
265986
121760
568197
148018
161708
771473
21564
141794
161798
50958
157345
91199
59197
187594
132004
7697
119446
474642
96940
71934
198
40359
153163
49775
20067
92054
527
208449
2352
4106
97769
144280
681
157023
19965
29768
532590
309917
68863
27702
30571
285414
74549
74892
97297
93060
999779
25302
27233
95670
417515
161953
447844
18197
618499
36442
71019
9997
598423
56237
227557
240437
474153
351107
68786
91281
968259
30724
144765
17616
91305
236897
22447
92743
30678
209303
20057
21325
27458
47842
184095
95328
20771
236742
190697
160695
76063
601
269794
2548
149833
143296
154446
431312
232644
868724
28450
68293
92480
183644
19695
74339
149633
358473
207731
576305
138923
52734
261
58702
783496
103161
61191
95384
277544
92889
20277
57873
52969
20859
42973
186965
20777
270334
165046
198527
44325
291422
31816
3914
207804
259934
92293
43102
71249
21870
71431
3934
74275
1034683
295517
503629
25233
153764
40409
71014
65267
19842
72039
7951
351794
27200
43163
145923
25240
198669
92299
3177
105064
172343
158658
24881
186929
135410
1067881
43267
4185
1047778
156832
31569
52386
49319
42922
16996
54821
879179
64049
137372
96879
227894
93209
29718
269969
64104
118938
215066
738895
1035147
244914
54803
493
177667
127102
154447
9889
203095
20403
1027502
218484
48662
220847
16797
134660
144636
195514
222956
117572
242976
94826
9151
443671
46186
140448
78022
1120846
209084
13018
91208
69068
547
95332
20280
67003
4135
261877
7833
330567
350004
112112
95258
641901
139967
49401
265962
86865
774061
71651
142249
819208
25915
131936
40603
50169
289317
224117
241954
41631
131058
41723
260918
86424
20610
130050
246396
919382
103537
58653
470613
224551
263163
139189
145392
143738
71987
20234
188082
271662
27129
119504
38133
195070
7186
220845
318709
205907
22796
41096
30719
355550
157203
16636
48732
352765
174088
97324
69036
158119
96699
58238
189323
395508
478988
258361
174474
219486
148548
64734
95454
252292
121706
258535
154452
256362
91050
30472
605540
476875
45518
7536
141896
342678
54647
294308
42201
144357
145759
116380
896804
437
257996
18906
161805
1133152
522682
71453
43209
99820
147643
262215
133624
139810
40365
20084
246411
1002621
40323
53437
104738
160708
58164
151225
134922
70017
134797
154305
3313
36809
281335
143226
49591
20231
1116836
93989
532639
1081393
449562
27535
983532
320798
492416
7409
45435
162300
91072
95589
117289
201657
45508
92112
171327
50058
264260
118497
49927
188944
203076
159403
31258
8516
7677
189860
383092
3887
10321
1422
405
58457
28768
45549
217454
24959
222332
30428
73820
449049
97288
160487
24920
151741
48711
247253
248899
767617
220585
136345
217199
73884
318705
251863
20003
11926
134774
69530
30967
130207
133313
264759
312676
53281
67649
593144
24923
180760
483371
18372
119357
123365
155165
284
21639
99302
66984
47109
295898
21582
20039
8799
267101
29228
92613
65851
158
31280
141489
278573
160502
146276
588097
278550
95818
92208
40401
350095
17340
273904
55066
130962
30422
49622
189595
16820
30035
155659
18292
1052516
43227
3992
238203
257930
542910
436589
183
544
96285
77602
37723
135209
144615
36153
4037
160258
39857
71682
1724
475614
3918
7825
114099
114619
27993
4154
96666
152517
9763
287141
264610
29835
287123
135580
288495
118573
58234
95864
433438
257129
217485
70987
576308
62149
74894
251914
147134
13287
90954
29668
218322
336609
201400
150563
69310
27386
17978
101370
207642
362608
13537
152687
313753
370190
217459
120576
1099516
236397
87653
691362
92151
242453
45683
290342
147317
790211
189909
2986
185925
498778
17960
144928
50644
4677
19661
614
222554
207667
151200
6849
130622
3504
114075
6047
184132
129548
47814
316384
175231
115360
139484
149229
85353
860405
97247
72225
71757
36389
290000
230863
226152
240427
16989
74596
1013178
30536
16631
143432
211514
61104
43169
209204
917552
553
662957
209737
50292
140647
131548
54924
256144
220
71552
766
219544
64235
43869
1123570
221401
177650
302985
140207
22066
6776
193444
108619
275252
191146
138774
40408
92734
140752
446004
49938
81947
199598
1125215
220521
472205
285934
150034
160650
492237
61025
158647
66938
356748
17601
141545
30232
6364
162733
220903
827598
25147
84691
149565
146065
124350
19912
215863
151666
71464
161127
275444
1232
105359
270572
143737
91364
27810
102048
141814
129115
1925
183905
312
21274
349642
22508
240449
19888
28520
95901
100848
139354
58102
23499
213467
179698
262101
134568
5880
209986
93232
20124
92252
71286
178932
31571
824438
70011
258643
139850
69196
1857
14183
53750
70952
28551
19139
24812
127144
127032
96097
135018
241962
97493
97197
190541
85057
20190
19390
118866
382936
314842
241514
22731
17222
303163
71029
89703
205826
340607
134667
253447
151239
223693
71125
144756
117499
30684
286408
144382
188328
7683
137375
141817
50888
212932
275595
438
69071
123150
146943
94517
108586
40545
24679
131009
347478
50849
157092
153547
271
7372
94102
600035
203048
16704
301434
154358
180763
73825
21228
13787
30329
50846
51342
229304
35510
112622
31409
12240
91302
158426
91621
50800
1753
145600
128011
61766
26024
121809
28329
101313
215067
158801
192024
40390
2738
145400
145300
277835
92051
3625
145421
162966
341920
346082
215094
227255
175031
153870
59041
414205
1124791
556827
66937
74872
341198
212223
39121
327071
448822
267423
91877
146646
637209
129743
70137
92394
290254
65241
21115
576228
138925
294539
23590
94753
429369
65160
31559
163023
150762
21468
70989
42500
2028
241377
267243
71820
20455
256488
1109619
235549
996588
136241
92209
1061374
123282
610561
845707
795690
632315
4429
95241
96259
69001
16925
265900
180294
203249
33523
20415
144926
17593
47810
134757
71625
128846
37650
5804
99271
65054
200434
123646
192337
99476
518684
21199
246384
246464
30279
1579
64603
81015
163551
579978
152233
337083
132889
120108
222347
16622
58326
27275
39867
142661
69230
1030300
396216
135378
64864
53130
263724
260633
22615
877339
152234
789745
369099
145279
955563
207519
16920
3281
24212
22769
69424
99457
109421
20017
71669
79721
24052
101715
40538
24560
143219
173942
25185
67353
93921
69002
148407
69939
728427
1083856
3950
2897
134849
228790
28716
4259
6828
274504
213185
489077
304817
209069
51252
17095
24289
91254
121604
147190
86971
28908
60953
237304
401686
29143
95035
49895
18873
651233
134904
20970
146862
148852
46897
163436
275440
227355
824003
76509
54964
139012
145479
52211
285676
4716
3333
257061
50787
239433
174075
94592
221169
848259
1041547
480332
985322
186059
762937
268993
50410
160512
22190
28229
97335
243899
74867
265512
98009
264115
944597
18193
158472
153065
129187
29906
269952
19865
261277
359922
764616
19435
7988
430885
355988
1550
155026
137487
569493
71539
492940
28174
963712
71618
30197
340741
148810
1053677
42896
274945
4078
69804
1811
226851
94538
178530
441542
242021
508682
100854
682
430140
92994
49672
115095
7318
68687
95069
156990
68318
35421
127427
10765
153025
275920
173985
67062
68996
22230
160799
134347
122084
55244
357635
39933
19441
148795
65526
219686
68945
94040
30264
175200
78933
103769
32
160832
162783
60533
262844
241476
78018
230582
197714
100429
60989
100695
1078166
1059209
18574
150579
11927
61639
21651
188502
59370
207577
51345
37785
265566
20437
649094
706
104084
16707
9562
134601
177965
42235
264426
64731
65257
842838
50197
27315
21723
52249
287259
220737
117598
139032
20079
123078
130985
27297
40042
10894
187326
354609
127275
91109
216819
21285
267940
20495
127369
154221
280198
141553
4421
267511
41646
69435
64823
351779
3395
861547
101012
81960
477675
25635
28710
1952
227704
69016
5405
40249
10503
302069
59000
60945
220223
264579
142700
54789
18263
95406
162005
74244
267064
53339
205000
264571
30340
246943
1026421
30323
39831
299668
16776
782
20253
277629
89082
132005
151234
115345
25343
7995
22323
29041
27447
147390
71864
478993
553020
26785
984170
1124841
15573
114234
74063
157546
131264
252146
117990
201242
47714
82521
156033
96933
151846
827062
182081
20123
224061
7684
312227
21255
263123
12424
141728
69067
231132
37125
134597
106558
244566
161112
330952
7692
41169
164418
249583
20126
58386
413463
103471
446606
971557
274818
71826
191534
276890
1051185
134672
150789
142604
6865
223612
1050829
1031235
581609
975260
556307
359621
978180
10037
122053
27256
31145
473026
6345
31524
18762
308443
192646
19330
162178
142537
104010
459667
144623
74849
1021665
300897
117583
624280
206249
61570
842753
162938
358956
803
251580
299601
41558
52742
2993
128110
102254
385980
95934
3478
136316
244907
71713
11272
639949
19682
120393
218292
7973
255288
100595
367952
71131
20099
62659
254697
223320
93013
4021
21826
147285
26939
910915
254121
164146
25142
752
60996
247629
101185
203256
151489
204841
64530
24420
18690
3360
28552
116376
1053486
49578
201454
170311
47779
1047125
29020
394037
118522
96957
163020
145327
216092
159882
237869
33513
921055
640248
229082
49970
11960
327079
272097
316562
178235
3589
95795
55204
119562
53636
353886
455456
185924
972810
315295
25516
68297
7534
219539
216381
70945
71329
3691
658759
49073
13020
230982
294267
97965
43963
42780
105642
949968
1904
240484
3218
91328
9038
229913
171367
30425
27417
220611
193916
22638
137089
92713
144542
113228
159443
428466
844342
780
19687
153467
42754
94416
73986
148306
74120
248686
684271
1105810
65643
132959
206109
86305
29690
42880
30717
778595
70821
1540
807
247631
61026
154017
220614
134647
213184
570187
554720
21713
136454
651497
28894
120705
390216
180851
334742
120158
249779
586350
230319
25778
221541
23320
448502
3542
203080
785437
159212
1133745
49891
135822
95072
469456
298644
523472
123665
19703
103910
74418
267104
123718
156896
95180
140940
23504
49328
290039
222111
21043
2078
141586
39660
22126
69000
127402
8200
113460
98060
55094
35197
254270
155878
50957
838501
1085214
27944
70931
160224
242799
174790
82162
153098
111494
121496
899712
318011
450910
95348
151236
1065403
160313
263551
76114
22070
131186
30285
51241
753077
164731
71684
147933
238301
135191
270838
874214
171116
96294
216711
103255
191575
180971
241322
631387
150659
136341
259529
91286
74465
24913
189716
20703
19667
289813
126108
227438
281405
1896
91778
120525
51063
278295
145907
64528
251970
913390
859438
37522
150577
991873
3893
69896
71082
31599
3764
147456
188451
220569
240975
136674
1090184
7943
1104808
303618
196410
47642
40822
91057
71590
1384
145231
200389
237184
100106
153546
800
40589
71491
267643
29917
300680
292116
53595
199195
272156
37903
28773
109125
96376
269082
132251
258843
146810
227024
1070926
163161
30681
185731
283464
143437
1092313
7510
242815
31694
147908
92069
130959
140788
92517
24821
7797
274757
71622
439942
184919
141329
52743
117430
96031
277164
241678
364305
30713
21527
135193
219880
91443
145376
24633
154423
217523
5879
311434
636223
524160
154037
227771
219655
738923
120008
123741
65437
151914
483433
251096
275822
19365
146886
122578
1060121
37626
240472
39919
196438
843862
25960
130100
97071
4268
7055
473216
2202
93322
626560
134624
89487
145377
37768
42898
393682
97491
41242
61574
463621
141558
174910
98078
784059
20840
1048093
184648
136801
19592
145747
151873
26500
96939
276434
360602
18605
2491
240876
389861
463671
97151
275726
546034
248528
506001
241331
141591
221519
27865
9298
346100
31910
175857
227666
7608
20018
101832
31549
275786
746753
227642
141891
40283
38130
462188
170221
257868
94558
593479
70093
2901
124238
121367
132603
25802
157469
298458
566193
273298
142643
143340
347570
387660
236189
100579
74933
120663
207595
156295
633736
140241
156615
16975
224004
301784
522629
25046
143911
47668
6883
154407
8186
140772
223672
175395
13023
64177
103274
96871
256233
180143
29289
292848
69438
222315
210048
91149
665157
3028
824461
168
252473
776108
61654
221167
70666
30762
54519
261749
49293
347687
129781
253006
131365
88082
257089
274657
347747
123732
113062
101
241490
71414
47453
276332
159316
54954
64518
60979
19609
562770
152391
244539
69948
183900
16619
39658
71675
357064
246501
4143
92131
9488
46307
434156
21510
57852
223979
103894
203087
72202
103926
75237
154074
37527
709849
66678
26878
420983
96557
209537
49907
277967
123188
11456
49574
20283
577359
36971
274694
21165
49812
27972
217006
213
129072
21262
149141
329195
230877
49869
14257
70925
120744
6369
139822
1886
74818
3266
28649
219557
201479
121280
136607
20954
156774
49407
48527
40550
132210
12455
131144
103201
49567
20485
147931
779924
46948
71469
100201
265506
6111
268804
25948
70170
287522
129755
84405
2041
192805
92601
121170
263487
20564
49332
34315
3665
151814
406719
66846
120178
227450
31329
31349
296623
206032
54261
145298
149207
164285
21281
26310
343011
20264
41510
202525
8144
60965
14025
13227
30716
786
69012
144803
159400
24822
40392
195369
448668
222075
222338
135277
157406
1094502
7984
914816
100735
68720
191865
585718
58938
179906
95325
25136
41074
290970
139845
95260
50296
361684
108792
153569
69720
88080
998698
59256
259257
143272
499082
117428
94773
178515
257028
7985
261735
57867
57461
91438
21825
390427
463647
64425
731401
20656
130967
623640
110229
70279
78927
23694
163800
148101
20942
621273
4297
301335
176212
13472
92200
2282
244644
105304
96700
302070
31579
314244
1114353
20597
58573
29014
30579
251035
395620
246134
823671
1099
27359
51518
66633
12223
841947
259429
50912
437208
359328
148930
43951
71812
149124
351363
95855
23603
104271
25016
19775
263935
499825
126167
121457
395833
23159
62752
445941
17662
105646
983588
1108440
97967
28051
32660
2371
129801
25191
69447
221538
151872
81448
1108025
401528
7045
285346
210140
281273
109817
58117
6878
238230
42867
21235
96913
230739
140555
187117
309931
91881
829306
84227
17339
93788
91817
1115236
97285
18923
71857
175148
957587
250831
38561
246656
100886
164491
174957
147162
91219
26848
19922
95874
260690
739721
292499
16846
504717
1007397
115292
343616
70315
217610
205050
61136
346590
187267
520270
1064059
69791
1123711
70849
75104
454284
831616
17307
509943
736785
281417
418841
83513
2706
1058502
1042074
148452
53384
119620
362281
963334
144291
22327
362518
91173
292187
3029
24146
274807
101535
325052
354827
212216
175984
118447
617848
80265
134799
216843
30677
101423
121426
300984
40430
69640
739133
240460
159213
95640
3018
19705
237590
76419
117410
140734
10
96135
28372
25815
134640
45588
31331
81016
134
61352
57899
642693
91073
392693
525
57998
23936
363690
148489
47431
355443
344890
270217
151556
153752
227265
109905
424727
155063
29037
73918
42065
541292
61004
174426
478
219487
35049
897573
903010
91247
54119
121871
149413
286364
1452
67664
116850
94154
253890
839284
111960
19795
69778
25060
149053
53271
98430
102256
276937
151447
218949
80416
513093
20872
1125868
297560
849060
93114
94530
20660
19688
118069
127596
42462
1016561
63024
60936
355350
228525
523836
16650
121547
188584
150024
63533
126159
97204
45148
91056
7604
345858
58228
345883
444547
64532
176578
488283
128835
530964
58103
19720
210597
41090
156338
160304
31851
409621
96223
43000
164549
436484
37777
978228
556634
55830
96606
147161
257454
97004
151408
102102
92593
31157
52479
141533
1130821
766184
124761
97040
219341
302049
92629
459702
732297
543485
49743
70393
27905
121732
150411
28720
92521
99320
14039
147815
11900
41095
546871
103335
74819
121737
1732
19895
50692
62644
53329
201278
30592
49439
807802
22647
93859
158703
189273
70272
11424
162746
25230
237606
20654
216005
121990
19656
44530
157422
106220
19455
792768
151411
68989
91115
560
116272
997077
102022
47717
645042
556643
1024720
78035
149998
160329
233356
69790
1095725
1047148
258644
468380
20250
101588
16753
28330
136700
445758
404868
160572
96145
64464
44733
261299
101009
210227
178215
54795
26360
458798
208575
162309
18978
34460
56839
49971
6272
64548
13728
196853
130919
84300
383400
171273
30301
118621
39972
145408
11165
751539
19960
1943
28629
49607
359972
134645
70054
83537
590267
438644
199599
356735
63959
40407
71128
94557
22776
27010
242836
17898
23877
299449
238
76041
184902
192484
259332
243381
1108430
190524
163344
1099581
91493
915809
915672
31844
88149
742057
51156
91337
49631
3322
36574
115098
17714
108670
224131
666563
198786
465155
60995
21304
1092871
18845
2216
239909
22669
30664
222583
246959
36407
880995
757923
949753
661172
128382
60703
174427
6176
947756
721004
49830
53083
325671
95034
149408
92081
872441
274553
210303
274248
317910
166463
879684
96953
26722
103310
571262
7375
28614
187604
1091972
105653
97309
148156
92264
263854
18471
1077
164539
26378
100035
30317
1782
873254
121420
228924
141486
371
153529
99446
30423
362245
149647
156583
74727
71880
159888
12722
4280
227532
7926
352271
124329
100067
1126836
207754
19806
138620
136338
2476
94290
28187
149262
71792
97529
299787
592041
297009
1102203
98335
189326
646
31010
60163
20171
309573
159989
146576
2024
71442
573814
500031
878521
23640
97482
13607
821881
61223
129774
772710
868658
239591
498848
22548
16972
116462
7848
483165
119444
471360
102159
69598
301789
63664
848082
145380
237172
914384
72089
54607
128591
243363
92621
104024
121628
207737
135928
6376
24836
2864
147276
151074
299684
134591
23339
30442
737190
125980
7202
457524
63797
7671
95198
331656
262432
47829
443
226219
218982
229357
12245
133088
68875
33411
251582
30302
119968
237264
704691
255090
266546
340923
127273
190643
64577
35215
184838
63836
52997
263097
17699
1195
50944
392263
452
893682
290692
92751
26778
463202
185748
133648
39731
91508
337945
139851
137377
936620
1424
79365
35428
73372
857530
969755
242109
14196
100066
414124
95117
75333
169
135939
1075110
2338
24660
980880
431984
69022
75432
1018352
239062
23766
137521
127336
61081
571356
328439
220846
174052
341497
513
91196
1652
70949
390708
259111
266270
20972
44507
64719
896100
147795
3988
64124
292492
93783
424193
16809
13137
67838
75170
227490
141192
329475
276512
97489
84138
61649
255933
104092
229077
143173
135708
2123
158941
418330
298571
202372
235598
246260
403107
108822
91581
221375
174194
41674
140171
40403
536651
96272
546490
131453
360969
3534
65005
131612
286720
101889
37553
258823
141777
96258
18864
20993
78603
47852
28333
791794
1026661
91932
71725
71171
23991
70873
315321
82018
154989
3610
91969
295506
277786
92731
62192
277897
157404
30937
160213
138482
74854
31646
207455
22977
79737
8517
23500
13988
21330
26202
6271
261668
147635
3509
96826
143334
266465
17114
43894
345855
208047
30117
146989
13596
45756
205375
92167
777364
20042
23575
323011
32199
23361
320993
351359
168467
343836
77173
175833
806301
1951
13193
184800
1829
91520
91284
21157
456202
2975
545592
134676
1041626
1107832
5861
1130739
1042816
4897
218076
252919
20648
276
160214
92343
154831
74836
557103
27319
618223
6783
97495
27252
123223
65188
39011
275742
163212
951694
144844
345841
95335
585
369514
18417
152249
26104
59001
130961
451385
241972
61217
363649
92606
216269
195151
10320
1963
263856
248790
31554
396116
260623
433199
6794
153873
145221
334030
45694
274808
75041
273028
160041
351354
61633
65058
11210
248994
172352
61024
100312
240420
131379
1082622
52147
226550
157101
70485
95364
281395
22462
25206
49609
71293
113484
342269
62626
255732
115637
25804
154424
19811
51603
303512
31696
616813
1038
72009
173990
143889
91169
79392
226573
244778
95896
503573
60333
136612
59570
75230
76180
395025
263374
132560
34984
154449
139981
93043
134699
119443
308032
114166
92026
139602
2151
318417
155662
148917
24828
95976
131512
179854
92816
44698
145291
265497
49416
2012
27486
232324
64101
101848
314308
20759
314861
327361
216289
186876
445567
6380
69946
7629
209721
273415
55111
154314
102079
21167
25742
37243
131032
300341
303406
81997
224230
27705
189694
19707
57907
58242
69474
134999
7952
141907
66248
9419
70302
20919
9196
105202
27316
696479
3439
122779
6767
24401
126818
27352
394945
60976
58974
121506
31410
191771
261221
69093
801
178077
121107
190513
139328
48776
23736
95445
28221
123672
204630
351224
127777
102210
22525
435120
162017
13969
136355
84269
219747
147308
390707
67019
235882
141218
47918
26730
334410
1154
27933
161322
92113
19986
247278
22784
219813
39670
122016
26178
207570
117471
179947
208207
186587
68757
119493
132878
249347
1087
156053
23453
259363
19713
141897
154460
69299
54817
492720
247955
148821
134800
16815
91876
7879
121807
273541
441525
3264
261222
206485
131406
50424
237385
62091
272002
306108
644965
142275
418176
633994
272654
740637
334039
339934
31678
355420
20181
50786
69485
98346
41075
24130
655156
868747
3246
201720
260809
149320
264763
96783
478458
884730
1027067
511288
7626
159446
21386
91411
127204
120536
99300
126080
9132
16825
309600
104026
61188
135843
210302
56238
71272
218654
495387
295298
61912
135283
671810
95298
139100
319597
1066368
10919
70129
446140
210314
2512
156669
71754
118123
66644
3349
95176
76491
253147
281032
66989
852258
76125
110785
95205
32977
25004
476630
887370
347582
264215
117468
51148
145504
270982
524015
91473
21328
121360
267762
230779
91117
292380
121550
29637
526027
7913
102861
40425
788946
23216
29187
41715
17614
222467
622266
37861
163508
31538
92960
524151
43866
351604
79768
237252
117440
7220
262057
11729
1054810
118713
50919
69779
70349
135845
411
103595
575399
16632
152547
255702
295321
139075
299728
28993
44448
28758
41634
274843
17204
150
125305
108625
155025
60967
285742
446341
803728
1100770
66854
146484
27344
267065
30405
97168
1103070
340917
272561
135296
54858
111
92333
75782
583073
24894
256916
13386
95336
185931
171466
302030
240879
242088
289401
319359
406951
192206
68853
381340
31541
975822
82251
23517
75454
174977
139147
21750
18
259131
1029007
505930
1060397
212901
96981
996241
974514
23012
7109
12242
459126
89770
24831
18223
30212
1074175
193262
277005
143307
155085
128119
122313
4173
189715
133660
621201
522578
387650
145355
135242
2539
51037
63892
20863
658176
92817
276971
121344
451754
17408
39847
341059
148792
74875
7631
145288
30187
104020
597661
823976
311607
17965
122785
689
189307
845114
55240
451476
1899
368458
170065
151409
188286
186636
636869
117192
553358
195919
220144
77207
26231
136614
11832
77197
7999
134659
263207
49890
498615
199534
10643
147345
22131
145220
159321
490325
251002
258262
267739
454525
478557
585538
816492
69915
101122
16956
170952
940646
32016
348863
178541
92522
149991
195423
8157
8548
406716
7287
71089
1132767
187463
3892
93163
242588
192244
115993
119985
155643
7964
212142
463519
76033
149243
995700
51096
1430
40590
18926
58179
1050753
1854
71833
571641
123785
92421
93490
33416
20222
474081
390549
216954
47806
71760
195957
74847
19557
144011
510656
27067
71735
280825
172266
21173
273113
274451
45699
351810
286409
61018
227138
205038
54654
215325
32046
259365
33922
246978
71502
224560
274011
212491
151419
91366
17272
258828
299589
511035
19994
45470
263167
279250
80812
685
27356
259856
430167
599694
36540
280762
41548
139085
135846
299494
95947
152580
28935
261609
49721
7632
42759
354187
114322
25752
268231
635837
102125
206324
14018
321155
25803
19657
888156
202948
310552
845569
117464
190730
684423
121370
193344
299496
104803
121019
22829
2405
282494
35504
275267
219654
17172
476809
355487
299574
173018
346571
58948
92661
226518
221316
274482
92539
1061278
821001
1113228
141504
8258
516922
201837
412446
180205
103276
142482
437277
112534
94559
110694
102870
96777
127034
141530
65016
96620
329157
143508
79728
266134
156044
143833
3031
63681
96162
61009
8058
7231
20873
449217
43304
33965
145344
873718
19478
92136
32251
364554
498793
27954
447483
951781
770061
91210
66855
216637
414317
24710
48780
164598
241947
196215
225
118340
402582
114520
96746
187250
8059
143154
12734
441288
29598
32454
405992
102442
9983
249499
301296
71702
419960
50886
1020193
259146
94626
229324
26709
667914
1735
102065
610969
84189
71221
546499
124479
7048
40274
781039
75945
218307
268388
667977
26059
97548
763656
30854
120718
22687
64272
208420
210311
53050
391623
148058
264721
127548
102353
47683
25215
71314
744334
438188
321649
194981
126141
118047
134793
508763
75053
76519
982010
58976
95476
251919
174745
46935
164984
150569
94544
79075
241872
183955
30293
212304
286884
266368
145047
33085
622270
16721
158655
139689
318407
320877
386448
68837
45369
51581
7687
1115130
25031
839195
36585
70825
94578
783778
30226
540
382445
300610
40013
103913
92240
79047
443231
4440
758
120501
479143
270924
62963
143791
94360
238054
609935
351449
94561
184998
527600
43370
141557
91188
20816
162669
3107
121563
2948
30697
26789
23762
222652
197415
25708
13015
139943
81962
382787
65085
151459
30237
507107
4013
127537
296481
571807
22915
121068
273326
120090
299554
160615
395045
71722
141809
364560
173219
739757
137465
97056
219318
174793
24824
23911
122745
71421
291433
118944
960568
146073
26328
103444
578295
243330
266391
74755
261595
218692
1054528
218834
28290
354452
22385
41194
905078
523666
384868
159884
77561
60960
29973
116296
209792
16746
92823
1067443
249733
605388
22628
772216
68857
985334
24932
140780
20666
71264
733552
43445
722616
52116
71696
141589
60308
360972
40600
1123584
8089
188460
353398
191091
1923
20492
274104
75921
239222
99171
645633
93404
47560
148148
498201
406784
145980
592785
1029557
4465
95459
363993
43834
66977
16829
403108
1982
79367
76286
179782
349227
60164
579117
145436
23495
127755
776818
1057866
170472
532870
287079
20002
303692
235631
75235
141508
1067116
92725
37143
238227
654813
473328
770017
150060
141566
334055
966794
146329
40605
45540
312613
31735
25369
451682
510702
1797
128354
326222
240881
49017
246695
13392
519
294273
95910
58224
23650
184290
60970
222658
57856
114820
258072
668308
19992
31220
95674
52440
91998
5826
1122504
973646
134747
291923
24109
2653
155667
209528
730
18374
114163
10433
774090
97876
189723
905736
103495
19539
379
138487
451633
319118
276593
134653
532766
132950
69155
4530
457036
164810
782777
19623
159279
118507
156770
347941
650119
190515
64674
512292
431216
669679
58119
7394
351780
59372
473592
23679
92094
570581
156290
119998
31845
382758
194129
449881
178844
149212
10328
340149
1074350
241744
239215
82188
154300
248610
253049
23332
27391
143
65649
17476
45555
396276
24963
178855
329497
69871
194942
23411
453595
496961
120110
267079
121065
148477
68826
136328
158280
792705
277398
7162
71339
148569
6324
40728
149715
133222
11542
673870
223609
50917
299789
362253
37322
37169
19764
96574
291809
26715
290325
97931
71340
103052
7070
125995
6327
145410
159083
176372
177552
778791
820327
926602
964043
1020721
1118126
1128890
8560
96944
33497
130916
844839
19363
463241
318792
294530
240845
153067
80442
27792
4249
445767
7649
637039
189518
1077957
94378
278322
130968
100500
21218
9358
685536
49610
210476
132955
25212
85534
102263
289544
201417
28762
53607
100649
332542
58650
130974
92820
585582
28253
121836
269833
149222
19755
354464
277981
3695
6329
236471
156558
331931
114049
102262
56029
230787
27446
36241
22755
24728
27034
173046
45611
104170
40378
27232
145286
132337
135934
152694
94758
471205
25237
194184
68841
8045
31584
103530
48719
70592
474776
438065
299721
64568
66996
23731
28498
237243
103390
22401
216017
140768
12355
31105
94463
197462
6965
258307
221179
50956
136225
261813
123155
53645
134234
239424
20572
105229
123681
36
91145
46993
17410
19909
227643
524163
92116
161472
215355
32677
221901
160331
216953
31766
299602
71054
310490
8945
258968
20685
74036
162581
23387
275372
3417
188308
25757
241521
267633
119350
145692
153056
94024
133625
510502
248609
120360
61421
40416
31600
1115
238438
222640
34330
218243
42917
230606
282493
278546
24856
256225
69829
156836
179042
189542
40495
222445
96292
20225
58558
26183
84359
315806
30522
17664
75084
49491
134703
71734
36211
269393
47662
25141
36240
340452
242006
151629
29551
343645
27606
470536
141293
70838
264581
22683
21095
209440
50775
359083
149508
274253
546150
153562
209994
258921
161336
347906
1205
96465
191516
23775
47194
210254
27674
276303
134655
155162
179863
242151
103600
219360
102038
104740
270256
23685
97112
47439
747959
218008
76207
35502
43245
185950
23459
27336
7897
58315
69045
51278
531038
227454
18698
23306
137480
263453
161
50173
395803
163485
69169
101665
79507
6863
58112
624614
128112
287814
258203
17321
343181
127113
217638
205919
4238
91065
272808
26522
43042
19377
3030
271571
150022
26692
262527
251953
243465
17291
170217
133208
20484
353446
2912
92418
26362
506933
59264
110764
20539
171420
7304
78507
246261
9428
149103
42851
98391
270636
13444
170193
20569
102227
141554
192399
54906
30319
17871
14800
254254
260692
515994
128408
45658
218325
277049
180933
262198
42955
151730
881
218974
6442
25743
187249
1846
108570
299393
314951
431350
893137
119535
608542
149536
215511
127073
71500
241727
260883
178531
635216
239593
136685
1084137
216818
722265
151083
3961
25977
101933
3074
93221
273400
242007
6775
20069
196551
187242
150479
157539
37418
871299
86977
70977
128148
66935
842218
3387
91334
63441
78732
259658
275633
257221
744
805512
44274
218231
643554
108930
188309
120571
76349
488440
95231
626215
24816
91155
291979
103493
91959
274429
70649
74893
242096
206387
642008
360392
208498
19286
53319
1115736
65648
268365
123726
71244
270646
9478
7606
117681
74053
4375
242108
239892
517470
68905
173021
1123062
134276
12047
666364
64847
1006733
134675
368081
315891
197681
9322
131068
64514
69241
218799
298640
264788
40418
253286
895000
580758
229893
60952
27704
505923
279879
609124
13812
355736
3997
188399
69816
134719
27131
318997
118533
632338
241957
82531
145432
74830
7983
121621
238860
151950
58934
1099999
1790
11627
385845
290078
74873
310531
252868
180185
27090
217038
287195
529650
91079
36510
568438
141415
247766
27994
6127
241865
216
278448
353722
2340
17282
92771
161280
48003
31878
91194
71006
97620
772
30940
222888
261822
21279
30289
47078
141582
21100
159826
22069
185736
453258
1819
23908
68628
293729
124807
255783
30573
25219
124
1125148
477467
135340
518511
104467
347365
347294
131492
668318
217293
148221
210304
155438
757969
731453
206490
158665
159728
228907
416547
101116
40422
282470
71700
71035
70908
15459
184039
55115
65552
190627
131026
395990
145419
92635
179568
340605
299521
117980
762939
464551
270856
134737
4426
28905
34342
22962
558037
201561
43146
318798
68829
30685
293664
43140
117971
23271
220205
48663
75599
246345
134754
131106
953163
174794
177934
436458
492101
809359
42920
195320
50267
40181
200176
50902
148923
296876
311106
18352
664
532476
618150
963064
40555
1129540
108912
943756
44964
215506
356651
40635
25210
278822
56284
92545
12360
510343
22612
160961
18521
231125
146030
121630
75249
758634
102100
274788
162102
3473
69612
145289
99739
30458
144278
118493
207428
6706
522366
417579
99894
270419
91516
20065
430997
241729
30195
7159
331108
40355
55121
22359
352627
206
343597
70365
661513
49420
69010
590998
154007
273731
665907
253440
220971
325064
897854
64230
339482
2220
739706
141905
349810
131547
148089
100694
61027
1109482
190605
1807
120046
28532
326563
9965
1087407
79159
89356
241538
25108
227339
974283
24814
30488
126068
59005
355227
183958
352335
145868
34312
663836
136281
1112772
31215
336678
174170
59588
294411
188471
354368
188316
286972
243974
475870
108652
97224
96381
303685
285435
714106
280194
37874
250815
270254
539374
467184
189312
20835
388404
215009
230684
998452
423784
119077
236210
71049
64246
440482
113
19947
131467
151223
59212
68902
242802
21774
309190
907793
120694
21210
211951
102281
21719
610750
257992
58638
91738
818110
26992
88257
74785
101479
933297
240376
70947
26367
575888
134950
431989
30680
152419
255938
36774
34720
143769
7053
69926
20102
162357
128640
31869
287121
178848
339858
8223
77091
80850
70022
630931
80469
30564
1119595
13079
1039296
164364
70225
62009
974606
1075871
97339
776997
282654
64691
240193
623322
49626
736241
44055
233181
259119
27100
511776
92598
49924
30236
122791
443681
264769
209772
42853
52459
16919
1074403
644099
252246
416729
329187
33046
244718
75799
49674
727807
141819
50848
635704
156051
303615
31003
242152
237025
150938
637551
242465
287080
842270
69330
78593
281086
31834
69754
170279
47819
329616
42782
504134
605177
70822
19677
590414
7349
310527
229859
50506
7634
223608
260656
138079
7992
570137
155027
385937
360583
25228
239311
24764
83092
258055
772936
99179
381886
30218
152246
396491
139688
157122
121762
960722
136755
95819
601352
252179
54776
34042
31950
842740
261869
274427
621285
252869
639819
102228
146269
16754
304952
199591
344796
272531
149203
586804
196983
141325
219111
600563
263553
266026
18800
289469
9786
1548
40597
74093
578350
580761
241023
277036
109371
281328
42299
74768
355946
135723
139223
29661
145676
21848
47761
258580
94475
22324
217992
18778
29401
416548
24327
13372
644933
255356
125748
110717
71720
355548
30392
12971
303092
74306
262206
16909
147490
74274
533333
94023
116183
59320
161438
113722
509883
639959
92637
80061
163358
69436
207468
58485
204971
361132
287305
70744
843687
33189
68794
492522
219529
29203
27973
35431
147505
99351
593077
21931
11363
75492
24559
4299
1847
278424
3269
483460
91298
217644
5791
150749
61028
208174
227861
377195
27261
161213
220844
79361
27076
32450
160707
784237
1100308
65941
66320
452804
508316
553698
666448
735818
747367
868310
977794
1028153
1069883
222557
402577
7013
11117
152207
32061
962438
218601
83253
207675
70083
208272
36552
143270
1040156
19443
28939
110330
679
93333
100778
539418
141608
238113
296035
3598
34158
434764
667950
1013830
145790
123350
70738
121037
23764
38144
996240
217217
60161
4369
146491
862017
49484
210364
258852
6005
457348
55470
59547
866504
255822
242855
171543
139234
69490
518547
90916
935083
147413
533731
26528
123669
101707
20865
112582
628762
73842
162257
31040
94396
104540
349371
123329
228328
31542
51462
24288
49478
97003
92180
210107
134861
70806
140621
334525
190816
25714
271963
454516
971506
102059
149047
141509
293849
64510
65341
25128
71401
96437
159102
45646
263965
86617
61450
252865
61554
586258
271572
153421
160390
28818
102646
390149
171043
733391
95731
4355
187395
380913
163051
857760
36409
556
18583
91045
259144
134690
82342
278394
16936
233219
160076
447631
66350
1133189
101259
637242
367656
238061
26596
61002
90703
159785
97287
216717
513246
227141
4094
419986
140997
233215
265614
12661
190516
12863
28289
27694
255704
273543
524252
65097
8011
143271
662574
150044
143224
29641
24174
58155
30373
137604
134806
582164
202186
217275
79942
100367
458293
55518
596016
19784
84026
452260
299746
67449
7993
364266
50924
298849
233284
385916
170206
188588
498823
256537
27033
344234
5835
149032
20822
996242
293810
121502
193597
362275
265576
53312
91956
619571
188599
128874
123092
32073
17745
22148
84242
249006
24217
125943
264724
242616
159712
264094
122946
7667
55118
135047
153997
259428
394350
20803
89708
61244
71677
130941
64199
71441
49296
93144
216502
71575
394440
114111
102884
160699
632775
354857
216667
184159
9092
235946
463
549
216547
17828
17162
197008
151543
246119
242054
265994
58657
143717
92160
27927
155700
149632
41016
39884
138235
479240
390
370342
218433
264641
219740
131113
26782
52138
159988
26516
475821
838720
96328
158787
114539
91905
221549
96907
25054
285440
160894
280748
353394
227895
89375
27059
77350
273371
227117
244989
20694
63456
19901
87042
186643
49092
391373
327518
300452
55712
42725
252778
120374
71703
69108
351346
71783
24479
172338
188646
240396
73977
121654
429664
69063
149133
144777
58128
74008
220908
31635
616
19803
110066
52992
4370
99437
239632
251783
16817
268746
292134
104583
130948
97137
153152
133373
739905
298527
467210
71466
27287
76516
101676
67005
26377
131416
719121
210482
618
4215
201489
71842
6825
134641
135086
4643
830784
255917
3760
278817
119274
1037000
20241
969283
58105
160349
134936
563
4430
4582
69734
1122538
983058
13581
1050442
113199
1254
26775
119572
246218
271505
340608
207540
273232
62460
334056
175016
433393
386812
145303
150330
137376
19634
147273
40352
143750
624200
251592
236862
268215
218829
257082
115348
134768
95798
97423
510256
49794
243900
69141
135000
933576
45850
319956
289988
262337
553585
160710
701104
95138
244594
871539
40253
163576
241242
92597
58978
31401
491256
9003
871514
336419
663451
25799
276473
160672
279155
610063
292351
25870
121590
26773
151644
134604
464055
851838
240378
37170
90899
139388
684209
393185
104297
127660
993402
216505
13319
71549
273948
270366
390681
345926
40175
472370
97982
65489
26930
942863
237299
242041
54014
114145
139823
174861
91878
738120
72200
92551
443636
464563
239549
162116
117754
523779
177675
242106
386856
435287
92626
25974
218297
737477
392416
11668
61013
31266
176930
127200
314208
37405
203291
21025
134599
57594
228933
147359
300847
47030
91934
94160
99696
188373
61030
260118
636544
6075
163261
195431
98190
218428
148182
515
112432
446349
261091
30239
129779
22588
356031
184792
70374
75913
114069
71483
160310
240379
149182
724653
356445
445870
448160
242170
440191
97152
91710
217421
958869
67373
422051
151731
71229
406703
108671
4097
19689
227115
16600
59261
770349
27695
207933
227503
171501
990789
2810
247625
188853
101003
9137
254049
240406
20931
145973
165534
636558
975220
1076829
1133993
130347
208418
63506
260399
68813
20447
24285
37649
187627
103455
46286
97195
528544
1096830
361725
95738
93485
202644
359672
285805
423909
91220
147603
40615
499878
2132
22370
285443
24091
147845
117995
1033296
288269
251900
430319
586624
179811
18423
94515
178342
146152
512191
1007228
32840
270751
27983
4595
976366
290740
165009
634960
118939
994521
1079532
247008
9313
47303
385585
700890
4162
51494
450139
95579
52921
13055
136707
965021
455227
121625
163904
74958
46441
329127
717051
341809
239415
127989
125242
1132650
59749
173017
587039
163929
49799
266346
54752
16930
225974
20089
267057
7720
199947
198224
232215
21333
1081766
237655
45607
151559
17381
424792
792850
37753
73885
296864
150735
16970
116306
4360
70814
36193
285425
195101
162899
17131
96523
95058
222636
523439
13473
354060
92809
132224
272152
95988
85893
143298
781820
120280
164717
178233
127279
524161
53268
102124
24745
1013736
69549
134511
21371
131953
261232
266309
177791
345885
609740
158016
456950
1055319
876849
136445
319133
30451
91055
370425
8148
202016
103951
838436
396347
59323
13830
245130
237007
242900
158408
624983
61005
70340
91009
30706
59004
148092
1079845
326654
572064
1103809
21191
162080
1202
395061
51641
66647
91163
82511
42498
36228
298086
113854
2502
221858
249394
956393
89561
21439
274752
493636
39354
58741
135425
28632
224598
1891
146282
92385
30205
187476
347297
3460
70826
309453
159486
125954
23166
119642
20620
156006
11538
235894
45478
13396
91325
4183
278324
4508
303839
26490
1023886
267510
70923
67060
201470
125993
69986
241757
21243
91437
50909
135896
663703
106047
302844
240958
150604
53438
585755
152713
242165
23595
395984
274505
1102663
473434
162083
242424
580791
361932
104019
308131
1115491
732104
498936
482582
824824
92339
5885
347721
69593
177966
41668
664235
905201
270668
454701
836228
1120281
8057
4519
89810
1082810
233
11295
28792
290661
10118
114149
974607
75242
949208
7059
27036
250801
160702
20526
630566
339962
299689
555087
99908
49664
102541
581489
889044
755078
97517
146285
119740
91205
267063
254022
99695
188362
3658
4065
324726
999415
643491
1129106
160573
878879
20795
204961
123164
408996
255104
224543
837075
862961
1125555
1125357
1125370
269101
271118
1109241
1083836
247952
200122
5822
68329
79229
29288
109124
4074
709431
631931
33319
577429
252912
857532
7005
410695
67039
262083
232104
31690
217170
26860
1056422
52996
28544
285636
49823
220719
47808
212229
468774
257864
746746
79760
141238
7937
17273
45286
158507
147001
173027
20428
220929
313771
26488
31166
84535
752218
96566
222087
126264
75827
92189
73288
12884
123070
140194
91920
0
99161
936522
513033
208581
317531
83723
86422
286827
152272
635619
116320
223754
209051
37862
138889
30519
3979
23454
118232
359630
142477
70182
83497
43071
980564
47619
32912
57970
570412
18170
491501
104222
96866
263059
25144
325502
294348
255289
446327
261349
75609
258367
207357
16827
74240
26728
249496
67488
99196
161832
31470
229625
217206
117527
47760
68859
228951
1099517
145337
19779
99169
4107
49843
39937
26196
347746
266975
8009
27633
151240
120011
98062
173061
8378
516
70058
18973
231358
141680
123160
158232
259191
25001
76183
691
158416
239624
6493
50839
144538
11349
474751
184734
97830
134934
3927
16836
155012
74356
347131
255968
139195
17678
97035
106687
149209
64421
285468
9841
21686
539421
947061
1075308
14226
42865
153432
49827
33879
10031
1098977
114804
89650
1002933
118505
20056
42869
101206
252864
64213
13723
382292
270224
6475
225708
78084
3234
21127
900695
162249
133394
120453
58181
208753
3249
21759
270221
405466
71738
70823
257459
136502
135264
69626
944124
199848
163497
266025
431140
12410
313751
64556
20261
55133
228851
4875
241967
672673
32311
8244
266362
39853
216944
30561
95130
83162
99433
146649
725796
531044
99983
95341
321923
20014
942424
690118
188285
738177
151693
321231
471335
137365
100185
94790
634391
31017
100206
553348
263295
228524
145394
145693
526127
91342
121531
619180
666386
478924
532889
313806
75771
392407
10751
19964
8451
1022051
69886
184118
64486
195368
106714
40049
1073246
175192
46634
1102337
68167
127584
223923
253438
472784
569162
577815
661195
735991
746041
758746
780115
857630
893650
896851
994465
1024515
1026710
1081284
1107718
1121146
1127582
864938
197160
100676
235441
215007
71439
68715
269469
76027
290595
241416
144618
30424
229749
26025
65006
810908
232467
140869
258001
94807
3335
285063
1079210
135811
144956
7773
23072
91129
394429
134618
280599
295084
92611
98076
700997
49796
6806
394929
102512
188596
235607
448769
19466
188340
109100
510257
222007
44069
112982
604019
188372
402612
21033
24202
118506
280355
69244
262
160621
34430
174220
240386
97327
22603
31408
251490
4031
23931
26053
134680
128867
298483
245123
28125
121261
108562
184835
576398
72112
29636
58138
322263
131474
17858
97525
337138
640690
127227
299737
96810
28593
5807
282990
112557
27035
663
83614
241394
24855
134665
95519
30296
227920
188600
216496
145675
145401
474685
135719
388797
195509
221540
543986
13509
29752
396820
93100
91083
92353
341485
24701
275491
339538
844353
92622
270267
347104
239627
265982
4241
119482
149360
70891
51677
28743
276809
97770
24979
156342
135692
69101
44554
66561
136632
22398
207696
71380
84323
5108
124473
60311
17399
22396
267813
559018
272706
142292
93079
24069
1324
37140
146664
128765
90924
285725
267851
112542
32534
24514
50756
121023
197458
139077
31317
259434
123112
55107
259062
130307
385735
248614
98434
47873
11481
248204
1129
164817
97759
152147
91144
153142
250098
197610
247636
47681
125879
207757
512336
153577
339556
3652
26443
137360
13156
537
145282
268504
532948
144909
326163
152682
184225
38786
232379
117385
22662
244574
3512
270626
647658
354998
330964
92709
4431
228724
203081
260440
83966
92704
141185
68821
316865
67147
26096
3640
66743
178778
101765
30640
271688
175208
130924
267661
49648
29582
178355
128115
147130
128562
120401
191239
100018
91101
58980
580861
22096
210367
90427
27977
142321
49606
1910
49810
271180
902366
212085
94545
163574
448157
1130987
39877
34440
22764
265568
239531
238855
196401
140882
333845
897566
16748
156963
437563
551838
17328
1077114
640606
61143
723906
1110635
1121273
37590
246254
457333
208563
636976
396520
16879
500965
230168
3722
459161
128057
101742
292295
472893
29189
1116753
195328
267703
143472
7690
423690
159496
24286
1126627
71157
264640
28156
329490
145287
206473
189012
17857
71917
50430
382788
134714
199079
218790
263153
3627
229928
226740
709
988
22041
395033
155143
238191
91110
115341
18642
249009
611299
66998
144383
123668
1056153
1110779
274646
895704
50146
49603
21209
11602
11254
101946
110155
1054
272902
227120
408972
124255
390702
433316
25725
54632
60935
968045
257102
405441
686785
1084496
919922
1102726
42852
175277
333891
150617
171394
256843
879295
615
673338
195878
318796
981984
258806
121098
300820
178540
3212
94087
19573
1070674
40051
254115
434261
253284
1128669
19671
531639
270943
42572
112678
44444
134588
272898
882183
191306
94520
159778
13562
52985
94919
260303
160966
555552
93289
54759
134707
134909
71459
246537
785699
515515
160701
508811
419407
671345
64621
26986
158688
162598
97166
17774
157021
46518
74605
449484
69085
775260
1427
102687
242050
253005
149986
35743
285261
142371
94136
106556
477944
44791
88245
235440
520523
409191
66439
351817
289113
804044
385887
7566
161834
20791
64590
265017
280796
13282
445454
117968
24036
70491
74190
10129
28493
218955
238878
94694
188407
976367
239536
145375
431454
92206
155318
151927
75011
219251
60570
147511
45608
118914
176338
3490
424405
286234
238290
448357
175209
650897
3174
481275
43142
95073
49500
368847
164012
121763
4361
818448
325679
570568
578475
65163
515599
93891
139609
79722
69622
386737
123107
200776
160225
634596
904035
189712
203103
285609
490774
438643
28545
245394
5844
3381
65156
94149
20686
408721
129699
54623
630885
331666
25146
734601
128020
338774
19868
81983
22983
54257
118244
1030660
578426
171268
317081
49715
4771
424421
100101
147927
117376
277385
254303
453042
185742
145671
39737
2284
140487
118155
231099
433
95097
28824
82131
136071
105761
144537
178322
19524
238930
170237
743377
605183
2299
203083
629209
448004
458300
331937
257207
30725
101886
32861
2037
226144
346180
269912
289320
267756
122115
848320
148911
91078
592933
492247
44329
1775
98398
265254
319450
188569
253442
563895
152235
144552
7548
118394
226960
28643
359252
346138
135713
67340
65045
92181
68867
257513
893266
339865
476066
222545
139145
329291
222399
28765
96684
354429
29264
24512
986366
216765
25972
156968
253300
2003
138906
545477
117386
61123
72236
64168
95789
132402
200224
18710
836
20211
287498
230182
140994
7114
17148
184868
159353
398385
252189
386325
4119
94765
274683
1806
46835
109143
454717
193
27278
97232
570240
263629
39688
117366
91950
503791
119923
599521
229506
143333
134700
46317
144936
44241
544054
646037
92190
73517
551799
149952
118569
37743
162969
255848
22950
286733
772917
878869
17599
650854
204989
456667
752788
1051696
1093169
217468
140560
143326
606458
971075
1084087
66657
763863
162925
198298
71802
241908
685168
747557
980793
462601
140282
50954
196661
205795
47362
106000
101144
82263
221891
20512
446937
26315
29557
542020
134590
25914
47807
207805
129
648140
313819
17362
938301
791787
68655
319667
265068
221562
8928
294549
145177
19835
47875
28167
217628
92415
152231
96372
314830
343359
13275
33705
1433
123196
96719
219041
162586
459130
168148
33885
210292
352136
934611
1065323
892872
289981
591083
241207
19287
7905
483461
222637
139239
16934
227257
109090
299797
47744
124490
749696
657
4129
174086
71719
218605
256141
61050
398396
1085495
207313
10494
201794
25921
21186
587693
31556
161450
78158
147954
893245
30418
136682
220781
430289
300675
125095
24617
170209
204522
16927
92610
23017
104336
156034
232863
71701
188592
145280
19721
278263
6850
896070
8618
265601
263521
151036
64811
144825
989684
88265
179924
110699
122317
1111557
391538
466036
19790
23486
202969
274985
71794
22651
246392
7657
61712
522458
25005
104016
229694
123788
277914
592754
21462
27305
41144
389271
43492
69284
54662
90430
511923
249012
150331
94595
7336
37550
382
269223
982518
73490
174805
968365
134828
94510
701113
21394
4181
192378
102248
86455
16944
22024
32933
763745
231368
251585
30446
246146
145003
148332
96917
340128
219808
101767
2121
63234
498847
24992
281414
10046
3144
26697
25696
237376
153470
20088
159612
49510
449976
260128
25963
65067
95994
17482
215313
229864
1103976
262746
157265
28794
163474
349136
328454
152393
41612
88558
281023
510331
26182
866664
754
97138
221173
21080
24294
147220
142110
149153
641813
1919
886584
134685
92887
95878
470424
118234
831426
14287
49602
270411
85787
189764
95389
50586
91819
161114
463309
47058
69194
2990
266367
64898
70866
659901
192039
47350
143096
92985
207227
497178
30600
43367
21227
2893
40511
35538
65003
21223
44033
95733
906759
136402
88341
71211
273824
20337
271757
354059
43201
626741
40524
258911
140480
259628
356736
219847
102428
203094
75631
64284
187345
23236
179678
186904
163953
498903
105424
317120
23880
216720
554440
89721
95353
158747
259705
50555
223993
190674
833904
93372
71123
302032
65332
263263
92143
19430
230640
32325
257995
1108775
219335
13086
47982
314891
59288
304850
73618
1122384
18643
149817
217042
128414
246460
274143
222371
164236
104169
219247
61419
252026
26106
188777
91209
197852
114422
914771
406957
97033
217259
493198
157918
244538
189343
13541
30375
117361
71515
583216
355306
517739
65813
277081
58623
244493
267083
215881
662618
93384
1112616
20941
653913
45900
304584
91824
77327
21628
258346
7106
318852
187474
364518
581566
218688
135542
242430
188558
207651
135874
297691
69078
96060
850161
46115
70204
188046
1132422
20175
391501
1113880
326814
16752
352748
17697
7682
134393
90962
162085
30541
1109052
699085
976612
1120661
274861
27197
866184
1105388
1104390
353024
1075706
1009919
988773
10910
218828
121577
264375
885065
134885
122489
558164
210275
201292
39865
134982
111584
97958
857547
139682
209513
236560
1015348
532470
148913
251671
134596
70339
1041262
162684
188459
136615
576383
260067
97048
52146
198586
143804
326944
27044
59167
94163
61222
397
156139
125702
578500
58717
160322
25013
219820
23342
92377
386322
212466
16986
221071
116610
775012
135307
339913
139295
99287
22337
569140
175373
27237
7321
10633
135139
31346
395062
257087
624
4126
305039
201787
148086
53468
17830
20109
161674
49841
41708
221630
287784
259247
92747
58314
57954
396264
9305
63516
36799
68797
27353
235733
114179
15820
27618
179775
120684
136109
299677
153266
104064
48517
55371
102326
735105
281081
258805
163131
16880
405418
175089
156591
157029
151213
491351
118496
206457
102240
153452
17473
7970
230660
260135
305657
160215
271999
229907
344
91069
220167
537707
75408
270423
345948
117604
136469
71883
123675
84220
17735
240078
124087
141570
97058
87327
20775
93111
160077
323086
247615
259936
3631
308290
27175
256574
91150
293030
233604
125901
94625
238188
393085
9954
79421
95737
212210
45685
24111
402773
151916
402632
156600
76248
71254
113395
391468
208754
45619
33846
318480
328185
215336
4234
273444
102137
71709
4581
123138
153055
66574
64579
92179
69013
20285
12629
29935
161608
110593
287670
92617
162272
96725
91890
37045
314039
198328
20443
138891
95431
548
60205
17336
123086
91272
62821
43202
100437
180117
47358
92103
26767
144377
307222
351351
155070
136078
44993
71241
262104
134687
147652
328016
274448
13974
132457
137374
251598
139846
602546
92566
261345
99788
346148
91420
12613
345829
515647
62769
276002
23312
301412
520844
161323
118558
140763
22943
34719
35410
145931
13421
266161
151471
235370
497246
103369
188336
320734
3563
95508
185813
52876
508727
64697
177477
126013
355619
25849
255359
20823
75951
128183
146653
470745
69452
185732
262909
196962
279919
144216
585910
137514
183629
276280
71601
19923
390278
246545
35031
146675
448408
12270
70886
4351
6310
20228
10090
332302
4147
302027
271336
262197
289773
65431
23654
850715
189556
919374
90937
63706
85789
239726
22366
84614
287366
238292
1039147
12091
139679
1058431
25885
1054122
17549
191512
254078
640654
140897
123708
124209
52887
388412
236017
61150
280385
104267
71263
304846
228324
20848
264313
113682
217020
20043
271190
41263
404780
148189
3140
264748
260198
174917
68740
17597
275617
9945
71356
117911
735388
136623
437541
142757
42732
3334
22150
59645
1041600
12211
355960
1093331
271699
261308
154289
363401
239747
989229
283411
8373
243891
41848
449399
249756
590568
139337
143842
482033
116218
45629
89073
93682
17471
100479
61469
19601
145040
8071
92966
263122
22146
198868
71674
274
42300
271739
131060
111829
34688
50371
36390
221918
210332
1128435
93637
149595
129712
94351
300162
1276
39206
2934
396033
910640
64736
91975
173980
351455
148216
141526
92315
162568
134682
189028
350476
218302
142068
27191
70566
24245
25249
23667
60941
101186
47824
102532
624596
157255
1020718
403215
153285
694093
21096
156746
158394
108746
653444
510370
178365
39840
743564
210071
807320
565958
298372
1031943
178000
49904
58436
339502
203197
114282
271628
8056
150677
97989
3924
3256
163142
119976
31296
771446
71744
590459
91331
1376
228920
188034
247518
49447
342824
148479
6476
986198
222737
386825
1426
139970
666335
134644
240236
174890
1037815
477250
239985
304963
149834
1813
23571
136448
101621
24658
27025
1090932
93369
353574
246222
92956
627745
82860
135859
31642
116192
47815
185755
180557
25822
121872
570416
92378
228736
59474
2983
463020
755
1267
17962
286887
51035
933665
189069
155047
272753
293075
185927
26388
150570
395060
51191
6895
543991
12775
28173
2062
568681
982255
289316
273533
242464
59161
28759
101175
75783
91134
344070
8971
954157
257022
7537
858
130947
64179
40084
616821
160504
160219
134913
46895
100381
99756
43175
252153
117377
71261
20185
150886
128928
257251
351554
66349
483123
74925
341661
70537
102517
354109
189356
94619
139980
184890
510618
19403
238394
394944
127178
223204
1039219
46972
142569
865156
46949
80702
136605
232612
278584
585515
652397
653882
762521
829609
861975
867101
949525
993539
1001470
1027955
1036970
1039680
1067002
1077265
1099143
150895
141431
625485
61910
178536
150995
99195
66589
21009
4190
644493
340640
164574
472181
437261
139606
127628
446068
387965
295926
305225
76507
292569
143323
61069
66798
429474
232029
504932
247748
20085
92218
103365
20427
141217
222739
79782
93543
8647
441326
320731
129652
437458
631446
159581
69025
67029
200438
92324
74558
71379
430097
290579
40983
121411
22533
30185
82247
635
27244
97208
1047522
424455
292015
224234
326813
1117046
492357
145333
101614
339986
95941
117512
279413
21202
139838
131033
190911
1600
152411
280225
964653
21291
189703
17825
106416
332317
96520
365754
71800
1133802
99323
100005
135402
94570
9518
105242
255420
101567
579513
161224
49797
102476
396350
921516
45674
17997
1085019
149026
822363
69440
458503
276808
69271
162939
75495
174838
7732
189811
300410
763689
328458
121027
263600
187276
22121
362294
285485
578310
647412
267157
329114
172350
49854
26459
965178
156356
339560
7710
52289
826424
13566
188370
101727
239784
139385
191417
34906
243691
44757
29427
105968
270902
1119877
2515
790866
131015
474227
31052
69072
238296
1314
355947
19734
310805
24874
71457
17119
450130
54751
353460
8082
3098
174914
408910
138908
294574
334238
736862
512019
1456
103479
280705
151764
20776
92970
992781
650174
295230
2930
586676
669718
297007
58599
237715
144904
101439
824468
330054
226956
191899
1960
83167
180037
23032
12905
207812
292480
453420
67310
49350
188595
48280
81371
12173
1024137
91464
476469
261284
398092
218858
241726
124931
763850
274558
552306
74107
26149
236247
446146
235913
38300
29620
500155
118516
141288
360792
121631
30334
586803
821149
160705
341710
43484
36837
13240
1129692
121035
190954
257700
149075
22188
13254
45516
95900
853192
636
30553
124375
59278
64646
70405
102869
4527
150175
356481
352452
120045
294532
222719
141924
219851
135262
294293
31814
20691
86933
39654
345860
19497
239099
156524
54710
50843
56209
112835
136374
110359
49093
253609
240537
123065
215354
145978
161451
25515
639145
103329
9237
475230
302711
91385
144303
582614
31657
219204
115676
269526
161284
401305
448738
511892
4469
237885
392202
290264
636177
7003
134355
434588
25727
131396
159449
162014
217623
511
104125
448183
96729
191773
140154
82848
162594
362461
71189
190612
392928
69882
149604
501137
3455
52588
100136
60281
582432
162312
103832
74006
26913
40191
58983
268896
20166
275888
822945
8653
269096
309577
36081
849268
91042
1090359
160800
251850
70280
68951
600254
151301
638869
238192
368754
438925
93113
202820
95827
50078
541479
359053
26741
309572
127999
552766
308116
274434
29483
37490
178280
1051677
94924
254092
84453
733795
493025
702686
97280
22664
160205
94831
20684
173116
1027376
221332
763609
161071
91327
5931
738392
789
694146
42083
9194
153822
34012
255291
20472
58099
40557
402928
11257
70922
593055
975953
94338
277861
121576
797056
296676
104525
132432
151736
27414
6410
335589
492842
177745
70269
321014
219954
223955
97145
206903
63799
262785
288475
8994
222449
54971
33230
625561
31135
64415
49738
299519
92246
177724
220200
120000
1071521
320966
27251
1056757
134803
64809
149223
894304
246484
498434
1800
668247
64544
344806
1098661
215348
910325
16914
69023
5776
133592
384500
531
245418
189890
218472
769197
30290
221393
773844
195185
227568
123656
58398
474002
468144
34990
96984
11452
144385
295881
180430
852061
21287
47008
293041
286576
365967
49750
362632
122192
19052
1040416
680119
145835
157540
429601
162378
19593
95993
91359
4270
178236
91500
178376
27656
1126613
274437
30766
218077
207501
344802
141580
503769
186983
143938
302243
101552
32931
293234
208782
73597
445234
135014
229214
71279
238300
123854
305604
608853
150751
238225
208555
136515
137622
465195
796583
31581
337208
92091
64586
327485
116256
733691
6837
17155
123674
98013
49489
134927
28193
64521
52994
240421
331179
295673
363918
108906
148192
6808
362291
190773
203206
349632
790847
273379
382521
71181
121850
68298
2021
43283
69033
101207
141214
143740
204457
43151
50987
115554
25000
103772
121335
25193
58271
261225
28655
349029
338171
92800
27660
136393
210308
294527
220252
92050
178285
326115
218851
16983
391624
414670
62951
257458
71348
632198
71796
285831
160585
344197
79066
68795
24005
389313
207748
278439
207735
118567
206422
121675
43310
155019
4926
24511
595607
176216
92496
47332
76037
54256
191931
2909
94813
256842
249495
139855
257961
336313
27575
33788
348201
92448
139230
286651
150444
164529
19823
149062
513098
11277
221389
24925
331332
63061
619283
135303
241937
91160
119408
71736
354325
45479
218693
105037
349354
265970
104770
334006
27409
64472
96873
11278
157071
143947
246654
101772
71894
100650
150810
223607
240468
451514
5806
498777
27070
12917
65582
76475
25100
357448
360
184652
147387
155111
240506
241764
20812
91351
262134
101638
64252
298660
46212
3880
126053
47156
163548
254317
20940
30587
23051
69386
50345
96647
296321
265455
272994
108616
92304
347105
93267
71609
531123
506982
97132
64063
31777
9705
448156
121391
155013
150826
29023
17692
266133
26314
97969
69845
99386
99164
120418
16887
104229
90897
143766
265016
206128
259642
86659
450201
309173
1046865
345983
273395
121791
242052
27133
938751
361614
40050
1121747
894395
252901
110627
10121
887050
239543
60565
299378
483968
584314
198917
252232
727646
70250
431549
43927
106221
8847
311520
910926
274758
458566
555808
955356
344171
547600
81687
476460
281419
101183
124214
289589
26786
102391
121305
95620
204981
946268
1133005
73118
188980
388870
409792
599408
789740
819558
820183
865004
1051377
1121898
189237
422998
610423
583897
769419
218987
229004
163117
67830
295054
6452
661501
251609
110822
117400
551920
60294
532589
289518
135204
86944
148340
298835
36784
42544
3515
295008
506109
124293
467302
117356
227506
256204
1055942
59241
67738
24506
633002
190611
361249
10406
124057
27212
190699
576327
104524
160249
836254
61628
626443
144493
420013
349762
12070
179620
31882
207260
388055
343538
356733
284927
859663
221439
71076
66512
275653
175196
499868
104110
101463
3418
147433
278554
71949
883411
294264
849021
853706
261676
22441
276785
102957
1189
596983
488156
203074
16837
132299
94638
139276
69750
1006401
43732
511283
40248
163426
268461
66582
257059
126227
131276
266055
41628
120023
17827
356324
29812
20187
666197
92997
27007
257126
102005
70037
783544
99188
218036
93633
20240
117449
715458
22203
60919
381761
101956
269514
291078
36123
175024
459068
139913
283379
66427
1016153
221873
227359
5827
236257
24051
256775
122641
131358
197946
52278
239774
149995
268768
64827
4041
7216
101266
330148
530823
188430
69634
582737
20627
7646
218730
151209
440276
381856
152845
788378
128914
174955
238055
471584
56196
49662
50412
152251
99751
147629
19605
117724
242115
156884
384305
352469
161090
542892
231052
50268
63196
75133
96000
222736
64741
152299
62073
31691
465681
2274
2159
62719
80968
152019
1035
703520
100501
43497
825962
272285
40351
761542
361465
8274
92596
716610
56565
21996
110675
42790
118495
19642
1017024
627477
298788
275365
282496
50737
161198
262788
70348
149319
388335
83494
1126
222337
142014
102471
89060
819682
97875
11556
66228
91953
91913
131413
139198
124239
692971
140245
473987
369641
215318
273012
135409
272534
965065
177565
22691
226739
389912
170053
12475
218087
126129
151740
218516
241980
490451
61010
296889
209
820313
74820
482791
444115
290833
78845
8073
144704
275034
1024906
1034098
324562
3121
451743
209603
150764
270875
512475
60938
1002735
242723
295927
293829
388779
68727
48250
9365
135885
242881
73614
454740
814592
146279
307969
20430
331919
71939
75794
65800
3975
157723
153066
461724
351632
187399
4441
345880
103340
61029
345897
464841
38821
21206
87767
641970
174885
72284
478140
96394
75026
259457
161370
18783
129878
65644
102009
186582
251765
96668
113254
231206
163472
216476
486
4148
149577
25051
222029
200769
64061
352994
79223
70974
261355
7883
263492
443224
256201
262298
842843
944897
384537
9090
266030
136226
529048
532979
215230
28452
543264
101650
160460
1045982
237124
251445
532970
7311
49494
386011
256848
622791
140694
295341
258585
884
49441
43274
464587
121180
95119
362624
160474
482870
102148
27130
112809
932549
1097360
1121587
1031201
162620
1118953
70386
229988
159868
7907
457386
260952
52918
354366
576322
29579
12808
381500
136691
500149
93335
95599
637892
706232
474211
75847
141302
47010
17640
303323
57918
145742
21626
64508
151202
188601
50117
206204
127015
92187
135857
326560
123528
44649
642816
66936
328285
14332
142144
545621
158133
21836
58526
49549
110480
1042594
28078
28254
395742
187297
13916
1119386
227645
479933
52356
8833
185744
122237
120649
150607
97990
228745
69121
24033
30901
70831
67035
96004
125090
264041
465041
91928
717476
329491
127689
66870
135311
200430
21569
209995
162744
1132756
701029
1104040
1130924
1032569
74239
31499
84337
45175
140076
153863
10449
275834
762423
281592
136005
409288
292182
209511
302061
121811
95430
73826
68400
345903
146655
151708
433693
982565
1089163
1104578
1122006
1124034
1097654
440161
952079
670643
1009780
262544
12592
11704
698550
806822
982009
1076175
147615
113764
583832
140153
917774
211324
66619
266089
155041
134782
12292
591972
155365
217704
158702
111517
131375
21861
145946
257419
232515
237374
1808
10768
72332
21346
9956
136666
118800
281080
167114
28189
7603
675284
341185
587108
264201
71523
157400
204998
256229
319579
787496
148859
120261
58470
252221
75904
455823
20507
69973
240463
355348
166007
278041
143707
134678
92737
418436
477412
822392
192614
877240
355958
94550
721631
450883
349825
129110
221935
244796
498671
240425
71772
28523
443669
431494
141765
28914
13441
47212
89069
27650
702362
240444
61830
4180
130210
471036
46322
38022
203167
237618
63047
271141
93112
254965
142854
159523
99450
70500
309292
117620
850555
599258
99892
75268
91397
251022
135316
247941
135129
13501
114395
241635
666363
785443
852309
29572
872644
33324
478998
220493
248615
164307
482029
27002
486747
80160
190599
241648
38858
254156
299537
643699
120459
150241
101203
545657
94824
32006
264146
1063
121108
243366
217189
7153
70082
77872
214192
98069
331817
54777
274335
246508
21185
272712
153888
474320
100447
785379
7661
483786
1030791
2829
64744
188052
54635
95975
292709
382660
128756
57941
25126
272288
13943
127208
293958
33839
28480
94284
241738
204459
750785
195987
159305
431485
156302
146673
141295
854711
184006
192503
275805
828652
830943
95627
389115
37241
96111
119887
29127
92300
59371
29209
75321
264450
899510
97292
1018282
97954
463220
135272
64573
146415
22883
896165
838790
108677
14042
287308
266107
227586
329073
188313
37017
852307
276285
28605
99177
261066
94961
388003
21122
92694
77146
20978
1635
51338
4574
72208
70251
4305
139974
264690
671207
99940
92057
125701
3762
232041
293552
496447
133665
1041640
119662
262416
244588
199172
242000
246587
122068
272298
16896
208570
120364
255302
267033
26531
25781
349613
474668
1057854
174382
57897
95756
296632
26957
150640
700
114123
160875
450974
155641
69059
174432
101749
94354
524251
835984
25522
156895
264381
40362
4787
35385
21591
10301
229176
102527
3523
276560
49809
28054
416718
16819
100421
497660
238080
197933
910925
100300
144145
149106
116356
134931
170212
135452
35008
163480
134621
632773
274331
83492
484393
28726
72292
241741
44049
74831
61084
873146
134669
23758
201202
200787
135149
275298
100099
160697
313583
91147
301446
268111
389147
386420
267844
404742
582663
493343
238931
890465
325541
313105
293624
69719
148720
267992
773
155458
278843
53796
242064
179831
144543
87064
36085
29950
30682
121627
92775
178779
64787
147012
281116
42948
66704
93709
201665
581886
22244
424395
100576
113466
97603
135840
240439
653506
12321
135590
386044
200162
315935
52938
47784
324574
1546
352790
240514
97027
231077
84165
27306
28597
99789
2478
149114
42217
31316
59524
152934
69959
47438
255308
160480
45582
134598
17704
5981
66668
546761
908241
286437
136542
341510
178896
120567
430815
4780
114089
274110
218333
89681
3024
64835
26769
23191
28291
273456
139811
73904
92595
58694
116021
144425
239524
352721
13635
178505
50960
338985
277463
146302
45654
191572
630594
92414
59649
101941
414604
44454
92546
59523
370554
44492
3201
433593
251579
177918
147840
579848
336584
382791
1992
391472
29106
26099
302
141665
160492
94603
157581
4005
872074
89690
299562
320367
240996
150292
95921
319577
149666
92308
511995
279462
482745
13918
242067
33196
113316
120535
50955
61911
96444
27184
29168
51845
267666
84331
37541
505437
164728
155842
160971
626441
40566
226410
387545
199476
3288
456314
233611
99762
367730
91168
75772
487229
906265
208820
30455
105765
68519
91940
148444
10517
179825
96923
52786
24965
33485
147496
97131
689445
40518
47389
21074
342701
521097
78523
23950
163054
268293
120446
146187
59402
238266
101563
141535
299041
464354
124858
314236
252156
1045996
158461
11062
242150
78934
94931
552977
37197
95163
143742
99098
66643
25115
141576
60934
3994
29308
147900
21966
243323
962083
44471
31667
647876
201408
63851
145372
85605
74696
98363
57933
40417
52663
102948
273434
142124
321896
209622
12942
670116
351797
807279
1018754
96441
96218
403363
797596
95002
169292
1749
37841
19907
132957
131373
151643
148465
1041614
452704
206666
66378
26389
141839
153860
4009
308912
24917
102101
20505
691762
82526
171339
474
40354
70311
30563
23341
64666
135862
69337
153867
59989
39959
445765
722030
8541
287083
26554
89730
322128
54663
251518
141224
529206
143941
125758
299800
393720
112583
123742
648770
475351
389623
134745
1080005
215349
362172
22636
3517
115606
91386
919615
28238
64703
394443
208589
241378
393122
701053
386286
747146
208871
150973
188315
389574
149193
143828
322086
215160
120025
25333
49805
74110
20074
210166
91989
409055
347349
504925
419818
174115
158748
288554
310283
28492
46869
170881
177046
177327
183877
199965
200614
209332
240559
279171
286840
298143
326190
369224
432560
440651
456576
460166
512210
641447
736678
777686
787938
789507
815525
819713
828724
848586
871430
893450
917338
920065
939902
942315
952541
1023096
1042154
1094839
1106787
241199
310596
435829
893374
588873
22452
662897
469647
567980
494169
117349
120176
212050
18324
443044
188612
24376
220507
20645
146929
20161
31721
367945
102184
318885
97545
558091
1056415
48188
151924
23582
242168
13453
170161
409058
102451
101014
26532
474882
458445
95422
988182
272929
206467
674201
54952
389066
12761
77282
963
264026
49777
95486
252197
517741
13036
224895
253118
91080
301741
170445
298638
120150
482756
92202
223466
120410
30201
92221
162179
326618
246503
117742
32370
240155
145740
158038
703884
66404
160255
94827
865277
172683
67733
523312
128103
661830
283469
160633
152136
144763
262911
126182
203342
599356
207187
217479
329150
319680
345861
46936
155053
569
455205
18631
291151
40279
670316
17611
805247
118770
382742
97551
26338
268493
36082
84222
26190
255419
680532
865039
26876
351482
271791
17123
1061300
297045
341671
149376
341466
120003
603572
70541
563770
23328
37471
246530
346807
7934
402940
138773
160489
211325
544726
139603
16895
162340
145710
29611
70882
256244
836530
435431
66520
477616
301056
293792
658491
960683
8246
26794
34386
453710
1010709
78932
26691
270350
189687
65838
232488
201399
494539
146826
899455
97059
209594
180914
532467
837595
584055
329070
972893
206150
241323
22716
149080
7084
178425
325985
456136
58363
121493
298624
18396
767030
145605
49747
189045
21539
106534
50992
572643
383630
23047
119617
505150
9516
220373
44045
61135
69794
33941
104215
91316
49918
155020
145970
489106
83871
130912
320822
87766
30714
236688
154409
76683
205488
154350
135285
913301
301444
665184
792848
24042
6251
134258
17785
96419
24387
30671
122722
64574
1258
1087936
101997
215114
211272
30194
140797
221342
598425
258922
95075
122093
97340
122061
406992
222718
31704
34021
22114
97871
79269
982287
478809
17716
102564
276090
407183
153482
406774
518527
66564
251618
1097921
559976
102548
264252
207598
161428
148766
101095
34946
109120
750603
61276
191077
156528
455232
368245
128560
648736
23723
13348
7980
69644
1042197
227368
49336
157750
236020
248764
712126
221069
220161
159330
1089235
145266
92877
350182
275939
1116747
304953
95124
152564
847379
121551
579950
98114
95252
1828
243690
36184
153472
448163
153413
240064
1104401
1117661
314490
268634
26784
148125
91518
146836
162457
121612
4082
476216
285259
150138
70854
49932
28722
6392
103259
246423
637210
470825
21316
269941
293112
8318
16881
201179
464773
144335
724222
123459
246651
123770
259439
597085
393259
419758
513051
17679
19615
432490
91290
308448
221783
49807
110328
28386
129159
528616
177735
237195
184733
340900
159314
3120
394395
104030
106552
139059
361123
122020
41129
71065
121758
27201
624545
124538
125931
474868
93220
451789
521003
278421
100399
339895
255967
3376
134004
616743
281401
70359
136301
242207
720695
241407
104025
64293
891897
94165
123666
685576
334266
59123
364557
79770
184910
46938
98336
239752
22325
124958
11105
445460
65169
295556
28546
8018
52756
280592
220426
118571
72120
296375
37551
777603
343366
449985
2550
70627
69534
87526
70244
153042
255137
4522
162266
23098
155058
229303
117854
140198
118793
326462
135876
937363
860609
381575
864674
797777
76563
12916
152525
154400
91275
55126
511100
438478
43881
127340
90829
288496
78840
64999
52977
76889
125306
1755
1038790
216447
651785
30210
92391
475663
7157
139203
32254
204517
94747
402302
112
458574
91297
40391
28441
637145
116445
554441
66976
87476
55742
141534
30410
452510
142134
71759
184899
158545
874061
190483
86015
134760
114157
134893
59398
147939
30305
262109
262699
476061
4880
127985
71901
893462
68931
255860
222119
39864
58258
58631
815529
242235
112529
120066
263348
332096
132951
263653
1095009
483200
858880
491580
146341
569412
318058
265978
68993
188468
138990
93959
58425
369561
84517
645357
300180
36404
30367
589082
19644
7110
92664
5829
632795
75223
751242
118295
135259
100892
230265
272539
21211
482430
4754
70150
246557
298826
386765
629682
295266
363824
263709
114650
75548
343308
25648
33826
947275
1056655
206471
158701
278657
263457
220743
99158
43328
349633
340551
29024
68883
242268
23373
133084
51144
20479
236223
99735
208470
146668
19606
302062
435117
70939
42933
4380
101792
968612
1046773
136390
219258
153847
128785
276944
143275
134785
147177
705963
21217
74034
119419
78641
114070
313816
96012
19649
464630
216057
216004
135037
146379
476014
637
26988
356390
230750
120719
88089
42310
229183
32681
25471
192215
1024021
386123
153041
189515
189743
102628
27333
16842
136358
16726
449424
127206
327407
69785
215941
220434
249757
140964
200232
66032
29825
75423
354751
272038
78976
1010492
130928
37544
73935
233190
476217
208472
49804
362178
652839
142116
285538
248608
135210
318734
22161
461371
144923
281403
543039
370115
498967
351370
162342
134686
195967
95817
203219
87230
55108
472210
74781
175126
132374
148825
217983
130577
97511
230656
41986
149600
68008
248776
94501
41521
58129
134902
58570
247135
134346
147849
113977
281237
1016888
402836
68015
195388
207425
69253
153813
20070
72035
62742
97227
160212
33639
396311
93812
134616
3289
92761
202839
108682
455056
123664
544798
68936
177710
188591
129657
457647
68623
119825
65551
351440
120497
218421
344602
361256
95809
71909
262917
429453
461364
156964
3639
188483
204608
106023
101553
75186
217012
492733
258265
60986
17250
32312
25821
95578
40127
109069
259385
239439
60930
261623
47660
73655
29601
202818
13286
162268
19906
270718
245751
49413
345865
848693
184170
259008
226520
321084
27398
269551
91353
239602
26294
273108
31586
140876
52745
351815
27586
218576
123790
262504
37568
121555
352057
140758
78768
347116
153543
121058
336136
24955
59741
145332
102506
114085
19618
17927
31707
21909
522076
241747
90927
130915
101904
38408
364466
69937
16805
257955
286997
268002
125854
302237
22138
238298
101975
37599
92038
141575
236863
32008
199600
63522
134611
1292
209356
631422
161801
241724
96767
22303
272752
159472
20300
66700
102086
397661
152626
220727
135027
108777
152579
141528
27079
265256
297171
128037
136387
20955
121923
244587
272749
179006
162155
219040
8860
9793
71243
91182
21029
37235
58724
12138
138030
20932
137183
563796
513672
281421
97934
21215
255014
363278
70600
101674
90922
57921
346410
24211
416528
104128
473215
16858
127271
44989
151874
104018
450
128532
158883
136248
694887
231081
506115
556085
153815
20400
1047840
92647
93389
92643
528397
151981
351890
99305
180378
634372
6824
455770
120007
189766
502974
124234
156126
744893
1040521
541
241485
95426
96050
64078
175322
121398
121788
26816
244896
68700
51058
9035
610526
47695
30545
487738
141836
28582
205987
840384
38862
57880
41954
26193
104103
114055
158649
139098
290095
303045
101915
422781
815420
37150
6404
146678
190695
21882
269105
445895
95936
63589
3114
692307
351953
4043
692
239596
384313
57862
290237
261776
364340
597640
188628
104090
227435
140549
147846
91159
646658
66590
744010
193007
222776
747638
17035
66676
146827
224243
240878
135276
61193
451211
295136
287831
555833
117202
244268
118508
185735
219559
1073245
251872
71292
21203
94549
617
841890
270118
93001
102856
137759
131091
170111
298821
70536
91158
242408
171008
1070906
1131807
51716
680291
51049
30928
37014
21763
94668
94950
450351
157552
7172
128262
532890
101090
1087534
296796
175098
95521
40147
157175
239594
22496
933134
19234
1958
3472
50102
660677
864557
868149
917363
969918
1054897
1117984
894
19674
319339
82772
265010
673097
286203
145975
208553
23251
20573
787809
40024
30822
50818
119971
249635
2569
191211
124205
97184
197062
3837
150233
216483
136629
667305
20005
626112
7226
840432
175029
283229
128852
193012
35403
451418
174993
32923
453573
126132
6491
767629
159004
146104
290768
388415
118195
625623
255857
476874
1117195
28785
287656
153
162456
1063686
730230
62760
511034
240455
24889
121226
768707
3440
684163
109866
347314
24819
87699
143511
97540
251716
280652
386696
141212
387953
341793
92923
92248
77330
55636
97614
21010
148185
39194
142376
356377
216095
162326
251548
195394
251968
172522
906
4223
430255
455987
150486
584039
57887
339140
267288
186124
255254
39963
256680
143757
87087
118026
383584
37001
58708
159284
608
136222
110304
33736
3096
457442
27230
73007
257250
230955
188673
66361
1113362
159863
3621
454102
270865
75112
145579
398574
171376
69637
172287
101530
161367
94122
281762
455509
139919
144150
91509
440192
184055
396340
45766
31595
270103
576106
163019
40427
3601
625542
42959
361574
423677
1083578
334748
8848
75219
159362
18360
41849
38702
21151
455858
352037
440260
273907
70294
698416
61892
660513
59018
395711
228937
115160
266390
41553
230143
23823
1122805
712163
149050
92855
22552
131400
123044
69103
3397
207801
433451
785348
22734
414064
84421
309610
70337
30188
27060
274267
68438
163807
7800
226470
186610
21082
207547
1794
7655
157509
153016
97088
78393
236240
144924
239598
144573
617592
242032
292585
54886
34231
85431
71745
222245
226163
192192
299240
63856
27376
134146
821940
474929
414306
114446
76957
475319
227107
32810
273752
27331
43982
174611
240143
23857
49587
105352
82877
161324
78989
831502
625852
190754
271196
69994
145624
192216
83854
1132055
464515
104272
151763
8459
1001968
95310
48368
121740
69005
274176
229321
518071
278835
783651
2045
38734
97189
487516
59022
283204
97122
143474
360639
26514
63636
141855
6916
780229
247610
40445
150004
44195
257094
36322
201569
74261
498007
382938
26541
29763
504414
82402
464072
49629
188428
27154
1111
1878
94967
164010
671039
504375
95349
1039103
696885
126081
292220
32012
29754
41949
76757
275672
248198
266573
146659
341393
47633
120557
29658
91309
222578
138043
275620
47804
184858
199350
314857
422151
393388
95398
118282
19246
25733
645064
1124532
122035
291984
264025
84225
54641
2246
382554
101470
30635
240385
1044642
345821
136352
31639
94155
7500
20013
100921
552187
601023
1119501
8590
150626
98204
267084
30412
578434
253944
470805
70864
148486
586206
146097
583751
660040
475055
96144
285536
27289
477767
45743
287765
332721
49550
154310
475871
792989
319054
120169
39195
318770
583012
49698
172426
62164
217532
210965
147466
238829
992133
786429
102681
225528
252776
420032
416604
99344
96964
263271
94393
570678
218924
31930
190626
95849
100419
179933
274145
239611
406149
26681
114257
75598
102242
41703
95399
468776
146382
465423
59158
172495
92158
635967
30467
135403
135872
296262
163464
227363
12733
659930
86002
100662
160163
659158
177593
278572
238451
568007
96115
706121
24025
50052
200154
150658
203046
13502
156523
545569
163592
349775
64245
569773
7544
211199
69770
154322
89545
51624
659316
50982
586792
149759
58261
382775
253570
299561
134724
247183
82716
8882
416158
503575
385440
196552
26184
34339
265115
140740
196781
266649
274552
252205
326503
67091
10073
34992
801002
230743
7834
247315
938861
152550
222659
11656
351185
226590
500088
70934
509938
426889
21242
153349
606591
16980
152407
334228
72197
101022
335856
137513
690121
20301
499870
83718
154198
25170
150255
186952
70180
79708
128144
104594
269156
212351
70281
145349
352
7895
128327
528393
363293
17271
210043
128365
1264
21252
128613
192450
21695
216445
71687
419978
285036
278402
146174
275719
1021652
240058
283382
546033
119474
158150
216839
170951
20967
121870
473633
499606
6356
13128
185778
670860
38867
46614
156709
334335
1081864
1111821
128682
244421
102110
29623
22719
1086529
19948
116810
636262
104779
208619
260231
293860
13304
334106
402942
477305
246478
127625
258877
260208
452226
130492
155061
1009797
122456
744956
75953
254997
70902
92245
41157
15330
121824
117697
166290
157569
1007795
68681
11906
41945
77578
18477
49440
270659
122769
327966
1072583
72100
76804
40116
26813
458491
31066
47426
248365
149311
103269
141810
960276
737640
240387
157191
134636
1076545
236608
21438
843289
185729
841551
483751
139178
452448
792722
91306
341738
28590
625880
148860
593341
277782
121117
100742
26481
102490
347473
2880
117047
635251
104774
181026
854182
80170
136748
582103
1083259
14134
50922
671287
146831
24527
419333
494162
95112
53634
101180
152996
235901
326101
624592
551128
52178
362673
1067111
1081076
1016334
1024488
1114736
1127383
443808
71480
78438
510651
345928
69917
16926
131027
17606
160823
229591
253828
387970
117450
200744
473
3359
50064
661
361783
294349
29541
159278
2967
140539
163561
139301
91332
351175
64516
227400
283266
503717
27309
160393
71042
3414
120827
353677
243002
222448
101943
170205
251969
96655
244990
102789
222330
207624
267379
318707
620379
117976
37114
109130
152981
258205
21198
92177
155046
564503
353449
100024
20344
414676
524195
19722
66795
33451
215032
20780
95156
47511
162593
91951
389124
110807
144279
75236
246226
351361
61063
718965
36475
151767
103540
275149
299741
235371
99085
117943
43007
3072
227705
240314
221692
3543
465983
345912
95269
602966
446724
95617
823944
272683
330032
114426
263479
152182
131619
499026
4060
554141
186523
135802
102481
144778
339437
606804
245141
393500
199895
328152
247912
622396
280260
215315
161959
95355
307633
395100
156601
263331
96483
192188
145459
94547
30262
98216
130631
134715
225999
151896
268345
60179
155040
12281
190914
86044
851792
2534
217767
348348
323378
85458
312455
80321
134612
225721
104012
295227
60154
113841
92614
190582
698545
7047
164816
132935
141898
71733
7656
27150
131075
93397
50844
134767
95060
134688
20575
53797
416135
336600
12417
157967
125888
121874
235902
141743
105463
262058
362415
12506
150896
229996
125092
19368
293831
247162
66763
91390
24753
136944
75455
231164
117363
180058
61492
297580
323216
22490
319665
101417
16918
257152
244191
298915
7828
389951
129883
242211
96264
297584
260263
369374
178227
132791
353840
240019
272468
28265
12491
21195
329521
180706
82779
59540
100283
96591
64470
269781
232377
113851
201760
147463
44517
158641
67965
275146
47636
71721
58971
25810
188053
489828
143729
177432
455277
148212
21145
146383
162582
144866
139224
66934
119200
98312
468775
58158
271484
198306
81892
163565
91442
98454
117269
63171
78929
195372
64599
594071
446503
100008
533453
30692
600368
147110
25898
93040
360039
245095
131353
504719
280036
386364
242001
245102
894661
988538
1121677
997458
56374
918132
263832
265606
45492
1116365
1124846
137403
933525
44317
456890
132643
206440
565580
650883
943725
1121341
244335
32696
966731
27267
1845
841772
408903
815647
277400
159211
47745
110614
52292
31416
150776
174032
155817
137252
1000235
101086
124555
465993
244413
156483
75462
170110
352257
71874
178783
8215
67844
110350
26308
339258
281396
102788
595732
116758
10846
127280
1115747
270261
137600
76009
71067
433496
32991
528964
498574
179599
127621
351349
285436
193922
486781
742946
75657
297064
192552
156496
103373
147163
101319
738890
311985
1816
359599
834338
950954
969281
115383
352688
177642
112814
281336
301774
342303
70400
31620
154012
46271
575187
972497
1029282
1083695
207365
110623
319614
229197
37755
70293
988823
133072
83622
327525
240935
28444
128208
25238
767051
135868
65756
981918
996187
692730
70101
220573
242579
221253
101921
326056
32589
243315
27979
74932
51589
13471
389166
211283
277381
290594
59748
28705
49729
322164
447754
447004
3016
96024
363262
1008737
994625
155811
455202
91187
77136
92773
740565
641359
353558
298688
179845
450159
425081
9454
364362
346304
896208
198173
30193
151915
775405
19967
145679
130824
736578
579971
40272
629308
240308
356335
7192
780533
285768
20511
449378
65030
144379
539487
65077
751558
568196
72135
383139
401613
465180
41675
86808
390135
18567
135271
201432
18971
49468
809988
406161
23720
1121230
55229
155034
532804
12045
96922
295053
29767
716357
32685
286728
13460
124872
159729
814404
84294
223658
171372
71586
908319
144753
1008058
97605
49727
202823
75550
28500
207753
26027
242467
637114
209433
343457
89836
133711
291808
139258
117359
1517
1843
133921
242132
160954
114966
200431
349030
163817
420080
498795
69665
219765
70298
452960
825319
89779
163777
12396
318686
94138
236869
494786
224219
424930
66982
641314
402074
621388
242148
99309
240404
208554
261737
69267
54835
163685
1044391
289590
193368
299577
218004
513505
608890
134783
92072
10214
114279
78411
104447
238396
31940
91995
21716
217457
21139
146589
103573
226852
771586
551251
84163
484937
161285
316216
180680
246875
95542
8601
229323
61116
632618
261506
28424
539397
419051
290715
30715
96027
487855
162082
148858
46994
329363
1260
43935
31681
188723
565164
139255
154821
482337
257777
209637
92105
183891
243698
135140
590042
251841
19230
53417
142040
219359
139212
267564
14040
99461
274519
333126
235982
158266
188347
159423
256833
396345
135449
99352
1851
7037
984909
96121
31659
1108460
310741
64221
6174
440311
22997
208566
73598
50274
21705
220222
52124
369403
97187
30227
587514
200191
97199
77247
31467
221671
1094050
255574
105871
286202
974167
1090712
101028
42595
146898
37596
248660
348645
237090
72049
297852
30693
79073
452957
4124
105864
263565
4333
576329
1042493
109555
21268
16644
117622
162787
582425
195981
111520
658568
218565
228928
154024
994406
512469
134649
630307
1092586
562063
469663
156060
250614
191339
580790
25107
163018
96601
18865
61117
209379
613864
157824
135028
163122
325909
174747
174824
94323
29397
156382
1053620
92329
123122
20957
963115
174812
40251
414636
161800
134780
222925
116126
274500
231195
71485
4118
329059
619572
70328
274523
57908
1127280
81294
60148
179673
791730
47248
115248
84404
566778
275708
45764
60973
253317
94571
506835
155014
1024920
602010
348528
51567
229732
161381
6802
1778
94370
592621
775403
114073
136462
139502
921960
75411
531887
28911
222868
914879
27346
270491
58750
44094
119022
96262
652838
95357
434699
1028377
634365
25689
153303
195314
140430
131451
245113
296036
544841
95672
1062863
326590
466181
135187
498997
160821
299474
61254
61314
102761
257495
684096
247141
11560
626762
500770
127461
221278
122455
121810
179860
26926
150192
121699
606795
69257
30324
200177
454335
105724
1131475
239600
330935
519720
257214
73609
889937
256985
49913
790143
351506
240415
295140
418763
25245
446250
345158
19597
71648
180842
103197
241959
41506
59991
287671
43074
268367
148513
456884
349066
149318
484938
238310
245233
962876
82624
123106
241545
13856
251250
1128565
177335
237406
233225
8260
897641
164767
92193
331602
94164
275549
22986
19617
552789
66429
285258
16722
3595
44535
325015
59491
71514
400889
461774
570653
7950
26474
956215
700945
485039
836564
49636
683585
101936
1029808
141487
105680
46135
1088436
45742
16735
166105
902449
21853
25167
323318
63519
74976
25187
13615
140145
359121
96280
180124
606480
22049
959040
72218
464299
238258
233199
59536
88441
29013
26342
230192
541477
94858
227501
22052
77279
161254
127560
207523
9398
44992
164046
7801
245000
153922
32141
6780
28921
545062
248984
455010
89372
173320
239837
64529
11858
147950
208851
62162
154036
31674
894396
450021
462982
211069
645363
102120
24322
224973
391956
33463
42180
78824
488352
105241
44436
113974
216325
98064
464892
140463
8051
20918
18976
96687
265120
203122
1132319
203059
21116
541380
58178
7762
249382
64946
619273
437535
293590
69928
62693
227967
407173
260424
849015
207555
678285
146545
197251
206790
101878
824471
1034141
26946
289756
839283
522576
326858
561980
50275
147930
141909
676363
772483
278075
199046
268375
110479
1802
450072
102740
133720
969934
32093
341617
477870
506178
22340
547373
73964
203073
25809
146690
471432
103199
10649
3529
8641
722398
574431
62017
133803
9225
70090
285587
191087
439765
226975
723902
691761
91427
63699
436671
675493
891885
91249
648377
227431
210594
135170
5674
6632
9356
31471
32449
64098
72966
91811
122563
157827
162366
165876
169249
170092
170801
176359
222975
225195
236200
246936
252270
253486
257703
276449
290131
292683
321616
380784
412779
431680
434184
462708
463470
474406
477231
486844
496392
513508
516184
522994
555514
617956
637059
663834
688763
693913
700328
712111
718402
249352
141617
959755
50841
641637
92917
268881
327928
529424
229863
21090
186174
248302
267378
49888
328146
141684
828233
198326
867446
17093
229325
121429
81993
370231
28283
23149
31397
275163
115951
83729
6359
11270
20399
151560
160438
241017
121415
256731
207738
227627
401509
545324
61023
170276
69203
4718
95942
446810
299749
49470
352736
11710
179724
156785
297675
89733
143454
151436
532947
145463
3919
267249
177636
371312
4269
92370
246660
48363
122762
128610
43226
178345
498789
70597
30407
22877
147427
64322
43270
296092
96312
71225
23290
322083
238558
17113
57977
39191
304950
174183
77036
117368
540246
188404
73858
75751
180180
114193
21292
30420
28320
25769
402043
57690
255935
94142
117829
19826
69809
64904
239540
29084
675876
154183
4296
368113
64066
221505
93407
359332
831
218343
179834
7981
143794
21850
503574
10824
26563
319371
351761
133094
258423
203055
37618
71199
314840
50248
206351
91326
320008
364653
387479
72817
151978
45481
103322
53320
64753
636389
261943
451625
152021
248763
94605
91203
135361
138890
395068
207259
134877
600756
233099
152844
299739
190534
49122
145141
326915
345871
222619
172888
293736
69555
106726
4809
549362
177858
302359
121233
103405
103875
303337
141488
97270
240185
37545
35358
6874
144773
235462
50797
349378
299523
63619
613777
75896
135199
218349
330973
521761
216598
236681
346164
47637
70674
100747
278335
17132
70969
240822
39169
256151
701573
348769
327290
138933
559245
216475
44244
318706
159677
143774
52699
20258
120198
218881
198310
215334
414665
91256
134615
139799
146066
134610
69429
144297
788457
69481
159448
260136
387507
71787
131012
303608
574768
506992
27424
151922
31864
95361
160625
10602
270637
99225
100359
208590
235589
327904
123655
71906
266059
110769
524060
68473
397605
175233
7373
31113
65561
70314
239264
145461
206421
333453
599114
628024
692215
736618
740027
741335
743388
760267
763979
774101
779217
780337
785970
786960
816495
824212
877740
906425
907711
918476
926073
931545
933524
965466
966693
980679
983819
998623
1000358
1004181
1013935
1019990
1027226
1031170
1031500
1052117
1055874
1057538
1064372
1071065
1106792
275955
801202
952640
1024626
821532
151657
1118306
10495
994570
520200
49752
552932
229340
249093
812791
448020
77266
612647
3615
26781
31079
37138
12943
210101
338134
6344
136496
257641
472961
174216
64812
406990
27928
1021388
225975
136417
273202
394355
326811
149589
797908
672651
699505
247768
49818
749144
146578
44502
187286
71781
60937
27132
30614
285056
242095
322623
26550
46939
193973
101202
221789
160327
249393
836987
31654
155512
261220
209840
91214
252148
49735
471468
4304
19846
284107
174340
427634
624474
497354
317449
938285
154296
11177
241853
290725
272073
248842
324625
446632
237746
108964
141226
217299
371638
94898
130890
1062184
92122
843585
1073640
198837
63044
51326
261244
262038
26620
294738
70437
235579
195370
4367
286797
95457
21247
360888
209439
4896
787837
298433
23008
978589
487253
97073
657873
253769
95338
612312
769786
95192
112162
71782
61336
744120
130624
162745
257354
938797
456680
911114
26942
247828
372936
95054
160627
51370
175039
900425
238385
985324
28602
157114
764346
604266
326502
20048
188456
456293
326703
936726
185665
76062
65072
96183
115628
99775
624982
446150
8358
979313
170982
270583
174232
146931
4953
23153
69789
240092
185713
59187
225729
33887
645717
102088
27228
632564
148130
387041
147
254670
156634
7791
1608
68366
576290
113856
610047
263831
174945
22372
120721
71663
506103
298468
260444
131409
125236
457693
662325
27340
146809
590194
128579
124188
23986
220425
554
151441
264777
258934
101434
148815
69445
21111
38836
597723
1995
422085
161867
120456
451410
49531
201993
289986
616379
31842
364206
449240
544749
404600
263813
142855
8471
261624
260697
177591
5079
161380
4255
71559
249744
69030
37791
71052
509697
1124607
341046
116440
807615
11854
265197
160217
97712
55357
9176
966996
287196
291087
911881
251662
55739
247203
12014
1334
151317
642113
17873
198156
326656
243032
402555
102141
189700
2452
294504
20745
220140
146722
3343
282557
147254
247219
162645
228870
68707
49429
12985
201350
21153
183633
206912
96806
164139
30345
74956
145561
302241
42989
856644
27379
61007
226446
39105
730199
276158
46896
245522
30700
293702
1127200
856910
23776
121579
121648
473277
92127
631829
231084
279970
256524
20107
144635
253690
121519
58139
123704
28359
475579
296005
913181
142211
369344
1045112
973399
699654
838933
263388
104737
174296
1016794
71698
158942
27234
654746
20929
385688
513248
69262
22524
455403
91792
1084990
893556
95113
18086
419358
277235
216515
20144
163859
264371
140388
20338
1062515
238178
685156
146173
71062
96193
270835
141536
43870
53791
39931
328494
331421
34474
751379
153518
36729
64839
141216
61817
209109
892328
44508
36487
33899
512255
440
767622
267752
627014
214201
50165
189798
49751
152178
251839
612727
382593
17267
1513
38462
275737
179978
158518
229286
77675
91480
327
237123
843637
146191
12811
6941
1118078
178705
65102
69967
341897
118160
99785
121636
70788
125875
138921
381396
998622
218030
891327
92357
638036
122013
1123585
23370
368109
51005
201560
23491
78458
352267
275302
121146
155390
252190
636249
126030
299317
260625
102871
121346
368825
77153
118671
450975
128808
246162
99475
852025
19937
2008
158249
23013
54682
48539
85409
160667
149999
897393
924426
226854
105415
78500
80947
274473
587929
623
71899
331550
353932
343497
7722
129572
832468
128227
326818
106267
216777
124762
117463
264024
130029
179664
99165
136398
29944
79067
274193
111566
460650
47062
271893
161788
47827
31892
656975
386428
232312
120766
536858
20404
436190
27293
19870
583332
68676
147934
576273
980535
94432
570388
255609
23662
865920
577733
30417
940578
450362
424782
301399
206862
120575
584525
92142
60681
1027942
38036
280047
90215
630666
28442
174856
569765
190896
4852
18241
322261
102396
91003
660972
114066
180546
145777
240970
92479
367964
190636
199532
275128
96486
65842
19834
25747
164983
751662
41132
920136
346619
253167
47399
344437
272816
192132
634247
906486
194952
272871
64728
655098
498728
61794
9878
231205
94127
140356
141397
65531
278982
68909
445464
160451
29741
260012
488284
87209
226795
4376
590757
54636
197783
769807
298746
30217
209648
550448
24847
510342
150211
134294
11546
414107
146139
396254
72185
281083
101541
254050
58408
65277
134692
20965
191972
390144
135389
33607
70035
52371
239659
30282
59562
74323
164011
71834
94789
40429
767436
54839
157145
476420
28019
137582
490439
186903
59499
153160
6989
151660
135293
93548
215680
497824
91307
289920
270274
101195
342032
263311
471309
580655
50990
467727
124406
65814
52125
219884
99192
31131
128592
207466
148822
221837
483375
186932
320802
226358
10545
76961
414606
270369
233335
156839
42763
51529
83620
141144
140466
51351
24991
405469
7616
639581
139293
600053
69536
685408
174073
108556
893547
642836
27976
294217
94137
960762
200230
25201
394946
846402
162186
132602
187273
636986
96197
25231
731501
63677
269
103239
37922
774005
163132
149057
259
26771
179882
1109685
504940
545521
58125
171229
146802
632998
191653
21135
671018
141583
63472
86021
2127
131035
209915
231142
521522
131620
28721
156158
623687
78839
50151
217031
763525
48469
553139
136926
50930
281443
277812
677227
52471
4292
291807
70265
1050327
35020
208422
195455
264241
71319
972643
158505
246956
27335
148882
125700
24365
292595
416712
385364
47654
445453
106037
151641
27121
334168
151628
36623
449658
31086
21241
32404
145846
256613
174274
19491
191817
246555
30308
101945
58488
152979
143825
51597
143772
196392
587325
784847
334504
160978
170583
477511
237947
188288
91522
143820
151670
529769
101699
115522
349673
259619
245
161088
239877
318822
219331
133115
334526
184280
48747
26404
319262
155015
221937
258563
238924
22330
142478
134683
253382
120005
66963
4604
46043
75065
11692
94593
879593
267162
172973
143696
248988
640651
7251
151404
187356
302197
153549
200770
764125
17852
227562
20137
924524
460810
130966
255831
199504
20716
102528
236056
127332
210148
493925
216627
96515
73756
123102
123281
635702
49835
137461
92977
9053
2529
274027
325011
115062
1388
31090
16985
141568
92826
252287
232833
663890
96049
30445
16725
289684
246673
136668
136979
160419
43945
100004
466942
175084
148447
69853
157974
78939
123277
67150
146852
74901
348236
66646
61065
430494
259648
91011
286207
255680
239904
158686
401063
227434
295106
71338
94607
76795
57885
2153
97768
140759
96343
46925
57305
75409
261260
62705
157050
265270
229668
312580
113236
12850
160897
18379
28485
139273
156152
134689
12915
150773
290578
34632
110467
75769
40457
393994
227897
109254
218034
13497
303616
139243
27387
389330
254360
95666
285748
201102
92799
518361
130116
114051
742747
71935
92178
6377
9657
66773
91465
127064
80180
161684
191905
70926
356175
210499
145043
165
17367
23727
239414
192344
122989
39340
198685
132695
184224
158383
258603
260140
41253
42574
197936
341578
89842
4708
54624
187303
134603
134777
141559
155607
142617
1812
55123
40276
152379
26940
300185
71765
216941
349637
199377
622470
7148
263418
151852
91335
123919
309192
281404
270712
27073
96279
153532
842510
71395
309184
440144
251768
7875
331106
95108
99465
146581
242806
4137
247285
149259
52976
161593
26411
3759
163125
124511
668
91243
92192
462726
52435
8238
289465
157104
85495
659328
185751
134684
128901
341865
49768
347471
17398
185976
616487
841780
102036
384515
137563
155397
102759
235891
595413
99795
792701
317476
242255
293948
265245
303671
143807
97207
268934
230651
645167
292707
206902
546491
184008
209545
262490
648614
99170
1507
617717
76515
96737
14088
443276
565845
587742
684525
929478
1130690
313798
300334
546218
146952
595096
499848
210250
69979
93124
142939
16779
47340
10650
91257
567963
634376
636298
281727
13459
601735
1040399
719264
134208
487566
252697
174022
584137
46304
1089251
263634
191941
23025
19717
101923
331001
3302
4491
319684
40979
43236
148451
180063
96561
258355
1048872
258951
158053
69968
69477
118236
836191
852042
71005
86961
43139
19376
1035813
861178
883241
16616
75324
43133
1007121
77095
4882
251948
33376
336371
259040
142634
286126
494220
62682
263304
158520
71858
54942
94613
512258
397489
97466
238564
266021
127305
139330
150461
136490
347429
121813
530840
69446
341706
492743
1118736
40332
160895
599339
46568
605900
611555
33140
221290
20513
248650
419125
513054
84146
21811
200989
30730
146069
159025
28887
347479
249233
8409
458740
101377
360343
134658
68896
229977
147051
183880
19716
419766
427637
59066
86090
146713
219722
92882
463912
78032
14016
90410
329457
427585
267027
69954
68440
198297
606454
9054
41622
97448
260133
100730
136349
287483
30783
5306
260099
381925
127306
27295
160324
1050453
108958
95837
73576
250409
607263
57891
29218
255687
554485
71139
308575
256508
523716
121279
472443
22168
24714
665902
119646
636434
66847
184092
191476
69932
23604
114458
828257
55517
104472
456869
86870
310779
76741
24729
91848
359827
721625
57878
24809
43644
436101
156694
274755
594111
24626
220469
783381
268999
156995
71328
96880
719759
260871
28226
135121
7411
38461
72328
143837
179685
503781
229204
4768
96631
141301
123135
28284
906135
529432
258021
140452
141779
178488
92306
11345
122961
643548
744420
123162
86731
289377
568566
42003
393947
418435
134648
7581
39947
21176
539937
68162
135796
346582
95414
548501
247108
20051
247293
178784
222964
91106
104221
262542
174196
73681
262100
13533
45645
31568
136108
931790
43843
119900
329411
254233
102235
622302
565385
947259
91324
17140
484294
142369
28044
1043
293761
81963
664364
355949
203187
1048656
20059
44987
51163
84105
98894
164444
197796
202890
223828
252341
288202
438090
450596
473888
522566
542764
545790
586090
693009
736472
757396
871819
893569
905923
908052
940423
953257
953917
954869
963121
963830
1002753
1014218
1016049
1026723
1043318
1092106
1131121
910789
292405
1052619
64160
600016
100371
85977
523782
45137
204470
156816
145507
122219
848220
123697
118725
136844
177943
332680
797359
440686
288869
258431
24474
402093
364091
446553
14730
268918
860
26657
1100417
273094
689155
153360
211026
32165
49324
95765
634164
609244
280668
25373
237713
3985
19470
723228
31676
145448
242895
23649
32674
221153
195780
13751
265369
27400
256296
956929
554332
681038
131054
160805
29509
236574
207799
58431
39190
318826
74092
162011
106538
343001
23223
134183
277613
299107
30858
263126
61582
393123
146672
64547
489075
17000
822581
162006
334877
45698
781262
20346
142805
476758
158535
354883
26905
177577
145761
327402
236890
863359
110258
498970
134923
49498
125852
177932
416781
463147
554880
440233
1063111
515579
22698
6366
878438
259798
76303
21188
934029
385554
13324
7827
240273
99409
140464
27011
273097
195459
354761
36210
347522
337085
33155
122863
260847
96087
200777
270610
180576
160414
111487
92978
11586
24640
102236
526116
191212
99113
258646
40299
408115
268351
16812
162944
21816
274452
49828
128797
725830
70498
297063
96385
36396
352496
51234
580433
720349
227316
265169
304049
162010
139186
768710
107495
580474
591707
30643
157132
171400
13998
259078
246932
242127
272768
790133
30861
92967
387575
256227
39977
148841
188356
82643
160827
154002
96090
140254
135301
287640
310536
163412
781543
140551
263522
17004
36760
163530
188292
143530
141503
121444
92256
156981
40102
245092
70910
262737
283453
410739
230164
319021
1084102
83234
353672
95565
1091692
71323
110652
254015
71522
59207
765
814712
430493
150685
257310
23755
153000
222395
494167
7191
160145
259463
51325
252294
96382
151449
7011
1815
568781
465719
26393
71512
320996
261924
130345
161964
7499
111799
58422
53325
456848
71797
995699
102309
7921
252163
121603
551996
141636
6358
164415
157926
716162
119795
259289
309262
641853
930525
1040137
8261
673173
3873
31497
110642
286423
156310
267032
289791
436201
726074
235584
571831
568015
141930
145928
286637
278619
3959
248783
222853
29338
6876
298536
243883
39774
121166
520841
187537
42994
120543
66624
23372
263780
773856
440222
52013
121515
98455
218489
148960
20401
265031
102421
321460
262676
240075
319166
141424
123778
713
19935
59686
271726
62822
87535
273941
18892
101894
17854
252188
101704
105609
21232
389229
283441
25862
270755
814287
186684
3252
64701
91525
431343
344870
27851
16821
106705
106695
31891
267655
93576
301423
269826
539422
150542
260880
131566
453772
151541
114875
163539
163621
84917
208587
239458
41368
260808
70953
178058
251256
114156
102469
28371
861929
141037
134841
230109
552315
226176
520843
184226
135214
103203
547652
19730
353814
263216
78127
296922
248164
362258
810847
242522
11056
4886
395096
259459
148609
97141
356339
121014
253425
985337
35179
43553
360584
76618
69069
340964
273582
184252
15016
54785
434960
31572
26515
135305
538948
233067
274075
1036829
375
109176
1112102
677935
1379
274362
174873
392423
299702
956045
42019
246613
18786
752704
37135
82250
147601
145915
530611
402234
908116
103218
12828
329217
1059553
236168
142190
327442
195184
44789
94610
261674
556392
451478
136660
76298
124439
212305
108539
201003
135229
186989
219558
157783
183612
341391
159245
717503
726917
303334
420429
261685
79065
153416
186874
241868
580225
73924
192652
523793
840887
908624
774571
100065
300183
260276
94717
324604
153064
241963
247348
472599
151199
75051
91352
149204
38613
314952
101762
13375
257210
136302
252173
253010
929520
1081563
134613
19884
400238
29237
151410
258308
133702
102301
155431
43143
301385
273372
395702
99399
97061
48710
50940
215080
439857
252999
91178
348321
9885
3982
302716
174797
567932
268737
19076
25455
129852
148129
252890
3188
439300
101542
31837
43910
287086
21118
189268
553567
286820
1006564
30827
284996
30630
49745
330929
278193
260716
271317
93315
42979
100687
97991
206991
128638
235995
19863
21823
149665
299361
246097
240388
99371
17680
163636
161664
109247
221534
121218
22250
96567
83566
223844
210146
89692
108908
94146
10209
298522
70326
418517
71505
83589
452877
95294
299790
139219
274637
67971
241828
464163
261371
187271
136698
120144
99765
13026
149877
261226
239604
24210
280998
75201
208559
23020
222017
21457
309167
59068
870243
456118
19493
32831
177806
118365
887143
71807
95814
135694
37535
20522
106731
95327
109316
59174
269349
268139
610
644192
239969
191328
239214
134717
299637
74023
108758
143475
16976
650506
144987
177676
96334
319672
27240
91542
1941
452286
68870
161349
333998
99782
268023
31894
13087
236416
93648
30413
150674
91523
8643
165211
60942
239599
547336
314228
32919
183952
1402
339247
243466
211658
261186
276203
43487
49627
249745
583496
76118
57871
479960
24072
448406
121606
241518
55355
65583
69519
151474
11339
19929
34622
245162
473776
20845
263526
833353
648668
257348
325013
272867
30431
148100
58391
75187
101556
151897
485235
43250
274983
156243
148519
675824
93588
147851
13211
163711
9100
462134
151743
221964
23026
137613
331968
96360
298907
91997
51297
54804
354925
298623
452411
545679
89705
145940
6934
123177
335697
355170
81952
41196
451671
236490
143727
396446
35097
20245
64497
147376
145953
76589
60958
145674
133032
120415
101204
209201
136395
71784
25177
1249
156311
124187
92955
279578
195830
565178
88521
146819
843191
26417
397204
308451
3254
256070
261641
187557
257232
435213
205753
28063
470139
269089
20286
253088
232253
73639
128411
96107
49998
24949
606484
44252
174936
611785
135877
277024
285832
102968
1029162
453798
459139
280122
1924
632694
141563
11887
59081
568235
30400
630020
130831
51153
127410
218786
92812
174840
75516
102026
313829
519812
283452
351806
196257
255924
455385
352194
242047
512222
97935
976853
191362
95221
240015
2209
141808
147444
650436
364556
41947
69518
205797
276124
283380
391800
287082
355323
24767
444533
1007497
95840
778792
134620
479212
30718
281055
31283
62504
347875
4083
24906
145866
97013
293189
22468
824476
1097604
152843
43817
239908
158758
228595
92036
18018
240199
510646
335762
39420
447266
274952
323317
42964
92630
746609
4202
21087
256416
418780
94620
389277
326706
69427
95488
148843
470387
228017
125047
530600
171634
153353
267479
853164
831130
454760
209819
160709
83108
319568
135298
242048
559277
127277
242201
980210
587857
204681
72869
130522
482938
408981
144210
99758
198582
43902
170257
1119064
260400
571473
257125
273316
94158
295275
637172
1120919
923066
219110
245108
31430
610963
420081
131446
159093
163352
951780
232533
1097566
64694
299549
161474
251224
84733
727179
157811
347316
945533
22689
44286
61868
29217
152704
144752
251537
30838
114230
11909
4382
511782
583446
384877
154463
144862
89070
147796
74841
28149
319612
22514
530766
150676
155374
308438
320498
49593
384758
195136
239404
120580
54871
287668
472316
160907
147818
121307
180609
1686
130943
917253
66972
134746
197970
27407
221007
860595
260779
542786
184234
89482
558038
24426
440189
13205
207871
510371
46293
655806
93472
730068
615976
188298
33443
503173
137486
71562
73827
191762
382687
131886
205082
2428
346226
592468
22264
292165
579552
640991
31141
152639
97613
124539
158253
29341
395006
95057
33191
153714
10273
9856
152224
349214
808178
36435
468777
520811
779890
64065
474541
42394
1305
24937
162120
271610
21014
50988
38324
21086
567997
60980
241162
205475
131980
341501
1059636
30665
259198
229205
273636
134673
156083
270941
131089
21152
265621
251596
196548
95807
99747
503780
190807
24929
12819
82302
141206
76019
149225
241754
101768
937551
661756
43441
443226
48786
119148
288533
121851
447444
438327
160011
101920
95764
160259
475928
132967
166704
349934
498243
713971
802746
838793
989478
1023759
1051818
1078943
258482
288744
211676
257474
346171
635037
98382
120034
637359
147914
429568
256818
498994
671396
60693
51319
878009
158304
25726
16886
71944
219885
162088
74042
237379
67676
17750
29271
328970
587351
137675
118097
137550
1672
96038
809987
143509
119289
772233
506242
2310
27199
65178
257657
23396
326815
556336
110416
49641
162013
92108
303152
150274
96220
36926
151497
20398
134712
109078
220703
19460
3296
75327
186670
198625
914157
298771
239081
74038
298648
230087
346334
144680
283391
98395
267570
110660
240036
362165
42392
754242
528461
51425
126192
120010
33360
14081
43840
92284
31873
382356
27053
116951
251515
70291
222862
152376
456290
169731
95380
18929
226036
914104
1039688
1025197
1119872
1121735
1131944
85385
746457
112572
257999
99483
613
531822
317904
139188
7844
164652
257622
51269
153080
227579
882539
100245
892199
136871
1036482
420374
82245
271834
91930
129623
473761
53432
125
124332
30689
261282
524062
23298
414819
609404
671098
3150
50682
319188
114008
252903
73280
160983
64745
4891
241448
120544
241960
299536
879670
17164
233082
22974
973248
91189
103590
273977
253001
85201
12856
519741
28383
80034
550587
171064
302701
188976
62994
869846
614289
625794
735846
982365
1032814
1074027
1101058
1101991
1111904
1120278
1126887
1134834
275818
1080678
459120
95518
27645
84376
91842
160526
544999
339600
6893
101763
505287
6227
2448
89756
31414
771238
674207
380912
351191
139279
104204
147602
95506
28850
6842
408108
114101
276134
70834
520739
24361
95373
458915
221619
85167
531079
482946
172228
455882
58070
196050
222549
10238
157655
571713
1113036
909961
947795
144811
221862
34694
659900
7066
607772
59555
309303
292602
550345
177945
392266
362278
40166
127399
523509
586871
1021458
1117823
41773
206131
144392
725308
33910
236028
242304
427629
247195
377282
837784
950570
1054478
434224
885674
122312
406807
690497
266208
403164
326478
26558
268904
177997
75294
21110
345904
158386
37589
953758
1076567
7910
276288
89808
813573
362265
144301
96448
25312
1095468
1011262
103952
247218
7703
49943
758727
7471
140451
257267
33397
97144
92074
64899
98605
166497
430617
1121264
1125449
142890
1019728
216219
772206
263879
82610
29090
27236
319831
22444
603890
141527
239607
256163
188928
26706
599682
287667
13954
253734
3981
63857
50077
160571
448108
187502
130204
84372
243279
842607
226756
23735
244055
84224
120394
20217
344464
101935
612937
97169
431134
114256
31848
154217
279075
137650
340806
244103
146677
789564
943850
200086
491647
15302
740501
885039
183615
491996
156217
73864
191515
91061
256830
170434
53637
901910
24117
211440
75956
329128
246934
87895
190600
100930
252207
43559
122083
318408
533319
26707
1069878
1110038
77201
162701
26823
253293
66661
821383
437486
824664
631850
124456
357404
220852
4307
141416
39942
155030
31689
252213
163631
142105
1061358
590338
33916
30429
755773
605888
102689
75039
1033744
1066384
1067993
612365
396535
27360
137630
829025
244085
150815
391477
980356
1104147
777579
59170
85194
286402
109459
205946
64154
100820
71427
242179
30913
408778
405463
13279
483972
248246
1090486
42857
110812
242075
673794
22587
532456
74837
341797
37164
125902
1064022
701022
77159
53296
584299
125327
867935
1091461
1123480
184972
94107
351555
469017
1065976
389572
238971
355092
198285
288120
30764
71972
4287
49837
4312
575865
581715
97149
1234
101697
290839
117857
506587
27068
104009
158146
516251
410770
195874
576210
1022595
236975
134594
93176
238824
574268
70601
28304
627328
186819
30747
578909
408900
73595
133782
393200
8091
145307
239557
648997
343025
26973
58055
609134
541944
909546
138530
261069
20449
352500
91816
26170
89549
279993
26076
46761
345804
299757
18904
143874
572447
31663
96305
123551
475916
20891
177674
258388
28524
448172
190746
33702
291542
23284
47777
62709
20997
154071
23429
390450
156050
87139
33601
3608
9069
155449
287704
10029
61348
303579
43063
356685
229012
29091
347670
309463
246583
140962
223853
134654
99062
96819
147139
10174
270237
209336
93440
96621
70322
75802
144810
292442
71558
458553
141513
781841
451390
71823
134708
154025
219737
23157
162225
53115
357316
246495
303620
317566
717343
63592
42362
686183
191247
139184
93913
70303
635509
112587
418083
50746
240373
119109
65867
161264
242192
38807
29082
4497
203078
299772
134662
120783
242010
196955
59722
164880
158573
30705
80789
49677
58472
41582
40729
348414
91217
115696
155029
140468
20195
157425
621745
242100
95214
152228
59384
98067
118159
259042
276261
264318
131021
386331
41089
207789
474259
28059
129854
18982
27213
346601
100922
141546
120064
242544
363217
402902
7754
396408
74397
158382
39926
143827
679235
265976
39949
102206
252684
118246
315177
76769
73718
96776
208583
236400
71235
20516
257181
96282
148446
894376
157446
71673
27662
96651
302529
7342
542260
306622
121554
162810
152754
142036
578668
163303
145981
331432
288484
118208
191471
75325
20116
55383
64630
189765
56278
134244
95757
3685
453769
716611
200975
523781
258782
53299
262153
222195
152274
112783
144948
274268
6403
25775
124340
155102
4152
149993
70941
307895
162278
21318
126077
96691
17406
135146
230641
36995
77138
68812
218825
139797
28144
105224
99197
588560
349783
360341
47296
93980
363609
269109
95363
478787
458673
225983
263603
52973
140746
50413
183889
434205
29152
322156
1026648
626703
518254
203112
399831
537572
446882
651029
121372
356529
101779
66948
81479
622167
446637
89468
771531
109033
552628
6112
1985
596433
83934
877507
81864
355964
106444
6198
140777
21296
32647
142281
86497
646296
929405
44425
96319
127026
381485
67926
533724
25211
220051
71726
443847
79069
325882
879706
19996
74254
419736
51732
637144
24080
73890
163659
219947
758684
69748
396392
71336
91417
773519
472055
175164
236101
279666
351552
436787
989995
581614
164399
3060
701326
73870
417397
361836
355295
340141
274993
94648
237386
207271
93515
958109
32913
41255
23322
636023
519884
184833
23852
223930
35626
532198
570036
1014581
457859
289669
592762
508235
60706
94117
85333
134886
431649
244894
314849
59017
30215
155278
50668
443303
671765
23007
651634
68869
1082475
180125
711708
531154
93330
99372
74018
212214
149630
19963
39743
71747
37060
281271
252894
32606
20580
597153
156049
110798
28555
297234
352617
4815
202975
744371
103494
248953
201208
261821
412290
96074
163270
218905
147811
40451
91246
31619
132762
151821
100743
766859
635314
20928
275097
446784
368689
340609
154488
199043
3184
70828
340577
7378
134821
363691
4494
271220
394990
157344
27711
132517
1082991
235991
103653
468460
277077
148138
32892
352494
206164
222269
137592
199402
865221
316247
279546
788360
277014
474489
77076
162884
69437
102487
229766
48513
43206
463585
37109
880685
268779
264117
191758
103972
906169
259123
83504
215577
128696
69935
84384
870736
42871
244331
26113
96166
475487
1105817
195863
1041422
1042838
578348
862994
19962
209983
130533
64909
76918
356516
765086
200083
145357
369019
398151
948783
249461
261514
97518
290842
229213
529293
209239
708922
4529
97530
568611
310484
636359
109552
70105
688861
164497
145951
94812
136584
60975
119161
92868
22139
78936
246253
110024
229017
271104
143930
96415
389607
4306
430362
43237
520770
190944
318676
91344
568020
243293
195551
91052
106014
104982
157293
354354
570345
433493
234700
617673
667537
430835
64515
363404
452638
19893
26723
20076
603151
28010
91074
268637
242125
146833
67979
631616
145751
24132
314189
76395
1000066
136331
237278
688459
265721
629694
569408
705986
329147
49669
331055
206680
568979
261341
13457
150162
6161
50260
187358
187036
436337
132921
40264
273607
763702
5143
276463
61928
149545
203205
148946
47396
582443
276909
473543
216904
651468
155324
286823
2908
161314
54773
587914
154559
265329
102500
140375
666453
336424
97733
77128
164468
603811
41765
823125
69040
286774
47647
546812
403022
243285
7765
141163
273320
142660
92416
512478
140080
363739
1084033
844338
258997
85870
124507
212268
454614
94423
286143
401308
148926
160389
149365
449098
78780
523856
25010
298879
242015
246323
386320
38230
95725
7944
161281
278663
921906
119467
37231
20894
163366
352079
219284
750047
1029620
523302
7880
51612
4218
1020203
1085043
139045
20132
353841
352895
91296
576294
157778
207691
8263
102212
1090518
48401
64855
1090896
530575
99365
153582
827893
249789
53302
79319
147943
341884
318596
95570
76185
134626
954915
1032850
159298
626214
186631
54856
136369
269467
40588
237008
21323
504058
30371
779661
112595
1078307
56260
732785
78010
295972
511299
145364
1117185
59129
1112461
201755
603082
6788
27622
26042
94489
28175
390699
155036
129908
144161
101800
814266
20378
238268
32980
532460
135897
18047
485313
112552
325563
20371
206908
200
93974
210226
434626
99773
764356
20946
99749
101442
275445
24801
36696
70077
91707
298734
255293
1011214
596342
193591
263613
451032
3129
529594
246490
201559
61003
91301
40436
194035
24464
154271
859079
124129
348350
299488
506336
28522
136938
9191
92538
144788
893515
585329
678336
416094
20372
31391
250646
153468
464217
222074
261273
163163
75469
10953
43841
82618
271965
280352
319587
139269
347173
19002
1035105
92870
158429
83515
170518
1125696
243766
264733
469412
235744
269516
854525
121094
837295
60001
277132
264643
69569
310742
147383
437645
22590
94590
946098
995270
1126629
134608
280565
971117
160786
446124
240941
445434
26898
899965
27368
72283
239605
177561
27084
178445
914541
1119232
607343
273114
35571
146643
477011
447369
207639
210173
189739
92714
385807
414607
305
74076
472444
101587
27651
251031
907884
200171
146103
1103544
41526
357205
507301
149198
148827
137610
278329
61012
1101212
984889
789141
10918
775746
729678
423724
272025
125929
32893
95109
65036
272255
134984
265560
191684
609685
474057
221150
123272
260729
590056
47748
353727
128590
498234
118182
121082
417022
318969
74823
447607
50389
159329
1030881
780023
514377
44538
242913
941493
318478
25875
75098
74524
934643
1102385
263722
97478
121211
460226
287092
513155
139256
116721
263735
59087
826128
1007875
326554
283316
43164
25194
71325
321868
1916
679772
1117589
1052957
336156
160484
173097
134762
46927
25871
200958
43095
30157
1023616
134761
19928
1108229
109146
51382
1000545
16937
42988
230681
103909
47646
67746
341027
42339
262193
18662
127320
244508
71746
345919
989829
1062638
92100
418094
44549
121826
39542
502644
12175
355748
100994
150980
419595
822520
251553
877112
1010283
523549
825725
70096
562772
43961
259716
101781
794438
5272
27196
684501
671388
139086
103264
484916
965356
352591
749578
506045
69911
330043
140895
593628
29663
20366
167639
271369
605399
554083
164141
670650
396815
275540
101351
264785
17666
158515
91213
982663
132975
60699
64856
115347
37764
538752
1091826
1004076
433671
294366
51065
504374
43322
267899
319592
235592
981142
726076
261432
446522
346565
185968
150683
104088
268284
186913
451888
274638
481271
242133
44467
218204
10700
207546
64095
154075
641039
448474
446030
23421
95845
135715
119173
266335
44213
497300
153742
339331
39969
387966
49605
2168
146674
399757
206658
135355
96969
17083
146835
471424
92811
71959
406717
96105
131005
140513
195380
135807
287120
92532
141524
29728
242146
51295
239615
306306
148521
58651
674799
220572
158526
173982
55980
20521
190753
37610
27290
394406
394965
172887
301764
387547
134740
96676
29039
861864
190709
351553
35741
239425
200653
21407
113675
134880
334876
146574
28414
3470
28489
269900
635187
152924
327256
727195
266643
121741
715410
251370
803971
53630
361759
103321
128194
7492
297662
188597
357088
74508
6853
134732
27419
669479
79457
135300
178221
360779
32898
148439
390492
39944
217016
909277
72217
26240
274139
148774
145905
277016
470773
118556
344115
208506
99901
30281
75083
1848
163145
298709
27767
95224
55241
101447
299470
6846
367698
136346
261298
582665
74029
347320
120518
48644
241430
335872
457832
655160
40092
7830
155082
277810
363699
184250
997619
94185
488430
62675
393542
33648
43244
134764
61014
64755
22671
4749
34973
96474
135873
30220
68807
355996
93244
6206
336159
350348
95720
3624
49976
359439
61358
647
161129
76888
95499
513100
597907
218061
101803
121767
92768
58225
4573
128849
51388
215321
221632
33369
261057
134477
151453
19479
24759
28873
238306
91384
351778
95362
141696
336358
90932
136401
19988
201915
274668
147515
246123
160706
145830
92910
359924
233206
148443
3675
247764
135856
21104
74536
19660
318465
153108
272519
116137
236447
255854
115686
554492
21181
207611
10907
289430
91412
25965
39793
92231
55361
152430
71854
230140
488176
331927
239136
322077
31142
163978
275093
231980
255939
280335
264457
75519
3557
140367
214217
152753
117918
28115
251800
287519
397082
159902
897133
408116
17877
134796
321132
27220
1730
128025
27205
144676
154280
70850
3698
43444
26074
502931
299022
151034
662943
164003
269337
87030
96101
114191
341023
948719
113847
191393
255932
201382
299061
484138
279667
449179
249043
318704
518413
583272
845498
52817
124460
189632
198295
136305
289466
80586
76283
150105
105906
27659
119029
24643
69291
20785
183166
617295
17739
224190
79064
71366
4829
341576
286861
72927
71848
218235
8114
1077336
290685
65435
7054
160437
69504
78098
71828
134820
78229
101404
237097
102959
1101577
404593
293600
92291
253659
92588
349026
139191
274369
477598
49919
390177
239935
221569
285462
1016877
207834
553992
819217
843284
1006035
1100390
763392
908463
235954
105928
252183
368791
184193
253762
9864
716506
147905
301790
35430
48036
201032
238627
290689
599764
897999
91113
241380
301805
587405
118402
815428
68692
36503
248396
275566
236671
538365
139358
125886
340422
2724
141574
609320
7338
220970
147673
471122
50343
121799
157512
684
68633
450818
370175
487433
1939
314789
238390
4389
71487
716575
891904
592247
148902
414228
264431
17138
382528
4002
666687
180194
750203
21717
98002
1065917
159665
49325
6960
680868
93403
95773
29782
151285
391395
271756
285047
186807
96453
328251
262380
591505
286205
477372
70796
60962
141328
627288
103478
127791
2086
19762
33280
500909
95987
299050
1378
192238
173301
52781
95877
33581
89599
325430
490704
560568
574150
594147
652633
656241
718148
1716
6391
11311
12584
17561
19275
28550
31561
35209
35256
37592
38385
42513
45061
46269
48288
52188
52498
53179
54067
58762
60244
60450
63331
67276
68463
78614
81341
83056
90889
94199
100064
108072
139740
147614
147935
166025
168451
168536
170454
179984
182325
184139
185539
187471
192926
201863
202895
202957
205187
215464
223013
224357
227290
232562
234957
244338
251143
260162
261545
265009
265278
272530
281042
290215
296695
300510
307069
309341
316836
317048
318371
321468
325266
334924
343219
345015
354702
357490
362664
364977
365756
367256
369602
371834
376672
379584
380112
382968
385620
386707
399534
419105
420097
422459
431361
438189
441530
441853
443266
444883
447859
449138
450681
465027
476484
484296
485285
485526
489376
501169
502822
506277
513447
521463
522507
522945
525550
530635
534179
534959
539863
540665
551633
552083
552488
561325
566488
571933
576432
582130
587800
595072
600049
600525
600829
617118
617184
620674
626213
626424
644755
662509
664306
666964
667369
683325
683731
684490
685727
688103
702659
707462
719845
721417
727933
734236
738024
739853
742442
743902
745778
746200
746258
753242
758325
759808
763035
763774
772489
773434
776062
776767
779141
792281
798292
799270
799756
801577
801706
806707
809880
818151
829186
832491
833148
839008
840674
844189
857221
857569
864630
866104
871575
873343
884007
884239
884416
886916
887267
893068
893508
895525
905214
905344
912380
919896
920407
923293
931874
932551
933265
934996
942471
950666
965708
971430
974263
1001940
1011364
1024865
1034709
1041572
1054502
1074629
1088353
1089237
1092097
1100510
1108512
1112588
1117496
1121875
1125177
1126434
1130432
1130949
1131399
1134600
1134801
13589
53813
113718
167802
196370
237373
254593
273168
336542
489360
513651
516835
537568
679713
736481
747251
779413
1054345
1064687
93439
91894
110669
536645
218971
239763
95209
651183
290653
540115
243215
101990
1050068
352619
680537
159338
328414
539481
945180
210491
235938
147489
71811
78905
25891
148187
85462
352264
186877
140749
100738
788130
301433
12122
52065
345704
224462
33283
131445
646609
154003
127430
43647
25207
6010
162359
458602
1095
26269
120555
240903
29538
57901
328450
58236
222744
988216
11881
29615
533428
435471
34000
469556
20314
395710
19523
665204
633362
38202
127740
204730
464743
113849
62250
46303
69251
972403
28832
735596
594936
20203
789805
266246
117561
432710
328516
69407
878
147283
299990
51553
112499
155146
92624
143286
137317
28900
158482
384334
449919
482448
179770
441401
187493
20921
276003
533098
1046287
1114056
11514
449069
211998
255189
396004
127424
153368
252678
135865
1003933
29573
768446
247276
189554
389865
1042529
611811
187333
71542
102364
178225
150649
464102
603889
978841
294885
1006343
326207
92760
92401
528996
462352
172512
189340
242178
92806
41563
150682
227240
70739
446241
30595
419952
191464
13094
76082
97028
138907
476253
326843
26282
97294
42150
488369
263229
522359
368934
125958
845096
201587
66596
240487
1119850
246487
124193
275245
382650
67450
147599
196213
164535
645114
26313
1042883
162301
61269
259941
277008
246567
71659
61034
448043
633175
179734
492533
292192
332635
697897
310637
491649
794299
291427
230248
521203
294793
703558
1123972
498738
19389
285233
647051
21319
447727
359558
446261
446053
256203
99435
66781
511997
1110142
120668
247767
351929
473733
13389
77162
218713
33685
52754
383394
880203
258656
349854
20295
115142
77278
76513
290234
1009667
158726
3390
539113
209068
131030
982369
496982
210234
174136
618063
271116
8001
132000
179597
640335
170484
273922
101664
971803
32988
81909
77024
286650
143225
138984
453221
53422
278830
26938
6906
265985
289749
75870
139211
68729
478258
640770
97586
7607
20010
156580
451763
943639
902464
875020
61677
287501
82253
76056
476655
118302
80517
140486
227756
809813
209107
340408
143439
1012298
914191
217618
79177
138387
1061660
1074817
470684
967077
743010
30401
839418
170224
451246
501050
286703
257858
156535
19648
59543
278600
346985
1037210
160151
246614
459664
122295
300729
446526
339251
262881
242129
274361
68064
10119
274629
1062809
281262
920259
151220
147648
321663
50937
319584
362404
245168
532323
141707
259723
179791
92130
828418
317676
164361
435118
43279
16957
113909
115566
147824
19847
114744
63691
65012
18636
215616
253722
4473
140673
173670
147055
470284
975368
96617
1942
7222
689170
188364
85195
161086
191226
451382
674237
622876
352424
61011
223519
30348
217391
528700
45123
251
27538
64136
27153
329582
479215
267252
118457
1792
64576
735178
319675
476076
104319
155179
115342
119606
286779
301472
134725
252175
184901
939654
118707
2343
259585
336016
257169
64670
59399
332277
135102
290009
228938
727193
579034
134731
39856
91090
329053
96164
1543
547624
249781
269506
153881
264542
300678
148796
121730
4691
393558
1713
23805
145323
593856
125948
286281
689086
159019
599411
401162
246107
276319
573558
119385
588046
40375
641177
76856
269713
155054
318841
529674
76950
528487
28439
333807
341946
119445
388367
188453
229345
162829
103236
387505
135090
297561
297888
4150
140179
136672
249675
121430
280418
92374
353337
112006
143949
136236
93723
114105
68935
39744
8184
212259
294282
148545
120829
304976
189383
131028
91002
644001
185730
145452
292516
98199
31605
140443
580860
59554
329425
512373
71946
116231
242055
281085
258597
3518
256546
163783
137396
539473
208473
393107
753364
6058
71841
360909
571161
52572
281411
861878
434703
163140
75743
91507
184256
239525
310696
141237
97209
97596
134736
31647
281076
263881
104013
184010
268893
513257
33962
93241
381877
235895
137312
34397
242599
71477
397399
50802
92821
191669
2794
299727
77002
547394
200764
781379
95653
523790
352411
179467
461775
242892
135239
4168
271111
18862
380769
163731
11519
401989
434254
26963
157754
191296
97192
86610
303360
299551
208509
393699
313837
265341
646770
251516
159277
344833
144781
950762
19043
160506
71920
185916
367818
152541
439756
26363
357319
30468
259461
10249
96489
256047
264206
104313
101814
53650
145306
394948
135297
92623
140462
12065
299766
273023
136391
102908
102922
61199
300389
161442
464285
476129
91446
76348
356178
20963
174946
87162
435467
174795
268956
83506
220883
274410
21854
59751
69565
92853
30939
77119
292369
663315
431881
120359
1026423
887144
448735
24885
21254
552798
78562
191495
344525
72187
242073
192367
654796
137446
66431
219694
572057
101793
722178
590278
708571
282445
456382
2890
396773
271308
151756
1073659
156759
96421
626781
100729
369390
498181
642368
916263
407403
180114
109198
34335
103423
139181
149220
228733
258490
120086
30645
1484
617591
92451
715135
114219
262531
40558
260410
353411
960608
362288
238429
218972
240395
40001
1003289
929217
180096
551348
244717
240457
37850
1131999
224616
102610
911939
53456
25176
86258
178003
259127
381567
28417
3159
122099
249330
102936
80528
49757
144644
41503
610983
91005
100736
144302
75763
237028
145875
119486
40448
261523
94877
173174
122464
264705
84625
91606
91048
368648
228531
793832
867671
303658
199186
36986
52878
26320
100325
222892
635531
230783
75406
326692
49552
65868
162325
259938
601439
19987
95597
242135
111248
59661
576758
12822
75846
947150
143233
158434
223939
64233
323679
95096
121162
312356
132792
326335
70039
159378
447644
968206
221551
868382
252917
293628
820017
96930
280368
118547
50790
1050044
648157
70218
497080
97002
20355
26380
287773
242860
550681
131986
102307
19458
220986
180625
558022
855084
21735
497961
100584
983653
2357
263248
268346
25198
207335
417096
131038
257649
185179
93662
641820
156313
9296
180342
219177
10835
236318
714808
18984
207493
195293
192090
476604
341142
12878
261826
164118
27179
108924
128130
140984
332194
35415
122233
255789
140582
237855
215126
26145
101698
157966
220204
290270
216442
35187
24580
11162
151917
74740
26824
18343
381453
837091
470767
9797
8033
361659
659979
136989
390062
201781
254255
235396
471876
221328
433871
1102173
107202
119682
73368
66791
353157
210521
498796
281136
308028
152047
241943
235896
37901
223611
531223
207622
587689
344547
506171
90902
424509
21974
19364
256230
391574
483816
60966
578354
154042
66382
132974
171514
592944
641876
75688
623176
78816
873329
149268
816412
189629
58230
865818
274754
24427
139270
636399
121915
572999
347295
223471
163869
163861
99290
30219
44298
28511
811054
19358
76787
217416
27124
476888
273273
328321
92292
174057
71967
394493
200030
7628
191163
456015
524223
119378
206325
888874
172342
419798
1095008
7248
13599
309923
237867
12401
13369
1062793
315807
7701
99985
623291
354394
147367
141585
103979
136519
71943
349478
145310
18033
127274
118538
418096
143365
445777
402156
857445
162973
52689
569052
965997
1114876
232083
441262
58709
16794
56921
102501
456932
1012845
41579
646454
24665
299204
500171
296776
50249
254204
686338
240054
58941
128507
191105
270581
198322
117680
149416
40261
68703
320856
260036
624088
79494
107433
7747
503667
140563
71231
999791
271581
68533
553450
252158
69860
197640
410923
120562
97464
120556
610205
20815
56746
106553
21131
229397
146669
4020
703402
141702
13342
101797
144200
369149
91846
123103
99992
96056
154834
3582
83063
118634
245411
409398
292920
994004
58962
203254
180216
29215
105306
120910
329525
32040
10373
52737
141182
157486
29275
280720
762577
121106
478079
148940
17144
217347
184026
349687
200110
26724
98281
444469
984559
244062
39172
50483
203134
431137
57936
96616
71776
528864
93298
356571
384917
147436
471506
454790
37607
321359
1125332
612894
267706
601353
140967
78349
91491
192613
19047
666180
299452
111479
206159
118539
246211
226835
40607
828565
155503
621428
119047
438308
134819
220440
92309
446509
778499
469420
143785
274449
13047
287469
58576
148438
318445
944807
156285
74877
618116
493366
1031998
71305
135740
961547
352263
307993
698364
96065
32289
524046
100070
87900
110697
259789
174275
650753
133675
1907
73942
27924
321639
819845
679992
25221
20723
13483
508378
96851
279473
215445
492221
931858
152042
683275
161434
290343
76770
131023
155514
19959
881517
46696
76695
165579
184100
448794
450949
529991
531132
612194
848986
883378
936800
956818
1083911
286725
40314
30328
153762
73779
2030
164630
116029
24715
36751
1072597
92721
77240
67982
191370
255843
186881
71664
493855
144322
52226
30599
70427
84719
14324
39735
242024
875071
311824
91712
149819
128124
145849
149605
331235
133206
23460
497892
96080
339278
33347
351322
146494
529531
255643
2006
172622
24957
390136
831334
64264
688713
54837
583440
529011
36167
252925
869840
125150
71525
16761
334953
73633
334640
274962
268978
728406
149283
164150
511310
96669
439100
257239
94410
256130
996414
154436
109092
260059
656946
490611
327542
369183
315375
8185
150960
59435
24890
507082
70875
243447
421026
143221
69540
266381
149226
3941
291398
26155
113200
631625
58001
21470
122080
283489
957670
344275
7524
439939
952413
451490
11585
596863
675260
273950
288017
92645
586019
99193
17839
145753
317412
158049
7067
449786
26679
153424
220761
4850
151153
20221
16912
9934
34003
97926
131641
853674
123061
24820
30338
677714
102044
156916
94618
139204
473331
258206
419865
99422
716510
41538
315862
502799
22486
347330
158936
637523
263484
252013
163642
393278
162023
444669
157775
766183
59318
13012
220969
96109
579059
386683
449113
294241
369195
236954
582815
242134
126741
37911
141353
128750
220906
339614
261784
175291
349522
98499
28314
139115
245091
352711
71982
387347
273951
10093
89501
246116
43434
122015
27566
28723
3881
27372
217191
128493
293857
12246
331895
103958
143698
115597
140533
104615
285738
146192
93122
458047
679410
623286
39375
518580
25599
58121
21688
473627
606862
269566
153129
474305
93611
914592
33894
1009536
24261
502533
398814
646344
20361
30732
150218
148466
666230
222331
122435
99347
101799
500468
245005
885301
57965
145528
18509
254479
285968
247229
159363
1002844
199281
50493
160248
62984
456464
584611
345873
247013
144614
44149
201069
155270
134989
230637
133105
27435
41733
117632
144774
763700
940323
23352
505822
286111
239288
222611
161689
331623
84307
4284
309754
27064
276160
629881
22145
222750
274689
73980
294595
113966
232604
153406
104452
315770
505577
636477
145302
996944
289983
140382
914583
33008
513068
349028
91668
464218
222803
598884
70632
773241
229755
668499
1126867
21904
511791
464220
158435
256374
187243
91739
448780
566133
28635
97005
23363
229745
664375
316391
25165
259190
21875
173044
259713
275979
130923
866771
208582
42464
237263
140109
240039
505964
269132
501048
49987
141227
174054
430488
152226
96257
85531
22654
149048
532969
624105
146268
867430
328223
423589
64844
134593
276326
200145
210253
212222
4961
2100
869988
134605
4810
94399
41508
141505
38903
96850
809
29065
299424
147216
702437
274140
246120
281406
278833
925457
91380
25840
314892
28882
74846
105643
36051
154334
1085657
394099
64688
110462
493163
136546
24100
292382
503649
674239
4257
438708
29344
99106
266347
359907
386329
130918
16723
242770
96988
153871
40397
476704
130929
8101
623386
355291
18049
240883
26023
238214
221567
3245
261249
21140
251263
145329
69558
26438
158455
355907
123352
25813
321641
62692
120448
4523
331344
21683
171513
100290
105997
293916
82319
398306
102355
134751
201577
134270
160974
74618
370232
17686
240194
493582
653216
151760
294099
204521
151883
381863
95233
103676
176234
89688
269509
95235
24398
634297
989324
74961
492532
143170
240238
23530
296640
185711
609065
460862
490330
313701
364234
139407
127112
348049
91028
130926
117927
144876
52240
402581
64485
97113
220745
38873
31929
35418
75003
338844
381651
190474
298893
294997
128281
64746
458875
45147
246652
23096
140543
131197
82749
145789
63802
382519
569909
71948
319798
467688
456626
18625
128005
32315
456224
299638
11009
347319
61218
21113
1355
178548
7016
156289
201455
241495
191382
20836
357102
7852
279150
156151
58005
121624
23426
197451
261785
148234
71478
117584
398416
24187
216015
148283
62759
159787
27219
126105
353906
27388
553097
353138
345874
287789
108979
355180
395995
177688
87110
159447
28487
238062
51335
97553
96083
96238
340463
125470
291988
225209
879730
257108
30189
1348
274530
339479
134643
238923
27269
238181
2031
287004
286613
148108
260279
331804
30899
587274
150745
92282
289891
352343
275625
1092151
1122811
496710
26258
470808
12507
210443
37925
75935
239775
274659
389932
391925
434377
249802
408110
886279
204819
655518
235588
99464
103760
258472
49301
163765
151201
246494
180086
916186
4057
31319
291032
299315
419112
259438
58736
20352
95012
127840
636842
205762
96838
23035
369265
259935
153020
71871
526045
828385
66782
30277
31870
260024
658123
227907
63977
36918
33616
38741
56178
119361
91044
101853
570009
117815
60972
149721
170563
142502
64998
93107
71154
19709
184221
158358
239263
96332
24244
559265
32519
137523
1070832
11205
222762
499002
454705
1056650
90563
62666
198913
34015
139217
240417
686345
177970
332098
105075
477316
62723
53267
75017
203075
71081
159515
120533
17713
201790
78074
69677
20244
384573
820194
177922
2714
121099
772683
242303
70986
101613
462222
751364
151198
60984
168244
195244
22540
730307
103057
532822
836662
13383
706368
121970
541286
258167
645490
208765
320489
523797
121792
25292
31160
563176
238302
88297
28554
476855
80875
91388
65052
9483
218079
270964
118132
965614
95496
10999
64821
661724
22316
1000317
155647
159754
441319
313783
67685
531125
25760
4792
75222
608531
532830
256629
131821
452947
21858
102050
161553
1047077
153448
132203
76719
511189
76163
765707
889358
1050557
389581
509900
1018888
45930
45955
49665
148422
192523
200163
256460
259181
277445
278302
278440
335851
382520
410782
414219
438960
445428
495732
503706
551325
620190
638278
660548
661784
735299
736143
794771
850725
852271
891489
893923
904582
906240
912313
933561
973383
980635
981693
1033909
1039697
1059480
1076144
1133167
41615
94902
195662
252165
94576
258383
456853
101733
363467
73579
209718
450325
718
434124
97099
188481
776754
395125
419073
844749
381283
31381
121556
277915
178450
487544
125184
774281
604697
149980
1128011
219530
101562
439945
228953
157170
546260
872814
290793
6202
49920
92749
70935
150391
140449
54411
4443
482282
70858
98852
89716
26977
72194
573780
737405
599526
151193
1028902
274279
499554
821969
218414
20037
132801
63588
218936
100029
95250
66532
550373
221799
175193
99943
315404
351219
334651
27542
207715
76477
948058
187300
285478
13700
386368
69535
4425
59073
13195
161115
91114
70605
28516
396322
58947
179757
3492
35541
86778
299349
6029
671387
105307
196855
290880
7118
914164
48224
387946
191139
20156
35489
197624
787217
811551
120381
92680
190635
628228
136392
276942
231135
9906
63595
402926
271961
251293
516988
120301
662864
1127983
146043
38827
143643
275629
254923
381432
86777
29171
219971
820693
293776
677903
451717
122185
90911
29069
806650
6050
47249
67409
540384
157813
215299
325304
102914
32015
450550
196675
265539
17479
258918
641473
251202
648988
69680
29129
187475
218591
298395
354467
667767
357188
361384
81546
274298
59148
490647
127202
666384
1107581
100347
173119
157932
69087
336733
309187
124871
209371
351490
127133
263797
518067
145284
680280
142885
719267
645405
157440
131178
145134
728030
91185
7064
148498
50660
252430
47801
857036
238236
159251
582635
1084959
711569
23833
162279
352662
6381
65190
191323
345876
519876
287490
252642
39299
155504
67274
7623
69842
174897
16785
137936
440232
247113
416688
146799
77075
254936
246223
136453
125356
101703
416183
658315
25186
284587
71393
676066
237041
78674
221668
531093
550494
447541
401508
268490
177439
303782
201573
547429
135917
61230
1787
62910
1346
770883
627203
4102
921866
353141
1589
136343
235431
40376
523298
44130
16623
33949
12264
158090
102488
345908
130688
2641
447928
146662
388685
156926
4796
43973
49682
39260
241175
117898
595261
355089
12512
869271
824103
730195
493482
329168
251864
198859
23001
879415
96505
227340
175147
185726
77227
318806
281043
359756
254843
219720
9009
117530
719093
736843
39932
621975
63865
329302
895919
282492
242049
118165
103705
35607
473424
25744
542741
625223
92387
1009264
645154
134805
68022
120115
340606
291548
609764
856309
490440
445778
28445
262205
237607
32778
94617
214914
71537
848955
21555
216928
848335
240477
426835
174132
479612
275139
331279
275823
143372
576301
273315
75306
135153
268095
188497
778515
278577
316862
34739
160236
186994
625921
146928
149601
347106
9263
31126
703404
4724
240572
448515
117447
191061
582853
59684
440874
63678
197797
348372
128793
120498
230106
57914
158777
581443
142851
469438
685167
336446
367778
38850
494144
424740
140442
47342
268788
20629
646681
19371
516235
1054700
447998
395849
170214
291186
590958
95699
288556
61162
158361
254108
272607
191593
888610
251842
212887
484413
92022
710258
27635
43167
7838
948848
96769
138575
264659
70060
178442
10085
28428
290120
242089
97710
147165
144739
93344
474911
453614
18609
78151
203115
7074
20028
76508
70319
20409
2717
293244
206865
218769
187238
576215
524018
1027183
20205
19461
198317
37583
361924
627078
229882
13100
464437
141537
606563
281433
87
700673
112855
488851
201770
139387
47798
241032
91315
99812
261491
283192
443497
52953
162062
26309
225738
102913
133100
256795
206113
435324
354479
6400
261449
662979
513156
178232
109138
50043
314955
303561
600058
615402
227136
43101
135009
634769
116255
124770
547183
705788
1078590
84736
133282
167598
236793
953248
112657
159174
433515
914094
983203
1072515
1073618
1085164
97957
93833
5105
102889
239995
127074
452410
22129
126138
203189
134271
40435
258821
3022
400963
26859
491919
93863
7583
17540
338114
259433
52144
147563
581551
86291
38603
325673
74277
265334
200170
397488
256806
164601
287393
47641
272007
319154
536846
426876
355495
140268
521858
953829
121419
443590
408266
17101
51266
250411
362460
275294
92039
163650
278342
444610
150306
474576
61271
433508
2055
1131786
586195
329067
236913
626092
381724
96496
157215
252913
4200
145779
4501
170303
91979
266472
73613
102251
308035
75908
533207
268384
110488
236553
487555
153099
148936
299575
592089
157785
430290
26086
345857
6908
1893
24747
120361
343
1176
347389
243092
273648
94628
21022
212236
30244
173077
504445
28392
306699
532629
42246
192207
26379
13987
6823
158055
153697
92
623238
233165
95334
227763
831163
26529
55103
359809
184658
26721
443387
470132
160158
382853
31648
49746
62749
145023
66656
178005
71429
219914
150562
72291
133099
296587
154185
26625
26441
229392
247806
146800
257803
130958
351235
223003
61153
17718
532192
10027
134602
178444
51773
156144
188322
229596
498033
20671
236892
184274
308047
144196
54933
121130
446786
445818
148943
94398
251879
308839
347334
139139
195587
160723
253968
260950
492939
174034
82916
324261
299698
93572
1001140
66861
191588
67947
19845
471356
254404
84769
343105
148876
241519
186926
147492
446066
45620
149657
30213
35627
147659
137612
86989
287059
355384
24908
143948
149386
154457
582505
70956
249010
698220
237860
298740
53350
52367
71831
152020
135910
425083
228628
346414
262344
123146
71111
187486
62712
74838
40367
59157
95210
419556
151752
1704
269573
337001
19771
44555
163187
174854
3593
881664
3990
100726
465386
318553
102536
82515
46912
349565
102896
60033
185922
139399
96618
299571
9752
349659
189060
482671
270602
164766
452521
227342
475722
21256
92928
21271
311671
6772
92153
143251
207186
3095
516873
872674
84327
594930
160222
10948
726567
327681
146801
319424
144604
32607
66195
75148
250784
188693
418207
241950
588092
25982
180129
99334
65049
112921
408053
155820
222018
860370
3014
260439
908331
988048
103993
185758
49821
343038
491247
291058
135818
295272
139299
191916
49435
872442
216630
161407
261522
220907
237084
91123
79790
231185
154402
418412
172876
119543
148028
185763
817267
140891
130229
296430
160495
321140
228910
465991
164441
345805
160496
218422
160824
919540
147366
21389
981647
1065000
310797
170462
1214
103380
1045933
22120
146120
197077
209639
836533
145002
193102
732576
4368
525883
71718
267394
446543
981071
319660
21193
270892
97069
267013
163569
276367
148450
70042
16923
94041
117382
191121
344317
92572
348241
127297
22619
278130
772884
226199
143787
254036
283515
200036
829944
631734
583133
292966
588029
134726
124495
907875
418903
66336
28092
334599
527523
165506
229746
50953
89738
109272
769070
7079
24987
97878
59687
354314
196691
137656
328270
48649
51208
475775
31333
61307
463046
3294
192641
27687
183799
2708
86656
131930
251597
242059
120785
103505
237952
25668
402560
473444
424758
16978
537667
285000
36739
489862
38780
680317
396572
35211
49728
61073
944476
295653
167357
227504
914248
110160
100361
778779
684796
546627
81950
49946
221327
141682
488829
455978
299612
109042
208556
263760
103445
205835
160684
255907
236826
220399
170541
71511
88286
858429
357074
471000
23715
12120
353865
827294
173979
28223
189699
348095
913193
636612
299511
19385
92191
430030
200758
160788
101960
226963
106096
20298
7275
21081
226770
27610
864354
935733
958178
963134
1071855
49597
204951
17595
244209
10983
211290
104224
271444
52137
382837
130092
565340
151526
539431
27714
218960
174806
189300
206260
430530
31697
716636
236128
29360
777460
164331
346449
54921
71530
518512
141700
244073
534091
532125
579867
112953
639547
809973
164726
149622
200152
202852
94303
153484
276318
278268
78954
456225
229408
186924
134817
148522
352197
96399
146656
871464
484325
150455
106273
5132
69074
131414
188319
325910
188378
682745
23279
35859
275857
245205
117656
260959
260681
63810
10843
30907
626127
218140
91406
239867
69589
66712
673420
21442
174923
68716
771083
612472
263267
247654
853250
930497
297677
163762
105067
178510
227471
533664
18103
574908
1134854
632843
49769
220398
62730
103776
26046
255849
175144
975198
117776
154797
160164
498573
555859
199782
575622
27380
92668
131504
130956
44453
323100
854366
42177
279276
330970
191190
606586
246382
73776
1021788
448586
370326
455527
152757
556274
21301
69044
339051
148430
935684
132640
748012
36934
196746
1061
634975
711964
299499
328387
156766
86646
121829
327817
245976
716258
149859
787593
71294
160472
888821
147609
95758
728034
475959
1109384
94612
381913
83100
27339
351741
117483
149281
70287
51317
357006
141222
510987
326626
454548
58575
96947
1009495
92170
76960
190871
924910
139804
694254
319181
141649
108655
853886
531714
695230
769506
163655
216216
13712
1351
228030
51442
517419
147031
241506
781821
37549
804474
524250
227482
287217
22392
185720
406228
587519
100516
7465
645758
128118
37158
1045201
438199
476779
51560
192629
344411
337196
126102
9868
209420
241
1111223
848898
484865
91850
28575
342700
450963
160448
446225
228637
273866
995511
634918
41450
642719
479142
22151
91852
151750
59368
31885
362141
580482
190755
248218
96899
30350
140961
516102
74385
235150
451415
140164
273143
351551
636480
74955
138940
91268
339281
28804
773641
218556
29186
248765
385968
451697
989619
22246
355492
83569
154316
200573
656866
69728
230198
128129
74403
16801
74991
457296
99187
79259
92017
140973
73993
259415
32301
445562
22814
184099
58499
43848
75313
408282
553672
91521
158094
262246
7025
104159
436886
57865
64700
28474
716154
241755
435188
227056
166110
179800
980487
458338
351474
454472
453766
518657
239682
796570
292280
668414
884846
913670
91389
651250
208869
152006
641162
57850
3225
81472
447730
446184
257485
164020
198742
17096
219693
601043
50301
17149
177348
95708
115864
451917
106477
54727
493097
336460
79268
70820
422146
146286
449527
491932
55124
910927
43037
180879
91760
335504
96635
157562
589442
25680
212275
53336
109224
157438
175223
47986
96390
86985
105375
6067
160724
193251
149296
820006
465084
676
93347
489977
157217
79362
16641
106331
839795
13892
599132
297402
123692
255530
168684
100902
293067
962624
1019894
174942
448724
633940
658186
1129192
145356
268236
454307
510224
738765
179719
2152
248209
160490
353413
146188
890014
207820
159463
629913
574530
275325
67192
75823
127188
227261
204707
51469
72940
99051
99550
187240
189688
223942
264292
325533
472400
568127
580202
626567
642674
785436
808756
903897
910938
1015649
1036614
1054634
1059163
1065372
1079553
1086022
1110339
1125397
1129107
49394
598303
23692
96681
252170
250059
127109
249755
94823
977338
256413
509945
240512
123576
210307
286634
151982
287030
11079
1529
447624
319706
766002
93049
120792
368900
92352
493848
198869
655678
281392
145411
33268
439684
121668
874007
139394
581281
147015
135834
159802
468726
138351
141210
63587
253664
18776
949010
115944
36408
336382
316707
294839
435568
257652
31609
148884
607027
281407
220778
256284
101502
240428
71551
37530
70967
250855
72281
136378
786024
242353
103109
92662
39357
118220
430098
86431
1066488
18126
300579
162089
227869
155307
960813
154454
445936
63605
269471
276093
75473
188297
127764
69443
91896
71816
33145
100654
252166
327927
280659
253255
228512
210606
299736
289734
250480
52288
626005
114009
17075
109216
842212
43413
58648
295137
68942
50332
60920
580067
21305
251917
667747
1028
61203
74517
534612
124463
630642
26355
207822
248926
91946
679775
268257
831745
61630
628744
451746
91929
606293
716262
199075
22817
69776
142455
84061
64589
164593
180317
1043727
267572
641803
152275
84124
152503
394991
118286
48295
46096
450029
146660
133731
16733
64255
60572
382818
215987
68028
95974
242928
236491
134137
141032
187301
318637
252046
243151
154275
147297
235490
251776
65749
695
348456
260417
27085
75038
153437
130472
655
27332
49940
939767
45099
58697
3476
276131
206236
970051
258238
259197
231071
97206
221333
206384
104027
267701
19388
13204
61592
568960
259166
29915
262127
103318
153885
1956
797867
960522
218389
120496
121505
151673
131037
120417
166058
286915
145776
269236
555285
53646
31421
263096
239973
149987
53921
151762
220157
32412
75513
7790
488553
27762
102885
1107694
125946
290843
128888
178520
96541
207634
28080
582577
492583
133694
346596
2952
64541
51128
669224
158789
30354
144609
145407
241826
455279
263826
26523
158466
74408
523711
3061
59169
276804
259539
92548
6948
503965
483221
250719
388188
1017501
59192
163022
287646
359610
294234
71007
76808
3956
285537
69471
523578
263992
273606
38086
60961
68919
997279
190908
27304
30326
148835
143763
276338
368254
432449
9834
270152
66508
119671
160546
120675
1099914
308424
154055
91524
352615
251186
255913
207608
111145
333672
119979
187524
105193
496912
64302
259431
381732
299508
152641
418465
55067
91570
957710
71450
277678
285501
631420
65046
20936
27104
6201
112580
71149
92032
35468
351813
349782
143235
121797
360435
532793
189662
233287
665075
103998
30966
544969
274195
117806
387963
82520
339989
71662
6933
187323
265499
129010
113238
32803
11997
630075
474875
489105
136643
4197
132176
442813
351796
624199
128620
346321
123330
53678
216446
103345
538850
239399
136609
78017
512448
141881
96395
83222
30028
215116
134781
6816
162171
549840
77286
95787
119376
353862
39430
4130
2828
278541
129668
3550
25039
349889
304786
56218
110605
75328
267849
57853
317955
102006
109336
71291
69579
3443
32320
175206
629829
109384
188314
343388
26877
157965
101564
855030
120256
59405
136350
110263
67042
494704
232664
218584
154043
105358
91973
190913
160787
331925
433315
157162
655517
83031
78955
210385
117878
191288
339409
294679
221411
345856
46301
269462
204935
499328
514694
81649
140239
61872
641487
888231
1081166
1122236
1131038
478830
638028
20218
28053
97588
274974
474495
97281
38158
808651
870343
878613
1002129
1076544
276935
219964
130909
224055
481712
287000
239082
29559
242156
436812
267486
242009
198937
397623
477019
516203
736839
932794
947353
966370
972461
263659
231131
57979
164373
69849
274533
100423
48088
285166
95045
422048
8866
150220
395723
201286
32222
279407
135794
289952
494554
164199
178456
241472
189037
115410
131024
699041
408128
173957
96692
251229
586123
78110
830726
104392
667634
28686
30337
652533
422161
195880
298639
463369
389148
126063
139396
433377
46306
285472
279082
94602
783442
5942
317675
635000
155076
47629
352942
199047
147126
724118
180497
805692
300811
193967
513032
78754
314047
95585
492345
122577
288418
144541
219925
295604
299466
249811
1038926
197788
180323
86838
319662
822226
252862
22406
651290
103999
272818
1119773
64852
1123328
2980
131835
419860
611786
71428
71592
343177
125997
237152
933411
496957
736610
117798
188326
958747
105195
192509
219989
2020
18483
287738
506153
84633
1044483
331910
201941
21166
1110055
59205
824984
257709
984554
1082811
1105395
18890
405930
71074
17170
50851
170938
385071
267334
92732
93090
94162
505459
729376
853509
1118993
1123851
55141
272852
143839
161497
98058
423278
910467
923
549241
689434
818282
820543
948710
964244
1035676
365710
718804
904939
748218
101405
274511
63613
7708
542748
622228
709447
986825
1022598
1043331
1061117
399779
511880
31911
127303
20100
124975
28344
87628
142794
289990
341412
355304
821518
843288
849024
1098724
363330
108546
161499
435643
37919
39615
27069
24591
1034164
592084
215956
102722
569031
66853
444490
18410
100652
257673
392267
958168
273701
48251
776412
732424
235613
136491
1020353
37640
288069
232499
179567
218719
643952
1041141
24382
419567
109037
888449
585078
689764
95983
277141
645475
94705
105644
127699
431719
242857
154129
70481
101309
10450
92864
195922
237711
119580
1010778
125329
345907
282997
475611
508695
735681
910088
448782
893171
898318
148334
581244
115105
190881
236819
113147
71444
400966
586786
222178
424010
119227
130975
318741
333931
105648
533648
764949
501075
49633
95586
671769
1039158
19533
851009
99843
698098
315962
16675
178314
222284
756977
29787
92856
298249
851668
278644
404828
85248
201568
998962
277115
174865
346140
26508
150739
20874
488250
189352
4186
271480
826639
351758
260449
327534
27935
26756
1058745
82270
395167
293676
35386
115092
489079
38849
71206
179969
61797
161552
40525
145700
94686
323578
66373
207641
520863
625323
92733
82943
251481
146742
24777
21163
398815
446070
199296
28096
331375
101967
196058
27058
449382
265377
350104
60004
155347
398613
129471
4963
459583
28152
20496
72082
145901
280507
292221
9860
41950
102154
408901
236043
62699
263386
1092399
101974
23061
104311
1119157
100424
51263
66709
84619
43929
18950
249762
21938
649106
533668
143638
231245
84490
11808
241556
605199
141517
199229
23215
260184
890809
58156
229828
493548
7728
92801
286970
231460
16610
26220
7846
295152
435490
589316
3368
265071
1093095
188948
550015
292152
96461
524017
149606
385852
27970
348374
275058
90945
982076
27039
418764
174770
521200
259432
648138
529334
146063
351858
477692
463720
443118
123879
93991
20227
117371
23291
42174
134773
70871
820582
349505
8204
160334
157084
120012
74238
839963
183643
125856
64648
120538
92010
23576
19472
151941
326522
541434
786978
499513
536616
268850
255124
1086043
237251
624937
220716
617663
339519
64200
22302
128689
581377
634753
431730
102760
92028
47336
219554
99243
75526
608230
450210
29640
745284
257947
69984
295042
1094376
319853
20027
129936
38923
444184
220261
22207
145532
994187
435968
644520
218019
66620
118511
945567
446086
482899
342961
493569
71910
972857
349196
648392
29506
228620
1750
112547
1035800
478051
161821
430926
246282
336259
58413
272680
199897
159869
123727
331983
484660
22380
128134
833585
121812
93673
157968
28213
151642
137577
339455
208469
217177
96086
71774
34522
109955
294782
715000
83828
64215
463335
16350
641356
188950
95472
75262
543097
96905
241669
451168
143262
134586
148853
268874
9980
230934
825031
268724
210006
503619
24685
655313
218996
319676
115719
587418
59317
37581
325896
298832
569435
473245
323748
55014
1118946
264470
76043
189630
32807
294421
1043575
96174
703419
232317
274432
315565
300191
38929
569147
466734
170463
96120
593649
26158
420077
736402
164363
271046
368812
74880
574638
66346
265540
199016
254518
124650
69008
146327
667208
222877
297545
402713
1486
261461
19892
554589
26896
631736
912204
293740
172401
106533
764370
426557
262840
296085
589092
635668
242210
483750
988010
463639
783516
398325
826962
493527
39984
349809
644305
267757
742610
97171
101575
198109
109048
469590
236430
402311
419765
424453
145899
172598
78913
351818
66625
1077924
456297
335859
140580
95977
774878
145683
21994
304183
36420
38537
86185
49446
938594
203210
470422
1120984
205757
255510
532897
498992
86924
327457
1060515
277126
24723
281699
300782
730202
1490
145482
70960
77263
557903
595626
23984
39171
61810
345802
868307
118546
207361
139278
318748
23355
326701
217400
102105
130965
41725
275263
646128
1587
233170
221712
694208
7749
144822
208467
135054
273139
109118
184805
81759
69007
191366
63556
273259
159308
218358
294311
171399
23832
31810
626378
368239
102316
418778
435742
102634
454470
288462
472350
263385
546738
149269
95777
110060
190480
242767
735668
494562
157758
63711
265983
139250
221703
492620
1057051
151204
419099
392335
120500
445443
607670
1007450
148414
846043
314154
139316
151733
261716
102754
112811
77219
28567
71036
979354
97929
335147
301749
13233
363419
347398
1009659
24344
625615
103488
4156
584408
298628
27183
93167
103552
938
982794
394413
327517
101947
565818
158840
290563
437322
147951
30743
164813
42461
921961
21914
96034
96369
974619
351841
996624
40320
540108
716606
210301
195025
274433
33818
145462
187601
3210
254145
612096
7931
170489
545549
30943
648391
621693
16775
27178
498647
216849
458549
70385
144980
258195
135240
176029
303596
828663
158530
186919
396308
267419
112674
563079
185721
121087
475407
667512
102915
776225
592026
134704
91528
43401
4451
71536
170211
93048
551995
523572
114012
139173
29157
156339
242547
113985
69461
95982
510630
449879
29102
19981
96920
764060
288681
214186
117478
440211
92847
344502
29315
334096
11910
232318
51118
177518
92303
141496
26671
17952
104037
150001
118045
31320
54830
84553
147491
253150
341089
472
186018
264042
143723
212441
351056
191433
1986
345918
217198
29121
31452
20622
221725
639367
261366
40620
79712
297694
265500
93683
118263
148464
505909
156361
830092
290577
276323
50012
320616
452275
274116
299744
286595
174226
24750
361406
416601
259427
158532
51016
127324
838644
356530
7650
96266
139381
334636
262885
201274
128184
95710
7695
163609
12527
242609
87849
768796
61125
89359
74992
309801
98061
105413
211030
13469
92336
47822
2007
51502
449474
119576
299550
99321
299580
101979
430019
58979
191116
30569
610573
90462
240006
285495
7527
160226
134617
99790
43661
95603
7094
335541
254369
22958
263545
85412
139986
48785
319651
435159
92525
24303
175140
512326
343238
521766
64538
457155
66437
21208
299471
91319
97161
347454
207680
448169
261347
103874
331691
191210
64580
120693
195178
333617
318840
121586
160063
676876
92023
533260
44474
187231
48489
135841
536744
319183
433304
206157
348633
131076
149191
171391
222475
208757
477884
71355
142481
348366
147298
75541
346510
428245
26520
223641
104585
351339
154008
20535
4214
101737
51030
653866
148562
96501
130933
661571
136941
233349
64709
142837
125996
118186
54864
1638
136224
290391
99301
39243
134241
551702
406768
211669
13014
31540
91517
576156
160663
195249
96521
94946
104207
187257
229351
88106
241015
154264
63170
97014
730387
46914
484168
139382
489267
102925
347030
685721
386909
347597
170460
37136
242389
1103872
904366
10605
272651
76287
460908
518100
296090
25099
103287
356301
17728
341616
61669
101524
704633
359170
113420
1051529
274218
293300
61047
241768
477242
101681
86322
577439
326507
28737
120101
527891
487033
393063
105286
217175
149435
21876
492381
626333
151714
241936
600673
21205
78904
406721
139193
136334
329749
262690
83435
192038
209512
319718
261679
100223
286092
406770
69683
473439
72189
92736
538858
118183
401859
184265
190466
884546
40560
390074
262234
26003
82102
9550
216642
457716
12664
136569
704235
158241
41091
135194
13848
48523
135487
850122
244537
394021
239944
10036
134652
682128
728991
209933
229483
141335
135287
98337
221181
154539
692923
38863
775562
229508
211265
10135
465988
136630
79364
21588
36196
1046110
192235
650482
101724
121382
223963
17122
585294
274353
119225
600729
593025
381027
797593
269097
78924
43287
162250
220808
208133
269480
17763
7597
983830
31132
769656
1071696
139215
361201
88471
314038
59581
259249
3567
343257
185739
784657
873749
121922
741958
179872
156517
414290
24951
157877
417174
249365
28391
241977
75082
7932
170154
734511
273593
938671
1019169
475232
341685
152548
43251
391466
185
1080
38590
651713
388895
6214
626445
361111
125037
326607
786091
172678
173397
273004
244
512324
447367
143561
393927
156355
71875
69784
150969
116176
26716
396528
489839
475930
458608
319703
871939
950535
397629
318849
273532
668055
33809
472417
19864
127393
135821
105230
293178
2406
180182
253180
78069
135031
71443
153061
77580
272989
240977
71391
178600
13008
646678
382915
101624
85764
334875
123081
553008
18549
264303
386278
815869
382793
9321
68915
217467
188555
298647
271647
121516
153831
120679
319609
135312
453985
1037215
216451
156609
666579
118559
252431
293362
71317
71589
326717
121771
700937
543167
752262
134976
61035
189708
56556
96216
97504
61313
1087088
143397
23961
162240
453804
91252
6340
274273
442804
369463
17646
30933
270849
234547
249530
307976
295294
85900
264757
287774
207503
324414
52325
1207
380770
49556
40384
7438
96066
93458
100541
43723
92529
1112487
1000859
144699
91058
68895
26765
22025
178921
551915
31741
671369
101916
714426
159397
237401
263916
3091
95576
367936
70283
100338
10064
69488
5816
87458
22195
559070
51107
171502
281097
346600
70062
896173
262121
161431
583553
41079
257863
635346
292091
405464
139616
81746
737
957718
1079077
242072
67871
771724
227167
195360
61465
620513
346169
199062
251616
125603
58257
396442
144721
960294
19576
492838
477332
253651
38773
438237
948153
156769
123965
1087427
16689
99185
89458
17892
251689
160486
71868
154865
665496
83905
396109
539903
473123
44780
18026
209061
238577
37253
174810
473735
311136
447638
368799
64135
236443
163353
143596
170949
50740
648684
167999
477923
159905
387391
73929
875623
136850
26228
125246
120474
66857
152938
45879
497170
650405
134320
227419
465730
275009
269505
19848
123005
203363
570756
583743
454277
744162
8412
621355
355132
341347
92894
546032
590797
275400
369316
236284
2924
69041
666209
816954
17850
402921
319332
103462
19552
27263
225359
145384
579517
524080
124959
148448
101073
307987
150741
367651
275367
163730
284700
296265
76880
286141
803526
179656
32211
246612
25886
188574
698992
158363
144796
40256
260280
121873
24588
177967
31660
240963
279991
355842
830678
832067
1044171
119108
181139
181859
197456
950301
563338
530397
129645
120097
340476
75773
585810
190745
290790
145136
606842
657344
153890
120369
317442
229023
349212
95614
191135
95683
154202
537645
395347
595769
199082
40428
386954
143721
576340
479200
254995
153076
99478
569413
219403
96373
134813
55710
180073
24496
263481
31669
199411
636353
164895
590533
1184
292270
340172
323602
232618
518086
3089
163442
299910
92237
204946
267487
716905
4046
121865
706236
260433
270859
25017
141732
165682
264028
36635
101226
216491
329239
164952
198858
628083
897172
488227
186573
70100
586445
88844
140517
175924
8859
35534
221178
103266
546825
22637
220253
12549
488174
97260
156731
12129
257907
152143
523783
35505
591852
13256
37662
892861
472613
70299
608278
242410
623222
246498
1061754
632171
141948
585373
186030
334060
704444
697723
395005
36996
293032
488316
47417
294630
151875
17863
796867
258642
98373
253363
3426
329266
265347
479369
993619
355987
740106
4540
137895
487902
193103
292806
521046
277383
184223
30278
92873
506369
298801
141512
27017
327795
531015
566825
106472
8035
117355
446055
660576
242490
431417
684134
68723
235614
82612
960457
448855
138249
245255
381141
503607
9119
51533
491587
536700
41997
139826
270959
294616
1121
450664
64782
145447
100242
295917
10300
743419
494510
97972
342714
294965
218443
255050
21219
334150
25984
737288
277040
242062
9164
293481
263754
148816
230646
465190
624740
347309
18485
20544
286622
286781
731478
263228
417528
38139
72004
20324
344175
482941
219931
45183
97273
189310
22759
671
511882
165131
96789
533843
309076
329328
188072
417668
646015
361193
548316
192202
611961
76972
806807
238941
58389
115600
5904
487510
543262
155112
100006
71593
13477
72209
643688
119024
586306
292591
360652
976316
418379
447575
20279
58394
45612
141205
642760
537010
127404
43255
334741
723170
33444
71645
136312
24015
1279
230892
269583
98258
147176
144007
105226
25929
336833
436597
723657
356344
191729
106083
351824
17312
645368
89085
250072
851780
91099
478341
352885
463321
1112429
70171
496673
519445
73580
13196
477219
138046
259695
431701
289395
54828
670420
186956
278445
120581
238279
230156
774043
138995
357439
28858
149617
127020
6831
294666
17017
331444
143765
39374
102901
542895
161454
147823
132349
229166
326702
21721
97078
252675
23988
278552
189057
229479
290865
108909
98271
430514
144574
972081
341127
577835
149063
587996
101769
24900
398505
41501
21190
275582
147237
28561
4493
430251
928315
216616
285513
22757
207367
64083
152862
158272
514717
729339
443502
91949
319967
363955
191566
240016
60955
211120
518548
95754
222083
99061
45714
286459
387993
239690
91273
139291
256573
140509
102868
344129
356264
283166
146650
27284
223966
65540
382859
6894
511875
194116
17396
7239
136339
136118
190613
160988
26875
147091
49488
498560
3998
237877
84364
105100
261830
170239
535
382418
72302
73656
96660
22311
66689
702661
236369
466385
208988
258071
279944
131052
275369
322104
303327
101607
143214
355198
347722
209997
50626
285415
54815
261278
219879
143452
25199
230247
287104
119061
194048
321530
20169
296378
251583
644547
339526
20066
109688
95509
33505
118879
104826
499090
52587
121205
271549
698927
28711
1460
354933
95753
381070
657375
191595
178819
150005
3708
177652
600291
94038
121445
436413
369575
129160
222339
576281
268393
34940
146822
19878
629947
95405
147279
99444
496770
10170
351521
71742
94444
101176
335478
462959
568774
191401
99176
414083
303543
245857
342402
71162
233010
242285
645331
7855
47766
82940
251311
71448
151680
89642
163921
64545
299395
50972
27141
622123
23231
704815
400994
163673
148176
104241
52492
66649
570172
1947
61137
146318
72161
141723
543644
71929
43241
362705
17600
903770
309850
288570
290838
270689
326736
159987
94009
148938
4055
74592
24480
547625
229576
299708
389105
340474
91498
569779
309250
191431
314239
200755
265477
148847
274166
184810
8284
287708
1935
47652
31429
128251
58219
136535
186905
96910
392313
751103
310016
402008
207276
345854
92128
264520
54797
458276
192678
628069
736406
613594
136862
157047
187304
28736
304845
162349
207583
261219
64219
94666
457732
103007
43564
92283
22300
1100
24815
148441
949056
401187
157726
20199
471239
18164
11360
330981
359530
22737
839199
401986
6068
286615
163556
71916
331109
191270
278318
1864
277940
1132753
471534
208760
3532
4293
518402
337067
139831
295206
388550
178514
128822
23262
246331
511121
63053
13030
120811
1019628
238422
20636
103302
36472
442846
47392
479625
674240
22309
123075
140824
862328
451043
26677
74896
156157
132496
101041
344140
274276
323041
161487
135905
546640
71563
281408
240398
340354
386544
703
11993
252023
579204
86818
81975
184180
171511
153588
128413
24366
448994
33298
141679
275541
771023
268578
770767
189701
362447
210849
95311
102502
51165
341441
298359
84442
387108
256754
864564
843855
209577
648825
6385
157286
154062
54644
191603
381581
986437
240234
148051
476177
58730
259024
44534
229705
106498
120222
11459
132265
246210
617262
100039
827554
14228
115882
205701
958842
217591
21960
118656
725427
344904
161110
104983
640959
731450
500128
158779
610545
248630
424518
23796
125667
964554
104337
118525
163843
81
24392
251449
265556
170163
180283
290570
692769
780380
820213
996297
93120
40368
114113
99926
224532
221409
273405
1809
227441
242511
137904
101635
10112
409231
83182
227954
652514
1080807
49692
325965
263721
175033
1043791
478432
787467
2175
255881
255668
348659
2811
298669
25920
20086
392286
471499
59152
610926
263190
676692
394937
16898
113997
252216
276500
455295
237962
475431
840
1019521
60954
430314
434779
103291
92095
38174
241209
491994
820296
139176
31387
435563
349698
455271
125282
72847
18165
625401
103272
268457
623283
29725
115438
41257
1007805
448868
1054133
230135
26733
150852
263738
224525
27727
160906
958075
272643
27190
671366
751538
157613
189031
34905
273753
416595
67602
11652
137352
493578
255791
78785
28795
227496
71467
725750
128673
576297
616679
743914
228438
543261
192667
346441
356551
43220
346043
435252
100409
47305
37166
348253
356094
503631
58635
339359
740399
136821
74683
177330
634806
179614
28395
51129
261137
240824
250518
213189
26290
85508
318622
100746
70809
7786
191334
263880
1091857
151732
229359
606800
200169
226855
65027
158657
785356
18905
1033390
178931
6872
96363
160306
92995
829979
1014506
1092928
1125869
1133531
135772
155095
155142
790290
179786
7184
45720
533811
182
335220
95964
489487
218281
177560
241993
285092
187283
130639
2097
3527
7056
11492
12043
31213
32447
33584
37448
40026
41284
45782
46425
46538
46589
46638
51491
51695
53424
53692
65443
65451
65719
68504
69499
71863
73408
81282
81410
90238
90596
94036
94972
96989
100800
101036
107349
120402
125294
126010
135653
140248
158669
159631
161151
161917
164882
165630
165924
166846
167579
168166
168439
168747
175011
177504
177571
179796
181071
181570
183605
185155
187375
188104
188321
197331
199523
200362
207770
208970
213627
214709
219905
220563
220831
223926
224194
225998
232627
244013
257614
261067
263566
270428
273536
276415
280078
280426
286145
288796
289318
290610
294641
300196
317094
321662
337930
352608
353625
353827
357991
417597
427842
437971
439874
440255
440491
440557
441278
441989
442816
446609
450425
456351
459300
460960
463307
472025
472938
474347
477904
481628
489091
493175
499770
506881
510546
512746
513506
517879
518273
522274
527079
532661
532896
538192
541403
542712
547065
552102
575192
582553
585861
598150
602679
607942
620342
622163
622195
623960
628079
628557
635409
641743
645634
660055
667493
673492
688756
688835
689680
697888
701331
707400
710124
723004
728306
730808
732407
736090
736731
738146
739870
741975
761212
764332
766802
769074
771085
774416
775482
777111
778225
791741
819140
820507
825872
827740
828704
829269
830338
830460
838100
851796
853913
859591
870813
871626
874735
886257
890618
892025
893036
895218
909189
913379
921499
933269
938441
939287
948492
949080
952208
957328
957785
964019
966947
974244
976680
999528
999859
1001545
1003955
1006596
1013274
1015338
1019987
1023260
1026235
1033485
1034971
1046130
1052320
1054470
1055062
1057867
1062472
1068201
1072328
1073714
1082322
1085091
1085446
1088496
1104205
1108457
1108461
1110022
1117798
1117840
1118293
1118841
1123928
1130412
1132200
1132270
49753
426470
868313
146190
174907
131180
91844
171495
142223
94169
62751
448863
100104
120408
553545
448203
621898
331347
487937
264327
101973
265517
352005
728200
126096
310229
280018
102265
773016
3379
513080
157983
79597
352771
153895
47331
1046958
328323
94490
277197
27371
17823
954414
157140
158937
186570
40318
29733
38131
632525
150235
244988
476232
271913
238593
263569
102757
172654
70278
124169
277898
136340
148509
1058005
179931
104253
186990
84205
573804
586469
626809
16774
491668
159259
72327
600021
355424
229628
6408
157128
750116
207522
966740
155031
459567
267792
388366
381792
287193
105078
348411
479875
209110
636883
150046
1051080
237959
64003
156689
261139
281764
639166
165430
389998
147932
342677
4463
91544
424539
115838
147030
579107
457415
530474
335866
23699
723518
123025
19839
420004
1081392
842038
27601
448435
200231
174288
4928
73707
28412
156153
107486
456699
293405
41974
164664
133590
635642
143859
25952
149187
171567
427
291250
237639
2455
457298
840031
589886
75079
397249
327375
120789
824344
502978
134713
691485
128328
26736
222618
160307
279141
23009
135702
667318
247193
210481
1019320
227794
494163
179861
23872
62228
44297
150017
370189
179871
188489
612994
115352
89120
735176
218294
328290
742303
71926
732014
97980
289965
2079
634514
27828
312848
479325
115402
493059
188886
331438
252016
619476
819578
96002
134867
582584
593066
40137
364598
219561
257248
248795
851430
872517
823325
283435
801250
240447
200204
236764
309476
356731
45097
70900
237270
2551
518145
32304
64848
209991
258703
144554
219772
47884
255798
118441
462855
221821
91350
420614
336428
26098
139934
16778
631112
271453
174827
188547
1023114
92515
270460
69752
122956
52118
241051
825762
269364
42536
512458
4244
665015
22122
223631
79637
95596
109414
201499
122967
83946
96028
262345
694156
146657
1116827
213202
89407
600339
43389
57872
73971
117631
94419
157964
240416
450977
188514
101493
44138
897288
74990
163432
83140
70846
403284
300436
21057
288614
274350
23219
157424
95865
594997
386657
102543
117472
402571
152734
228930
303599
53452
150157
632750
424754
239621
490459
4400
336325
27271
273160
156211
118094
455765
1022649
227798
54791
275518
402873
9941
62632
294420
369621
508355
91179
140499
625258
156505
1723
95953
105788
870821
28852
94346
158820
125950
94918
262189
321072
18400
220791
154313
90985
385593
40564
247634
354834
91330
299548
58987
123114
160712
120847
362867
856618
161295
35292
102241
92712
346179
264611
327847
240857
64570
6881
184117
766464
84544
632713
645630
91277
3373
95479
384936
602052
229817
21673
467948
40172
424429
601512
184841
96885
3717
380994
185959
100287
90921
446242
95162
348786
233247
26639
714235
697968
329504
163445
330954
823497
117758
49894
25999
124693
71666
153524
318733
185984
136547
123979
43122
423935
174223
354151
228443
370062
233183
361845
251986
380856
22951
23760
118959
21030
313166
129738
265589
602564
160861
191162
106704
924146
330996
92896
352628
456723
490443
110447
569291
100741
359365
67674
574
252673
478392
290135
128466
660864
704183
817303
148919
147429
144672
160963
268510
458279
443223
255835
318562
272260
72182
329609
303940
626365
292374
617962
403067
30346
26213
944509
451328
121765
515887
25235
44526
120687
95169
299750
64840
687439
21570
190376
71804
346142
162770
506533
911051
623453
118622
268254
624065
18034
82239
19612
273180
157185
150975
157963
144941
402611
253964
265440
352477
885712
35432
44008
209726
134333
71989
131019
152750
357315
73014
1173
42840
1949
402862
555746
6303
63870
549551
631118
222106
108793
529494
59394
519981
714494
309791
202420
569603
450209
280658
947265
51757
282472
94139
93982
21893
280051
341845
347371
19932
246960
767429
227728
177653
141336
317777
100884
114
520718
59149
369078
25560
191300
349495
208257
44988
50466
236951
96529
255309
83289
795656
766059
251865
942671
112577
175867
295606
153046
96596
161555
88774
439783
173127
160374
134962
103873
621099
351171
398250
228723
17834
147918
76735
20150
319585
91130
498156
424385
920355
25214
96738
768795
310730
671191
95745
175075
20045
882568
7521
832581
809469
330060
272788
844860
55362
800988
541215
472054
251513
98402
238825
287577
878240
426871
131394
634117
122581
578127
903703
299444
35596
1120
683070
177418
20296
4385
293048
52114
138208
312562
6939
389293
238450
147271
570507
504154
77056
27765
4028
583839
330956
2396
145934
288599
20475
85372
950188
824095
43157
203580
345305
178088
150519
3544
128646
117521
71788
151018
151062
195588
373005
102677
282438
436494
1028027
1104665
57910
235470
145346
204741
13320
176044
252204
246147
274154
103268
231165
59455
162108
834292
241481
693366
138199
402116
742875
24827
151215
124379
644829
40280
573460
845454
361937
327801
122126
876203
58000
95050
128206
138271
603285
21955
6958
401054
321322
587865
474603
184013
142121
260938
59688
463790
465421
124917
230650
137835
829374
94564
95410
155620
794296
66426
55460
325789
142752
862395
884482
189358
293352
11138
244243
220759
450828
11635
145378
444692
828689
843275
102303
21212
582947
756740
44231
93064
246857
237646
60115
94996
180026
526084
475206
26688
570193
103569
392430
158048
140460
136007
124809
10986
20515
895069
78618
326398
554431
784227
19326
155101
265954
297046
645554
309271
424526
31682
590146
183890
23515
103235
161422
384389
71417
451520
809791
449649
79074
316990
775
270622
3457
326429
449173
418487
484736
121660
351414
26235
572432
183873
336934
41573
21297
93560
227927
242111
354262
145321
132735
342526
411848
826426
141374
18140
1065557
504768
275613
149380
106080
319677
484700
1200
267081
751958
91823
138319
170213
92184
348430
11193
86018
4172
524435
98048
86184
125253
84312
39833
43942
242120
671720
75399
716825
68362
2905
751474
8369
71629
258213
1647
339427
71743
145854
323769
117465
5819
99448
299678
219861
757914
91349
21147
351557
245800
742589
248737
291138
1035414
105685
317436
259118
665149
32056
151878
22175
706282
152920
97019
36716
19991
90997
126118
69685
381588
237408
1042864
236291
90940
864025
157993
102739
20063
878536
158542
887794
144762
129767
238431
146326
58740
286974
79063
109057
95853
171225
286841
159776
231488
471005
322359
266198
472403
135701
120586
508820
20041
218085
222897
248710
112831
325915
11509
582928
159601
334094
222556
873727
29319
589016
257514
300795
131069
560081
492748
521253
545238
139246
665206
331946
95881
253778
253303
1905
605236
134265
451658
102218
492516
325998
359548
92605
450301
109731
348465
147451
227439
29496
294010
439959
19447
300273
106009
45917
158179
2014
315924
37622
99180
147499
778506
437312
123082
28394
209348
328200
156891
163704
1077458
71098
623035
287591
1020464
100021
857799
143768
129785
31615
96165
20506
57494
359202
188422
122023
320916
95963
231333
529276
40851
98305
668300
75661
452302
204954
111988
268784
255212
337091
289780
75156
180248
108760
141499
361749
464244
464956
29109
349260
435403
87066
451066
241919
383572
153550
115054
449164
201048
138603
769015
643702
439669
237980
95041
36417
455101
300417
334610
74951
70874
341959
103075
289947
89844
21879
215345
50895
242197
242845
78652
252935
319302
351157
276486
632319
695282
285752
188901
155785
37526
83000
156370
17044
248791
19595
309792
3983
537497
128789
242604
388017
157086
137250
140243
382986
144285
66055
283365
462834
458145
644193
219552
664271
29167
469128
2252
692886
11336
196384
25368
73994
562946
258808
521529
439667
2036
303807
394627
157204
11806
224826
974860
92269
74939
344065
157549
177670
28578
107225
32204
21956
102383
27839
144947
570764
193339
156911
69681
73919
298266
29948
384667
265432
639907
202009
497980
460010
961427
699913
145025
53633
220571
261201
288501
31162
344588
483180
335753
232698
479684
252356
772096
267161
30723
222481
266210
41561
120507
296229
820806
100474
402088
263594
221741
1078706
896427
236670
41285
141879
188335
4510
162595
103946
150035
146064
64058
4888
108612
641848
590518
558743
717999
68517
252996
322975
260559
157437
76653
1097332
143223
162368
25053
341925
69290
167572
436142
270707
130265
161468
38775
389324
733873
159453
101106
262941
145784
146828
660132
346424
44608
96653
905400
294235
69890
49644
300949
83235
466417
226884
261636
279059
62609
96249
174833
144307
158678
443662
256409
92071
140795
194253
645180
384918
187487
128437
482755
769114
200155
416537
134779
840307
348333
263725
880084
155445
87645
203057
123259
148412
84663
316242
190702
269248
134343
39182
439815
274904
14913
219349
74380
388044
697721
417236
344911
158500
130759
1001820
246278
98303
143858
74252
914221
296020
25888
19106
31297
101237
219738
120490
191888
861567
539707
160704
531907
361102
13190
311910
115202
364427
361513
214976
339257
1012346
414188
286778
162660
353739
683256
619376
131398
277378
26795
209935
201135
116330
127151
652493
386915
157797
150868
106679
570337
439808
102491
520539
155428
119450
148442
347539
92599
900621
100095
29279
49619
197474
845577
433771
14168
44221
62572
237542
268688
270128
438216
470586
510503
587881
604007
812497
829148
864930
931861
956216
1066632
1077645
425135
155232
47762
257799
261576
452190
397332
26533
237250
96958
389915
11907
42552
434893
1098757
247958
648332
671258
593464
83467
67500
461041
91656
153123
966987
296946
129591
18894
768771
396745
19583
227877
828964
255861
981335
449639
218194
64916
275656
547223
435269
21486
920183
143328
529034
493214
11762
141822
45603
62886
263314
709922
86825
51562
345924
264503
260425
118835
334032
95376
648331
600491
356546
50633
46181
950419
118366
464749
646073
364000
342011
145207
462828
369171
230652
478428
152043
160981
50373
27604
807129
10990
123553
385969
20855
185934
47738
1339
97198
368948
81238
627333
867908
75131
174356
57316
221580
1488
610330
102153
144284
471243
475304
298664
91300
52851
129804
625347
120914
30673
18235
4054
68793
260576
382890
409389
149994
62631
22896
126124
1211
97160
261275
152581
65051
71412
96108
105764
170926
857726
180983
59689
193987
43002
26029
147423
152567
147459
24813
346108
103392
929256
25964
1038096
47473
242565
86229
595972
356270
268979
253711
279485
75735
143247
602011
363712
244900
7885
99442
96295
1017475
240580
553443
319286
130738
90917
71607
301698
381713
156944
191820
144943
59188
151759
13705
964718
207525
156883
145935
156901
46309
103686
300625
361382
190606
73958
259319
76109
642841
47352
240473
224491
687995
3071
247728
273875
252702
212241
540113
70087
472525
75800
95367
552525
277715
59043
72296
730810
31830
152390
155443
144683
228747
341901
445735
144776
352501
289554
207195
74654
153278
451250
95598
285789
543985
337028
268994
105913
190707
446900
149934
577
221740
337095
531347
69083
326327
71845
396859
58985
20628
346604
128611
268803
266082
258590
529277
44970
69098
131733
251777
571057
150206
190762
90969
239757
237974
9816
246304
255890
442934
120608
236602
46730
132971
385877
383042
159727
65079
546130
28915
197889
179847
758204
50705
20062
523090
128452
155369
317100
157982
216322
163123
367763
460115
279261
294213
207693
92334
184618
148593
10914
151637
558766
94744
331599
92544
77264
385146
363335
252887
4203
522171
4415
105035
157089
65653
277779
136451
151079
585562
336108
483362
228931
250745
29671
528490
650542
327335
44320
265452
31061
364170
20578
251473
449927
663230
109294
62641
239901
268797
26960
368433
606813
447633
53303
89746
34458
95879
27526
215316
7939
474815
221629
44438
333759
76597
270675
729379
447703
52984
113399
192547
959073
217201
343099
528614
141892
518725
75810
755216
249518
41577
174590
137965
630439
510225
161225
262111
10079
108114
1020175
344475
263050
253540
69032
355199
30315
19613
33021
144125
269804
120547
352618
38534
7090
105351
153113
273646
578170
128615
97241
474669
220424
1017117
636227
331597
435457
79198
227017
198529
360611
151022
726376
882130
329198
222558
185883
853653
92065
515560
598390
447519
174131
239608
648791
154325
20418
263140
544039
153854
474487
100777
146839
43931
72790
464359
145342
770201
48691
46037
96411
381935
114047
131993
260060
206008
592690
320627
72282
180257
27134
472435
66516
144783
72833
121601
450040
588
161566
133664
152745
220374
673135
93920
757
268521
100319
474686
103477
267001
538034
258948
121427
215366
122473
10763
406701
7284
1134556
175163
155118
216403
360578
72277
208116
419623
827576
162243
482355
364667
650602
588719
47739
269468
240443
463704
1124822
13926
96858
445748
449012
134798
24450
159485
37888
91421
93691
503547
599758
457994
12799
265351
200132
581242
67024
125930
160228
105667
895557
360634
50449
353747
7706
147083
36636
146186
27186
142109
101267
3850
66288
102294
295485
26062
414673
297989
187514
257722
131162
191503
105656
140945
204942
227826
17742
329250
240394
386630
33707
633963
10318
41078
62738
122661
767608
784236
598356
54767
75845
146647
38558
217298
103005
1001130
28992
526991
398204
336404
284317
172496
254940
434264
493586
255769
446203
3073
140438
738047
641338
961792
391762
76689
3035
151065
624555
1856
152619
814171
70181
160040
20299
648466
74811
485429
520821
155563
53294
83621
578123
431630
244143
136244
159063
341042
340790
504781
322123
274351
184643
208450
205627
136650
317280
670921
545101
791
228699
40158
153782
12123
645192
193957
77000
25422
116030
606423
16946
112223
43537
30327
18675
887482
157465
258849
112116
591847
58509
34882
75601
488259
232001
807982
51415
930038
92594
526090
22478
453234
265955
117654
144014
544781
277668
658235
362654
288235
95985
402576
147727
250081
400726
455255
1142
71995
120121
150472
710879
248959
8795
70289
669166
347031
141507
275235
6390
351624
162252
945722
437336
530638
210164
519833
5810
73635
903620
48136
188369
443418
359322
989192
30495
10127
296301
613377
191490
149656
298880
66770
303803
367700
436505
178007
1102522
311041
499397
492621
133655
40255
841981
634559
179665
3848
96078
796328
202261
406191
13434
66705
148626
340817
865467
218655
361894
302240
256903
93361
47733
899673
231619
455940
77572
149641
476763
69857
102673
337055
221727
270328
190905
1001688
830150
531389
22573
205942
143680
71583
62820
29560
257912
104343
200896
242198
633154
246879
192304
475435
106094
42944
477827
788166
299337
239400
188368
448883
97202
134694
790014
607528
69991
206851
228569
312128
2023
6769
102579
123690
339137
145382
30726
114011
743515
106582
187976
102934
74350
463595
148139
210011
1145
1078690
112688
311876
163638
403037
20806
82166
472597
1493
104060
926794
51546
51959
506687
42756
227582
476706
97556
387483
202833
544964
642571
7497
280084
82644
364129
350184
19690
136356
195413
871124
606555
886031
506222
60221
686103
22746
264243
360196
612325
94715
101962
142491
71044
20502
207243
180001
131678
537522
918787
285482
246679
72013
719352
252228
271630
111158
135879
130805
507116
618076
680419
62681
110506
162135
449547
275189
659554
180254
158582
68792
530912
142266
130969
159516
468953
606794
285386
124394
592602
596825
1047824
5564
162244
43888
120239
396523
97011
56245
4726
136419
186633
134629
146280
71223
160303
27217
47425
299419
572412
123108
193697
140619
184455
66858
27755
219141
4131
151416
64209
847
69600
894535
1051091
93203
207470
227864
117910
35433
158537
262211
503018
47235
632444
246359
474440
211949
348369
63625
101166
260451
294792
119106
319251
31633
70285
476136
152761
866665
109912
31613
222861
268859
158672
349855
94495
368997
99959
92041
493408
195417
2290
349970
268810
24754
626931
11293
30486
71803
143994
897026
209249
84309
952120
105711
451948
20419
220494
91497
361358
105879
245182
83136
185749
143943
95489
83480
93197
270245
269520
510896
20460
190938
46213
64846
22488
388613
562282
123729
298779
259135
543955
296086
446
18601
222081
195410
25704
1107231
257204
303699
267277
154272
228033
53807
277260
736525
163137
153541
122637
448348
334265
51141
435156
84305
273733
205973
85090
43094
10415
66842
18402
21156
292060
469078
35458
74909
45859
252809
201939
319992
395471
471544
142157
679258
253065
190614
512117
110783
578653
926783
70069
278116
568840
39790
135434
74050
546823
295621
14323
20951
680231
97722
41625
512264
368654
117459
444592
607140
247735
6995
792874
292356
4733
104217
478248
805768
900864
39960
201696
494170
147539
227307
276925
4512
18912
908115
1021434
681395
251910
20207
24544
684049
805563
161315
101623
101770
152513
145904
71697
207199
694822
330999
149313
121888
195609
205825
148240
261509
261612
102947
17053
105250
896538
288659
905191
102374
141215
124558
1569
17872
204762
115073
97186
341088
208815
60944
30577
797222
143273
427652
394008
301772
512254
753673
765861
13595
4705
132922
92280
277015
722055
565640
164007
275544
729496
242611
292336
245151
323703
177574
20328
146490
322348
172687
53342
196555
309835
139843
247367
142550
134639
215783
954156
223677
54695
24877
684018
458270
666215
6861
180284
23082
69157
209695
359721
362277
684007
28505
6341
263814
621409
97606
313862
586273
289559
257242
582692
510235
573622
23105
68669
199754
547662
131378
226943
322075
11296
586036
386616
537184
171265
1832
229467
528811
220255
473250
100045
255999
221658
11786
219319
181551
276965
207743
488956
115845
1030924
31709
1061384
546497
449337
100351
265353
630092
325655
96900
139935
96268
285458
60005
446187
85933
606455
435315
476760
698693
247002
653586
258631
125939
134892
842961
104251
235624
75608
283552
29822
74327
112800
102961
73777
288885
270903
300274
241975
174999
624978
498712
296945
89712
99281
273102
61020
102800
259168
448854
662098
116005
164692
64241
200189
264577
254136
294928
554513
446238
260485
243064
91068
304573
26881
659683
352626
97200
195409
101627
20163
349434
227998
275660
170158
222342
101634
300862
538777
232199
455280
24234
31106
639338
163926
103425
70586
704424
121061
19348
436487
195439
134791
263161
43452
185885
340241
260772
159617
97018
134622
108784
191466
875
352794
164455
12473
94689
177643
190694
120897
200566
389916
148818
368040
233192
132475
27348
28515
20837
584606
96348
65090
468295
647783
61459
141791
121746
92242
23432
998738
483644
67392
345827
121619
259171
103056
453770
258998
195361
21396
173106
247391
96436
103159
274588
341693
773945
96937
206469
147002
13248
171055
44995
272899
262847
117432
101783
28940
210732
92979
123707
141592
160256
210447
268793
91012
72210
108907
651092
464075
293764
255039
247171
395782
201260
262382
142914
99774
150507
80269
50941
159452
96865
81955
276790
331340
447197
237029
402898
136642
26458
389116
22100
92973
95247
319661
180002
266544
153138
362269
350134
154458
330913
159645
123711
246496
20895
221599
133637
621620
333937
79731
450227
707224
2135
100982
64537
121747
276929
135913
398445
339301
66529
102683
349357
634287
26048
334468
195446
299552
295318
439919
63852
554423
137537
90915
28060
303805
96061
227235
289592
121483
85618
69277
390029
28477
367834
220257
395777
132231
23353
99885
207183
458676
283845
112001
73391
449364
11753
117514
19890
140060
262247
149642
163260
342260
263727
135819
92547
64831
75884
235825
222172
824129
90914
143227
139386
46776
606556
61726
398241
447634
121684
279172
264784
319639
36586
162843
152288
123331
381392
400987
154437
147452
58387
179714
277557
364321
20157
93382
69703
163848
159444
537159
63283
288627
1833
242246
360236
84223
64107
146652
351774
252004
238325
99987
157026
473109
11060
231995
7087
263148
288624
312169
533861
574254
785091
787191
980478
29229
45725
56376
58587
67263
68646
74649
75145
75894
81278
110476
128773
141441
143569
163695
164436
170320
179674
188702
215122
221542
231406
258250
258328
268736
271580
319569
345515
382920
402676
422837
433339
436555
439127
457225
458930
468109
473908
475806
476764
479144
488137
496363
506340
510532
513103
567971
571452
573621
581084
593245
608270
618554
625905
636895
640471
646206
647905
662180
664830
667962
670600
694898
735993
743103
764016
777322
789444
836660
842745
849044
855081
855500
858466
877993
889484
893430
894841
912882
914024
926166
958852
969959
1014347
1022234
1024535
1061473
1065216
1070216
1079973
1081455
1101471
1118375
1130358
1134657
39555
47157
64053
117022
160186
189014
215951
279625
486963
548149
586098
600844
608768
693006
878578
914830
992768
1020023
1060378
1083374
541217
160807
65039
23425
29786
160716
17630
318059
253178
25246
87001
154823
156913
849028
219190
81794
846
233252
95682
204628
294571
431222
153531
100700
606902
501117
449032
326809
27488
565760
891012
21221
49787
232762
30787
908797
251193
92331
203620
145863
491552
447753
153886
175153
925437
49839
368478
151099
100155
367732
728935
10557
253225
319671
851464
242091
47776
10392
41598
92316
152291
116230
179870
401979
94458
446505
92514
251313
276085
23023
441316
866191
551682
447801
695420
224912
117247
191209
592053
164041
258271
218836
186598
595144
690570
568619
890228
16713
96139
331261
386049
16982
472577
186809
547285
16838
25101
372021
120013
96898
6337
209687
687881
197834
3036
644435
368491
26350
542739
136408
217593
295280
12687
52123
98901
22432
7610
5977
144219
535493
828676
635847
92098
245542
444680
7117
352996
349856
515991
146561
148515
222285
359646
539032
191387
607778
50710
265493
340899
297985
23095
144837
384283
342243
21430
586802
343625
190423
290806
951598
100784
612125
92287
273609
983796
206866
171096
645992
406967
104537
145898
96232
116020
150672
76418
617155
45750
4226
658318
77140
210067
626688
238216
102018
401067
20353
353543
857596
136511
27241
331692
624515
369469
106527
241620
253930
39590
360862
453917
60066
142753
17516
450592
478701
52730
517350
385806
7799
320870
291553
633946
307550
569309
59369
575182
71705
77081
392174
353707
98492
767561
13890
364297
612988
196502
65351
500860
145520
624917
26887
7234
101684
227787
241983
951965
75130
143318
253301
40044
76547
30991
115634
255376
276065
381385
229382
456342
472353
64585
1097859
252641
242003
27668
517743
242577
274947
27218
198168
180719
416580
140201
255300
244656
468066
242296
781783
76776
164511
154199
743367
604562
227334
151555
110707
220638
503254
71882
22696
204615
71392
659061
127302
27092
212953
1512
239883
235897
270172
144787
97552
382691
6785
593360
553464
242002
235919
145930
27589
145374
141914
91466
161410
388148
320371
95916
258057
549377
258610
13080
381952
132619
479076
196719
224500
148042
240313
159524
627783
602606
78632
368083
344949
401774
153291
800402
134812
639693
89175
263493
50952
24746
349634
118536
197671
309855
139675
606995
350105
642759
93259
54201
106329
133174
184811
301418
120392
370067
568409
27009
802804
476826
230243
27349
493428
17757
269394
372808
339565
45075
192548
313180
913455
18031
119338
767017
1098955
572405
49469
241011
24413
222182
246098
603238
69003
287549
25143
166407
102944
94912
114278
78804
796372
141796
27032
397559
23127
131495
135144
33448
155274
155110
237407
242164
73887
118947
191745
33194
932802
270777
34978
9607
600622
102177
189852
152739
128593
85825
92803
32817
208219
547489
1005056
77216
195209
93649
354450
542431
579940
512163
264125
931469
304544
45365
696981
321895
66594
261448
46076
85915
470208
191229
267566
197835
588520
359209
115663
131464
31264
347430
26884
661887
71161
991590
885332
697506
978248
128663
1272
574450
738254
274316
38530
152637
244059
624067
736625
291272
61897
396299
20761
12617
692717
591684
102657
161220
1008706
292963
227135
255206
251870
1053615
475590
261285
393999
455367
7971
673836
832189
272281
75163
473726
27086
23785
331334
238366
77322
58424
287108
348493
178380
61921
208012
28652
104422
587591
236401
102172
3736
171435
236720
115096
85956
822335
346235
160617
351201
454716
809993
361731
248688
116316
582752
464512
278446
291848
238925
73724
145186
1913
47457
64395
316293
118048
94300
89315
211019
842178
21563
154986
260947
340158
25548
368955
363562
256022
121717
471055
92759
728158
70329
351865
288113
331960
37641
92691
119329
191469
200454
265004
336818
367779
438557
452894
466832
689382
772589
878692
1011715
1025786
1090539
1093146
52315
328470
512285
772473
826463
859892
976620
989164
1053496
1127376
954877
728379
24651
70606
3673
447818
157157
261932
317669
149389
14233
191235
171238
459771
121766
388290
230310
71821
650452
579847
945762
588585
191059
822183
92655
356670
108683
75331
545792
706088
64594
5092
207553
58535
552050
190698
73626
67057
20753
809999
345923
272748
26882
5836
472746
17847
23952
792301
302238
217268
292383
588143
185818
257805
157193
70528
188068
427636
27624
319309
217058
21001
344419
162360
717184
793895
195791
784266
352467
92332
752067
199528
148687
37783
136637
48132
225023
222538
222147
913378
119828
195598
145324
179790
153950
593281
263160
15281
83302
178815
471598
575435
289545
45768
42850
30918
38474
71184
390421
69698
452833
463579
800862
20744
649123
64270
102679
296102
345160
902664
150342
445860
855737
1105494
848738
449192
897963
193726
44907
83189
667330
262008
1024162
1134762
514092
651118
286852
331704
164149
229120
1115461
32335
940307
245678
149740
28562
186669
237301
23365
828765
46300
235385
61354
430146
848737
816789
178313
1134760
145967
28332
25855
440269
314876
100326
285038
4591
23632
448595
71936
247387
781808
783950
942851
163108
97964
25715
95895
69441
27000
214176
69015
255353
25218
146246
95574
270867
69491
238218
236399
477855
298993
298776
101533
89647
259356
157960
73329
207561
12717
74970
206110
117441
588180
269535
268370
92323
316870
204639
208396
128212
196701
236319
20755
66671
641281
121820
67814
275777
191672
325805
636844
61412
12920
26517
253652
6672
65040
158147
45473
97185
474694
85851
189736
126612
717540
347310
121602
24586
123050
75290
137389
277995
79335
308712
227667
47177
217480
352183
208458
71386
61235
78923
117940
295874
102211
148245
100355
215346
325995
123132
144701
695046
447288
348153
16807
135854
238555
588631
259481
27266
920760
370220
62715
8835
75194
127330
68834
157975
467954
47648
91958
275242
153116
31511
72748
157130
272282
362386
65035
644737
355372
141931
241968
113976
13443
621887
83495
91440
635268
157155
118642
185952
270048
51782
339305
216621
153951
50293
207736
136368
18965
269071
241329
474638
148826
319628
61182
153827
3040
477964
49965
101748
387967
319610
256020
17908
31111
151348
331568
207218
92005
99990
78485
295969
20138
24702
586801
764850
43168
118453
532438
96589
350049
669
517722
92101
490228
154328
218908
303711
114127
907428
156635
16630
490496
295040
139289
275755
381336
154072
590493
22375
483419
334642
237239
50030
309733
50981
34444
95296
21148
270340
149407
370077
733933
96229
45100
297069
94514
429598
30374
301928
753157
43373
236485
153007
286181
125036
208594
71921
456443
239413
764096
630260
306646
584435
4697
28419
200121
470972
396126
121236
422174
156187
216319
21141
596607
109089
344897
270880
290623
222454
26805
290755
296408
824105
25844
537810
114235
368005
488868
242012
93760
99227
119754
102146
360893
148669
20609
627102
216061
227109
208916
132566
20192
27427
227710
22001
140436
43006
109262
39929
178224
180541
222058
448583
21130
492761
503330
644834
53005
299729
136205
1008535
75715
174969
842915
27265
209271
142011
831919
159806
1004184
435671
523774
29784
228332
773625
202824
17803
244521
92312
66445
381788
582375
69844
1224
91240
640030
136514
26252
464972
145370
211144
3594
136342
149244
37627
152164
139272
346579
164764
62756
771171
128722
319908
496377
191655
29285
435895
119306
277006
464097
626779
191282
58977
62959
231666
7761
301018
80740
71408
450939
93542
82947
27203
223931
529749
12929
313865
201801
104993
95538
292587
7796
301126
71094
343056
9336
124755
330897
546782
83132
22412
49640
463935
8133
579563
40081
944028
187534
258395
344539
455022
947805
1118219
192004
384874
155838
940214
205751
110404
503202
87277
88328
993963
231182
44499
16686
1118002
127389
154405
417617
150038
164263
298614
444498
475082
435463
246591
91046
53782
593376
29098
1163
1556
274344
155164
3362
22833
140771
117476
255949
11860
49103
355332
615376
16743
58992
268584
691446
16863
131073
838665
153986
145427
11712
498133
216352
199123
547341
417360
267984
222932
355150
881685
255576
85076
269305
297268
207703
1064433
353809
348885
73871
176166
69983
265383
275241
193031
473257
120365
673612
188530
275122
256084
71347
462484
264789
722737
723266
66878
49317
83058
531741
141805
100103
95396
469239
576282
179939
617156
323113
251006
347379
44520
273654
109121
468123
587357
40415
97937
25895
466145
61487
326055
102567
163300
235368
147803
114447
449104
46289
84218
4479
61261
58429
61913
991382
22923
37108
207562
280164
142750
170052
163526
146853
319594
260245
616620
143739
551821
152003
180386
999005
665250
895235
77181
226437
754041
451526
317594
867374
530993
446183
209507
389333
17815
270216
683
43053
189875
94991
369081
11055
210239
147093
356808
133621
71771
274576
141146
284848
277031
388213
171377
86487
1074770
71240
1029006
64482
498561
9470
163148
140846
435313
833971
16340
46542
72877
173109
279607
317290
465411
864431
1025365
1032483
1083005
56440
160086
207901
998220
367967
573759
40471
259317
155366
268492
563055
600264
209614
242016
148308
139469
121074
7726
286743
402240
149525
132216
419076
102164
26904
22805
497430
1664
139351
212075
1049322
74779
96674
277041
267126
214264
519509
320943
91947
476078
241911
205729
118664
641269
152386
238418
331356
123460
779143
21495
392384
116678
294276
131436
528661
63536
817128
1096269
98399
611565
107266
273241
339950
242116
268957
348227
31680
283491
205652
207772
451398
159879
189314
131372
243116
160015
31899
151618
627490
382420
274577
117373
29284
28122
13417
438130
669524
310526
563213
3559
131417
728545
156133
143222
155734
70346
890
386984
576280
242094
83204
392374
266256
804232
280074
48146
84743
556011
61524
26275
191627
531612
424460
254998
179805
417395
570216
39690
341166
368375
711009
184291
134627
458871
439038
7383
5773
27325
64554
47729
186953
191166
417145
452858
92993
26505
46262
507050
115626
140655
256817
654416
52739
154156
41651
45855
81469
110306
164225
188312
257701
277918
457300
460752
536524
544843
668902
830590
1049258
1053934
1070219
1087444
726674
654971
319586
86051
150996
533314
246378
121900
845614
362699
499811
588992
294948
152985
88343
456765
178084
270750
503553
480338
152831
92634
1106555
100786
391500
40433
43186
131367
83938
43712
123109
346237
71762
91906
551932
84075
35930
975467
221170
157991
199092
35416
1076414
453041
455470
163969
82246
47697
121118
92302
64467
174031
102394
464638
195049
231715
74947
333789
505846
4617
448907
300199
142872
609021
405962
436476
645503
740426
616541
576289
20881
327601
381861
28813
121909
342513
586302
537621
224118
341796
242026
498894
300603
275590
84905
35438
500186
496506
218981
19599
725797
191089
269961
338189
611141
17719
157542
75980
89163
162347
241763
648339
202114
4298
13073
239167
275322
899156
51255
92294
299146
505995
216394
59263
525208
172615
445572
383541
79649
71140
142495
60769
389570
75091
135851
539730
1121404
357482
26208
583648
98296
396146
149433
295611
13455
32513
104233
829571
364409
96656
155474
773378
119365
121819
690142
106008
319668
594561
383441
457451
434666
96119
468891
6745
327000
664359
729078
922068
949726
965291
1050948
500183
143895
102630
533782
488287
623404
264658
148955
136364
636034
431729
14047
135935
75786
23323
626732
145181
579318
77317
99861
219118
17228
646201
142629
491453
1053681
1017978
551774
249372
199145
163502
635245
217080
100445
787237
277065
180217
232489
497314
247935
117593
18354
195748
10247
645089
143784
352719
75634
45802
43959
135706
669400
220937
32025
229281
85484
244797
68956
26644
101589
229726
353748
424793
59151
220089
266356
43921
618650
675943
325416
244921
172612
562491
271653
162722
66786
463328
141515
473010
39685
26665
71529
18957
944373
570037
237605
26748
75073
33744
64813
810821
148844
164536
25021
148262
936030
29233
220072
414245
38823
350183
600471
346457
99162
20725
69014
4216
23354
93123
250069
103348
349788
1042006
359589
100143
6246
53793
357243
475723
23142
218015
257806
13245
319363
72068
796543
191245
3960
887908
681210
231360
132347
28577
449341
273889
382741
23992
629567
265116
240383
395541
590237
298627
164931
624389
195586
588070
230965
84111
162130
250557
344219
118389
271532
257548
464532
118572
658512
148232
319895
269845
96406
438201
136791
225977
110235
393165
39671
150638
217013
102171
260033
381195
384386
43483
584323
96414
97624
355926
383087
474009
459956
462480
41718
144508
827477
133670
121649
132814
199750
361125
339981
247264
418524
18186
141678
92964
259202
737296
23366
10370
110429
67071
391230
429665
87298
61054
829817
174058
72222
66565
128136
21062
98179
159733
409052
195787
304793
113850
164835
105398
71521
60186
745431
526248
14019
63183
128100
126588
119192
1480
75620
922430
160335
295901
605915
449074
236041
7508
47106
336599
738417
255119
201415
49291
583923
67224
532602
595133
84076
123069
205812
191791
96358
39986
148716
47631
112670
500546
842471
531022
152330
273797
257949
272795
26461
390234
159878
148389
70907
5922
230594
95555
22792
263255
635828
66699
209549
966375
506916
149027
25130
97479
35487
227362
384619
70996
72428
68845
117831
253647
71387
97017
155472
299584
2043
98222
280331
334898
538071
924666
236994
625658
577567
22239
671492
270852
23777
29377
532170
210678
521
43515
120134
499622
752096
634598
218341
139213
236714
258362
476087
70242
746
84721
42516
75807
289538
63129
109167
154861
228741
161735
190367
436488
385597
737362
220560
153513
93938
76682
57943
865768
308118
237215
247256
252775
101998
2949
75500
221581
486991
971714
534140
263768
469421
9120
458458
368273
44490
53909
94583
279115
156371
453489
286642
606633
121152
211160
617169
300673
92631
861841
27616
9791
276458
153274
245098
336085
386050
675256
267722
95388
458506
255209
179713
2939
255930
1874
431329
339504
722137
118346
63761
219579
327102
63091
568633
52758
443846
28763
324560
224570
145999
157724
256742
254723
92021
195365
571131
91967
746446
598361
36006
124974
4227
221710
92776
64764
30474
404764
227322
573085
170189
184949
94587
404759
336340
71887
220396
49847
145484
96927
112746
76264
528993
320224
722724
656840
148310
121924
446113
147417
83709
144657
320727
151218
47521
121769
144758
191736
307995
95763
141880
69076
139290
237854
360776
3391
152618
472100
151877
177333
180075
85100
55962
101864
153865
70713
102379
95366
66965
19676
190887
115946
71446
341849
40046
491877
64632
471349
63833
287703
141735
10481
66852
97212
142907
21240
230933
61482
29603
538493
13618
393265
274151
470605
361049
520956
677436
17915
154136
592189
74591
89784
139745
882215
25037
146266
458884
145483
357332
71775
482730
24049
218809
540245
588815
257066
96625
773058
533674
89734
82281
62836
299198
152071
10158
477224
115337
174961
598155
100545
451863
105394
14419
731860
101163
229338
355557
288331
51630
104097
579007
78015
275292
103939
510583
96434
205012
506998
185752
510102
269102
381042
524027
128106
265348
248141
232530
472476
27174
7046
273421
75642
1039288
58496
328380
623976
84500
244808
692776
260968
71302
255470
265972
49553
204970
545583
170231
152011
100259
142879
576351
505445
531108
257690
100023
1026512
227475
100274
26763
148583
253924
488272
13090
237294
36207
529699
96509
633738
109205
151232
24683
627095
26008
17671
196569
1069552
95153
277071
339830
498437
147340
411719
341179
93765
107219
7974
242831
37793
58426
401048
20025
529627
100762
471222
205816
58513
12427
131042
104366
87336
703885
217007
6848
401651
112874
477618
401689
617412
186608
4605
49386
292804
181141
286351
257667
88418
64614
384589
138533
531033
222243
335855
132142
511281
21214
274357
332019
242851
323061
7100
623223
348827
148878
807109
164298
131456
298975
93297
287460
432471
17546
104091
156043
26274
64661
270462
79274
68891
75129
296230
920019
368246
218994
275756
232893
96559
156141
61637
731608
751232
262503
884460
347568
336400
139417
587210
149364
837310
342480
163618
12407
188434
91924
83628
283536
334153
118966
201284
327246
579268
387036
317080
167467
859173
447382
537937
188018
155279
17841
61579
608180
510155
10950
9991
651187
225776
105915
137596
610724
855781
901190
106521
249284
533310
155090
673970
154251
156631
397259
31267
855184
831114
799928
281438
26285
512237
259025
174974
41088
59328
187995
112872
89067
832914
906725
5927
11066
36766
174066
341842
466671
626392
772874
147509
242866
29550
348843
374209
873339
465006
189330
5136
1000618
568501
659261
771248
1042603
2093
65738
75517
104494
132519
162788
171423
187994
201957
277373
309876
352800
453673
471868
472188
518521
626108
640057
717426
735327
915472
919332
1004837
1013726
1021057
1025045
1026241
1058183
1059446
1065286
1066486
1066549
1080250
1080924
1091445
1100634
1102389
1111379
1118497
1134417
95999
74499
532836
47689
209074
202050
138911
46474
343608
106025
912880
178286
990777
406776
496994
83080
28811
292869
9787
280432
292969
20183
949167
122999
264605
451190
103491
153015
45563
473886
385583
99731
219571
151064
389250
901898
474149
310015
501077
428898
142319
127128
317535
141705
363976
156657
536918
19227
283476
221908
14577
298809
254142
742988
82817
30111
199081
290213
7068
636898
20966
290791
21015
618640
146671
120379
969763
100072
611290
16763
317553
25792
229347
101693
18823
105596
491596
112596
290773
331525
159328
143725
213399
64791
271668
220992
105339
61006
335576
4611
352466
6867
6374
140226
184920
14704
69697
214231
153198
120471
369159
872444
146486
178281
192318
56627
569793
256816
241902
319333
606291
331608
532781
21192
710261
143306
325349
736616
625153
459122
356340
319755
241156
70853
599311
102859
103956
259242
121878
1123980
93943
370278
218236
211127
179921
129734
166708
147555
58450
452617
391917
143942
58571
267782
58524
36744
685469
317485
779230
42877
246142
140018
4123
473558
207745
357266
327939
353571
96584
12605
26374
496490
144339
490445
156645
241942
229367
326285
253958
194194
773849
123079
118372
198920
604456
999639
507799
199279
151197
36220
75224
84024
22585
140161
171441
146582
245769
359580
779398
266120
622753
569623
208584
251594
65584
238081
21804
152770
53973
443661
104017
268216
556144
38429
184154
550160
68851
9074
106836
334903
1071147
6926
61255
36801
577778
728616
98290
668722
633882
31820
195392
257113
163029
1114409
70034
74986
76775
876974
276329
907240
368684
33404
295614
350206
254405
237616
127233
408122
157777
17139
592912
387364
1057013
573963
859170
163742
632835
70306
309283
449176
218950
666410
940157
506679
64592
84592
28462
390255
17700
363314
598358
100498
454087
569159
1042020
252024
151610
83471
188400
266282
448801
154545
18836
327458
149400
37620
67141
156078
340324
455486
239622
534047
331036
277265
236946
479479
136962
92745
738925
96586
285841
8151
622306
21350
37950
69418
1070333
79619
260978
450882
552530
590027
653061
769014
772324
778786
819205
859638
956494
1051756
1053610
604648
962899
93811
164631
937492
275539
225177
180366
72071
79385
498716
599396
253777
221445
253489
303330
55913
188071
134247
948488
408905
582510
768455
2914
347585
685514
102089
276457
73752
247372
270503
76931
188057
242166
162131
108698
261010
200402
91374
46216
137310
337063
529297
259183
262720
230614
61488
322364
183801
14342
6481
209978
897981
164694
578262
618678
77101
166742
32843
134491
418292
75271
144143
139854
192580
118130
9974
192190
174922
34055
106203
108055
145242
222665
284912
331871
382989
435800
569578
654489
677902
706884
751526
930280
941644
953806
1000246
1027642
1028410
1037534
1050808
1115492
287823
135798
526611
630691
183897
732994
84374
430365
121076
635057
266101
147385
468781
193189
141492
273530
877276
274693
816084
108994
222438
952397
58133
352894
351480
42926
101754
152277
17173
103357
59471
349387
347302
528910
420147
207793
70817
199481
18933
492579
205619
104023
220832
146575
725971
208919
75726
579564
473721
237859
229232
149990
229826
21509
273732
729109
53635
470382
191472
201354
370124
42474
982448
3653
420148
84350
312046
212938
66687
268931
162058
260710
788026
219648
52761
317658
13612
224347
881534
92805
573570
167304
271877
98284
361092
96785
128653
904118
237232
83912
554928
29408
588277
139923
1012353
191467
626446
299118
125097
59065
64452
172417
479476
188358
718537
477711
820088
21288
871513
28185
87809
528952
175279
263864
346612
398102
90335
147181
181676
1060423
1119803
178504
188333
193056
200040
205016
242022
243781
855029
988310
1074975
1104443
75841
106314
319398
20246
528046
17463
21124
290074
321679
396250
78707
1017777
170188
121571
537628
227863
905386
186514
617966
742823
335848
570246
190631
156177
153276
144673
150018
312337
3172
448473
160342
140485
221867
96113
643484
21634
78964
356431
543140
147698
262908
299690
185754
573815
103469
3382
832836
435736
128160
360219
286235
13327
94810
71631
831403
154455
561632
161437
347560
42781
239290
216833
103966
287551
130205
140583
71649
293479
68816
271967
238440
352614
103518
159734
569491
668319
149197
128553
139235
256215
51314
331811
20433
98071
259161
179814
162961
352180
394022
249555
99178
174792
359331
48844
144798
21815
70124
650750
19011
319319
20134
264098
180140
602200
383136
364049
263938
482013
369140
38246
230302
198039
295284
609049
154475
217587
341593
221798
239612
25172
255888
248934
91197
72134
561902
148961
109244
23274
37902
95665
73787
253673
97243
100928
518405
95345
121012
148383
141305
586466
237726
12647
103675
453348
61360
381170
627602
298626
155123
974
389054
101598
37129
144749
118636
136051
95105
284425
144598
30807
96316
456056
93525
646990
45564
256990
650596
448226
121608
393081
146239
467864
965019
237708
232885
215426
84449
87387
759466
344252
135381
269258
452369
309614
745024
160733
85524
22173
84388
646779
351173
128001
141230
76724
232534
191559
341575
69608
447540
36815
259727
95132
260760
16960
489621
175274
8269
220911
3187
61288
127667
261261
807946
200203
56288
121371
24314
240482
243406
227055
135711
112153
96686
192259
46613
16749
90996
99296
655739
94822
70679
136296
698519
471529
87379
275753
244514
146825
75103
75211
390187
184251
58649
76013
418312
364139
36793
496745
191367
507489
340911
434947
65535
156894
655319
157961
30295
191326
418428
329431
75936
149233
364096
83973
581088
130946
78649
145466
6833
189726
459466
172409
91322
265930
146483
877091
16747
439250
147368
141701
787193
70200
346234
290844
30830
122630
94202
199113
220596
351876
241969
327008
386019
118515
232468
508586
336087
63371
293373
1118602
103294
70975
6826
243665
68938
485572
26836
396733
72133
541689
109799
262839
13377
1110
293196
149553
95337
788127
224542
143862
177923
262837
1070934
4352
30846
223262
253660
579576
639043
650182
684988
785734
1063148
1099996
296645
13133
195873
383411
4483
226589
153548
28537
33091
263761
26281
157387
634821
943049
37559
336405
773812
46169
492370
1059170
1133455
1134625
24614
62088
106794
119090
147477
180764
185854
252779
263571
275591
478872
621780
763009
979897
994834
1008614
1022783
1064010
1070108
1127114
940250
18795
207516
19421
28057
590307
344136
458509
498736
575730
735324
744412
822702
867943
902254
962895
1103144
1098788
100771
217200
6031
161690
725179
31745
222447
349757
242314
9205
107259
207846
255808
258764
395587
531363
546442
969291
1003825
417618
360289
207520
173045
296458
1076760
82258
521191
865191
266431
927790
336691
16789
545333
39672
1020416
79626
298899
5979
361664
71640
136799
926444
175374
129829
930626
3693
87317
625767
1054424
320880
997638
300216
514592
268938
100691
888350
75909
270123
148346
498856
348652
100032
465899
144690
96977
125254
160012
626040
145347
561876
170386
483805
164204
881524
106398
364420
153507
268723
764528
177639
331385
630011
326716
713858
99587
50469
18981
239663
117788
149822
690451
180869
534203
827827
142115
160269
196560
191634
45771
84494
194005
215446
292708
576715
492854
271440
251967
201200
128418
395047
131000
51485
685571
722139
38116
132591
464517
256234
641712
139326
134765
175286
54995
87293
570034
288912
914177
300769
419485
580181
591769
660492
1120752
1123427
132456
820759
159714
532792
278063
213275
236403
1069645
556397
3896
127373
71282
149659
47614
151467
270390
104612
33248
77508
517090
957821
332471
494809
163606
262473
92772
159702
272159
520084
303340
226953
344169
121580
475857
229901
465853
12402
62673
269073
598624
367657
127161
593372
307000
381457
611764
512407
191973
246539
251514
906479
684294
414065
692973
77922
259265
953649
92716
293395
483115
95507
317541
31399
268785
76030
663768
912546
459489
507065
388806
811645
227018
96047
76537
140993
905244
641897
84131
218922
447114
555754
132497
54894
69239
161218
382081
27664
58600
71119
4411
1437
4948
40598
155060
400903
287088
118549
569361
237326
723660
19477
146754
47847
362367
438229
472960
523785
664216
723966
729439
744380
770456
1081474
1121513
161350
585703
475745
229627
29908
199672
767590
510285
1064517
468056
513502
230776
32486
216750
201004
143310
206108
349619
599548
163494
327367
257073
125865
210321
832405
269072
141550
209953
445444
75629
361583
186901
299755
204626
758846
33516
140475
792773
675846
634745
36803
155022
170048
475111
903893
1090561
74981
318666
208789
1049
154860
71596
262836
239202
755236
640345
189076
101899
339052
180988
262226
215880
152530
139048
146275
14003
616153
477284
439882
26253
151516
159484
921091
362628
885546
1042922
1108755
954777
31684
105271
6352
222515
351438
544772
239561
340104
53157
246100
695274
352340
22480
36414
1076472
637573
443890
179617
258827
317887
34981
258152
142269
190688
136927
75962
53352
103506
158559
37537
886593
159005
571128
11129
241928
121472
134937
79573
31884
832684
140552
128693
718572
493095
11992
226198
189
290233
258864
686681
348320
101026
522384
510035
179988
93961
143923
1100314
103770
357305
503802
266178
270942
162652
500466
766017
31753
189646
235447
139951
41092
217396
449534
69904
1788
7169
434122
26406
68704
458886
386706
277403
71463
260957
856199
27083
64489
103393
360209
94168
300736
27243
63101
24024
128748
71556
1855
523098
614704
604906
272760
388054
254993
184227
451657
40282
262112
243610
117343
210976
95902
13192
287599
112651
982254
79706
227254
258093
273503
1040157
1126197
439008
440617
860166
1129470
834669
259449
170220
341699
904680
9044
530915
258288
214606
162245
20731
444332
258954
26851
91043
200124
536608
307
301907
347368
156080
159715
21064
24134
353375
704378
199022
34734
22174
715283
92395
250374
559379
92161
124637
312249
64067
137662
261142
569583
346570
27215
198165
206867
294636
91378
1076796
870181
244569
1091442
630440
34497
199601
31734
587961
179679
130989
207364
546799
61296
29433
779769
356269
575301
151071
10538
624128
4053
959131
135399
639879
915164
1101175
218993
6480
162091
32132
147238
96237
152954
288710
261834
557082
64383
28754
236294
164875
227303
264662
4904
155670
292145
68974
459400
32937
629409
9789
105885
64810
104002
269063
19908
451765
96936
207828
454704
66478
87207
105696
546502
295613
581948
149059
268134
95907
295529
155386
45937
513469
175935
759367
896976
95766
960479
617214
1074023
446210
244670
42803
117482
395121
298785
95602
132207
75756
152801
246561
178891
66414
351376
299696
7225
435959
26809
153657
205684
521702
397757
590703
257572
214248
143860
257165
353508
946757
449551
13321
390143
636041
661349
267928
46018
235438
605182
92310
140052
22457
781807
1085782
269237
1057852
162931
243453
236035
218690
6095
394110
95551
69289
172580
356007
390467
362295
591550
7033
363543
89794
346042
286777
472101
226856
587907
364695
68574
139634
174788
592342
100307
1560
34718
96456
103157
246522
164266
635110
484034
222288
207235
89226
263417
666240
6880
477529
482347
118341
147871
436361
678231
95483
636521
95181
723577
499077
606994
59440
463693
285480
503794
828370
75559
711302
207531
88886
195708
632336
770802
418182
57883
109177
893238
46174
512460
456
39229
124509
492309
102099
123141
151057
420426
179997
39870
28436
340573
569925
246214
348689
345228
405974
265149
871
561223
252711
295033
446495
505699
173115
624126
474390
138626
217546
235735
319576
389562
26891
331459
736276
105223
105070
853692
46030
25620
172501
201818
10254
123678
295212
92650
231161
4635
146878
31757
433724
197586
214899
983013
253779
381197
174891
27117
261070
355369
71984
334122
22975
704248
252834
383644
29159
491854
303461
353954
519766
251517
273061
510238
89295
508399
825185
347374
27794
274144
101120
593391
274791
325590
220442
139144
450748
190787
82885
20870
588008
46315
162262
62801
10723
161067
6797
277457
96297
67064
188302
26980
50706
272576
102518
534184
492655
239917
72023
221302
91674
810057
58728
146349
133098
188449
16768
71739
67383
95433
532043
574398
319749
92808
283047
434932
668267
16727
5838
97269
136436
638421
621726
29864
429466
370227
135799
450830
20407
134633
381875
465953
298001
235453
548336
64578
268771
238112
310822
19503
130934
498367
320005
126266
583221
492192
258989
170215
7035
161212
1086640
23624
23600
93463
157622
41083
36976
340650
20697
216153
788562
119677
348809
398609
82500
254356
258801
446583
433250
93758
263520
529734
150016
100
228561
334555
180444
16465
458345
31813
596119
126060
71265
64256
665513
51380
148309
434693
50473
45693
894489
159615
148347
875060
12027
1001360
313770
257688
47330
143967
393153
1014
45717
532449
146332
381320
426348
679192
642835
521941
42799
95381
475762
46012
238014
117618
396298
631306
253169
141540
151525
336071
146004
71988
18874
1549
1087213
113667
507074
76536
192236
879024
346417
199106
250649
121715
274332
274750
161271
63188
510281
16751
319935
289514
177711
335605
523679
43315
4741
191160
463756
66366
29076
345902
99430
222884
69999
201059
158364
153100
222873
219043
543273
547299
1025680
47596
139190
295327
447637
23391
20817
503363
736957
8150
75666
11265
188289
11453
240440
147830
331970
148050
71597
63919
614854
221461
157262
239783
246316
491497
160953
244174
435217
581769
99737
59713
220976
49465
530247
362528
700907
60982
144934
140548
539554
53351
201996
52993
218301
401565
74968
229406
172976
479421
458705
67004
20177
336255
267600
71914
151253
342319
457937
450919
141929
228887
606694
125067
446842
122939
664815
326579
353562
729605
1107461
450647
1065278
156793
253891
238958
247177
721952
29632
347325
187221
84947
74020
145230
246509
11170
334213
496643
207208
982309
352647
430538
342725
357378
181468
257233
151522
510316
566911
442812
216767
661352
7359
7929
212894
735519
34001
174434
28997
260260
37858
206826
139120
313786
95980
109556
21200
995701
1062291
655279
149284
349489
188655
188613
60609
143394
148093
776509
360828
539750
69944
69048
662295
218595
447044
641402
225624
152137
566869
209365
419041
229194
933311
19023
18962
730597
2092
205725
260586
102590
101035
1010835
105346
1035205
332186
159318
331217
555208
218478
456347
777211
11285
30192
464061
264370
17870
43722
762467
227898
648361
533108
17500
212218
226896
141888
131085
163614
25880
1133329
147125
462223
123161
237009
715474
266413
73638
37958
61713
13806
16739
286674
309195
71073
70588
156110
33873
547441
264162
522039
722141
464157
58480
1004469
443940
71570
476414
118284
49487
869057
268968
334653
431183
141016
83229
100186
20176
1069686
262140
863495
114110
300613
1077418
97616
95461
588088
395066
716836
108976
329361
126101
106114
543473
837951
259158
146572
77193
70636
76016
446288
266024
153542
542855
65550
947048
95432
499233
97567
3146
132738
4364
22582
735153
151803
1088159
203278
1051
489861
239777
160223
293586
57931
267282
207465
359301
184035
764344
31592
446588
100952
135108
39940
327477
504277
104439
260728
271776
387506
710237
949464
730418
258466
93829
212156
24850
68884
246355
574711
29852
349222
1086602
71373
255594
450205
271095
258196
352543
119961
70367
63869
855588
75203
283633
1989
201293
121449
70313
163728
566163
827583
223689
140170
95184
192203
963457
826656
85620
384648
251421
108666
312516
319185
63407
586755
262590
329223
390308
277269
114318
274041
667668
497761
105776
149878
546131
64184
789674
503094
151625
192136
1064725
1073777
174072
263663
985300
87210
830216
334606
174958
285428
479505
1972
275573
30496
438774
29643
246966
237244
21589
278599
12167
31405
196952
174497
261788
292672
160413
391399
448577
246312
162127
390012
1902
103833
31083
82897
190583
254432
218951
342847
148227
629566
188433
7711
2032
170059
532181
505596
179672
773974
75816
75227
31021
29131
48724
10480
903672
141244
470357
382609
24731
787229
390445
132648
251210
569275
148136
242278
93360
750158
102261
923406
209641
224516
246627
232520
78382
508268
265260
855928
990070
483131
124758
103712
333886
355459
180210
702101
598218
101316
157150
523438
105753
99172
97089
392117
268217
121115
21338
950685
313575
214229
903771
279183
72216
42899
27294
344629
519650
73515
236639
13526
850079
550239
195527
68390
809732
75257
994374
222000
23462
127991
188397
291036
266022
419367
102051
742635
50308
832656
87936
74494
5572
113506
1062359
19515
22199
146737
89093
359957
103313
54650
397616
92052
259456
285730
684640
251871
49883
645712
150420
353854
123830
3905
418214
381929
136703
1007747
483405
326632
1012318
416598
263976
483440
380824
478404
186908
647640
65176
96367
561517
32782
269275
878804
393975
219252
139778
477199
102275
341244
72548
236821
18266
718643
281298
524222
104751
236958
1060573
673375
241502
445602
329482
300968
433953
32410
689099
139657
120517
353885
943161
45128
28015
646611
292863
58207
16732
471945
746970
63192
258695
135247
484074
610349
50984
27248
80453
132661
682138
95796
105877
927806
543325
680940
995523
284019
16669
75829
201231
669231
1987
322292
406783
716184
1032862
753645
1027939
1120768
297389
14073
344276
74429
19971
63891
160330
527276
105842
251392
8303
448683
67825
83971
250807
97480
612649
101591
9953
738549
70492
83502
112860
435352
134587
63956
187290
16662
406722
827956
223968
108772
370304
220436
136608
255023
286250
781535
102697
143278
9042
215651
598305
630114
227488
341107
78536
195953
279568
904244
1111509
13897
51602
104554
114827
119631
188474
246371
285535
381179
521848
607133
608943
626992
665440
709627
816045
853000
1041528
1063000
210063
70089
1944
368208
89520
587655
511917
21693
64100
145219
31881
96397
34047
75891
334059
194054
49906
16700
994759
797186
577285
344130
258134
643
474513
186617
299482
144300
54616
921249
102790
356672
365831
560776
370299
597145
102928
530268
617244
390776
723410
266417
180029
219804
21653
286628
1288
281292
104576
141770
385687
19340
4075
285608
418848
591529
643577
271273
328277
569500
61201
105319
223473
608240
258775
7898
120610
529003
207811
368826
807623
258671
264060
1198
239096
528403
4347
792392
93261
392479
103865
140273
49528
68966
144905
312586
1132762
820007
707248
24706
20381
246343
20359
356622
250583
641064
248766
353912
86364
303574
200010
634458
385581
419688
114253
240390
304790
1052038
244260
75379
385568
92042
455092
68344
102131
16816
275036
39759
362524
64513
247272
995485
498004
245115
239241
161429
343027
242076
208046
824711
497362
360205
121798
209646
112902
344879
267348
602497
132626
700187
540157
10190
691653
577258
222730
103703
101453
162092
476157
207752
270791
243592
28448
94562
295041
123091
136611
133792
75117
29381
428982
217771
13650
780102
1057780
151360
180326
155269
106551
459260
76497
207212
63912
349772
446685
34986
1086490
293360
684567
19776
539852
29188
599247
302218
58047
146313
219114
191955
109230
128761
798425
28600
156949
340838
28724
121801
99343
8078
160992
398663
396497
662294
131381
309440
190130
428956
1303
121787
897212
475875
67629
515553
109063
320375
36734
348367
45689
712062
611159
448274
76149
394012
982122
333686
142522
356040
1850
53664
33166
83508
1006746
23143
420029
51105
227669
242556
35303
197365
11037
239896
297233
341669
602130
704348
1056648
1097965
1105627
290699
587301
251131
149639
671668
569879
157416
25197
550668
229574
193334
110770
543751
609053
67712
221550
560385
516188
558214
280484
262763
722138
19596
257816
180511
347380
388001
317147
146008
207796
354438
29616
46920
677659
318410
646288
99190
123156
246472
145176
3447
91346
398822
497943
452921
87799
71132
135132
532807
18246
600199
98304
353628
99402
4250
96662
170559
140373
801462
44545
68545
309756
7407
470409
103588
148925
162643
538236
904098
274835
121633
38909
385757
212543
49590
580386
64829
505757
513101
347338
121588
518131
709934
398547
105203
558821
254698
775015
326983
352714
671737
238757
721697
488203
47692
236083
21201
26597
208457
145948
155656
238273
31725
601261
58591
153918
75857
528438
97102
633323
131621
146602
47120
331844
179808
27116
65029
318799
64469
75267
141211
420979
492450
289765
326350
968726
103341
222268
395607
150365
103243
406815
654292
435778
95741
323066
22481
474954
240405
298845
271758
74597
8085
26621
206885
252687
83961
229224
121597
258900
71832
2925
58054
71045
586791
227327
571126
1029
140798
50397
585331
162079
70257
245149
654423
96993
177430
331038
633424
121467
396024
64127
324590
84366
450212
464
97090
562401
102950
143819
498220
8005
103617
32354
779645
344507
474162
94441
152758
104309
58935
581668
180013
156520
513109
319983
285500
570175
140567
370111
190356
264532
233200
153811
319750
2898
232303
363916
139076
13295
256796
150064
98077
134697
274374
555824
75116
495494
391493
679490
101991
241026
60575
606602
1005424
152644
20011
20711
151899
71904
364342
52321
233355
490639
74308
71893
126230
7867
100025
341131
269155
206884
186641
151521
242591
732376
830681
75240
361936
348394
145681
108639
247174
261455
242029
189661
573547
76593
335306
389052
263213
267850
104132
128713
516035
135918
69777
147215
131376
582311
240978
221370
336236
494265
104294
269907
71658
139605
758867
127027
101480
119180
190634
802834
591552
232960
578567
310529
191739
228383
292490
144034
86593
289411
262954
285493
466137
28200
1051077
216836
177998
598607
84497
18408
369056
838602
155457
319752
342652
26996
638081
158571
452081
24447
491673
184373
987048
27016
102094
151020
168296
206911
13738
178829
353806
295523
982643
51281
671304
138618
602226
578076
25768
178228
251963
86945
247957
245292
188475
368082
361597
1032647
623139
356638
510941
258095
972966
329170
189305
408273
73625
783961
633631
1088071
809713
17737
500117
689786
972555
36326
708437
139561
392137
120452
206775
1103343
364013
8972
129946
319567
290694
17105
291906
861615
123206
528802
70994
72024
86583
526319
85452
151086
1052074
280840
65147
667918
216006
250680
100975
162465
20145
297430
20422
492127
810130
866427
524157
459885
364568
131088
263900
381056
77129
718613
610484
23420
1066003
13832
43887
97839
45726
800812
10865
151829
954815
683646
368461
386560
319413
352074
44037
154021
943063
455293
260054
837981
354099
29466
817357
168257
254791
270514
87953
6353
172653
156314
336331
71699
22397
636423
683640
197392
353641
319132
99903
98466
960622
666241
521001
96136
745025
88101
489011
88947
366024
156606
163050
103077
261372
162677
912879
1094393
195363
195121
640999
543165
240127
184262
229386
255859
556408
511066
539821
418569
20651
252674
190561
179737
600517
228896
196724
608388
267622
32051
567294
89767
298742
171607
61290
344215
95767
102844
299688
821926
100159
519974
92319
336300
209105
241546
521957
63868
442756
536586
292136
414288
149276
25029
450157
401685
144166
568844
8146
155486
97318
321169
271847
733693
26489
199569
122332
95415
141811
114999
149195
96795
222754
262541
70332
58735
562999
669978
112448
220559
301786
157443
120618
209785
523567
37836
35173
801694
545532
507885
361273
5898
219321
645176
498799
7787
217321
275191
344892
513099
518251
671008
1003541
1092396
241487
614621
297276
739003
1051906
911082
539200
91992
159704
210230
242005
117825
144624
928497
623838
295476
464823
452274
541225
287052
98464
954397
17837
164790
271636
196234
471240
331379
269043
140457
1050182
23321
296286
268052
161680
159456
691443
960787
146829
52597
902111
92934
325039
766849
69425
263740
730194
358924
50628
580778
694675
298749
638360
276611
975102
1037168
101222
105494
275740
458905
99921
163936
104609
172891
353453
621877
171424
59258
6304
27106
191376
23806
275071
457985
347296
635576
4894
579839
32670
267639
77292
260187
274038
1110716
1115316
255988
12779
118860
314914
108548
554836
424413
96289
811607
96212
220409
258436
735027
144805
122706
72201
141478
1120395
120385
75395
29413
43332
179967
264446
633568
198110
310979
263158
434895
326576
647249
319957
575116
137641
16958
823458
452364
201967
451347
29270
384427
273924
297205
102860
6739
135349
170931
286721
147409
635961
364241
68708
131146
249075
372071
785343
151534
438776
92748
529737
64582
8228
175411
749495
919797
260461
398523
132209
102758
212215
717028
95732
325325
39186
42598
690199
293230
432669
593834
160218
767864
945644
210014
406767
92484
476268
23356
97723
606388
357306
994363
77491
142158
203288
490654
588388
607821
692948
839430
846351
851364
898476
960859
978675
1091298
981728
65845
901147
97077
142649
222914
278416
308614
900790
987391
45609
3600
204531
894973
716598
55820
47707
605960
188376
570591
23526
822020
218312
474087
331327
437488
762
321148
44521
254336
418426
91295
242131
154312
537608
287338
465103
33186
265632
43689
47752
63097
28484
96906
172363
121901
121464
852488
174328
162253
1092477
885893
29593
204943
334085
31411
347895
191749
159445
292164
547404
91049
789231
50640
65866
74052
83269
119807
276061
295660
474701
646785
1070298
270302
591967
497705
80062
156532
189817
86956
24368
711912
739738
907883
1010141
286738
9288
631874
386108
492363
306630
322548
531860
1034918
613283
253957
2002
121306
368852
222907
347800
188524
85260
340950
270127
391498
479254
164442
96342
871140
331436
137467
148421
456370
100653
243334
433594
283459
89713
222937
13957
250042
23140
101957
522059
662603
105072
170067
103113
754029
237136
106732
738247
712771
381825
322825
140159
192729
226914
44485
41798
506014
328136
61581
247775
106237
600276
97276
533273
751889
155746
393711
736443
160616
553763
26257
149213
74802
726874
61057
448727
479
1109487
218099
93475
228570
394949
296264
383719
75567
501080
466004
164078
879729
729084
129671
313820
253685
342606
25119
447574
879623
741890
264468
208595
239196
563341
35277
178387
488300
608248
595162
136438
91392
473835
9304
964648
777977
123962
362483
92035
1062655
30070
884976
20117
277676
360851
656414
440234
336725
94798
191067
139175
610631
90418
220682
274663
343432
392097
844984
147713
144628
244659
896436
209020
97549
286811
254065
457762
689061
74674
144813
4182
24090
72143
150849
339518
253184
419837
580885
808452
671797
878145
189760
260717
645145
80014
229348
663923
112903
416680
37617
326908
72101
586175
479332
528685
87219
17039
131385
109360
361497
72048
958297
398240
277032
881494
216151
97933
446817
260318
804179
494938
97325
704601
242507
4258
11793
257855
24073
222973
1024777
52305
180137
92925
127993
18558
2574
4085
40010
362293
172879
852031
52744
73882
109386
220329
296779
395601
689898
997247
1064058
55375
94281
21665
106409
158943
1075941
61224
467591
1078712
222946
49514
71280
468115
272084
147979
279044
632306
101187
94116
326318
199568
96320
469330
4986
195289
134221
344524
268205
768961
227414
498449
837124
43180
419456
199730
331275
133004
445681
4903
3139
683608
733764
860456
978139
17036
45152
822189
1040001
100901
72003
121974
821198
173120
201984
78837
144102
551289
813984
768563
828157
163622
131298
823948
30832
206479
155687
479074
65070
164023
97481
155018
227605
686758
60947
772864
31536
219603
76861
1013089
188587
195593
74455
96021
406725
4765
7194
19166
137647
820530
1014317
1074857
171315
434215
526490
122071
194085
134262
880543
212308
133622
135875
161914
162263
671037
981725
132982
274965
343101
587161
733241
554428
124455
447186
687671
137530
319787
161873
106248
479235
766276
1062261
661295
194026
141334
23781
68016
207765
357041
274447
763531
47411
331223
51240
16945
216018
301890
681638
318788
670934
255902
574631
262185
802031
181080
124814
269222
324328
350333
40947
317661
354838
61899
551992
334901
979291
50943
342334
41085
121795
228818
395206
75027
667480
59260
680252
348022
91313
101759
208011
150429
247186
154016
386927
546842
490460
61298
7058
43532
576126
25932
30669
150527
4356
43975
988357
26194
64748
340997
320393
17607
152628
770781
474152
94644
491286
131894
81700
586800
259274
143744
562676
218244
146542
265239
201991
247778
877693
543041
139357
597
95079
253011
147104
156188
612609
272077
267384
6004
74771
458136
150454
95006
463592
149030
276459
49481
92907
58135
140614
812889
6072
267420
474271
123077
307972
536445
240211
70085
27773
139939
225820
22000
151337
332176
21290
43019
52990
240424
264629
850412
24755
103408
79831
522291
310615
747
218787
208078
143720
35094
232552
333920
647837
254134
119962
203110
368415
75121
345895
268892
152792
191742
103311
139558
144622
221369
127311
103519
319611
150595
279119
323269
96991
296629
299176
625728
103089
155510
163563
216759
22030
450439
288616
489100
96970
191531
346107
907671
161682
532560
97587
121713
199904
65573
160315
141264
95990
996542
120129
145465
134670
603998
92201
20384
184178
197693
154513
88497
611872
222100
148831
55866
136403
215121
219339
941956
999698
261250
357004
94309
614598
66424
66345
136008
94573
227356
502672
238235
159479
84295
472679
532051
54939
71925
43397
397656
87937
140790
238979
152955
4789
861439
184171
13438
16674
237352
299507
594181
148218
170401
24248
154175
285869
55687
174868
419967
87669
88079
276818
349857
101989
151688
68330
160549
156822
43729
95726
135258
96679
95992
5512
78386
236441
64149
126026
309597
402906
353006
3315
369461
180904
263960
45638
193085
13834
631054
239260
242236
641850
272814
368913
202004
487239
159421
28429
512471
78935
273553
110705
309602
265572
36529
281599
530434
96198
159407
409567
269141
939208
426855
599928
68822
31876
352046
37054
986891
71015
539768
99163
287091
297172
499591
602486
71192
439658
67518
695197
252429
161580
66311
230374
271414
331647
648180
52472
990593
552728
190487
464601
163473
393162
160998
491494
1133112
95317
269540
75274
624201
292198
13242
650683
117535
337047
743880
30688
600571
198185
547310
266058
1044410
331082
391427
104542
195516
635838
238423
32234
425152
20458
462273
205974
23754
65945
51418
111875
148950
552814
120889
66892
469815
61789
254989
58481
713066
634819
62627
209134
188563
857893
180871
351192
955860
189886
1602
238223
264447
251845
164774
175001
868187
161016
583554
23389
580807
58250
454798
386458
132384
17524
569595
6396
259133
47700
959594
773590
79191
262890
433722
719105
64332
65709
92298
113987
190535
533048
188330
89016
30988
253606
254409
82528
305053
52447
348810
40108
740466
131496
48525
319682
162103
361697
498595
498829
120363
751588
508211
21466
149575
40424
123354
95473
27584
17209
145305
450435
40546
6421
99284
146551
159887
287676
109370
995705
863819
455792
860343
496348
311847
7676
159336
632005
295910
387064
450155
92288
345943
329118
153878
4487
71058
20473
74304
189311
128311
364309
567109
135768
979987
161729
257036
147485
239150
130971
642009
1101569
40121
689732
562726
235378
317909
4785
92344
1036269
251423
663830
444768
299528
435271
251062
263790
274499
333632
286993
239684
435249
50948
219003
219532
249030
73949
856692
821785
316945
546245
279777
95748
634832
843079
326938
121093
267058
136416
356570
70282
44853
109382
221694
393585
306689
3729
230583
470162
177769
754234
159736
49893
238732
598332
44934
639212
194954
7922
293692
417179
11616
505873
115093
154850
386607
105930
891160
1018197
73381
347385
622654
91369
138013
208437
577278
319778
121268
742798
261918
496763
778
20756
95331
195292
75019
27830
719853
92295
236303
26119
263504
449005
6921
27040
475965
346993
1037057
438341
95967
74197
573781
236031
126014
162180
268169
119152
233350
270900
543735
580727
186955
199226
180618
569199
633779
299110
359321
590736
45482
269590
342769
244952
221477
105200
292024
789873
218935
453925
124545
28566
216976
329211
81453
588901
117574
329602
76523
104468
453106
49870
550495
90947
246329
700784
52937
36828
244648
122778
178909
271626
226748
661732
1119122
38255
43476
654770
338198
119921
341426
566864
120102
346805
758896
643256
80159
464959
483073
181114
251065
464375
2157
588843
247892
261933
166267
283273
21883
118746
218318
1016478
253555
171611
156899
94860
47359
96181
476153
143355
401491
277647
356226
417000
179908
163460
201830
1095547
609758
510869
121638
605210
18468
154270
43614
624977
708749
469393
221403
402076
219242
200970
77277
614615
241909
27649
75640
346284
152135
383422
121386
152132
529459
22252
688965
777022
123218
871943
343344
493107
868976
637894
97246
23550
153321
51659
153798
115453
10498
77142
353842
449205
935092
46378
151426
79152
294521
276431
30288
147909
335346
158153
449283
205667
87747
261406
441287
476171
110124
19727
277783
217487
633999
334459
599530
610886
653569
246950
104339
45842
264266
4709
886824
30531
94067
981757
616862
196738
466000
632270
333866
35019
367652
13265
479477
876874
21443
447075
807686
331648
417388
162662
147483
309622
761586
368002
240021
599416
962944
7360
184158
263243
102641
119577
7742
41505
142229
600817
84249
94546
336799
95481
83615
780742
109437
1000725
399044
376076
71727
292593
333973
307997
38280
347474
519663
131507
95027
834535
1057875
94140
241988
661923
382262
229683
105362
52617
102135
171560
201639
689597
142549
285894
19473
610127
641769
1047732
27095
198108
1022766
47412
445846
309794
368950
229673
948519
634294
352110
449084
491280
575685
69515
739707
670987
4025
1090479
247352
253071
256708
96502
652499
680262
117972
718496
248857
500069
250949
920171
436241
590010
172583
633979
22278
560786
102280
293855
280875
136590
984282
446481
1127281
622500
216052
682316
82221
94751
97310
36919
319589
256759
201326
58751
1036320
398554
232905
25746
139231
156925
355338
4911
35773
999050
1004799
855509
16974
215031
147468
180332
275864
590060
910200
592736
259810
256834
506361
476618
362119
161200
253954
265417
32432
119110
530573
268073
137047
125853
939717
106494
253162
275930
863560
514081
201999
530340
27326
1042220
606370
296386
223840
546050
298684
67387
452026
45610
95667
327034
203222
694335
49806
354199
521869
473878
109909
222922
325060
419704
678434
241503
368430
352266
482915
51347
170306
203350
49516
806415
476824
636485
80463
469358
394414
1093795
121013
86638
625313
223012
95219
212255
109162
31825
189758
37186
368296
227770
478878
384419
768
97558
117586
1021907
32942
95051
40614
838578
473066
821268
236285
123049
179596
321812
363008
20766
236518
7847
331346
186591
819131
290815
446516
19924
226371
683621
134195
162090
275859
454749
99480
220610
152788
19406
984586
75553
119996
472248
489124
487252
52598
159624
446688
309158
50784
753552
414319
37700
243287
360891
464713
496769
667231
853688
780076
820
147170
137026
298901
258961
647712
465052
290800
549270
6453
571068
160566
503551
979562
160969
151986
113004
1095882
45146
61894
364387
731353
280681
163973
658875
119897
29936
21168
355146
571833
699718
207239
46781
138944
148776
120095
97877
150982
291914
242899
271569
146794
23697
877577
339959
247842
88952
556385
230327
248606
69207
917634
81729
61059
120851
988165
2033
255840
538366
641646
493167
127768
148055
258999
140387
698663
283359
78822
273346
382276
319593
403093
113855
292542
73953
133762
42721
151793
368668
325741
49321
40543
183652
294394
450654
253262
28564
236848
71849
1006313
193918
244978
570445
256980
237226
493331
30476
58725
338175
94405
1017991
121136
261920
136616
439255
98121
642785
145957
395064
270403
192301
182247
124055
136377
13013
205733
101788
272693
589694
160980
103564
488170
327700
1625
55456
740225
135128
711391
37855
100475
10856
301416
318687
75035
191108
471507
303678
433603
134883
89707
147771
22128
631013
344823
227872
449892
101850
261513
26509
521283
196253
158666
624928
40112
190756
639750
1061203
86516
856695
310801
39242
221967
152970
211911
97882
382334
225730
465124
22767
428926
290728
648158
29934
532806
330962
43932
386003
89711
339971
44527
37822
252761
69691
1133362
402569
3629
704251
188209
94642
64238
249505
120450
506860
7562
70555
254488
231898
8219
39273
625841
277310
446478
293605
125962
162748
61403
521727
319197
94604
44122
293087
229332
143854
462527
387492
643451
523665
10788
406150
589676
147289
630634
699491
368272
59194
259187
68505
94911
300409
811648
143430
261200
319621
64207
180447
664342
10393
158271
175266
463660
583833
58301
817995
402268
287678
512450
229463
355423
121532
355327
95067
92722
95456
207533
267043
71806
33409
417603
41527
52283
274600
439101
47823
266404
190661
204645
452591
146002
368394
801391
937193
585321
121618
128618
25829
231163
13035
263764
71371
2276
253007
227727
12159
435940
147773
30559
201713
326173
451146
270866
55136
259569
131607
123420
680
20342
64512
269524
4047
148939
472695
385897
74920
34975
139196
704683
335694
254944
190869
206241
70153
44059
187998
33915
141539
398314
454803
20674
949340
96728
104053
140574
262532
121216
317116
30566
65331
101978
91514
96127
381934
240384
338852
436490
264718
384484
596050
322894
600515
229819
28902
119733
259178
401052
164635
354097
118670
381573
162238
274285
636483
32082
631490
139172
109788
82782
120833
336630
21927
530541
128470
352105
125452
533206
157369
53318
1064
331009
71207
348649
173181
282698
301822
345240
242823
134888
490328
924577
479290
71535
25606
19534
2823
655767
119236
190910
229764
178061
164344
124689
207802
582854
1092558
160685
123088
264114
915760
96206
761603
388407
278530
40483
20154
330960
195378
750829
134260
361739
29666
100591
251874
349460
889088
148875
341859
820012
199
122986
457598
503039
348248
453741
918939
27799
39296
258201
24266
71578
11247
133336
233426
30837
368630
654880
23801
276576
51258
538506
477850
1044397
101162
136688
458578
225837
195145
96215
600258
728634
135912
384300
871854
563674
56020
108774
36817
222477
498902
128146
419968
249718
349541
356573
61165
347891
817553
74130
39989
44452
911507
148842
27259
61231
423519
426838
528472
242172
92658
7086
905869
700674
610490
13169
61001
25943
74706
363665
562407
318800
74640
642643
533729
78081
471140
25922
28046
29273
77270
149279
27543
437260
29196
27444
2
1096432
192485
278574
96142
764386
6349
262832
136796
221305
296097
702351
270634
387488
295322
134048
588918
123214
564700
645015
95609
134359
217095
196019
24538
307081
662544
475117
263868
668299
403172
193923
121528
74874
851731
286848
351215
123529
357157
396440
5004
610558
791810
270372
67204
58588
307994
241823
262940
248779
104562
191959
10877
95635
667215
19699
398311
251386
824957
904557
382523
271280
21398
265349
766521
237375
8657
318684
351072
357036
643793
268170
36782
209689
195276
24086
82617
530569
23393
301898
590675
109832
844765
123996
205696
686222
21616
145145
314042
456947
691668
819405
453874
580514
130094
455419
518676
62311
106238
39804
646343
41960
286128
270640
271254
109304
409274
13235
50923
208634
37181
148137
218032
155476
354256
427513
21436
215663
800563
880713
920537
363959
52766
290850
554989
188307
574373
261061
326194
161326
51565
675785
12805
52324
92878
876872
355383
24571
304991
634659
487918
152005
1029992
22526
302036
5767
165301
2183
92290
71484
794646
170284
606955
249563
36964
278095
178763
85460
229456
104206
543496
369210
13888
251489
27281
21749
609593
32143
657033
591053
393201
998013
630593
252203
105258
122767
222122
449348
867189
331892
877089
85588
489200
1658
655419
462849
220915
101942
3432
135884
245240
493341
87038
432033
4042
475982
101127
367639
91379
1472
1860
2268
2696
4671
6375
6693
8070
8937
11600
13784
13885
14311
16343
16544
17037
17543
18564
18708
22492
23343
23622
23977
25845
26017
28327
29814
30322
30883
32339
33209
34043
35490
37002
41308
41354
42436
42792
44421
44868
45932
46068
51145
51254
52593
56853
58192
61820
66772
66898
68544
68741
69355
70133
73564
77160
77328
77534
78779
78983
79669
80089
80853
83219
83734
84152
84807
94092
100022
101424
101753
104078
105248
105611
105710
106300
110109
110578
114567
115123
115329
116143
116165
117016
122106
126170
128657
131574
131633
132178
132534
132861
135567
140127
143689
144129
145226
147004
150281
151791
153168
154753
156683
157575
157818
159372
160846
160865
161838
162716
164018
166136
167185
168041
168154
168458
173147
174258
174929
174952
175870
177433
178263
178523
179371
179869
179897
181409
182089
184374
184712
185602
186650
187635
188144
188705
189158
192620
194463
195339
195739
195897
196039
196478
200092
200333
200464
200509
200523
200580
202059
203268
204980
206484
207767
209443
216862
217089
220061
220687
220922
221215
222452
223011
223031
225363
230957
231123
232646
233214
235710
236145
238409
240451
241353
241634
241791
243198
243830
245387
245581
246024
246714
247999
249658
251247
254967
255570
255683
255772
257706
258175
258410
258766
263464
264037
265077
267159
267289
267693
268535
268971
270121
270344
270399
271004
271113
271989
272477
275038
275565
280837
287209
287491
296062
296227
296869
297038
297875
302072
305832
312585
317335
319000
320803
321135
322277
327776
328647
331208
344810
345921
348879
351309
353095
353226
353538
353832
354045
357076
357726
361839
363491
367159
373874
382190
390856
391262
391506
395029
408589
408719
420014
424491
426807
432277
432394
439685
439692
448459
448974
451406
454032
454414
459343
459463
460019
460648
461778
462549
465453
466535
467334
470792
471564
471712
472386
472984
478009
478029
478588
479814
482620
483446
487114
491249
491403
494595
494824
498703
498709
505984
510167
512758
517847
518412
518542
520066
521707
523331
527576
531529
532701
532835
534233
537771
539603
545511
547737
548426
552623
566455
570112
572844
573893
578599
578764
580968
582813
588457
591712
592266
593308
607560
607703
610522
613746
615641
620382
620647
621302
626019
627896
628482
629583
630765
634071
636975
637257
638399
639815
640015
644759
658125
658429
661069
664272
671435
671622
675859
679846
680126
680450
682794
683943
684873
687017
690766
692900
694374
696544
696688
700918
708234
716161
725768
726908
729993
732924
733347
733373
735891
736412
738642
739254
743569
743959
751521
756574
756988
759273
764209
764811
766557
766775
767487
769438
775011
776339
777169
778543
778743
780740
784106
786682
787574
792333
792626
794512
807427
808807
810016
813272
813859
815438
815471
816321
820635
827706
827734
827744
828018
828627
829682
829981
832467
833012
839282
840219
840557
841413
842196
842814
843930
845362
845506
848413
849859
850319
850433
852109
855634
857657
860695
861949
865288
868333
870409
875112
876296
880199
881943
882945
883143
889933
895142
896071
896734
901823
903109
907829
908347
908501
910084
910556
911790
912559
912589
913380
917331
918668
920423
927076
929477
932925
935887
935960
939062
940082
940552
940644
942532
944576
944765
946310
946909
949523
950176
951699
952819
956220
956917
959611
960061
960719
962425
963391
963833
968972
973603
976222
980659
984072
986858
990076
993977
995345
996418
996499
1001141
1002136
1003870
1004054
1006182
1007201
1010489
1010735
1015178
1016415
1017276
1017738
1019228
1022133
1022184
1024549
1024619
1025724
1026456
95968
330967
906568
150879
599908
584721
110128
731371
146676
521989
142621
300247
31100
347905
777670
262491
92891
331967
259775
49467
37523
19496
153365
227245
84230
70990
191399
82910
270225
267229
94855
576726
145954
43449
117167
273756
545222
124948
626077
150340
354088
264720
71050
145563
96884
31287
74751
62520
104145
95709
121666
96168
75109
146904
476881
224870
95719
97541
221096
219287
691476
349379
70918
54932
274387
393592
71070
723700
121657
666449
510468
566491
126131
403103
344445
634409
170281
189659
106643
150040
344585
717936
406961
27741
351860
285055
100406
447139
363552
185759
70856
101506
150925
92777
326069
524877
160339
674950
244071
114182
70065
68408
561174
21224
49400
308216
136397
304852
563057
269518
512105
275769
381857
31666
155547
195839
467157
48324
239828
273131
96633
48676
190772
103227
61142
152013
586136
420379
476600
357887
139594
64790
192468
72018
28753
75101
153917
136551
106040
131014
512408
101881
239181
281270
24843
71187
6835
122265
299659
21844
368593
293090
467701
8004
49885
328145
624811
370092
160703
121461
84250
207509
201362
11081
64479
38860
121100
59210
28326
207594
1307
122220
23978
66888
190519
826076
1026861
1027853
1034420
1036512
1037691
1038639
1046302
1046858
1048079
1048299
1049137
1052085
1054624
1058046
1059194
1059197
1062719
1065753
1075149
1076416
1077085
1077644
1078927
1080085
1083915
1084189
1084198
1086565
1086729
1092091
1092341
1092612
1095158
1096762
1097392
1098407
1100743
1102284
1103031
1103041
1104627
1106296
1107310
1109675
1111786
1115715
1116391
1120418
1121088
1121982
1124817
1128016
1129368
1132654
1132853
1134470
989133
249881
464644
83908
593671
1677
488778
70237
223610
103088
497316
259012
542388
174935
236684
157885
156042
92797
53999
22418
277323
223681
13496
201684
27012
553701
383482
49867
384782
506155
769574
142487
94830
245587
61226
105059
115335
163901
222211
252628
59693
275496
857008
94407
543141
72017
181508
27860
104613
64740
218504
236450
2518
42330
157134
598154
2919
241405
630470
269239
463344
159288
1006868
34326
192193
475447
98361
91018
150019
519612
222733
239827
186940
351176
32295
272290
488993
340972
348256
285042
397362
249205
368618
173168
824057
256698
75508
612874
840705
101986
569702
34345
755666
220397
100493
725440
150924
348544
193569
458342
3865
91372
787169
139902
218882
260635
27250
578307
27720
31301
161109
156542
264667
43857
83894
117936
59322
519740
266202
117374
13813
144951
317797
256093
95434
119097
30637
470640
192673
488312
78767
325016
402245
252621
382388
151656
43669
188436
82537
326118
298620
245703
485910
332123
148179
274349
80549
1023698
16910
121283
230751
594108
591655
395649
241035
915779
872684
732692
222451
11064
121244
357408
92253
65871
240474
69037
289761
219361
1082246
38684
488921
148880
115179
1116686
103232
805147
155896
296898
219733
130215
26566
473682
44151
101437
635663
450406
635197
133561
821483
59201
104063
162334
299686
336250
73886
1070340
268824
434265
335688
95984
285001
201396
83072
603926
164019
121806
231171
195465
352249
114005
140507
854839
17495
61364
218253
285303
628377
326718
218166
32059
66992
29382
149931
19927
222639
135844
862452
448793
917518
263404
103064
829799
1853
332071
297328
39957
293881
533014
268877
190741
319670
623770
728178
229314
257994
229083
20098
451409
908237
276335
136035
417727
128242
36835
329026
264448
678966
225412
368285
120203
63844
119664
146077
65568
188019
1133833
432657
243271
39470
44170
95407
439105
85970
244479
216244
150194
851664
275949
217120
194059
646712
593901
559604
263247
219090
123209
32909
7221
96458
1035966
287461
26237
160584
262493
236879
41200
673524
149287
174062
164346
125151
262280
347308
330965
585164
33927
476284
312757
13523
65547
106071
24769
76384
188380
87855
698493
60239
442839
64535
37194
4890
822889
690541
622921
25545
501076
598860
91348
331041
896606
470650
693021
237950
639809
142506
209829
344177
138931
219978
91019
68643
580899
983308
498746
382685
347028
121183
21161
103508
783518
7254
79226
997901
650414
83636
62870
188654
507786
518745
7781
684824
334767
249174
272356
21991
18330
175057
94312
243127
173287
310912
348823
477912
2407
591807
140090
226899
141644
643969
255132
174277
18514
242814
244525
160985
1514
31700
271763
261233
23866
350213
97234
77156
135362
164626
804744
238317
136439
85594
104268
221803
144998
445486
301830
74576
284331
641049
95691
74452
95307
200982
137833
45969
341914
418562
195572
735890
643925
618887
200805
533905
630359
887768
445728
269182
96609
489036
108704
1116993
221518
150782
457954
408054
516912
743124
241974
531160
701948
212370
1031363
418820
282511
264301
104115
89764
419163
354100
78810
144282
27623
1482
90930
451480
532384
236893
304603
521496
10137
103210
1070231
717908
531784
191968
64765
599564
4646
532904
871970
435319
1001397
770809
1110223
250805
85317
44812
228674
383361
2193
6116
165287
192827
199038
259913
263118
361205
561625
578981
668737
695965
777041
785814
899776
919937
1034537
1041718
1048066
1056288
1084381
64373
69258
86675
152894
162680
173129
186043
196961
220673
241198
256257
261585
494830
547141
584832
585875
710122
1002271
1023745
94128
334849
320726
156640
3697
146391
17008
1566
429093
242411
522519
69354
553792
349326
69265
733620
337721
242036
103029
25297
217009
147839
496962
181135
463443
841568
162388
867897
349429
26705
319408
31580
178223
1036483
102750
1032878
543096
135329
101544
275056
555724
627199
130963
97474
89700
747291
93573
591099
102111
215795
491485
987258
479778
173844
722564
352832
320947
5926
42947
7813
311581
599257
258208
549837
551262
1022364
92915
117699
626950
265565
159906
151622
23929
121210
701054
152340
257211
275088
463244
598657
75151
178320
24019
491626
242202
44830
11516
1882
108658
362370
215674
7423
319833
221979
448934
13311
401653
641078
446585
237309
623733
971885
333913
453190
806319
219755
793579
222509
450363
51554
171395
136903
174841
172225
274286
351788
78446
678515
71638
283607
250421
680664
332094
395992
108735
610534
490226
471599
472093
463370
43651
271415
396460
291412
387366
1039605
83078
1026269
1054124
17603
643673
463667
266371
128121
1325
517352
531793
464159
618540
820665
132905
578869
21180
1052802
64269
278623
476107
110784
334109
488978
38479
472399
47405
223960
808315
115385
120523
1005312
666188
880208
174912
136554
100914
270308
144686
382972
498086
879093
631853
596397
46185
22991
286873
340782
397228
117786
272151
200207
390798
216375
539853
155145
921340
151885
188480
370196
665458
185974
396618
453604
104256
862
69449
136497
277038
580094
126074
130994
392114
586348
700928
487773
815916
354147
313818
19313
201246
148229
82430
256420
134631
152466
101238
97275
135914
434426
99381
848197
145334
253514
550956
2742
131196
21187
510520
9477
580128
164013
96762
2358
504109
254213
152617
417564
336306
256844
874065
27224
434114
556917
35563
261815
126142
498749
723486
194148
833812
455002
175400
44724
544009
367762
8309
244916
268118
394000
71641
22222
32605
517022
7784
927661
124510
490573
878638
1132647
951208
208766
992420
209690
504130
388106
103134
189907
433456
108574
508625
401911
39087
292265
187999
312518
530442
552752
238856
347364
623052
127142
237240
327870
106415
89286
83186
109126
604578
88746
134823
716560
22705
383596
711000
836762
671115
162480
99306
503610
712059
494200
159355
22907
146529
437468
90908
650457
36867
737602
689552
715549
223933
910977
23628
138899
744562
87127
62662
506230
51634
102340
68978
125709
30608
252192
78352
83521
65827
381752
121337
105305
836608
348629
551993
647825
335979
86341
6869
348829
896045
339120
733761
256987
699495
49348
566476
306624
148856
927005
119238
208565
27089
23698
576320
539358
983050
456684
95843
730343
242350
560803
178076
331835
103726
153896
287216
193861
60562
131157
191130
263601
544757
246985
90991
211054
24936
898684
358921
536715
345862
459425
437323
115631
606072
608520
919396
512374
363452
261025
14155
491466
444370
221239
171384
783389
61629
505920
700703
58698
160343
567202
576319
4641
54801
192610
177980
482302
20869
347490
419455
149107
260015
273564
2494
349662
635788
260788
59203
260629
23506
386426
153062
156633
222107
368636
97323
151554
338872
73879
201739
433968
122072
499066
91051
188016
127752
164954
95316
576089
319898
215602
449500
263330
35007
71495
389943
103529
31949
424
191117
510839
501072
77379
254094
370248
38889
230332
195562
510147
3064
221543
147717
146325
419663
578287
437740
521257
223438
159628
139742
239762
222148
99546
452484
109963
341806
12710
361889
95801
218573
17161
155829
185880
61740
215509
303628
116611
602567
190465
118563
161333
261503
321011
334592
177971
297711
836682
21189
136967
274277
186227
104228
212245
476583
244050
259237
493134
148931
309758
1008077
474888
447533
593526
608852
808021
958166
1132184
240602
71824
279113
206893
270644
277061
65041
91299
277789
361740
218137
69457
257182
1931
292156
546639
70547
518558
77225
541187
1121257
326879
392418
262486
29249
27330
177641
265977
140750
92322
453833
28623
95440
208783
319139
32041
242825
95312
899933
127061
464426
505419
122354
258919
30363
261526
152610
101457
126248
103735
161068
91504
174995
101410
2131
914913
131981
671738
66144
303837
386432
48025
150141
131017
467515
275597
164412
184179
265366
236002
582058
469065
186034
457460
335005
640589
616682
537123
146274
545968
299530
475155
132638
259165
386858
965110
218033
71715
468386
269397
588105
96296
206494
161505
344410
252176
275090
71046
232507
718059
75174
237002
369623
82362
1123665
887350
27347
277495
303318
237640
109919
418220
272694
349328
17090
242607
156293
455712
652835
120149
27156
348418
435203
573064
671998
144921
171329
195777
436099
131104
91843
17727
740326
267997
317659
174835
121815
26416
631259
555760
534340
185787
327098
73888
351999
50751
64493
550787
180824
340483
127296
604953
263189
23331
28396
1074996
342811
153371
100336
218164
353168
341461
592454
843908
208503
34205
1102338
114974
149636
336832
239860
345619
669880
436428
23344
335577
246536
276336
145309
150163
266222
752741
264631
244020
368634
151801
12449
2158
589416
532810
153275
767762
146238
503346
410767
827092
9200
140599
12521
972127
219932
196556
103451
159451
84382
137797
103320
174775
10995
667327
474811
864695
94341
287087
494781
370214
493004
31271
119281
733710
474327
141639
242441
535972
497652
381095
348746
701544
1048452
621725
203401
7486
765941
255031
66706
910788
218249
127215
74876
85034
43161
643700
275815
538837
114704
534782
31383
151672
174786
426793
164122
4593
506339
69563
103015
290269
163815
11300
506852
159203
288536
203099
877390
123511
206290
1079620
179785
206452
674199
31122
529395
742999
20387
457491
146741
472035
121304
216255
261120
42802
489186
200747
71731
21655
542845
136548
245444
598206
95831
21867
490091
96599
61200
96550
414125
634580
50206
123151
17698
295047
119327
267026
565981
152925
418223
870284
180485
265575
6860
258512
968398
161278
244124
1128144
364622
339376
850600
179883
294737
21150
102741
562974
644219
160211
104502
47458
36468
726886
16760
355409
534080
16947
38767
483095
277902
251578
37204
128168
163564
229394
1071960
13578
36702
23232
101112
336796
96497
349767
48269
348413
170125
224484
75169
850321
436485
52247
449040
849782
186121
433322
73860
16709
610695
106702
260228
242385
528885
543049
763060
50811
623195
179973
680816
759055
1008084
245166
163121
99318
450342
9162
136406
781695
207599
252953
370441
154769
638006
32316
62478
13140
34889
402113
899811
37263
156287
435135
183987
579966
303342
58355
531077
124184
261521
494909
591527
911990
823162
418049
135853
329433
150613
189891
1104045
842958
257104
22185
582396
43741
299451
99883
39691
427639
854349
92746
604269
598710
1001452
35004
271043
348597
140454
258714
102411
191403
878570
158611
101689
58652
342696
131967
102133
105210
80579
215019
418052
865061
495121
293538
221112
361841
83681
236255
418345
735420
7882
162377
444387
102695
247231
580594
300698
309471
159598
61041
464370
465653
696493
363782
4410
584618
4520
831553
650694
224060
65779
95177
240435
300555
906245
104098
88685
287680
64227
249935
31341
468244
767673
227404
122958
267276
486904
253953
242145
456264
52126
143245
109249
192568
1001890
42796
448826
749396
611808
31273
39189
289408
27437
251541
452434
70435
96336
998737
163180
58167
1017037
143438
272805
298059
624182
121059
263728
921247
475947
291968
293542
61306
645886
538584
248518
31710
104755
151552
325133
344323
758144
287406
273832
223424
190879
1396
364343
68511
231711
938597
238827
217021
66673
590773
601179
349631
23864
303802
70004
156622
55125
204603
1071306
202
224221
84765
17092
253193
263878
814284
242844
244433
752386
52112
78064
594827
207806
825254
639576
258100
745020
39802
215390
272949
690463
567846
58655
136534
30248
140736
186957
35240
470898
23594
344668
24522
41266
199429
6829
260653
162385
464730
70292
287687
297336
156241
113120
334235
883893
93608
352887
201005
606324
218649
135920
209444
290346
200432
837474
482444
67949
396454
140965
148114
10468
1133302
334016
45105
88255
689174
753770
141372
83565
1081469
49577
814427
137371
152714
66573
841940
448608
651590
92272
131392
290218
356323
104287
896457
293351
233587
559839
156291
64571
327454
254377
247831
580024
95424
328518
59312
204719
977991
242315
260672
249533
452896
101545
563302
447136
237339
1029865
151241
614227
766332
473564
1922
9599
45784
220921
338736
588206
844762
855486
871007
899505
28989
70409
220713
310111
743935
744198
899123
1014376
1039627
1047152
918529
221639
141377
153859
864351
198158
460656
591027
14150
295525
127807
637132
43924
1010219
91484
45112
335828
463506
24905
195846
49442
684253
78998
901389
473009
319025
55143
101735
385116
268670
645957
112132
588182
230731
683076
472068
218291
25912
26772
507108
341246
114697
447432
662055
732934
93647
33353
122054
5759
630077
832076
327352
661685
398172
521713
162185
153699
253759
424506
821069
383652
506504
476258
636235
76289
156605
21428
89054
368858
5800
97513
572707
500972
91866
132962
439080
64657
39440
37254
341782
238597
777959
381757
695206
944487
136413
517623
189730
317496
17622
96673
361566
376429
227236
252018
64422
884287
95290
570288
978782
636443
1054000
1045328
495788
195829
225069
580717
152998
984823
220247
150246
76531
287208
512046
599248
575621
219943
331122
121207
258082
4449
510315
36921
47339
92996
77672
4309
899609
243362
486906
346113
635331
210315
464799
263150
290743
53627
53278
637279
1046050
327608
155141
896509
346159
293637
447771
86344
38673
51181
883070
6218
245065
969368
23172
280540
70301
251138
862385
317633
1020912
444459
147699
444356
240882
58630
283774
1048781
152669
51100
287317
331565
143932
444654
383711
561736
26081
8039
93430
17733
40447
707320
121435
130811
25225
94512
24649
69763
626650
1134236
21036
203261
664144
349182
351330
106192
126112
623040
298986
301443
389634
262834
163643
45051
295987
120588
636181
24604
19783
275362
404758
633516
244044
59218
49305
387470
104592
131447
73623
66711
623929
6857
197827
570535
100170
792675
870439
152425
103265
742819
92115
68594
762811
96519
185989
116495
249901
163258
206329
52986
718674
820822
209934
752063
369959
388409
701895
99167
906507
105068
6793
104052
180599
432096
638085
236678
13634
153208
43297
117700
640956
123243
275931
893361
155741
43085
209938
219636
486633
247037
121501
254275
293518
1120544
30889
294329
322372
97554
244821
359346
52434
714398
1021821
1066606
207637
313582
125190
70002
218552
770196
26034
210003
308410
113746
37909
105096
251532
495912
184253
160987
326120
145005
26755
225036
412302
699400
263956
396153
622407
884286
576312
437211
360220
80934
370321
532802
208846
532117
147833
320728
153510
287258
103396
510631
22766
617961
89572
240897
537202
85783
96960
523154
451033
129718
27145
29500
299597
497126
21964
269041
74643
607301
185900
264647
258426
615073
83698
625399
290081
298964
157367
700167
252891
127397
74916
299735
435803
84838
505420
273691
257455
41673
598348
72044
44518
75155
646080
67231
31107
574709
246807
446775
151682
59186
227908
563218
122978
4372
249922
644962
74031
239044
820638
7958
250575
262777
274341
380633
928647
409419
27123
268880
310736
26407
46156
927801
147422
243750
72012
47611
334895
588928
175178
318725
237353
779772
635849
218832
151544
208036
271615
9771
625635
523468
227033
42049
85019
492710
492727
22800
334662
658423
24981
242412
773888
357135
368349
144727
135157
164580
854813
43200
218575
458131
38893
577360
419963
95404
136568
121369
498787
779358
121009
852507
7253
148431
455272
4981
237561
456850
256189
189032
156602
477253
280448
327320
195838
142265
339451
144714
3337
61416
350700
344300
236864
260414
201841
8563
81389
418378
216900
92111
838453
34421
524294
683193
648421
148641
560959
436493
101683
262126
381047
346155
528483
26366
151671
286621
162343
136468
9715
612804
123255
148352
332049
75261
281113
239916
339150
153876
417056
346101
254368
127444
305252
403368
236790
681253
327019
44500
72490
228481
312556
26239
384579
27950
303698
655275
258944
29701
360742
273588
277023
264088
8544
74966
455889
96749
101761
96883
22875
63841
97617
89476
141277
272254
156178
121163
78262
141278
174798
503632
279500
26672
150059
114917
471116
28286
565274
75193
43026
103644
136415
419764
455956
388060
492586
189267
136617
466869
458624
103457
33939
177663
153434
121374
490684
361850
95245
1029393
160395
238922
96457
574894
334703
220363
403220
630734
417130
662450
278485
326155
611562
75251
392155
194027
27605
108763
230908
194041
137599
38061
160209
485070
1978
101806
278480
462767
149992
919622
715570
110778
139109
115350
191155
310208
503364
85679
418857
338226
9407
84668
91059
533621
58201
518654
20189
245117
135447
1099761
506979
178729
587974
154045
229825
544690
582684
403017
204532
299054
95196
585700
438779
146012
121075
63529
75603
86591
646606
106184
2913
851443
114488
650100
479494
61767
335756
717954
40290
92567
221800
521662
276045
104454
95460
142166
353831
447775
162333
165085
313809
96433
10991
232392
287679
715705
578883
74315
136029
12804
319726
239308
256311
603244
12458
542881
302054
20212
275596
79532
37732
39493
20193
492339
670870
322151
725501
147024
402714
341987
116184
9725
275814
94584
334977
463516
239673
220004
280712
334500
273715
277026
68339
661894
191265
245554
253265
653721
924651
285048
402033
223587
61051
69956
355211
279964
544018
582007
92156
89701
1100409
142840
489822
11464
389890
435553
587639
292189
346849
283529
45968
212141
28860
245854
216854
319321
118614
13550
570909
24826
1013309
190764
633066
131992
326093
609200
37576
357318
667474
884995
597656
523698
20690
478313
83796
983886
982806
315915
267098
22017
47758
329316
65166
549973
665019
830199
954042
63616
737326
505588
159387
31110
145534
5929
751675
159716
277027
180585
21408
494256
861804
4029
32787
532446
612109
383632
252760
76605
96310
975266
355239
498727
867989
100806
534389
148377
911119
478344
446808
251683
938197
19600
559694
392207
145530
409320
282916
331621
153924
235672
106162
164590
16939
455966
504123
396566
136582
292040
27442
38841
146101
147743
255701
327227
637966
646945
929371
930961
973885
5075
110841
128032
192597
206475
391535
598463
614154
994041
1069614
71346
118451
52592
4610
530780
224503
20016
25705
149610
299725
65527
146397
255977
122166
363725
92586
197674
104763
179701
751477
836562
244680
287660
145938
13776
26972
260448
1014359
71145
792805
186918
417558
217452
65854
192683
37098
25846
161654
119070
75616
18821
554242
218380
579274
315787
253535
475492
259977
244241
572940
2729
840528
386007
25832
219600
1053
431436
62716
158525
145503
966997
824006
45804
44260
662019
12622
548263
105043
251179
502853
555551
251373
499447
264200
162750
402974
548220
414231
688823
130955
390154
1062156
331361
229623
496997
151881
405473
155788
863868
558978
149215
794601
68512
290775
33123
97032
97538
70928
155437
472711
75150
91193
459396
29617
104332
150077
420142
265922
33724
318986
875017
49402
341615
290650
73629
979395
113863
82858
142429
461502
461513
417513
400394
1009819
70338
109369
146076
528553
386593
84282
671934
82307
592878
63193
516278
177926
244915
402004
19635
50936
30812
253518
387554
528889
333838
40134
1120118
890333
21222
25441
105745
635658
556028
102503
670413
825438
521058
629648
578312
77243
164301
33388
291288
112967
751454
157999
128932
443818
72329
27629
677765
88795
62807
8076
999205
468854
143939
78162
954700
154226
9104
819306
272637
280862
606052
34323
293608
481938
122640
658805
220973
769062
610702
60022
210471
940
238160
787008
730718
275796
491257
126224
264469
191876
140618
151362
573323
367862
319312
567808
29310
959394
389092
123782
77180
99767
363576
235883
862951
113958
158764
148932
94981
163906
292386
837739
119232
99455
98132
921020
229605
640746
159457
152030
819864
555402
185791
441266
264091
245097
653218
94729
216385
152574
75818
315925
344593
534455
393551
630045
348497
159100
737808
96103
937924
531880
248936
528421
43395
317463
56528
95657
608968
1017567
583570
497712
797528
270573
424325
64190
637287
326328
534078
247455
156180
49369
820832
359560
195753
554142
325125
58738
111437
758070
315472
506036
162396
357010
240438
188485
696451
191192
129677
255989
30588
664192
243118
340325
222366
123731
777362
800785
222709
726101
112781
382668
121246
191594
175216
6265
109730
174872
285444
139355
48566
142309
348562
241557
356424
679297
569223
75520
185719
249732
529305
93031
289764
364650
141300
317919
252866
120648
208593
123542
856024
80050
4674
28151
801784
368313
339269
365140
120516
155381
28651
320564
79211
102386
520213
256966
325953
141129
873427
110789
216719
96817
133427
319666
361768
145829
104209
220447
526320
587384
195578
218276
32045
85859
475749
221635
174336
673143
103949
354070
590647
24503
671280
291054
21906
705531
267982
82448
314895
208818
700343
964815
95208
865009
47825
588474
1057108
40270
12416
254408
28339
190498
173988
503797
94698
401968
698588
189296
148209
21412
478949
56022
445580
553382
157698
204986
648476
252128
701627
529248
258130
516210
209143
174110
577279
530356
544612
268097
5913
591293
28217
251162
20999
686678
102903
157611
437290
444346
916914
41627
19008
98369
103428
274355
531430
396180
700031
283430
101887
272323
446048
447418
646612
102809
568964
264404
177689
599684
63629
92199
102686
29676
94597
530520
52647
21314
65793
6801
52710
65574
75910
128647
258586
83790
318790
83551
101646
160713
391604
986950
138885
199753
400801
229364
147901
496489
222883
471094
199769
101625
235594
443540
449167
975199
1001369
146554
151517
184249
164095
573310
265295
618471
197362
634161
103840
880301
4757
459415
737356
656591
224115
486837
50677
102793
145800
119555
93025
364706
148457
998445
832827
131982
438602
668063
672771
855154
980167
1055691
252015
23816
127730
248269
629161
424807
866065
239761
244473
26584
274368
666120
25209
148689
629396
292074
170155
236470
272908
163035
161153
142479
40077
25828
4405
347524
64560
328363
162910
393917
545061
347744
221061
103612
120737
407158
20477
298370
456449
501022
705922
52974
1793
430425
143730
101700
46690
11511
395763
158413
13428
34428
610693
96516
154184
74542
20095
152582
219665
510569
641199
1030799
229350
516614
897527
779251
23077
48746
656484
92959
678016
179602
616496
398869
170157
19729
469304
159426
219541
452132
157451
216363
130069
342301
18397
104768
125891
71895
292232
138621
30770
160785
251905
490332
258445
7686
17352
95571
81527
33557
743123
17174
92478
266369
155042
61263
187357
30925
23085
841445
22861
785562
439826
431671
178093
717406
102052
385045
217195
418074
590657
447698
17627
130920
70877
498107
340971
38622
94872
277249
382939
138134
455888
157498
236541
697255
1018224
502952
1056779
351522
54669
775351
112690
623670
58096
122976
288812
198133
71213
75106
680269
144903
37981
86991
16822
64108
336901
343187
27780
19351
96552
537563
437889
68510
524270
29896
336454
164815
30294
157431
454384
52690
354104
154126
119250
496466
7691
141005
607678
278134
319191
103030
332499
484420
141262
261913
195405
287673
118926
230661
459675
530334
618118
219972
31270
356548
815518
247901
364523
466555
104786
4455
569991
218843
692491
37556
106142
597058
85018
105092
67739
265012
19256
14252
581452
153267
126149
569929
628490
444722
468049
8496
434604
212317
637528
247808
98065
28909
71296
218261
626951
505872
309762
46118
179663
737240
503787
121416
299587
121264
153527
599707
34319
344320
222671
121366
754668
146331
41185
348402
566
186006
386738
146797
60159
443543
191424
122208
139253
17846
4656
183965
639531
448684
121617
43928
229609
5774
204616
491506
171645
298530
973140
61768
640290
73763
810918
101397
102302
230642
71878
354188
243261
151530
401906
19817
100842
97434
110288
146594
257118
160834
188357
103592
95354
368725
67989
64660
633213
136371
120181
95374
161002
352883
481120
157233
328019
28494
838458
221650
242239
71561
274520
251166
645895
430188
260969
121802
262886
74313
254981
749143
590090
109248
195548
103209
472140
31164
75814
584958
319912
229452
204624
746944
831193
144313
398525
839078
346720
351595
580315
368823
419658
416710
368685
661460
543327
75060
87725
71612
547683
199473
402298
121650
135891
445873
101381
553576
160338
95866
151518
141118
179731
1722
95668
449776
534231
613533
157795
493410
117402
852511
632942
402553
29207
76073
95644
364304
494918
85837
273111
4044
229721
38560
91447
316778
310483
101532
295983
291008
303365
596700
743750
115727
954737
26016
217491
230907
453478
586286
622042
384488
100309
581476
64271
448592
197898
641692
344503
959373
206558
71598
344534
137115
807830
158385
134851
624909
819664
69648
153506
284409
95071
364697
61294
203137
334095
134170
51616
488061
274497
127774
45939
91610
134759
321242
218494
267082
339261
771661
161270
37619
420057
271620
158681
364130
76343
131155
267675
48139
4688
679424
307419
974617
269914
406723
385404
541230
262130
26469
117484
387368
58701
37141
469555
201820
221517
989602
88020
151863
137021
499933
395712
6996
25498
120681
134815
152645
300364
357478
381188
688392
714109
915166
938770
143246
25634
219334
824419
267448
529895
155096
50913
154010
381637
498455
517597
541836
69702
610692
406704
551370
198300
100874
156589
910375
70297
153112
346786
273095
567849
336711
388185
952
2567
4548
5851
6074
9142
13266
17944
19030
19356
20229
21134
22381
22780
24402
25670
26299
26371
28039
29463
30024
31389
33054
34403
35340
36622
36726
38063
39293
40374
44833
45189
45772
46284
47387
47391
50967
54603
61347
62000
67554
68536
75175
77175
82837
91422
92366
92671
96786
97025
98130
100733
101007
103142
103481
103752
105691
106265
106305
107055
107965
110295
110309
110965
115332
115833
118893
119556
122918
133036
145487
149846
151257
164752
165668
168442
171564
171974
172889
174393
177410
177473
178525
182808
188253
195996
197680
206418
206437
207661
211259
215479
215501
218479
220584
221849
228605
229209
229850
240335
241987
248129
253469
254033
258232
260394
263516
266248
267823
269145
282886
283324
293046
293092
295308
309904
309915
314280
317386
326474
329593
334688
346716
346749
347304
356138
358931
359230
362395
368569
369401
369418
381554
382532
384644
390193
408878
409577
416808
418923
447408
451213
462798
465050
469202
472203
473968
478249
485096
486767
489937
490098
494262
496951
497317
497830
500526
507723
510571
522454
531152
535574
536547
539960
545584
545969
548085
548097
551768
554670
574037
582065
583283
584859
589347
590911
591645
596981
597107
599376
605643
618993
619666
626803
626956
627998
628571
637473
638396
640319
641652
642171
648550
648800
650257
651216
651652
657155
661525
674645
680457
680592
682727
687818
688434
688537
692620
692652
695807
698781
700282
700426
701726
701994
704316
706239
723332
732044
734221
739728
747658
758094
758326
768391
781694
788591
792864
797655
801596
814210
838639
853274
868945
870112
871548
872063
874133
876317
877317
891504
893015
893850
896633
896727
898231
908050
910955
912075
916489
917778
921910
926840
929677
934264
937504
938936
945976
953137
955338
968469
980338
981319
985338
988962
999714
1000104
1006624
1007755
1017972
1019366
1019920
1029037
1029686
1029802
1042383
1045601
1053144
1056264
1059646
1065294
1067994
1073409
1077888
1081391
1081700
1082976
1083552
1084201
1095163
1098339
1101727
1101988
1108019
1108369
1110763
1122604
1125677
1126282
1126343
1128920
3105
8749
46891
62806
75560
77531
78930
89787
91255
112350
148066
165745
167701
177919
189429
198994
278267
292133
357450
386361
431873
477820
483074
569378
582774
638571
694820
724018
763055
769655
780527
805254
813479
842134
931066
1101645
1130943
423506
114608
463414
152163
31031
402736
885096
28807
341458
713653
331724
736514
582043
21975
75178
40649
95526
58986
462963
194949
743192
92277
837076
616906
999917
594593
26999
325418
529197
282251
349629
40079
240180
876342
197648
937729
730309
657950
309129
18954
3842
978
99364
268952
471500
139952
146610
174242
917339
12388
26538
339469
220984
82985
242443
48840
528582
120600
326564
287064
85576
458165
246605
47711
82778
196803
252369
62097
239625
217093
79387
948052
254946
160509
414235
1238
135573
857698
25413
226391
327041
29660
463492
25672
37151
131029
39170
369569
497021
141801
326734
89278
341881
311834
439840
132595
189643
103296
479408
424427
180066
78489
710743
625874
143548
357440
1090857
180783
389960
453765
92354
974327
875876
230677
123087
342628
681634
26126
604513
80919
567902
506516
506231
446532
368350
256466
26803
240401
729223
279055
598920
195428
355105
34710
26324
503834
7095
94292
25899
152907
149041
492541
473219
164413
391573
245498
418802
715281
222456
546449
28440
91931
24232
335760
257559
668170
361290
79430
150000
592153
144117
37781
599251
948679
580292
339306
770780
292725
283235
56533
127990
254435
342724
719254
28105
217194
446494
163456
55223
220251
592978
255554
130245
289782
152927
99957
124140
243160
280076
578651
855672
233405
115855
175484
229411
128239
1086122
13258
417427
359084
384657
744547
80233
396508
392429
91885
153053
941794
176163
88052
503371
539151
496637
238173
120445
506356
521524
139298
179903
119924
565783
93587
731422
743336
445849
339446
554451
261182
574139
150966
121492
353603
249685
210543
826621
43506
257502
510901
287666
238001
28517
969816
863888
468132
150009
191866
844878
240429
86040
392348
158073
2681
270171
141162
462269
452017
90967
523690
1087555
40252
103558
272702
714429
564717
475995
382627
17866
120723
180135
435155
325120
19
119618
1027487
906605
136478
264642
823351
323233
218586
187611
763986
630261
395981
218424
740319
361239
187630
857967
575339
87396
354313
570714
434129
170433
53588
163043
325807
319303
65209
606431
159723
93454
364876
954911
831471
208462
152292
646101
160373
283199
238274
147418
586093
26774
575123
269572
92350
320117
710890
96836
571953
1005735
224908
127278
155222
223570
180088
363546
751527
23378
695233
72131
185961
260939
581412
299500
758633
148177
53623
269522
707057
89094
329008
859300
523651
30298
339364
125185
66238
648530
252149
180186
19173
629085
65430
741751
120633
482346
802659
125851
736927
21002
342630
2145
10702
154076
152256
161024
102074
458144
240389
801215
267106
52455
10070
24958
150076
341108
342981
215967
252801
181513
164676
524248
295295
95811
110320
285705
296284
632566
1109831
71862
123663
473723
85011
29097
71083
2728
96959
108564
194937
121381
657575
238632
266394
88246
10857
645755
742852
148817
362125
28093
141285
331178
524439
7601
208545
351366
91921
493623
18535
468529
78761
64542
155093
263649
178283
18377
569985
121020
154046
244022
468105
89704
611588
1122
190368
215926
120511
31622
75775
220138
49532
12239
416545
95619
133816
266010
76036
190733
190750
144710
157493
449467
53651
456716
334130
708637
86016
292140
95797
627915
128000
464394
52469
156040
625006
185917
191380
156890
317145
635953
21347
273109
864082
634385
350647
65095
120775
330963
773429
361463
643687
267314
216024
95566
267733
774026
482220
70950
566032
317650
108759
104785
155407
575868
22853
655548
153217
163737
299460
112970
265999
59913
356290
326376
285037
151469
219809
355618
881610
503604
318974
2052
360912
346937
523689
989191
160318
244088
141207
155433
290840
1030373
28920
346775
102404
447289
2117
144854
166259
648861
691977
969014
532485
319860
103943
61133
67059
541462
627127
267947
68854
147244
131205
101810
755715
139268
285558
403906
30475
105257
6969
23876
239224
71047
571564
227449
136507
277063
463567
157917
225797
437171
28719
651448
82538
157430
901682
12840
70824
457487
201945
267034
136389
257401
279041
162890
105110
148344
95474
859853
67021
681888
336798
304973
360030
272690
146369
266061
321166
195594
101626
274503
156798
407156
476942
264537
576345
660439
33048
589911
750467
188405
61460
344123
602968
739751
164806
23256
74737
675903
94421
118285
284377
613683
70616
68662
146195
29753
77252
206200
227310
141309
140804
198141
11772
322597
102786
237101
470736
147109
9830
143797
258634
364461
982828
139180
861227
913232
35405
508208
95727
17465
650630
218838
827741
66243
144591
207872
70000
434957
583641
599565
226869
242123
293725
477959
579186
163182
262396
510978
713608
75218
545575
75957
272892
11774
278473
64593
757434
1003928
129085
314028
109951
590387
101968
781592
395536
303369
345875
658199
1009422
221767
83518
192208
269645
95230
13394
118859
26693
212220
369517
270589
219218
1123982
394992
238211
31134
7678
955081
84299
718655
72232
692224
352519
420071
852505
13424
180427
348072
396373
456011
351892
25772
37057
99339
220207
227132
128639
159821
20380
109790
43188
383314
681726
138636
353093
50140
292286
206126
24034
277526
611034
114417
386025
725959
99809
430151
1132147
585593
18716
824432
910745
648730
208218
149079
348432
29655
271612
42599
148354
239711
269790
57971
394987
590707
648248
115914
793906
616404
64551
820730
528958
9123
430309
390693
24926
345453
140590
307100
483102
259426
329502
187539
583
788350
351792
29055
125955
2191
228511
664726
291044
443446
537799
743525
498357
201444
629447
46059
118583
252786
35245
1053302
562986
140503
31096
476310
283308
241513
254119
410785
470788
574018
151744
7763
836740
35085
19399
119051
477566
20456
427640
59973
871182
579214
585066
180549
91454
46867
43867
953417
21282
1073792
723626
930370
955758
20374
739033
91845
86606
69531
36528
795146
327240
36460
894388
630702
327070
767120
583404
23208
371306
952811
20330
950934
584928
553439
117575
173163
301558
871966
244926
23104
668842
305005
398098
28535
470763
261715
83835
141326
389447
122773
268110
389131
272602
454747
29299
273422
101994
17259
158152
34729
3100
171416
75329
249618
27822
280363
95812
8209
126123
281651
463009
743998
255305
136638
171484
286387
683522
715469
47355
22440
121946
162147
403072
359062
301387
553815
440071
382752
247803
25688
907806
534423
119321
206095
151849
128561
189550
770729
200458
43833
300517
269187
606389
523484
452730
96568
136246
144768
180376
41245
131433
246789
334702
144663
50198
4058
342722
134721
357593
1033682
75961
75947
523674
23449
220001
226554
353025
20162
49643
436459
178713
409065
315784
220930
478763
30926
172898
195321
104734
718079
5843
346119
96805
204996
519728
253313
228901
336463
238916
465432
159228
344738
491809
164168
134985
680805
24903
61275
640046
4177
287554
97047
43508
624430
853196
387513
129047
177972
186621
1245
102288
148173
456165
95413
416982
806635
152804
318409
140985
694642
731445
101173
587636
434765
272157
95685
911838
356482
326987
492308
103826
585712
152764
26080
513092
437259
282475
48626
778498
101197
155037
450282
36808
128176
351883
608592
200153
46204
102973
424731
255229
809653
125399
89112
361896
26200
104191
323008
29108
1213
23293
295189
206996
27600
61708
145028
39965
58438
254960
131933
966177
4294
984836
29165
21237
444737
327179
382914
319879
4251
441431
354168
330932
106060
2090
437452
204629
970780
10410
221001
112817
224554
847347
596400
37734
350092
531910
248929
435149
871550
2346
430202
1006633
26752
200963
128757
223202
497229
331487
534564
148324
152986
229284
446815
267491
447913
8675
41644
348671
684043
178205
569499
2038
92583
968245
22206
487385
131458
463911
178222
152268
272079
704636
24440
224887
102438
150249
389612
227119
450686
439665
26574
274070
293180
335705
493547
157121
331349
453360
51607
353032
44092
134910
75457
383376
58703
242182
636144
216518
19521
965192
396096
241966
19204
569783
497798
44435
190957
134750
19439
64359
72215
10179
245348
238937
70158
228517
119151
959741
902425
32730
670083
860267
431257
444169
44470
780083
151631
806969
19918
100048
384791
157779
172926
88366
996509
133069
381413
935602
97424
147633
153784
132411
281122
4746
668037
18774
229505
348421
43429
22349
271702
455875
61351
347436
749225
36925
852354
703523
259235
367771
155475
23277
52768
58467
244769
670412
128495
246246
286871
23820
209325
171359
201571
3292
93341
66765
151920
325808
870942
87004
41889
753123
151184
297701
294823
2576
319115
20541
1040686
331457
1100622
4722
1007378
339053
190981
31611
105775
247633
265729
635616
825005
530530
18446
563495
75853
278721
257451
1112266
128214
348753
678591
30956
86117
252219
31591
35508
70673
146373
166837
176066
206291
218626
386943
472147
543534
547566
581442
670550
757011
778657
906435
987949
995173
998855
1081919
1090154
1090778
1104389
1117745
1125168
1126686
774
23623
33798
37217
44054
45613
58278
69525
76621
94365
123713
134657
150247
189881
191649
195152
214226
224070
236465
246568
257105
257594
277257
287638
287822
290756
298418
319135
319204
345194
363836
466717
473964
492490
581635
598341
625498
636251
644947
653373
661744
679543
715210
778740
789402
821861
853743
860003
881062
896063
911409
963476
980544
989448
997217
1011491
1041254
1055474
1089985
1090125
1097212
1099885
1100424
448301
638393
253280
192070
591085
474497
191944
751505
582147
566795
311837
94148
627184
622358
680740
434891
551961
39005
26894
13852
110422
101688
16931
29587
31294
38212
60557
66264
76722
77652
84498
102113
111755
113950
115071
115398
127125
129052
145688
181366
185114
193317
201318
208529
256612
263208
267642
270606
278094
283040
314537
327346
336522
342459
351528
352818
382591
386208
386332
403516
437944
442649
444306
464897
469268
471991
474221
498618
571322
585821
589888
591790
623048
623464
637352
644682
658666
735620
778803
801392
803106
806886
846097
861994
972720
988309
1007532
1054127
1054205
1066028
562346
148171
154462
162128
161491
321906
85359
640440
341620
809562
909985
451785
26142
645308
271633
98445
628929
292713
230670
25968
135257
275820
557885
351210
431764
681954
255937
582940
488149
40500
26689
158170
280409
390401
317104
200225
7933
139206
150061
661067
816919
704320
200151
19254
51041
45230
361736
667342
139323
159528
465597
246462
77195
726836
121418
977169
562043
154152
381930
175371
102449
20097
76223
385059
33728
538486
526167
254128
209435
115387
227573
423548
299588
153565
853545
270156
601262
1073806
885321
464374
201552
278131
120826
102216
128241
752095
276612
414504
81316
611237
24916
593494
467519
10875
160090
255228
508187
83161
124119
319582
23990
114591
22284
247351
194098
334585
43249
65494
342950
210305
229626
368635
122892
639791
139313
50946
401789
139496
819
106190
261579
604599
156607
345909
23296
666456
192640
151481
37600
500459
222752
267629
147449
122783
336867
245072
742680
394951
4748
13072
19903
67997
31388
1088978
346290
640304
123178
21249
354766
23691
148217
125952
284384
230821
20969
121174
27363
454341
470868
596087
54499
502881
186923
856632
97255
329989
263750
216320
741617
602419
47049
259537
65268
850913
201225
18053
251613
346198
636532
771928
994500
814692
141560
73695
616805
158543
312513
71470
355303
220919
114208
960271
33907
793343
146706
101507
263739
33234
503259
205963
973010
381480
195461
52961
281091
37483
416134
92053
157103
69907
18339
454243
474302
96463
252817
293399
430198
470733
281289
256945
202287
76049
319271
730297
174894
28805
229292
191072
191254
71962
840252
22405
142954
137123
659471
74952
287095
145636
521437
610936
121241
242008
260548
389137
136676
112692
265642
103174
266287
132559
24618
287675
892719
448166
195390
435645
1035018
334271
121073
634620
21136
252668
503748
456971
260886
616295
75542
348678
66617
94633
556012
499896
105409
403011
90952
41866
522794
243415
546234
195407
188045
402602
361204
156122
197417
11465
25754
8780
100346
120021
74934
401486
451686
253275
149874
759497
47957
198524
845340
1068988
216027
508661
92822
101983
155024
62748
222009
26214
89630
343393
141234
246292
210560
286461
267133
574727
470894
109842
56038
348408
71430
17068
36459
13959
249529
1005927
188061
94074
471895
269408
296373
134983
274149
239679
91181
597591
25836
214318
243385
91770
108631
264603
250410
1111972
47369
33536
95880
61096
19404
281130
326487
464234
22753
806228
633183
175981
1105751
97282
61929
281321
78678
246553
624451
870977
438359
1048277
307554
329249
105942
871149
3684
532455
141313
237857
7108
59146
519653
936085
162374
144264
241711
744546
1066230
1118855
472638
216462
222061
389828
61253
289912
819559
177569
453359
328151
277386
1839
277599
2720
256710
769940
96265
593408
804204
401627
148819
97008
540229
338927
519454
199242
96146
773450
3603
488270
1945
319407
144986
1073731
212879
497173
196380
664389
915719
578669
224622
155470
1057088
64838
1011233
652488
882111
127123
156736
519787
432654
31877
436605
164476
627517
163916
887633
95498
612665
268277
833003
906998
231340
191318
673302
967380
1033444
49503
64611
149317
411029
199388
25924
817706
31382
205913
506981
120231
866460
27051
13222
393685
112322
247303
159640
41116
103305
636580
5962
1521
293953
75905
747794
958086
463910
459460
359923
877102
156610
494143
255853
885587
646604
646958
450233
50613
418466
910929
101948
30975
95639
111709
45140
101111
834750
223496
658916
532300
319663
353908
516870
75855
583211
220094
947128
719619
150978
199140
859149
624556
427654
151042
517422
236317
27464
664937
201302
384510
10194
450222
1122876
278426
543430
317757
596565
1002834
150820
577625
320492
716458
127869
636398
264708
91251
57990
351098
144689
102960
904280
868685
988098
184850
562635
610064
97314
82822
434971
380774
340528
297648
369521
354376
294768
99150
25896
606529
861225
105207
667996
125760
600713
159805
650578
280556
123158
10224
956248
591281
443774
135249
29070
733902
624591
381374
389274
918740
72226
77229
478256
597086
91287
229620
533304
660568
270250
560955
221387
457493
776496
555861
99349
460699
275916
62503
5157
5892
67684
92672
103888
133631
163467
281351
334193
353104
583981
593242
593548
664415
754877
981995
1002785
1024740
3730
25981
32114
45734
59459
66806
67066
69572
106387
147513
175470
258312
379014
588207
766774
968916
1061102
771495
2072
350626
19038
144127
129750
97317
974995
474102
87689
560241
927696
835426
140435
130936
10105
424489
204995
157200
361793
70883
143832
158120
64618
505493
866606
267575
181544
906553
32359
523787
113709
153006
147282
982250
88913
467693
230749
572443
191938
463928
88260
30009
476876
121962
491688
270297
42251
37059
132088
273107
973899
334078
304602
265274
381716
344716
38831
575013
47137
327225
222010
39752
61840
154404
319971
391398
572678
408132
216947
511770
207930
61493
221200
555679
21595
528631
600266
66740
370017
635952
960449
192305
43135
64243
174244
189665
54132
49778
737320
207408
137435
135608
439604
688513
84266
641256
510296
553158
521441
222209
141250
121077
119340
291293
188329
140058
138606
44906
884224
95482
251644
207603
114188
265391
151330
444433
295160
700889
551297
232619
238200
89079
458750
120204
359394
477396
794408
69908
218332
92608
853467
227707
718911
453618
655590
25336
724097
262305
1015035
151454
30518
569800
875315
285787
240082
301766
188009
214266
446182
253201
286978
100416
657077
270747
149115
141376
157072
28917
19444
73907
20944
317092
390678
886876
71218
101912
672634
6851
408026
275874
198886
450436
151067
331033
262843
39941
680939
593079
207194
662883
262259
544588
953810
104302
436339
419768
712215
1124563
252087
127557
256554
628878
456326
209712
528026
351550
153270
205989
74738
135256
13088
343232
82629
103150
82586
217490
101907
241297
41241
680928
351244
713821
196677
121537
637561
430190
475779
929560
246898
69988
87257
535518
150846
25873
242163
473174
570108
280071
197976
38029
293803
131013
92957
457477
326662
115263
24068
252838
117536
1015793
95212
5013
340738
240269
89214
534515
25015
410793
274524
39193
1084976
733647
260383
260426
132598
95297
100379
409232
446128
101554
786864
124822
23976
118534
590917
518517
486777
365061
21733
783425
879864
102814
586288
342642
988467
37893
498401
95256
396544
354086
461522
641718
127500
344834
149626
732960
510173
642172
250590
136773
142457
336775
21049
269565
54639
292313
106785
73959
476200
286041
26172
243979
297429
707220
251882
355302
430243
614597
624466
134987
50965
91368
219029
104782
520771
82355
265042
496887
596121
29339
432467
44487
269923
522793
21692
349524
644381
810600
203041
520143
69469
933488
517811
408112
476926
209167
40296
462866
118237
602951
323627
194109
529703
456158
241964
463969
1116364
245482
964455
103432
159118
980141
297726
801528
850244
516186
257834
74422
191285
13891
61372
342891
157313
926817
261463
43893
240139
180831
664675
769825
360748
112133
324600
8798
4921
171989
196355
196801
271077
317521
333825
403097
442643
551959
574806
578097
818207
827254
900403
998423
1017841
1042013
1050972
110851
30709
183795
648586
60556
552676
275417
9896
723692
141587
416631
263151
276550
70067
112867
115591
188377
18388
152190
66502
585038
7590
29095
245989
858283
39197
208561
26484
26497
881480
711398
1070233
81798
7057
634935
569339
236776
82736
127191
11703
336761
419706
568967
51270
104793
227773
920799
727397
84867
346609
27192
276217
157307
633939
460304
20135
140016
45623
26961
780696
135919
471324
95520
21317
447245
85048
120411
325057
1079042
391583
25159
396246
28003
61693
22885
392265
369370
904181
383124
987223
141521
297051
271735
907717
569105
96711
725700
298672
708566
230741
97465
386359
160940
147913
171048
64857
58407
97303
154524
174269
752296
278419
101611
21760
453601
26587
446561
755254
25036
899060
194166
565330
241330
499839
251550
792641
189672
139953
51124
197493
131893
510534
1042479
890628
23964
86621
608196
18995
627988
580473
578078
603701
118177
284518
185873
154327
529573
13737
99325
222742
91071
174028
191202
6586
76137
606929
72204
202010
731633
446330
983040
661384
460120
915365
60666
29703
403034
19144
445684
472696
5515
203100
224878
240462
609345
50534
965168
904602
95047
472624
352552
590442
457115
174990
159668
464642
240802
491964
95833
70361
149292
503776
99928
102958
185764
289962
384888
1126894
105301
607041
278040
95469
907756
142274
135880
30869
4381
513337
388486
389064
162607
31641
25962
28114
267749
409464
251000
172983
100395
439115
147723
10002
330927
457042
275689
297409
121127
269163
352220
302226
236299
145862
190372
101583
39174
790913
106263
242220
450537
9806
624386
263729
553875
146939
504419
154064
398811
88502
388313
416619
1127412
401157
635081
301282
242102
119977
569111
338111
456120
109025
449380
43208
100582
800543
71971
434742
116525
26419
96476
134856
4390
236474
103464
353732
260543
226741
13569
391941
422845
532898
164693
240993
730522
903850
38189
42815
393998
114180
146910
38628
290
128254
64583
22060
59179
29113
27324
30905
31502
667871
59602
161321
131062
5993
510789
9809
201473
432615
109496
222085
277455
256431
322309
751582
174215
27291
52998
97251
147281
150012
417024
149231
62703
136625
824600
83691
241169
42360
263214
589235
570328
92753
149265
63958
587120
258002
299202
453291
143798
469402
191884
238083
523978
241001
71183
300232
336985
503147
420405
244642
26311
136383
311182
92429
139162
233463
30880
47802
468121
146310
67786
627090
327510
58993
79609
50590
23836
7263
148885
635853
151340
830049
195458
120220
332044
558448
117951
94779
327501
115456
216037
69624
68885
152141
89699
362587
96543
397604
27282
191532
121243
130913
387582
195881
613180
146300
265034
96757
96525
118446
815771
69042
718630
447019
96908
448468
679855
260550
40357
96712
3718
65821
326310
686253
523147
320908
497891
121359
220810
40817
622359
54908
61100
146053
395867
70387
242392
334243
1955
227459
29442
232654
189742
701348
163633
191330
466895
170490
36146
69668
334522
125961
101293
295038
360268
416596
464114
771283
876182
790119
611820
207368
103193
269362
126503
186985
682958
842905
31604
12970
104357
1004645
639351
71636
553577
220762
281090
32457
337031
278984
92779
808136
142676
241327
94473
597090
250790
114056
17304
144095
119986
143117
805504
251922
220390
71316
87339
20667
155105
4395
149891
299598
189362
159481
240215
773778
157454
960602
68809
161091
75490
228599
67639
510891
242538
571435
228792
515536
658551
240436
319865
101711
320370
71093
95846
37563
39764
65714
208039
61827
163887
905269
837825
139208
43864
673810
43303
16777
222173
216993
446143
699036
150057
171527
297317
161815
586595
650435
335965
100268
311749
96987
763945
99840
235424
156063
424426
153290
247302
731519
436904
87440
153298
152634
253522
59582
298931
324831
206391
914066
278050
153777
143290
151577
219175
92318
336966
474072
588022
627429
679320
714120
991505
91265
161731
237205
779823
205745
420137
642812
591551
695357
221628
98111
443897
53010
272512
762641
77242
71494
641270
99466
75813
293868
208585
439143
664400
872257
174259
148299
115881
14032
389528
108634
303565
51571
510895
885407
478141
344831
397492
256598
198294
448792
238529
918144
69028
137645
185785
609849
160453
368410
37585
70174
195364
837120
180296
103947
436239
31645
17071
38167
531734
345246
904049
140608
4925
151589
72019
262533
220785
11136
104295
300141
70397
455694
9257
42925
109237
532447
499038
582159
296101
178719
562108
245045
464716
218991
246277
241373
698835
477524
336824
197526
217500
31015
78072
352228
797475
666336
359611
400900
99294
4056
149384
73617
267574
100217
72000
598615
1051938
30699
368275
221795
120002
424733
238365
238436
72196
427429
551798
277543
223203
603161
937664
75418
498592
361534
20009
222789
293701
332066
392156
175094
206617
369058
94143
39859
74064
513810
537554
106144
56102
30477
140323
684340
99964
127042
160361
1009399
624232
612126
484778
17184
359344
438758
446803
178735
259192
561481
836504
97319
277828
8667
208269
11427
289546
74850
762158
216982
130999
147700
135718
858399
14008
259533
1127649
542726
358937
163683
191708
103448
100167
888526
151524
979298
737384
446514
369524
438647
339358
546096
381103
272830
229589
623198
588154
177419
346664
331092
10251
7681
646375
302401
61795
29116
29080
47421
591143
67339
218989
381192
106222
347846
465391
458271
80979
125985
443246
110243
184233
129799
134863
501030
385689
92554
739122
512494
158121
4906
65242
220669
59377
40271
536817
136146
556660
124382
9765
40327
127702
262164
459597
624387
665127
738794
40268
670808
685418
986051
1042593
1044715
1103956
459389
582012
97403
251875
419440
2906
740405
838863
31328
14234
646864
840908
139604
532765
640943
382860
236341
543218
422116
8229
569402
46908
280023
121804
157545
27665
689964
210858
853679
997900
263204
582025
752437
827918
279763
3330
861531
382037
7526
578824
962346
189313
118355
614807
178219
255100
671854
76174
240959
477617
912978
4618
180862
188394
438019
476244
357320
195263
911060
87876
308704
190042
210609
187369
148891
139371
25748
494810
98164
471348
178008
261276
256860
532334
78029
254450
894477
675730
329226
260955
30622
947272
289474
330595
277491
258799
66871
111955
44726
96302
644060
23938
675678
180090
43313
25410
588667
330931
31528
264657
255735
24786
3401
215527
870359
590480
156882
389136
146552
267847
283201
659081
274927
532680
144071
507846
995594
400819
163441
340343
775037
40324
698928
246684
874158
65533
42855
76350
222815
643981
929518
276193
331014
125942
561428
631113
200426
130698
40592
155069
996600
672798
174121
639901
237192
30704
25851
96467
419985
314289
382855
82128
92727
45197
174850
3279
210494
221234
180581
583664
334719
478736
244530
498825
250856
300512
153427
158570
96327
472317
817361
149111
33535
113881
783958
1103429
585279
322032
137620
999049
151448
265616
94018
622385
61086
641927
924527
917247
123774
325198
29826
147087
214964
217483
195797
143876
319327
140992
143078
260346
712968
189052
639509
324460
99711
237617
243563
877271
626716
118794
299167
103678
42744
143021
11737
915877
802792
210484
278418
673224
86534
69758
216665
683362
229320
276069
523471
65824
241338
810
461731
144500
103050
150073
294176
1005633
203596
355680
1042716
537056
24070
322171
251218
1016017
78545
448180
263309
360287
70341
392373
62718
546666
321053
237907
331598
103191
584064
574801
265279
443889
249782
320972
755117
671752
196759
101051
676942
298691
581959
873862
710688
636789
356064
24806
208817
63981
19451
106337
309454
462519
179593
23125
478147
572976
21880
203326
775051
163782
108059
1233
562566
843617
637349
245461
38277
21125
183968
469418
681750
470621
7865
77871
977167
491849
121403
153306
250944
179940
343063
636410
27257
37199
260743
586442
134748
178453
149299
589768
607134
333676
509947
70162
240260
417412
224536
315804
276966
254124
139054
35719
341557
382004
96349
178555
3668
253669
275975
730753
560394
852158
400813
295285
695065
22756
22438
401193
70919
136571
33675
600762
28214
121214
548139
539258
613072
348505
222045
275806
1005798
145159
97217
396464
478738
279169
164303
518653
319216
348226
331508
498677
43899
288583
118230
459123
1107751
132322
155246
120362
226853
95523
229363
438228
120506
1017481
104748
118999
115969
81836
635677
18130
786026
926256
66947
121070
338932
146665
556677
275575
477778
837820
35422
387501
608660
1024057
239523
23042
135404
143771
146198
33847
422793
669489
253800
617894
251575
853696
321307
51171
583978
551801
560310
32441
44476
48246
51938
73839
91952
137370
143512
156171
227697
229378
259226
259458
280088
319620
459732
626897
673546
688626
752185
785252
830449
877220
893044
1023775
1056755
1106357
1153
1243
4526
26979
37678
38704
45758
64075
79193
79623
94306
94733
95590
104605
108215
112620
112839
114006
114542
157560
162466
165141
167535
168419
175611
185016
195911
195964
207792
214913
216524
224326
239925
244048
246840
255304
264651
935062
162311
149116
468294
918179
145193
64310
891428
532524
99893
96741
135246
569655
224226
288174
355149
359176
647437
814178
617259
44108
191897
129553
71010
551346
351848
419698
962830
290649
50428
163139
511220
223898
11292
124730
913309
30932
345864
100933
96702
726099
824185
247263
449619
208451
240411
186567
64851
245107
351622
146107
187982
588226
20254
262187
491853
93140
102635
162637
210392
298781
465767
479027
653922
937011
140904
840355
186911
506534
3537
129731
269077
175300
119563
57957
532515
31013
110685
289524
140825
249886
242305
79636
636095
447171
118996
38640
150847
50258
102330
886515
112655
267991
881862
148942
848724
281033
328335
173133
459401
724225
47051
522232
78163
154258
318016
23383
24794
450971
213177
360293
424811
327507
95904
163738
69760
510572
21942
236009
452249
54865
446189
634291
24864
454714
702739
267753
448851
529351
155507
518070
521266
85612
257853
71358
110099
151043
158508
154285
353433
401978
29163
824110
59579
47067
439107
101637
99738
29201
681771
449004
31853
24133
143289
405417
146116
341683
143146
221963
142602
697962
163427
105397
23596
171028
571017
317920
147322
128210
155243
304809
227505
150006
70980
485232
121113
90913
854572
71174
148437
561186
7965
157106
35335
117579
281283
455750
45432
162310
282004
131061
162175
94866
131053
114097
494627
27411
140259
102995
4080
70355
247829
195398
83577
311701
464984
239449
245096
486664
261897
63830
3966
572665
498889
4964
242013
963868
1003391
381378
145352
240186
22823
159638
492359
152438
133977
273413
212909
216994
153882
275984
160308
151329
484607
76090
403105
26571
155049
31114
89768
89625
784238
227453
562178
100294
103331
27139
70499
23385
494246
223954
13025
128614
257404
71810
557948
10149
242184
191952
164841
74919
135860
207315
257492
20129
671114
472056
28621
112237
270268
101752
336160
131509
265927
266244
276357
288510
293392
296959
297245
326567
342629
346453
371817
385051
407177
419832
447231
447484
453435
457160
465104
474773
475918
477317
478052
482213
491706
492994
498012
513466
515573
525220
536487
538453
540373
552837
566874
574187
576689
577208
584837
632712
642294
648772
665872
686322
686846
720592
723726
726890
727207
740166
763823
766465
768791
772335
775052
775860
788849
818453
824002
824178
849101
862378
867936
874791
876428
942961
945921
968929
971835
973336
975011
982348
986142
988151
993250
998215
1004061
1047581
1051912
1071237
1081612
1084197
1088630
1103981
1106514
1106802
1123112
1128564
1128988
1129145
1134142
7673
477555
240158
23917
287159
97290
139260
439096
326054
894648
188562
88129
795746
53272
444470
120098
240004
451742
488090
667528
689470
382717
464069
193255
286453
211202
591358
49318
92210
84267
179776
498683
153591
325116
243710
103353
157558
198051
456972
67521
1094952
238470
510765
705983
108675
47384
76051
60560
23073
58002
952529
180079
436383
76879
43114
2473
100889
160794
461730
174968
96046
725723
805172
128655
482297
160417
499937
95826
981170
76753
153126
64837
23612
581581
783279
95144
225328
103674
982860
71130
696174
225978
682787
912542
267515
570705
229781
542740
110061
638145
779292
10459
70143
108904
116561
450801
772521
814198
124973
436018
382581
137574
4303
37283
28739
840503
140946
802412
146719
1117408
4432
91318
201927
468833
26708
96750
135889
92518
6975
528689
313518
96313
820155
528111
36887
101901
6904
958935
622034
20930
141166
148839
370374
259207
299188
6809
292068
146140
636819
131935
259372
244919
147876
455678
22342
117495
116004
805330
231101
195245
457455
121714
81859
837822
185939
629640
722831
50001
64165
163675
155404
93205
304947
824981
7941
642660
143532
145331
391779
1061433
75954
777457
809960
649115
61501
635717
272853
341800
4096
244484
91108
259206
102784
531601
312606
259141
471341
10514
139315
42307
581295
565672
743938
635517
76904
255299
11163
500153
101987
150718
216595
244750
965694
960190
319937
491862
268571
734940
785253
361498
95721
64869
777276
473249
915484
219207
7210
309474
568655
451364
127632
187540
157976
101764
975186
12568
533015
555098
512104
477212
592913
274345
99322
287684
279999
906816
1064409
78265
917492
348463
193898
4664
64522
771181
697167
164749
446188
309869
255282
773982
892403
141494
355506
144413
121156
24576
331577
228463
214223
317526
283183
244365
837715
125947
240129
246151
81921
232350
43846
192581
132599
118706
148887
368632
133681
1394
705651
259853
142670
821111
349817
223450
833111
243375
517629
573066
292635
116017
655346
222287
108780
559894
341835
121238
498478
872243
560950
433502
115740
831895
508382
39954
271192
665770
152673
954477
302231
99956
26392
276111
194057
170287
157131
317064
66713
63585
26838
646137
22835
579433
50766
908869
658375
70274
82229
436403
897204
1025765
271682
140572
904033
146642
141201
583582
877311
6422
65121
180801
286885
104075
10895
66605
482905
541441
230643
71354
459127
218902
148342
568922
339270
275833
587804
229431
160555
155097
724044
146739
155434
533295
69757
91229
278023
293685
200678
128209
215720
175215
232917
65834
680434
380792
135065
205971
436445
578506
189342
222470
159348
269193
806692
871209
892140
960157
990570
1006467
1079253
1094643
1128845
8049
12599
18928
21508
22254
37881
42565
54479
61973
76553
84826
104556
140766
143343
162122
171274
194259
216926
247447
249414
252172
253876
274490
275811
343107
401633
402908
419824
443679
504055
555543
558496
570475
608738
660547
680124
692509
717467
723731
758119
839719
840030
895791
898005
938013
976910
1077993
1079878
163629
450639
178807
422047
158823
232272
43340
97257
475378
600394
100710
510510
530796
607016
845586
906586
145269
173121
131004
731579
1067853
231103
27270
352050
511110
679979
71121
870900
474930
257666
190863
670128
577226
235732
771623
795598
569861
398334
47213
573530
1092746
340987
584236
351371
396127
341912
894083
586951
317367
553810
390723
286973
477570
122177
229236
117131
199315
69966
161214
297407
293747
235725
571904
51420
896753
849745
439104
179836
68882
650909
318214
552668
3355
83447
339264
583425
118788
240538
430242
86456
13638
88676
888648
120601
185809
75979
38295
217419
496462
249768
222198
250543
239239
321017
216073
945200
927428
19984
245676
702392
150449
227769
327688
24557
450534
170204
30341
476977
298778
419893
384342
70776
135902
258930
474612
258574
792504
728962
177657
271007
35466
483752
544672
945083
96425
265997
13291
154139
224552
637518
222699
28937
980420
24969
144396
644922
893273
837816
68953
241437
22124
216557
585609
651113
601541
292174
190417
395123
249211
226870
679421
64419
408046
940887
164295
221003
55086
688895
160632
787841
382553
474855
21674
636834
91461
531543
158298
570694
688481
199070
292990
1895
553654
632896
268263
79359
474064
606819
270454
264471
700280
281903
140473
978726
18614
822265
177567
656939
163707
958987
516017
587490
71228
214291
237006
146232
319598
728513
347912
219678
594120
4452
244547
158814
764662
520085
321327
26403
728472
273737
49642
252637
312532
333702
88680
180163
88393
340129
499824
271952
327918
244629
94606
331714
529746
607826
17002
124031
97995
238250
117342
18335
436343
188351
437201
149970
423891
841978
317072
161892
717128
339552
263823
260182
109715
131790
119017
899865
351618
286246
621542
17904
570196
152834
61042
102492
394998
303559
252402
531129
12656
100814
122059
295183
8036
55582
27258
445844
163900
150269
4788
580837
918790
124658
92388
154321
582225
229305
91630
55163
806733
892844
71435
202624
102945
281003
93593
60964
94358
385003
573612
240041
305006
104312
401615
650527
510967
76638
2076
214205
256344
94843
243207
52783
584868
20468
513097
220417
242485
364377
395077
652974
12489
19367
47373
65480
81101
157455
215084
292911
733467
14137
16799
19168
20350
27829
30203
33559
60761
60933
73205
92220
104277
162313
585079
130212
159424
152821
468292
180113
7945
127031
156796
435258
498794
654674
716503
954006
967066
258103
91238
10904
435631
385693
153955
97226
516064
40171
179612
4804
447134
388807
545885
132160
30333
21762
64786
221553
216797
193900
158533
152735
148713
196559
10058
103216
43378
614386
99986
879671
142044
262021
476829
578750
1117407
73905
631056
24157
568477
180469
123189
188306
550031
239755
267450
221055
183988
207596
262766
752062
32532
591268
264147
344708
880594
264455
456919
526129
269339
153880
42811
419979
632683
416793
8067
649104
174787
82657
331515
26153
132606
528610
327403
96911
239643
105948
128405
231199
152693
184259
158467
899187
449220
4072
5071
94792
195661
533619
697951
144611
13529
150843
506537
167272
431977
198331
22963
511920
303670
332650
227331
263573
97865
258221
382005
18105
222878
2082
58406
121941
100331
475157
143815
41586
139247
26270
235495
64954
37457
327768
340969
11669
367745
75074
355413
131827
7577
229495
164237
353829
536962
156255
279484
340096
13626
19338
855593
95346
3045
319747
388402
75220
584897
289407
194173
618286
773869
469432
92261
146267
12776
242171
64218
271034
563335
25319
118054
100703
574271
236791
469141
171491
381791
17202
39823
174184
90901
267898
44418
178509
64248
555044
345913
792449
448591
97263
773742
67028
48545
672904
102415
408107
239154
155488
475365
381191
756979
250726
507811
93595
272481
122441
32890
318556
228330
75315
228962
347929
368327
143626
101454
219185
95409
164142
669642
342467
536459
61212
84997
314037
261835
437220
261541
4830
83663
97012
13736
99400
41212
36830
904662
523846
207530
698034
121124
158209
189074
232356
433933
138607
173187
188977
195193
195909
208183
209347
216456
230745
244269
256609
260888
267843
271256
340119
346494
354258
363561
431480
446839
447601
473377
485193
488453
534436
547198
553060
584227
618524
624394
625330
678457
710277
718868
730503
742056
755766
784127
785065
789224
819536
821060
841091
859652
865699
894773
899101
907386
912479
924034
933743
937174
961704
968792
992938
1064319
1091449
1106273
1111623
1119161
1129269
1133047
497301
254373
541475
452702
230344
662456
954850
608269
734491
197607
201766
398451
536394
661504
126042
820159
488443
54643
185941
73829
900654
147928
111771
454242
496599
289386
762945
205706
109810
127043
1002249
58385
384532
25958
120172
215798
331683
739786
867733
1092916
1103814
2190
34033
105185
123090
189785
266563
758262
873488
1045785
1048945
436341
912744
444691
265142
346602
235545
48552
1118489
559341
984043
356633
61056
44289
317707
447808
216933
246475
417033
994191
96018
648489
133564
162009
22506
618983
743879
444781
148393
326150
105219
467612
201808
96808
240418
178544
334791
153107
772346
97205
82574
587916
40007
704838
83634
147706
71410
258140
345881
75243
149848
209867
836768
117945
228677
985331
221060
64863
133713
816231
138481
201495
94333
173151
749112
188382
289708
134882
236122
384486
642609
348407
392799
277011
292200
84487
867879
325725
1070782
541347
123793
1094676
271546
112871
348799
37582
447816
573172
162636
71672
92274
786848
230699
583302
121221
65186
198906
919
24319
303631
907192
975956
3063
10501
506220
612974
332010
758251
98309
67797
103022
777665
596201
218305
644322
214233
57975
21269
308244
392109
561624
512333
465781
192556
19666
16756
621271
162358
37712
894529
235492
127375
489087
53155
253085
82605
21143
93499
83439
333722
285453
10258
11249
26680
35456
35560
46172
62484
74349
79236
97183
100859
125922
137528
140522
141690
168146
173162
179949
186733
187685
190028
204361
208592
243153
247977
254011
255181
290304
303816
315051
348295
410741
440913
444617
450203
457997
477285
526194
547430
568758
575460
576043
577188
578352
580765
624421
672749
696949
706888
749113
751528
787461
788656
806955
819936
846428
863006
869240
888052
900664
905251
915856
950211
958511
978206
985826
1007515
1013453
1024871
1031417
1064522
1074302
1075516
1088361
1108230
1110018
1116247
1118952
301454
486505
239559
200406
16680
541974
22499
41916
964741
219563
95286
231922
579459
571625
1056112
136560
28002
96260
329540
42145
260646
590554
351174
418917
788379
190849
804101
28350
34152
66817
75607
99410
109149
119437
119447
128111
131450
135304
138894
147910
185806
192131
201193
204948
209501
216764
217592
221755
241522
243675
260687
268150
279984
280065
283433
328573
341656
361641
367776
386317
407188
438757
441302
448298
450894
455225
458177
470121
494771
503314
507671
590282
624164
688758
689776
710296
710400
738520
740582
764226
786008
818436
858903
877776
896263
900183
902532
980923
983063
984364
1022924
1035739
1086452
1107873
1114463
1115799
658777
242264
103893
181403
146761
163816
885839
730237
39108
256370
292546
585713
215907
569573
534547
1083109
732695
178885
628792
795749
310808
487955
159404
1116963
5377
27631
38250
58444
75551
99105
109110
112891
135963
181549
209235
246941
255994
288690
320913
348129
368116
474160
508242
510586
510806
533259
580097
804711
826516
841158
931809
968064
992592
1018951
1045094
1081158
1098965
1105947
1130360
24442
488566
177637
25713
229398
670370
529733
470667
474549
1015127
1026222
543340
635407
227845
20008
121513
162261
188332
196261
218337
229095
323452
343601
476415
568605
858721
860689
872269
1099470
274138
352706
239703
189645
240375
296334
448823
460814
465082
765609
829115
1066044
260030
520526
458018
241307
521482
252851
419199
292381
106489
329422
65345
79155
817042
717434
766873
150572
149184
221034
390568
540332
205035
207908
138304
8960
433587
184924
279132
281103
614847
261583
242019
79217
726133
125905
74842
333640
6119
575881
772920
633228
848883
137216
774085
272761
361403
417334
8880
23374
33109
222013
9040
351905
37188
139800
329202
478382
21137
260180
370168
277944
53274
151144
314779
144485
18563
584600
206810
218637
386887
175202
446417
708535
218855
677880
174207
93459
122514
457749
70863
328060
514621
304062
22840
258136
105386
486754
594106
202841
729013
63538
326062
155088
7595
61889
462147
4873
14299
70183
139065
167945
173186
186751
192013
208655
209632
257462
345702
365855
465937
508275
531210
553564
554712
555506
568680
569535
635638
733009
739041
769868
850367
853649
916203
972440
994590
1000225
1004051
1017437
1058257
1088947
1093972
1094971
1111943
1122561
1130985
585347
504138
32142
107289
212137
559095
890897
529754
26431
34947
141830
150448
459461
271132
716995
276172
588980
275059
180661
899698
11493
1081592
741782
460906
299044
174266
1016015
590730
238190
106386
118300
450953
95669
104792
381412
944732
859185
146816
274546
435282
583783
174396
152956
596687
3585
148331
160346
128016
716860
319685
259037
258798
273045
95842
1134082
12042
390434
596968
272988
71657
316189
776555
71569
330976
264458
147430
794232
12048
280600
624332
151413
246117
128681
136285
918160
590701
188410
23005
242195
398407
3054
4310
214258
56235
852133
831899
102475
69019
238427
1498
259134
1003846
74906
109095
570570
581401
342951
277010
242159
589953
201821
178519
104218
145677
206443
144482
549668
634366
281430
102444
626852
960989
577808
709566
323662
738364
79168
23195
179750
96409
384636
326731
24848
390159
985835
679300
417481
474040
147278
590847
186073
255045
1078253
512909
269053
635921
333641
145952
3319
497828
390713
30352
54113
207814
23067
263013
46313
616503
26814
265268
31566
42724
471944
21643
170191
143400
1024381
614510
217382
319354
327727
555474
476616
21650
28483
74104
128870
138595
178727
239804
243813
262570
263458
321459
417323
474294
624412
644473
785909
800597
822312
858885
872436
1010094
1092920
1112155
207663
689743
449897
105058
697279
298703
172661
268925
34723
404812
1838
4337
160803
96735
220720
232936
281291
523805
113320
170200
733618
23540
25777
97790
72330
555562
348364
680006
188343
97320
469071
298937
189752
72096
96246
246144
602440
735885
797603
201775
1081591
985834
788381
236815
449643
102639
268830
136518
217646
289984
31612
668799
624809
381862
129108
325525
260709
622260
26615
252198
242273
114614
360943
273084
528587
455481
12724
127367
102233
187512
323005
387562
896262
1065352
1098154
733594
650503
244310
268185
219721
28799
870131
148704
102986
39886
768536
91895
58548
100810
303963
257099
26861
4023
583929
254232
53415
817041
97020
20197
4366
50928
20411
457625
537762
261274
24895
232140
219796
75245
641051
237279
116243
136324
655444
297395
54638
160019
576304
149941
133062
295457
271524
747019
58126
11144
50201
152148
200130
451522
38048
650734
505707
282228
471969
940662
80229
172356
37473
533615
391266
779178
19662
71262
287484
144024
529307
462362
364168
646613
269610
629495
384421
189658
122057
436077
224149
70596
205850
447602
493508
252771
25980
346020
118181
934720
542872
156656
127743
512127
326291
225153
111568
149049
210382
490651
661611
1118487
21928
86452
417031
339432
61302
31850
594144
96350
158586
41728
192949
705946
9351
143487
185822
219283
446536
806949
546527
395000
394439
71793
302067
243880
195463
218837
151414
658721
577440
395619
504136
265217
888913
237656
59054
21483
524371
86925
153289
854728
532077
5040
64119
119813
9540
298378
150825
584781
136428
88005
145233
160152
742176
75067
472580
164827
231169
33971
160898
64159
466302
144930
75793
24137
1539
704984
26054
142763
17201
94893
978045
171475
384896
395776
256079
20702
131567
372915
267451
85352
81915
852353
42849
53338
33917
237638
28062
522781
105786
177924
160314
154994
102453
82264
247249
585365
95930
76498
496925
688318
507032
352186
89148
549994
255543
498578
339882
607404
711385
242889
624604
157224
986106
143218
140568
12498
108182
913677
64455
96518
70992
346170
61374
96637
298572
245165
104054
501065
122210
793525
299128
19323
91470
655241
75215
285020
4841
451045
651137
484855
806098
227053
253273
61880
241435
117365
73988
91234
161554
101305
45947
164837
189768
531194
721907
37209
45902
49380
69166
122450
134666
135279
201194
210611
271011
295220
354285
361094
434221
457780
478380
601385
765804
777265
794430
927012
927246
946220
983960
989877
999989
1037323
1065874
1098047
1105732
1114269
210575
803747
294640
74298
405936
88575
102004
69243
44415
259949
389331
96909
828352
32386
552912
178440
456232
94923
651477
215513
22957
654763
45178
46746
280981
289776
396635
175195
303122
477184
659240
866458
3389
36544
451358
848999
1085147
759357
230754
433777
179807
24439
258950
606248
549711
679150
804411
416551
491677
203069
190658
259382
455760
52763
584578
180059
313825
900666
614296
355823
606429
106430
543034
331489
933037
141391
255075
71896
547483
156056
827212
770242
28648
75762
151698
351776
364646
832745
180518
321508
530878
13068
199564
637101
962087
32203
156269
238885
350123
472234
971257
3147
273380
445494
883748
1101795
787803
87047
146319
35409
65563
97074
17712
383765
257295
135245
596270
468316
74891
94828
155128
454934
222896
622894
664617
209850
1668
483086
42839
162891
260104
87461
3384
8252
46182
89494
131303
135202
191085
192592
201300
210445
343395
385963
390160
435794
477899
512113
559509
608956
688633
690085
767073
772045
1034075
1107836
155779
326482
580264
139374
99342
733796
937142
913076
573278
51610
113853
80899
140581
36938
157107
435121
331860
334226
382200
633923
236339
528580
48769
13139
44744
163175
254974
295028
543772
558140
591896
652970
739016
765659
843000
37867
317656
776386
900376
1134678
180003
257389
252799
855340
1060556
611348
331838
140554
28898
23006
301782
885005
473646
318633
127355
128483
296798
418434
536238
596901
770970
825470
963089
1009075
48048
710196
267602
309802
633209
62876
71704
157368
216261
129064
93413
19626
450976
401573
114755
941210
99198
336326
38777
506849
337007
613282
951444
221156
71976
321142
209969
210044
474176
226763
257911
624803
51781
46244
435556
993299
1095253
6773
135418
171031
335784
571582
804311
673047
121103
359126
479029
286902
4170
299647
492841
985954
532707
624244
39805
154223
407467
20206
22564
71475
351863
320243
249291
216977
148529
424396
314027
315660
66504
39862
435034
16861
218901
274283
521242
521150
655618
141657
6522
265613
270273
231944
26556
91510
714249
294609
67968
39238
119453
612458
346867
658449
144620
348698
66986
274867
773667
91886
65855
115174
120054
146971
503731
511945
517750
605513
679481
885938
887637
907171
939765
954330
954763
976438
1109744
562710
573559
1062
22202
26075
74102
82833
160463
203294
217573
254678
289948
496601
570743
596316
605142
664394
883553
10424
15232
25807
26802
58202
59397
146380
154777
203236
217224
258635
304784
349974
389310
396842
449834
468908
476353
578437
628659
807439
915056
1013345
1120911
77321
90905
74778
58505
267632
348189
897027
63206
100745
45101
229256
26718
220317
331665
149247
134059
286923
565318
571038
940240
119714
72828
29398
11878
25808
474448
494227
1059823
105089
359767
145417
100109
661631
563027
841781
278127
697536
674771
31927
135957
963381
1073665
110185
645429
496685
937381
317388
281094
888108
565969
163503
448109
214611
143747
260428
25702
454500
1022971
344075
137589
486685
604675
21524
1039374
95658
444577
246698
115850
701138
493038
320373
91700
189833
304981
333873
238583
639802
120208
13281
210342
154040
28434
17121
25860
76773
224739
236952
278218
9426
63971
139680
491701
594580
633763
683557
1016104
119312
344216
123733
381569
125098
247850
139618
692082
794605
210934
589025
771025
153786
95868
217126
75108
196681
559244
195447
172490
529649
280522
58371
260375
476102
121053
161973
246593
136442
211033
356556
506735
571525
94144
446296
993523
145142
210276
1036653
229473
420996
157878
534501
219754
581964
258365
66789
4093
937244
287218
243627
484234
89106
617513
574524
43092
151493
582508
13159
149196
317621
460189
83119
303999
361821
297367
270768
118790
510334
19355
863687
558811
418291
126281
610552
44270
188327
597101
253803
195373
37847
41696
636875
1054247
180397
242457
294806
463500
737839
272574
84962
30811
977432
112592
47128
456732
132714
6328
242797
22666
601664
492191
398207
96118
315530
905844
450900
188363
766034
328354
437482
19561
219188
180602
348543
808009
351338
364651
163600
21312
44925
78157
963610
82748
41339
92040
144037
220541
355721
500110
555343
558464
641453
726799
939468
30240
20871
264691
873444
573216
98406
388303
102633
635285
470219
986304
597124
226444
100811
9623
633871
113500
180563
93972
3741
156889
17610
126100
331382
370257
68866
870681
4050
536588
340455
66675
273286
454484
368645
64294
10678
221533
792692
47004
428178
89505
184960
718892
64157
222493
636933
38383
857745
151790
386305
68865
64783
191814
243912
463246
654670
108916
437231
474515
780784
25195
91750
610961
618871
145819
144737
184268
147832
352229
214202
575616
239989
120294
291425
578156
244362
725977
108567
112588
18363
352616
600876
94320
1058649
256155
349452
146540
231128
891815
282781
641504
381061
361129
344619
201201
172902
419799
92723
361737
2119
242794
254979
659314
325440
158656
239319
127322
770680
963581
268116
46320
276362
83346
616388
761693
170566
89179
255245
436095
66645
244734
259599
335627
163167
3474
185969
95385
106717
191149
836879
297569
267037
161436
1021636
145773
263114
1047167
582154
179950
4300
264635
1562
277982
766512
121114
171012
288970
91293
680443
50528
505185
128107
517079
187396
19269
146264
11253
314188
573749
313088
711918
123095
70619
58544
67815
130218
152933
222694
288142
629977
405940
221958
448054
832918
504150
144295
95084
621656
267770
853224
362508
382850
2465
2638
13510
21059
25496
40631
42245
49864
84054
88966
97256
97756
99174
102347
105323
114977
124109
144017
150539
151078
181571
183618
203165
204564
216506
220905
220958
270968
272564
283368
300312
185067
873932
353123
233279
163821
437912
83872
156097
179930
262343
1015196
449988
257740
568642
64492
73824
31394
335283
51455
157580
402954
105470
631026
334919
209078
203272
130365
191601
317123
95553
178806
336299
311459
205861
273534
261865
331818
503581
918925
352159
164586
227385
639719
341443
528040
629925
64651
159881
13829
770445
105052
146025
209251
92285
151911
170302
136372
562340
190629
134720
95651
278452
436275
96528
874604
669366
254428
525197
85420
570567
434624
16685
336505
161411
530405
279135
251063
147434
22630
82981
92530
467656
140291
134630
92437
216339
125552
6930
575003
84511
309345
230107
360727
24233
301796
142283
154146
420039
350101
148779
252784
589487
249739
389911
417740
711920
275858
325692
359703
97537
364412
92582
43552
774255
19411
528398
116632
94935
154195
344303
510851
917412
33712
190413
602695
360376
121518
276914
624449
111078
128859
64253
81205
556681
285784
474119
64478
443936
128007
571447
486969
196705
446758
518560
135057
144725
41617
528119
64156
75034
583177
538492
22379
496729
229201
123071
109200
300659
553569
859405
267434
299196
402934
87413
70961
47184
25532
678437
131129
66971
613471
222710
534094
61719
237361
47742
26015
76765
258121
327730
200964
740291
88708
49791
207495
196735
260768
26144
75959
21362
155497
150858
204515
272925
145308
331916
27273
231893
126090
53899
27370
64220
586911
64170
998980
525212
4679
16684
257092
97117
344733
75398
18516
231566
155767
350097
328351
137395
201709
585736
266296
622370
75369
160497
546094
95852
483280
70316
20325
773051
523297
103607
446298
205815
88295
58711
262295
194022
628023
885537
154427
519772
92281
119517
134878
93598
39359
262805
232003
389703
573444
218150
255909
397210
774310
104471
569495
191719
97322
521078
526103
611140
6155
19603
69541
252044
257787
343237
346960
389580
437549
451962
455802
467204
497631
500901
504893
511771
519809
530438
531628
562928
593026
624813
640941
686154
690474
692985
711156
722947
762488
766039
766056
772390
776357
796453
810984
814335
840223
950196
972530
1007677
1061318
1077094
1080284
1130490
14028
97867
36936
84580
65038
609275
102229
53709
662134
128559
253766
277270
630551
285764
791814
555295
462727
470654
18718
884049
120617
275265
685215
163697
281296
417535
23238
103354
410707
240992
320735
3583
279108
28876
658362
32563
16762
657677
156621
966846
452223
79608
538485
389968
270306
305037
172651
505917
851823
130209
160422
19786
1876
206856
465890
62701
299933
540156
289402
718250
476220
104338
157199
321571
26227
492520
227712
71499
529223
177682
273110
260347
2821
508276
498140
63178
276219
225989
216895
814226
141615
222794
103545
76397
744245
137713
1113163
197802
64555
44086
40105
171822
150981
97332
135324
286614
54126
196379
394997
424469
347243
52881
541366
445889
490633
180187
91317
95495
978847
52692
85354
227807
1039241
299075
4616
383405
359584
142668
96794
347041
645220
145139
33587
114158
253658
94315
438046
548459
730575
852888
476539
41471
286916
210561
141721
61896
98317
119275
42155
64901
336471
150268
946768
733879
344237
1013359
270337
206107
476426
20297
580971
5334
21668
1035540
160165
110709
622605
281409
146242
38299
762274
696921
115548
188522
97046
190486
685481
139972
131390
237723
697769
484357
642649
636825
278136
93118
941440
118351
87460
120009
361912
24501
900221
92863
238441
191796
465033
468401
484788
396357
552036
74370
671346
299761
26278
319638
959041
103250
271029
58518
317018
455396
149624
136066
364717
41757
89513
470978
933011
204799
280653
51348
58215
382488
75037
49776
69981
94933
353919
465111
990353
291274
95660
184881
321493
148228
264997
140686
149252
356483
543250
145788
2034
91870
320615
94998
524873
400835
96942
172144
128737
865354
341703
197838
248270
79568
349813
59232
447347
368731
285481
646290
151797
295059
355737
590470
183641
163938
195781
129653
69805
198311
647690
494142
434908
727626
97083
852083
326521
66877
645318
219112
267211
395248
78709
296454
100105
455737
848873
159347
91024
455970
153466
170467
279782
879796
13786
668928
246486
274414
823329
352499
157073
23837
546055
11104
398607
447987
12132
188949
156613
51452
47375
424476
293848
867307
270973
92279
29219
662343
450200
219027
659820
882223
244967
152569
901025
121364
12669
834696
327288
121105
355504
246420
72078
845475
453970
201710
250389
162307
334073
320379
240403
95089
154493
21503
110543
614516
144304
157427
29059
344409
572063
446127
460147
424408
222774
5001
22141
36155
86101
108807
138987
217950
258791
504737
642094
659553
839855
871309
880638
552538
574329
344122
351721
65056
173011
456016
348020
148533
478077
484
128332
212274
218747
222512
250893
324717
446860
452261
680226
688444
800505
982079
1124495
32157
67178
83648
149328
207618
255160
471555
841037
952590
33661
13349
320898
420556
125119
209483
258139
2219
101049
340357
578925
849042
880795
191418
256433
257967
624552
27209
822465
34155
222149
21907
5969
221571
31437
179732
565364
820764
31045
529759
299769
359864
290822
317508
130214
580789
469136
522627
130315
492790
240156
277680
510803
628045
325606
86824
471136
347618
247709
263335
238410
70196
143770
120539
259222
159455
71801
139359
29107
595741
55091
102107
770226
473863
26583
261346
470166
267730
888605
79027
146233
135488
409618
364507
908119
459707
778348
29208
449986
129757
166404
225307
241700
592186
725869
817627
944495
1052706
1090955
187608
641928
1022572
568771
325229
257399
242554
144991
43698
670304
32445
434913
493289
253951
253087
634062
687883
830561
242143
78079
136689
199527
103011
174243
67027
162265
190878
206024
340639
381962
627307
6840
595961
819967
882776
823699
1043865
536560
147627
123901
89709
149381
418066
643606
257245
170980
326267
368297
222635
352912
50624
520081
102514
368459
866222
522140
163679
329116
80910
882357
512187
160736
260765
347717
159603
155253
593669
347102
334951
211286
2133
281216
22057
809136
575265
262824
58491
539362
14092
311179
852423
984988
101537
370202
238554
160535
355411
329434
360598
95322
32208
246232
42609
488825
571536
269829
900354
651295
235709
389335
222732
448165
577215
13451
1043321
355502
45649
229741
309525
310493
753916
23287
195371
612607
1076951
3186
24451
29428
887212
95329
122536
254203
189894
179758
62457
7327
102498
43615
162142
149979
255951
314887
20128
586573
121288
438559
360962
75716
439970
120598
336526
59514
64262
314196
361772
222086
79277
180119
453993
645639
78965
1027235
121132
627654
74423
691263
154278
89694
225416
75199
239780
94428
70598
272110
65802
322939
927677
46954
148316
393066
391494
22260
228427
102560
243721
580550
511280
103314
456022
68788
75842
219577
95607
498335
361527
222309
479011
140146
826028
578142
275465
261477
843089
1120598
6336
8423
14510
39827
70347
105741
260138
283859
518700
593140
644822
688540
1079032
611817
145539
440193
331112
61216
746610
199144
101685
75033
740548
156159
65374
353014
389317
109529
197627
356088
301205
149893
492653
148131
560936
1065280
329207
124980
966622
122562
238646
317881
132391
100238
255332
346333
273156
853937
58742
181042
333063
889255
1081373
1082071
136488
54781
246176
492756
277037
479071
650686
40385
36561
81977
208795
645321
306634
151256
120787
62610
35577
127747
20488
582161
755545
400975
61902
241992
402587
158395
97775
115683
637565
792022
84753
492505
672974
198934
59589
646226
386052
352630
357535
96273
725767
465414
455669
423754
223022
853275
151557
69964
2777
600440
650731
143428
233184
75974
631470
85386
405920
131442
265332
141271
589795
250349
735752
239695
476323
15691
607186
18009
42969
266582
291966
641776
733770
1030221
21496
63138
105649
326050
511881
545075
52951
346232
23647
24039
498860
488636
62942
127714
195028
28107
678244
81807
273480
91171
162390
851998
907446
348044
613582
92790
750438
81806
319146
763319
281413
114552
462562
9435
24097
173132
845477
172663
132664
492037
365899
730752
11967
317113
244924
679818
820776
274829
279956
559270
1354
43272
584838
286688
47644
160444
352708
447417
114248
41256
639953
388607
59636
618110
245366
77089
318505
351348
99511
151661
447427
272015
136002
383005
270765
267805
346729
964795
101193
924306
96300
96839
122222
33814
180176
218254
364317
611889
547573
537171
586192
526299
641891
890652
244977
103289
26636
151735
102400
101736
75761
49732
18312
579849
159595
478622
91135
440164
258614
25864
589723
820602
138887
368284
454751
54926
129662
16924
105395
65784
299847
115469
157555
607190
287085
110191
872782
964620
248506
262580
160739
105690
773403
395800
201212
483182
676782
241971
16793
346717
988096
331367
103162
273706
243509
243664
317493
156908
524228
716409
252780
7586
31456
50915
252833
772207
346935
6938
162237
161865
100575
218848
173096
84640
398405
180181
492519
155224
307988
386116
327779
147859
555371
104234
353667
214312
208767
67422
267508
72162
243296
293593
918428
23960
621413
266060
153748
150236
136555
70735
236435
3484
559932
359115
246564
400173
322303
160139
96488
498971
145492
179569
35752
389994
348816
275303
344412
122960
100722
1017307
71843
71120
228445
486753
630633
604367
435276
18876
671172
321992
219176
2460
101709
209664
670995
546127
397346
613654
191984
21777
353880
22940
95543
624837
297664
229360
647871
463811
141502
115055
897471
1019181
134770
237032
254669
95779
157520
428923
58625
78552
157439
466054
776380
302753
23847
777048
205895
91409
260508
126056
359912
68798
128776
162587
877824
121282
655534
58727
939141
10482
154277
384499
347181
150359
24587
89021
319869
189902
260349
562331
287102
260142
450218
106208
269044
699252
27345
7927
264790
575321
92124
185966
71114
46934
61141
128751
20710
331099
636419
217602
13420
598914
513078
141077
381046
162234
667688
273393
458805
549401
589207
203173
843635
512262
958150
996646
179622
762946
243743
233212
670667
253004
469403
768972
605402
874156
125769
896184
82840
320360
159661
285471
533226
531372
160473
253983
262470
124015
174859
121982
190909
154163
1103827
289031
1004583
565379
34451
272917
189260
446818
498750
260795
28539
122267
472024
473546
218953
657780
726862
598709
351934
3020
146333
607046
163594
96872
591485
534431
77415
325316
119632
161602
308474
348406
132351
467723
55965
66329
307967
460907
661867
770557
1061611
225245
646401
149827
144194
319580
27301
470196
236629
434945
264560
403045
139079
926309
416516
321938
253242
19880
194243
4489
13827
180442
318584
372981
790406
1051165
292157
380935
881846
244706
82953
147741
609442
562097
949389
35611
150993
125075
45644
497945
593591
77234
157076
751421
508627
628480
663961
671336
722765
759274
864055
955764
12653
24970
70125
91258
255976
268232
353292
539747
751506
814224
843168
850294
880997
272794
49546
328132
74462
478381
830004
271693
151772
699687
416779
414139
259954
764664
628861
489322
4568
120375
617906
274787
246153
227801
591647
392110
401053
1080010
221723
128387
368266
836827
326045
361519
624396
124588
1065134
132451
266114
1056657
513862
355665
474534
237589
458218
155814
274498
10274
71405
105663
120061
148850
170316
194018
207018
216168
219855
232808
235903
266727
266812
272308
291396
317622
326221
329247
416527
467709
492239
548229
553879
603178
607124
722146
840275
853874
936241
939018
941453
1023468
1043169
1119273
19191
29110
117809
126829
128427
132376
148471
149960
223485
252898
319847
395120
455899
489156
621787
626922
639671
887095
888057
903434
1123923
339563
274042
447608
279139
367768
647992
447239
557892
58930
657990
219245
450000
281314
228698
242266
259596
521153
32508
236456
450471
20886
351980
43176
272770
197892
238369
137946
533943
793510
198105
1251
1104917
16699
309174
360239
25764
62515
1103505
390559
99283
279213
155506
48654
26627
81881
20924
309281
246189
909682
289869
329178
571800
654311
274456
895130
4648
396406
47344
275789
180873
8109
329159
190439
352352
356710
701042
867740
1308
54588
141567
142638
164722
203875
286125
329640
346317
431722
446850
666345
683676
741295
841055
879613
906186
935128
993000
998664
1055359
449893
789435
1033194
1131372
536483
657976
148220
93219
402712
769472
789662
77212
83432
518533
333240
646570
314046
354365
295899
757788
339484
74125
204713
540174
34452
268860
1013730
250959
8978
240370
888273
161568
690
353072
226961
320565
351352
578112
75044
256033
687650
808076
800559
698705
909709
505383
150986
99438
390523
335563
216658
894528
362177
240724
266403
67069
172591
273784
628812
551994
71196
506536
136644
726866
550790
113163
32443
455872
229980
555897
46911
218889
580443
147082
31442
361101
619589
510359
677801
139909
910629
921612
965041
278018
98388
73692
657884
265350
91728
212321
352668
84414
118849
262821
163680
4784
971884
19881
870251
528756
223920
292237
554322
19114
669365
267960
948314
454059
146923
258717
101706
74480
28706
10576
31420
388026
190827
280756
287122
341049
155640
26272
318833
253009
236027
153744
101472
251535
168298
44944
294819
473479
878417
575780
229412
732386
149571
984584
44433
334604
30214
605972
837491
1008847
38216
770999
347256
64803
147321
973765
38883
174547
270455
895277
921159
979586
639968
446520
45510
860195
447286
571354
29501
121260
71122
618610
301439
164449
82686
584072
47378
228932
161202
40148
224550
141882
104315
513055
207416
127506
159774
5036
637283
605547
77155
152737
670
488455
447948
270883
22143
443850
500151
24854
529497
369235
143789
623314
523561
143686
758635
239273
618543
293574
26701
289154
222800
97352
88336
645351
162970
644623
498873
339391
219192
143968
660094
357117
36418
455058
272901
240381
2660
50807
84489
117694
169061
181857
189558
200285
241406
243238
341479
372552
438417
474458
570384
670134
808922
837787
868983
1111747
1123091
510333
74112
410237
904491
794707
326961
367683
361800
338670
172618
529735
551247
251055
4603
10232
78543
299300
386175
190950
493504
296022
207826
764348
132109
92301
570308
53669
146803
203123
437920
193565
157445
241190
295299
479456
985017
95226
258270
600939
673064
889533
478635
1010386
946496
217091
125889
776385
54988
106290
295902
104529
224501
591962
445456
88981
381831
482036
249348
667684
676693
1028033
1110168
1103589
131454
717532
96918
304142
1039604
177470
631970
534085
436048
287558
520905
96701
688597
361069
476063
929281
20497
669771
385739
625791
517409
144610
20438
147726
181550
219514
242742
246302
316021
325417
666101
684482
827715
850470
908516
964242
1055724
9893
269438
82912
588499
147568
19407
4833
13481
1096526
4707
381078
239642
259958
351463
138547
151288
386244
257826
880076
7535
662534
148455
418639
630447
523327
188589
44913
59373
148788
257432
274036
500033
553115
578100
624231
737822
806345
824020
103698
142611
157888
171728
179683
264039
283182
285461
298770
303769
449282
489872
531879
537352
569084
605194
650175
719194
747795
783537
875594
898475
958003
1112414
479481
1110585
144782
871711
486794
197649
153106
84495
95186
641052
124465
981368
449236
173993
351494
451447
393156
246110
364247
268548
156632
153215
100131
180138
466016
229312
150888
503081
497617
61763
933262
1574
52770
735067
468737
145933
151331
102023
327589
42379
345911
468553
395747
150322
819965
589138
127798
137602
866987
274009
293467
646140
92174
593096
258473
588142
288127
255066
444450
498995
562309
697688
389111
591953
69933
777044
918753
49649
637164
98653
260624
612662
821524
656471
6232
87351
448751
624857
30452
54947
221675
299556
430558
248445
153005
35846
67034
121232
381879
527789
473758
447726
216014
875035
876244
53125
3771
95876
611642
436166
237005
668208
586529
588173
269314
139236
265964
284537
178441
84620
363489
3019
28403
212278
498554
224584
432130
236332
179741
1074940
612453
101473
612623
354970
71642
713618
694287
114206
430533
272907
317940
351355
51109
161774
95873
222165
420994
94737
122965
479770
156094
25026
918669
164045
325302
345888
43635
386469
23405
687958
329517
64171
251599
264722
50475
8368
141148
159260
7052
92439
652779
190518
150441
622283
171413
303405
68864
4767
355735
102096
570965
1065242
120609
128721
125157
102300
699108
1005446
289471
221244
4735
787378
370246
265108
134792
218978
19594
577435
351879
53446
257463
1965
593585
239729
98425
629731
1035185
121309
239857
100444
243598
219965
162597
336176
92765
273777
473357
202346
822662
110679
23879
261775
612646
520817
531088
391686
8495
43916
510621
613489
770250
130981
198021
21855
331878
115899
252774
127408
103249
343404
120651
91752
39964
28891
132213
228929
251748
436998
74368
239623
500928
235985
131479
241997
202017
499136
630290
274681
599674
69439
272838
623810
365745
428937
422035
419984
22775
240450
617122
529892
917405
220381
386726
383143
430496
503219
449984
288353
89469
286995
628662
268557
269253
45165
59391
539325
30768
104411
141269
104096
157375
603258
628226
71308
145968
83185
21182
26413
57858
712961
267569
579053
598167
821163
285827
146991
13762
92789
625788
631276
381044
79395
380790
519633
229861
142460
250720
151674
77215
336482
248
308064
689157
49077
71683
77111
816122
299695
258474
69374
386852
71362
319844
54891
397263
563762
29648
710884
253216
252730
191995
682876
143979
99173
150308
155259
513522
332038
630000
163034
207666
186939
195538
92314
221643
122984
44623
236243
73233
65417
818180
978873
101560
100776
33884
148001
198057
641357
128101
219542
144667
149392
158524
451193
474598
139071
91919
679449
467513
115521
336753
61265
155149
888274
277021
222474
781490
384502
772732
582079
462483
77045
769444
514406
419360
212251
466015
506853
10938
463005
39227
622805
647833
236136
101680
199594
123180
530208
499841
158563
415444
528940
18939
719169
552454
154768
418137
185906
195510
27787
468094
152196
189778
460346
122352
188017
368954
62606
318677
299182
295030
156312
317819
265038
46026
679956
584613
26180
482254
24031
97054
192703
334531
426472
720985
805043
1031405
510563
91207
24346
91901
1068070
180636
1591
117372
169049
191720
220590
246394
510214
577320
931997
67868
141002
519524
163714
628014
193139
130331
1083750
25166
103333
252415
516245
630118
1028159
7549
457267
75779
127712
145361
180273
291603
319644
368079
386796
390152
448269
649142
666498
149965
162372
222918
251833
353267
455257
483620
879265
899754
907374
1123326
18712
78423
155672
175360
334067
458686
504928
151488
51626
188039
28880
1029687
139197
157078
84283
144942
18244
779216
1126181
471953
144839
265059
272300
58400
545002
654562
830696
21253
566586
276478
1040461
812167
256404
929599
155342
142219
20943
102003
29235
464865
23239
138018
224839
242136
125011
124503
418592
170260
180211
223676
592861
638646
664948
1045109
1071577
1110009
159084
743238
110638
443597
395754
256065
107211
905054
91957
139517
109158
31673
188487
317770
42927
29079
385571
570192
711515
210636
522269
286550
819804
105033
232322
151233
160401
258393
989290
1020549
1001592
79584
369566
44910
127445
283325
357098
499329
565620
75915
43946
904211
437283
686131
252298
687754
182073
92908
769997
874532
827610
473743
158325
218412
219702
255367
257470
271219
301759
383323
419187
426791
486918
492040
548123
636062
778161
912083
990144
1077321
392088
101126
39471
806942
271213
267842
575474
260595
424559
751410
92159
315314
195727
362666
287115
273042
262184
641421
510717
46913
180660
151001
243663
117614
532949
359533
18997
18998
11911
7188
83120
330901
714875
668082
529616
925735
355545
246839
14165
1121161
152542
786866
10128
130988
904100
21259
69173
131422
24995
17726
67349
153234
227687
251334
252210
256246
270425
381961
512040
751332
788480
1067449
147089
28430
258545
320941
494172
546294
65486
774890
110793
221942
444365
131405
152236
556389
635466
624624
1115168
577424
882635
281248
128243
207508
580446
240803
472581
500893
44741
262811
141084
275031
187612
336663
532381
956891
146411
274763
963780
117887
457713
478173
712140
1053712
14031
629805
18568
68785
542391
223493
959693
101726
51522
595939
94560
580188
251866
143778
666550
611838
190877
401175
589281
96230
241012
580799
641539
103027
24724
125469
163451
233286
247432
252487
460623
485822
561163
627899
759364
1067407
43580
339004
783610
98158
1062240
333987
86164
143462
212454
257227
292914
582499
667525
736413
804280
827510
838247
913533
914763
927096
1069367
19782
210774
409061
202974
189711
451918
164842
64103
214602
252542
558714
539838
84440
22811
24066
694139
1101534
160594
238305
479197
28853
312196
101951
608960
995228
931288
246188
79389
112336
542713
622278
921480
1055796
215546
93080
245784
581706
43436
242395
670914
259721
488592
333713
472151
16059
267775
286893
555446
793120
26093
258216
977363
224833
86746
521527
269106
417217
844100
904956
1052342
246683
323089
11003
242086
246576
658291
122707
245245
551973
101196
71627
518585
299730
259101
531935
547475
95116
623811
639294
52294
286654
13887
490097
581368
658966
104354
639747
555183
510183
20787
544847
583054
586481
707217
895164
207746
329133
469034
523581
71528
236482
387548
531168
155227
456970
1037352
472157
778874
622671
154197
160958
139559
240902
138256
152736
885592
456636
914380
555948
353539
215289
251581
466891
318659
766807
264527
95854
292856
851770
69500
287691
318651
399884
441303
627737
22033
612280
19825
531490
844510
117462
128642
298827
681307
288199
203207
163164
64635
456192
227664
96998
205054
806720
143317
31278
4812
792677
160797
469566
189823
493718
664494
650622
87243
70041
274119
79382
206662
455416
729599
47424
183608
42368
767601
187013
195429
110773
534450
640580
227948
624093
1007716
75001
323548
21011
148886
145178
599966
26575
59071
249079
30779
97941
125466
177946
152578
271237
41755
189710
96643
640794
109485
17953
70230
319917
128373
345859
286757
245808
299600
343195
35881
69656
198324
202946
624955
936731
109976
314190
265373
873205
230257
336829
85470
29296
76427
261075
32766
922805
162592
361025
300768
61506
462534
75965
299194
136837
211045
219670
176711
325150
464421
184184
42268
343017
445755
452958
94859
689839
95448
173243
674488
472962
769974
845666
1045411
242200
535995
152980
53353
574543
658320
758293
543551
1112212
457986
119201
364457
1097718
1097714
516957
61037
621101
275301
148150
523291
293499
402353
201584
119396
6086
362655
624311
858536
212874
532374
561596
356999
421046
64290
267095
186642
593696
87626
198922
343234
559237
661481
50676
262173
100893
505503
778100
608082
20532
254006
23478
335749
114155
883453
892675
359534
124879
14173
96093
315098
262152
4408
153473
159621
329283
865618
103761
330953
463426
174802
135084
624771
608232
128838
323274
344310
522711
263387
257077
246058
613730
154069
116654
341585
797286
443108
143780
510080
267672
512223
31651
180461
792753
114943
322883
13021
63843
346727
30225
443763
1023670
448905
491736
171637
185638
634617
829922
103385
387811
430288
329784
103696
327545
95626
217978
152181
25923
254959
793589
948042
341850
13590
639549
463551
260899
104303
764506
329057
159784
466126
230718
446193
283118
664961
314841
189302
1013267
643540
166507
276032
106271
246727
247659
34980
12190
881790
1046475
153819
225418
630867
95718
588830
76135
118188
1097759
829128
943553
292126
339970
178284
164500
159873
54628
46856
157231
300702
606079
383714
47770
742824
627997
563706
102095
628854
678010
270609
488396
95435
17702
19374
9975
273256
123080
188350
390375
179659
630135
47930
246289
146699
92696
464417
390032
561040
389956
568818
547695
69123
156833
931520
161379
300147
523474
184281
286643
328385
27816
230719
872869
177669
181108
207749
20270
50392
102450
670565
683141
158523
144983
906934
772733
248101
223491
154200
180214
655768
49071
298658
17177
299371
507819
25939
528902
664345
180659
268867
773821
236293
147080
676120
280817
283174
130992
103245
419186
19989
365789
689088
156140
119999
187239
99752
96689
479040
153133
100138
218921
510694
800412
334647
232829
20188
733019
143773
146731
251887
81883
22635
727368
723601
633429
256610
576402
549978
359631
397258
639465
312541
503005
718473
269543
346153
477737
21400
54992
106252
114000
335560
497124
217902
537959
320945
94837
20414
842005
644796
136757
100040
503614
424486
388414
439222
259467
31847
7755
140906
68832
110583
516250
428140
329406
149954
531626
143973
895367
343163
678636
218841
551313
507212
236407
502818
621100
169060
381794
28401
131084
563774
416998
150580
596140
139083
836718
271945
30646
274628
246185
602731
315298
221402
121593
180265
97082
98421
461038
334634
136930
211578
156813
61408
743348
418227
972372
88326
118729
227162
505247
516059
511333
450660
20130
133024
93150
10524
65281
356794
121231
157116
193415
240304
322966
142607
458797
558041
266402
785440
39574
1023325
666658
1068069
904583
201244
149439
448039
250776
553573
235936
131944
419109
101791
45523
510190
529333
438888
616499
541528
552756
531181
70644
2035
246367
187405
271049
180030
773056
243611
210145
279629
4849
551776
841738
279562
238996
95494
4689
119088
113184
280482
158077
589867
58401
113537
17043
131096
250083
384670
76432
589190
711575
216806
73559
101836
272567
115408
148540
447501
94061
295007
92813
179630
23371
382640
398175
1021222
51941
914170
77015
163268
3728
520229
64667
483367
30586
143421
267407
501008
28224
595140
555693
280068
267362
547143
4806
126125
185923
155023
517585
222599
155546
477428
349309
64726
82288
341934
518403
1034236
118034
4424
241779
277243
385691
102724
123735
265155
324681
171226
96990
565165
389881
570693
294236
62953
103398
362085
697838
677461
102203
589027
193034
479409
37905
697470
178458
276196
644444
317801
22466
144548
157156
101794
121428
299516
800978
177479
640367
992316
122480
123268
198126
406018
623779
730310
1132227
59378
103848
69631
82934
120088
725494
302035
106640
207628
533626
140458
227966
1039529
217033
991219
106511
281920
992327
331480
1086200
51260
11379
391630
593024
853013
110781
689458
947026
416157
273264
384923
465737
321043
606453
117532
51085
737547
242838
580697
127095
229743
843535
971018
339993
906056
340984
65073
496806
127754
766705
913597
402556
585892
382790
330928
267734
18878
210369
1070502
221548
163538
188435
254846
947038
211524
290713
329071
498820
698984
940629
830319
1036328
1113650
18506
82328
143423
670092
711366
91157
127403
95392
957536
164944
243779
600953
93147
733189
828126
249515
259218
308266
606524
624020
627926
630665
1105872
423855
718968
1132097
893098
483365
342235
83522
277553
27609
154089
31893
1003510
566176
88385
534769
717365
24027
252161
419451
317590
988869
575210
83627
78148
634968
32075
261733
422832
146968
131111
874560
447155
879269
294211
222881
143217
157052
606609
190915
159028
245986
888505
208578
27114
655000
465273
210755
449977
504378
120142
193849
48115
70109
121258
1045533
179884
249378
599522
157020
92432
554537
887194
248961
276549
160447
179820
25933
94245
220886
319855
523982
146697
381508
605192
147386
504891
335258
529335
336864
124518
127767
455329
30621
75078
471519
6494
668375
997238
414327
726606
752757
734099
322149
940910
275915
529283
238857
639947
210723
210729
902633
164701
786119
899511
295156
670603
650730
274894
271684
301609
359663
628847
1026315
24009
359453
28325
438076
48022
143522
70805
28499
41098
258260
320356
369226
597623
654565
689094
85456
256052
263869
338858
96177
549980
821072
276030
254370
95289
627562
28367
331205
581608
336179
195009
497131
177648
313607
38550
37214
247190
104193
123199
1113717
195401
248591
937382
3363
767849
388312
979697
262363
59024
105107
158711
569984
45662
27050
7207
262924
306014
1016524
402558
463471
450085
311598
917066
433879
346613
188004
682367
868051
215665
639881
633393
697648
259568
163126
160967
103280
800390
241163
188531
640047
641422
237999
659814
659937
737703
163154
624824
207829
46907
98253
852686
250360
465989
648401
193911
144547
529696
206002
123236
68948
434780
789693
246574
39233
434966
493557
386086
35361
102855
479085
255871
468505
398548
196925
180459
109065
164632
64375
646227
682203
995858
304585
122792
528851
103646
654458
124197
41921
290726
128847
386641
146372
264671
484480
91320
609936
550014
151809
406219
563503
914599
62700
127115
347312
609141
29455
151483
216212
730036
739103
93228
309854
296447
730386
541822
219826
259271
95166
336781
286304
544426
105848
388337
1048531
36958
230239
263749
396284
504118
250168
520833
534225
238228
641387
364273
770879
602425
17268
417520
471455
461375
605027
26670
141561
685929
143200
187554
153999
21756
21459
218374
475022
54426
67875
223189
513470
765010
770383
646986
578068
144712
180486
287589
116088
163977
221749
224112
625249
696164
819594
966078
83825
197504
326397
943798
171626
344287
878883
565360
281272
901720
239169
6678
163449
608199
725888
226075
741399
226307
28779
147112
2130
18781
456562
497020
159809
51449
587920
368556
177435
246290
147252
175343
298362
91944
264254
291940
115094
510358
680377
260737
171446
2066
157810
680416
293174
538899
115561
287093
546770
101408
452749
725654
157173
308445
332283
672992
240969
775603
889504
343662
243771
74709
842836
170418
179769
91490
915878
273207
115429
644004
537703
605650
96895
754243
253829
369454
336723
71799
1108990
521742
135401
868213
369231
18900
35154
292007
164919
298758
435041
361586
179977
27082
58447
684866
85869
75934
237342
39002
91684
131584
205197
447030
656792
291401
82621
240453
735592
93775
700955
239910
771428
543477
189686
530842
295612
614767
623059
98444
39215
163171
863510
227858
196203
315509
361217
543961
87844
85647
207504
7721
784366
93225
287581
956528
1032145
43131
124211
575036
581728
558073
85027
260967
682039
200629
287785
960398
469177
875732
575183
290686
471755
38927
100111
10541
151326
121960
143903
272024
870661
326095
391421
232441
171454
882991
153913
417055
92767
40361
312023
503455
506034
157261
329515
101078
55545
87266
152493
221081
263455
330149
22253
239919
343209
636942
64249
130976
123031
192630
178047
2896
989249
47345
532808
589209
247389
186546
271584
248028
699102
417669
425034
639713
723985
20216
155703
883717
155050
188083
261269
541965
1017113
904468
15824
242509
97580
145060
45920
381978
180492
7935
596852
582401
1010692
435098
75431
317913
121308
70758
122235
1003616
150459
860113
70490
769067
136381
43394
48470
65009
667588
669109
274197
530190
423890
295647
464902
444992
106693
419816
71053
783829
161364
118190
137671
574483
688956
291562
263390
1111738
156544
911017
203184
538041
388309
507710
66517
491373
1002748
89125
115692
10243
139244
1089377
299813
16237
948741
89744
653333
277607
3611
142852
606823
26753
634369
97569
242362
58624
143081
571206
26021
41681
630866
22936
824935
263822
435136
689136
974418
923984
438913
438916
523515
945619
529429
685191
382773
137658
697304
521661
534827
144306
534770
202141
95386
232705
485072
382080
7622
382116
438420
466820
833463
180230
36844
985355
153273
186966
136446
254808
737283
930115
92952
147262
11588
333912
294344
239391
482839
247722
500318
195784
259185
458277
685960
77525
255298
542744
267890
342381
318789
297066
22596
121890
368788
149763
579833
148671
616241
118910
334273
396541
493460
683631
587147
21472
19042
435083
949050
205788
545884
342034
43823
392336
581472
159272
206487
634464
146855
488349
615499
512001
568778
50031
156659
122434
691324
565363
589773
658771
386579
609127
31272
350387
215441
95567
389283
270803
446702
277384
50616
148104
1977
68076
153165
75727
781451
139365
455208
710
367990
147861
131582
1031036
872159
889798
603034
895325
494997
580871
75523
890957
609034
148553
131778
277470
361751
365075
528635
30729
45673
37920
575200
334012
145489
179954
1572
246115
194953
348815
496699
27768
286744
437936
222773
130940
346208
95358
215344
503456
145182
583786
155043
612066
272617
20133
102191
522693
6807
276361
596550
11617
101667
191307
197794
249622
640997
640394
587746
541510
397257
578079
742954
561630
20726
838556
587873
229316
716603
832620
230694
493595
98195
809904
524437
502867
622995
339285
163127
1002800
297435
291941
91689
311189
130889
252867
197711
136731
150096
259253
109664
136032
14048
114529
8160
693342
134742
274111
248136
291942
554413
730253
853650
146598
317822
560779
20661
195845
27283
61286
144621
875799
223498
145643
842018
101809
153904
116509
110161
240951
261297
530854
498389
154266
587870
74486
153120
867299
267403
139245
92705
21558
395063
109362
201759
57877
19819
623014
149286
199914
206123
393833
30234
119904
91006
825728
209418
264758
478040
521243
29388
15457
241956
132803
99878
16803
506229
558069
97663
645104
354294
292773
532915
274366
134766
161005
329435
356475
46045
370021
530859
634370
27146
388214
98340
156885
475433
204864
121252
14227
60689
49006
814772
124791
626888
130973
688480
45753
210251
146840
531402
50974
117628
135435
97179
29160
879854
89433
415482
191990
342688
51898
315194
141241
298302
100198
635495
528724
11948
83086
71016
109855
39997
68302
520041
779706
319736
92498
598185
541968
393997
815883
149996
65600
416504
352924
340024
364647
329498
180322
417449
705147
20619
46125
720223
309445
75050
545915
883449
417002
136743
536702
141246
401616
418601
65061
336092
101622
157979
26822
333903
505252
70277
11158
188490
364374
208177
238581
96341
108689
354626
251589
156777
607441
146736
565154
62679
161968
25563
391467
671996
585224
393992
390222
247182
311825
155769
293094
51048
108723
883407
199008
747832
26464
159900
9580
347426
185684
492880
648196
82132
253140
264208
322922
754312
836700
947435
976730
988278
1113899
94651
897227
120419
263859
629143
828212
972083
1132360
368905
614728
414189
198159
987224
19035
828432
193525
481284
934578
843561
43278
822727
232907
37176
543546
249832
615748
311988
467576
590744
9631
615427
49490
191125
36941
255664
891985
124094
580267
648892
719053
47397
125080
96469
12451
389609
925191
601278
970268
925459
7435
6862
60668
480340
869304
341883
663747
71865
478452
95304
58700
873264
474607
847352
341188
268777
435147
98462
114556
105069
10613
617089
103748
855888
10299
113852
357158
492483
1039367
609122
246224
243696
271753
268420
321842
470176
211121
99332
326610
846098
907175
492051
195412
139360
27364
388015
554915
297197
180352
335285
370400
217404
905478
695249
218835
242233
252708
56032
145965
259408
393742
356422
195561
52634
192644
159613
495124
482390
26551
9114
1077137
657618
26306
32048
916142
50532
150086
342138
646647
96315
250727
887551
1054257
897891
505048
245089
131869
657207
401781
137670
55270
84999
260106
510565
885829
122031
132788
242438
317925
508751
22929
870903
268761
858141
196940
100927
892723
100678
537594
43652
631867
765735
244584
127345
870926
1013246
18323
334058
492927
102201
937576
493857
227817
44511
313807
74550
301779
909235
903864
22344
336638
164926
499049
728488
556262
275043
507918
781948
275035
850866
138902
564553
537933
178287
99119
619582
434740
155505
116762
201835
612708
8040
155107
439113
283851
468866
43204
473846
702548
228777
117873
270414
263264
254316
236550
242861
685574
398370
97470
218788
634337
517113
1009330
566696
28215
26335
59131
199560
581186
180039
255365
570356
824447
356988
613518
34487
418331
109847
1858
231178
274264
44073
887933
1069821
121823
520142
156363
250066
156271
808994
110347
758163
212260
386385
822374
147277
168153
585784
510745
44501
59992
199620
455808
242053
209980
174021
206561
227706
160283
12398
195769
997102
131025
353971
135347
911490
138355
984136
934860
235444
329152
200965
49792
19459
758505
109488
94474
300662
180491
423583
529712
722923
917113
125078
63900
722145
455273
362546
560756
644510
198225
149612
444299
208028
230076
277517
122039
515522
251426
29627
146031
438927
831563
1015507
528998
131040
387672
85743
299732
734513
830074
31423
698770
84240
742821
180395
246521
465206
591491
447170
464852
562655
584371
246558
96176
118541
147533
197972
417701
469229
600018
662224
1089621
11890
1013211
451954
939323
209820
246294
581411
474004
355255
238295
12176
769761
577309
152797
153731
210843
471245
539262
6181
844867
45763
297857
43949
616817
368640
541442
318996
506238
186592
150087
742594
92576
984408
912048
69073
427107
157258
958376
886566
254684
381079
191757
24058
494621
788116
262183
1435
53774
336082
95838
330477
245650
690457
272294
18218
85168
26010
25058
356465
148068
575448
71867
191998
667476
320867
215109
86401
215940
625858
22826
737801
29439
104068
391813
793570
435753
86106
199021
105269
18291
277780
352058
669081
395705
435163
619281
81191
146606
160017
382864
491333
280746
106065
867995
325955
36572
76047
764862
633608
503064
274559
661344
237276
23228
499219
50921
513300
263576
25677
836495
23884
17938
419250
71334
109902
636010
100454
463463
290805
800313
13182
448123
76440
747790
92941
262388
349557
92962
178499
229575
104905
199515
122289
297144
266216
510898
582405
856614
455408
151238
892462
220432
463131
261802
875472
981365
190758
145680
730125
700892
8957
12894
27946
38097
46657
51158
59425
60194
65849
66835
94542
95427
101409
102900
108408
115483
115805
117191
122474
127688
128323
141629
149444
152712
156168
157458
163751
182922
187001
192662
215254
216215
216876
219814
248534
251933
257707
265891
266293
275326
280763
282305
295345
304604
304901
321295
321676
334657
346144
349127
383333
393411
451632
465013
470315
526312
546663
571758
576132
576587
583132
592396
647435
651621
663349
665771
690252
697941
700661
714790
731380
732429
751446
752732
779232
780035
816093
835082
840161
863157
866384
881061
903845
907089
909211
910052
910527
924844
934899
939983
957697
958585
960032
1024161
1073327
1083585
1083593
1126351
4070
10441
47503
59215
77304
133709
135950
164470
182783
216149
232965
272926
278035
287334
347838
364902
463234
464384
524124
825655
830839
832897
888451
889334
892638
909824
910252
924326
1002854
1016197
1093909
1128814
257821
497767
541459
773897
229344
444606
471591
103099
98316
1022064
202853
237127
253830
346274
94697
837308
861756
4721
268530
802853
587744
602109
256950
219649
635295
534938
126221
6971
430233
689153
555420
48859
299262
147074
76603
616246
6015
258833
142089
187481
2356
286775
412271
250661
227440
448942
268347
503159
926446
914942
386728
228959
204919
74037
16712
314125
295187
434814
50929
251364
222324
147842
250728
25169
329439
367699
121696
590219
206242
63903
328021
593876
652713
206030
689217
913666
105091
220125
357078
188279
93872
630835
687740
95647
267270
961036
103881
23940
95979
146820
196250
92577
471206
393767
122942
4334
36764
68858
402859
420976
598775
236810
121979
190489
301763
245177
256603
829428
74118
1040892
361888
523788
621991
256380
428951
46314
99754
140565
146733
199027
303319
356675
529021
69912
132042
222919
328079
400049
468423
500194
604027
831768
1094637
632741
911868
941898
70221
897134
468283
637247
382868
321548
99915
153068
149832
344286
81951
344639
519718
26712
87262
754854
589449
148905
381327
265403
22042
80427
42902
651407
521515
113647
391562
418602
619375
149216
69645
370208
477895
185970
115562
650530
744313
139302
705199
242099
736604
418515
650122
74825
785618
44570
74672
339027
341943
492001
594641
882700
120646
154603
348780
569399
751413
173184
297656
606502
431992
875622
816712
618566
632320
818232
218375
63607
382595
1014426
246386
64320
173003
163052
736632
462966
23708
651411
155104
908762
287677
346346
767537
479310
25589
97065
569398
201297
92186
258916
471736
233780
1069820
30801
248588
117610
389290
27957
250172
504845
118858
242563
538872
64854
153766
606386
635276
284730
915033
496482
229334
149390
648973
22428
163130
33768
179609
77557
126140
249686
233324
349737
419251
468984
317872
60086
29223
210089
530860
390132
604954
95428
209590
483764
255830
362385
159518
197932
218638
139078
430366
203098
636172
360937
151228
317101
203085
330598
147844
645579
1008454
86541
15466
114141
1057819
49562
621411
159619
319754
333624
153141
148879
543365
444460
205698
389645
287648
444313
950771
401619
94494
99324
397272
95168
209727
344909
136812
503310
71156
269273
587502
238545
263442
445842
100438
180607
389163
83093
496907
129714
315171
317948
145281
201864
76058
593497
139608
971592
346737
101101
136373
443826
97045
273429
339317
121931
523424
150780
612245
406021
136412
858829
158157
936519
210343
259444
33244
88661
67282
28404
466386
539385
436108
32653
307956
497390
503349
187312
238269
155468
500071
655344
94519
61195
464687
555727
308738
180064
129608
621785
819429
567194
362166
664450
239707
719834
92965
611036
69888
871941
654946
821972
237322
1060332
134589
160547
448593
678269
4655
713646
933538
689888
440590
240374
479845
93109
717224
47073
635193
21178
560897
144209
184063
58427
173205
121079
457480
105889
239043
260766
391496
598934
195616
47699
714888
136841
75740
263354
65037
64499
505604
209697
215323
191213
174278
249040
571202
20831
94692
232656
705923
164094
529053
186629
971086
437965
136405
186979
602345
93957
227852
634273
1009375
1073638
70270
68937
445595
37652
183870
437684
92172
1997
573698
271562
368355
135400
237436
28192
245056
255975
29462
122782
431291
237514
444790
77183
77177
3221
610659
483758
408045
102443
101283
280588
344139
264787
180331
105681
680413
29622
137101
508680
201442
180250
370053
216484
540265
28422
217059
178853
726867
458831
103068
297157
141894
629666
397159
473248
208071
11763
3441
252290
255650
578884
215985
216638
537846
146981
32687
832718
251676
431278
503422
471782
319886
773855
957839
969519
251165
333863
39595
187617
762511
339597
669233
539337
31082
158931
44721
1037427
398193
704236
104144
417660
893110
890951
260316
581666
92604
617334
110632
527762
148949
439913
144937
256528
348781
281812
158367
335787
248948
240524
1092043
646087
98323
132537
585869
187354
78909
173118
430264
629115
1041989
3634
31887
576033
163523
255883
259022
132958
145367
552753
34826
980603
602986
787793
84014
591649
92824
427287
210106
154453
323294
448193
897255
201198
792079
209589
220880
269259
755038
160670
94113
446358
1070083
581864
12205
245402
15921
150074
47337
216940
180937
127040
159354
92119
249710
226401
128630
158554
181302
121814
33615
60494
149082
277286
279107
349105
384556
592340
650927
718352
796956
91664
177680
120472
946824
179827
36508
229349
492875
188014
3010
274868
125935
102996
12036
13895
133666
625413
845552
949995
332747
29927
119895
268903
440924
172639
648475
951970
10714
636436
180425
641726
121153
950389
159717
202672
14166
337114
47747
259120
607486
105357
14352
32555
286121
522443
1035442
140656
317235
53694
162380
24470
229354
295988
767791
38846
600759
58714
1013440
94702
165115
8182
70905
164330
91291
531966
195547
533667
299540
497161
38343
962746
177968
100222
103513
152504
78647
221422
717604
451519
101619
317666
222123
363684
131656
24329
131388
606499
694264
161561
147014
869718
230793
7348
8265
69456
78220
81122
83866
84477
97778
108565
111488
145992
171925
260761
263872
269026
302219
325530
325651
364135
435078
455630
473464
504943
530991
536718
563086
596851
636618
731202
967840
986262
1052576
1068031
1075673
24350
25819
61821
73873
86216
216859
230931
259848
272201
276368
464916
719281
744559
817045
823888
1018048
1123022
652539
562031
82365
473985
336632
170176
233204
815979
632118
1070199
231193
253185
877100
179652
28988
277092
765614
21933
236070
483912
935604
175368
838859
97864
133435
454466
614974
242854
786883
82522
94014
258850
512110
24738
132343
386012
789517
1056651
543149
13789
191101
281034
83914
142809
297554
259337
635127
131389
558985
59476
46178
447914
991
170398
76296
267164
218304
427248
289498
93850
361660
802126
553118
252157
498541
329781
212835
583849
294879
93842
273206
767486
860232
94774
68528
300267
59164
178757
384609
10003
640028
949060
449979
263554
22429
389811
344378
314781
797316
110135
143171
139271
45181
573126
1057877
893751
123545
249568
605259
94045
361518
500091
71789
184348
121332
23299
536401
807181
455217
911900
42018
81957
627366
714745
17725
353745
50840
206521
271378
333446
141762
838229
201405
398773
37061
225146
69835
10444
117569
3354
610269
95174
84389
605668
121642
154348
26210
492284
258829
69298
293363
319760
492974
274356
307122
596726
890174
128865
844043
22888
347059
165923
260848
275787
465652
448113
157032
390554
246571
975111
100799
458565
215634
535511
235794
723387
75546
398252
6055
195427
163030
151494
293051
106285
193136
224497
47395
788965
366034
463215
295219
556630
147897
253302
1002269
568382
384650
1057837
259398
593280
58175
121793
809121
177514
468762
491860
457463
698122
453515
72117
140561
312268
23070
58168
257186
640379
43550
601474
208220
87871
575560
19700
529852
445959
559021
61248
881803
284545
222038
471639
245215
1132297
31192
588186
855936
878882
384666
386893
554408
236534
390424
271466
29054
310537
27122
106217
277699
694376
6871
216424
95564
417689
423888
40606
584622
941999
68972
163799
1036748
159389
130986
25797
180448
150538
741825
1063300
1063287
561620
325583
87712
590574
146766
213225
158569
572614
261435
3973
365841
146644
357629
643001
1077680
163463
236021
678558
19529
178347
996018
586784
417747
341975
123821
635434
520147
514100
95164
223435
933304
139074
26192
121140
146641
71155
8640
2549
322477
107334
749374
198183
453328
7004
774388
769022
267437
270632
231930
1100740
45925
229199
3633
7243
30268
59738
79501
92337
102497
119001
128650
172357
203220
206890
222446
262822
266889
291772
386333
450323
456042
491023
532975
536712
668116
672941
701402
738410
866345
885565
624191
322074
8765
55033
74739
791207
476141
246489
692534
147666
606525
158581
118450
694214
920505
174743
294777
447990
390578
697094
458413
749376
292117
535946
439280
22513
192365
587733
17103
885556
94890
347750
516181
264531
446087
49617
154487
188582
190904
192001
215481
276054
435176
465173
523725
772474
1009176
1109739
103074
277614
897479
84507
344430
261823
44937
546427
189083
335858
458280
1044331
278207
878666
389538
763751
531359
499403
285098
806892
118141
253232
224764
269377
1045554
146838
755713
102008
267439
664046
88656
138787
528419
292810
281247
180274
321911
340078
684128
405403
918444
99720
113192
241973
688396
120644
369462
861715
577362
149199
475148
104073
102011
257260
3720
60939
335198
752060
95575
384647
472541
289581
937943
122060
23209
309119
184696
979826
191289
474778
277562
140624
510686
151867
86453
539323
24281
653191
856591
230740
272048
226628
569758
1032455
759133
1004453
88833
6208
383614
146670
437119
783393
771211
54859
94319
199550
260715
252167
804196
689969
702509
95285
247
1383
1526
1649
1653
1712
1764
1765
1784
2217
2430
2570
2790
3039
3148
3669
3882
4016
4039
4233
4345
4480
4525
4824
5051
5122
5832
5916
6222
6262
6264
6287
6387
6612
7752
8588
8906
9295
9521
9669
10458
11130
11142
11674
11718
12352
12446
12746
12812
13041
13046
13179
14169
14171
14262
14368
14457
14593
14980
15437
16955
17107
17768
18079
18162
18208
18237
19207
19450
19620
20121
20410
20487
20616
21114
21123
21160
21321
21672
21951
22046
22234
22479
22517
22736
22911
22960
70246
392042
156667
26834
996899
144287
185849
178850
9969
714449
297698
70345
329246
718604
445980
809256
637784
299165
84238
128752
218819
820471
91269
1863
134971
545937
1076976
184218
434754
98404
489601
6082
1008575
153101
287419
280201
106200
271103
398163
164982
794758
822760
844355
341223
96464
50207
981276
596936
236920
150065
680043
30791
893107
116738
521019
969035
9324
470450
464688
196897
126050
880355
274581
323126
650591
101208
537360
7007
337287
219536
256014
964526
528027
605430
565260
227079
417750
3213
414053
531017
562843
163772
259172
523106
96133
362206
340220
221921
6368
910387
241413
27377
277825
445557
109002
180302
445596
280406
103626
627644
74963
135852
148312
75253
218979
395173
286262
140868
25655
160979
121341
204631
156169
201310
186917
278216
271711
211195
214965
466990
1032812
493409
209593
367769
152692
260650
536248
266066
74400
393510
307974
754063
241991
41747
289489
82240
69945
3086
113096
533363
219243
33384
117396
463692
149419
287523
730229
269511
732910
152765
19859
97093
997252
555050
455619
622748
337027
511194
268820
150716
139955
188504
13381
227856
262123
1428
272573
26465
108563
502864
463186
52936
443229
327614
58173
361395
318636
533831
528506
27498
512423
18764
331134
328139
339449
451128
187241
64506
155694
1045868
247007
298136
591212
2061
111821
51642
980110
269268
92126
472069
944108
237398
317512
172655
143543
354318
40562
918426
241374
240130
10367
419987
271587
293941
221910
342390
267185
162370
310525
653050
121394
95139
100027
23484
23490
23514
23954
24798
24870
25205
25316
25734
25976
26212
26394
26398
26467
27712
28718
28812
28969
30160
30272
30870
31104
31465
32908
33035
33800
33842
34462
34542
34655
34824
35205
35512
35665
35942
36057
36690
36824
36873
36982
37799
37837
38088
39119
39183
39445
39477
39948
40155
40208
40236
40275
40756
40959
41751
41803
41929
42551
42793
42813
43392
44030
44326
44423
44884
45015
45173
45262
45641
45896
46023
46033
46640
46832
46854
46909
47211
47370
47447
49632
49850
50531
51209
51421
51480
51583
51614
52561
52696
52750
52919
53363
53638
53836
54656
56422
56535
58329
58768
59031
59388
59720
60040
60071
60680
60694
60749
61660
61800
63976
64089
64091
65303
65884
66229
66446
66662
66759
66807
67389
68143
68147
68423
69274
69275
69771
69870
69947
70362
70476
70760
70795
71063
73163
73427
73828
73909
74540
74687
75679
75963
76068
76117
76120
77103
77255
78481
78495
78692
78693
78899
79022
79473
79492
80911
82911
83169
83248
83679
84273
84542
84830
85203
87285
87864
87940
88036
88094
88405
88648
89470
89658
90175
90461
90473
90759
90818
90920
91357
91527
91978
92358
92520
92652
92687
92875
93126
93537
94007
94026
94652
96058
96384
96514
97049
97253
97459
97619
97716
97946
98719
99697
100056
100126
100983
101464
101496
101782
102021
102076
102327
102499
102615
102688
102999
103204
103246
103631
103658
103768
104316
104591
104736
105414
106183
106302
106374
106381
107200
107587
107745
108146
108148
108351
108988
109021
109346
110080
111194
112021
112063
112491
112590
112758
114024
114693
115254
115439
115467
115835
115916
116375
116719
117036
117413
117606
117955
118269
119139
119366
119473
119523
119681
120366
120503
122318
122411
122632
122990
123062
123734
124207
124306
124559
124560
124764
125290
126037
126704
127239
127624
128177
128438
128803
128885
130485
130691
131292
131470
131578
131807
132646
132724
132731
133025
133872
135377
135595
135932
135971
135978
136059
137134
139254
141023
141069
141677
141717
142767
143147
143547
143671
144794
145038
145558
146212
146219
146747
146883
147607
149856
150224
150625
151050
152258
152854
154125
154748
157485
158102
158213
158284
159304
159376
159551
159773
160817
161191
161604
161633
162364
162621
162704
163368
163487
163651
163835
163882
163891
164025
164451
164739
165105
165106
165207
165322
166403
166897
167092
167247
167510
167657
167764
168026
168327
168527
170098
170117
171013
171039
171370
171900
172248
172558
173001
173005
173920
174610
174826
174984
175051
175358
175409
175678
175705
175795
175860
175897
175926
176132
176302
177347
177621
179037
179120
179669
179736
179952
179956
180034
180316
180665
180777
181044
181251
181394
181552
181796
181839
181956
181965
182060
182599
183119
184143
184673
184845
184971
185001
185468
185723
185808
185912
186272
186618
187055
187140
187679
187973
188002
188087
188184
188277
188526
189278
189288
189404
190415
190438
193005
193896
193924
193970
195545
195730
196743
197247
197513
197568
197803
197804
197935
198117
198819
198948
199068
199566
199596
199616
199660
199910
200184
200192
200483
200544
201974
202036
202829
202952
203267
205614
206394
206397
206413
206509
206670
207122
207816
209992
210045
210442
210489
210905
213066
213109
213163
214238
214494
215342
215350
215351
215467
216087
216150
216331
216497
217232
217773
218431
218714
218728
219172
219476
220048
220096
220339
220477
220505
220725
221162
221435
221709
221808
222217
222402
222584
222886
223267
223315
223476
223951
226043
226759
226866
227470
229486
229998
230085
231395
231403
231546
232045
232171
232273
233141
235085
235908
236571
236734
236774
236883
236960
237072
237091
238312
239360
239419
239453
239760
239864
240065
240478
240519
241212
241240
241489
242014
243013
243299
244332
244491
244565
245750
245771
245924
246971
247268
247504
248383
248572
249672
250320
250353
250510
250534
250660
251083
251275
251355
252308
252436
252769
252792
253197
253365
253437
253473
253498
254067
255201
255363
255465
255610
255815
255908
257427
257960
258345
258449
259586
259960
260256
261117
261296
261568
261683
261798
262494
262656
262765
262769
263432
263642
263843
264075
264138
264259
264392
264396
264976
265190
265401
265456
265725
266987
267078
267313
268193
269865
269876
270114
270370
270507
270645
270834
271181
271617
273152
273826
273986
274727
274792
274879
274897
274961
275407
275650
275891
276407
276425
277149
277278
277325
277329
277391
277822
278271
278275
278510
278695
279670
279864
280682
281534
282467
284812
285129
285734
286374
286639
286812
287032
287590
287815
288754
290311
290637
290964
291538
291547
291900
291928
291938
292746
292881
293020
293126
293466
293762
293802
293871
295015
296009
296041
296176
296195
296232
296395
296432
296504
296948
298438
299624
302156
304189
304830
304946
307553
308434
308514
309551
309553
309721
309878
313848
314029
314668
314851
315493
317220
317228
317257
317849
318778
319518
320767
320983
321475
322401
322906
323095
323230
323271
323353
323545
323883
324370
324567
324909
325657
325695
326184
327004
327181
327571
328118
329235
329739
331201
332202
334485
334658
335241
336132
337016
338370
339528
340091
340097
340475
340746
340999
341180
343106
343149
343425
343533
343830
344418
344491
345290
345599
346106
346394
346828
347361
348296
348677
348805
350527
351563
352408
353223
353535
353743
354046
355402
355801
356187
356378
356398
356574
357341
357816
358769
358991
361054
361213
361457
362606
364874
365233
368177
368516
368980
369109
369115
369464
369632
370384
370498
371321
372647
372892
381933
382867
382907
383134
384333
384698
385301
385922
386063
386299
386931
387266
387365
387593
388028
388224
388584
388857
388859
389835
391482
391924
393922
394850
394904
395485
396162
396233
396397
398007
398341
398569
398918
399837
399886
400471
402167
402250
402570
403821
405834
406745
407141
409583
410413
410930
413376
414079
414562
414613
414681
416293
417436
418113
419225
419774
419820
420414
422709
424755
426922
427487
428122
428748
429636
430916
430947
431244
432540
433514
433696
434150
435334
435624
435639
435820
436040
436116
436607
437032
437295
438102
439767
439985
440664
440694
441410
442807
443887
445027
445635
445764
446251
446266
446527
446868
447884
286343
58634
446774
92106
190942
119410
534580
100129
451188
533532
179696
398675
157202
240392
113527
59220
74711
667780
239422
680342
147829
252177
3310
570020
538788
771960
121610
153280
746832
298825
386837
6821
157110
124461
600296
144922
210102
7019
158684
769641
93895
297360
859734
391513
319373
187236
612643
56549
20868
260244
714248
276322
25226
586826
27105
269313
200469
218983
447909
448315
448571
448941
449033
449340
449868
450356
450563
451104
451231
451361
452406
452618
452758
453920
453963
454530
455852
455915
455920
456715
456759
456987
459214
459624
462543
462595
463404
465599
465958
470611
471399
472029
474323
474407
474617
474933
475980
479940
482066
482294
482836
483135
483824
487573
488140
488257
488289
488348
488456
489837
490808
491136
491450
492013
493729
494798
498661
498832
498901
498939
499103
499859
500587
500737
501132
501734
502846
503026
503189
503680
505213
505562
505655
505970
506357
507009
508741
510176
510368
511041
511259
512168
512449
513395
513645
516834
516892
517057
517155
517403
517467
517658
517692
517730
520838
520884
521190
522246
522612
522628
523292
524031
524249
526294
527577
530633
530792
530929
531067
531277
531296
531690
531810
532052
532288
532620
533346
533458
536068
536077
536734
536951
537425
537886
538886
539359
540375
542419
542762
543268
543747
544084
545743
546198
546548
547270
548510
549413
550537
551469
551470
551546
552170
554728
555676
556354
556829
557024
557408
558604
559997
560539
560782
562126
562569
563746
565665
566565
566878
567881
568046
568791
569389
569559
570767
573721
574113
576154
576720
577158
577446
577805
578192
578737
578773
579410
580239
580300
581102
581501
581562
582660
582668
582881
582920
583045
583324
583591
583814
583988
584187
584441
584707
585223
586128
587933
588527
588691
588923
589042
590928
591424
591625
591767
591954
592987
593673
595188
595948
596813
597570
598119
600280
600305
601071
601095
601115
602294
602407
602576
602617
604880
606509
607114
607362
607414
607578
607823
608175
608689
610253
610359
611331
611788
612331
612849
613189
616495
617472
617672
617935
620874
622073
622836
623013
623061
623870
623945
624167
624791
626209
626861
627360
629635
629766
629801
632752
632787
632984
633498
634019
634602
635100
635330
635373
636346
636615
636757
636773
637125
637710
639455
639979
640247
640381
640691
642156
642983
643626
643721
643806
644732
644742
646319
647636
648301
649059
649358
650782
651025
651027
652916
653731
654053
654677
654913
655314
656438
656926
657644
658949
659057
659228
660006
661012
661669
661853
662532
662585
664097
664489
665456
666205
666592
667399
667477
668067
668439
668704
671213
671811
672863
673390
673394
675888
677207
677365
678597
678765
678928
680811
680945
681796
683564
683740
683924
684250
685601
688672
691344
691471
691683
692619
692709
695380
695836
696317
696988
699077
699586
699730
700070
701434
702771
703677
704893
705413
705441
706444
712168
712197
716984
719563
721718
722149
723881
724119
724859
725844
726091
727095
727147
727632
727696
728628
730188
732574
733976
734061
735387
735500
735728
736022
736053
736427
736509
736833
736984
737004
737070
737152
737161
738412
738910
739161
739983
740305
740560
740650
743098
743943
744432
744749
749553
749673
749847
749884
751748
752072
752160
752793
753877
754049
754142
754888
754962
755844
756536
756776
757389
759737
762602
762622
763301
763966
763972
765084
765588
765825
766086
766432
766694
767216
768810
769040
769175
770137
770414
770853
771206
771431
771503
771592
771699
773845
774071
774793
775113
775545
776077
778090
779653
779654
779844
780390
781176
781452
783284
783993
784636
784658
785387
785438
786554
787031
787128
787148
787450
788253
788258
789359
789489
789727
790082
790116
791831
793428
794783
800744
801088
801531
801865
804829
804988
805438
805574
806796
807580
808138
808141
808534
809464
811895
813484
814658
814773
815519
816444
816698
817670
817673
818464
819192
820174
820461
820622
820834
820883
821021
822328
822509
822783
822994
823276
823925
824819
825500
825808
827362
828036
828393
829771
830514
831808
831837
833473
834912
836289
837671
838166
838350
838888
839908
840516
841757
842075
842325
842436
842451
842706
843216
843960
848297
850206
850989
854473
854873
855203
855209
857492
857525
858811
860014
860103
860429
861550
861657
861962
862451
862581
862852
863154
863360
866183
866670
866769
867139
867637
868178
868265
868289
869101
869450
870036
871270
871318
871894
872600
873897
874164
875307
875637
876067
877376
877937
880031
880098
880104
880337
880857
881473
882055
883042
883158
883347
883457
884465
887019
889039
889329
889709
889837
890715
890884
892173
893150
893312
893391
893551
894455
894520
895819
895994
896256
898181
899045
900146
900810
901301
902221
903110
904295
904537
904827
904957
905267
905342
905635
906777
906829
907828
908197
908396
909962
910487
910971
911097
913800
915202
915406
915490
915873
916043
916070
916524
916827
919612
919809
919881
920061
920421
921048
923286
927427
927885
928492
929819
930212
931102
932889
933852
934908
935365
935738
935801
935927
940327
941330
941507
941904
942604
943655
944444
944816
947059
947958
948447
951458
951705
952149
952223
952555
952558
952733
953170
954008
954283
954732
955205
955278
955435
955601
956077
956816
958076
958479
959446
959729
959897
961926
961975
962150
962903
963128
967157
967262
967675
968294
968866
969738
969834
970373
970535
971765
972616
974271
974435
976179
976683
976723
977606
978224
978360
978455
978684
980170
981249
982156
983528
983590
983771
984268
985044
986190
986803
987931
988711
989045
989690
990678
991046
991780
992357
992556
992872
993663
994601
995702
995709
995748
997603
997725
997868
998252
998958
999023
999789
999838
1000645
1001316
1001503
1001991
1002105
1002213
1003430
1003638
1004555
1005287
1009682
1010416
1012394
1013111
1013266
1014085
1014220
1014580
1016476
1016542
1017281
1017443
1018381
1018395
1018818
1018952
1019419
1019822
1020021
1020215
1020827
1022090
1023152
1024387
1026614
1026856
1027602
1028334
1029187
1030308
1031178
1031881
1032361
1033062
1033232
1034136
1035897
1036480
1036724
1037572
1039874
1040524
1042596
1042895
1043031
1044050
1044358
1044447
1046251
1047539
1047731
1048124
1048371
1048684
1048948
1050377
1050566
1053257
1053418
1054997
1055005
1057031
1057446
1057568
1059186
1060274
1060639
1062383
1062549
1062603
1062667
1062901
1063498
1065322
1065910
1066529
1066577
1068401
1068919
1069874
1070914
1072596
1074507
1074508
1074533
1076464
1076673
1078132
1078493
1078926
1078996
1079064
1081132
1082367
1083078
1083645
1084687
1085499
1086555
1087383
1087524
1088650
1088665
1089544
1090266
1091184
1091693
1092096
1093405
1094456
1094840
1096107
1096529
1097655
1097716
1098975
1100493
1100876
1101909
1102045
1104167
1105205
1105519
1108127
1108334
1109064
1109353
1109800
1113816
1114083
1114617
1120932
1121136
1121567
1122133
1123024
1123403
1123411
1123547
1126225
1126331
1127945
1128540
1129413
1130997
1132153
1132525
1132658
1133639
1134550
1134849
59353
74595
76198
134014
146427
162982
177402
188099
232915
244082
244194
261338
263585
348106
362423
387335
528806
543351
586301
649092
687316
768324
997581
1026208
1043202
738192
100788
851894
86552
103955
791256
237241
263098
13219
95122
632598
772177
5025
2128
195176
996400
6990
430657
253521
237051
458598
120001
554087
106638
832588
110603
685759
349866
81245
791094
50803
297318
462686
766151
13273
210585
905710
260265
436501
118426
816575
1025216
345936
41135
273424
800540
348219
781654
882581
610882
17676
29449
116385
129722
284614
382584
570268
586092
592842
681047
105364
715193
699195
290808
13306
151888
251181
635038
262745
18318
630710
125735
68527
189316
475923
140168
655827
838732
686045
178041
483137
235413
397248
530963
701120
152716
393264
334705
106029
157462
162585
369406
766999
97822
256236
539859
90966
319717
453758
267280
31304
587353
395706
530653
103587
150165
340993
103349
184331
601274
466941
147826
18313
69482
456605
685569
602569
446291
110708
510247
476713
64311
158422
828811
121338
9532
31553
58349
99879
100622
200043
163476
92029
978444
178852
346507
47691
787135
20793
273976
145132
177668
32672
580048
101600
289495
717352
432469
478177
187284
396148
118445
340967
1029215
364302
764804
97484
443858
96001
161008
419966
609760
900066
295932
287370
593626
96491
226458
102691
496675
303625
289551
667602
81716
273034
131112
224247
406148
135734
395512
560284
611
179789
361851
824802
973528
530588
457065
325545
133228
141749
174513
181647
201046
236140
242188
268101
407175
450294
462646
615937
650095
687644
750390
789527
851738
906885
917067
996275
17505
348527
435125
1011109
528696
275910
665008
246894
351340
31261
43519
50731
85241
108695
396960
632828
711740
787444
905986
22550
112978
149112
280330
641425
381615
524133
879374
331167
609613
299175
90948
280041
147486
326304
435110
538739
472678
612613
469121
578490
475956
13543
421061
671699
359645
556345
462364
336234
262793
663346
451723
47656
99380
553952
569593
34070
553090
449978
484440
388389
1106641
757316
134210
74822
143536
446488
859231
888532
306637
465319
158687
634373
289892
498942
260427
112861
325881
751523
46316
63620
186658
157039
152473
13548
344652
970802
335511
523791
1017572
774427
247622
426789
776041
5012
52612
912194
46138
316937
238826
262554
257297
512246
393150
606608
61320
507999
275277
274673
386534
452267
331345
497349
911659
187482
452707
477516
559905
31775
288524
89158
285528
908977
43055
784065
171326
71060
659871
382651
541433
108931
280583
627192
4379
66929
90148
104306
114454
160801
164116
172510
195595
244906
349543
438200
568466
653287
737017
765901
785702
868682
960392
964901
998961
1087668
897101
633770
29083
101628
107288
157504
188109
191446
218581
289719
355316
418314
430899
295203
47233
814699
457146
853540
227855
573079
1055683
97905
137598
179934
416671
506355
584071
640825
663691
693207
730353
1007552
1010170
1060226
1088323
29244
30343
34195
38157
44113
61471
66075
78237
81986
87426
87861
105923
127098
139719
162114
179928
198857
200299
222463
223865
236452
257847
262417
272321
296686
338153
357277
369209
448885
458159
472771
536116
544931
553912
568885
577234
588750
590054
609785
636408
727221
729539
761935
763988
785716
791167
800637
836389
845742
952530
954924
1027321
1044480
1045420
1054203
1062851
1084270
1112989
385737
29342
836317
232439
416809
205048
768905
184031
939696
13927
692486
747179
816662
83455
190729
220197
385870
430866
559009
568233
569856
816258
1107536
816898
61933
131883
252388
142601
175355
341558
452876
368790
455883
76973
293349
391841
396309
438427
478750
520881
528799
558045
106768
475220
614589
1065237
171352
207236
731610
141578
634374
64752
675801
278449
174960
245145
555393
95052
268511
69402
627190
521544
1084993
45731
777753
22251
685534
285071
144730
286583
101686
519683
666113
516159
12379
323127
562167
758951
3137
614596
675267
511874
103409
121578
733142
327253
65457
268707
75299
21013
201115
1068556
588332
79078
91387
259454
299461
912193
1033437
395599
488842
505643
637525
112277
820519
781222
80868
368871
137165
116947
312588
181036
865319
64913
140478
183613
437174
160449
309959
319164
20260
91696
381517
637723
160485
242038
290302
770803
398533
768445
549815
430003
79378
973060
126164
280165
682328
528714
52798
110215
139367
1005497
428914
64164
241500
110053
75836
347307
71256
825818
207286
566738
725958
1031672
334966
875726
159001
291806
1094590
1117065
268314
418761
866876
822646
230294
665807
352569
389527
190703
615906
641348
953655
1051414
632992
4898
84845
21444
73774
265312
120145
408051
268945
721530
872091
99761
771522
200935
27026
287343
452891
591662
268673
492028
49926
161019
69836
139286
253642
761625
69800
144824
152614
146499
632094
27264
154420
985509
897224
265146
491671
87037
118268
336474
27572
31356
136016
219564
304983
927434
1125052
258173
711584
563377
80417
921035
763550
361126
45006
117350
681629
404622
133331
103402
910791
42730
294978
455789
432488
738739
37573
94170
159429
343040
210945
260137
83843
190398
260660
387482
220751
287706
545206
512003
208596
634127
120027
76855
463044
523670
616786
269260
468114
170054
395509
591121
638438
417234
201267
201741
536029
648470
102264
92020
101844
174752
180170
639709
190620
117810
1005285
367827
659532
20278
437793
634484
701810
309532
240240
855757
566827
582014
21523
210722
13301
735011
255759
635371
435418
221467
994650
32886
156154
419604
528528
97072
336800
137578
547343
48217
147976
249402
276507
298602
505570
655861
696302
734779
738888
843036
920987
1102048
531159
110356
77213
624877
958045
981573
148554
235731
353734
220972
265187
109625
153440
468113
491689
899175
403043
319148
388569
1727
146277
606134
294262
493843
61264
128795
37064
161032
635058
767699
510367
678019
95370
575089
29586
61679
206919
533282
573324
712085
751025
56872
322112
595208
602970
751360
261560
879939
884683
842503
4513
241825
1087990
648430
138391
767019
229018
218839
39667
50648
218027
646848
386853
346815
177562
664447
198171
636119
616307
262479
1015239
28771
312583
55137
533791
1054259
277788
773308
71061
401780
448499
436479
692770
558789
609077
103032
128607
208883
291400
26405
333634
9947
622998
800512
39543
27103
252704
53279
71571
628964
297015
493641
271359
156267
460039
244094
221296
1003512
101169
758202
288987
159023
262550
235045
1016276
398216
22618
523575
24380
89145
251703
270219
401864
643819
644699
803956
698826
162075
797027
277988
338019
1002812
344432
829330
290628
33314
384092
67448
149146
447179
65299
29128
31425
523433
655562
348584
636236
913174
17956
94788
261053
261424
298520
456789
493058
516696
140459
261516
191180
528950
328429
644901
534557
1004150
416778
61814
17387
257393
28692
52797
359114
206466
290687
626519
110719
91248
939193
20119
398802
180657
294310
89981
692846
103219
174287
580102
867858
1011006
1099679
853912
134584
328343
30906
199137
614183
74363
817106
908981
670755
300671
1058053
308799
301449
8686
1030338
48456
31310
155473
615911
373658
612584
258513
339291
141161
940948
1102893
89870
436571
583708
617327
238919
598108
105932
144192
319905
68017
96392
341001
4775
16750
31115
44124
342803
454487
637200
639290
768973
8564
498867
710971
728288
904840
29025
95573
735712
6064
29584
144292
576212
348849
75928
306047
925918
90982
469055
346740
319890
768888
36781
430587
3980
161222
162791
163778
1056247
449593
115667
633257
446899
949043
61841
636816
581719
275427
212066
639861
449660
191784
317494
23444
629167
640336
546038
9485
17346
262794
566585
635060
327316
165027
265181
438346
349520
357007
170273
899110
341366
71017
446195
23417
331850
591715
142938
52133
163529
357728
610209
129835
142665
186512
219752
240836
238089
36893
147167
201826
332054
662052
199230
62010
471612
370126
497044
464414
888777
682370
101713
536405
612597
247873
236117
136388
88332
150734
123136
277793
319155
348803
99308
871511
538950
217123
167441
608558
147059
386594
8086
298824
260049
335720
391649
419453
204643
327991
510002
59349
207487
536791
335217
444520
319882
120692
10360
474276
581835
47084
1019396
195451
274260
1073034
298049
625263
343256
747994
498788
146208
293834
1044564
180530
569526
5033
67130
785338
678874
196947
879149
71203
821878
677791
339266
541818
699343
85045
51759
40185
912429
82866
855414
242447
156608
776160
268920
463628
601600
188345
65179
165586
180726
200127
354162
550918
678198
736184
897097
222
43957
513083
105719
89540
23016
177793
40087
180510
91972
148271
272311
77313
219781
666061
1033607
913293
157790
949867
148845
1020333
1082703
788395
39740
64607
96856
682070
1885
30843
178776
189082
227116
263783
475566
967467
1961
102028
196991
264593
1112997
21822
398131
476143
870255
464196
253984
395631
286112
174987
631114
294686
114159
218216
590142
14041
85289
975488
201203
859356
244504
650620
147171
394994
467953
237470
279527
208214
109075
119082
296039
654512
537955
204683
1016275
670655
62489
50765
841727
274822
622749
227559
286283
370266
986560
60351
4253
578349
516248
581834
238186
31610
837409
390606
766687
354835
285610
257308
246276
359734
510259
163056
222951
452213
340973
192684
42731
627195
476012
146815
216753
269243
79107
21627
267259
55868
26873
591472
820516
381105
538513
156642
955818
611202
41788
105754
292605
19639
162271
523556
491292
469019
957709
116977
218766
600659
586349
6395
464274
61816
821976
156189
104541
355558
123163
351126
41151
656971
911660
26000
716257
103079
195433
25842
47385
156991
66967
762080
261492
25544
770639
443507
163143
720333
118398
191123
472267
179889
804198
216798
117035
588765
195213
788553
240391
297412
218564
290720
780093
266406
406123
155287
29125
386193
767905
573193
470839
99250
437937
191737
282491
25750
207249
201397
834195
89702
270521
53166
364311
56542
151675
94782
506876
261525
95562
140434
273117
156332
250609
538780
145189
593676
155206
258987
190618
157977
185291
455774
462974
64642
327175
19484
574479
97125
139737
166123
178046
265633
320036
418118
452180
521541
533293
560520
647416
861872
884479
894269
894974
914881
939503
967556
1045024
1081404
1104626
1106934
1121601
914115
99327
96330
657885
227745
139106
382232
268943
335827
334217
707460
448111
147117
30204
573281
752631
773663
308092
630644
1056593
138900
287492
184276
263829
152035
19693
578910
42934
123093
838412
651253
152183
435294
180260
754307
221408
121687
188403
101695
121609
189331
817512
498665
175217
442820
314053
197604
436404
10544
141095
153179
21162
359016
35552
549844
30959
537393
919635
289509
435946
474494
611882
821806
1000971
12777
53082
319925
333684
32155
418097
266067
247238
140958
33274
765204
95762
455152
336320
231054
563166
352642
455150
414122
303605
152418
274902
711696
103555
251446
42819
59538
26115
572833
715462
347536
68520
197320
259888
334882
203275
31809
368591
283691
455702
770125
96275
164972
573518
5019
9694
1032021
460181
191499
804004
402812
108719
138455
339011
271402
3489
455209
253311
841885
96861
24899
30953
163923
265405
309851
368316
394718
454725
491764
583794
612524
661215
667434
327618
386979
450821
682877
135197
260253
30941
86165
250392
339360
589819
986898
522744
523242
148672
39402
53340
77541
201502
210431
218259
242482
262349
362516
401750
418249
435748
444624
454285
454389
582084
642656
732803
783358
805284
822200
839087
863787
960206
994390
1028108
1030953
390233
88998
615212
569100
438633
345001
11443
20534
42208
126786
228986
447394
470404
623051
756715
765157
9067
276469
793516
876699
221132
331495
777347
389289
920551
192668
1061348
13587
418456
574647
3251
101917
254123
433644
82809
474252
303597
519656
13042
71873
983172
188344
352888
135575
309575
156902
551294
183990
2911
268965
65668
156572
452179
808966
118081
157720
82804
364470
262736
230782
140285
463577
152643
113174
256530
96317
349183
473494
19685
53742
4870
500980
95293
455170
747552
975469
619318
926236
21155
93699
131177
121561
437203
586649
611206
87701
15789
475777
349596
171461
71574
1129492
143281
69586
76595
344428
173124
287263
146960
105013
122092
489635
138476
62944
191206
587637
259003
590115
145138
74487
368898
22445
353877
646286
442808
578782
820157
43295
263310
418177
149185
43191
424452
98297
590410
614384
267943
268856
102158
800656
573221
887222
157144
992802
562479
222696
212279
568815
104049
115260
566754
131067
1021181
77579
424743
822167
32209
2413
243639
50950
389946
552028
518451
71913
317095
369051
139241
341961
486417
6261
450795
4289
570655
265393
825223
41202
1130339
578043
415489
239068
164126
307207
561271
713560
551505
30365
70390
128641
474493
314061
329730
918609
134514
1022185
241333
6108
124448
190842
657062
122548
774221
528611
253878
241252
455671
502844
114203
65625
574815
155021
45174
790686
474523
95919
1065555
106750
468753
462644
256199
157346
465294
854892
381984
193739
331392
574800
361892
544755
59393
267939
256128
353509
250296
136384
145939
248775
521028
163124
13984
287081
44656
32066
587388
16950
128688
136912
349943
616126
741770
803647
118173
265892
2015
53905
628088
275535
221141
319615
261228
700679
143809
242205
131763
446126
26123
156636
159770
491574
64832
637559
238144
92720
162028
590473
1011143
209659
238319
329674
771091
836683
1035851
319834
245218
261160
336749
98849
101677
526925
650316
1006507
144687
45986
243009
79599
814251
218457
100477
144002
238530
1007895
1040047
1088049
601734
245114
263720
1014626
663694
129639
95491
443645
639986
591546
541199
633906
667416
120032
486851
28421
208178
824936
193520
271794
13571
175301
886680
319640
211005
267248
831705
596925
27223
507005
31336
287775
815253
150152
951779
532584
49596
276468
163754
259677
765266
521518
588640
94829
58498
129764
275791
59746
45713
55092
33758
696894
104769
279858
506914
69793
561210
1097551
430427
303146
65271
113884
889613
594857
70407
9409
59138
502701
875610
352723
532900
5412
584555
349948
1112615
50905
240210
655967
191493
321908
569225
470802
261911
588341
315775
443793
645726
594416
82236
728399
109347
335222
462555
12732
34967
230238
718550
3986
29158
198589
71300
103308
61922
1887
236884
91239
258747
276708
136418
159435
1110042
103143
820785
139673
555763
633922
889004
654767
473410
882190
569095
222623
743758
48520
196232
441315
448840
108649
153655
143302
566085
643722
302976
28178
491493
311270
936249
791801
701740
616407
201207
46101
487939
269584
327562
369282
30589
186632
257643
334671
523743
756873
838421
838422
989149
433672
874749
926878
661461
397265
254146
785804
121818
303537
58150
64305
64762
438911
30866
115700
70511
1047474
562740
860656
21441
498713
66328
193129
160826
218063
97589
28931
381510
239812
243711
254001
474498
165698
221833
536830
100801
117849
349950
864646
998960
223953
297352
220619
688411
323006
644789
687787
368629
245076
639894
549333
28110
115227
380862
587085
563420
495035
740492
139941
362232
469178
105313
720675
211295
96857
229433
1054089
270716
26482
22860
911932
302720
218840
884723
195035
254422
1090894
177956
629496
499667
472391
737550
271171
162477
88311
146316
206277
287592
449450
642676
664268
22804
31077
806178
673222
330634
9206
18100
877670
368744
633231
61930
99393
118350
254996
36507
270421
70325
146745
153662
334475
612140
950421
252417
112965
756662
114112
546579
198894
242105
186524
240008
544533
787810
348572
410756
105293
857890
247179
538659
309434
180928
873355
597447
245111
536343
60957
21216
28661
52024
556255
757139
443921
83476
264172
768981
281312
160909
211453
593356
273165
583432
352103
904965
918572
996681
153949
239852
577845
422163
75820
290748
293283
270447
100980
221526
18386
787789
217482
22782
476223
858463
23316
152697
92526
790755
874121
515733
263555
668823
236472
39125
455636
783430
607173
732787
246127
12490
137390
45767
578346
472622
160513
4624
327016
617216
252853
96533
609856
301391
27737
387695
150169
718908
446508
528462
505481
95121
21149
814694
40080
462787
644294
32018
451351
689655
415515
254378
9255
350015
104014
105048
241366
466019
262898
694144
161493
13076
108656
859626
105205
731223
45003
88312
149648
283984
888318
783670
840819
146345
173938
191661
400043
277932
402178
127756
145406
181485
209031
370203
999079
286114
891895
173280
199112
635564
829802
101682
95780
624806
70543
239434
47650
861326
171212
594764
91472
623649
162967
398268
222822
454941
231117
552783
427417
386295
356167
574687
641829
275494
681911
244441
925425
103141
240662
528856
248306
272774
224548
436291
91602
529106
395102
436504
291501
341323
562431
531526
609230
28398
968185
117805
726516
244910
750180
230617
419976
31084
194163
270157
66720
115288
128461
395707
540171
749570
438121
44743
269162
33863
244944
125916
259780
370125
614949
295618
403000
149564
386519
818690
939301
346962
272467
112418
161301
274238
87608
807362
384523
59634
381040
902779
788164
242824
71905
205934
382333
186928
361891
289502
21772
264760
95475
532891
724099
229317
217827
141128
19774
121963
229643
244502
580309
219244
830698
446821
505491
152919
45177
242042
289542
101243
34048
331056
281827
304873
115327
121720
336910
240261
271793
46770
446571
189697
191886
702445
190865
153372
26165
66651
943048
20483
31627
75739
491536
419964
293493
539895
545861
785803
199990
150537
467060
475059
76199
588932
597070
861273
892317
297587
131123
790200
72484
865104
669257
160337
242077
236877
217219
247934
517694
592184
36727
147906
344146
435993
252247
292163
398566
269564
612748
105883
521960
729029
71856
668139
13244
195623
590685
293252
272626
380766
732837
156484
585358
897959
402566
153830
13066
552335
93861
6923
27998
43141
49570
119199
121897
173978
193813
207147
209234
217486
224205
345753
420123
423759
424507
464783
498885
768617
794435
802736
1125298
1114889
856028
101260
273062
297220
39235
189598
31866
6049
549315
822464
816272
910187
261495
201780
103858
656245
95892
222301
153114
701641
868466
210327
7255
566559
887525
270223
103017
544758
283634
28603
180141
144572
278870
272645
610512
435194
331493
539389
147039
488641
659640
602056
103857
4811
465736
636518
64206
160990
497626
655610
290172
24823
52155
146360
42980
28823
135577
532920
94105
48309
275421
59456
388450
532421
473624
980550
96870
129692
158226
355985
300794
502543
191599
365285
184631
68901
102895
334047
526493
633968
294991
452128
156575
384727
841724
24945
227527
68844
263920
723653
751485
114252
385905
781951
277022
451762
538828
569939
161316
144733
471781
65101
29111
628619
473875
293019
441408
180400
381631
97641
406146
172508
384474
78453
275944
11110
104438
62736
662021
475932
466439
147159
91423
95276
925
430023
50002
437499
622747
476783
50113
222030
144296
654845
299179
858020
740493
660540
309441
247481
151974
344527
71276
450018
117959
702453
57868
139694
859841
1067664
157759
916918
57934
632475
634751
560204
295225
751063
540241
1033312
57988
62650
104617
777703
398760
260171
491
468479
271122
878195
140947
76771
105810
189845
979599
334151
570704
618274
664711
209499
121277
120237
136414
909956
170435
926684
286640
331588
639899
1489
89940
101993
207421
474710
643814
657961
830789
902873
1015600
1044720
97562
210178
494273
582446
284740
348247
533809
869583
22899
442861
6399
38271
79418
253767
207251
43406
8708
356569
225973
7027
79762
83225
3993
288155
536854
907495
984336
563821
526123
534822
69248
119540
484041
368541
83010
207830
494893
231630
261804
804511
99210
498018
136471
177721
541509
137114
94804
531203
224494
357924
780017
24648
436196
96014
159026
22156
87018
97081
72085
107241
742786
393955
286914
382372
94356
654564
30749
161092
118171
121224
42837
827654
135103
574893
860537
34935
170253
242762
1074993
439834
237728
655202
70023
64137
101981
239077
654453
914971
217242
449315
214974
146857
759064
314195
477891
240066
26983
16818
464694
211193
839363
222289
346114
889761
105331
73968
32411
872153
289009
637563
733776
888179
567020
513130
308447
158137
155109
142016
121643
455703
503772
686925
95375
94476
286888
528359
258525
726
76706
530406
552137
803854
461053
239899
548396
448498
503366
229374
320875
855770
23865
351424
127101
732412
877137
770730
151389
269989
457776
133080
273389
5091
220443
103278
244969
634754
104978
5803
278575
23716
69533
42082
462478
143743
575864
116383
207678
738749
644800
227589
539630
155385
360203
247943
63145
303645
361960
134362
114832
46191
211289
294705
347375
541396
654799
20600
590977
720417
286443
229396
356628
86919
139574
252185
466504
343594
606612
335352
217002
60108
570958
612600
98463
89135
312786
498557
982049
389095
250359
268202
532350
322021
678594
445510
113434
643552
101984
142306
289114
745038
342681
205679
629662
823824
250672
580222
256305
151928
13058
577433
22908
879199
459473
796853
733599
639217
631057
191450
27551
914760
258832
95945
237138
70652
161346
640877
132439
453206
901970
81506
121808
544995
418209
952832
199228
33555
441267
39499
51299
91242
246273
254304
501098
579093
978575
730532
4936
229872
69574
29337
79414
104470
651561
29645
1030641
159876
827636
513480
736429
218853
344603
675511
263896
992389
157127
104656
639208
919729
331227
314099
248400
477869
522266
160986
397606
319201
381977
497165
868767
336350
392148
621675
458384
348376
163857
7270
570952
112579
74839
141044
103315
58321
47161
259712
65863
156660
328298
1071759
623974
8881
216351
219994
35441
207722
409449
75630
347351
279733
330915
329607
102408
327210
523420
632768
163692
916846
199193
589105
246255
1826
192099
96814
84606
47885
219938
3777
507018
47556
791931
44136
142877
465177
714265
439121
52584
729067
588993
369389
621233
49464
514079
26236
297506
65875
622442
630561
947938
187500
151138
160727
727366
967655
160899
218198
219998
562900
78956
93034
28072
93753
405954
160229
94254
187234
111859
449766
31309
591968
154547
334594
809182
825553
457691
356659
622185
282580
205010
9920
222430
74869
246900
613013
139832
874096
617796
711387
398602
191639
60445
763376
104754
21600
764391
346594
126136
96391
188303
400999
56106
46310
438816
78969
791797
159000
33561
31351
199477
607756
831715
8017
121213
845073
393149
132897
651141
293386
122021
142762
226828
661036
8199
347856
157100
23132
99221
532785
89370
69664
195269
856007
140440
216044
29028
381894
27743
443945
259418
10094
26616
95497
771187
92837
41203
149983
906430
444478
536940
763533
86612
84229
688644
221466
47634
247209
505648
236171
493606
4857
207181
245110
93427
300571
237382
319883
333918
439836
150412
150066
455050
231153
842124
114130
201743
199542
624628
98215
541501
277009
581623
1090015
938026
261504
828435
211139
536519
32231
427507
689971
325938
26653
364852
76107
583183
159110
235459
750176
246374
34011
158398
668301
92744
641330
246590
699886
21765
42945
239578
269574
448602
470921
713611
772000
967765
51417
200034
146203
120722
49945
23351
274367
1028896
24535
273443
319622
22555
154343
285643
543433
544703
133976
207810
617662
835667
118844
502651
536444
539696
110713
62314
115060
888182
435866
351255
146389
236945
70970
133725
697973
92380
572974
666169
150641
528951
76631
21679
299830
122186
1124376
59044
77306
861204
201271
871942
146823
53647
109028
510561
595100
226955
627908
14587
491803
319835
280224
26176
22378
147938
464332
488268
795916
888317
216669
355120
299414
572618
346182
92787
491560
658108
854242
95804
661091
52329
361760
343289
94329
344222
570695
206880
259068
992414
499039
437270
14218
466676
301799
124189
235452
111865
99234
853385
29038
398093
114419
996558
670878
615897
709882
347704
353050
220872
522080
19554
93051
334682
69887
143427
447226
285486
267073
916752
731361
1035142
720404
21077
398372
239246
42820
146580
154448
860350
880027
27030
947668
91512
772763
104967
448832
855026
630590
628449
728490
95559
940102
129071
236268
161910
561499
157349
210810
249047
32510
310782
533308
173918
100701
321580
269532
185734
26205
964695
229838
97997
578542
109398
290671
269542
221930
83545
719534
254673
190714
712096
808633
696875
164286
266242
191778
125307
270929
602383
67870
952970
286889
100193
294891
539826
689123
838892
44874
27840
528966
188159
390579
607307
1071518
28294
58341
120120
134733
180384
276904
321216
408994
571377
723867
876597
1098510
345135
482795
926317
1087289
1103407
479351
238879
575625
346753
4291
66583
141556
336995
691670
207407
193977
293797
39858
42845
207394
319637
639776
287682
389314
74070
287556
146983
511117
98126
586533
339054
184803
308139
445440
160257
450667
524390
112585
610703
217223
40028
197002
131166
984203
329565
1076202
313045
237298
122304
239512
489118
517769
646007
833575
76727
209984
193798
552139
236716
767176
78962
147497
650648
218152
899779
188751
259421
594403
336653
781397
607899
790273
613227
253950
24014
913
668273
45087
499794
144159
390266
569030
101930
100286
789663
156986
916850
306951
237030
275898
357598
472257
38975
49637
283466
122715
71204
561364
646721
724886
67897
75212
93085
695143
47253
743171
80257
32754
521407
65801
238920
274233
1059011
96401
729556
982854
450353
154584
662211
274953
289597
443865
473254
1050100
43954
119667
262562
104195
50619
628207
359704
566899
96878
102278
319741
27470
4800
41716
238645
157163
252041
18128
78680
155293
251347
258842
278229
453876
456818
483082
483955
578852
653810
714496
742987
922158
970969
1023206
1119111
1122377
453388
212232
247774
516227
141066
32562
80297
545085
623017
369193
63798
153832
738473
269060
879911
71616
142031
431351
195442
241383
771314
195262
589785
93175
147564
635827
76686
368778
716400
592043
125959
29156
1718
491459
884452
448443
105211
275261
103699
570082
530441
269552
104001
468394
246455
446397
581541
452293
308702
419253
141984
71390
8330
244150
416986
440359
72122
24012
227483
153537
680633
1055800
496319
299913
7579
37586
28622
462730
74374
550077
910222
127476
852170
69225
7989
272160
232620
344516
112581
569940
318455
188304
71924
294889
160295
625897
635082
857921
348261
50973
27844
955229
26892
896769
458314
90394
403099
456951
402014
244962
414225
329419
212239
200754
156757
67945
510986
496598
647281
28507
334679
635399
158306
19945
150446
152453
311813
258941
200773
201772
112593
218045
269266
75803
446822
134755
94502
121251
204533
571530
29240
145932
116359
12998
446416
607115
70859
157053
44550
236421
774103
190451
492890
150042
207798
10761
174208
193978
102118
612847
91893
221794
817060
475832
634860
859342
105341
244503
59156
33016
1011
818462
264754
96098
58331
754004
262976
625244
96534
348704
92513
545599
915227
522732
140990
455366
541467
27015
242245
61058
632122
121227
97765
71220
299394
18109
436408
774469
101738
981898
7909
368623
102090
384309
344871
159401
469405
336447
254392
24763
267759
187232
131794
478408
422030
361742
251645
91339
243242
263736
419875
58396
241339
246577
317680
424026
141609
93924
105382
558446
191553
842480
879846
450145
626794
537450
26879
779533
6325
229174
102027
129695
570893
136998
387372
33172
294657
218879
933031
873851
127606
43181
143417
263211
362075
628374
964293
1077838
420667
911098
96447
23010
678438
141934
392222
196971
338182
667883
357504
639222
893270
180542
424716
613181
1092332
789031
476318
392189
311689
146265
45708
134497
104045
136819
36909
271039
538103
264995
19844
77135
183962
118635
4985
71851
71510
236860
582746
1084720
49361
677859
60075
10966
771913
622399
70159
152842
657675
335820
646725
121198
559906
60567
420192
28233
347095
473923
35910
254890
162792
121700
543379
532580
186914
17297
12627
667652
97475
103500
270847
302214
104099
959199
412333
473988
131579
18037
108558
190496
777000
942746
258518
403251
479661
157927
22981
543046
128021
609491
103754
985432
451310
85969
171506
102990
437051
992005
118613
418947
205303
318995
654
2301
12749
13556
13564
18333
18897
19851
21812
22640
24259
24428
31617
35536
36605
38072
44540
44660
46141
46514
46728
62367
68291
69987
70052
82378
82517
89071
89532
96513
98405
98884
102306
104133
104906
104921
111565
116444
117434
119607
125252
125266
125487
126956
127779
131775
135960
137160
137728
139492
140078
143919
147860
149273
152214
161906
162221
166938
167424
169269
170235
173328
178482
178485
191766
196671
206496
209426
216936
217779
219039
222132
223347
230797
235408
236239
239691
247730
248408
252434
260146
260853
260951
273121
273442
275374
285524
293103
294469
295459
316923
322979
324105
331333
331412
332157
334000
339096
339444
343132
346163
349945
354317
354413
355710
359130
361698
368171
368398
381236
386604
390292
396380
402280
414043
431486
434089
434956
446886
448338
448445
456819
462871
464235
465585
468071
472256
472945
475994
476301
478802
479070
479950
489047
489058
495064
517641
522487
523853
529356
530960
531956
536404
539440
540475
546176
546676
548088
551812
554501
557848
558699
562868
569966
570053
574591
584500
585364
586647
588827
591456
607908
617933
621443
622268
624455
628568
630569
632274
634780
634870
636882
639553
643549
643729
645512
655068
657832
658241
665809
666238
667900
672984
675670
677919
684449
712818
717165
726065
730581
732685
735783
740593
756263
773518
780226
789661
797515
804693
805065
817999
822995
823320
841477
842888
843223
843517
852881
854644
855337
871508
877650
879393
880814
884562
885601
888353
895548
907920
908601
911349
914018
918929
921121
922148
927174
931936
939672
945481
950153
956811
958534
964500
964792
980856
985921
990755
993098
1019353
1022568
1034294
1038345
1044621
1058123
1066539
1076635
1079211
1087672
1091205
1096907
1097512
1103742
1125743
15147
74390
504479
568639
639784
1049426
90998
133783
272653
283403
398369
797728
981338
1015546
115851
285131
222476
1010
184981
95248
360638
221331
468410
308433
599649
598149
3726
170282
22002
549313
489880
75162
10565
19400
331865
420977
644827
117437
285445
783422
185895
273058
13935
222911
611380
285642
922491
95031
296385
446705
156628
842059
197765
500885
218959
285
1197
1242
2468
2649
2812
3724
3911
4277
4905
5337
6133
6210
6501
7273
7636
8846
9153
9253
9385
9981
13040
13099
13163
13771
13960
13997
16922
17683
17964
18582
19789
19809
20937
21085
21360
21913
22283
22306
22672
22673
22704
22989
23045
23286
23740
24200
25056
25332
25460
26250
26498
26676
26685
27210
27587
28168
31303
31477
33528
34041
34160
35597
35628
35783
35787
36848
37337
37414
37509
37555
37558
37609
40412
41138
41511
42588
43129
43348
43419
43837
44443
44548
44627
45065
45515
45710
45799
46149
46855
46923
47437
47913
49659
50320
50792
50870
51116
51318
51331
51465
52589
52671
52773
53049
53689
55045
57080
57204
58313
58541
58710
59248
59484
59559
60055
60891
62526
62901
63115
65034
65355
65862
66113
66397
66598
68081
68376
68523
69172
69432
69587
69739
70112
70370
70518
72002
72550
72752
75906
76691
76777
77058
77189
77586
77644
78477
78584
78605
79112
79403
81454
81920
81929
82275
83318
83631
86338
87238
88801
89735
91573
91860
92224
92383
93195
93773
93854
93871
94192
95420
96997
98299
99053
99369
99378
99415
99491
100083
102341
102373
102395
102461
102807
103962
104359
104445
105243
106105
106382
106455
106691
108173
108534
108555
108696
108937
109008
109139
110332
111489
112844
113699
115282
115468
118092
119181
119424
119530
119845
119992
121832
122214
122494
122633
124016
124148
124547
125722
125858
126785
127190
127553
128197
128672
129243
129251
130238
131195
131926
132542
133862
133900
135071
135280
135306
136441
139133
139649
139727
141667
141737
143382
144309
144528
145402
145689
145955
146321
146403
148725
149065
149323
152237
152499
152508
153707
155455
157459
157807
159346
159914
160818
161345
161456
161586
161595
162363
163713
164071
164089
164131
164394
164519
169016
170114
171497
173024
174863
174950
175401
176213
178136
178385
179051
179641
179824
179920
180120
180147
180275
180297
180319
181003
181317
181516
182066
182553
184121
187225
187413
188037
188067
188478
188565
188819
189801
190576
190728
191430
191632
192331
194274
195103
195155
195279
195406
195614
195861
196765
196789
197618
198902
199245
199391
199453
201998
204576
204984
206891
207451
208002
208464
209150
209263
209315
209497
211940
214800
215202
215725
219682
219957
220038
220224
220983
221744
221874
222424
223896
224169
224189
224222
225058
226087
226746
227134
228437
228496
230726
231574
231683
231820
232567
234636
235488
235670
235873
236093
236865
237223
238198
239431
734802
707053
989967
23003
492892
145339
635227
160901
136450
524347
261431
103625
520714
146682
500458
268429
816015
215195
259011
482128
856099
332159
43013
310740
38637
28410
488296
494263
312333
661994
1030895
102017
265943
64428
96868
195366
558802
608025
749900
878260
893271
937320
1122697
684563
749629
596622
65208
227029
106073
9815
874041
64242
121328
95443
566672
196385
690137
309885
173164
329538
303734
68791
134661
27420
543466
71681
600319
272279
500934
722128
156898
717624
49472
23981
64796
21263
331136
384311
4388
63361
563372
867558
41111
251868
1009
109209
455275
699868
191201
151224
102783
296571
212529
312814
93313
705004
108668
49329
140776
239087
91128
148376
187287
458045
179966
207982
70955
420995
100908
389321
61714
402758
334066
200427
389042
152935
878900
11092
434192
357291
659297
788126
97557
473589
919764
344179
309498
392145
466321
537205
185871
61907
764206
446837
150002
95629
83977
346192
538544
601563
102773
104101
157395
131469
28847
32570
36621
36931
66669
83958
86781
100563
105940
106621
139860
152482
166339
186296
188287
201670
239654
240461
240888
241289
242323
243554
243679
244045
244366
244375
244898
245161
245417
246181
246669
249218
249691
251108
251306
251719
252211
252422
253209
253281
253441
253818
255450
256117
256209
256498
257072
257928
258259
258285
258794
259034
259211
259643
260120
260205
261106
262266
262441
262838
264108
264737
266731
267500
267573
267829
267942
268486
270095
270144
271432
272186
273088
273216
273312
275246
275804
275913
277572
279034
280315
280492
280827
283222
283427
283844
287172
287560
288055
288301
288845
289523
290126
290827
291413
292689
293248
293611
294540
298238
299590
301010
301803
302567
302787
302946
302980
304148
306091
308130
308511
311919
312552
313153
313559
314169
314567
316313
317894
318538
319274
319631
319669
319678
319822
320772
321387
321500
322391
322888
322897
323132
325420
326495
326574
326756
327024
327475
328437
331953
333709
334735
336174
336245
337051
339249
339477
340355
341608
341763
342160
342640
342902
346077
346105
346633
348593
348993
349135
349922
353622
354124
354192
355599
356061
356432
356960
359641
360553
360745
360756
361743
362303
364632
367816
368465
370060
376075
378702
382288
382836
382841
384892
385911
386265
386482
387667
388360
388793
392292
394453
396518
396726
397147
398161
398827
402680
403145
405952
406738
407422
416133
417494
419687
423924
424259
427108
431211
431568
431761
432249
432381
433881
439204
439519
440572
441222
444389
446354
446813
447431
447755
447871
450477
450831
451635
453195
453387
453959
455037
455493
455931
457510
457764
460149
460658
460979
463004
464390
464591
464737
465117
465984
468172
468315
468338
470226
470368
470548
471086
471918
471947
472122
472411
473272
473673
475312
476623
477384
477405
478383
478714
478871
479934
480929
482239
482431
483112
484066
485194
485850
488239
488505
488728
488800
488844
489354
489597
492396
492631
493208
493458
493515
494583
494913
495122
496425
497639
497679
497688
497883
498124
499418
501092
501854
501902
502990
503201
503508
504392
505553
505798
506359
506375
506487
512298
513047
516993
518257
520818
521279
523422
524159
526197
528643
529042
530469
530521
533472
533871
541768
542846
543655
545576
546266
546810
550933
551775
552105
552755
553306
553314
553365
555650
559158
559601
560798
565877
566766
567295
568401
569522
569957
570569
573023
573911
574561
576699
579602
579972
579989
580020
580250
580485
580547
581875
581971
582027
583562
584078
584432
584881
585683
585935
588465
589250
589412
589940
591310
591856
592110
592749
593138
593377
593713
594110
594947
597084
600032
600509
600859
604249
604831
604924
606108
607232
607878
608653
609301
611816
612354
614647
615234
622190
624154
625606
625776
626360
629089
633340
634864
636412
636767
636997
637007
637244
637765
638614
639792
640684
640705
641260
641353
641448
642604
643667
644058
644285
644587
645603
646169
646497
646759
647627
650088
651291
651653
653460
654797
655350
655656
657852
658660
658690
661038
661735
663440
663495
663718
666196
666515
667479
667517
668921
674238
675720
680267
680979
681422
681873
682886
683605
684123
684900
686858
686886
688196
688460
688736
689062
689491
689524
691405
691450
691459
692655
693333
693980
694694
694833
695669
697694
698053
700220
700325
700684
700752
700958
702461
703660
707756
710741
711615
711966
712162
712753
714243
715230
715287
715311
715550
716179
716625
718571
722164
725484
726358
726521
728485
729932
731235
733891
734610
735310
735900
736538
738584
739973
741981
742051
744365
745473
746582
749680
749948
754000
755032
755099
756603
764318
766384
766578
766908
767543
772249
772769
775283
776467
783928
786869
787108
787184
788856
789801
797650
798424
799887
800677
803960
806265
807570
807683
809208
812176
814786
814849
815524
816859
818379
819340
821325
823610
824070
824245
824709
826103
826735
826816
827297
827622
828688
829018
829443
830446
831308
832050
836225
836551
837107
837532
839293
840504
840755
841515
841938
842021
842106
842918
843065
843173
843921
844343
844461
848268
852790
854968
855708
856776
858396
858524
860029
861870
862841
863610
866158
866437
868024
869305
869334
871494
872431
873148
874069
877567
878023
878806
880861
883285
885082
887803
888032
888730
890454
890495
898126
899768
900659
900737
900972
901749
902831
910287
910993
911424
913180
913730
914209
914431
915665
915930
917693
918573
920040
920160
921110
921345
922596
924314
924429
924585
926791
928933
929506
930087
932208
933298
933303
934573
935182
935564
936905
937909
940049
940745
941737
941760
943560
944764
945163
947057
947151
947459
947959
951038
951339
951849
952072
954153
954199
955685
956676
957983
958840
959287
960815
962223
965050
965733
969867
971481
974323
975370
978669
978896
978976
982787
983648
984112
986113
986327
990104
990405
992500
993083
996842
999602
1002585
1005120
1005468
1005960
1006315
1007479
1008884
1008994
1013275
1013700
1014263
1018135
1018265
1019416
1020300
1021022
1021150
1022159
1022859
1024883
1026260
1026486
1027843
1028198
1028811
1033137
1033191
1035249
1035622
1036852
1037249
1037845
1038644
1039442
1039621
1041178
1043847
1044259
1044489
1044834
1045594
1046774
1046909
1046930
1048443
1049046
1053301
1053840
1054125
1057354
1057732
1058648
1060012
1068611
1069268
1070459
1070921
1071550
1071586
1073355
1073981
1074135
1074399
1074488
1076110
1076163
1081530
1082421
1083818
1086416
1088144
1089202
1089961
1091177
1091701
1092545
1092982
1093333
1094191
1097174
1099195
1099913
1101770
1102734
1104020
1106780
1107333
1108458
1112574
1117190
1118951
1119881
1121279
1121314
1123101
1123638
1126635
1126801
1127602
1128189
1128307
1129567
1131878
1132394
1133223
1133706
285910
312035
322288
323384
327766
451048
475468
482901
498044
556941
677862
679964
809356
827202
871293
872504
900714
917938
993264
1027233
1048188
1060797
1095667
477822
938635
458115
26160
52751
321023
516091
846458
218490
464975
511914
192650
383391
340868
562355
254425
71604
608221
32391
165179
170485
573632
657418
658610
743934
797466
820817
1080271
244101
283236
598713
76524
167079
590382
393287
29482
62607
777928
95743
829050
401626
44238
57870
153592
259424
502810
554402
600954
679411
709559
1044698
142557
890222
53186
277114
661196
946130
1124267
758056
730320
99975
537388
832544
80771
268259
70522
73578
148062
268742
197455
641237
353438
581572
270014
750725
190742
386471
125459
645978
456050
661376
629736
143722
814576
581582
451858
257891
250580
1047908
101438
267924
120573
24410
38436
272915
173255
3353
39978
829114
268414
128621
228848
150177
343214
1001291
360425
271858
548273
289678
141273
362519
198283
741788
505352
121486
99780
112334
354323
330991
776327
30567
244049
209200
742951
75975
816343
18118
132037
264284
287828
303134
319119
880770
44794
48419
73170
188419
647304
840199
965086
96482
359881
530221
240136
12418
537573
83706
148794
103355
609652
285126
288406
137623
381671
766897
671296
25342
884908
729282
118648
380932
60183
177987
23868
119154
816346
474273
872309
270502
49326
469267
522717
149658
96558
477860
704549
302242
76436
233201
279539
335951
523102
92983
149214
58550
96247
18178
298756
533042
382216
201556
48475
96966
99898
64624
71931
230896
417444
658993
336479
127013
588400
160293
117660
113716
345600
407139
152881
152568
248099
598282
971882
92988
96569
612605
135226
92419
163179
440168
120545
436460
466610
357507
247979
474274
2167
216012
125885
71245
264282
807619
28862
63026
129554
349551
555852
830249
856993
1093651
73934
700894
277043
157201
595648
851621
267886
531273
758862
764316
262509
447206
103343
444504
625763
91321
534509
779308
237414
1194
889913
267477
335689
26301
287225
156942
45377
150055
162119
88519
356549
494253
268997
268471
658044
364151
104112
23588
445597
638
25549
29210
101891
236831
267017
272140
438840
452489
631795
349796
247065
21925
522194
103869
162734
260894
88991
458020
244719
102016
300696
491795
67513
508889
896556
229563
388856
201325
774913
64150
186638
432481
37401
537727
121736
146861
159775
258508
502875
571987
131515
281765
386026
562192
394731
319840
275215
721489
100717
105228
381366
816928
677813
364623
185875
84891
1024748
268769
955337
155045
385913
880276
659099
96413
11885
381577
144025
764535
104227
339356
398847
712234
922803
848460
94492
319972
18839
62708
187367
268622
598661
783563
161463
364258
263977
301176
87598
141786
253468
1048367
511275
293127
96243
201276
629094
635104
275161
221607
274872
326992
116465
228588
477531
839798
637361
1041851
120975
244159
262390
475085
495652
1097925
66628
215969
222555
120353
973613
457778
588878
28432
691238
384359
101568
843843
245755
645710
469599
96322
30263
608244
161030
109041
718835
1033215
155638
118379
1113958
628917
86771
127175
184222
368224
561801
607452
708477
751425
810008
335770
736524
913428
602488
104259
911047
964990
251978
101271
154186
360550
208876
359671
1050275
26634
7688
86390
210960
341911
410932
476463
692045
785750
905565
1043650
135893
199602
240315
157502
162381
424398
1038747
82845
237185
812364
398913
110824
809108
104787
178203
636225
13043
16655
62929
82996
92059
116680
221537
227638
292503
447087
449031
471029
475408
505863
513820
680134
790786
1084688
1087258
220496
153729
710922
33216
634944
684875
921215
923907
435758
580705
969269
46701
701721
282003
3886
395542
52896
192282
636461
831146
853273
368904
96207
209419
7725
445988
694309
75195
260071
465820
893639
331679
368941
152040
241092
767859
149200
600406
43948
94454
447156
726815
30585
220684
157423
163278
218771
241393
144560
186738
189628
229500
457412
530393
762554
900965
911625
1025221
109179
430361
892618
1040237
612059
271027
146114
161335
623914
521013
568682
106699
608787
66494
187529
283455
957699
389922
697916
344736
607679
254216
30789
549932
28715
396217
148712
71809
30938
17880
247191
54913
65167
385915
295291
121182
1100200
33895
754186
201774
31417
46827
161085
655488
225189
351862
671501
1088372
238202
95237
463676
265482
494920
284032
264084
105728
585619
832040
342374
353075
545849
959370
153905
118557
39378
299184
92632
146600
48387
70582
439186
100748
112576
219676
449589
608813
738582
752157
827068
28454
589135
646223
334623
344520
729425
469551
71418
201876
222170
249676
293954
163414
394457
1124719
74414
254779
457874
242282
710118
496508
227952
208776
720898
825863
273602
853461
206763
817726
139343
319082
268272
937714
25349
623986
224084
889304
141604
458773
163133
342560
238926
117800
275401
37043
120862
472547
317985
1012234
352502
858856
76052
207258
262274
218895
529148
206020
1013532
121776
139121
361809
245194
69679
516206
135273
697394
101985
49638
155346
227031
887865
319966
763846
711523
671474
810018
78944
227126
579841
635066
69969
75527
271449
384772
580925
62319
734649
865211
865435
269589
779585
147528
287007
472265
851807
914586
236019
258826
361523
273716
1116763
57882
104314
289746
357047
463509
577163
613114
680351
31176
203125
456439
762806
800410
980902
1001726
1124704
47622
558088
842203
20821
26166
335233
523847
220702
136467
4467
730242
924106
102291
104808
533133
1115861
613631
983843
325849
29966
70504
43150
45219
252924
134259
125855
851798
780279
520711
1067
824302
69458
309779
530724
688436
357001
131524
484888
273857
750114
704667
10428
265451
650749
209366
384362
13452
102045
106524
689509
735351
1079460
163986
902742
190708
607361
140929
186619
160021
17849
187997
574573
23548
249281
347795
986016
689457
64276
810033
54946
597179
803450
785362
370097
597174
2080
12691
483906
13368
106137
656933
3295
975295
12725
510872
47872
87301
300551
762891
1035627
273390
275356
353477
564287
606650
1081895
416679
898134
331574
449762
698052
186605
447300
479083
916145
184802
62773
139384
64566
438048
47613
3799
6786
24307
24634
29581
31196
33442
34941
43425
46241
58609
60180
61850
70411
72084
81257
82543
84357
85279
93907
95106
96916
101242
102726
105272
105831
107624
110517
124674
128565
138174
144241
147350
163221
165380
171445
176350
177515
183659
183858
189271
198612
198874
199767
204735
209623
218717
241244
242445
247970
260893
264096
277476
286155
288604
300239
309098
316142
319205
325647
326893
334118
382590
386392
418525
419063
448590
454759
457643
462353
471935
476165
477113
482310
488358
491285
491575
497977
519957
528961
545912
559077
572590
582852
585016
590791
591959
598541
602518
603951
615117
629397
631308
640660
641638
659214
665302
667829
670002
677712
687730
696798
709560
716597
722292
727482
733720
733867
744568
751259
763967
770429
774901
779397
779740
785552
821639
829714
845065
861754
870555
871354
871980
883512
896474
901153
905729
907682
934541
943323
947659
952303
975402
983481
984857
995151
997583
1015552
1036058
1041482
1051236
1057649
1059938
1064783
1080277
1091478
1120660
39222
523672
910981
156959
260075
344535
775450
13210
23281
39824
56272
66677
76126
169851
239088
239417
254785
278142
344899
354025
416894
436652
607667
618513
710303
784240
784527
930594
1007313
1048724
1103811
1120354
146390
122970
195214
370256
71440
163792
334667
147728
45984
190542
451197
1103536
800567
559921
319812
335612
188269
838811
317993
24637
565394
19624
100432
264219
264574
292771
339448
449416
140147
500013
903311
123353
645606
1009508
141945
171363
148149
97114
930675
1081102
677891
635979
1086501
66684
541817
76922
113990
290635
584515
965208
102480
973418
994891
669766
650593
680427
1011774
69164
338935
618074
848265
1115439
695124
257517
84720
464092
19904
977523
404596
313273
352119
359046
560621
65724
487498
91082
336308
255176
45095
218578
151776
561372
253258
178764
337017
47028
150536
642375
186590
120383
267271
270050
361119
3351
266536
255850
345068
390237
621288
148178
545065
645245
136426
394427
123869
74681
828554
344730
510203
2947
650282
873462
391519
32352
39225
164750
300270
394240
560210
570670
854862
909919
984551
1012825
1114055
399714
249630
478449
543793
348949
476331
261102
386164
553383
163273
431983
728096
855602
85756
156888
95841
189555
896717
1130766
662291
393228
13538
100533
45089
779214
616513
499905
118612
790959
628379
272687
537820
157251
326849
23464
100677
549702
584929
1050577
68817
195692
76998
289467
109104
112929
149238
157494
232298
390429
433437
437755
964825
131370
227270
242176
218965
245306
75407
93996
344700
624542
1068
642663
249557
174978
534747
58227
130288
221238
244787
604550
271985
468130
94257
300669
65361
617646
47402
64438
34700
137573
541699
332260
547685
11168
222431
97111
150878
135806
17764
123022
17848
22556
251749
545322
1091480
37009
752373
205709
2740
243467
1099972
856186
206143
275099
426854
832048
102612
121755
94800
445586
43003
408055
271450
128288
204965
128854
312940
674223
921715
186987
445740
534072
64234
641271
334744
239004
221920
334214
252736
763736
120926
21458
493132
154655
249083
348123
61332
463527
189663
478139
39269
62939
230993
923317
429476
242281
349960
237460
273258
656577
73667
570462
170194
157230
150839
498784
103654
245074
31043
122469
268289
1013808
120553
615429
271447
153732
284110
1096255
157038
359673
538972
151510
286808
490015
404588
44287
71650
146798
240040
289642
898486
538636
592015
68878
293313
508332
86897
66735
98989
141171
348433
353040
449426
498527
844019
960152
1063748
944058
394027
71671
533288
207579
613198
204537
566900
269098
147769
641272
678377
534876
715645
40055
269358
9110
508726
152570
464119
630975
249506
29151
318714
456092
985807
317399
69596
844232
146094
268127
12243
102219
790184
426858
91186
174784
329437
510255
281783
331202
245120
261600
344866
81778
55110
3388
58936
298498
763586
27019
516191
600013
213469
153272
603819
666068
585340
217455
679401
4336
852729
38602
465679
95898
946120
28584
121191
56110
39888
475173
153430
97808
319989
72007
103347
290762
260636
35457
383728
42938
341178
301781
245822
157925
126117
661634
352556
332140
209774
160587
773946
87320
242343
918345
67097
121154
331079
719573
458363
96672
140214
180615
218968
341434
407019
435810
456561
517136
559394
729906
773669
1016416
1025030
36481
435517
43177
905519
277971
71981
498254
174435
192677
162242
153668
823443
42285
8845
89191
101758
577262
560970
70591
66327
209493
500092
294791
125890
40528
41610
78121
681499
1020750
656682
120570
669767
558087
237370
279255
191257
241542
95480
128772
361786
238972
74713
338849
42861
20727
239640
341966
269456
102062
219831
195752
223752
966856
151295
343528
981443
326557
151490
406718
134778
427134
120073
538607
294199
497031
587491
246041
272975
436499
837616
534929
901878
896856
79533
121314
65075
125250
530360
944459
30853
64654
103158
390531
79590
868715
94569
71284
263039
309672
8208
10469
27852
70540
110136
124442
129316
161338
226414
249774
274348
334780
432222
476059
478420
505709
552317
627511
714174
885583
936842
1096492
588969
353179
10645
60687
67081
74314
81639
112856
140021
237658
239280
269247
289814
393231
403238
451388
455502
463183
614405
642025
716402
733216
736574
754713
758860
827658
1018734
1039491
634134
225731
97000
252896
462570
77035
131138
547369
120565
21261
22315
888802
573139
643783
334084
578541
632665
563293
295050
829143
533329
504947
355969
497633
591820
276505
591642
436640
617767
85238
122635
31058
453694
819530
222008
343603
101114
27314
136656
314976
725342
229610
237186
326967
4313
103350
213186
487522
144920
171566
696532
636906
99350
510949
554013
235246
84304
418303
553257
154563
984903
465434
195174
3806
497307
635543
253496
146271
121775
43040
497947
40450
42825
640843
624919
488761
3193
263036
8439
435680
118224
368628
467074
336412
645798
140446
908394
154282
456110
71456
122067
40863
210160
91102
117984
450581
45038
118090
21416
147045
586163
195556
621169
558388
277012
78991
110759
148135
181014
290698
140428
588950
161012
106130
43130
191252
97468
196985
134354
329915
37587
456075
543631
188452
777861
545858
544759
416581
146539
127167
130645
637004
602689
340968
192017
635164
113618
109590
627153
243976
274753
40341
871470
71101
27550
202159
238311
506593
540387
37116
42502
58118
119230
472261
132387
864
466695
99337
600745
209255
943142
975783
71927
142335
944543
180435
868914
93962
181010
251439
527379
184842
286091
425141
939754
598944
398113
493296
289552
139818
339299
626113
173202
254413
423773
93547
72574
1075333
522174
163847
406955
966363
1064646
25032
46128
188500
151812
438841
196697
1107696
295154
281397
349277
211048
655662
86372
135068
316904
532892
656359
743299
1115576
102549
430849
95463
93681
158052
21171
660638
17765
239855
6170
494849
423628
679012
522378
401566
380788
229954
491962
370311
577466
680111
131132
602572
398126
529653
45765
103025
464653
239156
1052253
292224
211194
134826
152283
153857
1001590
1003244
27001
29454
27619
59690
50889
914950
189709
65794
357522
340593
423933
43457
95703
267286
157236
933123
274168
64313
124942
600307
720916
40103
13781
217143
108654
477730
84628
447151
53643
254132
43442
924959
13644
472295
23502
1006275
368637
128743
570347
101258
322494
368576
81912
86898
226775
148020
273024
193017
38252
364698
317106
794845
803848
212155
148808
177681
494209
148901
791722
476681
262075
569096
541346
207393
229353
152666
673290
1034716
562966
581192
122634
570654
240366
69255
523169
776040
244701
514104
826892
27920
45676
49749
138091
157112
223578
243489
393112
472138
539936
635956
29713
111294
645938
139237
42962
852683
151128
345694
146599
655762
138164
147132
77131
586930
222012
258494
275901
103898
97177
251820
251840
680732
156927
483429
354082
109695
487931
334452
388304
10965
63088
590815
101538
922246
426879
437915
38362
684941
71472
298744
464040
157138
51151
64891
96288
711001
524123
558862
794433
135858
838596
885107
443560
201936
97010
121203
150442
372908
797073
483544
71763
344242
438272
92013
174101
26842
356306
222769
195422
289475
514073
465902
1875
19335
45709
51825
69361
85483
106404
106652
108987
110700
116585
130165
144818
175295
188674
206153
214283
237868
259510
341590
350036
355118
360872
381266
390454
406818
416731
418640
420058
439957
446915
449359
464380
534697
548090
557952
617221
627869
629962
635366
654479
671481
703787
728436
732431
733332
747819
769326
792005
801276
848433
890128
899813
903531
905897
949787
968598
993798
1063325
1108338
1119955
1127165
24290
947007
255046
327463
58018
150976
200075
131500
71493
58031
132705
493335
190973
1721
327990
154068
877
136898
852350
116085
64609
327465
9948
468577
805204
336731
765062
286390
132292
455297
423767
20202
164097
216336
523473
210313
391635
843159
484358
657634
662959
775741
193944
992097
89152
398628
143274
455706
196734
95698
476116
400846
621137
382858
120590
996219
8370
353790
584250
3681
381106
13611
22599
1036649
1041646
545171
263963
85984
1121061
507190
252840
64327
61552
595929
627298
931603
26341
665255
355570
299734
883850
84992
262968
335129
666686
4275
24558
29050
112924
130130
298674
390263
693114
1031477
76923
151725
424451
389534
537208
521875
465375
229613
37178
666636
273486
268823
72801
78897
96075
280654
567320
64866
362579
338997
54689
135066
149394
240954
48177
336536
629723
245039
252689
938905
389098
223604
222906
595805
522206
242620
243745
585595
52611
70829
766673
1003267
1041096
144919
94851
102399
273604
714595
1758
530898
534491
270290
630055
446502
117639
291432
266234
155221
218663
585327
356190
621161
228676
466714
622549
180098
100353
263497
217308
555235
159280
1002736
96423
42037
145906
70021
70119
5368
73896
257946
157079
100768
659351
1074514
1041279
24574
326587
149845
469876
1104263
354000
241349
512002
300809
7916
150102
190841
529688
198138
329185
274574
207534
497356
240515
279210
352606
75264
291209
75796
131094
518269
103589
289450
556201
538668
389320
805435
91835
351199
173270
136578
725833
34717
455659
343529
73903
77245
49466
6888
102642
803675
482702
604358
990161
335785
159334
854028
689765
644106
222439
391754
533254
533330
545769
590276
609324
728471
952911
738809
748033
657347
290440
518525
518110
273013
101755
146201
613692
414503
764629
4737
577887
174921
66342
26760
1039
1358
4398
12068
12160
12858
13246
13393
14246
17703
18941
24846
29821
32505
36877
37248
41335
42123
42584
44264
51321
52037
52171
54963
55573
60708
64096
64427
68461
76368
79611
80843
83618
83919
83965
84855
87088
88171
88569
89064
98640
99417
100981
101913
102041
102955
109659
110602
111468
115046
118323
118458
120312
120470
124571
132253
133789
140364
141828
152999
154548
155577
159258
160715
161779
162821
164104
171517
172420
175087
182326
183904
185712
185882
187634
188513
190503
192616
195168
195315
203140
204983
208615
210113
218816
220635
221154
221844
224333
229290
231642
235642
238975
242907
243454
24507
727681
64870
569107
537014
641280
956576
285624
808740
96466
252009
52190
331576
683537
469320
930266
78504
22115
706004
946877
50770
1006276
273925
507395
89807
95735
96924
155134
163216
322252
348589
362090
456697
498587
639174
701335
828112
833856
843505
870455
960611
1075598
1107254
447676
93063
389089
288881
1095812
25049
659343
264735
403184
10759
308089
86695
75015
145642
158677
300428
92840
160995
148449
21671
907933
33792
719404
911906
646426
499535
354676
27221
17717
561962
475881
1063093
44589
262663
162297
456335
64357
4266
578435
238992
331734
776810
201995
353447
40901
419982
851400
590014
286755
364474
93366
1064927
870199
466716
452311
247814
53160
529001
94486
332222
229448
430185
318663
340512
44976
255128
401684
3706
109288
476089
764707
403271
506668
77196
286801
541238
24875
49486
75889
102551
172890
211302
236202
273130
401621
447704
448215
473497
533387
536469
587684
665763
929659
941196
983762
32124
42808
109263
115364
326181
275270
82541
522640
91294
137672
657998
75173
329415
121026
633828
297693
171500
153040
1025748
43144
190385
61873
110695
161267
651103
221444
211350
505111
34989
391629
243125
417565
489074
52666
72736
135203
418477
44344
215889
517829
261599
271957
1117759
51498
624447
121705
357437
201210
161304
254950
443792
329087
329613
435095
70983
32228
650876
614401
225210
265139
139149
458057
506317
355309
367722
334652
91022
173153
96361
12314
97532
142603
116845
386640
147982
713639
435910
43215
346636
308041
449615
21497
362225
29198
494029
252785
4079
180259
749624
476115
261055
382198
303627
64057
266254
219574
956545
364463
242261
127366
121161
104239
28973
109908
87698
150830
33877
44269
602093
329183
148445
446409
143450
349413
821041
269437
286094
749316
737851
440079
397334
198960
133968
538347
12939
172682
307855
351787
408025
468233
530327
542991
556224
573891
574359
581564
622194
669115
694157
735806
768862
789040
805396
809450
832137
834513
846335
868536
879553
897907
898437
922595
935888
936516
939356
944987
959102
997151
1003886
1026134
1031449
1040332
1065326
1069026
1074998
1080116
1086639
1105555
1555
160403
190468
243717
249002
253200
255054
256481
258704
264137
267798
271185
271743
273669
273679
276169
277919
278580
281750
281868
286275
287806
288093
292092
292333
294155
296115
301033
304166
307950
317207
317255
320476
325780
327822
331975
336532
343606
344381
349966
361284
363995
368428
368586
385068
387353
402904
404441
408835
428145
437216
458907
462359
462531
462693
467673
467745
477716
486727
497066
498001
503634
510504
511789
513299
516982
529134
544810
552158
556482
556505
557964
563470
565911
570862
575121
577297
588986
598242
605334
615741
616761
621054
626205
631351
632347
644702
648134
650151
655348
656891
658958
661471
662172
664424
665466
666504
670638
672730
673074
675130
680555
695238
700926
701055
703225
706842
719353
724783
747799
752968
754233
755797
756515
762504
775447
776343
777309
778649
783789
789613
789881
795813
815098
821496
822455
827492
829281
829357
831014
836519
836950
838686
842578
847409
852015
852263
859177
859930
862995
870337
879556
881130
893108
894901
894911
899699
901403
907918
916463
924930
925404
934973
939021
941107
961706
963943
969884
977676
980782
986813
990393
990598
996102
996948
1003614
1005624
1007230
1030354
1030442
1041306
1053806
1053995
1057237
1063568
1064956
1083143
1085660
1089682
1093397
1120836
1124064
1134475
851706
93312
139984
709930
820871
445960
289941
1000534
327606
878050
40182
67454
102731
140611
368908
470832
603984
830808
1005389
1092185
18841
23058
175020
220567
226422
241402
242060
300639
470312
550063
562430
784475
958638
1125568
792770
160731
498252
152703
397631
948126
30312
236095
47409
118555
948056
94754
682233
268800
369595
185998
93909
941792
817078
21041
24220
634272
359804
996860
134945
258090
381126
174823
583959
30629
286321
102905
472436
132249
326011
208652
293050
94627
509925
331135
263726
386964
794437
119416
591669
31640
68880
132845
167776
188515
192551
193971
340709
356444
444269
610965
718732
750440
770123
962707
1064128
1101061
582701
137517
804245
730298
260061
943474
668078
598651
132983
651082
238058
135016
217594
73584
412312
222275
447646
698777
488444
388116
173094
268419
604543
658507
681249
24975
265273
147400
792981
852022
96167
443124
320282
164609
13946
765969
957436
331147
923963
1044212
17069
144873
319927
217036
156495
629235
260774
400837
533066
395197
99760
1021910
500178
661075
221682
37634
22339
474765
840798
30349
752077
888153
770267
949781
216455
198637
250038
724140
485925
456681
162012
74268
264496
95313
674428
93331
602146
476114
174106
882534
117661
292138
31860
46900
102034
175840
292814
94599
667967
152600
96239
865826
569245
75464
967547
91918
258963
23965
121535
844854
12477
473899
540264
338234
451036
100110
196980
266188
453574
476847
532369
561717
581806
604017
636547
660382
942659
1010550
496586
207111
446031
218141
124232
18688
356964
513827
1034491
642466
153004
1036597
882939
630637
921903
504407
95544
641343
246485
29278
56370
63690
134929
530728
451629
512459
631932
219573
75497
156979
1017897
476960
500484
652979
100069
218427
156584
472378
368194
294621
148433
368549
64595
488627
121805
264250
25303
218984
137325
34514
221654
170562
288850
386771
648743
896520
935060
950898
83756
139238
917529
48757
89418
655238
215275
449771
73889
148057
193936
238818
604465
901831
934990
751348
98705
667397
878703
473088
261853
845470
291292
823922
717608
635809
266000
644212
148584
388426
834266
97157
158750
94854
173179
583002
140700
526161
406764
186910
88954
292947
24354
63525
106046
127763
220490
494255
229410
905536
667494
300711
590236
640754
786868
155461
24393
600572
56352
341370
327613
483850
863592
278064
149067
92368
256315
464219
318863
95018
469400
537947
317564
827225
295518
897150
162078
135483
96782
222291
605672
587276
843989
20368
74515
465403
517451
809124
115694
329367
503114
23520
571594
574611
765994
446934
474583
435401
633815
2050
129775
155685
863862
45524
272532
937
161245
436178
787458
1102622
91176
21780
423932
436297
658208
468137
613137
857958
364473
912049
124940
235630
925736
120738
158162
89111
603518
389624
684151
398761
313478
1122302
393135
873998
436170
102310
571580
871265
386638
71568
710880
1043525
277050
921601
139390
249959
623664
33534
50273
14286
140465
170486
251050
265713
619176
625756
867100
1064653
151799
224625
551704
733685
382647
178481
505945
7050
149291
156360
476757
85486
456123
780651
151069
154773
451253
102388
742799
348375
474059
484102
216259
148374
136860
256909
584444
259285
271837
384501
388274
600922
446743
148525
265384
737741
700758
45334
141594
811913
31871
283488
129917
984596
669232
506595
405601
451486
844078
64139
721474
852317
73612
730500
619299
931094
274194
370228
499260
908163
25934
2094
692708
58637
353145
34653
864018
78097
520834
264554
156776
381330
602091
152549
500120
678065
139087
116145
77080
811577
625053
13130
345884
697331
820814
624812
198197
29395
445766
837145
794286
249767
29916
363542
622220
64265
462430
33864
388456
199667
285452
151248
848559
382139
658038
1009413
30258
469638
430677
852431
381870
320623
845741
530189
151912
97421
12757
250405
646571
63837
487340
3689
543718
627956
933004
605995
151247
147304
141603
2895
40559
640603
707463
874696
7994
92609
117745
193919
414671
775399
238117
616635
117687
398422
257795
646308
719050
155262
475194
281869
109083
277444
440162
730437
575206
528025
630051
1018615
1110401
794661
278453
956926
960748
391492
50241
122236
765244
95679
92559
149789
236461
281225
299484
349740
470895
483241
493078
647369
843873
855816
644689
645040
26801
606307
543082
161509
270228
804359
193920
31474
88293
633359
342840
402920
476672
472393
418650
276660
358988
191301
274895
523824
650243
858901
23695
574937
505977
580176
837185
475505
758201
200425
219666
249920
593791
244791
331348
44795
730295
609759
155326
72025
626017
2509
326197
699916
485146
152922
613555
241717
312520
281
42559
71489
92060
116797
121995
191344
229689
265495
280102
350016
384425
437811
443196
456032
482332
566387
752078
814766
845268
902578
922135
963491
1032256
1074098
149719
967431
476118
1005198
4720
648143
369428
892453
537685
127196
471673
53017
161721
96604
287707
609537
877989
587715
261713
360673
195198
417177
444483
667617
615776
110668
255005
599728
807318
71100
577857
627540
242580
121067
582080
24997
17235
96011
538967
606668
55120
466010
882727
888779
29063
701395
600776
102143
299121
456150
482489
879910
844089
96017
37251
59477
270178
692625
897312
260691
157719
29103
35408
98974
105716
105946
109195
121838
208572
259644
298848
317915
336070
336393
354268
445961
578279
591819
828223
852024
1017471
1058447
1083737
435290
473259
254437
558647
417818
102072
779785
219442
252057
509229
3931
329228
455791
492411
74855
866882
247305
728215
45182
481282
74211
810888
70618
48111
48787
130295
395716
435510
959203
632032
156165
285454
276118
397752
139614
618648
179595
313835
263407
635773
58432
243305
51472
121553
278321
733688
20767
455817
774106
347038
59227
31203
43923
522075
529146
259320
347555
612028
403117
101199
100337
483169
191138
231665
492835
219604
71468
236292
190901
244925
38792
180476
147441
606254
493411
245932
228583
161569
71172
878520
529572
139062
191934
355532
831363
911877
261246
22646
14111
96481
162467
721695
511225
28196
585100
64369
280574
242606
93075
190572
96994
17677
88120
503849
260463
466012
71312
398283
278132
200766
599575
26261
89058
632108
286917
28145
713818
64500
497959
64244
580215
454278
841793
876584
707818
351172
239168
622670
153941
296633
994096
264314
844122
471183
322023
476880
385818
217955
609541
648312
64423
17151
1045762
270790
857913
34450
646610
556311
305647
860371
605392
299203
65246
196742
268876
128767
752507
258612
33069
861768
31895
1049101
455560
190971
428747
146507
193997
561841
95996
37603
259184
649161
179735
515495
563477
262047
102056
512398
451383
623100
414724
25009
239451
137585
595064
898844
1105985
621384
262182
137657
482802
584559
190922
1054361
1105661
631432
323357
684243
850949
754695
510942
767090
289174
581534
348360
584784
101835
418583
65047
753413
783144
590308
154114
911121
1006345
334894
28553
102410
125936
212925
359001
496976
497975
515609
579344
14078
19805
822152
774044
173020
156519
272326
170597
237038
243117
356177
622330
655573
1091818
587559
534847
635129
4957
575086
878167
508422
386672
213418
60707
265561
802573
266113
75196
180207
8843
75229
845084
862826
500030
191779
522279
921736
21703
369104
31555
88134
121463
274529
82499
4117
334680
716561
95101
77064
292153
102494
138123
942275
764890
192279
163506
76026
163390
24547
152358
266276
656658
338194
117460
140667
546702
447522
802362
267647
368126
635591
510878
195798
128816
95439
327433
3331
732
6584
8364
11522
13450
18119
19832
20900
24326
29735
31717
37697
41420
45276
51015
51412
72855
88420
102781
103076
118668
119683
121907
124776
132340
136155
140482
140490
149280
150093
157639
161439
164708
172290
179667
186027
204463
215710
217799
218170
220589
230747
248958
251316
252012
257554
257948
258888
267526
267985
295333
295903
296359
297358
317673
318874
328013
341664
355648
357123
361826
402086
418781
433596
434375
440956
454038
454317
456096
474711
487035
494590
508775
522277
522361
544493
544835
550022
570582
570608
580243
585679
591347
602466
606369
623603
630299
635823
636472
657889
661977
671015
671239
716721
723449
728826
741409
756366
757037
775426
781030
787111
817629
820287
836250
839567
843280
854918
860383
861518
862303
867344
874574
876434
876714
895371
932009
935725
953349
959811
966204
979538
988271
996634
1018793
1042658
1051638
1054725
1060221
1070909
1102597
1125585
1126954
1128931
24592
39696
136485
220588
231929
341729
677855
721619
886460
916442
222720
715573
97153
189046
82590
861189
104192
770979
545596
351119
241279
125949
842028
129377
148547
263137
341997
355204
431991
768655
862927
917481
186993
511004
187579
54531
110239
240618
247635
772102
487230
601259
232331
294946
78579
239447
458121
128379
180028
837493
220858
298903
548489
565176
266988
645309
396122
518072
492413
664167
97698
34995
41128
58421
61739
180337
333757
354542
606603
621596
498798
11154
250404
71566
334918
215536
522057
591170
250054
170300
408284
573013
174994
41268
642851
553487
8813
1001302
464491
13202
44996
64871
949887
612038
841193
663924
899508
121080
121365
4609
161357
456441
845282
1044656
496398
136360
263138
54807
586496
244872
394727
298723
6236
158516
16639
131793
610213
127130
456746
135164
722578
145596
156972
105311
294974
180201
229371
260510
266283
701836
150080
456525
840237
388043
1009803
96099
370057
600310
243189
881478
4264
135600
362104
299945
27341
61114
686614
738303
130208
331996
583649
64523
206876
697240
362416
934114
259785
751465
879388
332207
300615
146178
54997
110322
174796
771819
948021
1061645
145500
874408
522373
1031136
109743
456917
136657
170936
445577
151021
28712
292508
414444
764971
1071987
791791
849799
636146
49876
292275
419639
38301
267149
466758
218105
97975
458350
258757
7314
517295
301848
1065919
1078936
226556
631810
236880
922189
130273
950300
849206
244942
218746
664168
197724
494858
326188
145857
831879
37436
589407
459709
658703
26643
342249
326854
673037
153908
722523
395017
393333
236335
341000
348476
633116
591330
342814
564856
83221
237924
116119
474594
365574
76510
92899
212342
537152
153102
127563
271799
99354
86854
316231
23021
109284
257008
291071
469185
626718
970230
87451
103747
105833
119347
130259
143958
152668
194261
209326
245036
246160
280040
340992
343333
387557
506296
530603
539190
589547
650933
770676
789488
816929
839610
848262
902434
388455
574242
32664
237608
533380
897983
22680
823385
491598
100881
397253
388441
260058
235999
232551
50667
391436
102324
876340
27806
733771
890795
891968
847321
336863
646008
238833
635846
752415
49569
355977
30368
8343
163647
286847
270096
236433
61219
158639
521880
41578
195819
298262
251727
327543
260275
221856
104901
233834
314363
455270
935688
268011
885693
37598
349441
473736
680512
730445
752159
964916
78270
237360
896159
350180
797290
97884
97284
673767
531785
370308
440226
462867
75094
249409
238442
642780
28035
264437
61397
336257
69811
852778
159096
538774
201306
993928
263349
232661
534649
615895
219753
162591
512464
1074645
326981
148208
71938
86527
264564
513077
571541
1056734
23158
188467
826836
138150
292696
394432
146143
643063
102533
14151
112927
605684
26077
918482
436387
381038
153340
300979
498730
26704
456230
349492
65433
221420
326697
339227
485222
122708
644667
787932
253586
158223
333626
147445
26130
86916
78082
114050
426786
912406
195868
1074515
673091
340620
44182
71012
1058481
50375
71108
96585
469458
740030
848951
338998
775452
336065
240409
389303
274006
460737
222248
417472
118492
68713
342030
319851
257103
918952
124088
827562
597843
976623
174989
273764
195397
457439
72176
257822
591579
698477
336157
1029864
95128
93253
924580
1073802
532097
406821
145049
615795
636096
1077536
578280
697007
79443
195665
554132
908596
206898
164900
655316
163150
456786
587243
331667
262024
522760
58950
670196
33906
49896
940813
622673
204432
629722
656977
479871
633582
703467
616405
611951
361645
439177
140292
530572
470369
994190
360581
454990
529449
36575
147671
206768
722494
242508
245274
362402
67367
297348
31525
146028
246357
147530
207157
905172
452419
349964
450296
925426
260688
599406
657559
296775
556961
607974
191449
435862
179858
440682
417673
1091268
127205
141259
191451
39220
341764
25495
41973
47187
52392
93804
103765
118682
149540
162121
171415
176053
189056
201464
294812
327329
395697
431355
434280
479513
506408
508403
530410
101224
868572
331148
188089
8385
263445
397885
229328
609544
876496
215115
47638
428085
939561
634148
135697
141506
159765
299714
339265
400335
464787
488204
568792
595404
666115
777383
842358
1057476
297121
26991
98332
503815
21204
146725
105042
220657
70920
273760
9963
273412
66728
561021
779735
574917
222120
464938
354219
263403
141189
170218
647210
156254
74322
559733
392993
399635
460729
464419
131425
352149
266286
409000
28420
219116
277554
381006
513150
807419
1091790
872144
8164
45919
51691
81874
101645
222641
327605
396376
488446
543713
766541
767363
787081
939729
968923
976710
1024485
1089378
368129
216656
74600
238574
972186
155698
125226
936578
456021
327632
35470
268822
471174
445972
69272
78176
41914
112756
91679
147275
289152
37693
159080
599761
624600
124127
161361
171070
235933
662495
450162
224799
265323
1087287
120510
273300
82138
11496
115657
94878
187553
351188
59381
260487
637854
105977
63006
139294
172626
742981
58382
336748
504444
159221
163760
221751
267909
241417
200967
275222
28984
651162
162100
157065
626018
22942
898856
793071
74765
94420
106166
230626
255197
273498
325020
332987
549432
555336
131034
300539
447191
529571
454778
324743
436587
624775
102445
697241
256543
195852
237837
243508
488833
615262
468878
60547
288580
251964
350638
536847
678061
286845
229489
474035
347049
216870
299916
1094182
114555
589701
664856
780224
431226
380993
651164
299258
155202
192128
623037
207342
195444
507559
402282
38880
146283
190774
151575
424530
272684
71381
893200
132474
99979
25059
95805
121698
487744
69505
170943
683576
293777
704962
131047
905061
184305
236405
575257
529605
409006
3103
503605
257575
296789
104744
174175
452287
683332
563371
49922
612604
529722
468269
787182
150534
419262
276033
440159
323057
94708
94104
1700
727534
630038
209498
238031
238448
532628
33985
749568
910744
1097249
576272
884711
924019
433444
4447
47461
124788
427650
539951
981544
1049480
9916
2401
768827
111474
556689
27171
417510
237204
114277
163
88223
1062684
288623
588778
157197
453680
468852
49646
640295
657563
292909
68874
329618
266098
733665
920893
63586
212349
4774
341560
464828
139456
87870
147072
401056
118102
681678
239603
49011
142833
285427
309737
517728
752015
117817
671234
295133
393222
429
860578
438900
267887
821493
25065
612754
86995
1014222
362218
140029
983375
645831
639893
271125
260321
120494
204529
221100
238419
178726
204298
543624
722
312341
1011186
776270
271692
48479
465885
623715
397358
209691
255645
131063
37167
191772
319573
78984
24520
260738
174314
77235
443817
61161
149825
362257
910505
437473
841798
641352
74383
54766
222957
328250
148874
206315
159079
841531
572894
122545
1097760
73560
119094
575585
397503
765134
690108
659234
530619
81458
671684
146541
416123
436253
21937
88427
55148
382705
13379
669601
160239
171224
122374
104762
49928
199756
176238
265907
972623
50210
96284
137335
414127
446096
450367
1076581
58969
904619
336503
512112
219739
676205
88299
157348
163560
221264
588777
485413
76591
642728
805223
516236
100539
161108
295648
22690
450945
397497
447520
1097470
519634
36814
443805
602961
252252
964694
230241
396615
351564
96507
694689
856067
165149
245029
255484
60691
242812
227042
570740
93729
445672
1081302
208020
331380
221646
155065
288908
72107
206915
403195
143836
470686
396128
282611
372815
478360
112774
110838
120713
191308
389297
172267
280661
434084
458701
476404
64123
42709
84397
140952
158348
238466
488357
574384
263193
82980
23404
943630
242553
459731
100845
419873
507974
172339
982218
490186
69423
254272
495036
22656
197
889787
155223
233334
872778
659892
88660
493359
151703
403457
102806
142079
22768
621882
38605
684094
592129
966911
640283
1046501
158796
967001
356045
221669
222938
648172
580815
58560
94685
854826
300514
725322
88626
603624
430897
128027
107653
880324
951408
38835
698754
673443
595680
351407
948805
51504
661419
727688
1077929
105095
1107230
569330
343540
1071265
408886
472308
517735
469376
98327
97037
474311
258442
259132
338366
135098
174948
994281
29333
68404
150598
521145
756938
350485
64713
293642
854186
510755
431610
42455
113462
117669
450467
742995
43239
330959
340235
885543
13440
198624
820647
152798
189669
105244
238653
326535
266600
362247
669795
990894
357140
1019676
518685
532787
523265
765327
528370
110145
859908
95324
27238
96803
186735
603369
809991
343307
389133
880879
92963
61451
482908
256630
199251
353320
670781
788950
1076017
89732
930688
139617
157030
642640
945253
333781
781018
47300
300774
18586
381587
622027
75040
28576
530864
341009
91834
384310
948849
845160
82889
470838
30292
723497
443241
331391
837994
96530
704170
599581
447828
20860
319595
328463
91458
1127150
523680
1027831
105004
45059
103124
9624
435044
76755
464527
261687
354408
486965
78672
26455
151880
334276
382208
405460
455701
503359
585250
639983
731687
914120
949223
1025819
1130842
1132979
1502
2091
4727
5233
7076
8156
8314
8434
12150
12465
12849
14188
14848
18830
19212
19899
20174
21340
22779
24438
26265
26648
28124
29138
30079
30109
31156
32001
32716
34324
36402
37238
37252
38232
41259
44601
46676
47141
50712
51489
54627
57939
59032
60914
63164
69493
74808
77356
79160
80641
81750
82339
83682
84741
86331
90455
91067
92356
92766
95303
95966
96234
96587
96677
97321
98387
99298
100667
102403
103615
106199
106394
106803
110147
113053
115059
115441
115473
115666
117524
117746
118802
124799
130217
133689
135228
137176
139274
140237
141368
141854
141940
142316
144035
147328
147545
150271
154082
154535
163279
163286
165822
173372
173506
174959
175319
175659
176001
178537
179830
181112
185231
188817
189673
190523
194251
194548
195814
196406
199711
200260
204957
206889
207314
209993
211061
211271
212072
212242
212488
216085
219981
220554
221728
221742
222033
222580
227702
228587
232134
235647
236803
237249
237581
239283
243595
244147
244395
245373
245694
246286
246631
249801
253369
253491
254090
255877
257329
257793
257872
260039
261122
262212
262222
263130
265365
268223
270176
270226
271430
272027
272568
276487
281286
287270
289748
290619
293214
296588
296759
297416
303553
309396
312074
314173
317153
317193
317258
317932
319285
320479
322550
323326
325255
325415
327472
331417
332696
334558
337023
342041
345444
347067
348274
349499
352375
355429
360967
361259
361532
381419
383677
386022
399664
402550
408127
417599
419763
420956
423950
431488
435062
435775
436089
437337
438118
443267
443366
443879
444134
447538
448112
448931
451308
451538
452144
452305
452388
455215
455296
459369
460332
462167
466278
467207
467902
472318
474232
475061
479886
482934
483469
484605
492960
493349
493516
493878
495119
496894
497783
500397
505260
507077
508304
509952
510077
513701
520090
521186
521865
523303
523498
523939
525879
528373
530287
531202
532393
533382
534408
535609
537941
541224
545211
545505
546430
546819
548352
548725
553144
560283
560639
561898
562146
568683
569115
576117
580154
580792
581586
588555
589371
590697
591691
592500
592980
595315
599463
601180
605024
605301
606478
606815
610346
610852
611185
618760
619520
630262
635374
635437
636517
637011
643689
643693
644707
644739
645227
645277
647164
647723
647903
650882
651122
653498
660551
664035
667976
671022
671702
673809
678236
680031
683167
685165
685523
686102
689139
694830
697048
697841
700358
704483
707331
707341
708825
709911
710030
716617
720358
720740
720921
722015
726054
732507
734500
738256
739908
742203
744018
744152
751828
755737
759311
761803
767702
769113
775481
777510
777515
779495
786956
789547
790085
797042
804555
814260
815075
818053
824694
830362
836206
837204
840388
843905
846033
848429
848688
849000
849742
852111
852841
853697
854936
858441
863448
871400
872263
872294
875553
878388
879510
882987
883849
886365
890885
891931
895393
897680
903506
905335
905961
910346
809998
578207
244052
279997
723320
95425
409016
390539
48853
102744
224128
439321
456020
492261
744339
770877
788449
884058
956886
1062570
356450
10622
103538
274849
104396
67864
474215
40187
340866
246625
71097
321465
154054
276485
383167
184018
22542
852510
8934
393088
662299
7514
272798
88314
42279
212663
467033
553054
637192
439215
70027
92735
121856
229319
239477
322854
577517
818009
986271
1029516
276091
474312
454942
561489
944359
273022
263419
273853
210057
352506
277068
629297
163678
160240
626777
236506
246602
288769
639708
288579
130253
353905
63100
232996
62637
191776
20866
281361
616599
836589
25173
544640
237948
195393
893417
265989
380795
450103
695361
13365
521481
21194
67144
4393
247587
419383
263395
118667
242238
67214
336820
612047
249498
254300
179972
12974
331527
154429
133169
466730
265165
417549
97312
82774
159993
142059
711606
255952
3399
727406
139601
313808
558312
523275
198751
859168
195375
908736
528002
145036
11608
581596
6320
113991
451133
198163
822155
616465
75691
574744
131484
950342
560787
636301
889763
271931
75154
222273
20481
141031
147632
629664
277390
229939
728495
246658
617022
10859
575862
184640
453225
190919
538260
61423
158465
131044
496253
164802
356199
738945
59330
449891
58420
92163
106100
287067
262893
569362
530876
615747
453551
279063
539586
435130
348899
336637
252243
562729
206094
271064
190640
476008
327401
37980
879707
25248
11690
292961
475471
562775
733311
289484
318721
205853
212212
147234
3576
33295
241965
254504
262779
444086
501254
851834
893166
913841
914067
914194
917083
919353
932640
933590
933635
934253
942055
945565
950793
951554
957800
970966
975889
982984
983880
983912
984491
985325
987289
989042
994961
1003873
1004924
1012812
1013046
1020240
1020622
1025191
1027317
1032957
1037310
1041530
1046636
1054996
1055491
1057487
1059901
1063706
1068948
1070956
1074171
1074172
1075998
1077063
1077927
1081829
1085359
1086559
1087069
1095260
1095571
1097553
1098717
1101248
1102174
1102671
1103453
1105260
1107023
1109898
1110483
1119722
1124024
453138
320364
398616
102836
439414
70099
291468
588063
526028
2877
531867
837628
1064364
205057
424692
276317
400941
162646
207126
596415
6922
166753
215712
227381
258064
267245
286444
292568
487660
506111
1014316
654008
337053
369202
496254
71198
664459
32467
469811
896536
106642
293543
47698
669707
975575
91873
242526
584141
259947
63593
242057
35459
189702
278043
758792
364548
93725
132579
795865
262792
250311
155209
153920
359068
406781
530612
150443
575207
674234
160957
683330
340477
456871
485037
602342
115617
138332
252067
370392
1116106
61643
85617
129703
174896
245457
645757
766700
927084
582603
1001004
222817
160282
62824
471773
793320
381033
135904
273720
148487
831186
150679
830182
969649
97070
356116
665382
53326
439217
121351
61210
329910
870795
64743
861776
139249
28983
181510
331876
456383
470486
1075455
82446
882651
192281
237647
767806
101741
946413
341204
630580
576286
623661
96052
498280
879015
231146
123764
464833
294825
22415
63713
259448
581560
648941
137559
159060
389806
21448
89710
120882
148371
267489
320496
454692
827398
967447
1080394
969023
729248
640718
61196
128132
21786
79730
137353
43247
106113
556325
12789
986981
3050
362365
96442
1102428
580277
949004
539291
277017
120424
887003
708681
21544
75808
626034
27355
705730
243288
64362
344521
9063
62428
146495
48912
256853
646595
592087
355950
938140
680268
755022
253424
417195
341450
99677
50095
146728
368649
277556
58493
144724
636190
555790
314894
309599
464736
934459
81092
764098
117905
342310
229352
125934
322174
591391
871199
853135
183639
504853
195319
79718
1975
11132
13633
40165
50227
66376
79826
92524
94988
134197
151087
153047
161368
177645
199604
215698
274469
319266
368205
418420
450197
476755
534920
580618
625789
628227
683426
713660
926579
944417
981155
19921
37927
49898
80859
118087
135398
142836
160793
163830
238934
241532
249108
274465
295032
301624
561218
590491
596108
619583
653429
666165
740660
787103
836665
839563
1002085
110777
235750
254314
256928
270347
275862
286176
316238
463574
506837
546621
836848
897090
440708
147222
578414
154078
267275
398409
102447
132680
256728
716499
698406
112553
84983
623003
597647
645249
512393
931607
180162
974461
1028265
127770
647609
890365
418104
762416
337
917
369493
605439
788423
221388
331030
84924
908657
575617
251378
532110
246646
332126
18274
475948
1008280
5849
238480
105115
249142
331938
910366
417340
621878
75136
69815
348231
304644
353561
97485
140546
32998
247289
263259
734423
120467
341428
136869
853228
517616
396381
227390
519467
551302
622394
934498
145744
178506
55052
3501
4544
7425
13284
24044
25682
32554
34081
37540
44629
48133
52176
54733
68929
73983
87335
95893
96703
96912
97265
104586
114107
115949
117142
118799
119016
122724
139894
196951
202860
209535
215422
221898
228365
232709
234799
246236
248314
263100
268698
271183
274512
275250
277097
278844
289055
297034
319697
319828
320068
321318
325734
341231
344198
352111
366012
369027
370128
392296
419841
430351
477498
499813
528703
538473
582057
582700
594005
608306
616353
626095
629118
629377
631889
632184
667450
766953
775499
776348
817006
882766
899173
938281
979121
992120
7073
11942
21884
38004
90964
102877
151066
164627
177498
198396
217032
222746
242081
248788
258086
293139
328054
369563
397758
457203
500939
501027
510946
532978
548350
573659
588035
596666
600576
619941
653889
665106
666536
677462
721601
837900
902421
913796
1069472
1101344
195536
285405
445185
851384
22236
827295
28835
38761
160908
456287
33399
103559
1100028
930752
437354
96445
255468
479637
563011
368646
102431
186071
186569
317892
340767
18015
551569
298414
1043163
596355
283559
584648
109875
1091023
150052
737371
387042
261684
349286
845711
20000
351805
63122
289244
655588
270961
56529
252206
820285
705785
265992
113176
198549
420606
447207
452572
849680
898200
114170
242347
805278
51777
231377
265098
1016408
52748
65348
419669
573762
175169
71304
65014
270546
387361
635070
334665
385695
463526
771480
343009
521870
297428
119765
560397
96761
519584
158387
279140
630535
267461
556503
723719
611954
21821
37842
330989
255444
727174
7554
18167
238928
279801
283665
351298
488714
801065
877175
17111
473848
229342
137707
137756
160698
936431
787174
349149
42593
120056
36847
651280
115774
632109
236558
207292
656842
282614
206117
117438
940533
940534
191754
260446
102339
349732
611867
263564
615611
287596
964129
157158
133726
273100
3367
855963
32969
91474
146000
491837
364482
4283
747166
1096391
1124586
419822
208194
98353
33421
109402
293031
301521
46399
919789
260666
61927
274892
648148
902413
302028
626959
35518
369372
155490
566041
174951
317636
93101
887006
294355
276907
159669
19481
386259
994682
279123
635119
688665
850197
88352
455210
788598
560207
131853
357442
870588
84837
245144
417025
584813
457027
653319
285639
274174
310127
457133
93844
152153
215108
383574
23599
29919
35089
74851
78657
78908
248504
263017
308190
389687
474572
485343
532400
606510
625787
639161
646859
658758
764026
829773
1030597
163854
386642
813916
593543
824627
1004798
614464
36807
78187
172502
210465
253880
257465
361788
464347
555186
584825
642241
658431
771424
783810
941953
1084215
1091147
16780
172427
549402
634313
858505
319763
455017
154308
805759
758525
529480
270696
774921
562559
139228
634
1762
4644
9742
10961
11169
13166
14068
18211
19641
20302
22535
23783
28427
32752
33995
37003
38885
39068
39967
41532
59202
64878
68606
69204
69263
80423
81786
85563
86053
87469
90321
91396
93324
94027
100002
100124
101300
102463
102654
106051
106371
109513
115369
122539
124450
125456
125945
131411
131537
132721
134889
136561
138803
144456
146414
148201
148595
150353
154022
154752
155777
157806
159295
159366
161578
163247
165494
170402
174123
175045
178098
179717
184047
349398
312794
575149
396374
148916
190419
556315
77635
144028
163152
244499
328125
336524
615197
848528
897731
201534
557913
1013268
645251
453404
146193
586320
370141
462525
537581
100938
90957
527926
319626
150792
1084091
282545
354958
419481
538019
584757
600070
604982
644183
770476
802360
1108142
309535
5972
30275
33396
218258
229728
278045
336443
511296
532519
563473
598577
710097
718306
723474
754220
897009
1068793
925023
477612
455719
384546
108970
195208
286014
58177
1113494
263441
328149
140931
31649
31608
419972
304482
74388
216251
596417
226568
541244
8118
655650
628853
322228
926771
329184
252178
822944
70621
370106
899105
533670
120834
473951
43836
237890
838645
218925
96048
96178
26897
173258
267007
906800
348318
446297
300690
334111
438580
887400
270996
586155
951392
1092641
346580
586616
613728
104070
41086
35404
529445
295904
66163
13964
123899
511268
156521
7923
338959
121599
211981
179994
347845
336465
635805
101422
103534
347884
536564
793734
592683
120480
609542
301884
715676
71268
136294
177718
289567
83166
128788
711007
53625
8262
102618
120183
193155
364491
388163
552631
727595
737697
766250
816501
929304
968252
976558
999600
607872
279086
131078
636629
119565
890965
403286
191237
847186
304596
563639
359617
572992
326568
74378
31002
422049
180346
1051796
476846
1060499
465594
281737
274539
144736
44226
121186
635577
209172
250729
109246
363718
12547
84077
137634
189717
193801
193976
197670
199240
199868
204519
207061
217906
219531
221765
230201
231967
236837
237078
242074
242112
243856
250674
251587
252061
254490
255471
262335
270272
271802
273605
274428
276479
282059
284362
287329
291693
292559
293763
309163
311651
322884
323629
330112
336825
339406
340504
341657
343008
346591
350108
351698
353237
353788
356030
356539
368511
384602
385928
396355
406022
414041
432247
432569
435391
439240
439373
445718
449410
452936
456030
456526
457382
458604
460196
462703
467573
474819
475054
476255
476869
481686
486830
489188
498769
504867
505407
511867
512339
531224
533002
539728
540776
543130
546940
551689
558531
561023
574754
574821
579173
580427
582867
587849
591032
598144
600568
601572
607765
623284
626879
630944
648041
652504
666152
666302
669234
673423
676928
679225
683231
684154
699119
703317
708483
709598
716471
727165
730061
734616
770778
775243
782015
800558
805276
820456
838031
843484
844312
854531
857489
872435
876518
881526
881758
889038
908860
909767
914265
916886
925271
935504
935671
940947
941466
945458
950613
958387
962055
962779
963019
974152
975504
979384
981816
987183
993893
999522
999613
1001187
1007478
1010348
1011089
1043308
1054577
1071179
1071579
1072060
1083392
1097131
1098525
1101140
1102239
1111880
1127236
1130682
1134557
459114
467606
640612
20259
28525
86405
92381
363793
644417
38781
773997
732034
568848
200031
24059
92379
21455
513671
626694
362443
244999
631066
45134
13141
580029
27445
392388
396092
100028
1130727
614584
742804
247833
95728
625879
1037628
97409
164287
74473
152191
102083
637956
71814
336161
159618
242017
79543
121708
92537
84831
27393
493835
937296
32934
488803
406133
237957
74665
102197
78727
293485
272790
507471
842696
612960
12982
52590
180645
590489
99477
887404
870678
515710
727918
391607
89202
292606
640412
1041738
274830
96130
145760
328509
80759
5275
76055
142859
220214
238522
250936
354191
389342
446081
464545
468183
470465
575678
593506
632253
710065
834694
31457
114187
120784
420187
783668
159439
754887
1048525
612624
51430
123837
466445
5908
188118
258529
36630
419937
505686
384973
150861
268503
140584
354824
705935
534066
402545
211383
101491
574039
345624
29153
76938
293977
645839
522
31033
117564
269255
1049082
1065154
128477
138893
226797
467477
331154
325726
31487
478066
114197
74949
1999
60712
939536
58583
152740
1033474
11831
92085
63520
1006326
776179
242755
755375
1044382
506604
94108
157314
883668
348316
177659
226221
164206
492891
90926
314870
278303
468236
343032
657434
152923
184060
571566
633496
61202
322365
180071
100208
66584
558371
114720
677442
293789
12638
177944
77217
584792
237096
260810
628414
2671
4068
12434
16247
23446
28806
29570
35331
45696
58523
68506
77147
80738
81330
93323
94072
99562
103783
104476
113925
125468
137560
139307
139964
140057
150068
153456
153821
159853
162136
171458
180957
181400
183713
188458
189740
198924
204744
207536
209180
217158
221530
223760
237267
245460
248438
257782
262573
263983
267481
268612
275704
278278
278646
281508
290556
294194
296453
316941
347748
361588
362380
364144
369080
383488
386172
402219
419460
431344
443486
446244
447230
449207
453424
477888
479470
505306
510101
511877
512218
514402
514418
530556
541353
551216
577649
580917
584423
591396
630948
655034
655165
660549
664500
673391
676043
676379
690492
698744
713595
721605
721669
723840
731884
774117
780103
786202
793964
809357
822048
826785
828143
829719
838345
845663
851972
876701
884624
896352
915035
926851
934594
948167
963643
967101
974397
997272
997518
1001487
1019412
1035154
1039269
1060396
1092241
1094265
1103303
1108419
1116938
1751
1959
9320
9423
23202
27006
30619
37916
38904
40254
43296
45301
61695
69872
72250
78413
81093
85183
88015
92365
92633
95008
106523
107500
108685
114026
114186
118374
124378
127249
131312
135657
136242
139229
142131
143623
148314
149077
152726
156801
157069
158028
159062
161378
163381
163690
175181
175267
185982
187977
193192
194106
211237
211566
218342
219973
244650
246615
252215
256979
257904
261916
262291
262949
263932
264315
266258
271293
271742
274179
280411
297659
298875
318892
342232
368469
381104
400326
402552
450895
456168
473431
498584
514071
528828
532231
553162
575450
586062
589201
603952
607825
621770
628529
658073
660122
662700
664481
669339
678186
681689
682885
684120
697166
698846
699060
701401
703610
707531
722415
726280
732650
735684
736486
750699
751494
752694
754319
774053
789753
844067
857932
874379
887829
888784
907618
914564
920577
928715
935516
943824
950964
953161
957603
975509
977543
1009031
1036014
1038803
1039183
1076850
1080225
1100480
1103100
1107197
1115489
136421
555453
685109
97015
270987
146667
7750
150311
139267
383570
1025061
271873
115681
1059956
125115
169666
838049
66848
73862
151773
222235
238622
299314
307551
329461
475323
588531
16618
899693
455362
465396
128810
347497
104739
510136
743301
331427
62978
279219
191880
2462
4533
6423
8990
9542
9740
10199
13241
16211
20307
21540
24859
27421
31744
31879
34562
35000
37155
37367
37567
38596
38958
41489
43934
44509
48610
50261
52015
53301
62421
70542
70855
73624
73916
75451
81423
86027
87155
91854
93978
94433
95416
101584
103282
103293
106140
109196
114245
119228
119229
122567
130024
135484
135710
140516
141767
144107
145453
146320
150125
150706
151562
160461
160491
162675
166471
168136
170569
178006
178739
179915
180513
180667
184995
188792
189936
192665
192951
193907
194071
195673
196411
197709
199127
200998
203581
207791
216645
217125
217300
218364
219397
219673
222358
223484
231637
232172
232260
235362
236288
237415
237866
240160
243178
245701
246448
246556
251698
257983
258776
259498
264477
267990
272520
273172
274263
277148
279159
285750
288319
289918
294492
299018
309472
317017
317320
319986
322168
329109
330918
332110
335623
340326
341205
344325
349254
353518
356745
357304
360034
367645
368507
369516
370377
376380
382284
384277
384401
385749
394492
396257
402588
403287
406014
418215
432487
434080
434331
435439
436557
438095
446560
446689
446741
449503
449857
451913
454766
456361
457492
457601
458272
463277
466538
467268
473881
474915
476576
476742
482400
489116
493554
496929
497629
499714
503648
505476
505649
506506
513085
513094
517872
524380
524810
526117
526290
529995
544587
553764
559386
563140
568035
569728
571749
578505
579528
581484
582117
587376
587750
588728
588845
589553
590626
596731
602395
604426
607121
608959
615025
621303
622127
887989
556310
148614
924652
578160
472493
257272
158560
104031
133440
349986
361770
861844
529446
136429
144619
396613
334695
55634
151921
148244
115043
61722
185955
409054
583896
51564
97646
103476
479861
902182
101837
532917
289557
860693
518562
71907
728459
528888
16941
195968
713619
146497
615684
326584
602803
475395
256692
141516
53055
535857
488192
44953
605263
187400
436296
92129
921739
253285
506839
58172
770873
100496
82949
688907
191364
349572
206225
336708
725972
419973
954369
120447
357637
22037
613855
102035
67022
64172
267415
648511
727276
852831
265319
102866
117991
318761
389635
120603
76039
187492
327656
493430
729957
143864
470380
603745
606772
635396
202304
348963
920403
155398
163920
854740
126309
558922
10068
715662
670623
681223
237307
70861
170108
914205
5100
28881
336483
739872
273257
58592
113945
281522
479236
532090
622857
624138
624272
627627
629693
630500
634792
639849
648909
660074
661223
664836
692539
698926
726986
727428
729469
731630
734007
740512
764465
770419
781849
783627
785454
789255
796177
799045
812508
822647
827807
843271
848430
852895
854770
854787
855083
857743
861208
861741
867419
868581
871455
876861
877509
885554
888243
890973
892902
898022
902392
902631
905435
905898
907197
909814
914746
916320
917601
918991
920855
926651
931623
933914
934296
935013
939135
950684
951084
952151
953792
960862
965627
970856
971519
971916
973041
974367
981985
990039
991455
994848
997370
997659
1000707
1001671
1006653
1017010
1027667
1029701
1033451
1035443
1036559
1038419
1045030
1047157
1054338
1055374
1058658
1060505
1062680
1066700
1067369
1069961
1076680
1077747
1079446
1085607
1086688
1094620
1103638
1104097
1104360
1105564
1114208
1118583
1121929
1123351
1124071
1125053
1126232
1128177
221512
906511
956424
199379
106026
121704
7092
644180
885400
1011142
138441
437739
915548
4584
275311
751422
918994
59830
180159
271796
150737
476221
144638
153673
294491
829053
132288
12463
14185
127475
158855
161414
213398
271669
297650
321540
398215
459856
465579
477994
496596
543150
577243
577496
622518
651591
655028
667696
680082
696684
763510
790936
804287
808805
880289
881687
897529
902710
904734
917493
922230
1103966
326422
246194
824868
446427
114192
793571
221595
103866
652432
608012
988190
236005
347843
321016
339159
274841
1017539
59761
54987
82960
87714
101934
102979
111195
141477
158459
222955
239630
304393
315994
452361
530917
617963
624444
646668
668326
697030
753582
844840
953117
988318
28761
55988
136295
147683
159885
162355
184062
206269
209322
285834
317301
317468
347847
381074
462716
535974
590364
715316
772616
800225
979584
731473
279994
163795
932757
1078365
180027
942934
443500
147688
3839
8326
8531
26157
34321
37625
51352
60639
61749
72565
79404
83948
94336
99401
102797
120786
141017
189553
204999
224836
261810
268491
274777
292680
299132
326577
340321
364333
368735
382916
433320
443510
446757
449318
464822
528355
581989
582801
616830
619040
650471
658836
665928
714484
720247
785792
818354
842842
874726
878183
882458
942797
998181
1066604
1104109
1106171
213443
626748
359109
531586
641495
266005
142667
785895
126380
250080
1088829
175438
563067
222600
619578
45739
692101
230519
641025
1027281
207402
258421
31575
144702
644492
353322
464886
661101
121432
124543
745344
123968
222384
655095
393263
861317
235369
939657
88548
486616
150174
262488
198421
273299
386905
680544
240510
577353
524421
801921
929
260900
391805
1005210
317491
155469
293675
289556
622742
27098
332060
876284
288789
293671
879340
749550
206679
115206
734989
138896
310883
155871
212905
558776
244572
666366
153146
96919
143456
21320
349921
547210
631581
855568
1005577
468372
594078
35420
275917
890840
37633
342952
431055
604001
651705
804279
837735
54629
206025
275127
357194
402366
445648
828364
909621
112594
772715
163831
361884
538891
406112
156284
432286
823359
395609
102215
881515
802776
263099
209523
47800
586600
386877
319980
236060
987972
558658
780071
236372
109059
632684
129914
433642
267755
49686
550173
293452
238687
99755
443405
229597
146281
31708
978047
157126
58442
83849
42953
887976
60605
104821
109934
1018332
443232
220162
91993
123913
163856
6866
32682
69109
144711
206624
327297
436195
449758
466827
550669
556954
560311
632637
655693
685551
714788
774220
776322
806894
826598
909672
925880
1089771
1117888
150221
242040
706134
460038
97337
416161
689089
474206
86984
328286
277051
50356
157643
239274
856637
927006
229331
1015711
299403
228433
196716
191738
554130
609558
145548
498882
741
794807
32005
593416
210809
765553
830781
1016018
458454
250828
286086
117351
565188
491289
580107
139494
159497
120709
761638
451186
767686
1033763
588195
344791
385556
569568
2051
31130
57892
61148
78355
84184
195089
435337
455443
654218
684296
699192
747154
19006
28298
185815
196028
246525
251085
296643
318629
357322
363714
464393
541697
597121
605264
617278
755668
812080
821178
855069
912020
994027
1001814
1053508
870039
147151
926741
17431
21936
464076
209775
206905
74561
54722
191815
70353
638632
138915
532797
907637
1046468
210771
419158
618980
578881
245296
26291
216493
779171
210291
570983
37816
114021
145903
274964
671461
719668
864979
1038312
244773
385535
336636
491463
417086
626600
45273
298930
805975
93918
538940
383426
334197
1262
6401
15299
18045
22249
30785
37608
38782
39750
39777
40124
42342
54661
56132
56246
59026
60956
64620
69051
69094
71369
73957
78050
82474
83928
85800
85976
87820
91763
92166
97706
101462
102448
105099
112586
114624
115065
116199
116280
128035
146735
147478
152554
163447
163781
173305
178497
179197
181051
188301
188387
188466
189830
195435
195584
196747
197505
197915
203281
205177
215125
222904
227049
230621
231346
239696
243328
245020
249036
252484
253481
254355
255116
257120
259199
259472
262879
264706
265127
281398
287803
295393
304065
310711
320807
325241
326356
339407
341642
347777
348782
350208
351383
352059
352594
353969
356567
364671
368743
370211
380869
385866
389123
394039
395728
398896
423636
431757
437116
446224
449666
451273
451631
455155
462174
463846
468281
470623
483628
484079
492049
497059
503096
505574
506616
520091
523479
533162
533313
533986
538600
541946
546865
550667
552020
552149
560327
566764
579484
580916
581469
582599
584272
594746
600562
610562
628080
634940
637143
645095
645097
657778
658614
664150
670793
691849
692718
694281
697771
714284
718003
720341
734595
754323
759399
771662
773133
784064
801140
802820
804270
807442
808974
815161
843442
844103
854197
854646
877795
885120
902731
907965
910393
910885
920405
922511
925259
925881
934048
937955
951987
968093
977595
979511
981587
987573
989825
995402
1006465
1010199
1011160
1018281
1018375
1018737
1029217
1034408
1035435
1042872
1053473
1053890
1054894
1056567
1066940
1069797
1075795
1076063
1099520
1099717
1100679
1104318
1105599
1108653
1109062
1111957
1112763
1115320
1117761
1123195
1124818
1125385
920319
118779
671105
68432
511996
44121
50885
67581
69768
71026
84378
92320
99052
102097
121208
163764
188425
236850
239438
270275
275218
279895
287793
340525
340831
403302
464259
473172
511111
538464
569181
609307
692365
697423
737866
743892
820601
835356
869877
880314
915749
929790
1024790
1081326
9506
18501
22887
33936
44253
67352
70324
76099
95689
102473
104668
109129
125244
135696
151149
158676
159055
167649
209822
218802
259462
261801
271253
315788
318076
324979
336279
348387
375371
386985
398880
499020
500193
501250
506922
514629
538894
539158
546519
554472
568653
600662
604239
623931
632403
655817
659098
665247
716408
756612
758307
793517
871961
882943
970297
1013087
1029824
649
2154
5856
6231
6856
8046
10790
17277
27862
34965
37377
40512
43194
51313
58071
58433
59695
70755
75524
75949
79820
91865
91938
93656
96029
97130
99905
102796
105300
107799
118455
119143
123513
125103
131585
142799
147637
150578
155682
163166
164201
181744
185079
190789
195746
200197
203287
218999
221809
352559
921649
309653
689621
8549
38737
207210
216503
264482
357386
419872
639780
643866
717429
825803
1028803
1115088
672802
349266
2603
18885
27564
29073
76385
106425
154612
207778
216909
255035
255524
259402
281787
473628
519640
600496
679505
689641
694857
821274
958321
1098261
476218
553713
1028070
1047789
983555
401013
286791
161101
348749
443242
600765
654319
37577
95870
101420
220668
390161
1059967
698310
244567
635481
191220
627338
157227
106053
492732
132228
190545
370109
1048127
250885
33377
44190
83963
94431
208426
259251
267438
304951
337340
384415
273667
624318
44581
1079222
1275
459995
334914
348250
1026978
59979
44114
160607
190660
136565
923839
260982
489411
222385
431314
91471
871246
45795
995358
569450
605698
137402
19293
449002
483233
851474
135890
348042
49815
110213
11224
113963
147106
895
876254
127014
154009
448900
66364
660120
326411
671685
684876
439660
221410
273783
276330
388671
560372
700719
811528
864927
909795
981214
581844
808892
635997
156586
907941
396467
416817
25838
198321
245378
968264
455350
152197
139051
237512
448048
351179
33821
264064
58011
330992
710099
309462
71955
513446
27752
251858
351978
871450
173356
386758
470626
521747
536417
862639
21531
153453
771681
934889
472369
79070
232745
1113
560826
236045
532145
515876
114167
334639
96298
117652
162392
163266
186873
218401
224067
326580
344895
368841
383336
455046
1094377
103190
52586
74425
367654
581836
88739
92045
103614
154290
256291
405923
497060
503079
667676
1003458
262023
537371
507034
32495
141662
65264
263433
356077
362389
450194
779172
1099539
573869
36124
569569
151868
136396
773737
398656
794017
254361
638115
447819
184284
626481
1124938
152394
17623
191231
174354
725970
970591
218158
428920
452923
488095
510635
582378
604356
797295
841023
219250
207656
882500
236334
238027
242694
244271
250642
252014
257859
263088
286163
310320
312158
313528
314797
317865
318820
321680
327531
328072
332022
337037
339468
340137
353201
359249
383429
390698
425087
435202
443878
446394
448688
449094
457132
459228
464611
474062
479039
488171
488849
506338
524459
529599
544618
551790
559545
568622
579243
586352
590915
599681
608197
615502
621272
622797
631859
636494
649167
655377
662147
664798
671563
678817
726117
732902
740238
746868
747800
755222
767272
772453
817614
821545
824835
831046
851915
856651
872270
874798
890182
896535
896941
899281
910354
916031
923541
933830
954989
1003351
1008492
1008646
1015987
1032257
1039409
1048178
1055645
1058326
1062369
1065533
1073441
1076475
1083047
1094088
1106181
1109218
1116112
1121418
1123694
1128613
346008
3348
150709
254823
455263
929943
260914
216826
458207
359256
773655
1101004
952275
699919
489849
11744
680431
346680
991967
1397
590878
62104
944046
62052
111513
244870
477797
101067
237328
125953
593522
880363
666359
98478
299039
327420
330898
465643
482736
492419
720359
847397
878122
926940
217003
351526
964397
467354
354380
493033
4178
78016
578532
965726
698340
794790
724121
27188
970262
538813
784353
95828
360884
597705
35476
46931
84610
152787
171063
215893
230382
293039
456315
477565
758370
1122051
139088
94159
247788
13250
61204
791395
268406
455410
967470
137939
244064
386489
132452
209981
270139
257792
1045450
1045453
61686
100333
269170
97029
249952
356634
764361
71191
342541
245618
993160
49459
202218
318021
425410
28700
19135
784350
444789
198307
595665
79889
1031388
163450
239089
453724
779664
613231
802198
9551
20994
28793
29970
37203
41583
55059
56180
59283
66845
84262
89793
99743
117623
123514
125206
139758
160141
199475
215082
216098
217533
225859
251720
259985
265114
269906
299694
304962
319790
323254
329240
336385
340930
343225
362243
420000
434585
451628
491664
495007
523510
523915
526100
558207
604908
621786
631660
655378
657128
657232
669621
681740
702012
717069
810623
822145
840680
858974
880863
885819
918350
973109
979411
984784
986037
998464
1018736
1044527
1047343
1047788
1048940
1052236
1093607
1107263
1110397
1122362
491939
98635
559298
528847
158182
582403
356535
82527
97007
216845
334974
667280
857998
1006400
248292
124061
452444
614403
485137
252883
543443
398351
475496
21133
907697
1112
252722
914625
139383
435139
102106
120443
942813
582629
430618
218932
478889
7072
418591
696943
449059
477599
531533
227026
228923
792880
825802
677700
471838
140045
146616
293667
212105
546849
477942
54782
654866
336352
146181
346791
261286
24795
41653
349608
136900
144234
149706
252793
259604
270605
632399
694949
804002
853175
973925
996597
1077426
299742
156920
844750
512329
7810
773594
473766
221129
318428
11303
20962
69236
73603
164720
320925
465949
470705
474393
860360
908839
915177
1039239
164401
402832
730239
267549
434413
128329
62922
147628
231137
884212
578131
341674
473545
359183
71352
288874
1269
989597
4413
13893
38553
122025
246471
326575
522260
581997
636525
911464
181993
473222
632868
41164
777320
277029
49663
86672
102455
110529
117899
154633
207587
209430
231134
259597
271833
281092
288151
291701
292788
324208
325891
367743
420584
471492
519606
524033
524187
624895
666487
669855
700318
731392
763294
851875
851879
871243
874734
876711
937361
940377
945374
1008711
1010188
1043798
1101068
1108273
1110392
1118004
1970
16999
24253
24734
26700
26702
29807
38520
43257
43610
50652
51244
56264
75128
91402
94762
112330
118362
123072
132243
133177
135038
146768
156932
170387
171512
171636
185037
189790
205011
206116
207073
216922
220649
221021
222646
225269
238481
243652
246192
246299
249629
264144
270373
273626
276911
278056
280674
293677
342711
349561
352265
368985
384635
386075
388189
406132
453814
507826
537139
539810
541357
552455
568025
598642
599654
615765
625051
641502
642815
648398
649145
697415
728492
736624
737486
744131
812406
846320
861199
871426
882385
886721
902638
949204
949744
953400
969883
1004784
1018099
1055819
1077493
1083554
42936
537946
67598
93867
59639
186538
286867
114147
977297
141225
650281
508651
153124
905401
382503
101446
264753
667975
84894
537307
322295
51020
106326
4453
705332
25997
691714
119980
847331
101469
464742
287078
281127
344508
336500
583644
64941
215380
955671
327309
330904
103070
894527
765584
511335
103472
862818
1023624
453681
435606
630136
59655
70288
21069
39213
40207
43654
45090
71518
73568
82745
85569
96473
119586
127354
128799
130339
141358
156064
186286
188857
193179
200358
216978
222244
224615
261616
292634
301757
326989
348084
356349
362149
366007
370446
384623
419450
420447
465765
488873
492615
506145
533275
551968
581575
593783
635357
662131
743257
755231
822728
851332
869850
903513
1015837
1043245
1052972
1057409
1085564
1098605
226465
58984
17023
600950
750050
957224
106628
189731
396816
74647
96544
120435
152156
162526
203032
252051
336396
351074
444678
581537
673243
845689
1074393
232571
494251
148888
598932
381895
319086
466878
293772
574521
95847
319762
160174
86098
591810
219420
23756
32355
88440
121235
139600
150293
184138
188411
197938
228435
256235
268331
335850
338543
339293
352505
355314
398318
401001
406160
439219
446655
453582
477988
504129
504158
698434
716544
743410
767280
780528
822053
830057
831007
844436
865159
873193
927070
964622
1050797
1052556
445894
206238
745381
269651
862600
75774
500157
486846
23574
915488
615422
6007
22382
56469
81691
83433
111977
186578
206909
241603
251208
254722
259471
260943
262551
280894
290847
386455
418467
493852
541205
561073
566549
575452
628044
749448
777214
783517
816823
846317
848584
857727
925976
933310
967955
991958
9995
19894
30965
31375
35151
38160
40004
45995
48531
50463
67544
78063
89989
97100
123429
197973
210509
242841
248207
257714
260178
266508
344384
454476
484734
504854
512330
539884
543621
723634
794660
812407
856814
861253
883726
922201
972003
1011606
1083930
95546
298928
367940
888964
88371
28848
522126
19780
305009
6045
66541
893218
752675
27286
660587
240055
35177
107293
220812
326121
326381
87918
449582
1077594
716500
253591
727610
599397
30612
636137
3657
316371
532856
841726
333927
139963
142218
237356
321297
470597
551101
650572
914163
1098440
722384
528662
102893
387679
211407
650411
514015
123126
730019
368088
632870
242595
4045
43038
55668
61878
276197
343862
369130
418188
616859
881357
143451
659108
669128
996721
32279
74853
49825
161818
320725
135690
508628
349510
153018
7956
682264
531604
148434
645484
910438
362610
388398
121259
203223
904793
863063
331685
831309
73611
243405
119012
763712
1115000
381609
264824
296108
357438
164778
292564
103407
140189
149108
123172
470702
357346
133970
386477
602692
98104
60320
163797
765137
258210
51889
738200
45158
1052226
507881
767404
1052552
213025
498515
161425
135320
252199
434584
384622
355116
332090
120041
335497
745035
539545
11039
625411
683428
92640
9046
419336
237207
239606
258787
419757
763935
299372
914182
253035
143709
211073
156598
153607
445628
280311
580895
39414
96443
575818
106617
62784
494898
26390
704959
100278
530371
322293
975240
29248
758552
319581
96276
114393
91161
885855
772422
636437
597248
472037
22895
24460
364550
299645
217608
929911
503784
558009
606707
653773
144703
304079
319922
566409
500172
216471
30795
262947
325957
679485
350106
469572
473008
71009
786193
282610
677878
915633
245232
147431
239823
247638
685056
61266
1020461
579026
1032829
106079
471305
565949
131426
146555
559862
242231
88116
254543
396078
524447
659705
717021
730085
402879
922030
77203
896207
251501
436908
121032
485132
767877
1103526
75059
592042
285473
303621
642818
66379
816458
164148
705915
156956
629234
227937
309674
17109
103297
103719
507580
993337
446656
301761
464741
488299
402833
72686
339166
347135
447840
606540
66836
130944
237262
434495
805729
569739
1029709
245409
199597
663284
28255
1057433
101914
482910
353763
326862
215537
50454
102002
600262
384580
241734
388205
491657
672991
886278
88465
93819
97618
572943
786102
814057
74248
448241
446141
294628
826196
179594
105672
201598
58157
547278
637787
443935
103570
48245
103977
135049
569553
160025
196752
153277
238439
139063
534601
414609
608407
158240
1023841
401572
885561
102033
212654
145147
148172
474965
263480
588068
598157
157287
493683
263877
432229
232420
135
35608
103673
208231
252781
275355
400967
493105
520097
903910
228434
184732
1021016
578649
128261
274188
61607
75831
1116682
96659
580948
673317
319042
477738
776752
808732
22743
24852
31463
43972
93495
264535
272265
290848
430327
452063
475080
512282
531149
652870
967195
1045976
231591
451158
40364
720136
383555
76647
445431
940808
103097
185757
25006
807691
55010
130371
1115138
195308
145859
764020
158217
636380
1093441
24500
115569
387594
464920
51259
103171
340409
1117107
1063114
294120
287260
1041546
51298
239869
608950
742955
147663
318838
874901
22171
37771
44014
46083
69324
104818
164402
235418
297990
300317
339873
346767
410990
474324
519980
533457
617454
651381
813861
816687
819447
869261
896518
907214
907303
911803
982411
1008692
1061744
55848
75883
88797
132167
139835
180267
339371
362020
386759
453859
456182
615568
704089
762947
831667
863260
893088
1051415
1062306
469441
853177
149031
289176
995199
77157
319395
382124
560371
598971
773001
1080587
3617
92859
67328
336838
8930
77339
1019980
222151
346356
17080
37812
44806
50700
82303
89038
91017
154035
272859
339141
361165
433459
633106
671650
676006
686914
781977
785893
796576
836717
993046
997755
543263
598730
849687
243132
635593
827
33414
10891
656974
824434
997830
498896
907873
606958
105216
345929
39129
61228
134769
149652
167200
188090
252972
478396
601304
972919
268633
599579
47427
588864
22946
30712
45019
96649
98587
174888
200014
221043
284007
357570
445660
496989
597706
621851
663625
830779
844664
929636
969476
1045361
85095
152481
254449
519944
47418
17829
646269
271710
31038
250650
599646
762975
838597
32084
462260
1006931
25360
440544
703211
648195
598160
777087
475494
97313
120546
615702
217673
732999
108283
258004
953563
830833
17065
87255
979222
109101
874275
612785
245188
27511
625644
965481
64273
636325
219367
687874
663538
4027
591381
13347
166140
265553
391505
231697
40018
644135
792097
922104
1006484
228667
543479
273867
20442
81412
151739
153828
218144
245002
325257
327760
28385
241953
640625
462153
110757
829195
653342
69651
623701
220240
806842
450349
447027
702156
62249
43014
1030821
860051
452627
522019
356959
537690
151030
583341
51154
792120
140761
483571
861022
907935
5768
14872
31515
37961
41687
68005
69403
71591
76222
94439
116179
138357
144637
180880
224046
252214
261567
281098
294949
380986
473999
650774
658884
682820
882193
953242
955228
960860
978654
986504
1038648
85590
446587
231224
236336
282885
537424
537030
359774
19589
267705
39741
927668
95295
420140
869425
919642
1043086
71129
75741
218287
802725
832419
104076
171442
1013439
652540
222647
292471
37189
448340
352308
524109
191214
272258
242370
262787
718881
199387
816463
832194
27901
251730
406006
720509
450196
839790
448429
492679
155791
773191
269061
45665
448161
629765
237712
258156
110755
275760
483397
135698
781460
920570
58042
37695
360193
454587
591788
310737
348824
583163
236248
665417
382926
24336
223459
4485
449782
92701
235421
150612
451230
69075
839944
850
4917
10707
23148
26222
31822
39338
44820
48379
52806
58390
69195
71148
72091
89613
95688
98945
100546
100869
101355
104449
104913
105721
110762
128959
131721
135691
144411
149542
151393
161452
165422
171494
186586
189379
193242
201035
217222
227367
236445
237261
238874
239351
241565
246706
250742
265326
266655
267232
268936
270554
287109
292177
294376
296479
326480
339442
343679
347298
350939
351560
416684
419671
430841
431624
437545
449003
464073
474263
475181
477890
485044
485529
506626
508161
510363
512705
514067
516247
520048
534315
538267
580257
580506
599709
630373
634054
651467
653609
670243
681877
684736
685588
694360
711983
718802
728025
740583
741402
753871
763393
771024
777317
794784
848844
856711
868465
870600
876475
903307
906483
927536
938001
998545
999351
1015252
1064949
1091527
1117873
17153
21654
24472
32053
37157
43720
45221
52194
66297
92543
106545
107466
142746
148829
171561
186058
199179
201431
241468
242619
244754
246623
253296
256331
262203
263762
264268
264755
267565
269877
274943
279567
286418
419802
436465
439296
459772
466774
493150
510706
558155
575906
587422
603190
636372
636537
662516
682764
704730
716341
719343
777513
787834
794005
882936
943767
955088
957082
962234
965268
987190
1001977
1006876
1043969
1048349
1073689
1084432
1110429
1112809
1133453
41759
450475
574615
51224
751040
236432
679429
382932
257161
732839
53817
226967
274532
293929
395219
417060
514633
656628
933344
947537
971821
1087410
632731
8113
13146
17709
27539
45918
51410
51647
68307
76437
82063
97507
100082
101017
112769
132854
148011
180144
194464
217848
223998
224620
225619
249359
251227
253678
270035
290206
297431
305942
341779
348674
349739
388108
452417
492025
498450
506110
519484
522812
527985
550684
570066
584902
591487
598231
609006
611132
623400
623760
625842
652868
764604
783892
785638
795670
820400
821553
864531
868326
886485
889076
891228
915572
985417
1027615
1102572
1114163
26217
21748
802783
645105
836800
144320
636017
70013
602094
35399
131782
13793
275618
22035
340786
505653
63136
334157
666625
657195
499703
106135
204637
775586
104460
217619
569312
265037
667240
294186
395708
35236
359497
24676
62878
439156
48734
218782
71141
537916
269850
446303
93435
261088
121069
333700
466814
720328
505231
272650
94674
24858
27886
476093
815910
332179
651463
792273
94832
588508
83601
271250
359853
4590
21548
20704
937028
285496
72613
92185
110456
140051
216349
255281
96446
174944
631825
379465
648154
274219
39212
451547
436372
727384
26923
196812
522101
30960
838694
346663
18843
325781
92440
157695
611214
843950
260603
598158
418574
193906
1130848
562356
562573
612383
290542
60871
95309
107269
343701
402231
766923
928247
996129
90030
96210
490117
359732
544700
792302
259565
765152
507874
325728
171302
765722
906696
4966
100897
207366
392408
935322
353769
64266
715622
28678
75487
914951
972467
990034
94947
466355
340557
534631
804456
245981
131045
246262
161196
285483
49681
282005
97024
9327
117154
96158
13033
44457
259368
319176
40160
445852
287223
901764
87607
1940
227469
239238
221235
157303
688440
218348
30020
265498
1128
37106
103539
118242
144771
215418
264538
286735
386669
718882
732841
83616
348032
529015
229608
236253
341886
871036
201935
503344
163619
141741
217273
121490
949057
927667
159746
381347
151082
161426
250507
313570
831729
878084
602084
309616
82254
896818
485312
92375
351946
70785
536421
482240
140600
149838
197807
282218
387628
420067
586774
768867
965426
1018445
240051
144992
905477
464059
121892
263062
71422
94509
201067
446778
680114
977691
470594
7648
94010
108967
582064
834306
112111
423631
716572
720677
160302
4482
103388
102906
742957
286890
552249
697780
152210
236468
600314
150453
176347
528896
285520
32511
225086
102954
255237
302230
361853
52314
62921
641724
241293
589222
874733
134135
232645
279143
544777
206834
153130
657864
583075
75303
263046
31965
87098
655267
463864
1066024
18766
132390
150687
551433
153929
151754
26762
90851
311113
348740
281459
953475
46889
91820
974549
191243
322823
414558
189054
71933
628353
854171
6026
60032
162464
401563
31447
438794
875410
641225
783629
317667
52237
343262
232284
388401
120620
434263
418068
657102
219369
269768
346583
463195
645425
893460
933436
1090425
9766
65870
236018
396616
473068
139506
331351
16289
186665
1083918
449509
844547
150185
223651
417653
420957
553619
402863
634187
699241
896680
700999
58007
38912
40541
49933
53626
98147
187072
242437
256611
386727
437546
700247
160080
16965
420202
632629
92702
391616
465128
532630
909954
286131
41514
21516
61642
742050
570049
877875
933961
615896
496740
565357
303350
10324
401490
280039
160714
772143
720830
266053
109492
448227
463239
533237
729450
773814
51812
842724
526111
318479
646003
150427
63032
790902
91481
91899
118386
497765
836002
122483
327047
155768
115807
157276
212528
93968
148734
688437
451255
75545
577394
933566
35594
224569
684750
956327
471223
701001
686327
72641
228944
194076
272990
805059
82671
106964
276304
294569
351403
521256
776147
839833
100422
155650
26429
749247
393253
106349
137522
210142
241431
274957
285033
450158
261375
439752
806696
830577
71402
257515
100306
913843
76487
473534
1086082
70071
737936
650773
177446
207560
351310
382767
492843
578472
639620
676976
699992
198068
733996
166371
326508
334457
471549
534935
599891
636790
651369
662385
735928
992036
1100558
22383
1024673
1071938
664688
483
1105385
275960
710892
52338
364467
633302
635303
198049
430950
895882
349816
293943
263614
485482
606825
31344
156950
780680
174909
691666
39237
570047
565279
474510
289768
715090
445709
1051223
69542
621835
621984
844084
863298
907134
1047597
1047600
1065028
69545
258461
994812
139615
220429
92754
830505
152885
221560
1110002
436483
361775
155394
299190
263495
278223
906592
191569
417654
764977
364636
351834
586198
756860
965139
102971
507499
244954
351972
454510
496754
805257
1025882
24938
357715
472254
84308
437215
298111
631590
111784
125105
128271
122351
295549
901292
151573
544779
331194
642987
127436
346813
51720
101937
1045774
321673
128604
353955
236162
872736
162030
18740
704377
101610
313781
29774
561601
539773
26101
12520
277796
39664
99439
924024
1067622
91762
654844
38900
507168
1026267
467523
976379
999704
66614
70946
74579
77269
117118
180612
183850
228819
242337
251889
280022
353890
416122
423889
423958
428828
449293
466169
492728
529932
561856
574622
578851
590684
679977
688539
699124
700996
706425
719183
720925
735316
765831
777687
810750
834311
848715
896235
937432
966200
1002156
1069543
13972
16548
28825
30753
32876
69332
71297
86714
92426
96888
99675
123159
126644
155712
171606
177644
190701
202046
222567
227281
256385
259162
272732
273501
274114
279266
291257
298733
304866
337103
352044
353128
368432
389047
389048
392239
414169
459642
483598
545676
553779
571895
577482
606286
636972
648594
661906
673227
705561
707480
738427
792023
846376
912706
926966
980453
1003030
1007381
1090223
10148
17688
39659
40115
46298
47869
70262
72898
74428
88409
96683
141900
144387
156909
158401
164229
235777
256523
275606
289011
363411
389336
435892
457433
628873
653357
818017
866203
954104
991479
532035
221892
638015
529225
269577
61180
50193
69740
90184
271558
323225
352589
361940
385451
432614
472080
563206
823736
18596
71034
244783
439202
874770
244912
313995
659631
598986
445474
338218
319841
20122
339143
919515
622395
926445
44455
41124
120248
78650
4747
723697
97248
742041
1069471
17022
160397
565965
720543
273133
144084
296096
293666
124817
267251
1037222
148814
191612
217714
352638
561960
83130
280505
567883
510103
585746
71861
395730
209355
348191
478112
317828
906264
523458
737743
591134
743116
251546
537721
693235
17189
227047
115111
184778
26477
146934
636025
362426
462405
1067230
598161
5039
29253
342521
551926
546878
337102
29331
110686
184976
948813
297991
11864
616098
64860
609539
71069
635381
667236
118298
12609
96366
133339
179890
555443
170939
1011051
692358
463006
688410
146654
282431
239348
185738
426224
74856
329791
230792
386537
231543
343266
108720
240026
206461
7660
164642
208809
369102
582764
626147
702466
773847
864416
11540
124568
145941
176068
177467
201384
221832
223961
348024
456422
531333
562212
567773
578564
851468
895047
960630
1123463
435941
326479
366046
50927
74641
447049
713991
329591
211355
777253
319646
267129
930277
646198
253191
918139
770401
203030
100681
181022
450044
77302
27229
531697
163666
46131
472607
784113
545603
261758
33655
97244
250587
52256
112773
139445
155121
205041
234463
332065
803714
947546
448485
161954
482428
349031
898133
63003
708605
241397
84519
327987
50752
228494
657919
170192
790287
41216
79175
28190
40195
44523
49541
54768
68634
70603
74611
82151
84842
94151
99159
101812
106118
106362
112599
114369
122774
126061
128496
134789
135332
136734
140528
159666
160936
161780
170099
172895
180381
228623
242186
242945
244443
252011
268679
274030
275969
325226
349677
362557
387504
397298
444720
449396
453946
455767
477879
490615
522532
571020
578282
589777
592259
601194
613896
630308
636456
640265
648774
649033
670866
676678
684023
757069
783283
788504
793759
820820
822222
830145
866954
873805
878711
897945
924296
938253
958085
965474
980129
980758
996973
1019614
1021339
1025740
1030864
1033746
1081979
1083924
1096736
839030
223850
20441
292393
220796
103058
8124
35248
100271
111148
224404
307107
607509
680432
680765
801077
833945
1119576
103672
195542
222040
249900
268235
284527
331943
359069
392927
505681
531056
537551
571433
604206
824107
973228
49651
258092
473036
616800
893866
210322
104065
66719
819297
112282
435144
609357
257019
46894
11986
311818
159766
215027
189737
558019
241370
817711
1073630
69329
174162
385704
1037316
632567
231183
32130
562256
130938
58264
291889
915590
1075579
162115
18779
142628
104610
325962
635191
306302
530241
482874
98556
552852
130932
822396
26095
1054565
291336
180174
68717
4972
960714
218966
810983
88658
100858
104841
263731
336835
393343
542728
138108
49563
23737
81468
144113
549407
595776
622837
698133
764639
859247
1002848
1019314
1101223
1105965
27138
34987
55900
63693
79025
84712
97277
99710
144311
181448
216521
222929
346504
349268
359220
534075
536705
553039
568865
579759
639773
670233
715437
738508
801309
879788
1103593
317811
77048
349157
319396
13970
85516
260987
69526
339411
996678
341990
331787
222078
507081
99139
190406
348613
66732
462506
505286
558756
1001781
701000
451805
488568
113295
776740
489841
206478
848767
1065246
8632
189757
401524
636529
150067
953287
118886
342347
114139
772317
304521
158353
216278
233277
271953
296628
360730
468318
771201
103927
240069
583428
325308
153431
156294
174251
231058
74439
585114
262799
291255
313565
776744
63696
206145
47102
264816
475898
766958
648016
733402
70948
39844
131440
216829
293284
1019182
93272
62001
145179
151879
233216
319848
363696
439616
463481
482387
586021
596997
613477
628474
641364
742978
382304
98349
1031362
277990
776743
75396
7261
217598
421048
629626
879750
1037315
155
648015
86780
304045
75168
914139
350296
1025837
102910
469164
523500
717903
1086084
496318
290091
48818
216530
719333
96506
135824
151010
174479
174858
183616
192034
242947
344254
356296
476321
955131
1020331
16673
38892
84354
235760
259153
298869
310140
473213
919323
1005029
340451
873951
58608
26545
146556
84758
341472
271955
473666
1695
116191
510349
313844
531645
544060
272716
365878
2324
4777
546568
774273
34404
198814
17856
121542
517748
592507
147313
276365
681194
158587
381733
389676
23772
181028
294317
337770
348380
485303
611483
751525
924127
152450
629156
560336
859232
147863
335789
521572
240498
705953
862979
570046
64826
592746
449292
1009118
339388
299183
966046
636376
500098
21078
559280
275120
401032
275897
271555
211339
787531
370071
360571
878955
580995
273063
70827
76354
992101
973048
809212
110829
151645
453678
691348
130939
74844
613043
30979
623088
642804
26713
614546
561974
62721
871384
151475
64849
474570
104235
28514
20392
434888
692460
931069
25104
188554
561797
213448
490511
382358
130954
319602
589422
624617
217575
287160
325804
101969
632330
148341
4418
390024
64747
617829
609543
291441
419861
294598
75484
452565
591404
397261
110349
342827
331442
471154
357369
221013
170937
75452
685711
668441
235582
368817
663646
775241
519721
349103
773797
260290
151242
13833
236535
26865
151805
223962
364889
365960
787620
158536
20662
500180
147428
282873
534361
311382
951623
537083
70334
281267
179649
596563
21395
82578
22808
1071000
641989
453246
926691
117379
30745
251906
143934
328017
627520
1116773
112505
264670
448349
398637
84821
99418
160216
280037
155067
664118
164151
981007
30847
84520
203211
909540
927017
330111
944637
102753
117138
776742
222145
28633
418410
401527
44847
131420
768915
109298
3444
199548
345153
523322
809547
78952
196995
658007
766152
811627
529374
230967
362503
292787
48233
275792
267709
385944
240068
964
951429
298650
229335
45865
218614
468290
502966
211036
192121
474577
301720
308524
131055
471795
532028
148823
950353
566227
63901
657417
449528
570008
259622
47346
2345
136499
446035
437689
24254
123023
150121
367959
110596
1043170
891840
79213
475608
886107
624060
90055
26975
506948
796719
532623
563196
47812
434121
255623
470732
382731
146270
767671
592712
76017
495018
479419
194998
489014
816787
680638
120852
74784
416494
92446
483929
1084905
869574
333822
473450
1089012
890520
237308
59211
1322
19032
142892
269508
420980
471498
815448
28666
681913
121789
947153
89276
458382
93570
530914
220328
68084
20106
634655
37201
321746
269940
616710
208267
981580
583062
407014
238363
990927
95484
357712
31136
651154
585005
221769
670959
229648
104805
561568
731467
971063
479239
271119
280370
8545
30283
33571
40504
87668
96846
97463
101251
105294
135480
141590
170145
172662
177401
193781
207750
210176
220715
228372
232285
243777
317884
346263
361065
388551
393083
434164
463310
513049
524274
541782
553918
584706
584927
639591
648546
705574
751493
767808
805815
809549
828380
1107179
435593
474560
1301
220267
218051
153727
559084
364871
179601
39961
45727
434243
960456
331251
312670
386634
3530
103226
393701
225555
520726
648950
641514
491279
919655
1066526
394410
93535
93615
153271
356043
518659
32722
402174
221522
264572
541186
667396
18591
19262
29706
31103
58395
69960
74639
99699
131368
141371
156061
157095
160760
162354
180353
219812
222731
235415
250298
258650
280852
369745
447491
459089
473409
495738
528748
566555
609227
644107
841199
911771
960570
965785
1027488
1039469
137812
435601
452137
483093
137553
13149
122123
585179
140625
547633
203264
209936
656983
18859
29472
57992
151980
219927
312936
317615
562162
588544
682809
697258
884860
973037
93940
303691
360859
191665
353448
468110
493836
982948
888110
342903
595572
147610
1117668
86465
924456
285498
285589
888161
228690
698485
30517
346273
636413
201791
1032022
217597
381140
269611
37819
146842
633342
888278
219609
402111
156831
244084
96314
938079
631192
143691
353768
359119
449083
457183
462926
551802
768693
808560
852496
945776
1065471
132369
532814
26437
334497
92791
479122
598933
427653
295068
64704
151349
381957
618385
59329
117747
1021909
512493
320359
163741
319591
23928
806156
331054
543203
135572
269838
881365
103938
160277
291883
629514
56806
1056749
41275
38129
382291
186001
436045
689253
2857
38955
48692
53598
84515
138571
164035
174270
260770
260948
343216
466058
489655
628895
739204
802509
842805
968270
13234
66987
89841
96347
96468
110500
143865
149228
152015
152839
162521
204969
221485
234656
237012
326320
347804
432131
512015
519652
556953
582688
585719
660971
718037
791956
857257
1118706
343882
720361
3000
31075
32484
34693
36136
53015
61309
75070
89205
98085
105517
121356
122596
137846
139056
175005
188939
195274
199438
207568
240332
242896
243548
252676
258135
258219
259266
260999
294184
299767
301760
313222
326595
356227
357435
402322
430840
440165
456472
472537
486998
492266
505333
506974
507894
528765
540166
553325
585847
596088
598488
602962
621608
623338
625784
638550
640568
746929
749953
774243
777176
830218
839628
886799
890663
899592
909706
915785
947329
979364
1115075
471961
861652
558403
271859
93721
98350
348865
84762
912121
61333
1013711
15059
259566
381272
13312
268582
230101
274501
389889
436613
1107
4081
35015
36595
38284
59003
66158
68924
76022
116133
121711
124478
131493
133690
134830
137942
144337
150809
163500
174963
184119
207023
210733
211899
216704
216942
236089
241855
248993
260313
265909
270909
283454
296342
313658
316006
331077
332824
344840
350059
353936
361468
368770
386114
394573
398208
404613
419283
430268
430551
444329
447697
448060
457113
468239
468757
473511
477719
479006
484321
496316
498826
510766
519450
532457
536675
538773
579686
584744
586078
613095
615097
626597
640807
645420
645631
658596
736449
743888
750705
765971
767005
770029
773279
776305
803219
842695
868433
902373
903186
914381
915066
915547
917081
933445
941477
990355
991970
1007155
1020065
1095878
1114235
1120755
1122889
30414
185766
908574
29964
472468
398782
76042
98590
198025
343235
470981
401016
426539
75888
533888
553399
314854
448945
99482
969070
180233
332125
864530
645125
381317
151446
40058
331654
452570
84784
253467
184709
321978
178773
416798
100885
267680
256922
793361
918373
559805
622577
128631
656532
615879
149673
47410
662546
21355
28296
32676
67759
68914
141232
172680
363437
368291
419523
498372
664840
794588
873381
1046239
1113111
530514
212140
397494
669250
349746
163185
931174
473226
906624
242068
396043
17106
531915
777932
202483
121048
51202
471451
520245
521703
955594
494951
85872
526315
566434
699073
386827
326369
464784
272977
559050
102435
790855
430465
135522
597672
201206
155108
239676
331635
646380
51377
118554
79555
196758
248339
1027290
750810
332083
602887
226802
670544
267624
270627
322208
321452
528363
174918
310402
946750
973318
46543
70366
71330
132459
153412
257205
264300
334661
334971
490231
522403
522685
600012
681959
683602
720961
796580
811824
901245
1006310
678111
800454
369404
92345
485443
257595
10735
812204
93670
73965
43388
877710
820383
60127
401011
767822
104304
446190
734731
969388
840743
125867
454750
1000531
788227
539249
532834
347424
122472
626822
776540
29294
422033
145871
63377
655421
274196
416805
147697
553400
975540
209658
557072
702747
18185
218154
252112
253159
604807
837039
409255
476299
661192
61221
817227
178417
265337
324688
628967
241320
292137
298653
805766
121644
79215
163191
270905
106408
24978
242610
116512
153521
318632
580389
777499
1020900
1057863
180167
348668
6565
123934
71309
149109
281895
788511
576188
89749
260360
123787
506819
73561
94938
672683
262144
498711
820678
121983
491581
25882
37281
293723
301059
335112
476778
508697
864529
61075
121149
131767
246242
276508
451134
497219
947296
1089011
289718
996534
247801
433267
343581
275793
339968
555780
254358
136375
236254
832958
321309
252636
381667
555924
583061
154824
453317
513999
107224
581241
676897
347423
48941
729447
354299
19391
69035
413131
629244
317651
418364
150098
151424
94730
303374
592626
332045
191937
437176
613308
94563
353393
837188
417049
200569
361794
120308
98397
34982
144640
121047
382496
150684
329448
99847
466749
298622
342028
144886
254440
124130
591403
716182
837574
64451
174326
263915
28389
265425
505363
149638
37339
699006
766876
903097
559902
658837
297942
38845
342351
317523
437092
592375
221649
693020
8198
651212
897736
880158
31308
857491
300176
27703
266342
724035
221647
322853
189713
668315
902270
340619
261734
629988
777255
202404
395785
466693
606147
896677
261258
137368
21529
207665
254038
468284
1052223
353033
1114569
198491
755746
544639
2726
1010237
43082
286855
208080
454495
248548
246336
510826
467361
982058
232274
13230
98181
145517
52028
340622
1051842
526216
35676
221860
69039
267714
282586
235475
598142
108721
458316
473618
252631
260014
44028
824686
75914
71188
98186
108681
809794
265340
364524
532488
386994
32875
60397
112744
131212
171437
200745
232158
271548
334714
388334
444082
493219
559102
583540
614884
615779
626724
628339
671088
671791
697567
717116
813447
849471
907400
932253
941029
966089
970427
1011253
1033572
1048688
1077073
1083314
1094618
1105747
10956
22790
24892
27181
34929
79203
109684
128294
136918
146029
184911
209484
229173
256455
258575
297346
381585
444613
454272
588134
594499
639183
665246
668268
713258
722288
762059
829664
878702
1089241
114815
643784
671581
696478
1092150
50853
287674
543123
510132
838629
291131
109103
16615
29638
327285
28907
419527
962305
697180
634524
267136
92667
245583
252329
834206
13527
629016
164254
438450
863171
229266
216045
195535
958998
161033
253269
616438
120018
121568
160260
174871
209119
227917
247173
355975
414451
510099
546280
592710
618328
756736
879330
870767
629725
148975
293845
25468
218844
74759
113110
149395
28273
633841
8064
615573
836597
546683
394047
27378
443928
10935
22134
27849
28179
28821
30962
33564
34429
37489
45602
48399
55325
55768
58734
59694
78948
79530
84385
88195
99115
115869
117529
125211
130990
130995
132693
145986
148348
151427
158865
159984
163617
164083
164730
165031
175097
176232
178092
179781
179849
184925
192645
195597
195726
196313
209916
221303
228940
232508
238551
245213
245818
250115
251110
255001
260769
265133
267692
269596
278507
287993
290955
292618
296409
306956
316965
318661
322231
348284
357963
369312
383620
385700
392328
397174
431890
433505
443322
455352
462268
462925
465197
496540
513267
524214
532578
538790
561724
565707
565721
566677
568440
568445
570209
571843
587091
597237
606456
606763
616293
636427
655231
689505
693310
694123
708750
712974
729082
733917
736191
737675
738122
761858
762957
764438
774937
775770
779634
802201
803781
839701
844407
856301
868691
876372
877181
892964
896800
901165
905156
915591
918308
919757
919921
925349
926359
935892
953162
965396
966636
973799
983151
985471
988470
988864
1001129
1006865
1010308
1022997
1049189
1058892
1061527
1062158
1067634
1085884
1091247
1106706
121249
428897
257154
127874
191809
67267
116016
121546
288534
342261
381483
439159
590171
590197
647352
660044
689935
1062171
200123
822733
153796
179749
136010
338192
280140
538281
568809
398138
476792
893317
497993
662464
417521
703304
640914
146522
161021
118694
398242
25985
868968
571188
589799
771989
255048
456012
285741
595336
97175
435988
516565
94156
445589
888031
570994
222588
190481
199163
75450
70284
332018
340192
352878
419675
335766
199025
225272
1108219
633998
580407
122029
1049421
433856
520198
177646
286894
497948
31912
161034
274422
956211
878856
38482
504432
448231
369826
4505
72032
103483
108557
291104
329065
331431
418638
580166
586265
617388
918997
951182
962043
1090521
1132820
1080657
386296
698286
239513
915279
148828
260621
807815
1065572
927819
563181
52239
921916
864733
355026
46929
649166
329312
602827
332030
3034
27759
534703
59457
529096
92954
29358
32848
39918
82964
96408
148775
277831
315510
531989
560960
626596
654503
758400
800530
13232
488169
25992
161035
170126
207654
258054
325700
405939
488458
521022
574080
618043
688476
778503
941052
228737
720431
587265
634963
823792
159604
537588
6003
94761
104446
142825
179710
289933
508756
774990
886156
901837
16949
39826
40123
66566
86321
126246
229642
244145
318259
334616
455228
479530
511324
581869
590945
27157
163785
506591
120358
164648
479258
1001121
1006908
332085
257560
97970
334721
613695
12376
188470
512268
805555
129975
289698
746836
334298
153135
682101
178304
58729
201809
95943
542536
121151
19632
386251
385943
264120
531790
188088
44057
47139
66839
124414
147450
158088
171760
210684
238994
268744
294340
303520
319696
354423
390148
399571
456087
528543
537292
549427
559707
574497
590805
607832
612230
615903
627709
774213
827257
839803
852356
865329
876709
898818
907811
936193
937649
1076000
184050
723157
936743
16734
733834
521721
1014188
357040
443926
132806
16835
1045913
121352
90173
27533
279487
816144
139050
406700
861598
31438
59390
59429
204847
254394
372960
455723
677154
783753
1069122
75002
120927
340694
462608
336079
37689
999429
151918
47659
518270
331415
18975
104367
339570
733313
807105
517661
564382
98268
844857
638625
646004
435663
743744
38840
711164
882508
884368
9911
25942
49838
57869
68973
97860
119539
138559
156638
160902
197638
213276
219638
246703
252265
270786
328350
334453
351515
383752
456907
475885
477148
508175
519960
541830
570281
822516
876230
936623
1006840
1018887
1070285
359918
440198
267283
343251
872824
793315
97449
238267
13206
17865
28502
30976
36395
37873
70614
71164
80844
96778
132530
147613
153619
155440
160939
174836
240458
268869
310068
312609
319839
321881
440140
473892
481976
507101
508667
516182
596562
598140
623237
631435
632926
635756
664210
672746
728813
737192
770319
775713
820220
902864
932868
937280
942483
944770
944949
986467
1015755
1063225
1072679
1083781
1084683
1111634
96386
71579
289633
151085
83007
336429
473165
572706
628486
765159
1106992
253972
538581
164252
175040
449206
658632
689132
851927
32715
91701
92271
145032
257327
447961
726102
1105565
104527
74391
143518
24227
277993
369094
583209
589161
916613
6507
14074
40470
50519
83282
100915
117260
123200
134461
149586
156929
161448
163528
265122
272796
321379
334188
353516
416532
468498
524850
534375
609445
641725
751202
913667
1121617
58557
258572
713632
275153
156918
90974
797307
466836
459442
31781
35967
265718
22993
51183
72221
91416
109085
144750
201647
246790
259598
345461
406986
470566
1053120
331150
238587
331733
951511
990368
977882
785611
257269
342776
518272
32047
33891
61139
155083
342483
470565
527767
699268
890911
215896
528376
288137
449493
262802
289491
607719
773305
803776
222552
448510
95825
493772
868468
402000
869122
574488
25525
391757
474439
592354
768543
911001
942056
651440
677199
570633
448014
105423
13276
29126
227252
478120
794081
45770
48130
401950
581839
241357
935639
184254
636797
995655
842733
6104
109961
115629
117110
153422
157234
157421
219344
230850
239268
249835
279384
283535
436478
464521
715119
857708
882157
958240
992762
297699
694476
9456
12370
63882
70896
102483
381986
640990
74959
262817
253439
136493
251408
247820
102037
969703
543277
477558
336128
295186
1018314
455184
215808
344174
32430
83626
92851
140135
175294
437489
483910
697804
270603
195498
498748
619217
807799
296968
98513
455219
448229
503279
715241
121022
34425
46134
63683
83956
89473
101461
106906
132268
252848
493056
610369
650691
994844
21300
333879
51672
394004
433397
639605
843971
880758
335857
458061
487532
327881
353979
270102
289699
147102
30610
120131
417809
1005939
132028
999360
327241
567226
60573
703682
761949
503601
514347
826140
118028
229230
81928
776320
784088
101929
469399
870242
44279
688668
226766
600464
269399
670459
3047
590398
712820
478699
1032020
568603
908587
321499
150892
103482
541211
1071268
204633
1001215
417023
38502
183953
132058
332052
971496
86848
44267
5893
643705
16849
149620
485438
160588
977471
492900
622892
286168
465
110203
159129
22516
291
868969
201422
218350
2085
220226
221139
441263
30370
16613
103743
419958
222553
129619
54134
978497
586356
44497
848650
67582
1933
417652
25751
1017801
149820
242113
237420
35091
140322
372885
615106
235553
705069
236529
132315
401089
636354
352141
85644
296372
466499
697758
149217
445527
562953
452277
657737
62651
453349
615444
161728
430705
390730
1081973
233049
216916
316644
273261
776738
60296
568195
654820
88775
114076
201257
241715
312323
735830
700577
153914
261559
433494
434605
121266
64400
892169
574259
101075
613960
146974
546773
1016159
921915
742834
184232
269782
44962
122098
143620
175037
186334
194580
207222
221532
245937
292667
395717
522707
533971
556778
570448
814174
914373
962468
1037831
1134630
20265
121937
145472
176570
177954
209224
220392
225985
241702
271120
287980
335542
344269
346839
363700
427633
466205
536737
647808
658692
717407
772954
788416
932641
968183
971291
1067436
1104704
1104705
1105693
348317
1055088
157728
533337
271736
994160
836706
525194
98385
914492
171443
713434
95940
116196
191848
195135
455355
517745
574802
385934
64845
118877
395180
335793
75022
3536
6952
25649
221662
331913
856667
947488
1108216
260254
474674
130993
475851
201428
558470
88822
69110
61513
97298
383616
642825
779797
320776
120750
530809
153891
151520
25841
75663
91590
91864
140850
199694
226306
251894
271481
274590
296484
357120
406015
452708
580852
600469
602183
613150
714129
866337
887928
936475
944480
955773
957244
960695
1002405
21356
25449
58589
78169
145781
199758
204778
287143
293946
309578
397092
437938
463531
464602
488987
530626
573423
581477
582003
586129
590173
596623
627808
629248
638325
640811
646505
673065
701962
711061
728027
757193
803847
807000
821921
846057
882153
950036
1001087
1056926
11237
49585
82268
85525
172928
216154
234624
256934
272986
313514
370351
418366
447341
465385
595938
625427
638524
715323
810890
839895
927231
1116244
209203
536407
681240
18102
72074
96346
131472
91557
191692
265179
270342
331452
388478
395826
566697
689719
700643
854286
888435
934336
962077
1054900
39173
918147
239572
503315
83746
1071517
123153
487562
64756
259968
632113
796881
766695
253264
230662
151290
360807
143182
478319
489073
775730
792793
1054078
97390
146381
720843
945781
198182
784264
887931
462406
587535
155499
1031127
648395
223843
274155
51492
316889
334641
391605
922518
964924
995217
897429
1078244
161351
293165
293463
633567
1067099
70494
464868
115508
901534
477143
825227
104198
945408
921893
973233
653417
252115
72513
361211
680919
129797
778747
573794
586471
253594
800725
119790
949232
587645
13197
36778
562334
388534
507067
648715
475937
37738
74568
99694
113681
149091
178379
179878
184697
195448
219953
267356
271203
278004
360566
518552
618921
670519
681494
689961
962168
1018685
1112498
800231
31225
31338
185792
364426
365962
494033
744764
974823
7824
78049
90973
96057
115738
122912
146630
190633
194222
242279
276731
292931
325740
387107
478280
597426
598104
602104
805963
1098520
328457
30711
43317
159918
273662
287127
683253
820193
829650
645563
84368
337218
252944
346485
216156
103051
112608
726561
973506
613389
164351
199595
348895
71342
269249
919171
28774
43066
1075381
723181
505756
769805
319911
497724
21493
179606
339566
835872
848958
556366
413554
76053
230235
446905
503282
183209
325959
124711
31874
45817
88325
102342
149396
698563
857486
932683
1049909
532932
1044429
916934
658225
262248
251629
39873
344517
96455
455835
510980
545131
632219
666368
46717
179766
999769
163399
2415
119822
145705
268838
276916
286403
385710
443875
473639
790715
817581
1050513
15183
282160
367672
479708
498167
529756
543402
604933
626253
733723
744265
838537
127199
91686
43554
89084
669217
1097373
777769
290355
298728
957510
509973
648359
998485
979686
161905
549799
837742
22178
933096
483753
389891
96396
329054
634564
907440
113405
368919
292797
541437
842136
344311
29239
253266
573690
1085864
918145
615450
86450
121817
290238
283449
65057
100296
636643
1089989
148837
59647
273449
385592
471465
12191
388606
685494
779786
605895
716419
28331
42158
435429
261466
492903
571349
92531
478760
502535
89584
18930
320827
435621
48480
75950
921256
261907
582943
13850
187871
412349
104375
362272
589849
262684
766311
272000
105332
146716
1002217
120059
581444
360227
468903
1033445
61435
701778
1089444
104802
147514
264599
406030
581723
292610
155481
237253
1019853
81369
127772
333630
1115818
769454
871204
877126
238066
41623
452724
198140
256157
575614
312452
85485
561134
633291
329563
443546
336210
127526
6875
265362
200166
118744
343261
161288
327930
446841
68542
23744
42950
94294
469380
716421
1008180
627372
231129
66655
419211
562989
767598
130206
583709
98693
208179
1112427
106447
302024
627410
106540
128114
271474
996749
141960
138903
580654
356397
536295
61536
114032
347019
190673
417739
21560
532119
344195
805318
92372
149465
317143
352634
386871
455204
251634
399717
787159
333701
435193
392302
908004
285862
4503
13187
25853
32101
96015
109155
131139
175260
176352
197581
205914
213507
268699
272966
276532
283597
309611
329527
368939
415441
462350
494317
506541
550792
551752
559080
561911
583656
609046
640044
716239
747709
758361
801292
825530
828203
836323
837754
859456
925722
1003905
1013214
563884
617449
180270
19849
251320
447209
148608
155283
624369
1085811
229267
506294
24837
716386
36005
95768
233024
439272
577809
613185
830682
1147
4846
5641
8824
11629
12967
13373
13540
13706
14024
14129
20142
21196
21852
22901
23049
24727
26111
27568
35185
43590
43983
45810
50971
53880
57935
58437
59473
62677
63015
67463
71024
71186
71838
71950
73972
75605
76203
77139
77256
77336
77642
78059
78662
78971
79398
82993
84852
86209
86432
87542
88216
91276
91785
92895
93571
95914
99724
102167
109816
111758
111886
114161
115614
115794
117069
117284
117596
118233
119415
119766
120908
122459
127409
130416
132014
135780
135791
137049
139803
140376
140793
144228
145153
148255
152410
153779
155147
155697
156527
157592
159065
160006
161406
161559
162395
163370
164138
164245
164306
164409
164472
164668
165019
166035
170384
171464
172907
173244
176518
177436
180044
180420
180709
181511
182292
184054
184929
188305
189849
191861
195714
199390
200146
200273
201385
207890
208152
212021
212471
214960
215652
220099
220998
222865
223436
224487
226709
227421
230518
230537
235485
235929
236469
236647
239535
242707
243625
244448
248642
249734
251947
254930
256571
256679
259395
260029
261783
261991
264027
264962
266557
268975
271740
273942
274323
281068
284717
286147
286806
289169
291062
294984
298510
300160
302377
306479
317265
317380
317605
319687
321158
324622
329375
334684
334819
340060
341541
343259
343323
343443
344664
347190
349878
352548
352653
352685
352936
355521
356765
358563
362661
364428
365027
368854
369255
369380
380892
381071
382884
383528
384688
384943
386714
387495
394883
396501
397207
398819
399758
406236
407187
408023
414052
414303
293144
1019848
587646
944852
558465
664220
755135
439226
918164
1076321
208058
776739
895816
634178
804801
1040902
562923
101561
563656
424386
15584
146759
188402
551298
350121
71259
164024
345402
359324
559486
459701
163557
93772
146416
219800
47023
826139
841056
657357
637574
70964
326140
229511
499858
685495
356606
236047
209482
145509
621987
573396
129769
49339
983173
211165
431995
102926
139375
191444
194986
210238
334669
810082
109469
956774
17946
112961
206654
241389
349334
139156
277046
318739
494171
879220
345129
45870
62888
196520
254701
651310
772258
264665
497082
220225
275845
848956
96188
147902
356420
490080
338119
290420
79603
591934
153397
241781
335764
158277
225698
646105
149821
764257
285774
1030694
11004
521628
381367
251358
393769
498600
466675
119066
125917
121389
156965
13071
29575
477557
50701
391614
529710
941118
26622
229447
348680
498865
516146
66754
912493
951680
195411
93497
604594
452045
587385
164073
261722
350113
684073
493662
72094
348716
447845
668855
105709
58188
898069
93500
873260
473476
488353
665404
175191
504394
114668
201388
263798
274821
699103
212746
91053
95612
444763
195441
629833
262172
803761
369052
633042
3450
221397
49555
1030584
7062
139148
871408
12430
271573
43121
136531
318191
444798
155048
1009335
31567
243889
562816
720307
751950
767201
904695
916214
1023950
1035962
148526
414669
417036
420144
422702
436313
438113
443627
448410
449982
449990
451485
451664
455309
455504
456858
457515
457756
458221
458923
460116
462975
465167
466724
468054
471571
472264
472918
473755
474055
475534
475943
479195
481273
489160
494788
498558
499273
499450
499876
501002
504437
507960
512146
512620
524142
530849
533000
534500
539195
543217
545601
549358
550658
552965
555656
562408
566993
576139
578103
579692
580652
581694
582472
582562
583392
583811
583873
584812
584953
585231
586297
587190
588996
589962
591096
592059
600309
603918
605559
610604
613657
615520
629437
635779
639326
641500
641734
642994
648269
648739
664166
669985
670117
679169
680611
686245
686473
687324
689593
693224
700651
701111
708657
712216
718675
723724
731279
737257
746390
747434
750128
763734
770254
770346
770774
777654
777945
780130
780638
783439
783642
790186
792889
795154
803903
804560
808419
809255
812619
821511
821867
830758
832170
835610
835870
842225
844116
844827
845184
848389
850102
851207
863583
864706
866220
866282
869380
872500
876028
879208
880044
881063
881474
888715
892086
893071
893831
897917
898116
899348
899567
901070
901558
901732
906923
907862
908162
908290
910779
912969
918911
921173
930787
939650
940238
941311
941634
941680
947133
947963
948546
948745
950374
952152
952815
957817
961563
966769
969255
976602
977369
979662
980539
983100
984922
987327
991213
997084
998385
1000692
1002655
1016648
1018278
1019291
1025025
1026470
1028350
1031102
1046215
1058106
1058751
1069701
1072064
1078421
1080114
1092629
1093824
1096025
1098986
1101113
1114633
161636
286991
51207
931782
730112
84377
261743
509950
267456
45871
119967
133166
218298
439976
572890
586385
602382
752242
855172
583421
26322
232568
349445
816770
558895
459990
440202
833186
871551
160825
78829
640231
1001759
71860
815974
572753
954796
859528
6128
617403
903760
30360
653335
398651
210902
332177
101443
662917
743845
45531
68640
195312
218240
222180
233313
265105
327056
644112
661931
719640
159504
247786
720882
840359
845772
1077023
436181
584964
727177
732383
809803
124775
275942
16977
141552
144801
384656
132533
17009
118005
132172
154149
176251
230900
268049
507746
589126
640306
671469
803152
930939
945715
952840
1028812
1043018
1070514
14448
35388
77360
215057
240402
533065
662458
765734
848464
1036342
95734
161802
262096
616868
1038336
1079287
26284
31455
163934
201744
205452
356660
529776
534108
551425
677250
776218
1043645
1074778
291123
204992
13859
18835
20230
24093
29365
43518
64340
69286
74057
103281
120078
158592
188073
197622
208866
241612
242249
243576
249977
263527
292698
336401
362692
390238
471984
473112
628613
632932
642870
665574
736491
795101
827910
888979
949475
974827
31495
70506
217924
254941
270737
301425
331494
428050
453549
486527
552821
629458
663770
676924
774425
777401
939058
949759
997980
1095953
44876
71870
89072
97752
145343
157727
171267
290453
298951
611559
944590
986894
1000672
1015870
144550
331045
788323
450302
74829
187000
473200
24309
26506
32718
106626
254445
259530
286965
292778
456057
537395
751193
833079
48252
51157
88014
508703
590360
591374
782969
905851
188001
195385
22793
95154
291962
362558
140858
730258
191273
456625
913625
43263
25796
361562
106074
384937
756759
340471
769704
293003
34196
92483
127675
143711
232990
293471
317842
442891
447217
478417
576703
608551
646731
773938
874281
987831
1038798
40405
60155
265991
352578
361043
364566
369586
370193
398239
485043
914742
101757
26120
605494
862718
121358
636350
204963
29647
50881
96393
143539
286810
528754
747484
1037920
236032
78851
129733
152285
682217
179662
172362
387053
582171
624984
613289
191927
148508
418310
877803
824624
1020181
281483
353737
483443
520037
526164
19294
132658
152516
236866
238712
243859
560677
572814
840401
1005741
18903
40787
115859
188548
241467
242476
323330
467199
518520
570247
618280
667987
771029
502585
579815
145988
359067
106104
356168
655214
257798
541956
7869
13119
20336
26640
29389
30754
71836
83226
85214
91575
108781
132134
143884
148971
209722
255171
261369
268861
270153
287663
324043
340737
349715
380908
395806
399827
406020
457128
457755
465950
482877
496609
513036
513062
519619
604489
624422
630441
631253
652676
791258
829866
834035
858850
985457
1052359
1071398
534214
381414
33823
364609
892171
348336
702685
343120
273762
922045
272721
626076
386447
635134
18253
23337
39657
92564
104208
111889
138574
228912
321907
406993
436097
458635
583096
655941
931884
102174
543335
693313
801004
906132
506008
604703
654083
103620
685507
850086
239692
294511
710961
17196
341532
90963
401307
315880
911439
61257
814520
530877
851810
85230
352043
61638
150798
271025
389494
435930
455250
730349
938423
883844
991379
1122303
803611
1067759
386891
269836
17020
1029900
96187
733038
715233
242300
140589
323625
1123374
380984
105255
448543
723158
663529
135944
309955
255204
487153
539849
168305
528113
21895
401015
878160
634101
160993
614698
348693
68848
191384
185904
46010
96430
450033
356246
187570
26565
688549
842711
272191
563510
623309
881850
357561
669382
542355
445637
959493
553630
62947
95537
159380
200248
247906
335111
364880
465181
562451
769426
858366
118381
276321
580849
520025
333659
502916
524261
615885
644795
672593
1007675
28425
60737
73573
146834
225105
225133
229968
269261
294428
321913
329637
336673
338885
363859
491571
542833
544954
567908
591588
650463
679957
725943
764385
785602
823920
856759
888430
934751
949328
208837
636513
239173
579292
712164
45103
44539
952861
295278
609377
560820
228549
251973
262389
212235
840631
236301
1098423
792745
319859
907325
446167
554227
657047
320487
191329
636699
467921
96267
914101
40168
70239
72132
113848
159505
160440
191234
216961
218864
242331
338174
350065
353183
458717
506954
523612
524233
571153
581057
714199
794079
1005834
2115
95369
591201
1823
408914
402613
661374
563292
417052
17492
154820
716562
180502
320751
503454
219238
859172
61209
630787
98331
333752
17030
455948
135726
974973
384919
260622
521607
407469
45501
104400
267568
951478
154572
202316
805393
633997
77220
937424
62241
697261
43060
897654
250681
526105
138213
229585
257807
150891
741101
332765
766644
1038806
571173
295641
876633
186988
319740
652634
616435
896967
92070
892981
314016
95417
879131
99045
112722
246630
456933
39745
70192
100377
145867
245041
285442
546983
578402
635526
855675
693172
156663
336836
223489
103606
797423
859006
221919
317111
479012
216190
136423
433512
388147
390456
106645
531778
936283
157057
400189
923595
511027
622091
402915
74996
434539
275177
730193
143822
573171
37529
862481
985170
336315
275816
88270
686329
221598
309780
309887
1340
465316
633995
968128
145865
224624
276502
299555
479013
98370
309581
132115
978718
71980
340674
991463
1011943
654448
74718
879159
478777
459616
885302
1040325
898424
157240
999083
21070
21562
141771
573081
697883
599424
904050
879404
472404
2480
220344
126467
67748
111471
191249
743166
175887
443558
140444
104521
466914
539823
148970
293585
3465
212451
127480
507397
463680
69617
778471
879214
294513
77223
71020
63020
29117
894558
150919
191352
526661
502936
144741
48843
149727
44855
209276
464888
113780
279574
472408
61584
617151
95700
76061
275943
382847
300587
581253
75848
317093
1131657
164940
592993
575333
217678
987781
478961
309948
422839
7896
36770
259388
191333
87410
270793
242601
652635
444090
96152
130579
456717
369063
530432
920726
207471
487368
952912
138021
517432
336013
696878
84966
477995
757334
401084
98143
763571
294220
301885
593629
635553
145873
245018
200195
271534
365797
448572
554467
237129
519300
148213
315319
236481
121353
544680
922417
297619
486782
636514
921877
964202
1091171
160146
296032
275972
343182
79372
144709
742565
128581
403222
191118
126009
116051
294430
298103
322317
101771
191381
153696
474505
326810
334514
241780
256175
11859
1131655
657764
145508
220528
217481
242605
363979
439133
4285
247805
325260
334079
880373
662855
834664
42882
387674
483171
821122
77093
96274
203109
299518
441418
446425
639687
839527
971651
105982
283393
895883
148920
703752
147921
81271
120293
469559
402072
685702
228949
72038
552793
451777
283255
888954
564118
200999
449241
103185
444399
14225
1080854
630555
220319
339440
579200
17844
103413
136696
150144
298389
437360
1089483
1094047
25961
201339
449710
929853
219811
293794
52368
237421
381822
416670
911058
41689
64569
66118
71182
190475
209671
477606
738747
472686
102799
248767
491928
1074519
390163
337142
75062
43996
217721
148095
960781
75790
141414
221750
223449
876274
887984
987549
1087756
8720
37869
65829
86217
93046
100890
109987
136929
140142
176011
186844
196984
210930
227269
231901
238370
252886
346377
348378
382407
403701
464245
470327
473405
484694
494693
500561
531165
576331
588589
595179
597620
605178
622832
624174
670772
671106
712888
741234
747810
762455
790695
820293
830368
830472
843867
848159
858882
912412
933280
939210
1002583
1035689
1044636
1045597
1129545
270305
359113
370030
680425
923315
1060574
31019
158225
761683
499915
385041
201564
305588
319460
463007
448587
165095
221570
852316
95949
606700
1092123
1100215
58744
143457
862390
99814
876008
102777
398599
536143
568026
317063
293804
384902
884617
97487
179794
466159
904164
978163
120430
75184
420232
208424
326724
121454
103046
22910
64122
274607
102970
260619
391517
466240
570884
837635
194176
559872
581549
587487
648943
685020
957207
1014425
67394
104238
351373
811944
482986
383665
95453
537149
63256
950513
570188
472578
842147
636170
257271
64591
629690
110688
434255
522899
732283
140989
529254
618522
133039
79684
439779
451653
428086
269327
359623
972903
243235
249551
529014
171516
780632
29123
893031
574446
261696
20408
37177
30746
88303
157096
339405
879221
21752
146938
449917
596960
1022574
230272
854211
254048
445876
19673
533807
93456
301252
432466
981758
599007
865226
87555
344443
247487
889538
600782
62406
419661
150887
386330
484200
751435
1068319
860973
149668
765743
59862
2540
136758
151207
273277
437474
455874
495103
563487
743146
767983
856845
948061
1065485
1110067
336854
104979
271047
238579
239941
231112
62733
149690
496992
25095
67673
68693
103610
160970
205579
223630
251454
266129
319941
320494
355751
364210
389914
491850
494270
500414
554524
555809
596609
649501
749537
769418
859180
953091
1063083
40154
136484
172477
335491
345028
489641
491335
503660
578709
598782
635515
693500
776205
907740
920911
978637
989158
611912
1020975
257456
574447
179753
93152
767576
391486
544472
158365
447826
433785
489151
75923
283310
531187
194177
272261
240162
649464
180219
158262
581611
201287
109895
768799
520767
208526
244875
550155
37735
104355
984900
118972
175390
487199
500070
537180
635482
839647
1109421
155858
1055877
292857
635128
395566
591690
1012139
834821
291580
455013
142088
414210
469413
531025
519899
568551
300783
345161
497621
747474
43964
1273
884051
824955
398922
716370
566750
569126
151519
103487
161592
347442
937433
24737
92788
1071625
103627
249345
401887
574789
458785
611836
1060425
61331
96813
247897
161120
831549
60686
453476
632076
606841
607764
464859
545909
624459
732229
274384
246927
320580
751107
270006
351457
28922
500
6838
10847
20054
21004
23123
26555
34346
35514
39441
65081
70659
92830
118258
141746
152557
158808
163048
163129
179948
189756
216802
240527
248738
263710
269839
279682
327519
440712
447957
471851
491602
493288
512029
523860
524117
531541
538083
542912
579229
597055
642781
669631
670595
695120
698963
744851
759175
842341
867068
907852
949046
959425
959575
1009438
1070201
1127521
796829
487986
1051791
260723
199669
255966
274596
206233
247968
280340
490463
738677
1014066
52280
492719
152746
87740
571371
873798
95634
392986
455734
326427
463576
102892
457012
113166
339292
588563
858686
343156
29056
313802
832512
78417
464909
227631
464593
198748
644938
576086
645367
706284
514351
150433
53677
93695
478901
595180
637148
842163
920242
978572
5740
40873
41107
53918
77062
99484
164372
182389
235436
263022
264478
269498
271897
276360
307413
383746
397501
478086
482040
517347
543990
623358
768903
769715
819319
856938
905576
935080
1080107
1093456
1098862
1112411
20356
786036
1132159
109030
395069
129112
447255
623112
705369
753732
855670
881044
917138
225430
320879
388919
505332
889845
449462
260825
943052
45331
328427
580569
178789
38074
1110726
86951
532681
62005
159233
159732
493239
626261
1006741
1049601
2075
3290
3747
6970
7308
11759
11945
18288
18794
21401
22404
23062
24348
28926
33723
45117
46750
69054
70050
72651
89115
93212
96864
105215
105225
105744
106360
106564
130048
137316
141719
145022
145813
150880
151333
160138
161846
179705
180460
188505
190395
197953
205813
206142
215799
218073
219352
233289
240025
240884
254363
259469
266467
273597
275948
277039
297408
315934
326467
344313
347549
352539
357092
364642
391384
449195
455518
464423
478874
488454
497807
500248
504745
505036
505241
505560
505906
510016
528536
532096
563025
568337
571141
591055
597255
606670
607969
618470
619003
629345
632777
636304
637719
646083
647626
653203
667887
675290
680185
683118
701796
752920
789905
789971
806275
827986
837533
842333
848796
852418
856129
859009
896379
899867
911362
914224
915543
938941
947823
992376
1055089
1088990
988248
505401
127203
244251
309743
157571
46922
92241
122259
312175
349383
448576
606865
685745
765781
787851
36749
298725
100057
134375
295380
326276
337080
363593
474704
505324
537686
832902
882731
1100070
1123655
1022215
531903
218248
177428
471117
419717
246279
25967
74954
269321
60662
73775
220444
247798
237280
726381
355219
300391
561498
738527
277387
75105
382013
180946
848490
792963
550679
987444
259724
130223
22794
170946
268191
319029
346256
349835
361124
364188
384986
428762
637534
673127
738459
752061
844772
1018149
96646
117384
195566
235457
910879
250517
121589
563516
335048
605010
296937
17817
341475
562648
655199
844022
634966
141531
837486
859136
293596
563772
477320
156939
299675
338518
528680
135041
163933
553814
1044140
270817
4602
14230
280338
610654
790935
804209
736405
287474
623830
919713
600858
351198
4492
115415
139165
293424
418933
508292
691322
810895
398620
222374
454263
258189
61350
598985
570761
487039
1033756
894555
8883
266995
246340
41097
67018
1086355
395594
229346
84158
129689
435314
62932
278588
277473
158541
768963
658407
18428
498717
59766
159592
157004
272306
70317
89117
253610
259394
346320
452070
468381
707815
713748
193993
26573
228022
319815
581252
77299
397554
767061
318827
277020
738339
1055883
532803
831548
539910
43865
295961
299765
928944
596292
338135
743165
359624
20747
92807
64203
318689
521268
823418
1033757
364419
327761
188020
119125
143885
123113
577786
667394
278343
1072755
386600
136807
580773
152446
113534
83068
139400
368258
326189
222514
1002214
653450
269978
195563
327110
632776
752090
297574
630081
917397
143801
391487
686472
652774
188533
631017
275738
577673
114195
213046
336093
228729
692937
530802
252831
886117
849763
53546
333705
333854
389693
504899
911887
79549
477189
784322
609498
184272
206209
236307
648149
783889
364310
84647
873497
625938
689204
226415
8453
595370
28918
191389
99262
129594
445937
102535
352970
144900
270815
943051
618630
623103
360316
809253
343274
706061
226779
737928
827618
102260
236507
617267
103013
698993
994564
271704
328087
614130
209565
79896
832719
1061159
153155
247823
344510
29042
363720
435928
834272
43601
593627
243050
95402
265949
212322
131117
364402
627985
222373
243398
492717
817214
615393
18299
135945
145926
199539
359773
529672
621623
625077
747473
790698
1114057
1120113
264270
717443
200932
534878
14611
30033
72203
239165
802915
288024
698279
52774
611098
737642
206476
1051129
44541
842394
898936
9060
85216
161723
711705
584630
64639
227260
679444
215955
116128
64128
29740
30387
68092
75569
154158
154549
209206
710160
84164
115932
159043
533456
814180
21726
261556
345939
605705
684071
161963
63973
1060732
28946
31172
258506
1061912
113221
37039
154073
270163
77583
141793
61742
570624
95752
805881
350218
341853
91982
262880
92469
553259
712904
229285
731391
1048269
1083541
623097
363560
459611
693115
115710
58882
492525
38866
247248
258336
221719
2994
607959
941813
342923
285648
27198
876791
147529
25465
97075
119404
185870
219152
264687
297391
353928
452027
471883
498838
503123
589269
598610
697511
766759
796351
822989
889605
896300
915234
938717
964281
980337
1001625
7719
10488
13835
21464
24239
36310
40765
41652
46872
49811
57976
59250
61569
66506
67803
69788
74424
76809
78033
81946
86147
88540
88563
88896
89881
94936
96143
101672
102084
102221
103286
104430
106309
114196
119157
120754
126158
126242
127065
133933
137945
139996
144602
146350
149306
153357
155339
157108
162057
164160
164398
170405
174517
181183
181477
184965
185983
193337
193910
195226
199727
208893
209612
221732
222978
224157
228000
229469
230284
230441
230936
231196
237149
244664
251213
251303
251994
252144
252889
259905
260937
261322
263344
270193
271905
275612
277579
279613
279620
282061
286442
294451
298595
299957
300793
309460
317891
323232
327521
334362
335544
340869
344885
363459
363667
365336
368526
385977
406950
419356
433749
441554
446233
452042
454386
454762
458371
460121
469256
477846
478840
479493
479541
496639
496803
497260
505626
509328
512021
532828
532973
533669
536283
552905
560432
562793
566391
566989
568794
569149
579332
584550
591826
592587
592889
593789
598153
600448
612255
617950
624051
627435
627711
630348
634702
636360
638097
641100
641717
645238
646580
649310
667490
671693
680873
687171
703561
707479
710218
716951
719180
722833
735418
736909
737339
737522
741174
752050
754698
763833
766398
766779
767836
769954
779211
783873
787218
790873
793521
816945
820256
841779
843135
844779
852885
854030
855261
860529
871919
887772
888423
888769
897718
905126
905256
910040
912009
916681
920261
924692
931152
932915
933786
942499
944063
947617
949811
950908
953395
954555
954949
954960
957593
961220
963297
966891
975899
989392
994221
1001701
1003903
1004697
1011297
1016481
1017712
1018421
1019971
1020125
1022261
1024553
1025028
1028333
1035325
1037010
1038234
1053000
1058061
1062642
1066289
1077487
1081383
1090271
1096297
1105007
1109143
1112599
1126324
1127461
1130429
1133363
830924
652852
659398
285005
2068
349624
1017800
831795
463194
36724
462739
228367
237320
339109
473751
610235
201027
788976
331978
341977
219945
1086232
67986
385864
111605
362541
655572
714300
901553
355251
145358
387609
503382
162914
858538
1061247
22355
40144
45946
133187
199968
312077
343208
350195
458791
476035
547626
552881
591372
672648
768572
768578
772120
877352
877353
896673
943633
980629
1108543
40542
42794
300718
575634
670632
332981
250695
334132
172390
791743
504870
573469
650681
447827
419573
53675
43311
91469
212836
490802
569455
590919
153030
254687
16795
205798
381264
681699
729869
561599
791884
949537
120779
162191
477383
494614
381159
534585
553686
134198
18595
308117
76356
431796
453805
132692
135432
221936
28426
450525
526623
18555
458723
100052
49826
634026
771986
539354
699531
139368
821125
435483
9795
34459
249315
331228
335097
357376
401885
543619
387072
492136
944549
74046
528636
104093
474027
31281
118607
352104
450985
697600
85212
437480
216332
140200
105795
636415
139834
549864
129737
352192
616552
264316
123
21952
65113
70118
135892
142188
143802
177489
191456
227323
240154
257322
272932
277807
283268
299611
398562
398717
479086
496530
526979
583434
684861
787830
852491
958463
1037278
38646
43179
97776
242272
257774
277261
334284
354549
386829
416594
639361
661025
737305
533913
74430
259652
903883
634743
145265
156775
639469
44431
911038
1095006
555250
796592
1734
609041
43501
557995
597463
134716
170947
173086
242313
253128
280822
294697
344874
550726
555564
624090
1004366
313775
519904
90384
6228
232427
344176
450054
459647
164233
2142
78782
195600
339868
9055
61134
858911
115458
536745
1003409
95816
17721
180220
714282
190522
249692
210580
103012
136085
103376
239042
533277
160147
587432
333961
301645
25835
240432
257409
641192
96226
288409
112707
191233
467951
691993
930817
958884
1019922
40265
936104
147306
544693
590019
821190
844771
242966
389058
133108
245754
288490
486964
348235
488859
122232
21890
94853
136982
255708
636430
859569
26199
553527
876853
1064098
106707
47649
973842
925914
116087
170181
246541
530592
562138
953878
580159
305010
84479
49572
856870
257298
701733
300688
118552
205910
1002122
188418
217581
443372
467743
580333
600273
612905
686118
745443
869959
86436
74898
804147
594343
538078
911522
250420
61786
837830
4439
387532
261682
417664
559521
613528
616070
651206
806174
639940
1114308
275554
289921
25134
239152
27173
99297
108583
242283
243173
273660
526262
584605
612090
890249
916546
1024233
410688
21335
777606
220265
333715
430141
724026
773776
334244
544437
396313
475401
574852
931781
523427
293809
25868
790693
407170
471054
10109
934219
12607
16884
26885
419760
158234
347866
655143
117439
1038229
155780
158198
171551
195251
32487
47653
135901
162110
162314
218492
298690
316257
342294
468455
592114
691437
787831
885130
82827
70010
586146
13138
858393
516414
147508
634707
96431
145486
454382
740823
871664
275045
623622
157358
54956
472377
754274
149569
655411
482235
532134
37113
448627
865089
374193
302248
96307
642266
725371
640355
565378
128668
610147
272174
160294
522455
769801
76675
446722
700459
398534
277617
149824
278544
534947
26742
53006
117907
216227
591798
478004
144764
251073
608333
133763
87821
543684
1032191
396140
269563
144660
554500
556394
950400
568151
483748
971308
170105
239204
453709
4895
506686
342380
362096
134116
304931
729853
152409
320369
327932
530257
961482
545878
161831
887141
161829
237151
543475
543480
64211
48148
82007
124248
135538
139987
150546
161908
171554
191813
204067
240900
261532
463047
519973
597345
653911
807816
909828
736626
72242
87916
104210
32206
96588
195596
327844
338170
503407
780654
23552
87014
121928
236573
340462
899534
451827
888207
253287
215072
249706
174791
800778
44205
58533
460696
558111
524848
297219
431643
47179
288243
289785
109940
385570
777395
350176
623915
623041
93600
560089
99978
206603
220269
663687
34005
85017
845083
191792
715120
344225
640966
59819
569219
26468
99075
623699
649203
928837
489689
655291
84853
85850
155528
197894
49576
587392
782516
749183
769799
141167
588288
238364
1024408
503378
4588
101557
450415
844252
888148
970203
490081
142092
1038228
102696
217359
447071
646031
353572
511918
516292
516911
584080
352190
148165
164738
947033
493233
139420
624875
597481
14420
670875
618682
263371
843589
221938
272276
61431
152962
893436
191295
448487
190641
815909
150450
243653
769547
977272
254429
669749
938983
883281
221802
22377
983559
136112
796591
688317
83152
96571
49551
2053
388812
50404
334932
420003
975975
239515
115652
925360
7105
141751
469168
553192
939867
104178
658525
842423
348086
61260
242082
72028
9548
673166
467027
23869
258514
178538
74255
163031
240179
694607
466764
1055880
156304
640672
144957
252031
958464
521235
345266
503342
62618
158534
191777
239436
327938
862709
588386
19347
287702
100272
547402
275214
351362
1057086
271042
1002216
639990
824533
435283
533798
669371
344408
451550
562758
928439
532553
221597
266119
304651
91475
521905
740636
754196
170956
382873
820557
92043
574074
712713
600495
151070
433526
507848
239672
126318
268686
692195
311112
327979
49543
882438
238838
942177
272484
1028367
731367
230186
184230
626045
894749
337286
91126
131497
277483
631240
256338
571254
141889
368599
627308
483845
18442
476825
180116
712958
399568
448088
308716
95251
106243
334681
275586
273610
597073
767125
71961
69288
159886
349421
152755
362132
815676
149314
271009
318508
317912
596996
1372
93983
361436
732668
115298
699421
546604
98139
26004
205997
401929
409462
472329
641191
50702
100426
512365
532133
752021
649911
240805
259885
493297
634380
825441
121637
468912
344532
294512
294517
47661
710251
459955
243099
130964
712731
124614
284459
807944
539857
268826
106234
510484
63186
71508
100772
261622
340514
473395
489225
325341
105746
96490
819168
611191
16766
18522
27342
76050
88938
104474
142069
146577
149926
163942
200383
238461
243019
244887
259729
261747
269992
342946
361224
387387
443000
451256
604658
607125
652880
917272
975215
1031730
521484
571177
35362
75259
117481
147638
175136
252558
273029
296879
320045
339365
449066
476197
503577
813940
1004272
539667
98275
121790
660098
994040
864017
342534
445712
875888
229182
729830
68761
592494
37190
534220
436833
110741
139
586
688
701
776
826
833
849
994
1134
1139
1168
1256
1362
1392
1412
1429
1499
1522
1617
1618
1640
1641
1711
2040
2106
2181
2208
2238
2309
2378
2500
2517
2595
2689
2719
2856
2971
3015
3070
3196
3198
3253
3422
3558
3579
3618
3662
3692
3739
3860
3888
4067
4077
4144
4164
4262
4401
4419
4518
4579
4620
4622
4626
4637
4719
4744
4756
4855
4924
4937
4958
5023
5076
5606
5614
5623
5664
5727
5745
5918
6041
6043
6077
6213
6257
6500
6646
6907
6988
7049
7063
7085
7089
7115
7203
7309
7429
7652
7809
7891
7892
8006
8396
8457
8644
8687
9022
9445
9755
9880
9917
10009
10131
10345
10362
10383
10397
10430
10604
10618
10695
10830
10925
10936
10954
10963
11161
11183
11350
11460
11564
11645
11646
11679
11796
12144
12399
12476
12576
12780
12911
13218
13231
13278
13350
13507
13574
13666
13692
13741
13791
13839
13934
14235
14259
14498
14608
14609
15312
15490
15547
15561
15959
15993
16046
16188
16415
16431
16436
16720
16773
16814
16833
16847
16900
17125
17150
17224
17239
17261
17292
17486
17594
17629
17881
17933
17958
18029
18063
18204
18387
18452
18480
18633
18664
18677
18684
18701
18769
18770
18806
18809
18867
18891
18895
18908
18925
18959
19188
19328
19336
19668
19741
19897
20019
20035
20046
20090
20091
20105
20249
20332
20343
20426
20452
20459
20537
20568
20614
20893
20907
21038
21045
21280
21341
21343
21465
21580
21625
21656
21677
21682
21766
21775
21795
21820
22018
22034
22191
22192
22235
22274
22334
22487
22521
22610
22695
22703
22758
22762
22857
22917
23014
23054
23080
23217
23447
23797
23889
23944
24028
24038
24219
24397
24668
24733
24788
24790
24804
25048
25109
25125
25581
25609
25639
25690
25730
25843
25971
26063
26079
26143
26273
26307
26339
26446
26485
26578
26725
26743
26917
26943
26959
26997
27024
27081
27115
27149
27525
27590
27593
27807
27836
27861
28074
28212
28449
28491
28645
28713
28944
29005
29034
29262
29330
29334
29443
29476
29524
29591
29779
29801
29827
29997
30023
30116
30287
30331
30339
30505
30551
30720
30786
30912
30924
30973
30993
31005
31094
31121
31206
31392
31481
31484
31751
31812
31815
32080
32544
32748
33025
33056
33193
33249
33372
33408
33433
33665
33815
33822
33918
33952
33959
33961
34115
34185
34202
34207
34329
34385
34523
34588
34663
35072
35208
35378
35427
35452
35471
35488
35494
35529
35561
35621
35681
35843
35905
36381
36397
36530
36740
36906
37082
37154
37259
37354
37569
37570
37661
37776
37848
37906
38050
38114
38145
38244
38902
38948
39110
39158
39249
39467
39569
39573
39674
39733
39861
39893
40027
40067
40231
40269
40295
40382
40402
40421
41093
41119
41352
41732
41972
42264
42548
42586
42797
42827
42929
42981
43057
43089
43410
43575
43860
43967
43978
44015
44139
44193
44263
44371
44450
44533
44619
44653
44730
44776
44824
44893
44901
44965
45079
45116
45707
45800
45824
45836
45916
46112
46177
46199
46218
46259
46294
46339
46544
46555
46575
46620
46732
46791
46873
46906
46930
47036
47205
47363
47523
47595
47598
47772
47870
48223
48241
48298
48448
48501
48530
48532
48669
48954
48962
49100
49661
49690
49851
49889
50381
50727
50795
50836
50855
50871
50887
50908
51000
51187
51280
51301
51304
51311
51312
51333
51356
51423
51478
51508
51590
51593
51646
51653
52025
52143
52180
52322
52327
52457
52760
52793
52941
53223
53739
53942
53945
54021
54130
54581
54838
54846
54928
54978
55134
55139
55222
55554
55638
55681
55821
56039
56283
56347
56380
56415
56670
57324
58063
58067
58134
58272
58418
58617
58621
58628
58818
58991
59168
59230
59279
59295
59848
60038
60065
60095
60242
60701
60719
60734
60797
60971
61154
61315
61585
61588
61670
61696
61764
61774
61845
62196
62220
62463
62674
62689
62717
62724
62903
62914
63008
63275
63729
63766
63804
63880
64025
64641
64649
64785
64858
64887
64928
64960
64961
65118
65170
65212
65252
65328
65603
65739
65748
65790
65820
65825
65830
65856
65963
66067
66104
66182
66254
66410
66451
66482
66549
66563
66608
66697
66701
66873
66940
66999
67025
67038
67301
67528
67558
67574
67632
67654
67680
67713
67747
67769
67798
68164
68399
68436
68488
68569
68584
68649
68654
68730
68763
68806
68877
68954
69100
69105
69211
69234
69264
69362
69415
69462
69513
69568
69603
69629
69690
69733
69880
69927
70097
70186
70219
70222
70252
70258
70295
70406
70442
70445
70449
70471
70698
70712
70728
70753
70965
71018
71142
71908
71966
72179
72241
72276
72361
72397
72645
72895
73195
73512
73565
73583
73772
73901
73927
74019
74086
74126
74229
74532
74572
74644
74715
74887
75250
75317
75363
75410
75443
75488
75494
75580
75594
75611
75615
75637
75933
75964
75988
76098
76236
76279
76304
76622
76673
76674
76750
76780
76784
76836
76873
76930
76986
77050
77082
77085
77178
77179
77208
77222
77259
77274
77298
77323
77575
77630
77682
77854
77905
77955
78086
78139
78141
78318
78430
78547
78550
78557
78701
78813
78916
78968
79053
79162
79195
79282
79440
79442
79447
873692
922601
614513
733204
4537
368857
858392
16091
994038
3396
490462
733586
931672
694410
791359
178818
134454
67220
741502
1014348
250725
916189
836796
503340
779865
441353
780626
135001
610361
230075
13748
369593
770227
231098
24930
552138
453600
369513
510161
453274
240812
113342
4613
256932
348940
260560
265363
388302
356307
458436
322088
717225
669461
133719
983352
706645
294514
161000
650675
250306
340023
820671
768025
464910
115701
44537
500500
55365
219816
291793
283569
188290
103578
393974
851490
482998
121312
339398
33142
45159
80652
80697
80807
80952
81117
81144
81415
81737
81833
81923
82148
82294
82503
83208
83332
83359
83438
83493
83680
83690
83773
83842
83875
83952
84034
84468
84502
84505
84563
84705
84748
84754
84771
84871
85016
85063
85239
85364
85532
85874
85917
86081
86124
86143
86192
86386
86429
86528
86546
86941
87137
87202
87211
87265
87403
87651
87721
87754
87779
87862
87943
88096
88178
88500
88527
88856
88925
88933
88939
88957
89151
89183
89230
89234
89369
89452
89493
89610
89646
89655
89661
89675
89780
90305
90535
90983
91103
91152
91164
91244
91363
91644
91861
91955
91963
92175
92278
92330
92399
92450
92620
92683
92784
92794
93057
93142
93154
93166
93229
93491
93541
93634
93697
93803
93818
93868
93883
93915
94085
94310
94311
94491
94527
94582
94594
94608
94637
94643
94695
94716
94721
94780
94844
94894
94901
95021
95091
95287
95333
95411
95746
95755
95913
95935
95939
95997
96155
96175
96184
96290
96380
96499
96623
96630
96800
96840
97091
97458
97796
97834
97879
97956
97987
98025
98124
98178
98360
98664
98674
98680
98832
98872
98888
98971
99044
99101
99148
99288
99370
99424
99541
99683
99849
99867
99895
100096
100100
100322
100411
100431
100623
100955
100986
101034
101077
101083
101107
101191
101326
101444
101483
101515
101617
102078
102270
102312
102384
102452
102472
102545
102620
102651
102969
102985
103152
103240
103285
103301
103368
103397
103498
103649
103685
103733
103756
103928
103982
104117
104148
104182
104205
104258
104448
104753
104999
105166
105442
105493
105664
105703
105809
105876
105887
105900
105938
105959
106012
106064
106088
106332
106401
106453
106505
106514
106563
106614
106688
106743
106760
107026
107185
107357
108400
108464
108578
108738
108754
108812
109096
109117
109157
109282
109582
109593
109854
109977
110114
110227
110240
110264
110270
110375
110453
110492
110718
110722
110805
110935
111327
111368
111481
111491
111559
111622
111765
111824
112101
112104
112447
112522
112633
112760
112881
112928
112996
113283
113521
113580
113858
113870
113983
114004
114039
114152
114164
114189
114207
114270
114274
114312
114345
114663
114747
114793
114828
114956
115082
115086
115212
115346
115386
115523
115797
115828
115829
115887
115940
115987
115988
116147
116188
116322
116470
116572
116583
116673
116876
117097
117418
117735
117965
118288
118332
118342
118343
118399
118433
118697
118994
119226
119326
119379
119566
119678
119760
119809
119846
119871
119989
120091
120118
120376
120477
120519
120541
120569
120676
120725
120822
120865
120918
120965
121057
121273
121400
121514
121725
121764
121898
121956
122079
122207
122375
122408
122419
122589
122665
122800
122982
123051
123133
123414
123541
123762
124025
124065
124304
124393
124492
124528
124536
124609
124695
125164
125214
125471
125870
126197
126796
127232
127371
127453
127569
127652
127750
127766
127781
127881
127885
127905
128029
128415
128450
128554
128622
128794
128811
128862
129138
129168
129633
129938
129997
130258
130587
131043
131086
131240
131418
131431
131448
131455
131457
131480
131514
131557
131560
131583
131613
132023
132199
132290
132406
132421
132526
132544
132565
132567
132781
132842
132859
133124
133284
133947
133952
134022
134147
134264
134367
134727
134749
134771
134871
135113
135177
135238
135274
135284
135365
135411
135440
135528
135531
135555
135643
135863
135867
135924
135927
136126
136422
136772
136920
137023
137038
137346
137361
137439
137536
137619
137654
137659
137693
137747
137861
137885
137976
138066
138317
138443
138942
138945
138958
139010
139157
139334
139414
139416
139432
139560
139566
139571
139776
139865
140028
140123
140262
140432
140461
140523
140525
140544
140566
140578
140813
140936
141024
141027
141339
141373
141425
141643
141949
141989
142273
142456
142624
142642
143113
143260
143268
143478
143485
143524
143668
143926
143929
143946
143978
144164
144265
144373
144443
144462
144731
144868
145019
145039
145048
145066
145264
145330
145373
145414
145425
145501
145604
145696
145703
145908
146177
146328
146366
146395
146511
146608
146813
147029
147035
147137
147146
147358
147592
147656
147714
147890
148014
148106
148164
148191
148207
148287
148539
148555
148701
148892
148894
148915
148924
148962
149354
149374
149415
149519
149885
149935
150103
150145
150259
150309
150558
150643
150724
150785
150835
150905
150979
151464
151492
151640
151685
151695
151757
151889
152034
152055
152123
152157
152459
152502
152531
152822
153010
153143
153258
153454
153631
153795
153842
153858
154120
154174
154286
154464
154662
155131
155250
155276
155367
155413
155799
156018
156148
156661
156818
156938
157059
157176
157279
157334
157409
157583
157678
157763
157786
158037
158125
158343
158407
158527
158551
158553
158632
158648
158683
158788
158795
158807
158841
158873
158989
159105
159204
159283
159326
159701
159777
159842
159909
160172
160286
160289
160347
160391
160478
160629
160769
160814
160853
161060
161116
161175
161449
161558
161583
161597
161617
161619
161702
161782
161824
161837
161978
161984
162008
162034
162036
162070
162383
162584
162616
162639
162690
162702
162805
162838
163040
163388
163435
163438
163573
163625
163656
163684
163701
163702
163717
163763
163784
163809
163824
163827
163902
163988
164005
164021
164067
164098
164099
164117
164152
164416
164421
164494
164537
164606
164633
164634
164768
164857
165199
165408
165658
165747
166065
166142
166547
166675
166832
166935
167062
167234
167381
167479
167515
167636
167711
167973
168029
168137
168519
168542
169086
169124
169600
170056
170226
170322
170436
170598
170919
171123
171322
171337
171340
171405
171425
171449
171463
171510
171562
171601
171622
171632
172358
172478
172585
172588
172617
172988
172996
173158
173176
173235
173302
173324
173453
174061
174074
174077
174093
174098
174187
174225
174318
174321
174342
174430
174640
174721
174733
174997
175027
175194
175311
175326
175341
175342
175363
175393
175593
175667
175834
176042
176054
176069
176349
176362
176910
177047
177121
177131
177389
177474
177537
177655
177753
177764
178065
178408
178409
178495
178512
178577
178845
178918
179025
179095
179141
179581
179615
179625
179706
179730
179779
179795
179857
179880
179899
179900
179929
179963
179985
179991
180010
180012
180020
180036
180042
180049
180053
180110
180148
180175
180196
180285
180309
180310
180330
180347
180358
180421
180433
180515
180531
180551
180561
180629
180631
180729
180731
180762
180803
180818
180837
180845
180996
181052
181058
181078
181226
181432
181492
181542
181614
181819
182210
182355
182493
182636
182848
183352
183375
183412
183500
183678
183918
183985
184108
184131
184321
184677
184708
184854
184985
185027
185029
185039
185048
185078
185134
185150
185767
185833
185893
185985
185994
186072
186095
186099
186612
186623
186634
186671
186796
186833
186925
186942
186960
187007
187098
187128
187260
187269
187299
187373
187374
187485
187551
187575
187583
187628
187713
187996
188047
188066
188081
188091
188103
188149
188158
188173
188182
188293
188296
188432
188501
188532
188537
188545
188571
188590
188656
188668
188672
188688
188692
188731
188769
188794
188796
188822
188897
188987
189039
189062
189115
189256
189602
189746
189797
189904
190069
190348
190412
190485
190585
190624
190650
190739
190768
190895
191152
191168
428067
204620
460056
135075
94677
374577
510463
646061
749184
280360
217278
19655
515357
866554
715446
1008866
334664
612376
18504
633604
603881
884338
558920
194157
180388
964132
1127973
1128084
1128357
1129542
1129637
1130118
1130417
1130656
1130678
1130786
1131178
1131316
1131429
1131461
1131671
1132743
1133074
1133173
1133365
1133702
1133782
1133951
1134277
1134326
1134413
1134777
191246
191260
191297
191309
191383
191524
191615
191670
191679
191893
191999
192149
192153
192227
192239
192436
192456
192499
192500
192531
192550
192583
192681
192854
192906
193146
193782
193814
193948
193962
193990
194081
194197
194249
194944
195013
195071
195116
195227
195386
195432
195476
195573
195640
195720
195745
195888
196027
196057
196168
196198
196314
196356
196393
196563
196674
196684
196712
196766
196821
196857
196929
197185
197244
197388
197444
197487
197628
197688
197725
197740
197774
197775
197792
198082
198092
198107
198129
198162
198200
198565
198585
198684
198853
199024
199198
199276
199447
199508
199544
199556
199614
199841
200000
200032
200044
200067
200070
200199
200237
200268
200342
200356
200455
200549
200583
200584
201081
201104
201184
201228
201229
201249
201285
201343
201389
201475
201845
202085
202365
202369
202394
202625
202665
202835
202943
203127
203191
203225
203255
203273
203285
203344
203349
203506
204827
204906
205589
205814
205828
205892
205983
206442
206611
206682
206705
206776
206815
206923
207040
207139
207658
207674
207704
207744
207759
207815
208090
208241
208260
208368
208802
208839
208840
209111
209197
209502
209504
209856
210169
210207
210299
210439
210566
210715
211075
211128
211481
211709
212217
212510
212597
212673
212934
212955
213043
213148
213375
213393
213514
213891
214009
214199
214243
214377
214381
214393
214397
214894
214984
215020
215166
215193
215394
215601
215805
215971
216449
216536
216560
216747
216789
216831
216899
216923
216957
217115
217168
217289
217360
217403
217432
217537
217566
217674
217727
217747
217903
217927
218025
218075
218195
218239
218251
218363
218384
218417
218462
218475
218633
218700
218856
218857
218893
218928
219000
219053
219085
219184
219199
219363
219406
219619
219668
219958
219975
220000
220029
220085
220184
220312
220513
220520
220795
220850
220891
220917
220960
221103
221131
221164
221638
221987
222124
222181
222214
222379
222388
222398
222531
222625
222675
222753
222869
222874
223207
223414
223602
223646
223734
223848
223940
223941
223945
224195
224345
224517
224530
224846
224877
224985
225182
225824
226457
226514
226755
226773
226815
226980
227066
227149
227361
227386
227415
227566
227686
227811
227860
227934
228175
228319
228331
228360
228371
228455
228584
228608
228646
228972
229222
229380
229549
229594
229869
230383
230432
230595
230703
231155
231308
231332
231748
231835
231870
231900
231978
232228
232381
232523
232823
232953
233213
233223
233321
233380
233944
234526
235252
235342
235454
235548
235790
235854
235860
236067
236100
236158
236173
236227
236359
236434
236530
236627
236674
236851
236941
236956
237042
237212
237265
237438
237452
237756
237944
237946
238210
238330
238341
238487
238493
238648
238685
238702
238911
238921
238938
239079
239262
239394
239398
239518
239555
239874
239988
240017
240034
240056
240083
240170
240414
240464
240518
240606
240614
240636
240858
241010
241024
241211
241269
241415
241455
241465
241577
241622
241915
241989
241994
241998
242326
242333
242338
242341
242355
242409
242592
242713
242769
242787
242804
243024
243361
243448
243512
243523
243533
243538
243605
243657
243898
243980
243998
244066
244081
244231
244238
244240
244262
244285
244314
244343
244352
244663
244859
244903
244961
245075
245186
245217
245529
245656
245721
245728
246075
246182
246221
246229
246238
246264
246360
246491
246510
246582
246662
246708
246709
246874
246904
247200
247287
247373
247477
247544
247962
248128
248238
248491
248535
248580
248816
248979
249189
249258
249400
249412
249478
249536
249775
249873
250063
250312
250326
250595
250639
250698
250752
250764
250775
250862
251025
251107
251214
251265
251268
251295
251359
251414
251627
251728
251750
251843
251851
252048
252127
252137
252138
252152
252154
252249
252390
252406
252486
252576
252654
252672
252918
253126
253333
253374
253379
253411
253638
253692
253718
253794
253879
254044
254262
254298
254352
254417
254558
254607
254688
254988
255063
255432
255762
255778
255779
255801
255820
256027
256251
256360
256386
256438
256487
256589
256641
256910
257029
257111
257299
257340
257394
257527
257551
257552
257576
257609
257654
257828
257906
257993
258015
258017
258060
258144
258319
258354
258623
258639
258792
258809
258847
258892
258924
259174
259195
259275
259294
259313
259406
259460
259678
259811
259920
259975
259999
260006
260236
260273
260504
260612
260702
260781
260794
261043
261317
261325
261436
261493
261500
261517
261535
261596
261736
261740
261814
261829
261851
262066
262092
262132
262190
262283
262301
262516
262574
262661
262685
262963
263104
263132
263265
263302
263345
263382
263396
263443
263507
263718
263743
263838
263842
264014
264070
264150
264169
264182
264267
264512
264519
264692
264697
264725
264925
265014
265036
265046
265249
265271
265430
265439
265484
265885
266326
266350
266400
266426
267086
267127
267169
267227
267304
267354
267509
267586
267771
267796
268197
268303
268524
268843
268871
269014
269031
269143
269157
269212
269220
269593
269614
269654
269885
269901
269988
270116
270126
270131
270327
270422
270448
270526
270534
270574
270663
270814
271015
271037
271210
271212
271214
271257
271475
271535
271545
271642
271670
271869
271925
271956
272012
272144
272216
272221
272511
272514
272589
272832
272848
272851
272861
273001
273016
273162
273167
273281
273374
273465
273518
273608
273873
274105
274121
274319
274358
274363
274371
274450
274508
274521
274554
274561
274644
274756
274762
274779
274783
274997
275016
275033
275182
275255
275260
275394
275686
275688
275764
276287
276418
276596
276800
276853
276919
277033
277109
277135
277173
277221
277250
277288
277397
277552
277840
277929
277957
278010
278039
278112
278117
278262
278334
278339
278463
278601
278627
278691
278701
278737
278865
278888
279077
279424
279431
279460
279938
279945
280116
280394
280397
280431
280500
280606
280676
280901
281123
281128
281422
281638
281778
281781
281790
281926
281928
282138
282326
282972
283034
283091
283093
283142
283275
283834
283883
284129
284374
284552
284858
285039
285046
285158
285857
286331
286407
286413
286420
287020
287041
287070
287156
287162
287184
287497
287527
287771
287781
288264
288270
288468
288481
288502
288611
288811
288859
289085
289191
289326
289468
289608
289697
289740
289790
289829
289930
289944
290055
290115
290255
290425
290434
290596
290659
290754
291003
291018
291164
291230
291284
291337
291348
291394
291459
291578
291825
292036
292052
292065
292141
292178
292190
292193
292269
292277
292391
292413
292521
292540
292668
292763
292964
293176
293179
293205
293394
293617
293737
293748
293796
293832
293891
293924
293939
293971
294022
294105
294145
294214
294222
294347
294371
294429
294787
295049
295161
295194
295205
295306
295568
295650
295665
295809
295890
295984
296038
296178
296267
296377
296396
296450
296572
296739
296797
297025
297123
297124
297209
297354
297365
297436
297500
297544
297546
297893
297971
298502
298586
298607
298729
298838
299398
299454
299487
299630
299643
299877
300039
300076
300315
300356
300440
300725
300787
300913
300990
301019
301029
301183
301217
301440
301655
301696
301802
301957
302232
302690
302703
302896
302921
302945
303316
303539
303675
303740
303834
303972
304014
304537
304805
304944
305254
305339
305971
306044
306621
306645
307564
307999
308011
308050
308835
309077
309128
309142
309598
309668
309773
309832
309897
310246
310657
310911
311554
311660
312314
312629
312700
313239
313365
313552
313611
313822
313963
314261
314311
314473
314909
315077
315389
315465
315666
315786
315860
316027
316299
316354
316424
316653
316997
317311
317312
461161
343019
586848
902025
341795
537196
103515
179497
884337
99223
297468
685925
698889
759592
797942
328794
3263
765967
317336
317800
317841
317863
317945
318780
318869
319036
319161
319202
319249
319290
319301
319374
319378
319532
319540
319641
319655
319719
319721
319761
319821
319830
319864
319897
319960
319963
320064
320226
320326
320439
320716
320723
320730
320757
320804
320906
321186
321221
321461
321491
321666
321684
321731
321945
322055
322102
322396
322488
322835
323258
323488
324581
324669
324947
324966
325392
325634
325687
326004
326065
326122
326133
326193
326298
326433
326445
326494
326570
326659
326741
326792
326853
326933
327010
327023
327031
327238
327488
327738
327772
327780
327804
327857
327892
327997
328324
328511
328810
329020
329182
329203
329215
329276
329281
329333
329386
329584
329635
329685
330040
330814
330903
330948
331164
331268
331420
331453
331486
331554
331558
331807
332046
332112
332200
332264
332266
332792
333334
333484
333580
333633
333691
333735
333819
333856
333955
334008
334183
334232
334252
334466
334584
334617
334987
335008
335165
335234
335334
335381
335485
335518
335545
335650
335806
335845
335874
335888
336241
336473
336702
336717
337013
338971
339082
339156
339212
339496
339497
339522
339529
339644
339746
339757
339787
339828
339852
339956
339987
340160
340162
340239
340385
340521
340618
340649
340955
341015
341196
341363
341425
341486
341491
341838
341949
342005
342259
342339
342387
342388
342772
342797
342876
342941
342958
343302
343343
343368
343409
343489
343561
344138
344340
344350
344482
344672
344803
345024
345251
345395
345464
345466
345657
345891
345975
346097
346156
346337
346390
346499
346549
346608
346658
346665
346747
346851
346970
347039
347236
347275
347489
347552
347576
347653
347778
347782
347842
348016
348139
348335
348427
348518
348955
349032
349088
349147
349242
349261
349377
349436
349465
349476
349529
349706
349890
350085
350110
351086
351319
351334
351540
351755
351910
351973
352000
352204
352205
352316
352530
352930
353163
353264
353378
353381
353492
353519
353967
354108
354148
354153
354170
354303
354985
354997
355075
355351
355396
355457
355497
355537
355547
355635
355692
355797
355822
356160
356200
356209
356245
356341
356694
356718
356963
357022
357197
357358
357426
357427
357431
358920
359008
359185
359251
359492
359585
359628
359661
359741
359951
360204
360366
360416
360685
361216
361484
361791
362053
362170
362200
362607
362981
363584
363838
363895
364666
364694
365252
366025
366039
366053
366739
366851
367016
367980
367998
368397
368441
368482
368485
368509
368590
368717
368762
369288
369422
369490
369774
370065
370171
370172
370293
370337
370398
370418
372800
372935
373492
377509
378212
378421
379101
379381
380898
380905
380955
381015
381199
381411
381442
381503
381859
381887
382261
382588
382665
382688
382693
382726
382833
382840
382891
382934
383026
383109
383366
383476
383695
383717
384095
384564
384713
384847
385066
385115
385518
385598
385707
386212
386261
386446
386587
386628
386671
386937
387010
387063
387221
387256
387998
388049
388301
388350
388457
388547
388821
388897
388960
389060
389197
389273
389339
389485
389614
390164
390190
390209
390373
390463
390709
390793
390808
390854
391258
391406
391514
391810
391836
392113
392121
392200
392290
393232
393971
394993
395027
395113
395115
395330
395569
395572
395731
395832
396039
396119
396278
396351
396606
396755
396785
397104
397123
397194
397504
397635
397822
398115
398386
398549
398622
398700
398766
398900
398916
399119
399130
399554
399563
399599
399736
399883
400092
400684
400842
401049
401098
401100
401591
401753
401833
401992
402023
402046
402232
402357
402774
402839
402972
402999
403052
405720
405927
406124
406182
406217
406862
406952
407455
408044
408353
408367
408428
409383
409387
409628
410749
411014
411125
411662
412281
413841
413848
414848
415434
415502
415604
416606
416677
416882
417039
417097
417125
417186
417316
418165
418185
418283
418413
418454
418811
418924
419003
419267
419291
419570
420193
420248
420427
420463
420473
422061
422374
422472
422803
423529
423642
424018
424047
424292
424778
424783
424996
425128
426600
426685
426843
426861
427030
427256
427590
429471
429495
429505
429619
429731
430172
430207
430227
430712
430778
430848
431079
431139
431142
431207
431322
431375
431450
431496
431691
432112
432290
432586
433309
433686
433876
433884
433891
433893
434085
434542
434858
434898
434924
435015
435025
435100
435227
435245
435733
435887
435982
436047
436261
436348
436467
436820
436888
436947
437089
437299
437587
437638
437981
438055
438166
438195
438303
438428
438509
438610
438703
438772
438803
438918
439051
439097
439103
439528
439710
439724
439785
439914
439980
440108
440605
440650
441118
441224
441253
441289
441422
441451
442292
442363
442369
442514
443360
443436
443530
443672
443745
444087
444314
444318
444627
444732
444746
445194
445482
445892
446067
446084
446524
446546
446549
446574
446577
446762
446843
446898
447056
447214
447234
447658
447721
447740
447769
447798
447837
447881
447910
447994
448038
448055
448196
448287
448299
448337
448388
448424
448481
448579
448622
448817
448842
448957
449108
449329
449349
449412
449508
449603
449760
449828
449872
450079
450150
450211
450300
450554
450557
450588
450780
450781
451137
451176
451215
451222
451413
451626
451685
451750
451831
452195
452206
452276
452281
452313
452360
452718
452726
452760
452892
453006
453137
453203
453346
453477
453685
453722
453823
453857
453922
453955
454268
454304
454541
454639
454693
454729
454808
454918
454980
455009
455235
455353
455418
455549
455684
455722
455759
456105
456137
456185
456218
456250
456313
456379
456518
456668
456756
457020
457031
457066
457330
457361
457478
457602
457672
457677
457722
458042
458050
458245
458543
458665
458893
458928
458987
459140
459231
459403
459439
459621
459682
459763
459791
459853
459991
460043
460664
460800
460871
460925
461027
461030
461546
461867
462399
463043
463074
463102
463122
463196
463207
463305
463306
463428
463468
463497
463583
463814
463853
463860
463881
463953
464056
464312
464352
464820
464889
464891
464980
465023
465154
465228
465281
465298
465382
465418
465638
465821
465843
465887
466180
466294
466314
467002
467030
467595
467689
467702
468000
468335
468357
468414
468795
468991
469109
469161
469349
469362
469664
470408
470462
470677
470722
470822
470834
470870
471715
471806
471860
471877
471943
471965
472274
472275
472413
472414
472502
472670
472737
472786
473199
473366
473502
473568
473689
473747
473986
474076
474154
474170
474343
474476
474545
474573
474677
474786
474857
474957
474960
474969
475670
475760
475896
476443
476467
476534
476701
476784
476842
477220
477319
477697
477848
477917
478063
478098
478136
478165
478172
478499
478616
478774
478922
478950
478984
479112
479118
479415
479468
479727
479749
480562
482079
482256
482413
482634
482674
482849
482879
483167
483346
483578
483582
483656
483774
483966
484766
485028
485238
485296
485310
485444
485484
486008
486034
486694
487050
487196
487242
487298
487534
487574
487644
487912
488186
488279
488308
488736
488832
488943
488954
489588
489620
489770
490415
490848
491302
491372
491440
491594
491612
491624
491650
491878
492090
492131
492438
492440
492746
492959
493011
493067
493080
493153
493462
493597
493666
493744
493965
494156
494228
494260
494266
494407
494482
494660
496245
496369
496552
496805
496817
496836
496837
496842
496876
496945
496959
497063
497099
497130
497133
497223
497483
497752
497764
498206
498307
498381
498458
498972
499183
499445
499563
499572
499826
499865
500046
500405
500740
500783
501052
501078
501145
502309
502852
503100
503116
503175
503242
503286
503679
503768
504162
504165
504209
504916
505108
505179
505258
505264
505294
505309
505365
505397
505427
505462
505536
505546
505548
505563
505572
505602
505782
505874
505905
506029
506128
506159
506398
506439
506455
506597
506724
507085
507249
507712
507739
507865
507982
508188
508348
512334
895799
601665
346778
945359
225402
37409
278593
770694
734289
56231
941092
508672
509312
510048
510121
510284
510329
510353
510567
510603
510606
510831
510919
510932
511010
511251
511566
511780
511893
511926
511993
512707
513247
513254
513270
513297
513330
513535
513669
513715
513816
513823
514097
514289
514315
514332
514649
514716
514726
514733
515519
515712
516139
516264
516331
517012
517344
517439
517484
517589
518368
518559
518565
518592
518602
519491
519583
519751
519877
519992
519996
520052
520128
520185
520293
520836
521006
521062
521176
521187
521348
521523
521812
521859
521902
521950
522083
522267
522418
522482
522521
522618
522686
523176
523328
523336
523375
523461
523574
523590
523780
523795
523872
524069
524072
524126
524361
524834
526096
526268
526544
527573
527590
527889
528074
528338
528457
528523
528868
528895
529004
529229
529534
529936
529943
529947
530170
530222
530225
530414
530475
530581
530828
530894
531204
531228
531272
531579
531607
531820
532176
532867
532871
533004
533022
533208
533210
533372
533427
533429
533447
533673
533763
533956
534000
534345
534461
535394
535843
536311
536446
536683
536771
536836
536840
536868
536894
536912
536997
537378
537392
537419
537430
537510
537637
537664
537770
537969
538261
538442
538660
538729
539206
539252
539428
539550
539774
539950
540224
541245
541491
541940
542002
542267
542291
542395
543106
543208
543278
543509
543692
543945
543987
544072
544158
544773
544796
544899
544916
545032
545363
545490
545614
545653
545700
545836
545838
545859
546171
546210
546281
546408
546410
546715
546768
546959
547232
547342
547500
547612
547657
547684
547717
547861
548261
548271
548403
548427
549350
549400
549529
549607
549890
551053
551524
551744
552133
552273
552280
552527
552880
552915
553494
553704
553797
553907
553911
554059
554103
554115
554577
554711
555083
555458
555537
555706
555902
556261
557061
557894
557899
557914
558039
558223
558601
558621
558718
559013
559025
559088
559151
559272
559371
559508
559697
559806
559841
560239
560817
560985
561209
561478
561664
561742
561909
562183
562396
562616
562670
562782
562806
562887
563075
563241
563414
563442
563696
563816
564601
565676
565725
565982
566503
566695
566806
566877
566894
567501
567905
567931
568037
568103
568138
568183
568211
568244
568372
568495
568497
568822
569058
569200
569284
569286
569621
569896
569937
569963
570070
570226
570437
570549
570574
570647
570673
570719
570873
570945
571063
571183
571350
571424
571468
571579
571762
571824
571868
572502
572849
572928
572931
573071
573087
573318
573655
573900
574425
574435
574522
574910
574939
574964
575018
575031
575051
575077
575194
575457
575589
576022
576115
576148
576337
576702
577225
577263
577264
577286
577295
577489
577518
577671
578059
578155
578171
578189
578313
578447
578454
578705
578749
578995
579405
579451
579611
579713
579731
579744
579846
580030
580035
580171
580336
580582
580760
580827
581110
581367
581512
581540
581796
581855
582122
582216
582357
582358
582360
582393
582502
582622
582636
582655
582738
582951
582961
582975
583006
583157
583165
583410
583459
583460
583504
583624
583838
583888
583931
583965
584228
584298
584327
584380
584492
584528
584571
584595
584678
584698
584700
584732
585098
585336
585751
585753
585879
586174
586210
586362
586376
586456
586505
586629
586765
586831
586864
586924
587023
587180
587258
587688
587716
588178
588212
588235
588331
588430
588469
588485
588635
588637
588900
588942
588990
589160
589313
589476
589502
589640
589650
589754
589902
590009
590022
590214
590463
590486
590500
590531
590551
590563
590587
590716
591289
591298
591389
591484
591840
592018
592061
592136
592267
592408
592773
592797
592801
593049
593105
593186
593260
593340
593355
593428
593523
593576
593686
593936
593947
594179
594958
595331
595435
595617
596009
596157
596259
596354
596422
596784
596899
597006
597057
597103
597128
597649
597945
598589
598600
598640
598733
599352
599833
600034
600217
600441
600479
600564
600616
600734
600896
600990
601136
601196
601398
602107
602202
602261
602837
603211
603233
603307
603413
603506
603617
603673
604877
605174
605180
605243
605476
605634
605678
605898
605953
606029
606119
606191
606379
606384
606571
606791
606945
606973
607036
607078
607166
607333
607437
607781
607834
608459
608460
608640
608692
608730
608750
609634
609635
609987
610038
610183
610451
610835
610974
611445
611496
611505
611644
611651
612169
612228
612251
612688
613156
613249
613358
613393
613592
613603
614288
614450
614744
614759
615150
615293
615566
615608
615807
615813
616046
616164
616359
616399
616609
616691
616778
617390
617478
617530
617532
617643
617703
617707
617713
618035
618075
618285
618525
618668
618706
618940
619213
619323
619377
619416
621113
621683
621715
621733
621821
621900
622016
622071
622162
622521
622588
622849
622883
622946
622951
623038
623455
623561
623605
623660
623788
623860
623948
623985
624216
624583
624652
624774
624787
624980
625009
625231
625441
625528
625638
625806
625930
626024
626026
626271
626423
626796
627031
627129
627553
627949
628395
628749
628840
628863
629096
629372
629490
629966
630028
630080
630133
630256
630324
630735
630782
630825
630910
631234
631256
631260
631263
631302
631415
631512
631965
632170
632188
632307
632310
632342
632382
632505
632537
633043
633064
633188
633485
633558
633749
633969
633989
634011
634012
634030
634035
634096
634109
634381
634500
634543
634868
635002
635325
635389
635537
635539
635816
635920
636138
636220
636284
636361
636373
636457
636524
636687
636738
636769
636889
637032
637179
637265
637450
637535
637693
637707
637733
637747
637762
638027
638034
638102
638242
638243
638419
638460
638609
638851
639153
639308
639555
639609
639612
639628
639717
639743
639875
639892
639967
640022
640167
640480
640755
640974
641144
641207
641309
641379
641399
641816
642002
642033
642058
642142
642566
642638
642657
642687
642761
643456
643736
643947
644059
644063
644097
644205
644341
644458
644464
644540
644560
644581
644591
644673
644675
644744
644781
644803
645237
645275
645306
645371
645379
645483
645541
645550
645781
645811
646066
646075
646217
646273
646556
646593
646616
646674
646896
647487
647834
647994
648126
648161
648462
648465
648490
648661
648813
648815
648888
649179
649366
650137
650253
650259
650375
650380
650398
650418
650483
650539
650624
651035
651139
651272
651273
651554
652502
652527
652742
652744
652782
652805
652844
652973
652999
653055
653074
653258
653520
653607
653717
653724
653739
653752
653923
654102
654298
654533
654975
654999
655021
655258
655368
655732
655823
656115
656326
656350
656392
656788
656908
657024
657038
657247
657590
657604
657771
657774
658224
658361
658399
658498
659090
659117
659325
659339
659519
659634
660160
660407
660528
660555
661584
661743
661849
661870
661932
662087
662262
662372
662382
662384
662503
662548
662710
662876
663706
663772
664370
664448
664568
664596
664664
664736
665007
665156
665714
665785
665839
666511
666721
666728
667013
667395
667472
667504
667535
667721
667989
668018
668417
668730
668841
668843
669229
669330
669440
669645
669687
669702
670035
670046
670126
670419
670425
670541
670546
670571
670672
670683
671026
671132
671171
671648
671772
671781
671949
672512
672594
672613
672842
672849
672873
673067
673098
673163
673564
673732
674331
674790
674826
674973
675291
675299
675741
676089
677023
677179
677452
677517
677698
677828
677945
678168
678494
678856
678934
678988
679127
679372
679377
679819
680032
680076
680079
680214
680312
680401
680402
680441
680471
680493
680630
680648
680877
680894
681443
681644
682036
682100
682129
682252
682332
682839
683013
683052
683233
683284
683387
684037
684190
684389
685107
685193
685317
685516
686108
686541
687153
687593
687766
687983
688037
688277
688421
688529
688620
688912
688926
689104
689432
690242
690575
690582
690796
691440
691455
691615
691679
691759
691974
692132
692161
692177
692366
692401
692533
692993
692996
693035
693166
693528
694148
600822
971883
1123561
1123727
1123809
1123811
1124684
1124862
1125038
1125214
1125309
1125311
1125338
1125421
1125491
1125503
1125797
1126654
1126915
1127656
694378
694400
694404
694406
694428
694504
694589
694913
695089
695110
695419
696073
696225
696307
696683
697063
697126
697297
697569
697991
698444
698508
698809
699016
699065
699082
699206
699325
699337
699340
699615
699885
699917
699984
700543
700597
700675
701028
701063
701332
701749
701980
702523
703242
703319
703490
703521
703722
703801
704087
704179
704343
704622
704663
704707
705183
705424
705522
705808
706057
706367
706915
706972
707251
707485
708462
708610
709563
709869
710123
710262
711365
711552
711831
712017
712154
712275
712811
713085
713515
713573
713832
713894
713915
713977
713998
714209
714395
714418
714459
714478
714520
714686
714785
714873
715113
715390
716393
716489
716540
716618
716655
716826
717569
717618
717909
718004
718457
718565
718626
718669
718677
718680
718779
718938
719104
719284
719317
719599
719761
719788
719840
719886
720616
720690
720832
721659
721990
722192
722259
722543
722971
722991
723083
723270
723382
724056
724063
724067
724220
724226
724407
724515
724950
725005
725114
725287
725368
725425
725482
725655
726031
726097
726142
726511
727135
727176
727700
728081
728191
728204
728395
728577
728764
728824
728911
729006
729106
729230
729277
729294
729443
729742
729892
729972
730031
730356
730358
730455
730565
731154
731263
731369
731515
731863
732192
732217
732343
732358
732423
732466
732510
732883
732909
733131
733143
733468
733512
733774
733801
733919
734049
734519
734575
734599
735043
735074
735100
735145
735146
735301
735312
735314
735412
735482
735502
735696
735802
735808
736054
736337
736350
736411
736471
736515
736619
736649
736770
736777
736840
737028
737124
737132
737226
737611
737626
737784
737809
737855
737899
738070
738158
738259
738297
738402
738507
738735
738756
738884
738918
738922
739045
740234
740690
741260
741365
741404
742044
742049
742190
742481
742496
742566
742772
742952
743052
743071
743117
743167
743297
743418
743526
743759
744413
744429
744537
744895
744932
745119
745168
745738
746291
746628
746665
746926
747020
747324
747502
747764
747830
747977
749431
749512
749652
749724
749960
750018
750051
750348
750356
750626
750955
751036
751059
751298
751376
751458
752052
752567
752584
752769
753079
753143
753217
753367
753374
753377
753395
753396
753538
753547
753634
754144
754162
754182
754330
754541
754902
754983
755560
755750
756302
756649
756972
757047
757092
757392
757835
758167
758303
758338
758584
758588
758905
759089
759204
759382
760187
760260
761664
761742
761991
762308
762391
762512
762583
762647
762892
762954
762967
763125
763305
763488
763575
765040
765148
765188
765215
765390
765481
765672
765719
765784
766323
766400
766474
766556
766708
766749
766801
766886
766932
767045
767077
767168
767172
767183
767240
767305
767308
767411
767472
767980
768410
768698
768741
768822
769238
769246
769266
769352
769588
769646
769818
769933
769963
770484
770721
770806
770815
770829
770888
770930
770931
771030
771153
771299
771411
771451
771572
771669
771703
771766
771941
772033
772208
772519
772827
772950
772967
773092
773271
773520
773810
773848
773872
774054
774154
774216
774314
774397
774419
774836
775029
775031
775281
775406
775567
775570
775887
775938
775987
776022
776082
776258
776277
776286
776510
776608
777217
777673
777693
777865
777944
777958
778535
778783
778787
778871
779106
779158
779174
779446
779449
779503
779509
779682
780232
780953
781189
781225
781400
781632
783195
783272
783333
783396
783473
783534
784435
785045
785169
785178
785388
785674
785819
785886
786572
786709
787097
787205
787208
787236
787502
787558
787568
787647
788109
788399
788533
788574
789049
789264
789415
789531
789678
789726
790193
790199
790275
790411
790447
790789
790888
790906
790981
791431
791751
791780
792067
792419
792702
792733
792834
792843
792938
792939
793103
793627
793996
794583
794800
795031
795152
795169
795223
795227
795425
795600
795729
795840
796252
796350
796544
796749
796953
796959
797064
797170
797241
797328
797544
797561
797610
797666
799367
799726
799994
800115
800233
800429
800661
800732
800932
800996
801057
801218
801410
801608
801890
802396
802533
802595
802848
802855
803443
803562
803685
803752
803866
804162
804189
804291
804422
804536
804795
804981
805063
805177
805311
806047
806235
806351
806734
806998
807381
807451
807473
807597
807602
807756
808107
808124
808328
809177
809219
809522
809578
810746
810772
810866
811058
811093
811176
812235
812246
812781
812786
813659
813853
813855
814163
814253
814336
814443
814686
815435
815593
815649
815687
816428
816454
816486
816610
816664
816822
816905
816995
817073
817115
817462
817879
818136
818417
819147
819244
819381
819834
819838
819874
820134
820171
820377
820521
820680
820918
820920
820928
821595
821670
822002
822026
822071
822103
822180
822196
822230
822294
822423
822826
823028
823155
823170
823328
824027
824046
824082
824487
824604
824623
824804
825095
825098
825124
825210
825394
825564
825605
825864
825881
826237
826523
826644
826708
826885
826886
827084
827193
827210
827364
827512
827705
827920
828069
828247
828389
828505
828662
828729
829141
829256
829805
830236
830270
830364
830654
830692
830811
830834
831323
831743
831782
831871
831886
832035
833008
833103
833825
834253
834348
834404
834743
835433
835596
835659
836391
836467
836494
836672
836792
836883
836965
837104
837121
837394
837427
837922
838268
838528
838675
838856
838978
839445
839815
839918
840004
840253
840454
840470
841011
841069
841071
841103
841304
841483
842681
842987
842991
843068
843177
843190
843548
843737
843828
843851
843888
844021
844373
844462
844503
844996
845288
845310
845469
845761
845775
845846
846350
846401
847014
847147
847316
847374
847389
848409
848637
848666
848716
848928
849010
849143
850082
850129
850228
850275
850504
850988
851128
851138
851219
851376
851472
851496
851510
851569
851674
852242
852315
852591
852635
852656
852716
852717
852782
852808
852894
853160
853216
853620
853685
853747
853916
853938
853952
854550
854619
855093
855465
856061
856125
856323
857237
857358
857392
858081
858221
858646
858685
858986
858999
859191
859297
859455
859674
859731
859871
859979
860002
860023
860396
860502
860927
861024
861061
861087
861094
861099
861132
861207
861659
861677
861734
861772
861928
862143
863216
863226
863383
863887
863963
864074
864129
864141
864594
864637
864671
864864
864891
864937
865135
865136
865160
865209
865276
865445
865472
865473
865908
866289
866478
866781
867206
867208
867279
867437
867456
867520
867624
867626
868139
868366
868386
868619
868649
868661
868967
869127
869134
869244
869547
869917
870063
870178
870525
870589
870665
870709
870891
871123
871571
871766
871813
871957
872262
872317
872471
872758
872781
873108
874122
874169
874835
875346
875471
875570
875655
875902
875919
875962
876199
876612
877072
877121
877385
877394
877471
877514
877554
877613
877630
877642
877725
877735
877860
877873
878020
878061
878113
878138
878228
878385
878615
878691
878781
878820
879051
879219
879292
879647
879679
879738
879756
879814
879880
880050
880359
880372
880484
880715
880837
880874
880909
880975
881082
881136
881213
881373
881650
881702
881739
881907
882104
882356
882400
882440
882586
882756
882804
882874
882990
883048
883112
883211
883357
884192
884204
884392
884648
884709
884738
884802
884960
885157
885190
885256
885295
885427
885428
885995
886182
886190
886372
886469
886471
886591
886592
886607
886801
886836
887007
887148
887181
887254
887340
887568
887589
887647
887795
887969
888071
889006
889234
889267
889285
889595
889888
890496
890743
891531
891597
891614
892123
892216
892557
892901
893007
893021
893050
893143
893281
893299
893398
893416
893419
893437
893453
893589
893619
893683
893744
893897
894041
894540
894586
894794
895455
895703
895814
895850
895992
896245
896282
896378
896461
896550
896631
896840
896990
897176
897203
897882
898010
898099
898143
898547
898624
898634
898889
899117
899217
899384
899764
899814
899868
900653
901028
901260
901683
901739
902128
902453
902474
902478
902570
902574
902600
903096
903183
903195
903295
903298
903505
903532
903729
903876
903951
904228
904246
904363
904605
904652
905171
905377
905382
906084
906537
906583
906584
906599
906645
906667
906764
906916
907079
907102
907106
907282
907435
908200
908239
908282
908375
908478
908522
908686
908745
908966
909071
909236
909670
909700
909776
909846
909847
910237
910475
910476
910651
910687
910772
910773
910988
911320
911345
911368
911486
911487
911497
911542
912185
912268
912309
912541
912545
912961
913179
913557
913693
914035
914037
914385
914589
914596
914608
915014
915197
915260
915835
916221
916891
917074
917300
917340
917371
917643
917782
918103
918151
918318
918341
918361
918371
918448
918451
918521
918567
918686
918720
919062
919139
919141
919256
919399
919443
919567
920181
920377
920820
921014
921044
921237
921804
921888
921968
922049
922303
922373
922434
922446
922463
922743
922861
923254
923288
923840
923964
924061
924110
924125
924627
924718
924958
924964
924979
925146
925827
925857
925919
926568
926994
927081
927085
927132
927358
927691
928089
928223
928275
928426
928819
928861
928887
929300
929366
929772
930253
930273
930432
930551
930827
930942
931018
931122
931180
931379
931476
931482
931493
931636
931939
931956
932014
932914
932935
933017
933187
933258
933424
933433
933570
933574
933938
934244
934458
934464
934755
934809
934976
935455
935526
935853
935898
936001
936024
936112
936306
936343
936490
936630
936699
936795
936841
936979
937082
937173
937279
937678
937817
937881
937903
938320
938582
938788
939386
939594
940247
940274
940562
940637
940724
941026
941062
941434
941491
941505
941827
941919
942329
942496
942525
942561
943145
943405
943435
943729
944693
944865
944938
944954
945204
945238
945298
945346
945376
945378
945643
946094
946600
946673
946893
946895
947066
947209
947553
947613
948032
948318
948448
948506
948645
948966
949113
949239
949685
950162
950329
950414
950601
950737
950761
950799
950951
950984
951129
951136
951238
951251
951257
951640
952184
952817
952927
953026
953308
953484
953666
953793
954144
954393
954415
955015
955193
955358
955516
955757
955817
955907
955936
956017
956096
956434
956729
956734
956814
957161
957559
957667
957722
957746
957778
957975
958016
958182
958375
958493
958707
958909
959115
959123
959177
959813
959926
959966
959997
960111
960176
960559
960799
961120
961198
961276
961381
961424
961527
961628
961631
961954
962483
962842
963042
963251
963555
963735
963828
963832
964887
965393
965719
965813
965942
965978
966146
966175
966362
966733
966788
966984
967045
967271
967385
967386
967388
967830
967878
968002
968138
968295
968676
968768
968807
968917
968925
968926
969285
969419
969607
969615
969753
970122
970518
970769
971128
971365
971433
971435
971470
971477
971585
971870
971891
972167
972704
972763
973393
973409
973588
973668
973741
973838
973942
974027
974145
974147
974255
974279
974358
974543
974667
974715
975121
975219
975418
975490
975826
976203
976256
976694
976698
976734
976905
977101
977114
977875
978097
978860
979011
979257
979493
979788
979805
980116
980339
980357
980638
980680
980705
980794
980840
980946
981199
981832
981921
982337
982528
982729
982877
982880
983021
983137
983477
983531
983534
983712
983788
983879
983968
984032
984407
984820
984854
985358
985436
985536
985643
985825
985934
985953
986311
986449
986652
986733
987052
987087
987182
987545
987558
987952
987959
987996
988022
988083
988436
988527
988783
988807
989037
989047
989089
989116
989181
989185
989213
989283
989888
990072
990121
991274
992035
992137
992427
992687
992785
993336
993648
993807
993859
993911
993976
994231
994321
994604
994663
994818
995090
995190
995356
995406
995581
995601
995762
995857
995896
996585
996667
996722
996964
997334
997336
997368
997382
997435
997920
998056
998537
998906
998953
999089
999254
999804
999852
1000157
1000223
1000260
1000344
1000393
1000628
1000644
1000767
1001155
1001421
1001563
1001653
1001665
1001913
1001924
1001973
1002051
1002157
1002461
1002570
1002763
1002821
1003104
1003148
1003285
1003622
1003633
1004030
1004039
1004367
1004408
1004502
1004914
1004916
1004968
1005060
1005115
1005166
1005251
1005480
1005594
1005606
1005941
1006220
1006410
1006450
1006793
1006922
1007142
1007484
1007652
1007843
1008067
1008276
1008465
1008787
1009110
1009339
1009415
1009828
1010187
1010529
1010788
1010873
1010963
1011166
1011251
1011290
1011570
1012235
1012308
1012738
1013218
1013300
1013338
1013365
1013695
1013732
1014065
1014582
1014642
1014728
1015090
1015212
1015559
1016251
1016328
1016364
1016412
1016431
1016490
1016605
1016657
1016763
1016778
1016827
1016910
1016995
1017049
1017082
1017167
1017170
1017435
1017554
1017667
1017708
1017797
1017896
1017929
1018013
1018097
1018169
1018287
1018319
1018540
1018701
1018790
1018979
1019206
1019244
1019266
1019317
1019553
1019881
1019939
1020027
1020141
1020167
1020212
1020218
1020223
1020249
1020251
1020266
1020402
1020440
1020723
1020861
1021165
1021233
1021402
1021799
1021800
1021920
1022008
1022169
1022403
1022512
1022748
1022844
1022867
1023105
1023380
1023625
1023937
1024431
1024452
1024587
1024621
1024627
1024633
1024657
1025361
1025779
1025883
1025886
1026242
1026416
1026461
1026656
1026794
1026814
1026886
1027030
1027096
1027366
1027517
1027811
1027879
1027883
1027904
1028052
1028075
1028384
1028477
1029054
1029066
1029085
1029498
1029877
1029950
1029954
1029959
1029981
1030093
1030152
1030893
1030928
1031056
1031180
1031341
1031379
1031503
1031693
1031838
1031916
1032112
1032128
1032327
1032443
1032986
1033214
1033679
1034116
1034149
1034285
1034303
1034324
1034482
1034492
1034542
1034692
1034909
1035219
1035310
1035353
1035634
1035865
1035993
1036257
1036366
1036590
1036647
1036725
1036763
1037089
1037516
1037519
1037772
1037905
1038475
1038760
1038999
1039225
1039256
1039362
1039514
1039650
1039780
1040516
1040668
1040943
1041003
1041226
1041464
1041470
1042108
1042149
1042194
1042268
1042466
1042577
1042643
1042817
1043016
1043025
1043363
1043744
1043970
1044027
1044286
1044288
1044622
1045057
1045223
1045305
1045350
1046154
1046301
1046632
1046982
1047023
1047072
1047155
1047256
1047358
1047543
1047710
1047744
1047992
1048430
1048683
1049035
1049108
1049641
1049676
1049719
1049803
1049833
1050099
1050345
1050719
1050990
1051086
1051157
1051336
1051734
1051811
1052029
1052228
1052287
1052416
1052452
1052890
1053204
1053658
1053696
1054043
1054480
1054661
1054924
1055296
1055501
1055767
1056210
1056249
1056306
1056810
1056847
1056934
1057778
1058018
1058178
1058203
1058508
1058536
1058566
1059169
1059177
1059414
1059947
1060303
1060455
1061085
1061297
1061561
1061776
1061862
1062047
1062192
1062257
1062370
1062514
1062643
1064368
1064552
1064560
1064573
1064788
1065148
1065182
1065839
1066086
1066207
1066243
1066573
1066703
1066758
1066825
1067146
1067381
1067982
1068965
1069373
1069618
1069694
1070364
1070385
1070405
1070913
1070949
1071163
1071218
1071619
1071683
1071826
1072045
1072482
1072857
1072952
1073348
1073666
1074273
1074351
1074363
1074389
1074408
1074427
1074447
1074501
1074527
1074700
1074727
1074924
1074926
1074953
1075134
1075135
1075255
1075597
1075610
1075612
1075650
1076066
1076069
1076360
1076612
1076672
1076725
1076727
1076734
1076852
1076857
1076923
1077017
1077317
1077560
1077592
1077828
1078017
1078214
1078295
1078530
1079079
1079419
1079631
1079667
1079674
1079785
1079834
1080546
1080724
1081129
1081313
1081314
1082101
1082243
1082490
1082614
1082750
1082852
1082855
1082878
1083421
1083468
1083483
1083530
1083592
1083641
1083671
1083742
1084167
1084503
1084808
1084955
1085177
1085250
1085616
1085838
1085886
1086121
1086290
1086359
1086696
1087030
1087137
1087626
1088128
1088197
1088768
1089116
1089522
1089562
1089672
1090050
1090251
1090313
1090488
1090490
1090499
1090707
1091436
1091450
1091549
1091647
1091679
1091789
1092357
1092405
1092720
1092838
1093419
1093791
1093976
1094033
1094470
1095094
1095385
1096141
1096187
1096337
1097139
1097574
1097834
1098034
1098491
1099055
1099484
1099738
1099770
1099787
1100289
1100304
1100361
1100763
1101020
1101128
1101129
1101321
1101415
1101484
1101768
1102183
1102236
1102281
1102763
1102796
1103309
1103382
1104005
1104212
1104393
1104439
1104464
1104565
1104638
1104706
1104988
1105879
1106381
1106703
1106763
1106816
1107189
1107935
1108347
1108436
1108485
1108527
1108845
1108941
1109043
1109277
1109356
1109521
1109602
1109645
1109753
1109983
1110683
1110739
1111054
1111329
1112128
1112424
1112714
1112756
1113022
1113485
1113574
1113601
1114084
1114150
1114685
1114728
1115250
1115372
1115606
1115713
1115832
1116054
1116205
1116259
1116376
1116550
1116985
1117148
1117158
1117293
1117615
1117806
1118326
1118641
1118704
1118715
1118840
1119255
1119483
1119729
1119762
1119857
1119962
1120077
1120528
1120779
1121260
1121268
1121371
1121428
1121748
1121777
1121925
1122416
1122523
1122738
1122920
1123063
1123186
64317
142484
93750
106307
250821
282597
833560
485423
106313
959083
155410
94629
21724
123905
287009
476453
533364
595569
75376
188957
67988
179823
235992
271643
590407
609765
280863
618984
100998
412059
849207
635061
668721
246544
684422
283680
136380
62649
23767
26354
171408
196244
236107
238030
238665
251661
333274
470405
476667
476675
510639
529617
531361
738463
769184
839695
857447
871969
898874
925372
926588
978605
1053998
1059280
1067233
1068745
1076814
1093451
1108001
1110134
1112571
1116852
50202
492711
742242
24776
94647
105751
174413
300506
326504
364449
437979
450591
699967
713655
737106
823964
911015
920674
928769
928770
976104
984356
1090515
155559
196236
222455
499333
581348
590837
590842
697053
716818
717594
804341
875921
900863
908008
916272
980753
1019951
13257
84816
206212
251305
262135
770997
144955
163776
174998
229667
259430
385829
1009423
292971
680468
885238
649066
6858
537948
1089
12008
16740
65207
66535
66681
71372
84623
142508
151214
160515
161470
171479
215303
265131
268625
270191
287807
292619
294330
314858
355310
360597
457760
476915
499212
510326
510464
538073
590686
611927
735436
765434
766606
784406
811537
868501
872124
879315
906722
926310
1117476
1125711
174762
533306
640760
1108149
245948
584621
437353
455795
679218
876091
143995
348070
920409
808829
557853
208580
336520
261453
720583
852030
436900
141386
70309
507505
132539
160354
516131
945109
315168
253040
626634
823926
72285
209469
121147
7795
566895
345851
432005
443872
558919
229647
644495
524293
28559
480385
645137
93832
53639
160688
251561
327355
691491
69517
35195
203196
465184
884162
117162
416681
77040
55789
852241
270168
739986
557089
492432
299010
419618
319999
683519
352114
456008
195525
300040
1023455
208983
269100
383437
3688
223044
348788
858956
102845
191576
257835
267261
347205
471475
903514
957763
148311
157225
162341
162371
178904
399064
418368
591478
1077346
885106
604988
1086411
483120
71876
26779
31488
792311
171528
644641
734965
44089
765065
1004340
360860
382024
630699
977896
155140
621102
44261
471852
595734
334880
359342
346253
771914
693122
781274
505636
201980
640909
669350
237313
151621
735282
38438
606526
292008
763729
1033184
31948
121992
209372
474496
500953
521002
531700
612962
7212
893867
443338
576055
277575
43589
770576
22437
952041
1108210
424764
290860
333777
334502
121263
1010207
347774
316772
997847
254778
143687
650170
207657
418141
401493
820047
452335
348238
22317
758203
143624
242101
499005
580266
256729
1003792
662985
227873
91639
118798
624657
154153
21266
334670
420060
55275
112958
134163
293759
626792
23677
65062
87763
121297
141243
237476
259440
320585
354850
361057
445729
476351
692666
722806
773584
859050
894427
909586
1022357
1089992
1105234
838018
104216
164543
420967
315937
331551
454492
858720
508185
247184
466770
1016213
58579
262016
54893
161201
852788
332141
191427
634319
503258
702682
26987
71837
100192
150902
197044
206892
227553
229480
261271
281118
329046
397233
466284
489583
528495
625403
740497
847284
1004845
450352
283462
128899
455183
561207
156928
522377
545853
558977
717205
400938
774046
772868
8468
204718
730561
982546
220457
224588
117847
304949
609012
957492
323333
249062
538124
195475
828631
34050
491551
505379
557968
606696
1053922
326614
48889
913416
315315
264444
84854
102195
207809
1019494
4554
475605
195195
284403
299428
51903
680641
361533
455313
91849
161111
11375
202534
462914
445744
904317
23160
38551
41276
103452
113356
230285
230868
329345
339960
472062
536530
563198
634843
667920
759373
761974
772340
792060
793216
970060
55248
66638
195899
196390
244557
370226
444870
491064
509949
537351
551320
729561
989190
458764
462587
327550
916905
28810
697384
84324
157285
25
237652
251810
414110
254663
888765
195201
284285
493069
591010
779144
36537
120380
147142
201320
215826
259239
262591
447978
471066
483053
496689
510260
654116
658519
663656
695378
699326
828626
932016
963884
1075233
70098
22004
131087
490350
332847
101488
716840
902212
437910
34020
29751
331286
1029236
41915
1064737
474544
508693
78428
1016813
438340
361014
117509
381063
58538
385867
280979
27102
70966
185886
869955
531442
228952
245116
334063
791092
26056
28000
369436
579327
589712
211198
191268
925514
577653
904319
334984
335225
992056
174315
7580
465032
5069
170159
235855
406234
491659
506409
667235
793582
879951
341183
120162
603394
672618
576078
472548
519847
955766
178037
474300
139342
191869
467598
239782
274142
550260
689044
1003989
245468
94332
1107253
122089
475012
609002
69588
360702
319788
70768
170286
219798
353607
345190
850277
868921
984757
1030923
750004
555498
336502
834826
623653
100246
508277
960730
1085655
50899
104934
304595
325681
975267
331891
204640
1050270
4462
435088
206180
566420
102534
4634
666006
33933
978329
630902
191734
196220
471665
334611
229599
91140
36164
274969
149321
420185
242119
834194
598456
637152
26304
9247
452016
631258
122923
146472
209972
233637
390179
470787
485608
488569
538462
770542
883238
879249
420417
446028
452337
979188
136572
711369
343454
8031
64298
99881
146750
294166
352607
596065
784233
58677
91170
119254
178534
308136
343296
401640
416904
452356
455220
457015
491861
524267
544706
563189
568915
667536
670477
823444
884072
929143
1029837
1049078
38875
68843
717435
145782
49961
417171
510487
751509
66882
151571
834827
238680
601183
528740
245160
143527
576309
409688
482869
511845
1062627
718624
49384
81287
114961
331492
332773
398078
510933
530345
554662
657933
95423
164897
810696
186579
97394
909563
964790
139046
159771
568344
133596
446591
233259
12854
541194
75986
74207
150885
263816
284714
479380
749470
975004
983136
855739
279321
1047158
125912
61386
545674
75378
869942
548615
664719
145335
320456
335292
650936
753402
409068
598380
252626
189775
1097475
1044473
95517
91198
476782
510783
222441
109300
188443
458867
537556
954697
367786
103104
570383
160193
279269
828794
854946
1070088
483916
563835
141265
207962
364397
346771
832965
849367
972679
58551
483580
584226
1124264
196999
120874
830248
86629
156900
259877
783583
21685
186526
347826
180308
368108
431617
151784
255624
90942
935464
344299
192253
63168
613698
558982
294465
585039
122278
162022
433971
489233
583659
723645
728951
733703
238840
673545
329523
496871
362183
24421
185936
756251
589455
292617
433265
1113567
770578
398066
661825
43116
76934
231046
503077
839533
950116
160098
698557
718768
1012322
125872
3890
32618
67146
85639
119601
134002
152264
159793
195324
242417
263534
271795
451378
498855
546578
604310
614210
778667
781532
841537
844137
968678
271690
386274
359762
163304
25062
157516
312949
320765
567325
99462
256536
435678
844979
1101340
931219
47680
97389
344189
464782
757736
768207
1032132
54968
94464
516601
575286
242290
664802
99269
607246
36743
256096
325338
181622
220124
1037543
195817
768838
30190
260655
456979
663838
135541
151480
623589
46857
337086
30776
104986
135112
148655
519676
634616
675257
764673
347723
343558
472699
589983
164262
209370
269252
342377
180008
639847
174298
54784
508215
658401
435407
331319
136591
600781
258108
224605
450369
389986
352261
64285
628743
443919
832490
518382
528415
1118310
71394
588500
6805
4680
94932
250823
353753
476885
59586
143705
43010
85259
22495
299114
314240
314853
381166
395752
543296
606666
688931
728810
942118
58517
78735
92838
99651
139257
148546
164294
225429
245277
353823
365957
465740
549009
578754
648468
1063600
252097
555713
118590
650309
562039
13358
286599
583253
381677
116646
165348
633497
812935
587915
611162
680634
204964
94655
908272
322177
393129
221814
769791
4725
27722
68889
145925
474657
721939
850925
935037
992058
101620
129823
392523
271969
171529
476317
532899
280399
107
295207
134677
337168
360520
148112
678954
209815
94552
158496
191733
899202
447052
444529
141045
335774
183634
28788
637583
805706
450676
663837
381339
279877
478303
178321
632092
198918
263620
347459
283510
331095
548439
148480
75528
206187
273722
523352
578615
640190
966087
1004846
1122178
32889
451149
271035
74372
244908
65008
144551
189549
618048
288916
622427
749494
147838
270726
329507
124024
3149
263595
123221
208756
353010
183863
236004
172498
605897
93755
587685
912868
719617
288348
739066
931452
740496
622223
348299
386287
96925
141229
614099
681601
945960
45212
88017
575065
96030
654680
688408
1029840
263200
435591
671758
520810
571218
641722
290769
75097
102168
226916
604651
804756
361130
141297
1062628
381135
214242
154274
221446
239685
733742
1059726
240200
104595
633601
222308
70579
406973
625986
1096912
195424
226530
824870
883891
355671
64387
64259
264043
961140
367775
536287
71965
102504
9901
27788
29190
64534
82773
93735
99827
101429
105082
118701
122168
139055
139207
143249
151227
152615
153429
155117
158265
180048
223048
229151
230262
230748
258816
262815
264151
273869
294475
315757
319825
328056
328287
332958
339272
340617
353721
356656
364041
380825
382021
402225
412294
432478
448726
452569
469082
471660
478246
492828
510373
518264
530590
533467
545714
560288
589711
615693
616787
617038
631251
632321
632720
638429
656425
704936
729770
735434
776383
806379
826292
853843
856989
858460
869258
871558
881900
906719
909562
922637
931984
932313
936814
962805
964070
967263
968182
973267
973784
984117
985758
1005982
1033828
1063511
1092767
1117477
78277
558395
325295
150215
438929
55601
433555
104317
45156
29180
714034
273583
122339
491920
495000
664446
579197
1025672
74250
951100
159832
689833
19949
189664
74651
533653
533794
314155
329530
231736
1046188
154124
123120
93184
904568
297400
257402
76746
123984
670605
148855
382761
909754
1081363
970998
736613
309962
949416
616789
381034
102946
655563
710213
121916
511924
100740
435587
549397
38185
289877
823545
104573
305103
505842
684751
822621
417005
454710
271419
466890
199213
25953
153642
346161
331249
43660
25570
35440
45498
53624
68159
73563
99289
99515
102360
127996
141902
142987
155696
162305
180252
192009
223015
229329
263249
264998
265352
296028
334797
343031
352880
355528
357525
357716
393025
423620
453791
458010
458829
512239
512394
521206
544458
591704
623522
638471
647844
664152
670509
688754
733756
777394
821543
863594
864349
877546
925104
939967
950815
983890
991725
1034398
1062122
1068554
1077396
1086804
1093656
18347
246457
777418
839835
1007522
305392
364134
733982
845009
71146
74416
25078
55579
250766
330947
618276
1071036
151430
160808
228480
927055
445968
791201
555470
39578
233320
268583
445605
684790
865150
918431
153426
852077
944731
52911
57903
146824
154534
191560
238201
249151
328461
341016
356440
359368
394730
477751
672981
701814
713013
716941
1007139
11102
456052
467891
544955
768964
1036
72093
94726
97266
289162
334650
489633
931962
147649
270298
152657
787124
174940
3814
3908
4939
6342
7044
7484
8016
9604
9635
9847
11810
12736
13299
13318
13572
16991
17902
19797
21449
21808
22109
22136
23000
23862
24071
24471
24721
25153
26654
27428
27750
28599
29432
29959
30406
31299
31547
32070
32439
33423
34290
40163
41783
43271
44772
46348
47960
48320
49873
52008
53412
55069
61281
61624
62034
66059
69216
69506
70512
71127
74222
74527
75254
75445
77953
78307
78344
78796
80571
83443
85827
87433
87547
89047
89560
91097
94487
95080
99452
99768
100804
101725
103080
103132
103976
105439
108434
109208
112510
116114
118271
118523
119505
123417
125132
128189
128195
130422
131947
134485
135850
138920
141179
144336
144629
144996
145495
147314
147817
149165
154683
157573
160412
162700
163567
173731
176096
177579
178539
179943
180673
180808
181540
184273
184293
185779
186081
188097
193210
194298
195761
199610
200141
204696
204974
205743
207571
219439
219538
221093
221594
227357
227768
230992
234281
235937
237669
237734
238772
239541
240609
241400
249370
249640
251105
252212
252830
254130
260708
260748
260922
262655
262820
264521
268845
269938
270332
270853
271504
271655
273099
273161
273217
273494
275176
276410
278060
281332
281355
282605
283381
292532
293575
293918
297550
299567
299955
311796
312412
314257
314485
315059
317618
318923
322079
336469
339478
339767
339778
339892
340379
340763
341325
343886
345039
345899
349451
350480
351765
356050
361121
369047
372773
381873
382160
382525
383444
384324
386912
389275
391815
394942
402827
408625
408907
417791
430357
432058
435913
439706
442200
443505
446819
447250
447817
447868
448407
450902
451716
453797
455440
455497
457989
459835
463163
465687
470624
472755
473107
477418
477883
483161
483223
486041
497298
498791
499463
504880
506259
508666
518691
520819
520977
521714
528016
529262
530233
531103
531293
532983
533028
534280
537223
539089
542451
556918
562858
565358
569582
573057
575292
578755
579275
579358
582618
583170
583293
583663
585932
587252
587982
589157
591692
591795
595411
596579
597134
605630
607812
610731
613510
616387
617598
618105
618414
625026
626798
628206
629394
631257
633864
633962
634505
636182
641159
641209
645899
651317
652466
658279
658426
659262
663408
665080
666194
668748
673669
678133
678639
679290
682753
683669
685083
686349
686679
689100
693297
695349
695355
696676
697117
697917
705185
705792
707929
714531
715377
716735
723801
727621
729570
730495
731196
731885
732477
733456
733757
742782
749894
751719
755673
762450
772064
774111
777676
788035
792810
793224
794806
802424
803783
806236
806409
810610
812460
817098
825408
829728
833242
836590
842024
844149
845040
846095
851724
851747
857942
862445
864506
864595
868378
869644
872544
877234
878002
878690
881670
888681
891905
893310
906418
906474
908149
912907
917635
919385
920812
923295
927374
930338
939265
940919
942168
942235
946084
951462
952812
953061
963007
965736
968965
973017
975023
975748
981924
981997
983660
985299
989889
998102
998740
1003542
1004647
1007840
1010946
1013412
1034350
1036297
1037807
1040597
1042239
1048383
1050864
1062621
1065333
1068424
1071918
1072753
1076203
1076437
1096273
1100691
5934
6572
8302
8820
10663
12983
13726
14885
16657
20012
25052
27911
28596
31030
32099
39885
41564
44129
46080
49483
50337
50980
57987
59183
63056
63858
63915
66440
68437
69114
70467
70779
74135
78893
86191
89765
91047
93780
96196
96772
98041
98524
102699
102931
103497
104072
106257
106593
109136
110716
112157
112998
114292
117443
118001
121362
122217
123615
125696
126017
126854
127903
130723
131536
134371
134839
136710
140100
141631
143971
145707
147553
147712
148834
149068
149266
151747
153374
154039
154375
157135
158029
160365
161193
162145
164814
164886
170238
173105
174239
180799
186747
190625
191266
192392
195148
195237
195947
197781
198496
199593
203114
206872
207602
209833
210115
215547
216311
218377
220025
222263
223686
225986
226665
227535
229509
233439
235300
235417
235570
238126
239392
241231
244361
247331
251342
252032
255398
256461
257109
259361
259491
261763
261985
267932
268813
270439
270809
278276
281311
283410
287126
289630
290660
296083
298820
299096
299762
300867
312465
313586
317524
319596
322921
325946
326512
329189
331067
335893
337755
339946
340550
341310
345486
345950
347435
348385
349582
351061
355733
360988
363954
364351
364460
368262
380927
381576
385588
386051
386603
387344
388885
389281
391608
398701
399855
401708
401884
401998
402075
405894
406816
416576
416686
417595
428904
430697
431469
433504
434335
435389
441433
442736
444762
446026
446492
446550
447292
448831
769795
778396
494448
816191
325028
896763
766237
787125
331529
128585
446848
160450
360895
660581
647693
805928
993597
242317
179768
459128
858942
1025898
450094
503085
8918
100856
29314
422145
446410
715601
195391
265336
334567
456009
103391
24078
43981
72139
87372
117779
158057
191429
359210
385813
390601
396834
464257
496527
573793
625990
704216
752659
753988
831817
1080708
31945
933705
544805
1088850
252195
118022
632372
638610
221924
283351
96182
230790
455368
78931
812171
87404
271200
389767
528467
827639
69431
85159
269889
424430
447062
449792
453259
457137
463978
464160
465862
467993
470771
472612
472684
477131
478346
487232
487994
489780
491588
492675
493837
494948
498670
500097
501980
505612
506134
506670
517416
518773
519828
521576
522319
522581
523602
528451
528710
531161
532276
534921
539945
546592
548249
549926
549974
551431
551972
552662
554241
555367
559014
561395
567968
568678
570955
571407
575884
577723
578980
582444
585031
586114
591560
592242
599320
601307
603418
605357
607740
608497
608961
609967
610007
610657
616592
619551
621456
624553
628879
629220
635335
636843
639954
645990
646914
648788
653126
658150
661070
661263
664982
668095
670467
671174
672653
672894
674131
674992
676898
681151
682788
683489
685822
688254
688833
691433
701963
704310
707457
711278
712451
714694
716177
716358
722585
722603
725964
728225
731266
732438
735910
740022
744435
744598
747834
749302
752254
765307
776207
776737
783631
791205
792479
800828
801037
801807
808146
816162
817717
820412
825667
828815
830676
831327
839505
841952
844491
845097
853647
855623
855920
861989
862525
863413
863815
872833
872979
873212
889830
891064
891526
892095
895178
896889
899652
899732
900646
901871
902760
908273
909523
913762
914255
923326
923352
923911
925377
925706
931802
933018
938561
940351
941078
941620
944915
948089
956049
975234
981322
982091
985227
986899
995527
1001670
1002579
1006207
1009887
1012179
1014125
1015939
1017909
1019138
1021548
1022187
1029772
1033138
1033357
1034866
1035919
1038550
1041152
1041419
1042634
1043640
1044858
1045934
1050090
1051888
1054269
1061423
1061794
1076522
1076915
1078948
1081473
1084481
1091346
1105966
1106893
1117100
1121413
1124663
1130038
595343
622348
883763
105726
113899
336012
162109
531098
96025
925200
76596
844112
587074
877549
40009
503281
555114
199787
2668
821124
450817
200961
445642
479203
222724
130496
43253
445848
773014
510695
99456
142876
1110671
102271
336289
943182
1084313
418381
730000
644328
824718
19562
46648
82014
541853
888202
533056
160069
132219
113921
115057
158252
523696
874380
878124
763570
58402
71545
201592
851922
31035
136052
167438
221033
297559
622914
699674
17740
93233
109022
112486
218862
335275
580134
584171
174155
729618
884161
32578
65155
434230
504843
562752
725585
875116
840762
1043459
24484
587616
801015
900056
910889
1059719
139377
162318
533202
653962
707304
1075664
155654
771808
156205
534816
462942
545241
253316
174882
576710
950708
256765
286853
532930
265305
465292
937922
22241
275863
343424
69448
877415
348297
824866
1117066
553639
122344
238444
249945
1124671
25721
9050
127009
658281
596553
269312
536785
1071632
519521
264782
950920
124771
538771
286822
783944
11812
265392
275741
443881
6099
227886
365346
416209
428170
533420
908942
968464
247936
11837
116910
448182
191100
617688
267732
342059
215575
791234
538971
1012180
149104
586567
19840
452234
472654
526291
691953
795500
1015940
1018484
1120992
79267
180396
181902
840717
473753
490900
521663
1011578
164304
570426
55376
302897
14508
368738
488814
634713
621148
331384
632943
184888
692949
318497
544666
467062
62234
106414
120774
141497
146900
160804
188493
271951
274774
381801
385420
401454
533297
638555
756788
788257
934093
144817
1639
466733
925508
293134
493798
8754
153667
159632
258740
497313
12634
156111
384296
89318
95165
135289
179961
276232
278016
309458
361627
431815
443227
444640
531071
571897
585776
622010
626863
766785
796579
801519
843418
904470
975809
1065244
448173
477523
568819
121178
347819
789296
289047
773323
1118303
353455
253843
621873
697461
537206
529222
591975
105063
211089
84383
2176
21231
109550
268759
267683
30484
141219
279383
443633
277272
698962
586740
27919
171525
7010
1010907
989547
17205
43120
71345
86862
128055
217718
253780
255395
266255
285646
297156
349980
352145
364133
471702
488852
518540
561712
589903
655613
751556
800484
1068589
1126233
285826
679443
717582
998091
106294
29086
408137
564529
580609
671566
635182
858095
672950
758594
121327
177930
347571
75701
713888
588886
100883
300376
582119
888603
12620
58293
91270
105017
115072
152421
164259
185770
229248
259948
280582
291920
339559
357537
383009
396435
439704
473984
521517
539889
581251
588994
591574
632383
682827
717189
729015
738056
751897
785249
806195
848949
870778
879144
937815
987449
998725
1041739
1043672
1073410
1083721
1130102
1131743
1132831
13338
22720
27531
71922
84336
97030
136594
145886
236517
239694
260070
267521
322030
340885
383115
431800
453114
475981
532591
537907
561631
565463
648796
655839
702875
705345
749967
785993
833237
841408
845372
845485
855286
919391
1026586
1059708
1125227
276015
402048
27385
301750
552725
364648
95129
457581
187340
771901
256196
346770
446777
956156
141193
74440
354343
38755
860231
410691
292623
145743
702925
381626
92433
466965
13636
66793
829556
21367
237972
321587
607192
46121
33711
464348
1073100
28104
200981
265119
539378
454142
502559
752019
274435
161018
89662
423606
151882
966083
738136
657421
22990
341278
94392
443827
258351
2064
160168
855528
580017
483789
961913
601607
208937
212265
27682
1588
88890
158391
483450
638569
701503
73643
99958
105025
118840
121661
127822
181521
185876
229478
241441
255107
287580
449595
483627
538980
596103
608722
614223
788972
804331
806529
836421
1051542
1090549
1098040
89101
186912
713439
789839
170538
75390
438205
128342
910218
71423
865450
712001
319635
487078
70164
2479
62512
553418
586144
629931
473182
940812
217972
102825
152715
242575
802393
123454
232365
669043
749650
471227
802572
158227
256873
638485
1035419
269280
771720
222851
750462
419697
91907
519901
49878
141569
186920
329462
591160
953131
832795
769929
596949
477966
106468
139936
641262
1011301
943155
283456
582022
238242
457544
544029
647012
734709
990533
58448
153612
309580
353903
403148
463501
646293
857790
992865
122695
219046
792922
510290
897775
840478
482139
695139
340467
1123391
36812
252193
69955
274971
788045
1073529
1073530
1059541
257597
86718
179983
228002
331267
367857
456549
508997
664399
689474
726884
745451
770122
865922
887844
902265
969346
984105
1017612
1110885
583667
63147
566717
572709
163015
643755
178868
983683
8600
816369
132561
91037
222913
853272
649050
95383
184939
275098
196718
771230
36833
924690
452428
102267
189599
255955
339351
140564
318763
1889
3347
3406
4878
6101
6382
6415
7816
9620
10178
12041
13083
13145
13743
13764
17229
17426
17560
17624
21368
21905
22097
22104
22166
22500
22579
22772
22890
23434
23734
24229
24258
24862
24967
25204
26650
26732
26976
28518
28571
29200
29624
30865
30916
31872
32620
34405
34602
36939
37444
37806
37991
38068
39497
40594
42757
43428
43901
45042
45632
46573
47548
50125
50361
51150
51426
51605
54977
59367
61815
63417
66716
67041
70018
70507
70617
72729
73606
73715
74340
75122
75125
75146
76091
76175
76826
79029
79788
80614
81925
82011
82191
82917
82995
83202
83347
83879
84083
84587
87666
88177
88398
88406
89736
90135
91142
91680
91709
92009
92452
93355
94029
94771
94820
95055
96809
97866
98339
99395
99804
100062
101020
102014
102161
102283
104061
104254
104376
104823
105606
105951
107620
109538
109721
110704
110820
112185
113253
113865
113937
114377
116202
116311
116692
116873
117339
117411
118509
118774
119575
119694
119770
119791
120414
120746
121110
121300
121526
121842
123839
125114
125298
1128599
4793
119808
1025056
635869
236598
145403
561569
1074819
199621
36960
143810
247335
8695
679527
785592
354053
611493
159588
463458
778395
854523
361352
173288
586568
479299
61871
180656
97108
293135
451130
533296
778879
468406
667865
418239
789877
861664
92750
95501
52438
294783
456222
488820
472048
95157
998656
13512
745444
737693
17660
751684
806578
106168
204806
298892
625579
474088
79244
131309
543189
563436
1104462
855527
96092
3102
249045
8112
274594
207373
898746
333776
602841
621408
71072
694956
68711
152553
572788
206870
220378
205750
64768
108934
146355
154273
158228
169348
189315
221653
232622
245988
332279
351535
352717
397737
400968
521617
603860
650843
693353
814839
831011
858631
904932
988434
1055907
1064332
1108939
1127533
987245
466741
892194
987425
466777
543027
96070
287177
230820
162809
47657
439990
460089
934600
239779
242436
45559
475139
646045
151145
307996
26001
382353
508186
537939
72953
78850
63996
97147
453818
939609
117856
227584
331958
3088
140527
150193
224433
231601
260664
325993
342226
435207
445432
591133
615194
679982
681206
804983
896966
970308
1020149
239853
431413
1055076
210726
85964
259551
435086
320165
504406
589266
465182
431994
804638
871144
25722
120941
815487
503323
329534
148965
79552
228939
352504
271513
188486
199736
1079348
893275
829945
524281
74693
650429
602
851
856
1391
1400
1595
1601
2103
2110
2125
2212
2312
2552
2871
2879
3025
3365
4052
4098
4272
4514
4598
4807
4927
5281
5936
6011
7069
7083
7245
7249
7669
7700
7785
7887
7928
8025
9047
9249
9354
9564
9757
9996
10086
10432
10445
10607
10701
10838
11017
11425
11695
12431
12546
12566
13082
13175
13191
13200
13331
13490
13565
13622
13824
14043
14300
14900
15724
16711
16724
16728
16948
17171
17322
18393
18454
18544
19093
19270
19578
19726
19930
20303
20493
20906
21099
21213
21273
21584
21641
21725
21742
21787
21940
21954
22473
22623
22643
22836
22864
22939
23653
23718
23854
23885
23939
24029
24221
24492
24562
24891
24966
24980
25329
25611
25812
25848
25866
26011
26085
26347
26729
27140
27805
27891
27900
28297
28342
28380
28955
29061
29213
29309
29312
29384
29480
29610
29614
29618
29757
30044
30051
30114
30316
30383
30403
30632
30945
31095
31322
31432
31583
31688
31863
32129
32471
32619
32747
32767
33187
33709
33900
34332
34962
35098
35130
35235
35556
36230
36486
36610
37511
37929
37983
38132
38617
38664
39130
40360
40440
40498
40980
41142
41221
41331
41731
42032
42195
43229
43256
43337
43343
43418
43681
43707
44519
44596
44722
44761
44782
44877
45001
45004
45430
45548
45574
45618
45711
45786
45793
45838
46071
46145
46368
47236
47468
47871
48396
48438
48634
48881
49016
49620
49781
49941
50041
50123
50157
50490
50774
50989
51735
51902
52230
52787
54646
54675
54857
54868
55440
55445
55555
55691
55791
56006
56274
57683
57981
58285
58598
59223
59246
59294
59442
59857
60677
60716
60726
61179
61304
61426
61847
61854
61879
61883
61904
62881
62923
63336
63618
64212
64289
64376
64652
64653
65177
65751
65777
66663
66889
67037
67194
67378
67402
67415
67489
67540
67754
67813
68267
68367
68509
69046
69160
69428
69495
69546
69547
69548
69921
69989
70102
70111
70144
70206
70210
70220
70235
70342
70344
70865
71124
71785
72229
72321
72521
72948
73627
73736
73766
73894
73975
74016
74204
74259
74724
74900
75140
75482
75622
75669
76191
76269
76485
77132
77236
77806
77894
78034
78129
78143
78250
78297
78350
78397
78483
78937
79409
79417
79527
79616
80611
81103
81104
81847
82340
82502
82535
82742
82784
82791
83510
83924
84137
85838
85953
86342
86419
87057
87771
87921
88197
88388
88392
88475
88982
89065
89228
89498
89666
89741
89786
90130
90900
90923
90975
91432
91478
91552
91648
91737
91757
91954
92031
92424
92540
92950
93182
93213
93605
93892
94001
94289
94298
94415
94540
94577
94989
95379
95467
95560
95695
95885
96607
96648
96849
96854
96882
97036
97038
97250
97447
97623
97791
97842
97844
98329
98343
98700
98940
99434
99757
99770
99927
100009
100094
100519
100566
100671
100682
101418
101489
101505
101514
101775
101988
102179
102223
102332
102333
102659
102672
102952
102977
103138
103189
103212
103319
103421
103449
103571
104111
104196
104307
104649
104715
104839
104959
105183
105344
105363
105383
105515
105617
105742
105743
105835
105944
105964
106030
106229
106352
106482
106655
106751
106925
107181
107376
107673
108153
108265
108471
109003
109082
109540
110782
111261
112044
112457
112602
113069
113890
113972
114260
114296
114577
114798
114852
115087
115169
115444
115512
115596
115616
115653
116189
116441
116494
116789
117709
117710
117914
118248
118383
118431
118782
118913
118945
119121
119579
119629
119640
119721
119801
119841
120468
120487
120728
120802
121091
121168
122087
122195
122264
122334
122718
123048
123568
123660
123917
124019
124128
124138
124410
124525
124530
125086
125514
125968
125977
126451
127127
127182
127319
127490
127542
127573
127602
127685
127706
128175
128383
128426
128720
129324
129531
129777
129830
131326
131477
131527
131690
131814
131834
132150
132235
132389
133414
133978
134192
134489
134701
134825
134930
135323
135436
135654
135658
135693
135742
135925
135940
135959
136230
136379
136513
136665
136870
137086
137108
137282
137348
137393
137679
137805
137830
138905
139009
139716
140087
140095
140181
140342
140455
140489
140569
140733
141268
141525
141599
141625
141681
141903
141920
142005
142117
142170
142496
142511
142797
142828
142884
143240
143359
143684
143851
143937
144348
144512
144653
145390
145684
146141
146197
146701
146704
146969
147123
147138
147267
147307
147512
147634
147661
147794
147898
148488
148561
148650
148652
148922
148937
149058
149070
149125
149278
149580
149749
149816
149826
149898
150176
150201
150207
150277
150393
151035
151136
151390
151567
151723
151810
152155
152434
152866
152946
153352
153987
154303
154482
154520
154746
155335
155377
155645
155754
155762
156321
156815
156904
156983
157133
157386
157617
157621
157670
157784
157788
157891
157928
158118
158237
158449
158894
158933
158979
159058
159225
159408
159440
159458
159585
159730
159812
160026
160254
160332
160575
160610
160652
160874
161118
161258
161260
161404
161435
162164
162317
162365
162976
163257
163346
163351
163455
163517
163554
163649
163794
163885
163983
164047
164220
164255
164277
164460
164716
164780
165076
165636
166018
166113
166185
166795
166904
167822
168086
168433
168667
168697
169039
170050
170103
170242
170250
170255
170261
170491
170557
170764
170959
170989
171119
171411
171830
172102
172240
172241
172345
172373
172489
172527
172539
172606
172656
172942
173183
173266
173355
173719
174241
174410
174499
174799
174820
174842
174927
175380
175644
176108
176198
177499
177647
177929
178344
178738
179666
179759
179760
179780
179803
179962
180004
180235
180318
180324
180501
180626
180685
180786
180955
181104
181524
181579
182905
183986
184454
184900
184980
185315
185707
185853
186478
186595
186620
186645
186687
187021
187148
187390
187497
188169
188374
188423
188510
188695
188697
188930
189070
189649
189883
190357
190361
190952
191314
191604
191683
191686
193064
193490
193769
194939
195316
195450
195483
195907
195959
195974
195978
196387
196395
197406
197537
197574
197720
197908
198184
198240
198370
198813
198927
199150
199156
199549
199567
199851
200185
200760
200913
201667
202296
202401
202869
202991
203005
203179
203292
203724
204446
204526
204562
204677
205937
206429
206649
207116
207185
207293
207348
207528
207566
207616
207647
207673
207755
208015
208053
208089
208243
208407
208557
224566
43312
543028
886322
277054
244414
998222
18991
631467
119427
746592
1029958
124471
628761
485335
44572
587236
537940
95175
191538
66433
114953
170437
230237
240216
319836
348618
474611
563777
604254
677817
703591
726156
898854
1041777
319764
537950
435134
1066803
630529
87682
496439
589024
62108
668159
75382
368872
24433
865554
133682
82607
110169
144918
154631
208915
209351
209965
210054
210074
210157
210317
210542
210981
211252
211518
211875
212119
212145
212476
212741
214220
214278
214471
214918
215044
215120
215149
215184
215416
215656
215689
215736
215753
216422
216507
216979
217214
217320
217671
218316
218328
218429
218477
218678
218937
219317
219368
219380
219728
219792
219817
219974
219980
219993
220087
220292
220460
220895
220902
220990
221148
221155
221535
221681
221812
221943
221994
222134
222191
222247
222486
222591
222615
222791
222885
222910
223422
223567
224229
225020
225237
226238
226585
227005
227011
227152
227298
227332
227418
227427
227608
228062
228368
228510
228522
228551
228556
228898
229369
229417
229560
229816
231236
231241
231357
231429
231841
231884
232261
232438
232494
232870
233057
233193
233229
233391
233711
233948
235420
235616
235626
235787
235838
235900
236209
236356
237500
237653
237694
237735
237902
237941
238270
238349
238535
238595
238672
238799
238817
238865
239047
239534
239637
239781
239811
239879
239964
240187
240196
240212
240255
240407
240446
240833
240980
241332
241548
241846
242124
242181
242193
242552
242743
243063
243331
243367
243714
243982
244095
244177
244234
244292
244453
244466
244607
244608
244609
244673
245290
245386
245391
246143
246215
246317
246482
246694
246964
247106
247252
247328
247423
247696
247896
247914
247931
247932
248074
248323
248336
248351
248796
249080
250030
250625
250641
250682
250825
251155
251217
251402
251448
251799
251924
251950
251952
252116
252164
252425
252447
252488
252680
252818
253161
253166
253187
253188
253371
253648
254059
254245
254592
254690
254786
254986
255098
255123
255239
255290
256351
256657
256733
256766
256779
256831
257093
257151
257422
257569
257620
257936
257973
258117
258127
258297
258394
258428
258815
258974
259013
259035
259389
259923
259950
260010
260337
260406
260469
260520
260536
260662
260857
260971
261178
261213
261742
261774
261934
261979
261988
262099
262139
262284
262674
262702
262764
262808
262854
262912
263239
263283
263357
263370
263466
263499
263652
263930
264103
264116
264255
264333
264337
264382
264395
264421
264488
264489
264500
264501
264567
264597
264675
264731
265597
266337
266377
267295
267529
267561
267604
268039
268071
268336
268404
268554
268756
269140
269219
269854
270270
270318
270374
270452
270515
270597
270827
271093
271096
271333
271465
271565
272078
272139
272259
272862
272985
273328
273426
273652
273854
273910
273929
273952
274118
274454
274695
274831
274874
275000
275209
275924
275926
276070
276143
276359
276896
276913
277042
277138
277357
277518
277669
277863
277916
278076
278077
278225
278409
278989
279769
279913
280319
280560
280989
281747
281952
282265
282622
282965
283356
283376
283451
284274
284398
284596
284669
284772
284906
285101
285397
285583
285751
285766
286089
286742
286770
286830
287142
287166
287192
287392
287468
287499
287516
287752
287802
288102
288119
288621
288861
289088
289366
289378
289480
289667
289725
289783
289812
289966
289993
290399
291010
291022
292128
292345
292706
292776
293057
293181
293257
293275
293371
293390
293630
293978
294180
294600
295037
295224
295437
295570
295596
295655
295907
295911
296015
296111
296363
296463
296492
296494
296778
297013
297026
297160
297238
297316
297461
297996
298416
298464
298539
298687
298754
298777
298799
299014
299720
299805
299818
300243
300656
300716
300742
301147
301450
301559
301897
302843
303280
303907
303996
304119
304639
305834
305952
307985
308004
308699
309138
309305
309521
309530
309677
310443
310688
311017
311211
311805
312111
313314
314051
314110
314831
315252
315428
315497
315783
316418
316964
317097
317390
317394
317411
317613
317649
317746
317748
318204
318271
318322
318592
318605
318644
318870
318976
319212
320301
320438
320490
320759
320761
320830
320887
321037
321374
321513
322113
322124
322876
323004
323105
323320
324561
324577
324830
324837
325215
325314
325505
325509
325540
325543
325703
325712
325752
326146
326377
326452
326585
327153
327324
327541
327682
327915
328096
328288
328300
328336
329210
329243
329421
330002
330056
330945
331051
331357
331381
331402
331633
331729
331907
331932
332128
332154
332196
332523
332575
333048
333806
334159
334507
334612
334675
335076
335096
335289
335439
336249
336282
336492
336533
336605
336754
336886
336946
336953
336969
336990
337161
337737
338986
339006
339231
339389
339422
339537
339845
339853
339918
340244
340331
340594
340740
340762
340783
341423
341453
341820
341983
342018
342140
342285
342289
342494
342529
342738
342760
342775
342966
343068
343108
343147
343193
344201
344346
344421
344458
344476
344863
344963
345369
345426
345664
345728
345991
346021
346165
346411
346416
346483
346553
346618
346667
346669
346934
347233
347589
347616
347636
347641
347715
348014
348161
348220
348281
348496
348523
349104
349438
349485
349588
349688
349714
349820
350160
351295
351889
351990
352093
352443
352525
352654
352829
352874
352985
353325
353556
353813
353815
353891
353915
354041
354203
354251
354349
354357
354616
354712
355122
355308
355436
355563
356002
356334
356514
357101
357601
357729
358940
358961
359282
359446
359552
360021
360226
360421
360453
360548
360608
360688
361000
361053
361099
361270
361405
361777
362217
362450
362573
362698
363596
363853
363944
364138
364627
364736
365348
365888
366223
368161
368250
368574
368616
368625
368842
369007
369151
369155
369236
369297
369342
369419
369518
369567
370185
370244
370268
370420
370762
372200
373789
374723
375258
377266
380826
380895
381292
381343
381646
381768
382012
382296
382865
383319
383698
384524
384668
385053
385701
386048
386176
386343
386440
386818
386849
387359
387362
387767
387969
388066
388149
388307
388452
388816
389132
389326
389482
389714
390034
390191
390314
390589
391394
391534
391545
393093
393223
393519
394013
395128
395200
395311
396173
396258
396632
396683
396814
397596
397750
398198
398206
398373
401568
401570
402037
402253
402821
403077
403718
404779
406817
408420
408888
409019
409318
409397
410986
411021
411137
415706
416523
417003
417386
417764
417786
418153
418186
418232
418407
418485
418787
419241
419550
419650
419670
419685
419767
419904
419948
420566
422778
423639
423691
423786
424206
424454
424891
426794
426853
426986
427174
427276
427341
427360
429464
430246
430384
430564
430662
430723
431065
431352
431794
431993
432203
432267
432652
433378
433409
434173
434574
434622
434630
434664
434824
434863
434866
435042
435158
435216
435246
435931
436044
436333
436397
436514
436595
437294
437388
437750
437882
438227
438663
438810
438876
438997
439287
439478
439699
439794
439920
440194
440212
440556
440592
440612
440885
441314
441416
443145
443402
443553
443947
444001
444177
444564
445655
445803
445861
445896
446069
446245
446285
446824
446849
446884
447058
447120
447220
447530
447657
447665
447666
447719
448110
448159
448171
448216
448282
448518
449157
449189
449596
449691
450738
450791
451111
451148
451194
451221
451225
451534
451766
451944
452163
452192
452479
452903
452979
453251
453525
453655
454326
454807
455032
455264
455561
455787
455906
455938
456114
456354
456718
457106
457209
457993
458023
458073
458137
458166
458409
458520
458628
458768
458777
458895
459058
460559
461520
461529
462123
462200
462610
462640
463170
463177
463451
463968
464167
464291
464497
464526
464827
464905
465139
465373
466277
466352
466579
466705
466921
467115
467537
467886
468263
468698
469346
469742
470740
471079
471429
471480
471596
471789
472368
472616
473052
473161
473267
473394
473638
473729
474289
474404
474579
474632
474680
474691
474936
474946
474955
475121
475175
475251
292576
763320
585724
526139
493346
124476
193610
91381
416593
466154
804244
949643
65878
75447
163726
475489
475640
475662
476167
476340
476902
477125
477213
477451
477734
477800
478071
478118
478316
478621
479066
479379
479546
479709
480026
482207
482227
482846
482862
482907
483747
483852
485515
486608
486946
487089
487342
487434
487687
488093
488471
488906
489055
489166
489215
489251
489334
489707
490073
490261
490371
490624
490719
491725
492083
492162
492230
492374
492467
492543
492771
492978
493125
493165
493178
493422
493448
493571
493864
494161
494359
494561
494720
494815
496304
496862
496888
496922
497338
497352
497391
497443
497726
498355
498614
498754
498771
498814
498830
498843
499007
499022
499745
499869
500109
500176
500244
500911
500994
501301
501700
502566
502656
502863
503126
503143
503158
503491
503846
504242
504380
504814
505500
505511
505885
505934
506281
506505
506840
506993
507025
507119
507198
507386
507476
507767
508297
508626
508643
510022
510076
510181
510229
510272
510282
510291
510384
510415
510524
510638
510818
510843
510931
511160
511470
512036
512122
512204
512413
512429
513301
513524
513832
514144
514272
514378
514643
514696
514963
515711
515807
516084
516151
516187
516219
516393
517087
517102
517221
517348
517638
518292
518360
518678
518706
519763
519771
520891
521104
521178
521815
521945
521965
522031
522053
522511
522525
522579
522665
522783
523440
523451
523521
523681
523838
524009
524433
524790
524801
527675
528358
528394
528411
528433
528468
528626
528734
528967
529092
529331
529365
529403
529689
529732
529919
530204
530343
530347
530394
530906
531091
531145
531183
531211
531328
531474
531539
531800
532377
532876
532893
533041
533064
533773
534098
534223
534541
534709
536010
536058
536262
536412
536548
536680
537365
537800
537833
538402
538716
539365
539381
539460
539577
539652
540463
541343
541497
542182
542452
542811
543300
543710
543784
544033
544058
544353
544609
544904
545089
545197
545425
545625
545711
545757
546822
546855
547587
549776
550585
551296
551475
551515
551687
551778
551875
552052
552185
552208
552271
552846
552938
553202
553447
553466
553664
553666
553950
554812
555091
555190
556009
556103
556198
556493
556629
556670
558206
558392
558502
558516
558839
558962
558976
559222
559481
559512
559528
559579
559680
560114
560946
561576
561740
562232
562306
562336
562363
562426
562523
562571
563051
563284
563498
564385
564496
565621
566022
566752
566776
567809
568314
568539
568749
568812
569007
569226
569248
569273
569348
569439
569771
569889
570011
570019
570081
570291
570315
570467
570503
570963
571370
571400
571416
571425
571773
572534
572705
572789
572897
573101
573123
573516
573678
574009
574058
574535
575415
575575
575673
575763
576149
576150
576178
576220
577166
577200
577301
577494
577510
577785
577828
577833
577861
577910
578105
578340
578365
578531
578568
579227
579961
580012
580084
580450
580472
580904
581147
581164
581470
581679
582077
582824
583246
583488
583646
583792
584173
584619
584643
585041
585165
585259
585770
586016
586194
586292
586646
586910
587016
587062
587077
587395
587625
587657
588147
588231
588241
588252
588477
588723
588833
588904
589232
589376
589493
589542
589954
589956
590287
590359
590412
591019
591205
591470
591524
591727
591806
591834
591841
592211
592558
592722
593092
593293
593863
594177
596171
596173
596756
596971
597239
597472
597572
598500
598548
598988
599037
599373
599648
599742
599877
600545
600588
600932
601008
602131
602403
602431
602971
603036
603456
603477
603616
603633
603764
603876
603882
604575
604598
604701
604870
605537
605538
605652
605665
605676
606508
606901
606951
607048
607084
607141
607773
607932
608247
608372
608553
608696
608769
609055
609084
609576
609993
610157
610176
610578
610653
610721
610927
611225
611607
612192
612213
612341
612361
612416
613253
613406
614056
614104
614122
614301
614321
614654
614896
614948
615124
615282
615461
615546
615759
616700
616721
616853
617329
617683
617816
618169
618518
618627
618806
618970
619179
619362
619444
620276
620432
620742
620956
621098
621329
621529
621701
622000
622147
622305
622476
622561
622789
622994
623179
623248
623300
623618
623795
623930
623983
624112
624114
624445
624518
625108
625301
625312
625328
625720
625745
625859
626023
626386
626649
626651
627269
627330
627757
627831
627957
627959
628276
628526
628575
628638
628682
628684
628904
629065
629148
629256
629980
630128
630930
631151
631397
631491
631996
632002
632531
632593
632906
632921
633262
633618
634227
634289
634594
634600
634661
634911
635237
635270
635350
635386
635445
635489
635778
635794
635945
636164
636491
636507
636770
636955
637049
637576
637843
638496
639483
639564
639710
640132
640359
640599
640891
641087
641882
641905
642122
642528
642848
642968
643758
643760
643816
643827
644455
644716
644917
645009
645144
645260
645843
646055
646338
646572
646585
646875
647354
647543
648325
648371
648479
648507
648670
648757
649105
649209
650109
650283
650765
650781
651438
652715
653377
653448
653591
653634
653926
654188
654582
655363
655616
656391
656998
657053
657472
657517
657579
657656
657811
657921
658243
658274
658365
658515
658819
658984
659070
659841
660412
660634
661020
661317
661646
661748
661859
662241
662451
662487
662491
662600
662705
663684
663758
664073
664217
664327
664497
664540
664920
664985
665256
665601
665875
666160
666369
666373
666628
666651
667064
667149
667357
667590
667683
667691
667789
667907
668091
668220
668837
669635
669739
670266
670291
670536
670622
670737
671064
671112
671289
671859
672253
672326
672629
672897
672902
672935
672997
673072
673223
673540
674305
674329
674874
675817
676114
677168
677280
677320
677330
677459
677468
677591
677760
678017
678212
678297
678500
679174
679229
679310
679624
679804
679926
679996
680053
680145
680284
680709
680917
681158
682160
682783
683247
683509
683647
684004
684108
684305
684489
684557
685230
685488
685767
685868
686051
686202
686491
686618
687440
687761
688359
688506
688593
688810
688901
689117
689693
689790
690017
690304
691788
692176
692725
692771
693029
693363
693568
694358
694478
694528
694700
695245
696260
696277
696753
697853
697893
698214
698520
698551
698969
699122
699199
700734
700742
701026
701080
701106
701139
701305
701457
701501
701732
701735
702071
702389
702692
703539
703688
703838
704578
704828
704834
704964
705446
705581
707370
708188
708464
708515
708707
709551
709945
710067
710252
710393
711106
711221
711710
712419
712442
712452
712453
712744
712790
713077
713848
714050
714162
714175
714827
715232
715250
715318
715700
716293
716488
717336
717635
717919
718077
718562
720340
720549
720624
720731
722060
722553
722879
723298
724131
724913
726104
726147
726573
727379
727448
727815
728134
728410
728512
729000
729442
730350
730556
730658
731234
732193
732623
733044
733325
733918
733981
735278
735338
735569
735680
735702
735914
736017
736059
736612
737331
737807
738333
738441
738451
738528
738776
738845
738940
738993
739019
739042
739913
740454
740647
741627
741812
741997
741998
742025
742439
742713
742735
742814
742953
743212
743237
743821
744111
744150
744262
744264
744382
744477
744826
744935
746599
746754
747775
749169
750212
750358
750596
750716
750729
750781
751176
751212
751325
751359
751365
751370
751469
752190
752345
752666
753124
753162
753589
753618
753882
753952
753997
754236
754331
754903
755141
756513
756530
756760
758166
758306
758751
759088
761955
761963
761964
761994
762271
763204
763749
764413
764500
764515
764636
764856
764857
764864
764948
765124
765608
765662
765786
766153
766171
766825
767319
767344
767388
767704
767733
767838
768239
768481
768579
768608
769088
769212
769252
769433
769434
769738
769820
770139
770479
771997
772724
773307
773521
773524
773627
773831
775355
776217
777138
777321
777494
777506
778847
778893
779181
779229
779325
779377
779671
779841
780991
781276
781382
781726
781744
783370
783392
783452
783550
783868
784132
784367
784589
785051
785535
785579
632371
787248
787592
789655
797729
801421
804134
807068
814138
814175
820562
822171
822648
823020
824541
825793
830187
831047
831182
831317
835111
836515
840982
843668
851899
852048
853678
855335
858243
859802
860848
864821
866029
866445
868946
868956
869749
869944
870746
870810
873279
873912
875787
876299
876557
879403
883224
883673
883816
885764
886394
887119
887386
888624
888645
891876
892950
893190
895616
897720
897735
899568
901341
902525
910933
916571
919213
921206
921479
922332
929152
930528
930602
933595
933628
935101
939607
940759
945927
949101
949248
949373
950333
950804
953954
958719
960721
963844
966983
968150
973756
975858
976380
978338
982700
983904
984365
986218
987191
987551
992415
993388
994272
995843
996004
996765
1004271
1013129
1013346
1013727
1015815
1016403
1018063
1018588
1021112
1032015
1033882
1037386
1046155
1046500
1048767
1051011
1055194
1055461
1055799
1055828
1056772
1057134
1057349
1061166
1063771
1065936
1066542
1067174
1069902
1072321
1075156
1081101
1086596
1088853
1089540
1094652
1096515
1101799
1102991
1110207
1116694
1117130
1117469
1120756
1121076
1122603
1124646
1125666
1126687
1128734
1129127
1129827
1130466
1130638
1131605
1131667
1133349
1133406
1133434
1134047
786936
786966
787173
788219
788401
788481
790038
790438
790782
791113
791313
792044
792098
792326
792587
792992
793752
795765
796229
796542
796807
797212
797325
797590
797594
800473
801922
802604
802981
804096
804100
804596
804614
804869
805352
805581
806110
806219
806690
807158
807400
807436
807928
808166
808331
808700
808708
809032
809249
809375
810003
810853
812063
813857
814149
816267
816668
816784
817159
817631
818247
819315
819331
819736
819997
821308
821643
821928
822057
822163
822332
822490
823168
823183
823243
823670
823880
823890
824248
824382
824426
825045
825053
825251
825618
825769
826517
826563
826925
827170
827320
827449
827491
827829
827881
827944
828359
829031
829291
829335
829379
829444
829452
829646
829762
830157
830480
830688
831529
831718
831896
832079
832092
832106
832707
832887
833425
833625
834309
834624
834830
835316
836231
836394
836526
836704
836977
837560
837915
838382
838646
839075
839365
839492
839566
839971
840007
840235
840349
841492
841559
841945
842042
842046
842152
842458
842586
843238
843283
843514
843582
843608
843684
843895
844171
844253
844354
844988
845326
846217
846476
846512
847150
847393
847693
848214
848223
848260
849201
850545
851561
851568
851615
851685
851828
852396
852538
852711
852950
854054
854784
855356
855517
855604
855771
856201
856352
857239
857268
857776
858055
858472
859585
859694
859822
861088
861213
861216
861259
861357
861359
861783
861803
861990
862310
862729
862741
863007
863167
863214
863812
864515
864967
865070
865700
866341
866436
866545
866574
866696
866976
867008
867199
867599
867805
867970
868023
868711
868861
869120
869124
869630
869721
869810
870197
870946
870988
871238
871705
871769
871868
872520
872522
873139
873266
873905
874183
874342
874463
874721
875031
875095
875605
875629
876120
876347
876509
876811
876877
876975
877202
877313
877374
878025
878362
878893
878925
879795
880167
880265
880561
880776
882310
883061
883644
884030
884406
884497
884530
885038
885401
885521
885628
885983
886724
886805
887025
887130
887193
887530
887549
887808
888300
888342
888621
888889
889201
889238
889664
890925
890940
891482
891802
891807
891841
892165
892711
892926
893126
893146
893217
893221
893298
893553
893606
893823
893841
894407
895041
895498
895505
895552
895640
895784
896161
896257
896296
896311
896583
896629
896901
897210
897382
897578
897955
898317
898327
898465
898681
898778
898971
899725
899952
900106
900722
901349
901896
902042
902379
902546
903147
903383
903884
904121
904190
904220
904284
904285
904393
905068
905574
905673
905731
905745
905764
905824
906092
906269
906443
907307
907861
907921
908019
908136
908738
909737
910474
910686
910765
910872
911503
911628
912617
912833
913059
913549
914801
915009
915184
916201
916589
916903
916904
917172
917174
917188
917600
917651
918016
918574
919098
919120
919318
919598
919716
919886
919893
919897
920330
920340
920774
920912
920938
920947
921327
922106
922175
922413
922837
922871
922956
923347
923637
924804
924988
925007
925387
925915
926080
926113
926710
927018
927161
927380
927739
927872
927909
928608
928713
928838
929185
929224
929846
929924
930069
930333
930357
930398
930539
930835
931148
932726
933486
933916
934597
934843
934947
935535
935742
936289
936673
936762
937099
937691
937902
938820
938945
939937
940218
940272
940523
940528
940569
940694
940908
941046
941148
941232
941934
942282
942553
942590
943076
943305
943483
943508
943929
944125
944375
944639
944707
944817
945348
945459
946119
947995
948600
948703
948818
948830
949203
949671
949712
950382
950974
951063
951150
952340
952364
952408
952463
952583
953803
954340
955360
956043
956312
956808
956815
957053
957285
957819
958170
958985
959232
959981
960307
960861
961177
961567
962345
962922
963611
963671
963905
964665
964936
965201
965265
965455
965500
965527
966564
966790
966882
967159
967468
967499
968390
968773
968881
969682
969921
970042
971512
971606
971709
971804
972734
973615
973929
974212
974396
974976
975108
975403
976072
976098
977077
977286
977490
977604
977667
977817
978370
978407
978484
978638
979163
979294
979842
980130
980386
980430
981378
981442
981620
981769
981973
982104
982154
982285
983379
983419
984329
984817
985603
985735
986651
986805
987125
987961
988345
989370
989398
989741
989912
990682
990828
991259
991593
991619
991759
992053
992180
992239
992278
992532
992721
992777
994178
994334
994399
995048
995084
995243
995440
995662
995953
996089
996243
997274
997495
997919
997955
998576
998578
998943
999393
999414
999497
999578
1000014
1000830
1001118
1001347
1001789
1002487
1002505
1002998
1003494
1004370
1004734
1004789
1005407
1006029
1007146
1007457
1007697
1007727
1007791
1007944
1009507
1009612
1009770
1010032
1010162
1010724
1010940
1011003
1011063
1011956
1012200
1012745
1013351
1013552
1013744
1014508
1014881
1014972
1015305
1015472
1015617
1016386
1017854
1018627
1019049
1019208
1019303
1019697
1019768
1021270
1021344
1021710
1022041
1022244
1022409
1022982
1023351
1023599
1023752
1023788
1023997
1024987
1024988
1025286
1026617
1027391
1027628
1028292
1028421
1029551
1029664
1029727
1030757
1032462
1032555
1032881
1033103
1033264
1033342
1034808
1035043
1035066
1035187
1035467
1035992
1036604
1036804
1036837
1037365
1037723
1037814
1038043
1038411
1038857
1038921
1039552
1039662
1040323
1040954
1042072
1042117
1042269
1042319
1042327
1042406
1043174
1043735
1043864
1044276
1044356
1045500
1045847
1045935
1045951
1046553
1046997
1047087
1047259
1047420
1048061
1048180
1049041
1049526
1049892
1050639
1050832
1051110
1051128
1051182
1051907
1052219
1052332
1052406
1052746
1053747
1053814
1053842
1054653
1054785
1055142
1055243
1055439
1055694
1055726
1056167
1056737
1057190
1057387
1057830
1057872
1059202
1059545
1061183
1061445
1061682
1062467
1063402
1063933
1064117
1064130
1064295
1064626
1064861
1065176
1065371
1066072
1066121
1066331
1067710
1067961
1068164
1069042
1069616
1069757
1069766
1070057
1070103
1070336
1070572
1070671
1071112
1071219
1071576
1072386
1072893
1073099
1073599
1074122
1074782
1074928
1075116
1075591
1075722
1076624
1076854
1076882
1077356
1077630
1077866
1078070
1078326
1078953
1079302
1080075
1080151
1080267
1080427
1080535
1080703
1080913
1081249
1081436
1081938
1082267
1082308
1083726
1083876
1084453
1084636
1084772
1085237
1087262
1087500
1088009
1088039
1088358
1089131
1089958
1090314
1090526
1090586
1090769
1090887
1091001
1091071
1091109
1091275
1091626
1091999
1092476
1092481
1093094
1093834
1094188
1094956
1095037
1095050
1095194
1096512
1096659
1096763
1097022
1097850
1098437
1098504
1098913
1099024
1099623
1099673
1099853
1100137
1100207
1100210
1100869
1101121
1101846
1102064
1102302
1102576
1102895
1103574
1104550
1104736
1105032
1105102
1105669
1105724
1105838
1105907
1106260
1106684
1106885
1107139
1107693
1107759
1107777
1108357
1108396
1109152
1109646
1110485
1111050
1111190
1111319
1111427
1111847
1112209
1112277
1112441
1113141
1113341
1113820
1114304
1114651
1115267
1116107
1116573
1116629
1117365
1117440
1117680
1117817
1119355
1119751
1120320
1121996
1122425
1122797
1123181
1123265
1123511
1123706
1124916
1125498
1125848
1125862
1125952
1126120
1126234
1126431
1126543
1126688
1126775
1127580
1127981
1128087
1128684
1128737
1128960
922011
656633
639909
639910
35022
50994
70147
206118
571108
237383
121126
200797
491842
93243
289520
1005428
504249
206824
721701
785601
591971
301090
641057
771291
158579
722711
452955
103001
886075
210472
656517
19936
507807
956497
148610
237751
399830
537137
1123081
523701
543112
60948
91445
189348
221772
603246
689102
181027
228656
635715
590122
149023
612728
88659
8332
97924
543767
614317
386826
391375
4562
121750
171521
215427
155422
144503
897699
537176
24186
399621
80133
17859
71606
845214
420389
476564
487225
654575
840714
507041
90992
221757
252055
473362
584184
616389
677575
694523
258080
565172
61563
91748
95978
96278
224866
247178
322602
584095
692936
748004
970635
42546
66632
73931
74267
102791
103140
144608
166594
179621
268192
273268
280286
294432
446794
483364
492529
530807
562429
578535
626074
629945
636391
706355
722488
756324
815114
824744
829746
908076
918849
959132
1037375
1047466
1047941
1048196
879141
298988
420237
344442
475718
606884
184261
255757
79591
339277
631147
711574
849741
174580
490305
582652
814139
817226
496972
483411
221857
69731
331350
447511
254691
317037
438596
498808
252237
104588
332188
613343
268886
572869
291314
32468
321409
818456
934646
180178
76285
521731
634172
766368
533899
164037
221721
671205
896342
336055
890879
462737
821143
95029
360265
48868
51495
51526
74774
75893
92447
97252
102685
118192
122526
152997
153581
156143
156917
160604
161289
229400
245500
298718
309831
339997
346624
353907
390196
397612
403131
431323
456969
462170
493886
520851
538155
539433
573575
730347
824862
841904
883593
889572
926946
1012315
1033753
1076325
1108826
110
247759
268207
289388
326198
472242
639165
817811
906009
906493
994192
1009157
250637
613740
96748
217341
917360
548513
309643
986064
195621
149634
384458
103116
175228
275765
634245
382390
244186
640025
1055802
656478
68850
135898
457461
659359
876997
905567
773851
327585
137519
291591
2937
332124
121123
341673
566540
161506
195758
591549
72030
336959
353914
639205
104987
149417
211191
241722
363975
382604
398524
518149
587819
791870
793386
39221
41607
91532
101954
105109
177672
199570
209635
386339
462151
536779
537355
559551
563404
632808
648098
743082
833380
874514
887382
907239
910367
921648
968877
1024591
1040654
751271
767631
556508
299221
334237
147344
574582
302038
707216
618112
357046
1120714
687653
235014
396221
750465
769813
499151
773983
995034
141454
792967
549839
663454
1053766
96694
814778
996602
91505
13177
21056
23551
25780
26169
26525
30030
32711
33026
39952
81452
85360
90933
98389
103260
105884
150180
157308
157832
159007
215789
219124
221315
223838
238828
247280
255219
258483
274378
326732
330983
336779
386180
395511
405928
419457
475786
497436
529238
569637
576283
584427
586148
592939
616701
617399
628690
632511
663792
691855
766898
808256
816921
824437
829576
836340
845439
893341
920646
924307
946991
962235
974127
999790
1077472
1089857
1103216
455233
494269
488245
68968
82306
137836
193296
673631
795509
209557
225981
568504
607497
861778
913294
923076
978587
23346
492376
256179
893253
95872
684384
115461
448250
451362
463493
569581
139300
213080
244053
318449
383617
844527
934402
935107
1052324
1072371
750546
492901
109088
44229
48714
331918
419335
881211
793117
926333
245499
70790
584503
826244
297146
582034
720312
603575
23282
128882
388872
435058
666546
236049
241403
160965
121629
86884
483183
236333
692086
201275
96063
239898
41274
44035
74913
114371
230756
239102
348870
357395
536575
546602
752388
766739
856569
874329
895206
920809
1096641
452060
592034
592734
631269
697009
1124820
285801
719259
262819
1009382
941972
545259
924468
634084
51424
254035
651578
790216
329544
164334
733787
523630
60548
273071
7573
64237
64867
89760
104623
135721
143758
187491
188334
234060
261041
267531
381265
498975
552780
554427
573213
624896
666234
733071
1074306
1330
246476
974675
102818
640282
301403
10815
140314
190738
222389
228532
329088
489679
505896
785546
880041
903692
907914
634351
952976
394423
648524
157915
152371
299799
615644
661706
670879
933968
1108439
29589
114991
180644
455692
727164
1065713
190639
478167
340238
503448
260890
354867
1101662
836766
278625
192396
369631
140260
140604
319636
331997
465863
615093
569005
1003264
1011875
1094645
95449
444437
8360
162386
1039879
249386
916885
879318
136907
719835
133013
162721
468764
633812
977212
595781
768895
966759
260620
124265
621265
2000
11058
20524
22082
25955
28627
31051
38814
39773
40647
46188
60601
65903
66093
66733
71779
75566
82065
83523
101608
103084
127499
137546
138935
140827
149927
155137
161665
198871
198903
199368
202894
219637
222171
227171
230377
259592
260556
261316
262042
267645
275210
277991
288283
297048
299532
312611
319478
325467
331930
338899
341402
341687
351218
352226
352516
364154
366036
384926
405841
414108
417566
434914
466468
493844
519975
533980
534092
536460
551924
552647
562771
567842
579067
615829
626907
635362
664967
670883
686733
702464
723955
727382
737143
738679
739998
746858
754670
783852
787992
790189
805745
827490
840512
846315
851397
875600
877778
899875
900978
909365
925773
928029
952758
963366
969741
970578
979825
985860
1040872
1073316
1098791
1107918
799
1021
1622
1841
3574
7320
8130
13285
13322
14791
15977
17949
18023
18822
20215
21342
22553
23418
25158
25267
26334
26391
26932
31760
31835
32389
35726
36049
36785
37366
38176
39154
39349
42554
47984
54961
55135
59462
59870
60028
60084
62671
63621
64633
65269
67885
68923
69145
69952
75397
75858
76219
76386
76556
79604
80107
80277
80774
83354
83470
83795
85767
89336
89643
92123
95686
97981
98400
99054
103257
103775
104308
104953
105310
105917
106581
109372
111795
115730
116347
117018
119788
121376
121658
121749
122135
123231
124955
128127
129421
131491
134996
135433
137872
140258
142536
145273
146124
146707
149984
150200
150467
151049
152339
152760
152816
158713
159547
159629
160020
160896
161494
161804
163457
170086
171342
171770
172400
173159
174325
174880
175273
175915
180451
180954
181860
183594
183655
183928
187376
187472
188535
188583
188621
188824
191704
195457
197403
198883
199995
202201
202830
203190
206798
210384
212296
212575
216781
217048
217212
218594
218926
219625
228895
229419
233203
236545
237567
237601
237743
240012
240869
241445
243364
244228
244334
245100
246133
247692
247956
249390
253749
253783
253862
254260
258185
259114
259262
259384
259929
261181
261255
262086
265269
265457
265726
265969
266016
266232
269502
270479
272042
272218
283060
292871
293052
293889
295399
299465
300593
303697
303821
304414
304542
304553
309475
310466
311345
311606
312607
316395
320601
321977
326006
326051
326527
326539
326895
331842
336073
340450
340743
342447
343396
344110
344427
347171
352073
352298
352331
352884
353444
357622
368579
372897
375643
380850
382843
384568
385636
385843
393990
394733
395766
404598
414123
414586
417580
418305
418365
419060
420398
424021
424742
426877
427638
435691
439747
439861
439884
444427
447006
448181
451002
452023
452112
452855
453417
454140
456111
458710
459406
463794
464058
467627
467648
467871
470719
472352
473866
474735
475878
476068
482343
484978
487649
492678
492973
496258
498463
505341
506007
507791
510118
512197
516607
519644
519659
519716
520021
520079
521189
521339
522981
523983
530772
531459
532204
532576
535965
536282
540337
543512
549968
550171
551200
551237
553424
556830
558566
562119
568737
568850
569293
571803
571841
572597
573005
575596
577245
580307
583578
584278
584576
584615
587037
587261
587631
598309
598701
599808
604010
604555
606850
607068
613531
614740
614835
616167
621327
622527
625890
627175
627180
628965
634801
635163
635598
637110
639254
640293
641224
643506
644343
644714
645065
647588
650652
654803
658164
658450
664172
664936
666328
692087
952972
661991
534044
1039877
468771
407451
94680
785599
21406
368567
656477
280362
181009
653524
591651
531955
819099
124064
794647
292860
92992
396394
253014
148749
1022642
257076
530337
560788
44914
82598
162189
66993
448506
538463
286854
25254
149625
839488
803970
845467
899119
79261
721702
100275
96881
307601
688711
729424
728536
705938
327789
407404
470328
607228
254122
24118
174748
250589
481946
261471
463818
695322
1065648
841106
128753
821487
1015668
42940
92989
93181
122280
125259
135205
148219
153735
158504
193651
217443
236208
242571
245508
288121
289507
293015
332093
347678
381924
389563
398791
437367
475357
479056
485333
490077
511045
519880
529237
534424
543444
543663
545316
561791
575357
612366
612459
655335
733730
788661
824844
829577
887526
889083
896926
931857
962508
1006755
1031138
1098782
801295
959204
959205
1088441
83996
85792
915915
330467
447081
263773
220153
775370
18767
120595
127719
146082
302002
510515
274870
606885
606887
843488
548161
685620
640935
268986
71365
722013
98319
49968
457048
110768
126204
191242
434830
613365
880217
937409
1015628
128754
348262
414234
511065
697225
785276
803003
934762
4049
1071895
633581
438704
394422
218331
828770
148335
768532
25994
545262
966932
830711
340845
889453
453517
558739
43009
80315
92019
96471
109058
120988
189071
208400
215298
232865
235445
238482
241683
280558
308707
317026
319733
336979
347605
435129
438323
513957
534318
539434
569411
600399
602351
621269
627056
642600
702113
730348
732634
752301
773124
778480
778729
786861
788415
797499
800274
812563
824969
846242
856141
864711
881519
884744
902575
907792
961705
966915
986679
988433
1003826
1010235
1031398
1040709
1042032
1048915
1096426
1102049
1109163
615132
960246
140610
36313
138617
386828
650534
85298
1016663
74445
121451
190868
452954
482786
580456
533114
856238
967139
155272
236051
769983
546641
159475
953153
936501
638498
118272
670080
671698
671951
673818
676713
692267
692939
697059
704639
716719
718649
727168
751696
752585
754335
768733
777427
792865
803478
816963
821133
844914
850245
851721
865383
867766
907410
920066
930617
942963
946302
950108
978419
984904
991709
993577
1037236
1039941
1046112
40404
62728
66851
139363
141311
188450
228655
504202
668463
670588
673230
675098
678892
679876
680934
682113
682237
682771
685497
697778
700069
702865
709575
711506
712653
714143
726033
737472
737742
738532
744434
751849
757086
762848
764543
766127
769072
772001
776199
777604
778174
786060
789417
792433
796768
797718
802079
815177
816279
822345
831291
831531
833609
839230
839287
842396
847298
850603
853687
858040
859971
860279
860743
877557
878999
882940
897034
902461
903619
904015
907143
913057
918885
921146
930086
934992
936242
937541
945791
950423
951105
951127
951155
951893
953492
962553
966183
966854
968033
972800
977055
984006
1002641
1006777
1010648
1011363
1011902
1015240
1017465
1018422
1018662
1023828
1024255
1026868
1032036
1034528
1044557
1058093
1059780
1067533
1079090
1083745
1116908
1119792
1122729
1014053
161775
63191
726046
232023
49790
154517
678528
665924
302813
259567
239568
591037
120382
287206
633908
102819
100663
286909
639289
108381
1971
319634
43958
294784
958357
1026323
1012356
388129
609920
70876
258533
884355
483863
205836
1075699
139921
341916
611798
2866
285394
218026
9721
96893
314299
531023
336370
513082
911810
983440
447238
404763
556068
655280
960197
1047766
658192
257418
650374
419080
104386
346980
257396
523589
524402
626339
402907
814378
544731
27169
64738
220750
304019
576200
649359
668460
952862
18792
892758
21597
115799
919325
95133
138260
153063
286737
293587
464250
541816
717007
120119
158307
351417
463566
464911
476886
829454
21874
91665
93299
101042
132915
162140
189596
533107
563867
668430
738664
830177
863902
975400
6520
27754
28435
33594
44469
48376
134752
190381
260009
322339
332955
370314
423598
621773
627987
788436
813455
924404
976577
995001
1023577
1037780
34434
84870
132296
151930
158149
158636
172852
188388
201322
242466
249500
254093
418424
418578
430492
560844
623726
637138
884155
646112
924402
52279
202130
268802
399844
899207
70373
136357
200200
448015
505785
674966
678348
719789
904140
116074
816024
47640
490524
765750
32060
444438
964139
419874
747656
93505
585717
154077
780678
911421
113975
28536
86554
192664
506710
338216
100967
451466
6950
344231
103889
844372
961570
771537
545658
451337
76505
466853
637874
440203
77152
876758
36419
180043
109926
466346
332185
98288
777963
621383
284440
25859
440948
949713
929777
531603
62792
207289
532065
777883
1072010
1072011
986776
145354
252079
255761
400997
457355
364604
268789
325363
609115
630628
1034190
1043668
245616
22665
622170
585835
783355
265325
265516
272738
473635
868286
956957
346152
1036145
455172
36763
340910
661443
26936
563780
584110
680405
979905
1056394
1113230
48384
340736
956209
599768
687575
359909
793529
35963
65774
24690
529154
298705
6117
159134
226553
259260
4647
190630
217286
242167
765868
322185
341584
786160
143811
16742
788
2059
16411
20376
33608
39334
41568
43631
43825
59489
61632
67718
74506
100785
103576
105010
106035
117115
121187
125859
135243
135423
137028
144662
149547
154515
154694
155541
156973
174855
180281
197410
199253
205693
211890
214239
214463
217292
229487
239824
244229
253484
263394
270886
274930
278026
280470
287417
290757
293536
317197
327896
340004
349463
354470
364976
386246
408059
410758
431703
433506
437738
442732
448892
450398
455622
457503
474251
479863
486582
504820
505711
521658
556708
560298
580036
580406
583231
583542
587709
591945
593236
621093
626405
626939
640826
641300
662047
663978
689967
701461
725565
731883
743030
747820
750463
757957
761643
762958
793665
806815
816270
842117
844305
893388
895145
906090
936691
938513
956468
986607
1012667
1013302
1013795
1026847
1030266
1031497
1038124
1059954
1070547
257624
303398
417040
636371
861850
945419
466843
146755
181545
670499
270990
538905
587953
514077
821159
986352
1084030
529109
529110
802832
802833
1084028
67502
673283
226778
369846
386363
130925
571600
624537
210012
331545
268072
140471
445859
99534
215308
201416
779469
881219
145996
368553
132119
78907
386410
121607
24518
206857
240059
252109
364495
686887
932265
339334
103196
115481
325862
263558
290510
653612
207515
850591
587289
381771
410933
767766
279007
588738
849311
96921
463573
262505
278135
446316
180097
851176
159569
271063
449693
677322
139119
344504
417598
477010
438791
238670
205789
160194
86504
18507
1001048
945910
232703
366049
160375
302739
395625
479161
331855
321243
333828
96402
148166
117605
151574
398443
114695
197491
285266
369285
393601
424822
469424
511317
534875
566790
606352
618578
631254
646430
669830
736338
845602
874707
897609
941715
955739
957080
990654
1071907
1074742
1104865
1106151
78269
428887
968974
644543
466927
160871
159109
129658
29272
100481
539704
750269
839218
990637
206302
631022
870263
588412
471248
85801
106396
364471
43098
1051793
577357
7547
64625
482018
448447
151722
294704
178857
164851
221661
264583
76713
589512
589023
1039113
1039114
132636
1059680
299161
621418
344506
227987
143713
935583
287835
94976
82706
2737
401174
479718
914087
575775
555847
68934
254431
589483
151726
738277
241499
259445
78963
100552
499063
1095763
356553
391391
619013
458610
91174
93334
264326
636327
685480
702064
192254
476689
529675
401310
840869
904609
572711
630635
929384
975875
196924
43117
447611
940092
450350
464389
153491
66893
161638
630328
219977
827346
54980
299003
385907
463457
746333
755775
763838
1075383
851477
1017906
729257
62694
101663
602041
396193
732144
76848
1068317
805494
41353
155728
801820
538792
759566
882158
433676
71363
275619
469354
443653
123880
1078387
718559
327778
148338
331539
230598
474375
397109
493721
345259
436732
451773
431
2319
2573
4450
4541
5035
5975
7332
7403
8779
8935
10778
11877
12316
13044
13520
13797
14109
14112
14118
14384
14769
16530
19852
67984
300741
918707
588292
670484
445948
121647
1101661
188069
998054
369185
1058687
340849
160196
259489
289171
1005447
77060
122730
485383
60007
206111
323199
250647
83247
152577
93777
963991
25817
26759
55501
73601
78814
121503
149232
159468
159990
178991
195104
216520
265223
268276
270165
331028
345180
352047
381748
426839
436174
437453
462279
491848
505120
520939
563419
574984
578945
592121
616568
634410
656489
659833
674354
689844
698516
724357
729285
801399
812511
827844
829666
876200
893477
941716
996601
1021809
1027641
1062180
1084043
1093466
1114551
1122002
285858
483106
529159
817058
71855
960747
28470
589315
610056
359144
544730
360637
199293
901409
112554
532829
12578
51062
54703
65934
260813
275249
323129
355169
368737
392199
456854
536057
647880
1083755
1093812
1096949
238580
625562
960713
314915
737731
123791
939992
27493
158945
293545
327445
144706
920431
38096
685849
386374
386409
135106
1064859
246031
643968
27369
37928
53632
59439
62379
87912
153494
181099
184909
187520
216192
247993
266395
343365
343521
458493
468850
480359
523566
553705
555104
591726
623062
648622
653518
655188
777966
790026
822232
825494
856311
919324
997237
1035158
1065298
1076018
1082602
33006
131008
152589
157102
257494
434926
493207
494141
533335
568432
821142
963191
1081809
831048
161459
1035555
123706
246552
141769
208833
866130
268189
260322
30667
631583
53676
352099
974832
386362
115261
95547
458877
294815
338966
269075
117544
573594
24020
40095
46097
225739
466133
592634
818433
874708
954066
996583
259682
173232
1101663
41576
151024
535541
120896
201329
239100
345197
95015
121345
283271
253703
397490
162573
585715
606895
613660
128782
697306
848425
654417
77145
241326
767763
571838
566882
186935
569596
195419
308578
98482
141120
389613
676990
514091
71301
670485
17213
17286
17306
17553
17853
18289
18302
18412
18548
18993
19015
21647
22067
22663
22859
22926
23193
23324
24434
24485
24697
25063
25202
25445
25894
26129
26376
26424
26614
26949
26955
26974
27553
28147
28191
28467
28560
28569
30581
31102
31128
32328
33583
33926
35617
35669
36823
36928
37139
37195
37476
37510
37547
37651
37993
39462
40398
41533
42271
43330
43338
43535
44002
44096
44597
45762
45807
47361
47456
47865
51651
52185
52669
52796
53485
53981
55547
55807
56315
57557
58270
58474
59196
60665
61535
62887
63559
63929
63989
64655
65202
65362
66750
66883
67079
67886
68828
69380
69405
69508
70149
73363
74511
75258
75531
76977
77490
78067
80956
81255
81791
81890
82129
83230
83799
83930
84080
84836
84969
86634
87049
87328
87330
87818
88530
88653
89769
91283
91697
91747
92250
93400
93827
94308
94461
95320
96016
97966
98098
98359
98627
100822
100917
102155
102253
102745
102756
103130
103724
103764
104067
104197
104356
104378
104419
104458
104746
105732
105909
107548
108116
109337
110847
111065
112741
113183
114297
114340
114480
114667
116424
117186
117778
117884
118850
119918
120217
121917
122184
124117
124587
124914
125923
127300
127733
129086
131403
131629
131708
132855
132898
134388
135200
136652
136708
137814
138353
139011
139252
141042
141429
141445
141748
142289
142834
142971
144043
145149
145502
146199
146559
146617
147218
148060
148512
149289
150092
150108
151746
152026
152151
152527
152588
153279
153447
154080
154102
154410
155177
155229
157697
159111
159247
159519
159966
160591
161160
163840
163889
164102
164474
164547
165109
165985
170167
171351
172404
174213
174324
175064
175086
175119
175246
175864
177778
179855
180151
180204
180428
180650
180743
180949
181074
181159
183777
184188
184807
184923
185774
186606
186822
186830
187061
190532
190554
190743
190771
190811
190817
192578
192719
193275
193412
193644
194000
195329
198063
199234
199398
199761
200140
203090
203093
204962
205621
206227
206441
206927
207124
207334
207785
208468
209268
209640
210191
211472
212314
215408
215676
216237
218466
219527
219562
220383
220453
220455
222154
223002
223065
224636
227248
227606
227837
227879
229071
229837
230334
231713
232407
232635
232801
233100
235556
235796
237316
237425
238128
239999
240023
241312
241342
242031
242431
242848
242853
244685
244780
246137
246170
247737
247745
248012
248418
249669
250676
250810
251090
251551
251745
252758
252807
253409
253564
254472
255036
255366
256285
257070
257440
257612
258252
258628
259310
259312
260640
261283
261483
262566
263253
263640
263841
265878
265895
265956
266507
267293
267322
268030
268255
268372
269628
269827
270796
272257
272845
272910
272945
274483
275501
276019
279505
279679
280407
280552
280605
280723
280824
281853
281867
283203
283898
285110
285112
285393
285868
286144
287014
287118
287755
288167
288386
289078
289760
290837
291233
291345
292562
292939
293532
294212
294354
296064
296809
297440
297610
298237
298300
298697
299357
299388
299463
300105
300464
300706
300819
300823
300926
303775
304774
304840
311058
311850
314168
314197
315176
317652
317990
318645
319681
319737
323213
324668
326085
326540
326696
327277
327504
328259
328476
329079
329151
329230
330993
331424
331705
331710
334534
336925
338443
340654
340797
340876
341194
344793
345279
345502
346137
346508
346742
348512
348833
349699
350107
350190
351203
351204
351227
351452
352165
352545
353910
354008
354101
356037
357000
358941
361442
362364
362440
363408
364072
364992
368377
369334
369343
370129
373384
374145
375439
381158
381772
381774
381829
382594
383050
383144
384739
385888
386182
387951
388004
388485
389169
389436
389657
390050
390557
390576
393192
394055
394739
395543
395726
396191
396371
396747
398064
401788
401964
403167
403655
404587
410742
410987
412391
414632
416597
417375
417410
417560
418273
419108
419739
422753
422779
426790
426963
427372
427474
428146
429780
430793
431621
433473
434218
434601
434919
434978
435543
436221
436749
437186
437904
439302
439406
443465
443639
443701
444517
444815
446194
446840
448021
448199
449530
450375
450401
450404
450486
450544
452239
452289
452395
452785
452968
453332
453594
454592
455024
455203
455741
457009
457751
458457
458465
459035
459263
464714
465066
465760
466498
466744
468822
469278
470477
471765
471799
472132
472263
472312
472405
472449
473667
474245
474566
474650
475166
475835
476104
476106
476487
477805
483175
483766
483769
484475
484770
487226
488054
489034
489249
489607
492024
492027
493108
496330
496401
497331
498074
500461
501180
501201
502954
503239
503668
503905
504103
505278
505387
505497
506063
506351
510094
510269
510457
510611
512134
516042
517771
518514
518584
519775
519803
523119
523984
528653
528655
529372
529535
529536
531058
532202
532205
532788
533889
534552
535973
536081
536263
536796
537309
537850
538043
538785
540252
541253
543759
544488
546030
547187
549959
550543
552287
552474
552560
552660
552835
553127
553458
553550
553770
555447
558108
558541
558570
559803
562580
563752
567323
569088
569230
569699
570470
570481
570910
571195
571241
571476
573988
574715
575076
576712
578099
579049
579919
579951
580228
580743
581282
581518
581975
582115
583093
583536
586147
586272
587173
587291
587292
588087
588220
588733
588736
588866
590174
590322
591792
592767
595864
595997
597233
597541
598595
598834
599282
601198
601466
601923
602136
602586
603080
603088
605320
606729
607488
608650
608794
609440
612952
616892
617124
618514
618558
618564
619163
621691
622025
623012
623055
624533
624786
625853
626041
626883
627037
627204
628561
631099
631451
631718
632740
632991
633152
633349
634938
635048
635125
635292
636336
636749
636784
637046
637562
639793
640524
640820
641374
643701
644644
644887
645342
645365
645546
645548
646374
646925
648008
649921
650358
650439
650441
650785
651284
651287
653169
653391
654662
654735
655828
656327
657630
659273
660574
660658
661886
662313
662316
664425
665784
666104
666724
668248
669459
669917
669983
670920
671113
671795
673300
673735
677850
678031
678151
678841
679049
1002036
1101664
9000
1101665
346215
148502
250397
603999
121192
208821
267501
332213
381964
531348
622168
626999
919795
974833
331408
85058
318489
90042
297503
562
1005921
492232
697208
658180
26152
131151
319127
109515
451178
458876
523579
800006
822029
947894
1043669
1129166
1028041
149602
261267
323114
529135
37472
954
662965
302523
949803
715269
275908
686009
688448
688617
690559
694531
695266
695749
698824
704309
713012
714127
714493
721496
727071
730131
735559
751463
751464
752150
753992
758282
758668
758669
766040
766042
770761
771685
779967
780235
784270
795092
797505
801007
802703
805213
822508
824842
827343
828096
828544
830426
837045
838355
838716
843626
849067
849070
853481
857846
858545
860404
860755
863282
865821
867452
868713
870118
879644
880815
880853
880864
884471
885812
888214
888463
891948
895405
895660
895776
897524
899183
905275
909049
909705
909749
911357
922690
923266
926845
941135
949914
952505
963537
969825
969896
970839
970841
971631
971984
976619
979290
990496
999987
1014913
1016084
1016869
1017728
1017944
1018629
1021236
1021306
1030370
1033456
1034571
1035954
1038558
1038794
1038795
1040191
1042078
1043006
1045657
1046410
1047491
1047716
1049288
1049330
1050900
1056123
1060130
1060306
1060380
1061408
1063490
1064349
1064970
1065068
1068905
1069924
1073799
1074197
1077201
1077202
1078366
1080167
1080320
1082056
1083890
1084513
1086597
1089068
1091950
1092895
1093317
1093400
1093401
1094080
1094716
1095854
1097320
1098296
1099915
1100824
1103156
1105264
1106764
1108224
1109271
1109903
1111950
1113783
1118159
1121304
1127563
1129215
1132126
1132783
1133297
34022
610419
701068
718951
722019
732301
733705
734963
769345
788662
795685
796839
819836
820681
826528
826804
828037
836711
852480
862793
874504
883632
898257
901489
906796
915682
921656
935922
943993
955976
964965
982019
999745
1017133
1034013
1051744
1053241
1056377
1058208
1066760
1067203
1106019
1110512
1117636
1123135
1129056
1134627
137485
734966
822316
853511
882218
898779
957384
976908
989693
992700
996723
1012560
1015645
1015917
1023965
1038017
1041038
1049003
1050141
1050984
1051277
1059403
1059722
1060287
1062536
1078284
1082192
1096286
1097951
1100231
1105575
1107258
1107684
1110156
1110214
1111435
1115734
1121657
1122361
1123299
1124594
1126656
1128425
1132423
1134812
187334
333138
1072791
10673
18272
91607
123583
174260
206177
218159
219470
381069
439318
533841
713951
714507
93416
152254
163627
268632
286093
302695
323222
340122
368956
424033
594719
669658
813833
914219
964862
993276
37912
259177
267125
270871
276967
434632
472331
499828
629596
705593
889268
571581
21481
580087
63013
658701
505236
419142
492788
773674
353883
581853
277487
950479
359260
965867
662017
897474
9487
605680
246259
383747
104389
608715
767792
987590
148094
1026922
594754
699982
9471
541220
661076
271574
130950
4464
64895
102923
128644
164711
187051
218892
221440
393521
487019
498741
516099
728457
774113
794305
801547
807831
898192
919919
936218
946062
1049786
906574
242204
625257
766996
71690
47624
300719
590102
228748
543045
444630
768649
872681
705746
4864
299440
437320
96077
18842
675495
336395
830168
61591
22386
266382
614909
614963
895630
72124
286821
617319
48409
1015931
655163
359652
95643
289159
160586
482041
447167
87171
191936
634795
844237
175146
718899
905660
89474
246589
816469
329334
725514
925029
210673
401555
879574
200042
452806
496315
155794
986454
151538
71817
104424
806344
683625
54969
18694
186949
347021
527026
201574
227412
236634
245752
246444
455896
777947
931156
1004420
538072
927433
249041
245820
259937
123709
174458
505416
361368
271910
162132
630578
853147
25936
546422
345238
347353
673190
1091227
484753
528471
733473
558377
577776
93925
244883
577712
139122
651336
198011
341880
558476
975533
135836
95650
141941
301203
671056
299639
70305
195142
245767
885086
992306
132744
434285
498259
700663
930681
1006785
277582
554246
19972
66779
120058
131478
141632
146595
188346
201758
220706
223000
229912
232682
237725
241733
246390
261288
263381
282046
317926
351106
353402
386836
431076
510984
566669
571620
618755
628893
646677
785894
806367
807812
993070
27505
638481
475210
730098
331882
453507
118013
750321
702753
253963
1026303
906931
267166
351178
980869
643992
445571
677561
530270
159965
100958
293114
940460
72414
45897
174866
210297
275253
451136
478927
499453
505434
651704
888223
1008801
93208
389699
493546
824
239191
578697
795825
625143
777080
1030089
1127151
32625
68334
146474
184832
217589
462417
472510
583996
666019
671247
710403
711355
948020
960705
486029
1066394
97583
336693
570993
368662
456892
195271
69585
23485
66335
163915
544543
752086
238240
81459
351743
140769
3790
36216
235054
245847
246738
252025
270097
332377
351694
471449
479101
553991
663534
697762
878827
886122
888275
908123
953697
997642
1061922
1064586
587017
819568
455331
863470
901449
956426
121728
821713
18095
64393
73133
83131
96333
96418
103706
107406
140235
179607
214970
268825
300516
333877
417077
418110
433404
470278
543733
560861
600978
626340
663320
700388
708709
851571
866757
906288
934206
1022391
1034068
1058167
1096956
1121455
62261
888888
7485
869522
71096
595193
50674
211989
86791
272878
387407
84548
148604
250366
938182
579398
579525
59198
262472
437313
23340
239448
71270
968579
67299
19108
584805
435301
959536
733433
141404
175073
71230
75120
536512
199013
226259
348661
389594
210865
64859
296358
205811
368722
268631
566219
444634
968189
321161
810640
420411
175338
622347
326282
197560
362133
445704
565402
612599
140545
289536
298642
534840
967511
516639
164085
780972
121431
800962
309025
505630
925210
553861
191709
417697
32517
38418
77499
200138
437311
614999
686256
867754
961078
237318
563765
367815
537564
352102
221024
266267
576323
222890
655320
47262
93022
275809
288549
434275
498320
544856
568896
678159
681748
684102
759318
1010976
1119695
13863
286175
968829
1075779
265356
24415
641154
575630
200880
7405
11330
13708
19446
22558
30634
41841
49689
50379
51032
59204
61683
71932
75804
76811
85147
86271
86661
90961
94166
95887
99643
105734
114901
120454
121181
133033
135384
135753
136847
156307
156756
157508
163996
172974
178029
197420
215100
221113
231411
233220
240270
241157
254274
263188
266083
269325
298895
332280
344570
345776
347955
363982
385738
393090
395595
404063
437218
438023
456010
472294
494571
500951
524120
534217
536591
567315
581759
589582
595230
612026
614699
622908
629191
640053
642239
655500
660571
667557
675788
681152
684252
693602
694441
699128
732594
770990
787298
788995
808563
858039
881523
892103
926581
950596
973653
981958
988415
1003052
1007606
1015972
1061789
1088247
1098952
1110841
1116114
275350
93503
159176
109032
225377
701742
123201
906685
292979
191963
390610
558551
370340
577715
701651
74449
188424
37133
86645
1046283
11477
79330
524387
624046
524780
204700
773734
8532
219959
327048
573405
764032
83947
102170
160682
266434
571548
638435
711692
713036
723189
840959
801461
164244
202364
526109
573758
361711
630478
247819
258649
402888
416558
449753
452389
476434
595117
605947
660923
699176
776241
843117
883350
4110
46009
97296
187005
221026
258560
930155
902486
678364
319887
261765
22512
148802
157506
309753
414088
775709
876968
994276
1029574
218641
237733
280670
346027
559082
685698
847431
128158
418335
136634
788452
401488
443503
491844
287798
470428
3604
937659
510222
478276
79426
880194
120080
101647
359958
578323
110702
26244
103035
1516
913374
477417
245136
1113909
100618
100630
21831
97143
136717
70484
936438
25580
68835
671187
576051
546236
153869
163588
234207
98152
819398
287401
342479
86046
29621
8142
63676
117657
121363
353775
573561
744244
848858
1067261
613548
331896
367915
896785
457117
536003
121265
64041
112591
893638
3442
335825
548494
114644
624440
13070
702173
71436
249780
253504
367644
68541
248117
53376
158366
264414
613340
692155
361377
677505
79329
503572
870025
159386
140504
277798
335228
271462
468530
223101
904141
922393
662964
1347
48144
210954
975618
84462
1046256
290866
310384
47175
837549
948
217030
733196
219108
205637
65571
263610
633301
819399
699981
883612
1046273
743334
530184
573785
578735
77539
45811
63727
84417
101367
118419
129576
130838
132873
151712
162353
242034
247196
290165
291429
347675
351180
368160
478116
528829
553059
565404
621792
624467
766769
845695
1005573
1009162
1034488
1060227
1071329
1089277
629737
630073
583236
148505
529782
237883
76057
140470
149028
187525
819402
717669
1046282
638418
268630
482724
766206
10750
69867
149327
319894
474931
518256
568728
825409
834660
893381
162
244679
292347
327255
458231
493506
533703
547800
616502
646676
855839
857288
884651
934991
935439
83232
252209
77151
352659
117736
1074131
54255
78758
156181
69514
7088
18066
19663
20334
32072
40146
42765
55366
71471
75393
77570
87384
110734
123680
134695
135685
147889
153783
154983
159659
171776
188079
193373
198121
229376
235482
238281
242335
248784
251321
253637
260419
271886
286971
287632
305313
335750
341018
346691
397153
411552
422205
444628
470144
483508
496534
505492
521947
522084
529676
543346
563199
571079
585361
692511
693227
694237
725905
733088
735432
807590
821436
851843
867625
877105
888582
938248
946463
950779
952488
965869
980009
1036602
1036738
1053987
1100371
1121476
25278
636232
681510
688489
780138
130953
75873
796212
576054
252804
961299
534518
622349
465321
13660
975531
160996
219748
294799
80534
243575
408276
548437
633020
704561
751693
824506
136320
447235
788453
488869
580255
616747
914207
352247
70320
29302
510239
478005
345168
54892
66331
334970
133884
101961
418414
419962
925030
175030
72184
256192
292728
313589
731665
878007
743260
1545
102690
96682
817622
521559
242104
768396
540351
197592
159271
261376
589053
8267
253686
565239
589015
790444
128605
218920
381994
148504
545920
71646
147460
75068
220632
349256
370093
678090
122266
136981
163850
383491
403075
563759
615914
692154
869389
1061239
136754
919101
1026024
59747
1058756
772173
321164
587341
251374
935
521184
470414
588082
259409
262510
630966
644981
869807
923451
1083704
549335
704968
197992
186062
73588
293308
818179
103934
579943
469818
326808
358795
644509
812513
319538
499206
502719
583003
946778
47227
87537
944675
948596
570664
289446
618134
642796
774867
858408
22812
633050
1112188
292934
78435
137144
75336
601299
860324
556490
131595
845166
1017449
186057
304172
808192
185071
13860
21066
44281
97426
140542
142039
146924
155717
189272
199821
201121
212647
238766
244428
254421
262357
276046
297308
351497
382153
500983
505554
523827
544997
551864
561644
578727
657660
704349
732032
807991
826771
888901
905591
997940
1040223
10725
27859
32529
100318
127558
135635
140534
141299
146315
162177
229322
229978
242558
268125
270823
303348
448053
469012
555722
562397
583436
598279
615835
644727
677815
697669
783289
809484
993450
1019197
1028895
104883
148013
253532
19938
18432
592991
814218
874684
264045
392345
120475
272292
155635
589852
589853
801178
318591
1020458
87253
171470
237187
449077
777092
913538
789789
488364
69341
78336
552251
615426
998474
454727
115715
860344
733752
927365
533745
136579
420001
925734
226373
609481
281268
742634
743655
301808
91260
265195
484273
622403
273468
816813
1029559
231739
588334
613219
490044
536522
449331
154131
1065905
539436
151679
582959
277498
418233
470522
520217
86997
94361
754667
986405
659643
150836
326918
88351
485138
146772
1033216
1079037
131466
223431
561626
707263
1089768
7131
71217
883505
288654
298910
349527
533460
9318
147684
149183
163930
263281
566875
899460
937525
944023
974631
315450
152295
198991
229788
929919
477931
588829
767330
819052
84183
730790
763053
207398
198170
95962
321825
531232
600255
362539
668261
511940
146990
101723
180702
180925
256402
346850
500101
322852
591024
300527
282488
640475
1053614
355535
259413
104806
896825
17790
94025
147079
153770
186958
268376
543673
595619
627537
671040
768742
816269
897398
31523
105729
123435
640224
927967
174228
479630
336452
699724
582471
622221
474409
975951
934857
776190
61718
95282
221090
447011
714911
829879
814402
122922
252685
457737
506987
688655
723148
1132600
343121
96271
1015627
449306
279706
75197
222084
294275
18681
410689
470985
533753
91459
8448
839495
826446
71028
688889
688891
467024
45728
232398
679459
796327
900002
310644
680176
288417
750533
220428
1020017
22032
707467
87507
26319
138604
257209
349577
152033
199683
40048
84425
156161
237464
109004
228513
880595
8739
157214
523871
303556
1086741
148474
103637
109853
120953
424185
547446
977970
467029
64735
1113800
914923
614135
1066098
96667
207385
625511
587846
497315
120373
953660
880006
446276
607112
682102
453468
307098
359930
19354
265367
75099
617654
338991
964151
592481
434917
446748
656970
772124
31521
2536
3655
5327
5539
6735
8558
8691
9212
14072
18367
21845
22084
23724
23989
24140
25575
27135
31092
32512
37584
40946
41852
42497
42783
45668
47127
51221
61064
63850
70720
71531
73389
76693
76891
78781
78835
79008
80928
81082
84745
86048
86349
89854
91404
93679
94044
96020
96932
97238
99658
99868
99972
101159
102194
102624
104021
105247
106479
106599
108664
109299
110728
112337
113693
115519
115779
117435
120022
120631
123415
126996
128369
133226
133773
134042
136474
136562
140613
143455
144976
144982
146925
147000
147984
150217
152449
153069
153297
157971
158446
159487
159606
159742
163269
163356
166762
172377
179746
186126
193123
193160
193713
196964
198977
201838
203178
204491
205802
212468
220100
227325
229753
230112
230202
231198
237392
239005
239048
244501
244979
246320
246554
246659
259679
260241
260777
261184
262285
264099
265598
271435
273864
276416
278528
285446
292498
292612
292938
296573
310523
311416
313041
313548
314326
317119
319095
319318
322523
325753
331793
336757
338532
340538
344147
349270
349347
354055
369086
384572
406245
412275
414213
424900
434655
435205
435316
439276
447506
457197
462122
463503
470211
473471
475925
477676
477969
481692
488427
489434
490659
491456
492362
496491
496509
497821
500045
500464
511119
511873
517097
521077
521226
521521
521711
524016
536165
537313
542984
544546
564009
573158
573581
577895
578182
578380
583100
585212
588502
595702
597636
603095
604896
607471
611626
617627
621238
623333
627536
628116
630972
631620
650891
655174
657994
662660
664170
676984
679549
681337
682163
683081
685602
718494
722472
725948
735995
744778
749630
768344
779791
780094
793360
802702
808808
816719
822724
824595
836316
837776
844479
850958
853846
857891
862407
862592
864786
873702
884532
897284
905356
907843
911989
914151
927673
929072
964674
974975
974989
975440
976246
976934
977149
984496
988080
996537
1015712
1023529
1031031
1035708
1036475
1082344
1089272
1099805
1106932
1112182
1128120
956
1868
2326
3051
3307
3723
3899
4414
4681
6631
7651
8014
8605
8856
9706
9810
10252
10615
12141
12500
12532
12968
12999
16601
16877
16932
17062
17361
17371
18577
19867
20007
20021
20357
20571
22329
23031
23200
23661
23809
23873
23898
24003
24305
25022
25825
26045
26325
26678
26893
26967
27307
27466
27771
27796
27968
28027
28472
28568
28650
28702
28837
29306
29503
29739
29792
29828
29933
30752
30823
31000
31124
31262
31817
32138
32621
32997
33139
33410
33511
33761
33762
33986
34009
35606
36474
36800
37579
37820
37857
37908
38165
38257
38326
38345
38651
38746
38966
38977
39406
39860
40109
40388
41248
41529
41793
42232
42275
42789
43022
43153
43225
44250
44334
44951
45570
45624
45994
46915
50105
51140
51268
51328
51460
51772
51942
52192
52585
52610
53295
53731
54542
54649
54667
54740
58051
58383
58723
58743
58989
59178
59403
59675
59886
60165
61564
61664
62757
63993
65369
65610
66787
66985
67936
68130
68906
68987
69647
69797
70033
70113
70116
73244
